customer_id,churned,churn_date,churn_reason
C10001,1,2025-10-01,No Longer Needed
C10002,0,,
C10003,1,2026-08-07,Price Too High
C10004,0,,
C10005,0,,
C10006,1,2026-03-30,Poor Service
C10007,0,,
C10008,0,,
C10009,0,,
C10010,1,2026-06-27,Poor Service
C10011,1,2025-10-22,Low Usage
C10012,0,,
C10013,0,,
C10014,1,2025-11-04,Poor Service
C10015,0,,
C10016,0,,
C10017,1,2026-03-28,Other
C10018,0,,
C10019,0,,
C10020,1,2025-10-09,Price Too High
C10021,0,,
C10022,1,2025-05-24,Low Usage
C10023,1,2025-08-24,Low Usage
C10024,0,,
C10025,0,,
C10026,0,,
C10027,0,,
C10028,0,,
C10029,1,2025-07-08,Low Usage
C10030,0,,
C10031,1,2025-12-15,No Longer Needed
C10032,0,,
C10033,1,2025-08-17,Price Too High
C10034,0,,
C10035,1,2025-04-13,Customer Support
C10036,0,,
C10037,0,,
C10038,0,,
C10039,0,,
C10040,0,,
C10041,0,,
C10042,1,2026-09-07,Customer Support
C10043,0,,
C10044,0,,
C10045,0,,
C10046,1,2024-12-05,Technical Issues
C10047,1,2026-08-10,No Longer Needed
C10048,0,,
C10049,0,,
C10050,1,2026-09-02,Technical Issues
C10051,1,2026-02-04,Customer Support
C10052,1,2026-08-17,No Longer Needed
C10053,0,,
C10054,0,,
C10055,0,,
C10056,0,,
C10057,1,2026-05-23,Poor Service
C10058,0,,
C10059,1,2026-08-21,Competitor
C10060,0,,
C10061,0,,
C10062,1,2026-03-15,Price Too High
C10063,0,,
C10064,0,,
C10065,0,,
C10066,0,,
C10067,0,,
C10068,0,,
C10069,0,,
C10070,0,,
C10071,0,,
C10072,1,2026-03-31,Customer Support
C10073,0,,
C10074,0,,
C10075,0,,
C10076,0,,
C10077,1,2026-06-03,No Longer Needed
C10078,0,,
C10079,1,2026-07-22,Competitor
C10080,1,2025-05-22,Competitor
C10081,1,2026-08-03,Low Usage
C10082,0,,
C10083,0,,
C10084,1,2026-03-13,Technical Issues
C10085,0,,
C10086,0,,
C10087,0,,
C10088,0,,
C10089,0,,
C10090,0,,
C10091,0,,
C10092,0,,
C10093,0,,
C10094,0,,
C10095,0,,
C10096,0,,
C10097,0,,
C10098,0,,
C10099,0,,
C10100,0,,
C10101,0,,
C10102,0,,
C10103,0,,
C10104,0,,
C10105,0,,
C10106,1,2026-05-12,Technical Issues
C10107,0,,
C10108,1,2026-01-03,Price Too High
C10109,1,2026-08-27,Customer Support
C10110,0,,
C10111,0,,
C10112,0,,
C10113,0,,
C10114,0,,
C10115,1,2025-06-26,Other
C10116,1,2025-03-21,Other
C10117,1,2025-04-18,Poor Service
C10118,0,,
C10119,0,,
C10120,1,2025-02-18,Customer Support
C10121,0,,
C10122,0,,
C10123,0,,
C10124,0,,
C10125,0,,
C10126,0,,
C10127,1,2026-02-12,Price Too High
C10128,0,,
C10129,0,,
C10130,0,,
C10131,0,,
C10132,0,,
C10133,1,2026-04-09,Technical Issues
C10134,0,,
C10135,0,,
C10136,1,2026-05-24,No Longer Needed
C10137,1,2026-03-28,Low Usage
C10138,0,,
C10139,0,,
C10140,0,,
C10141,0,,
C10142,0,,
C10143,0,,
C10144,1,2026-03-16,Price Too High
C10145,0,,
C10146,0,,
C10147,0,,
C10148,1,2025-07-24,Poor Service
C10149,0,,
C10150,0,,
C10151,0,,
C10152,1,2026-01-07,Poor Service
C10153,0,,
C10154,1,2024-06-03,Technical Issues
C10155,0,,
C10156,0,,
C10157,0,,
C10158,0,,
C10159,0,,
C10160,0,,
C10161,0,,
C10162,0,,
C10163,0,,
C10164,0,,
C10165,0,,
C10166,0,,
C10167,0,,
C10168,0,,
C10169,0,,
C10170,0,,
C10171,1,2026-05-21,Poor Service
C10172,0,,
C10173,0,,
C10174,0,,
C10175,0,,
C10176,0,,
C10177,0,,
C10178,1,2026-05-31,Poor Service
C10179,0,,
C10180,0,,
C10181,0,,
C10182,0,,
C10183,0,,
C10184,0,,
C10185,0,,
C10186,0,,
C10187,0,,
C10188,1,2026-09-08,Low Usage
C10189,0,,
C10190,1,2025-05-09,Customer Support
C10191,1,2026-01-30,Poor Service
C10192,1,2024-11-07,Technical Issues
C10193,1,2026-07-06,Competitor
C10194,1,2025-12-31,Poor Service
C10195,0,,
C10196,1,2025-12-20,Poor Service
C10197,0,,
C10198,0,,
C10199,1,2024-07-31,No Longer Needed
C10200,0,,
C10201,1,2026-07-13,No Longer Needed
C10202,0,,
C10203,0,,
C10204,0,,
C10205,1,2026-07-23,Poor Service
C10206,0,,
C10207,0,,
C10208,1,2026-08-27,Poor Service
C10209,0,,
C10210,0,,
C10211,0,,
C10212,1,2026-02-13,Other
C10213,0,,
C10214,0,,
C10215,0,,
C10216,0,,
C10217,0,,
C10218,0,,
C10219,1,2026-06-30,Other
C10220,0,,
C10221,0,,
C10222,0,,
C10223,0,,
C10224,1,2026-07-29,No Longer Needed
C10225,1,2024-11-28,Poor Service
C10226,0,,
C10227,1,2026-07-08,No Longer Needed
C10228,0,,
C10229,0,,
C10230,1,2025-10-17,Customer Support
C10231,0,,
C10232,1,2024-10-08,Other
C10233,0,,
C10234,1,2026-05-20,Customer Support
C10235,0,,
C10236,1,2026-08-17,Poor Service
C10237,0,,
C10238,0,,
C10239,0,,
C10240,0,,
C10241,0,,
C10242,0,,
C10243,0,,
C10244,0,,
C10245,0,,
C10246,1,2025-11-11,No Longer Needed
C10247,0,,
C10248,1,2026-08-04,Poor Service
C10249,0,,
C10250,0,,
C10251,0,,
C10252,0,,
C10253,0,,
C10254,0,,
C10255,0,,
C10256,0,,
C10257,1,2025-12-27,Price Too High
C10258,0,,
C10259,0,,
C10260,0,,
C10261,0,,
C10262,0,,
C10263,0,,
C10264,0,,
C10265,0,,
C10266,0,,
C10267,0,,
C10268,0,,
C10269,0,,
C10270,1,2026-04-24,Poor Service
C10271,1,2025-10-16,Other
C10272,0,,
C10273,1,2024-09-04,Competitor
C10274,0,,
C10275,0,,
C10276,0,,
C10277,0,,
C10278,0,,
C10279,0,,
C10280,0,,
C10281,1,2026-09-16,Low Usage
C10282,1,2024-10-21,Price Too High
C10283,0,,
C10284,0,,
C10285,0,,
C10286,1,2026-03-27,Customer Support
C10287,1,2026-01-09,Poor Service
C10288,0,,
C10289,0,,
C10290,0,,
C10291,0,,
C10292,0,,
C10293,0,,
C10294,0,,
C10295,0,,
C10296,0,,
C10297,1,2025-03-01,Customer Support
C10298,0,,
C10299,0,,
C10300,1,2025-06-22,Poor Service
C10301,0,,
C10302,0,,
C10303,0,,
C10304,0,,
C10305,0,,
C10306,0,,
C10307,0,,
C10308,1,2025-09-24,Other
C10309,0,,
C10310,0,,
C10311,1,2025-10-28,Other
C10312,1,2025-10-15,Price Too High
C10313,0,,
C10314,0,,
C10315,1,2026-04-01,Price Too High
C10316,0,,
C10317,1,2026-06-30,Other
C10318,0,,
C10319,0,,
C10320,1,2026-08-02,Price Too High
C10321,0,,
C10322,1,2025-04-21,Competitor
C10323,0,,
C10324,1,2026-06-15,Other
C10325,0,,
C10326,1,2026-04-19,Price Too High
C10327,1,2025-07-08,Low Usage
C10328,0,,
C10329,1,2026-08-01,Other
C10330,1,2026-06-23,Poor Service
C10331,0,,
C10332,0,,
C10333,0,,
C10334,0,,
C10335,0,,
C10336,1,2026-07-27,Customer Support
C10337,1,2025-08-29,Technical Issues
C10338,1,2026-06-23,No Longer Needed
C10339,0,,
C10340,0,,
C10341,0,,
C10342,0,,
C10343,0,,
C10344,0,,
C10345,0,,
C10346,1,2026-08-08,Customer Support
C10347,1,2025-11-28,Price Too High
C10348,1,2026-07-08,Customer Support
C10349,0,,
C10350,1,2026-07-23,Low Usage
C10351,0,,
C10352,0,,
C10353,0,,
C10354,1,2026-06-27,No Longer Needed
C10355,0,,
C10356,0,,
C10357,1,2026-01-13,Other
C10358,0,,
C10359,0,,
C10360,0,,
C10361,0,,
C10362,0,,
C10363,0,,
C10364,0,,
C10365,0,,
C10366,1,2026-07-01,Customer Support
C10367,0,,
C10368,1,2025-11-08,Other
C10369,1,2026-05-11,Other
C10370,1,2025-07-06,Technical Issues
C10371,1,2025-11-03,Other
C10372,0,,
C10373,0,,
C10374,1,2026-07-31,Customer Support
C10375,0,,
C10376,0,,
C10377,0,,
C10378,0,,
C10379,0,,
C10380,0,,
C10381,0,,
C10382,0,,
C10383,0,,
C10384,0,,
C10385,0,,
C10386,0,,
C10387,0,,
C10388,0,,
C10389,0,,
C10390,1,2025-08-24,No Longer Needed
C10391,0,,
C10392,1,2025-11-12,Price Too High
C10393,1,2024-09-08,Other
C10394,1,2024-11-25,Technical Issues
C10395,0,,
C10396,0,,
C10397,1,2026-08-29,Low Usage
C10398,0,,
C10399,0,,
C10400,0,,
C10401,0,,
C10402,0,,
C10403,0,,
C10404,0,,
C10405,0,,
C10406,0,,
C10407,0,,
C10408,1,2026-01-10,Customer Support
C10409,1,2026-07-26,Technical Issues
C10410,0,,
C10411,1,2024-10-02,Poor Service
C10412,0,,
C10413,1,2026-08-29,Competitor
C10414,0,,
C10415,0,,
C10416,0,,
C10417,0,,
C10418,0,,
C10419,0,,
C10420,1,2025-02-28,Poor Service
C10421,0,,
C10422,1,2026-08-13,Low Usage
C10423,0,,
C10424,0,,
C10425,0,,
C10426,1,2026-04-26,Technical Issues
C10427,0,,
C10428,0,,
C10429,0,,
C10430,0,,
C10431,1,2026-06-27,Price Too High
C10432,0,,
C10433,0,,
C10434,0,,
C10435,0,,
C10436,0,,
C10437,0,,
C10438,1,2026-08-27,Competitor
C10439,0,,
C10440,0,,
C10441,0,,
C10442,0,,
C10443,0,,
C10444,0,,
C10445,0,,
C10446,0,,
C10447,0,,
C10448,0,,
C10449,0,,
C10450,0,,
C10451,0,,
C10452,0,,
C10453,0,,
C10454,0,,
C10455,0,,
C10456,0,,
C10457,0,,
C10458,0,,
C10459,0,,
C10460,0,,
C10461,1,2026-07-19,Technical Issues
C10462,0,,
C10463,0,,
C10464,0,,
C10465,0,,
C10466,0,,
C10467,1,2026-05-02,Competitor
C10468,0,,
C10469,0,,
C10470,1,2024-06-30,No Longer Needed
C10471,0,,
C10472,1,2026-07-31,No Longer Needed
C10473,1,2026-04-05,Customer Support
C10474,0,,
C10475,0,,
C10476,0,,
C10477,0,,
C10478,1,2026-01-03,Technical Issues
C10479,0,,
C10480,0,,
C10481,0,,
C10482,0,,
C10483,0,,
C10484,0,,
C10485,1,2026-04-22,No Longer Needed
C10486,0,,
C10487,0,,
C10488,1,2025-06-17,Technical Issues
C10489,1,2026-05-28,Low Usage
C10490,0,,
C10491,1,2026-07-15,Technical Issues
C10492,0,,
C10493,0,,
C10494,0,,
C10495,0,,
C10496,0,,
C10497,0,,
C10498,1,2025-11-21,Other
C10499,0,,
C10500,0,,
C10501,0,,
C10502,0,,
C10503,0,,
C10504,1,2026-08-17,Poor Service
C10505,1,2026-01-09,Low Usage
C10506,1,2026-04-11,No Longer Needed
C10507,0,,
C10508,0,,
C10509,1,2026-09-08,Low Usage
C10510,1,2025-05-16,Customer Support
C10511,0,,
C10512,1,2026-08-13,Technical Issues
C10513,0,,
C10514,1,2026-03-26,Poor Service
C10515,1,2026-07-06,Poor Service
C10516,0,,
C10517,0,,
C10518,0,,
C10519,1,2025-10-03,Poor Service
C10520,0,,
C10521,0,,
C10522,0,,
C10523,0,,
C10524,0,,
C10525,1,2026-02-18,Competitor
C10526,0,,
C10527,1,2026-06-09,Poor Service
C10528,1,2025-12-20,Customer Support
C10529,0,,
C10530,0,,
C10531,0,,
C10532,0,,
C10533,1,2026-03-24,Competitor
C10534,0,,
C10535,0,,
C10536,0,,
C10537,0,,
C10538,0,,
C10539,0,,
C10540,1,2026-07-24,Price Too High
C10541,0,,
C10542,0,,
C10543,0,,
C10544,0,,
C10545,0,,
C10546,0,,
C10547,0,,
C10548,0,,
C10549,0,,
C10550,0,,
C10551,0,,
C10552,0,,
C10553,0,,
C10554,0,,
C10555,0,,
C10556,0,,
C10557,1,2025-12-30,Other
C10558,0,,
C10559,0,,
C10560,1,2026-07-15,Competitor
C10561,0,,
C10562,1,2026-07-27,Poor Service
C10563,0,,
C10564,0,,
C10565,1,2026-04-28,Poor Service
C10566,0,,
C10567,1,2026-04-30,Customer Support
C10568,0,,
C10569,0,,
C10570,0,,
C10571,0,,
C10572,0,,
C10573,0,,
C10574,1,2026-04-23,Customer Support
C10575,1,2026-06-23,No Longer Needed
C10576,0,,
C10577,0,,
C10578,0,,
C10579,1,2026-08-19,Poor Service
C10580,0,,
C10581,0,,
C10582,1,2025-11-04,Customer Support
C10583,0,,
C10584,1,2024-09-03,Other
C10585,0,,
C10586,1,2026-04-29,Low Usage
C10587,0,,
C10588,0,,
C10589,0,,
C10590,1,2026-06-05,Customer Support
C10591,0,,
C10592,0,,
C10593,1,2024-12-26,Price Too High
C10594,0,,
C10595,0,,
C10596,0,,
C10597,0,,
C10598,0,,
C10599,0,,
C10600,1,2024-11-06,Poor Service
C10601,1,2026-06-13,Customer Support
C10602,0,,
C10603,0,,
C10604,0,,
C10605,0,,
C10606,0,,
C10607,0,,
C10608,1,2026-05-29,Competitor
C10609,0,,
C10610,0,,
C10611,1,2026-07-16,Other
C10612,0,,
C10613,0,,
C10614,1,2025-11-06,Technical Issues
C10615,0,,
C10616,0,,
C10617,1,2026-01-18,Customer Support
C10618,0,,
C10619,0,,
C10620,0,,
C10621,1,2026-07-05,Price Too High
C10622,0,,
C10623,1,2026-07-12,No Longer Needed
C10624,1,2026-08-10,Poor Service
C10625,1,2026-05-30,No Longer Needed
C10626,0,,
C10627,0,,
C10628,0,,
C10629,0,,
C10630,0,,
C10631,1,2026-07-14,Customer Support
C10632,0,,
C10633,0,,
C10634,0,,
C10635,0,,
C10636,0,,
C10637,1,2025-02-16,Poor Service
C10638,0,,
C10639,1,2025-11-14,Poor Service
C10640,1,2025-12-16,No Longer Needed
C10641,0,,
C10642,0,,
C10643,0,,
C10644,1,2026-05-13,Technical Issues
C10645,0,,
C10646,0,,
C10647,1,2026-08-02,Price Too High
C10648,0,,
C10649,0,,
C10650,0,,
C10651,0,,
C10652,0,,
C10653,0,,
C10654,1,2025-04-09,Low Usage
C10655,0,,
C10656,0,,
C10657,0,,
C10658,0,,
C10659,0,,
C10660,0,,
C10661,0,,
C10662,0,,
C10663,0,,
C10664,0,,
C10665,0,,
C10666,1,2025-07-03,No Longer Needed
C10667,0,,
C10668,0,,
C10669,0,,
C10670,0,,
C10671,0,,
C10672,0,,
C10673,0,,
C10674,1,2026-07-31,Technical Issues
C10675,0,,
C10676,1,2025-09-03,No Longer Needed
C10677,0,,
C10678,0,,
C10679,0,,
C10680,0,,
C10681,0,,
C10682,0,,
C10683,1,2025-05-14,Poor Service
C10684,0,,
C10685,0,,
C10686,0,,
C10687,1,2026-02-27,Other
C10688,0,,
C10689,0,,
C10690,1,2026-07-13,Price Too High
C10691,0,,
C10692,0,,
C10693,1,2025-12-27,Competitor
C10694,1,2026-09-03,Poor Service
C10695,0,,
C10696,0,,
C10697,0,,
C10698,0,,
C10699,0,,
C10700,0,,
C10701,0,,
C10702,0,,
C10703,0,,
C10704,0,,
C10705,0,,
C10706,0,,
C10707,0,,
C10708,1,2026-08-22,Low Usage
C10709,1,2025-07-03,Poor Service
C10710,0,,
C10711,1,2026-08-14,No Longer Needed
C10712,0,,
C10713,0,,
C10714,0,,
C10715,0,,
C10716,0,,
C10717,0,,
C10718,0,,
C10719,0,,
C10720,0,,
C10721,0,,
C10722,0,,
C10723,1,2026-07-10,Customer Support
C10724,0,,
C10725,0,,
C10726,1,2026-07-11,Poor Service
C10727,0,,
C10728,0,,
C10729,0,,
C10730,0,,
C10731,0,,
C10732,0,,
C10733,0,,
C10734,1,2026-02-23,Customer Support
C10735,0,,
C10736,0,,
C10737,0,,
C10738,0,,
C10739,0,,
C10740,0,,
C10741,0,,
C10742,0,,
C10743,1,2026-05-19,Competitor
C10744,0,,
C10745,0,,
C10746,0,,
C10747,0,,
C10748,0,,
C10749,0,,
C10750,0,,
C10751,0,,
C10752,1,2026-08-15,Customer Support
C10753,0,,
C10754,0,,
C10755,1,2026-05-17,No Longer Needed
C10756,0,,
C10757,0,,
C10758,1,2025-09-22,Other
C10759,0,,
C10760,0,,
C10761,0,,
C10762,0,,
C10763,0,,
C10764,0,,
C10765,1,2024-06-18,Other
C10766,0,,
C10767,0,,
C10768,0,,
C10769,0,,
C10770,0,,
C10771,0,,
C10772,1,2024-09-14,Poor Service
C10773,1,2026-04-09,No Longer Needed
C10774,0,,
C10775,1,2025-11-21,Price Too High
C10776,1,2024-06-27,Other
C10777,0,,
C10778,0,,
C10779,1,2026-02-02,Technical Issues
C10780,0,,
C10781,0,,
C10782,0,,
C10783,0,,
C10784,0,,
C10785,0,,
C10786,1,2026-09-08,Technical Issues
C10787,1,2026-06-28,Low Usage
C10788,0,,
C10789,1,2026-06-27,Other
C10790,0,,
C10791,0,,
C10792,0,,
C10793,1,2025-08-17,Other
C10794,0,,
C10795,0,,
C10796,0,,
C10797,0,,
C10798,0,,
C10799,1,2026-08-03,No Longer Needed
C10800,1,2024-01-13,Other
C10801,0,,
C10802,0,,
C10803,0,,
C10804,0,,
C10805,1,2025-12-22,Customer Support
C10806,1,2026-07-11,Low Usage
C10807,0,,
C10808,0,,
C10809,0,,
C10810,0,,
C10811,0,,
C10812,0,,
C10813,0,,
C10814,0,,
C10815,0,,
C10816,1,2026-04-09,Customer Support
C10817,0,,
C10818,0,,
C10819,0,,
C10820,0,,
C10821,1,2026-03-18,Other
C10822,0,,
C10823,0,,
C10824,0,,
C10825,0,,
C10826,1,2026-08-02,Low Usage
C10827,0,,
C10828,0,,
C10829,0,,
C10830,0,,
C10831,0,,
C10832,0,,
C10833,0,,
C10834,0,,
C10835,0,,
C10836,0,,
C10837,0,,
C10838,0,,
C10839,1,2025-12-15,Other
C10840,1,2025-12-26,Poor Service
C10841,0,,
C10842,0,,
C10843,0,,
C10844,1,2024-10-01,Other
C10845,0,,
C10846,0,,
C10847,0,,
C10848,0,,
C10849,0,,
C10850,0,,
C10851,0,,
C10852,0,,
C10853,0,,
C10854,0,,
C10855,0,,
C10856,0,,
C10857,0,,
C10858,0,,
C10859,1,2026-07-31,Customer Support
C10860,0,,
C10861,0,,
C10862,0,,
C10863,0,,
C10864,0,,
C10865,1,2026-08-01,Low Usage
C10866,0,,
C10867,0,,
C10868,0,,
C10869,0,,
C10870,0,,
C10871,1,2026-03-09,Technical Issues
C10872,0,,
C10873,0,,
C10874,0,,
C10875,0,,
C10876,0,,
C10877,0,,
C10878,0,,
C10879,0,,
C10880,0,,
C10881,0,,
C10882,0,,
C10883,0,,
C10884,0,,
C10885,1,2026-03-22,Other
C10886,1,2026-07-29,Low Usage
C10887,0,,
C10888,0,,
C10889,0,,
C10890,0,,
C10891,0,,
C10892,1,2026-03-29,Low Usage
C10893,0,,
C10894,0,,
C10895,1,2026-05-22,Low Usage
C10896,1,2026-06-30,Poor Service
C10897,0,,
C10898,0,,
C10899,0,,
C10900,0,,
C10901,0,,
C10902,1,2026-07-13,Competitor
C10903,1,2025-07-28,Technical Issues
C10904,0,,
C10905,0,,
C10906,0,,
C10907,0,,
C10908,0,,
C10909,1,2025-02-14,Other
C10910,0,,
C10911,1,2026-04-05,Technical Issues
C10912,1,2025-09-09,Poor Service
C10913,0,,
C10914,0,,
C10915,0,,
C10916,0,,
C10917,1,2026-03-06,No Longer Needed
C10918,0,,
C10919,0,,
C10920,0,,
C10921,1,2026-07-22,Other
C10922,0,,
C10923,1,2026-03-30,No Longer Needed
C10924,0,,
C10925,0,,
C10926,0,,
C10927,1,2026-07-02,Customer Support
C10928,0,,
C10929,0,,
C10930,0,,
C10931,1,2026-05-20,Low Usage
C10932,0,,
C10933,0,,
C10934,0,,
C10935,0,,
C10936,0,,
C10937,0,,
C10938,0,,
C10939,0,,
C10940,1,2025-01-22,Competitor
C10941,0,,
C10942,1,2026-04-15,Customer Support
C10943,1,2025-01-12,Customer Support
C10944,0,,
C10945,0,,
C10946,1,2026-02-25,Poor Service
C10947,0,,
C10948,0,,
C10949,1,2026-08-13,Competitor
C10950,0,,
C10951,0,,
C10952,0,,
C10953,1,2026-05-16,Customer Support
C10954,0,,
C10955,1,2026-08-28,Low Usage
C10956,0,,
C10957,1,2026-07-15,Price Too High
C10958,1,2025-07-30,Low Usage
C10959,1,2025-06-27,No Longer Needed
C10960,0,,
C10961,0,,
C10962,0,,
C10963,0,,
C10964,0,,
C10965,1,2026-08-27,No Longer Needed
C10966,0,,
C10967,0,,
C10968,0,,
C10969,0,,
C10970,1,2026-07-01,Technical Issues
C10971,0,,
C10972,0,,
C10973,1,2026-08-23,Other
C10974,1,2024-07-05,Customer Support
C10975,0,,
C10976,0,,
C10977,0,,
C10978,1,2026-06-04,Other
C10979,0,,
C10980,0,,
C10981,1,2024-10-30,Customer Support
C10982,0,,
C10983,0,,
C10984,0,,
C10985,0,,
C10986,0,,
C10987,1,2025-11-02,Price Too High
C10988,0,,
C10989,0,,
C10990,1,2024-04-05,Competitor
C10991,1,2024-05-28,Customer Support
C10992,1,2026-06-08,Competitor
C10993,0,,
C10994,0,,
C10995,0,,
C10996,1,2026-03-27,Price Too High
C10997,0,,
C10998,0,,
C10999,1,2025-01-22,No Longer Needed
C11000,0,,
C11001,0,,
C11002,0,,
C11003,0,,
C11004,0,,
C11005,1,2026-01-05,Technical Issues
C11006,0,,
C11007,0,,
C11008,0,,
C11009,0,,
C11010,0,,
C11011,1,2026-04-17,Low Usage
C11012,0,,
C11013,0,,
C11014,0,,
C11015,0,,
C11016,0,,
C11017,0,,
C11018,1,2026-08-01,Customer Support
C11019,1,2026-08-09,Competitor
C11020,0,,
C11021,0,,
C11022,1,2026-05-20,Poor Service
C11023,0,,
C11024,0,,
C11025,0,,
C11026,0,,
C11027,0,,
C11028,1,2024-08-05,Price Too High
C11029,0,,
C11030,0,,
C11031,1,2026-04-13,No Longer Needed
C11032,0,,
C11033,0,,
C11034,0,,
C11035,0,,
C11036,1,2026-06-19,Poor Service
C11037,0,,
C11038,0,,
C11039,0,,
C11040,0,,
C11041,0,,
C11042,0,,
C11043,0,,
C11044,0,,
C11045,0,,
C11046,1,2026-06-20,Customer Support
C11047,1,2026-04-05,Competitor
C11048,0,,
C11049,0,,
C11050,1,2026-07-03,Low Usage
C11051,1,2026-07-06,Price Too High
C11052,0,,
C11053,0,,
C11054,0,,
C11055,0,,
C11056,1,2026-07-17,Technical Issues
C11057,0,,
C11058,1,2025-12-11,Customer Support
C11059,0,,
C11060,0,,
C11061,0,,
C11062,0,,
C11063,0,,
C11064,1,2026-03-23,Poor Service
C11065,0,,
C11066,0,,
C11067,0,,
C11068,1,2026-06-28,Competitor
C11069,0,,
C11070,0,,
C11071,1,2025-12-23,Technical Issues
C11072,0,,
C11073,1,2026-04-11,Price Too High
C11074,0,,
C11075,0,,
C11076,0,,
C11077,0,,
C11078,0,,
C11079,1,2026-07-20,Low Usage
C11080,1,2024-12-03,Other
C11081,0,,
C11082,0,,
C11083,0,,
C11084,0,,
C11085,1,2025-03-18,Poor Service
C11086,0,,
C11087,0,,
C11088,0,,
C11089,0,,
C11090,1,2026-04-12,Customer Support
C11091,0,,
C11092,0,,
C11093,1,2025-10-07,Competitor
C11094,0,,
C11095,0,,
C11096,0,,
C11097,1,2025-12-21,No Longer Needed
C11098,0,,
C11099,0,,
C11100,0,,
C11101,0,,
C11102,0,,
C11103,0,,
C11104,0,,
C11105,0,,
C11106,1,2024-07-21,Technical Issues
C11107,1,2026-04-07,Competitor
C11108,0,,
C11109,0,,
C11110,0,,
C11111,0,,
C11112,0,,
C11113,1,2026-08-22,Poor Service
C11114,0,,
C11115,0,,
C11116,1,2026-08-15,Price Too High
C11117,0,,
C11118,0,,
C11119,0,,
C11120,0,,
C11121,1,2026-08-06,Low Usage
C11122,0,,
C11123,0,,
C11124,0,,
C11125,0,,
C11126,0,,
C11127,1,2026-06-25,Low Usage
C11128,0,,
C11129,0,,
C11130,0,,
C11131,1,2025-06-06,Poor Service
C11132,0,,
C11133,0,,
C11134,0,,
C11135,0,,
C11136,1,2026-06-11,Customer Support
C11137,1,2025-11-04,No Longer Needed
C11138,0,,
C11139,0,,
C11140,0,,
C11141,0,,
C11142,0,,
C11143,0,,
C11144,0,,
C11145,0,,
C11146,0,,
C11147,0,,
C11148,0,,
C11149,0,,
C11150,0,,
C11151,1,2026-06-14,Customer Support
C11152,0,,
C11153,0,,
C11154,0,,
C11155,1,2024-12-24,Technical Issues
C11156,0,,
C11157,0,,
C11158,0,,
C11159,0,,
C11160,0,,
C11161,1,2026-08-22,Price Too High
C11162,0,,
C11163,0,,
C11164,0,,
C11165,1,2025-04-21,Other
C11166,1,2026-06-22,Poor Service
C11167,0,,
C11168,0,,
C11169,0,,
C11170,1,2026-04-26,Other
C11171,0,,
C11172,0,,
C11173,0,,
C11174,0,,
C11175,1,2025-10-15,Customer Support
C11176,0,,
C11177,0,,
C11178,0,,
C11179,0,,
C11180,0,,
C11181,1,2025-01-22,Poor Service
C11182,0,,
C11183,0,,
C11184,1,2026-03-09,Technical Issues
C11185,1,2026-08-18,Low Usage
C11186,1,2025-08-23,Other
C11187,0,,
C11188,1,2026-08-03,Customer Support
C11189,0,,
C11190,0,,
C11191,1,2026-07-27,Price Too High
C11192,1,2025-05-03,Competitor
C11193,0,,
C11194,0,,
C11195,0,,
C11196,0,,
C11197,0,,
C11198,1,2026-07-17,Customer Support
C11199,1,2025-08-08,Other
C11200,0,,
C11201,0,,
C11202,0,,
C11203,0,,
C11204,0,,
C11205,1,2025-07-10,Technical Issues
C11206,0,,
C11207,0,,
C11208,0,,
C11209,1,2025-06-23,Other
C11210,0,,
C11211,0,,
C11212,0,,
C11213,1,2025-11-06,No Longer Needed
C11214,0,,
C11215,0,,
C11216,0,,
C11217,0,,
C11218,0,,
C11219,0,,
C11220,0,,
C11221,0,,
C11222,0,,
C11223,0,,
C11224,1,2026-03-01,Poor Service
C11225,1,2026-07-14,Technical Issues
C11226,0,,
C11227,0,,
C11228,1,2026-06-27,Poor Service
C11229,1,2025-09-16,Technical Issues
C11230,1,2026-03-14,Price Too High
C11231,1,2025-12-21,Low Usage
C11232,0,,
C11233,0,,
C11234,0,,
C11235,0,,
C11236,0,,
C11237,0,,
C11238,0,,
C11239,0,,
C11240,0,,
C11241,1,2025-05-15,Customer Support
C11242,0,,
C11243,0,,
C11244,0,,
C11245,0,,
C11246,0,,
C11247,0,,
C11248,0,,
C11249,0,,
C11250,1,2026-07-18,Customer Support
C11251,1,2025-06-13,Other
C11252,0,,
C11253,0,,
C11254,0,,
C11255,0,,
C11256,0,,
C11257,0,,
C11258,1,2026-01-10,Poor Service
C11259,1,2026-06-25,Other
C11260,0,,
C11261,0,,
C11262,0,,
C11263,0,,
C11264,0,,
C11265,0,,
C11266,1,2026-08-15,Competitor
C11267,0,,
C11268,1,2025-09-08,Poor Service
C11269,0,,
C11270,0,,
C11271,0,,
C11272,1,2025-03-30,Low Usage
C11273,1,2026-04-02,Competitor
C11274,1,2026-06-21,No Longer Needed
C11275,0,,
C11276,1,2026-09-19,Technical Issues
C11277,0,,
C11278,1,2025-03-20,Price Too High
C11279,0,,
C11280,0,,
C11281,1,2025-01-14,Price Too High
C11282,1,2026-03-10,Poor Service
C11283,0,,
C11284,0,,
C11285,0,,
C11286,0,,
C11287,0,,
C11288,1,2026-06-08,Customer Support
C11289,0,,
C11290,0,,
C11291,1,2025-04-28,Competitor
C11292,0,,
C11293,1,2025-10-22,Low Usage
C11294,0,,
C11295,0,,
C11296,1,2026-05-02,No Longer Needed
C11297,0,,
C11298,1,2025-06-20,Competitor
C11299,0,,
C11300,0,,
C11301,0,,
C11302,0,,
C11303,0,,
C11304,0,,
C11305,0,,
C11306,0,,
C11307,0,,
C11308,1,2025-12-11,Customer Support
C11309,0,,
C11310,1,2025-12-16,Competitor
C11311,1,2025-06-20,Poor Service
C11312,1,2026-09-13,Technical Issues
C11313,0,,
C11314,0,,
C11315,0,,
C11316,0,,
C11317,1,2026-05-09,Competitor
C11318,0,,
C11319,0,,
C11320,0,,
C11321,1,2025-08-09,Competitor
C11322,0,,
C11323,0,,
C11324,0,,
C11325,0,,
C11326,0,,
C11327,0,,
C11328,0,,
C11329,0,,
C11330,0,,
C11331,0,,
C11332,0,,
C11333,0,,
C11334,1,2025-04-12,Customer Support
C11335,1,2026-05-15,Poor Service
C11336,0,,
C11337,0,,
C11338,0,,
C11339,0,,
C11340,0,,
C11341,0,,
C11342,0,,
C11343,0,,
C11344,1,2025-09-07,Other
C11345,0,,
C11346,0,,
C11347,0,,
C11348,0,,
C11349,1,2026-03-05,Customer Support
C11350,0,,
C11351,0,,
C11352,0,,
C11353,0,,
C11354,1,2025-09-28,Other
C11355,1,2026-04-23,Poor Service
C11356,0,,
C11357,1,2026-07-10,No Longer Needed
C11358,0,,
C11359,0,,
C11360,0,,
C11361,1,2025-08-20,Technical Issues
C11362,0,,
C11363,0,,
C11364,0,,
C11365,0,,
C11366,1,2025-10-29,No Longer Needed
C11367,0,,
C11368,0,,
C11369,0,,
C11370,1,2026-02-02,Customer Support
C11371,0,,
C11372,0,,
C11373,1,2026-05-27,Poor Service
C11374,1,2025-10-13,Low Usage
C11375,0,,
C11376,0,,
C11377,1,2025-12-16,Customer Support
C11378,0,,
C11379,0,,
C11380,0,,
C11381,0,,
C11382,0,,
C11383,0,,
C11384,0,,
C11385,0,,
C11386,0,,
C11387,0,,
C11388,1,2025-12-22,Price Too High
C11389,0,,
C11390,0,,
C11391,1,2024-07-25,Other
C11392,0,,
C11393,0,,
C11394,0,,
C11395,1,2025-06-26,No Longer Needed
C11396,1,2026-02-04,Customer Support
C11397,0,,
C11398,0,,
C11399,1,2025-08-31,No Longer Needed
C11400,1,2026-02-08,Customer Support
C11401,0,,
C11402,0,,
C11403,1,2026-07-10,Low Usage
C11404,0,,
C11405,0,,
C11406,1,2026-05-27,Low Usage
C11407,1,2025-02-05,Customer Support
C11408,1,2024-06-06,Customer Support
C11409,0,,
C11410,0,,
C11411,0,,
C11412,1,2025-05-17,Other
C11413,1,2026-09-17,Price Too High
C11414,1,2025-07-19,Low Usage
C11415,1,2026-06-12,Customer Support
C11416,1,2025-08-15,Technical Issues
C11417,1,2025-11-29,Competitor
C11418,0,,
C11419,1,2024-10-19,Technical Issues
C11420,0,,
C11421,0,,
C11422,1,2025-06-16,Low Usage
C11423,0,,
C11424,0,,
C11425,1,2025-11-12,Low Usage
C11426,1,2025-10-19,Customer Support
C11427,0,,
C11428,0,,
C11429,1,2025-02-28,Poor Service
C11430,0,,
C11431,1,2025-05-26,Customer Support
C11432,0,,
C11433,0,,
C11434,0,,
C11435,0,,
C11436,0,,
C11437,0,,
C11438,0,,
C11439,1,2025-06-25,Technical Issues
C11440,1,2026-07-26,Other
C11441,0,,
C11442,1,2026-03-27,Customer Support
C11443,0,,
C11444,0,,
C11445,0,,
C11446,0,,
C11447,0,,
C11448,0,,
C11449,0,,
C11450,0,,
C11451,0,,
C11452,0,,
C11453,0,,
C11454,0,,
C11455,0,,
C11456,0,,
C11457,1,2026-03-23,Low Usage
C11458,0,,
C11459,1,2025-03-28,Poor Service
C11460,0,,
C11461,0,,
C11462,0,,
C11463,0,,
C11464,1,2026-04-20,Low Usage
C11465,0,,
C11466,1,2026-08-22,Technical Issues
C11467,1,2026-07-31,Competitor
C11468,0,,
C11469,1,2026-05-16,Low Usage
C11470,1,2025-10-01,Price Too High
C11471,1,2024-05-24,Poor Service
C11472,0,,
C11473,0,,
C11474,0,,
C11475,0,,
C11476,1,2026-05-07,Poor Service
C11477,0,,
C11478,0,,
C11479,0,,
C11480,0,,
C11481,0,,
C11482,0,,
C11483,0,,
C11484,1,2025-08-07,Technical Issues
C11485,1,2026-07-28,No Longer Needed
C11486,0,,
C11487,0,,
C11488,0,,
C11489,0,,
C11490,0,,
C11491,0,,
C11492,0,,
C11493,0,,
C11494,1,2026-07-15,Low Usage
C11495,0,,
C11496,0,,
C11497,0,,
C11498,0,,
C11499,0,,
C11500,0,,
C11501,0,,
C11502,0,,
C11503,0,,
C11504,0,,
C11505,0,,
C11506,0,,
C11507,1,2026-06-23,Other
C11508,0,,
C11509,0,,
C11510,0,,
C11511,0,,
C11512,0,,
C11513,0,,
C11514,1,2024-06-23,Competitor
C11515,0,,
C11516,0,,
C11517,1,2026-03-22,Competitor
C11518,0,,
C11519,0,,
C11520,1,2025-07-23,Other
C11521,1,2026-05-17,No Longer Needed
C11522,1,2026-06-24,Competitor
C11523,0,,
C11524,0,,
C11525,0,,
C11526,0,,
C11527,1,2026-04-12,Low Usage
C11528,0,,
C11529,1,2025-01-24,Poor Service
C11530,0,,
C11531,0,,
C11532,0,,
C11533,0,,
C11534,0,,
C11535,1,2026-06-30,Customer Support
C11536,1,2025-02-21,Technical Issues
C11537,0,,
C11538,0,,
C11539,0,,
C11540,1,2025-10-26,Technical Issues
C11541,0,,
C11542,0,,
C11543,0,,
C11544,0,,
C11545,1,2026-04-06,No Longer Needed
C11546,0,,
C11547,1,2026-07-08,Technical Issues
C11548,1,2026-05-15,Other
C11549,0,,
C11550,1,2026-09-14,Other
C11551,1,2026-06-13,Other
C11552,1,2026-07-03,Competitor
C11553,0,,
C11554,0,,
C11555,0,,
C11556,1,2026-02-03,Price Too High
C11557,0,,
C11558,1,2026-07-11,Technical Issues
C11559,1,2026-02-20,Other
C11560,1,2024-06-20,Customer Support
C11561,0,,
C11562,0,,
C11563,0,,
C11564,0,,
C11565,0,,
C11566,0,,
C11567,0,,
C11568,1,2026-01-02,No Longer Needed
C11569,1,2025-05-23,Competitor
C11570,0,,
C11571,0,,
C11572,1,2025-11-18,No Longer Needed
C11573,0,,
C11574,0,,
C11575,1,2026-03-07,No Longer Needed
C11576,0,,
C11577,0,,
C11578,1,2025-02-15,Low Usage
C11579,0,,
C11580,1,2025-10-01,Low Usage
C11581,0,,
C11582,0,,
C11583,0,,
C11584,0,,
C11585,0,,
C11586,0,,
C11587,0,,
C11588,1,2026-04-24,Customer Support
C11589,1,2026-05-08,No Longer Needed
C11590,0,,
C11591,0,,
C11592,0,,
C11593,0,,
C11594,1,2025-02-28,Price Too High
C11595,1,2026-07-21,Competitor
C11596,0,,
C11597,0,,
C11598,0,,
C11599,0,,
C11600,0,,
C11601,1,2025-03-11,Customer Support
C11602,0,,
C11603,0,,
C11604,0,,
C11605,0,,
C11606,0,,
C11607,0,,
C11608,0,,
C11609,1,2026-05-22,Technical Issues
C11610,1,2025-03-30,Competitor
C11611,0,,
C11612,0,,
C11613,0,,
C11614,0,,
C11615,0,,
C11616,0,,
C11617,1,2026-07-31,Other
C11618,0,,
C11619,0,,
C11620,0,,
C11621,1,2026-08-19,Low Usage
C11622,0,,
C11623,0,,
C11624,0,,
C11625,0,,
C11626,0,,
C11627,0,,
C11628,0,,
C11629,0,,
C11630,1,2026-03-02,Other
C11631,0,,
C11632,1,2026-07-28,No Longer Needed
C11633,0,,
C11634,0,,
C11635,0,,
C11636,0,,
C11637,1,2026-07-21,No Longer Needed
C11638,0,,
C11639,0,,
C11640,0,,
C11641,0,,
C11642,0,,
C11643,0,,
C11644,0,,
C11645,0,,
C11646,1,2026-04-07,Low Usage
C11647,0,,
C11648,0,,
C11649,0,,
C11650,0,,
C11651,0,,
C11652,0,,
C11653,0,,
C11654,1,2026-01-06,Other
C11655,1,2025-12-20,Customer Support
C11656,0,,
C11657,0,,
C11658,0,,
C11659,0,,
C11660,0,,
C11661,0,,
C11662,0,,
C11663,0,,
C11664,1,2026-07-08,No Longer Needed
C11665,0,,
C11666,0,,
C11667,0,,
C11668,0,,
C11669,0,,
C11670,1,2026-04-03,Customer Support
C11671,0,,
C11672,0,,
C11673,1,2025-08-19,Technical Issues
C11674,0,,
C11675,0,,
C11676,0,,
C11677,0,,
C11678,0,,
C11679,0,,
C11680,1,2025-11-12,Customer Support
C11681,0,,
C11682,0,,
C11683,1,2026-07-19,Poor Service
C11684,0,,
C11685,1,2025-12-27,Low Usage
C11686,0,,
C11687,0,,
C11688,1,2025-06-06,Other
C11689,0,,
C11690,1,2025-10-11,Technical Issues
C11691,0,,
C11692,0,,
C11693,0,,
C11694,0,,
C11695,0,,
C11696,0,,
C11697,0,,
C11698,0,,
C11699,1,2026-04-08,No Longer Needed
C11700,0,,
C11701,0,,
C11702,0,,
C11703,0,,
C11704,0,,
C11705,0,,
C11706,0,,
C11707,0,,
C11708,0,,
C11709,0,,
C11710,1,2026-04-01,No Longer Needed
C11711,0,,
C11712,1,2025-06-01,Other
C11713,0,,
C11714,0,,
C11715,0,,
C11716,0,,
C11717,0,,
C11718,1,2026-08-20,Technical Issues
C11719,0,,
C11720,0,,
C11721,1,2025-11-25,Low Usage
C11722,0,,
C11723,0,,
C11724,0,,
C11725,0,,
C11726,0,,
C11727,0,,
C11728,0,,
C11729,0,,
C11730,1,2025-04-07,Competitor
C11731,1,2024-10-01,Technical Issues
C11732,0,,
C11733,0,,
C11734,0,,
C11735,0,,
C11736,0,,
C11737,1,2026-05-24,Poor Service
C11738,1,2025-04-02,Price Too High
C11739,0,,
C11740,0,,
C11741,1,2025-02-20,Poor Service
C11742,0,,
C11743,0,,
C11744,1,2026-05-20,Competitor
C11745,1,2026-08-01,Competitor
C11746,1,2025-12-16,Poor Service
C11747,1,2026-04-14,Poor Service
C11748,0,,
C11749,0,,
C11750,0,,
C11751,1,2026-05-11,Competitor
C11752,1,2026-03-27,Price Too High
C11753,0,,
C11754,0,,
C11755,0,,
C11756,0,,
C11757,0,,
C11758,1,2025-12-16,No Longer Needed
C11759,1,2026-08-31,No Longer Needed
C11760,0,,
C11761,1,2025-07-02,Low Usage
C11762,0,,
C11763,0,,
C11764,1,2026-08-18,No Longer Needed
C11765,1,2025-10-24,Low Usage
C11766,0,,
C11767,1,2026-07-04,No Longer Needed
C11768,0,,
C11769,0,,
C11770,0,,
C11771,1,2026-06-04,Poor Service
C11772,0,,
C11773,0,,
C11774,0,,
C11775,0,,
C11776,0,,
C11777,0,,
C11778,0,,
C11779,0,,
C11780,1,2026-06-20,Technical Issues
C11781,0,,
C11782,0,,
C11783,0,,
C11784,0,,
C11785,1,2026-07-28,Competitor
C11786,0,,
C11787,0,,
C11788,0,,
C11789,0,,
C11790,0,,
C11791,0,,
C11792,0,,
C11793,1,2026-01-31,Customer Support
C11794,0,,
C11795,1,2026-03-05,Customer Support
C11796,1,2025-04-01,Technical Issues
C11797,0,,
C11798,0,,
C11799,0,,
C11800,1,2026-06-24,Technical Issues
C11801,0,,
C11802,0,,
C11803,1,2026-07-24,Technical Issues
C11804,0,,
C11805,0,,
C11806,0,,
C11807,0,,
C11808,0,,
C11809,0,,
C11810,0,,
C11811,0,,
C11812,0,,
C11813,0,,
C11814,0,,
C11815,0,,
C11816,0,,
C11817,0,,
C11818,0,,
C11819,0,,
C11820,0,,
C11821,1,2026-04-12,Customer Support
C11822,0,,
C11823,0,,
C11824,0,,
C11825,0,,
C11826,1,2025-11-08,Poor Service
C11827,0,,
C11828,0,,
C11829,0,,
C11830,1,2024-11-11,Technical Issues
C11831,0,,
C11832,1,2026-04-04,Competitor
C11833,0,,
C11834,1,2026-07-14,Customer Support
C11835,1,2025-08-22,Poor Service
C11836,1,2026-06-11,Customer Support
C11837,0,,
C11838,0,,
C11839,0,,
C11840,0,,
C11841,0,,
C11842,0,,
C11843,1,2025-07-12,Customer Support
C11844,0,,
C11845,1,2024-01-06,Low Usage
C11846,1,2026-08-31,Other
C11847,0,,
C11848,0,,
C11849,0,,
C11850,0,,
C11851,0,,
C11852,0,,
C11853,0,,
C11854,0,,
C11855,0,,
C11856,0,,
C11857,0,,
C11858,0,,
C11859,0,,
C11860,0,,
C11861,1,2025-03-30,No Longer Needed
C11862,1,2026-02-18,Price Too High
C11863,0,,
C11864,0,,
C11865,0,,
C11866,0,,
C11867,0,,
C11868,0,,
C11869,0,,
C11870,0,,
C11871,0,,
C11872,0,,
C11873,1,2026-07-14,Poor Service
C11874,1,2026-08-07,No Longer Needed
C11875,1,2025-11-04,Low Usage
C11876,0,,
C11877,1,2025-12-23,No Longer Needed
C11878,0,,
C11879,1,2026-05-19,Technical Issues
C11880,0,,
C11881,0,,
C11882,0,,
C11883,1,2026-07-18,No Longer Needed
C11884,0,,
C11885,1,2026-06-13,Customer Support
C11886,0,,
C11887,0,,
C11888,1,2026-08-04,Customer Support
C11889,0,,
C11890,1,2026-06-29,Competitor
C11891,1,2024-08-11,Other
C11892,1,2026-07-21,Customer Support
C11893,0,,
C11894,0,,
C11895,1,2026-08-24,Poor Service
C11896,0,,
C11897,0,,
C11898,0,,
C11899,0,,
C11900,0,,
C11901,1,2025-02-14,Competitor
C11902,0,,
C11903,0,,
C11904,1,2026-08-07,Low Usage
C11905,1,2025-03-17,Customer Support
C11906,0,,
C11907,0,,
C11908,0,,
C11909,0,,
C11910,1,2026-05-21,Poor Service
C11911,0,,
C11912,1,2025-11-23,Poor Service
C11913,1,2025-04-23,No Longer Needed
C11914,0,,
C11915,0,,
C11916,0,,
C11917,0,,
C11918,0,,
C11919,0,,
C11920,0,,
C11921,0,,
C11922,1,2026-03-02,Customer Support
C11923,0,,
C11924,0,,
C11925,0,,
C11926,1,2025-09-21,Technical Issues
C11927,0,,
C11928,1,2026-06-21,Low Usage
C11929,0,,
C11930,1,2026-08-03,Poor Service
C11931,0,,
C11932,1,2026-06-01,Customer Support
C11933,0,,
C11934,1,2026-08-21,Low Usage
C11935,0,,
C11936,0,,
C11937,0,,
C11938,1,2025-08-03,Price Too High
C11939,0,,
C11940,1,2026-07-08,No Longer Needed
C11941,0,,
C11942,1,2025-05-10,Other
C11943,1,2026-08-03,Technical Issues
C11944,1,2024-10-09,Competitor
C11945,0,,
C11946,0,,
C11947,0,,
C11948,0,,
C11949,0,,
C11950,0,,
C11951,1,2026-05-12,Customer Support
C11952,0,,
C11953,0,,
C11954,1,2026-08-16,Customer Support
C11955,0,,
C11956,1,2026-08-29,Low Usage
C11957,0,,
C11958,0,,
C11959,0,,
C11960,0,,
C11961,0,,
C11962,0,,
C11963,0,,
C11964,1,2025-12-26,Low Usage
C11965,0,,
C11966,0,,
C11967,0,,
C11968,1,2025-06-21,Customer Support
C11969,1,2025-04-11,Price Too High
C11970,1,2026-06-06,No Longer Needed
C11971,0,,
C11972,0,,
C11973,1,2026-06-25,Technical Issues
C11974,0,,
C11975,1,2026-03-20,Technical Issues
C11976,0,,
C11977,1,2026-07-02,Technical Issues
C11978,0,,
C11979,0,,
C11980,0,,
C11981,1,2025-04-23,Low Usage
C11982,0,,
C11983,0,,
C11984,0,,
C11985,0,,
C11986,1,2026-08-20,Poor Service
C11987,0,,
C11988,0,,
C11989,1,2024-12-02,Technical Issues
C11990,1,2026-08-02,Customer Support
C11991,1,2026-02-14,Price Too High
C11992,0,,
C11993,0,,
C11994,1,2026-07-31,Other
C11995,0,,
C11996,0,,
C11997,0,,
C11998,1,2025-03-09,Poor Service
C11999,1,2026-06-21,Other
C12000,0,,
C12001,0,,
C12002,0,,
C12003,0,,
C12004,0,,
C12005,1,2026-08-15,Technical Issues
C12006,0,,
C12007,1,2026-01-12,Price Too High
C12008,1,2025-08-08,Competitor
C12009,0,,
C12010,0,,
C12011,1,2026-08-05,Competitor
C12012,0,,
C12013,0,,
C12014,1,2026-08-19,Poor Service
C12015,0,,
C12016,0,,
C12017,0,,
C12018,0,,
C12019,0,,
C12020,0,,
C12021,0,,
C12022,0,,
C12023,0,,
C12024,0,,
C12025,0,,
C12026,0,,
C12027,1,2026-06-25,Technical Issues
C12028,0,,
C12029,0,,
C12030,0,,
C12031,0,,
C12032,1,2026-06-21,Other
C12033,0,,
C12034,1,2024-09-01,Other
C12035,0,,
C12036,0,,
C12037,1,2026-07-10,Technical Issues
C12038,0,,
C12039,0,,
C12040,0,,
C12041,1,2025-04-18,Technical Issues
C12042,1,2026-08-19,Customer Support
C12043,1,2026-08-07,Price Too High
C12044,1,2025-12-20,Low Usage
C12045,0,,
C12046,0,,
C12047,1,2026-09-16,Technical Issues
C12048,0,,
C12049,1,2025-12-11,No Longer Needed
C12050,1,2026-06-26,Competitor
C12051,0,,
C12052,0,,
C12053,0,,
C12054,0,,
C12055,0,,
C12056,0,,
C12057,0,,
C12058,1,2025-06-09,Technical Issues
C12059,1,2026-01-20,Competitor
C12060,0,,
C12061,0,,
C12062,1,2026-08-18,Poor Service
C12063,0,,
C12064,1,2026-08-19,Low Usage
C12065,1,2025-05-28,Price Too High
C12066,0,,
C12067,0,,
C12068,0,,
C12069,1,2025-09-06,Poor Service
C12070,0,,
C12071,0,,
C12072,1,2025-06-29,Price Too High
C12073,0,,
C12074,0,,
C12075,0,,
C12076,0,,
C12077,0,,
C12078,0,,
C12079,1,2025-11-18,Customer Support
C12080,1,2026-01-16,Other
C12081,0,,
C12082,1,2024-09-17,No Longer Needed
C12083,1,2026-03-09,Other
C12084,0,,
C12085,0,,
C12086,0,,
C12087,1,2026-02-06,Customer Support
C12088,0,,
C12089,0,,
C12090,0,,
C12091,1,2026-08-01,Price Too High
C12092,0,,
C12093,0,,
C12094,0,,
C12095,0,,
C12096,0,,
C12097,0,,
C12098,0,,
C12099,0,,
C12100,0,,
C12101,1,2025-05-18,No Longer Needed
C12102,0,,
C12103,0,,
C12104,0,,
C12105,1,2026-07-26,Price Too High
C12106,1,2026-07-09,Other
C12107,1,2026-09-14,Customer Support
C12108,0,,
C12109,1,2025-06-09,Customer Support
C12110,1,2025-06-30,No Longer Needed
C12111,0,,
C12112,0,,
C12113,0,,
C12114,0,,
C12115,0,,
C12116,0,,
C12117,0,,
C12118,0,,
C12119,0,,
C12120,0,,
C12121,1,2026-01-12,Other
C12122,0,,
C12123,0,,
C12124,1,2026-05-21,Poor Service
C12125,0,,
C12126,0,,
C12127,1,2026-06-08,Price Too High
C12128,0,,
C12129,1,2026-05-20,No Longer Needed
C12130,1,2026-08-02,Competitor
C12131,0,,
C12132,1,2026-02-18,Competitor
C12133,0,,
C12134,1,2026-06-16,Low Usage
C12135,0,,
C12136,1,2026-07-28,Technical Issues
C12137,0,,
C12138,0,,
C12139,0,,
C12140,1,2025-07-21,Technical Issues
C12141,1,2026-07-03,Poor Service
C12142,0,,
C12143,0,,
C12144,0,,
C12145,0,,
C12146,0,,
C12147,1,2026-02-17,Customer Support
C12148,1,2025-08-15,Customer Support
C12149,0,,
C12150,0,,
C12151,1,2025-03-07,Competitor
C12152,0,,
C12153,0,,
C12154,0,,
C12155,0,,
C12156,0,,
C12157,0,,
C12158,0,,
C12159,0,,
C12160,0,,
C12161,0,,
C12162,0,,
C12163,0,,
C12164,0,,
C12165,0,,
C12166,0,,
C12167,0,,
C12168,0,,
C12169,0,,
C12170,0,,
C12171,0,,
C12172,0,,
C12173,0,,
C12174,0,,
C12175,0,,
C12176,0,,
C12177,1,2026-08-04,Competitor
C12178,0,,
C12179,0,,
C12180,0,,
C12181,1,2026-08-02,No Longer Needed
C12182,0,,
C12183,1,2025-10-28,Price Too High
C12184,0,,
C12185,0,,
C12186,1,2026-01-01,No Longer Needed
C12187,1,2026-07-19,Technical Issues
C12188,1,2025-03-27,Technical Issues
C12189,0,,
C12190,0,,
C12191,0,,
C12192,1,2026-07-20,Poor Service
C12193,0,,
C12194,0,,
C12195,0,,
C12196,0,,
C12197,0,,
C12198,0,,
C12199,1,2026-07-22,Price Too High
C12200,0,,
C12201,0,,
C12202,0,,
C12203,1,2026-04-10,No Longer Needed
C12204,0,,
C12205,1,2026-07-05,Price Too High
C12206,0,,
C12207,0,,
C12208,1,2025-04-27,Customer Support
C12209,0,,
C12210,0,,
C12211,0,,
C12212,1,2024-05-16,Competitor
C12213,1,2026-06-11,Poor Service
C12214,1,2025-11-24,Customer Support
C12215,1,2025-10-18,Low Usage
C12216,0,,
C12217,1,2026-05-01,Technical Issues
C12218,1,2025-05-15,Customer Support
C12219,0,,
C12220,0,,
C12221,0,,
C12222,0,,
C12223,1,2025-07-19,Technical Issues
C12224,0,,
C12225,0,,
C12226,0,,
C12227,0,,
C12228,0,,
C12229,0,,
C12230,1,2026-06-11,Poor Service
C12231,0,,
C12232,1,2026-03-21,Customer Support
C12233,0,,
C12234,0,,
C12235,0,,
C12236,0,,
C12237,0,,
C12238,0,,
C12239,0,,
C12240,0,,
C12241,0,,
C12242,0,,
C12243,0,,
C12244,0,,
C12245,0,,
C12246,0,,
C12247,0,,
C12248,0,,
C12249,0,,
C12250,0,,
C12251,1,2026-07-07,Competitor
C12252,0,,
C12253,0,,
C12254,0,,
C12255,0,,
C12256,0,,
C12257,0,,
C12258,0,,
C12259,1,2026-08-19,Low Usage
C12260,1,2026-07-27,Technical Issues
C12261,1,2026-07-09,No Longer Needed
C12262,1,2025-10-28,Low Usage
C12263,0,,
C12264,0,,
C12265,1,2025-04-27,No Longer Needed
C12266,1,2024-12-30,Low Usage
C12267,0,,
C12268,0,,
C12269,1,2025-10-14,No Longer Needed
C12270,0,,
C12271,0,,
C12272,0,,
C12273,0,,
C12274,0,,
C12275,1,2026-07-26,Technical Issues
C12276,0,,
C12277,0,,
C12278,0,,
C12279,0,,
C12280,0,,
C12281,0,,
C12282,0,,
C12283,1,2026-08-22,Poor Service
C12284,0,,
C12285,1,2025-05-05,Technical Issues
C12286,0,,
C12287,0,,
C12288,0,,
C12289,0,,
C12290,0,,
C12291,0,,
C12292,0,,
C12293,0,,
C12294,0,,
C12295,0,,
C12296,0,,
C12297,0,,
C12298,0,,
C12299,0,,
C12300,0,,
C12301,0,,
C12302,0,,
C12303,0,,
C12304,0,,
C12305,0,,
C12306,1,2025-12-18,Technical Issues
C12307,0,,
C12308,0,,
C12309,0,,
C12310,0,,
C12311,0,,
C12312,1,2025-12-29,Technical Issues
C12313,0,,
C12314,0,,
C12315,0,,
C12316,1,2025-12-26,Customer Support
C12317,0,,
C12318,0,,
C12319,1,2026-06-01,Poor Service
C12320,0,,
C12321,0,,
C12322,0,,
C12323,0,,
C12324,0,,
C12325,0,,
C12326,0,,
C12327,0,,
C12328,0,,
C12329,0,,
C12330,0,,
C12331,0,,
C12332,0,,
C12333,0,,
C12334,0,,
C12335,1,2026-06-09,Low Usage
C12336,0,,
C12337,1,2026-05-11,Competitor
C12338,0,,
C12339,1,2026-08-17,Other
C12340,0,,
C12341,0,,
C12342,0,,
C12343,0,,
C12344,0,,
C12345,0,,
C12346,0,,
C12347,0,,
C12348,1,2026-05-18,Poor Service
C12349,0,,
C12350,0,,
C12351,0,,
C12352,0,,
C12353,0,,
C12354,1,2023-11-05,Customer Support
C12355,0,,
C12356,0,,
C12357,0,,
C12358,0,,
C12359,1,2026-05-09,Technical Issues
C12360,1,2026-07-22,Other
C12361,1,2026-04-04,Customer Support
C12362,0,,
C12363,0,,
C12364,1,2026-08-11,Poor Service
C12365,0,,
C12366,0,,
C12367,0,,
C12368,0,,
C12369,0,,
C12370,0,,
C12371,1,2025-02-24,Customer Support
C12372,1,2026-07-26,Poor Service
C12373,0,,
C12374,0,,
C12375,1,2025-11-27,Technical Issues
C12376,0,,
C12377,0,,
C12378,0,,
C12379,0,,
C12380,0,,
C12381,1,2026-08-18,No Longer Needed
C12382,0,,
C12383,0,,
C12384,0,,
C12385,0,,
C12386,1,2025-06-27,Price Too High
C12387,0,,
C12388,0,,
C12389,0,,
C12390,0,,
C12391,0,,
C12392,0,,
C12393,0,,
C12394,0,,
C12395,0,,
C12396,1,2026-08-05,No Longer Needed
C12397,1,2026-05-20,Customer Support
C12398,1,2026-02-28,Other
C12399,0,,
C12400,0,,
C12401,0,,
C12402,0,,
C12403,0,,
C12404,0,,
C12405,0,,
C12406,0,,
C12407,0,,
C12408,0,,
C12409,0,,
C12410,0,,
C12411,0,,
C12412,1,2024-05-11,No Longer Needed
C12413,0,,
C12414,0,,
C12415,0,,
C12416,0,,
C12417,0,,
C12418,0,,
C12419,0,,
C12420,0,,
C12421,0,,
C12422,1,2024-11-19,Other
C12423,1,2025-03-06,Price Too High
C12424,0,,
C12425,0,,
C12426,1,2026-06-17,Poor Service
C12427,0,,
C12428,0,,
C12429,0,,
C12430,0,,
C12431,0,,
C12432,0,,
C12433,1,2025-12-09,Technical Issues
C12434,0,,
C12435,0,,
C12436,0,,
C12437,0,,
C12438,1,2024-12-22,Low Usage
C12439,1,2026-02-02,Competitor
C12440,0,,
C12441,1,2026-07-27,Technical Issues
C12442,0,,
C12443,0,,
C12444,0,,
C12445,0,,
C12446,0,,
C12447,0,,
C12448,1,2026-05-30,Poor Service
C12449,0,,
C12450,0,,
C12451,0,,
C12452,1,2025-03-26,Competitor
C12453,1,2026-07-05,Competitor
C12454,0,,
C12455,1,2024-07-15,No Longer Needed
C12456,0,,
C12457,1,2026-07-10,Poor Service
C12458,1,2026-02-02,Customer Support
C12459,0,,
C12460,0,,
C12461,1,2026-02-14,Customer Support
C12462,1,2026-04-07,Low Usage
C12463,0,,
C12464,1,2025-12-12,Customer Support
C12465,0,,
C12466,0,,
C12467,0,,
C12468,0,,
C12469,1,2026-02-28,Other
C12470,0,,
C12471,1,2025-11-14,No Longer Needed
C12472,0,,
C12473,0,,
C12474,0,,
C12475,0,,
C12476,1,2025-07-11,Poor Service
C12477,0,,
C12478,0,,
C12479,0,,
C12480,1,2026-04-10,Technical Issues
C12481,0,,
C12482,0,,
C12483,0,,
C12484,0,,
C12485,1,2025-08-16,Competitor
C12486,0,,
C12487,1,2025-07-24,Poor Service
C12488,0,,
C12489,0,,
C12490,1,2026-06-25,Competitor
C12491,0,,
C12492,1,2026-09-10,Technical Issues
C12493,0,,
C12494,0,,
C12495,0,,
C12496,0,,
C12497,0,,
C12498,0,,
C12499,0,,
C12500,0,,
C12501,0,,
C12502,0,,
C12503,0,,
C12504,0,,
C12505,0,,
C12506,0,,
C12507,0,,
C12508,0,,
C12509,1,2026-04-30,Customer Support
C12510,0,,
C12511,0,,
C12512,0,,
C12513,0,,
C12514,1,2026-02-10,Technical Issues
C12515,0,,
C12516,0,,
C12517,0,,
C12518,0,,
C12519,0,,
C12520,0,,
C12521,1,2025-02-25,Poor Service
C12522,0,,
C12523,1,2025-12-05,Technical Issues
C12524,0,,
C12525,0,,
C12526,0,,
C12527,0,,
C12528,0,,
C12529,0,,
C12530,0,,
C12531,0,,
C12532,0,,
C12533,0,,
C12534,0,,
C12535,0,,
C12536,1,2026-02-08,Customer Support
C12537,0,,
C12538,0,,
C12539,0,,
C12540,0,,
C12541,0,,
C12542,0,,
C12543,0,,
C12544,0,,
C12545,1,2026-03-08,Competitor
C12546,1,2025-07-08,Low Usage
C12547,0,,
C12548,0,,
C12549,0,,
C12550,1,2025-01-03,No Longer Needed
C12551,0,,
C12552,0,,
C12553,0,,
C12554,1,2025-02-07,Technical Issues
C12555,0,,
C12556,0,,
C12557,0,,
C12558,0,,
C12559,1,2025-05-07,Customer Support
C12560,1,2025-10-17,Customer Support
C12561,0,,
C12562,0,,
C12563,0,,
C12564,0,,
C12565,1,2026-07-12,Technical Issues
C12566,0,,
C12567,0,,
C12568,0,,
C12569,1,2026-08-19,Technical Issues
C12570,0,,
C12571,0,,
C12572,1,2026-06-20,Low Usage
C12573,0,,
C12574,0,,
C12575,1,2026-05-10,Technical Issues
C12576,1,2026-08-08,Price Too High
C12577,0,,
C12578,0,,
C12579,1,2025-09-12,Poor Service
C12580,0,,
C12581,1,2025-09-18,Competitor
C12582,0,,
C12583,0,,
C12584,0,,
C12585,0,,
C12586,0,,
C12587,1,2025-03-21,Price Too High
C12588,0,,
C12589,0,,
C12590,0,,
C12591,0,,
C12592,0,,
C12593,0,,
C12594,0,,
C12595,0,,
C12596,0,,
C12597,0,,
C12598,0,,
C12599,0,,
C12600,0,,
C12601,0,,
C12602,0,,
C12603,1,2026-04-12,Competitor
C12604,1,2026-07-27,Customer Support
C12605,0,,
C12606,0,,
C12607,0,,
C12608,0,,
C12609,1,2026-01-24,Customer Support
C12610,0,,
C12611,0,,
C12612,1,2026-08-16,Customer Support
C12613,0,,
C12614,0,,
C12615,0,,
C12616,0,,
C12617,0,,
C12618,0,,
C12619,0,,
C12620,0,,
C12621,0,,
C12622,1,2025-12-16,Low Usage
C12623,1,2025-08-07,Low Usage
C12624,1,2026-07-25,Competitor
C12625,1,2025-06-16,Customer Support
C12626,0,,
C12627,1,2025-07-22,Other
C12628,0,,
C12629,0,,
C12630,0,,
C12631,1,2025-12-06,Technical Issues
C12632,0,,
C12633,0,,
C12634,0,,
C12635,0,,
C12636,0,,
C12637,1,2025-08-04,Competitor
C12638,0,,
C12639,0,,
C12640,0,,
C12641,0,,
C12642,0,,
C12643,0,,
C12644,0,,
C12645,0,,
C12646,0,,
C12647,1,2026-07-20,Technical Issues
C12648,0,,
C12649,0,,
C12650,0,,
C12651,0,,
C12652,0,,
C12653,0,,
C12654,1,2025-11-15,No Longer Needed
C12655,0,,
C12656,1,2026-01-06,No Longer Needed
C12657,0,,
C12658,0,,
C12659,0,,
C12660,0,,
C12661,0,,
C12662,1,2026-07-15,Low Usage
C12663,0,,
C12664,0,,
C12665,0,,
C12666,0,,
C12667,1,2026-08-01,Low Usage
C12668,0,,
C12669,0,,
C12670,0,,
C12671,0,,
C12672,0,,
C12673,0,,
C12674,0,,
C12675,1,2026-06-11,Price Too High
C12676,0,,
C12677,1,2025-07-07,Price Too High
C12678,1,2026-07-26,Customer Support
C12679,0,,
C12680,1,2026-07-29,No Longer Needed
C12681,1,2025-06-18,Competitor
C12682,1,2026-09-14,Customer Support
C12683,0,,
C12684,0,,
C12685,1,2025-07-21,Price Too High
C12686,0,,
C12687,0,,
C12688,0,,
C12689,1,2025-05-29,Price Too High
C12690,0,,
C12691,0,,
C12692,0,,
C12693,0,,
C12694,1,2026-05-20,Competitor
C12695,0,,
C12696,0,,
C12697,0,,
C12698,1,2026-08-10,Technical Issues
C12699,0,,
C12700,0,,
C12701,0,,
C12702,0,,
C12703,1,2024-08-09,Customer Support
C12704,0,,
C12705,0,,
C12706,0,,
C12707,0,,
C12708,0,,
C12709,0,,
C12710,1,2025-10-15,Competitor
C12711,0,,
C12712,0,,
C12713,0,,
C12714,0,,
C12715,0,,
C12716,1,2026-03-14,Competitor
C12717,0,,
C12718,1,2026-05-31,Price Too High
C12719,0,,
C12720,0,,
C12721,0,,
C12722,0,,
C12723,0,,
C12724,1,2026-07-13,Other
C12725,0,,
C12726,1,2026-09-16,Low Usage
C12727,1,2026-05-20,Customer Support
C12728,1,2026-08-19,Poor Service
C12729,0,,
C12730,0,,
C12731,0,,
C12732,0,,
C12733,0,,
C12734,0,,
C12735,0,,
C12736,0,,
C12737,0,,
C12738,0,,
C12739,0,,
C12740,0,,
C12741,1,2026-08-08,Customer Support
C12742,0,,
C12743,0,,
C12744,1,2025-07-18,Competitor
C12745,1,2026-08-14,Competitor
C12746,1,2026-08-12,Low Usage
C12747,1,2026-03-04,Customer Support
C12748,0,,
C12749,0,,
C12750,0,,
C12751,0,,
C12752,0,,
C12753,0,,
C12754,0,,
C12755,0,,
C12756,0,,
C12757,0,,
C12758,0,,
C12759,0,,
C12760,0,,
C12761,0,,
C12762,0,,
C12763,0,,
C12764,1,2026-05-05,Competitor
C12765,0,,
C12766,0,,
C12767,1,2026-07-05,Price Too High
C12768,0,,
C12769,0,,
C12770,1,2025-11-02,Poor Service
C12771,0,,
C12772,1,2024-01-12,No Longer Needed
C12773,0,,
C12774,0,,
C12775,0,,
C12776,0,,
C12777,0,,
C12778,0,,
C12779,0,,
C12780,0,,
C12781,0,,
C12782,1,2026-04-22,No Longer Needed
C12783,0,,
C12784,0,,
C12785,0,,
C12786,0,,
C12787,1,2026-05-17,Other
C12788,0,,
C12789,0,,
C12790,0,,
C12791,0,,
C12792,1,2025-07-27,Price Too High
C12793,1,2026-07-10,Other
C12794,1,2025-04-08,Customer Support
C12795,0,,
C12796,0,,
C12797,1,2025-01-12,Price Too High
C12798,0,,
C12799,0,,
C12800,0,,
C12801,1,2026-07-08,Technical Issues
C12802,1,2025-10-14,Poor Service
C12803,1,2025-04-20,Technical Issues
C12804,0,,
C12805,0,,
C12806,0,,
C12807,0,,
C12808,0,,
C12809,0,,
C12810,0,,
C12811,0,,
C12812,0,,
C12813,0,,
C12814,1,2025-03-13,Low Usage
C12815,1,2024-09-10,Customer Support
C12816,1,2026-06-30,Other
C12817,0,,
C12818,0,,
C12819,0,,
C12820,0,,
C12821,0,,
C12822,1,2026-08-17,Technical Issues
C12823,0,,
C12824,0,,
C12825,0,,
C12826,1,2026-03-21,Customer Support
C12827,1,2024-08-07,Customer Support
C12828,0,,
C12829,0,,
C12830,0,,
C12831,0,,
C12832,0,,
C12833,1,2025-10-13,Price Too High
C12834,0,,
C12835,0,,
C12836,0,,
C12837,0,,
C12838,0,,
C12839,0,,
C12840,0,,
C12841,0,,
C12842,0,,
C12843,0,,
C12844,0,,
C12845,0,,
C12846,0,,
C12847,1,2026-09-04,Technical Issues
C12848,0,,
C12849,0,,
C12850,1,2026-07-16,Low Usage
C12851,0,,
C12852,0,,
C12853,0,,
C12854,0,,
C12855,0,,
C12856,0,,
C12857,0,,
C12858,1,2026-04-08,Poor Service
C12859,0,,
C12860,0,,
C12861,0,,
C12862,0,,
C12863,1,2026-08-15,Price Too High
C12864,1,2026-04-26,Poor Service
C12865,0,,
C12866,0,,
C12867,0,,
C12868,0,,
C12869,0,,
C12870,0,,
C12871,0,,
C12872,0,,
C12873,0,,
C12874,0,,
C12875,1,2026-05-31,No Longer Needed
C12876,1,2025-10-12,Customer Support
C12877,0,,
C12878,0,,
C12879,0,,
C12880,0,,
C12881,1,2026-08-22,Technical Issues
C12882,0,,
C12883,0,,
C12884,0,,
C12885,0,,
C12886,0,,
C12887,0,,
C12888,0,,
C12889,0,,
C12890,1,2025-09-24,Other
C12891,0,,
C12892,0,,
C12893,0,,
C12894,0,,
C12895,0,,
C12896,0,,
C12897,0,,
C12898,0,,
C12899,0,,
C12900,0,,
C12901,0,,
C12902,1,2026-08-08,No Longer Needed
C12903,0,,
C12904,0,,
C12905,0,,
C12906,1,2026-04-21,Low Usage
C12907,0,,
C12908,0,,
C12909,1,2026-07-21,Price Too High
C12910,0,,
C12911,1,2026-02-18,Competitor
C12912,0,,
C12913,0,,
C12914,1,2026-06-07,Technical Issues
C12915,0,,
C12916,0,,
C12917,0,,
C12918,0,,
C12919,0,,
C12920,0,,
C12921,0,,
C12922,0,,
C12923,0,,
C12924,0,,
C12925,0,,
C12926,0,,
C12927,0,,
C12928,1,2026-05-12,Technical Issues
C12929,0,,
C12930,0,,
C12931,0,,
C12932,1,2024-07-18,Low Usage
C12933,0,,
C12934,0,,
C12935,0,,
C12936,1,2026-02-26,Competitor
C12937,0,,
C12938,1,2026-07-01,Low Usage
C12939,0,,
C12940,0,,
C12941,1,2026-07-20,Price Too High
C12942,0,,
C12943,0,,
C12944,0,,
C12945,0,,
C12946,0,,
C12947,0,,
C12948,1,2024-11-08,Poor Service
C12949,1,2026-08-10,Other
C12950,0,,
C12951,1,2026-02-25,Price Too High
C12952,0,,
C12953,0,,
C12954,0,,
C12955,1,2026-08-10,Low Usage
C12956,1,2026-02-18,Technical Issues
C12957,1,2026-08-17,Other
C12958,0,,
C12959,0,,
C12960,1,2026-07-29,Low Usage
C12961,1,2025-09-24,Other
C12962,0,,
C12963,0,,
C12964,0,,
C12965,0,,
C12966,0,,
C12967,0,,
C12968,1,2026-03-31,Customer Support
C12969,0,,
C12970,0,,
C12971,0,,
C12972,1,2026-09-15,Competitor
C12973,0,,
C12974,0,,
C12975,0,,
C12976,1,2025-05-05,Poor Service
C12977,1,2025-08-15,Other
C12978,0,,
C12979,0,,
C12980,1,2024-09-22,Price Too High
C12981,0,,
C12982,0,,
C12983,0,,
C12984,0,,
C12985,0,,
C12986,0,,
C12987,1,2026-05-23,No Longer Needed
C12988,0,,
C12989,1,2025-05-05,Technical Issues
C12990,1,2024-12-31,Technical Issues
C12991,0,,
C12992,0,,
C12993,0,,
C12994,0,,
C12995,0,,
C12996,0,,
C12997,0,,
C12998,1,2026-05-05,Technical Issues
C12999,0,,
C13000,0,,
C13001,0,,
C13002,0,,
C13003,0,,
C13004,0,,
C13005,0,,
C13006,0,,
C13007,0,,
C13008,1,2025-11-25,Technical Issues
C13009,1,2026-05-13,Other
C13010,1,2026-07-10,Low Usage
C13011,0,,
C13012,1,2026-02-04,Competitor
C13013,0,,
C13014,1,2026-06-25,Other
C13015,0,,
C13016,1,2026-02-24,Low Usage
C13017,0,,
C13018,0,,
C13019,0,,
C13020,1,2026-08-15,Technical Issues
C13021,0,,
C13022,0,,
C13023,0,,
C13024,0,,
C13025,0,,
C13026,0,,
C13027,0,,
C13028,0,,
C13029,1,2026-07-14,Customer Support
C13030,0,,
C13031,1,2026-07-13,Technical Issues
C13032,0,,
C13033,0,,
C13034,0,,
C13035,0,,
C13036,0,,
C13037,1,2026-06-15,Technical Issues
C13038,0,,
C13039,1,2025-11-01,Competitor
C13040,0,,
C13041,0,,
C13042,0,,
C13043,0,,
C13044,0,,
C13045,0,,
C13046,1,2026-01-06,Price Too High
C13047,0,,
C13048,0,,
C13049,0,,
C13050,0,,
C13051,1,2026-03-31,Other
C13052,0,,
C13053,1,2025-03-10,Customer Support
C13054,0,,
C13055,0,,
C13056,0,,
C13057,0,,
C13058,0,,
C13059,1,2024-11-02,Low Usage
C13060,0,,
C13061,0,,
C13062,1,2026-06-21,Low Usage
C13063,0,,
C13064,1,2026-07-18,Competitor
C13065,1,2025-05-22,Price Too High
C13066,0,,
C13067,1,2025-10-25,Price Too High
C13068,0,,
C13069,0,,
C13070,0,,
C13071,0,,
C13072,0,,
C13073,1,2025-07-02,Other
C13074,0,,
C13075,0,,
C13076,0,,
C13077,0,,
C13078,1,2026-09-11,Poor Service
C13079,1,2026-07-08,No Longer Needed
C13080,1,2026-08-08,No Longer Needed
C13081,0,,
C13082,0,,
C13083,0,,
C13084,0,,
C13085,1,2026-08-25,Customer Support
C13086,0,,
C13087,0,,
C13088,0,,
C13089,0,,
C13090,0,,
C13091,0,,
C13092,0,,
C13093,0,,
C13094,0,,
C13095,0,,
C13096,0,,
C13097,0,,
C13098,0,,
C13099,0,,
C13100,0,,
C13101,1,2026-06-18,Customer Support
C13102,0,,
C13103,0,,
C13104,0,,
C13105,1,2026-03-04,Competitor
C13106,0,,
C13107,0,,
C13108,0,,
C13109,0,,
C13110,1,2026-04-06,Customer Support
C13111,0,,
C13112,1,2026-07-07,Customer Support
C13113,0,,
C13114,0,,
C13115,0,,
C13116,0,,
C13117,0,,
C13118,0,,
C13119,0,,
C13120,1,2025-07-20,Technical Issues
C13121,0,,
C13122,0,,
C13123,0,,
C13124,0,,
C13125,1,2025-09-25,Technical Issues
C13126,0,,
C13127,0,,
C13128,0,,
C13129,0,,
C13130,0,,
C13131,0,,
C13132,1,2026-02-26,Technical Issues
C13133,0,,
C13134,0,,
C13135,0,,
C13136,0,,
C13137,1,2025-08-25,Customer Support
C13138,0,,
C13139,0,,
C13140,0,,
C13141,1,2026-04-05,Customer Support
C13142,0,,
C13143,0,,
C13144,0,,
C13145,1,2025-09-25,Poor Service
C13146,0,,
C13147,0,,
C13148,1,2026-06-22,Price Too High
C13149,0,,
C13150,0,,
C13151,0,,
C13152,0,,
C13153,1,2025-09-11,Customer Support
C13154,1,2026-07-23,Price Too High
C13155,0,,
C13156,1,2026-09-17,Poor Service
C13157,1,2025-07-01,Poor Service
C13158,0,,
C13159,0,,
C13160,0,,
C13161,0,,
C13162,0,,
C13163,0,,
C13164,1,2026-08-24,Technical Issues
C13165,1,2025-11-14,Customer Support
C13166,0,,
C13167,0,,
C13168,0,,
C13169,1,2026-07-26,Price Too High
C13170,1,2026-08-15,Low Usage
C13171,1,2025-06-02,Poor Service
C13172,0,,
C13173,0,,
C13174,0,,
C13175,0,,
C13176,0,,
C13177,0,,
C13178,1,2026-06-01,Customer Support
C13179,0,,
C13180,1,2025-12-10,Customer Support
C13181,1,2024-10-20,Low Usage
C13182,0,,
C13183,0,,
C13184,1,2026-07-11,Poor Service
C13185,0,,
C13186,1,2025-10-05,Poor Service
C13187,1,2026-06-01,Customer Support
C13188,0,,
C13189,0,,
C13190,1,2026-01-18,Poor Service
C13191,0,,
C13192,1,2026-03-07,Price Too High
C13193,0,,
C13194,0,,
C13195,1,2026-07-21,Other
C13196,1,2025-07-16,Low Usage
C13197,0,,
C13198,0,,
C13199,1,2025-11-20,Customer Support
C13200,0,,
C13201,0,,
C13202,0,,
C13203,0,,
C13204,0,,
C13205,0,,
C13206,0,,
C13207,0,,
C13208,0,,
C13209,1,2026-05-04,Price Too High
C13210,0,,
C13211,0,,
C13212,0,,
C13213,0,,
C13214,0,,
C13215,1,2026-03-25,No Longer Needed
C13216,1,2026-03-08,Low Usage
C13217,0,,
C13218,0,,
C13219,1,2025-01-02,Low Usage
C13220,0,,
C13221,0,,
C13222,1,2025-05-10,Low Usage
C13223,0,,
C13224,0,,
C13225,0,,
C13226,1,2025-10-22,No Longer Needed
C13227,0,,
C13228,1,2026-06-21,Customer Support
C13229,0,,
C13230,0,,
C13231,0,,
C13232,0,,
C13233,0,,
C13234,1,2026-02-07,Other
C13235,0,,
C13236,0,,
C13237,1,2025-09-16,Technical Issues
C13238,0,,
C13239,1,2026-05-28,No Longer Needed
C13240,0,,
C13241,0,,
C13242,0,,
C13243,1,2026-05-25,Poor Service
C13244,0,,
C13245,1,2026-05-18,No Longer Needed
C13246,0,,
C13247,0,,
C13248,0,,
C13249,1,2026-06-07,Poor Service
C13250,0,,
C13251,0,,
C13252,0,,
C13253,0,,
C13254,0,,
C13255,0,,
C13256,0,,
C13257,0,,
C13258,1,2025-11-22,No Longer Needed
C13259,0,,
C13260,0,,
C13261,1,2026-07-03,Low Usage
C13262,0,,
C13263,0,,
C13264,0,,
C13265,0,,
C13266,1,2026-07-07,Customer Support
C13267,0,,
C13268,0,,
C13269,0,,
C13270,1,2026-04-30,Technical Issues
C13271,1,2024-10-03,Technical Issues
C13272,1,2025-07-03,Low Usage
C13273,0,,
C13274,0,,
C13275,0,,
C13276,0,,
C13277,1,2026-03-25,No Longer Needed
C13278,0,,
C13279,1,2025-11-27,Customer Support
C13280,0,,
C13281,0,,
C13282,0,,
C13283,0,,
C13284,0,,
C13285,0,,
C13286,0,,
C13287,1,2025-03-07,Price Too High
C13288,0,,
C13289,0,,
C13290,0,,
C13291,0,,
C13292,0,,
C13293,0,,
C13294,0,,
C13295,1,2026-08-09,Technical Issues
C13296,0,,
C13297,1,2026-08-02,Technical Issues
C13298,0,,
C13299,0,,
C13300,1,2025-01-08,Customer Support
C13301,1,2025-09-13,Poor Service
C13302,0,,
C13303,0,,
C13304,0,,
C13305,0,,
C13306,0,,
C13307,0,,
C13308,0,,
C13309,0,,
C13310,0,,
C13311,0,,
C13312,0,,
C13313,0,,
C13314,0,,
C13315,0,,
C13316,0,,
C13317,1,2026-08-26,Customer Support
C13318,1,2025-04-04,Customer Support
C13319,0,,
C13320,0,,
C13321,1,2026-01-09,Low Usage
C13322,0,,
C13323,0,,
C13324,0,,
C13325,1,2026-05-09,Technical Issues
C13326,0,,
C13327,1,2026-02-07,Technical Issues
C13328,0,,
C13329,0,,
C13330,0,,
C13331,0,,
C13332,0,,
C13333,0,,
C13334,1,2025-04-06,No Longer Needed
C13335,1,2025-02-16,Other
C13336,0,,
C13337,1,2026-02-07,Technical Issues
C13338,0,,
C13339,0,,
C13340,0,,
C13341,1,2025-11-09,Technical Issues
C13342,1,2026-07-05,Technical Issues
C13343,0,,
C13344,0,,
C13345,0,,
C13346,0,,
C13347,0,,
C13348,0,,
C13349,1,2026-01-30,No Longer Needed
C13350,0,,
C13351,1,2026-08-20,Customer Support
C13352,0,,
C13353,0,,
C13354,1,2026-08-12,No Longer Needed
C13355,0,,
C13356,1,2026-08-10,Other
C13357,0,,
C13358,0,,
C13359,1,2026-04-01,Customer Support
C13360,0,,
C13361,1,2025-10-28,Price Too High
C13362,0,,
C13363,0,,
C13364,1,2024-11-11,No Longer Needed
C13365,0,,
C13366,1,2025-10-21,Poor Service
C13367,0,,
C13368,0,,
C13369,0,,
C13370,0,,
C13371,1,2024-12-18,Poor Service
C13372,0,,
C13373,0,,
C13374,0,,
C13375,1,2025-03-25,Poor Service
C13376,0,,
C13377,0,,
C13378,0,,
C13379,0,,
C13380,0,,
C13381,0,,
C13382,0,,
C13383,0,,
C13384,0,,
C13385,0,,
C13386,0,,
C13387,0,,
C13388,1,2025-06-09,Low Usage
C13389,0,,
C13390,0,,
C13391,0,,
C13392,1,2026-06-12,Competitor
C13393,1,2025-10-24,Customer Support
C13394,0,,
C13395,0,,
C13396,0,,
C13397,0,,
C13398,0,,
C13399,1,2024-11-19,Low Usage
C13400,1,2025-06-14,Customer Support
C13401,0,,
C13402,0,,
C13403,0,,
C13404,1,2024-03-13,Technical Issues
C13405,0,,
C13406,0,,
C13407,0,,
C13408,0,,
C13409,0,,
C13410,0,,
C13411,0,,
C13412,1,2025-04-30,Low Usage
C13413,1,2025-10-14,Price Too High
C13414,0,,
C13415,0,,
C13416,0,,
C13417,1,2025-04-23,Poor Service
C13418,0,,
C13419,0,,
C13420,1,2026-03-28,Other
C13421,0,,
C13422,0,,
C13423,0,,
C13424,1,2026-05-23,Customer Support
C13425,1,2025-10-03,Competitor
C13426,0,,
C13427,0,,
C13428,0,,
C13429,0,,
C13430,0,,
C13431,0,,
C13432,1,2026-05-05,Low Usage
C13433,0,,
C13434,0,,
C13435,1,2025-08-23,Customer Support
C13436,0,,
C13437,0,,
C13438,0,,
C13439,0,,
C13440,1,2026-01-05,Other
C13441,1,2026-01-20,Price Too High
C13442,1,2026-08-28,Poor Service
C13443,1,2026-04-06,No Longer Needed
C13444,0,,
C13445,1,2026-07-30,Price Too High
C13446,0,,
C13447,1,2024-04-25,Technical Issues
C13448,1,2026-07-30,Price Too High
C13449,1,2026-01-04,Customer Support
C13450,0,,
C13451,0,,
C13452,0,,
C13453,0,,
C13454,1,2026-02-27,Other
C13455,0,,
C13456,0,,
C13457,0,,
C13458,0,,
C13459,0,,
C13460,0,,
C13461,0,,
C13462,1,2026-08-07,Price Too High
C13463,0,,
C13464,0,,
C13465,0,,
C13466,0,,
C13467,1,2025-12-15,Poor Service
C13468,0,,
C13469,0,,
C13470,1,2026-08-03,Customer Support
C13471,0,,
C13472,0,,
C13473,0,,
C13474,0,,
C13475,1,2026-07-04,Customer Support
C13476,0,,
C13477,0,,
C13478,0,,
C13479,0,,
C13480,0,,
C13481,0,,
C13482,1,2026-07-17,Technical Issues
C13483,0,,
C13484,0,,
C13485,1,2026-08-11,Other
C13486,0,,
C13487,0,,
C13488,0,,
C13489,1,2025-09-06,No Longer Needed
C13490,1,2026-07-05,Other
C13491,1,2024-11-12,Competitor
C13492,0,,
C13493,0,,
C13494,0,,
C13495,0,,
C13496,1,2026-02-20,Customer Support
C13497,0,,
C13498,0,,
C13499,1,2026-08-12,Poor Service
C13500,0,,
C13501,0,,
C13502,0,,
C13503,0,,
C13504,0,,
C13505,1,2024-01-27,Customer Support
C13506,1,2026-03-28,Competitor
C13507,0,,
C13508,0,,
C13509,0,,
C13510,0,,
C13511,0,,
C13512,0,,
C13513,1,2026-03-07,Other
C13514,0,,
C13515,0,,
C13516,0,,
C13517,1,2026-06-20,No Longer Needed
C13518,0,,
C13519,0,,
C13520,0,,
C13521,0,,
C13522,0,,
C13523,1,2026-04-20,Other
C13524,0,,
C13525,1,2025-12-24,Other
C13526,1,2026-07-16,Customer Support
C13527,0,,
C13528,0,,
C13529,1,2025-10-05,Poor Service
C13530,0,,
C13531,1,2026-06-17,Poor Service
C13532,0,,
C13533,0,,
C13534,0,,
C13535,1,2026-07-12,Technical Issues
C13536,1,2025-06-05,Competitor
C13537,0,,
C13538,0,,
C13539,0,,
C13540,0,,
C13541,0,,
C13542,0,,
C13543,1,2025-02-07,Customer Support
C13544,0,,
C13545,0,,
C13546,1,2026-01-02,Poor Service
C13547,1,2025-11-04,Competitor
C13548,0,,
C13549,0,,
C13550,0,,
C13551,0,,
C13552,0,,
C13553,0,,
C13554,0,,
C13555,0,,
C13556,1,2026-07-31,Technical Issues
C13557,0,,
C13558,0,,
C13559,1,2026-08-06,Low Usage
C13560,0,,
C13561,1,2024-07-29,Technical Issues
C13562,0,,
C13563,0,,
C13564,0,,
C13565,0,,
C13566,0,,
C13567,1,2026-08-08,Low Usage
C13568,1,2025-06-01,Poor Service
C13569,0,,
C13570,0,,
C13571,1,2026-06-16,Customer Support
C13572,0,,
C13573,1,2026-03-18,No Longer Needed
C13574,1,2026-08-26,No Longer Needed
C13575,1,2026-03-09,No Longer Needed
C13576,1,2024-06-26,No Longer Needed
C13577,0,,
C13578,1,2026-01-21,Technical Issues
C13579,0,,
C13580,1,2026-08-04,Poor Service
C13581,0,,
C13582,0,,
C13583,1,2026-08-19,Other
C13584,0,,
C13585,0,,
C13586,1,2026-07-28,Competitor
C13587,0,,
C13588,0,,
C13589,0,,
C13590,0,,
C13591,1,2026-04-03,Price Too High
C13592,0,,
C13593,0,,
C13594,0,,
C13595,0,,
C13596,0,,
C13597,0,,
C13598,1,2024-07-19,Price Too High
C13599,1,2026-03-15,Low Usage
C13600,0,,
C13601,0,,
C13602,1,2025-05-25,Low Usage
C13603,1,2026-03-18,Poor Service
C13604,0,,
C13605,1,2026-06-29,Poor Service
C13606,1,2025-10-01,No Longer Needed
C13607,0,,
C13608,0,,
C13609,0,,
C13610,0,,
C13611,0,,
C13612,0,,
C13613,0,,
C13614,0,,
C13615,0,,
C13616,0,,
C13617,0,,
C13618,0,,
C13619,1,2025-09-24,Customer Support
C13620,1,2025-08-07,Price Too High
C13621,0,,
C13622,1,2026-06-07,Customer Support
C13623,1,2026-06-13,Low Usage
C13624,0,,
C13625,0,,
C13626,0,,
C13627,0,,
C13628,1,2026-09-04,Poor Service
C13629,1,2026-05-17,No Longer Needed
C13630,0,,
C13631,0,,
C13632,0,,
C13633,0,,
C13634,1,2026-08-18,Customer Support
C13635,0,,
C13636,0,,
C13637,0,,
C13638,0,,
C13639,1,2026-07-16,Customer Support
C13640,0,,
C13641,1,2026-08-22,Price Too High
C13642,1,2026-05-24,Low Usage
C13643,0,,
C13644,1,2026-06-13,Poor Service
C13645,0,,
C13646,0,,
C13647,0,,
C13648,0,,
C13649,1,2025-10-22,Technical Issues
C13650,0,,
C13651,1,2025-04-22,Customer Support
C13652,1,2026-03-03,Low Usage
C13653,1,2026-08-01,Competitor
C13654,0,,
C13655,0,,
C13656,0,,
C13657,0,,
C13658,0,,
C13659,0,,
C13660,1,2026-08-10,Technical Issues
C13661,0,,
C13662,0,,
C13663,1,2026-07-31,Low Usage
C13664,0,,
C13665,0,,
C13666,1,2026-08-14,Poor Service
C13667,0,,
C13668,1,2025-02-12,Low Usage
C13669,1,2026-07-15,Technical Issues
C13670,0,,
C13671,0,,
C13672,1,2026-08-22,Customer Support
C13673,0,,
C13674,0,,
C13675,1,2026-07-27,Poor Service
C13676,0,,
C13677,0,,
C13678,0,,
C13679,0,,
C13680,0,,
C13681,1,2026-07-10,Customer Support
C13682,1,2025-10-11,Poor Service
C13683,1,2026-08-20,Other
C13684,0,,
C13685,0,,
C13686,1,2026-01-03,Poor Service
C13687,1,2026-04-21,No Longer Needed
C13688,0,,
C13689,1,2026-03-22,Technical Issues
C13690,1,2025-11-14,Technical Issues
C13691,0,,
C13692,0,,
C13693,0,,
C13694,0,,
C13695,0,,
C13696,0,,
C13697,0,,
C13698,0,,
C13699,1,2024-10-10,Customer Support
C13700,1,2025-11-28,Technical Issues
C13701,0,,
C13702,0,,
C13703,0,,
C13704,0,,
C13705,0,,
C13706,0,,
C13707,1,2026-05-24,Poor Service
C13708,0,,
C13709,0,,
C13710,1,2025-10-10,Other
C13711,1,2025-05-24,Other
C13712,0,,
C13713,0,,
C13714,0,,
C13715,0,,
C13716,0,,
C13717,0,,
C13718,1,2026-01-06,Poor Service
C13719,0,,
C13720,0,,
C13721,0,,
C13722,1,2026-05-13,Technical Issues
C13723,0,,
C13724,0,,
C13725,1,2026-04-26,Low Usage
C13726,0,,
C13727,0,,
C13728,0,,
C13729,0,,
C13730,0,,
C13731,0,,
C13732,1,2026-05-23,Other
C13733,0,,
C13734,0,,
C13735,0,,
C13736,1,2025-08-15,Technical Issues
C13737,1,2026-04-20,Technical Issues
C13738,1,2026-04-10,Technical Issues
C13739,0,,
C13740,0,,
C13741,0,,
C13742,0,,
C13743,0,,
C13744,0,,
C13745,0,,
C13746,0,,
C13747,0,,
C13748,0,,
C13749,0,,
C13750,0,,
C13751,0,,
C13752,0,,
C13753,0,,
C13754,0,,
C13755,0,,
C13756,0,,
C13757,0,,
C13758,1,2026-06-14,No Longer Needed
C13759,0,,
C13760,0,,
C13761,1,2025-07-31,Technical Issues
C13762,0,,
C13763,1,2025-06-03,No Longer Needed
C13764,0,,
C13765,0,,
C13766,1,2025-12-23,Technical Issues
C13767,0,,
C13768,0,,
C13769,1,2025-12-12,Technical Issues
C13770,0,,
C13771,0,,
C13772,0,,
C13773,0,,
C13774,0,,
C13775,0,,
C13776,1,2026-03-26,Other
C13777,0,,
C13778,0,,
C13779,0,,
C13780,1,2025-06-18,Technical Issues
C13781,1,2025-09-01,Poor Service
C13782,0,,
C13783,0,,
C13784,0,,
C13785,0,,
C13786,0,,
C13787,1,2025-08-06,Customer Support
C13788,1,2026-03-14,Customer Support
C13789,0,,
C13790,0,,
C13791,0,,
C13792,0,,
C13793,1,2026-08-05,Customer Support
C13794,1,2025-09-14,Price Too High
C13795,0,,
C13796,1,2025-04-21,Poor Service
C13797,1,2026-05-02,Customer Support
C13798,0,,
C13799,0,,
C13800,0,,
C13801,1,2025-10-25,Low Usage
C13802,0,,
C13803,1,2025-02-13,Low Usage
C13804,0,,
C13805,1,2026-08-06,Other
C13806,0,,
C13807,0,,
C13808,0,,
C13809,0,,
C13810,1,2026-01-07,Customer Support
C13811,0,,
C13812,0,,
C13813,1,2025-07-03,Other
C13814,1,2026-07-18,Low Usage
C13815,0,,
C13816,1,2026-05-25,Poor Service
C13817,0,,
C13818,0,,
C13819,1,2026-04-27,Price Too High
C13820,0,,
C13821,0,,
C13822,0,,
C13823,0,,
C13824,1,2026-04-06,No Longer Needed
C13825,0,,
C13826,0,,
C13827,1,2026-06-14,Other
C13828,1,2025-12-31,Poor Service
C13829,1,2026-06-08,No Longer Needed
C13830,0,,
C13831,1,2025-10-08,Other
C13832,0,,
C13833,1,2026-01-24,Customer Support
C13834,1,2024-10-20,Price Too High
C13835,1,2024-11-07,Price Too High
C13836,0,,
C13837,0,,
C13838,0,,
C13839,0,,
C13840,0,,
C13841,0,,
C13842,0,,
C13843,1,2026-07-09,Poor Service
C13844,0,,
C13845,0,,
C13846,0,,
C13847,0,,
C13848,0,,
C13849,0,,
C13850,0,,
C13851,0,,
C13852,1,2025-08-16,Technical Issues
C13853,0,,
C13854,0,,
C13855,1,2026-07-14,No Longer Needed
C13856,0,,
C13857,0,,
C13858,1,2026-07-21,No Longer Needed
C13859,1,2026-06-20,Low Usage
C13860,0,,
C13861,0,,
C13862,0,,
C13863,0,,
C13864,0,,
C13865,0,,
C13866,0,,
C13867,1,2026-01-11,Customer Support
C13868,0,,
C13869,1,2024-12-30,Poor Service
C13870,0,,
C13871,0,,
C13872,0,,
C13873,0,,
C13874,0,,
C13875,0,,
C13876,0,,
C13877,0,,
C13878,1,2026-03-24,Price Too High
C13879,0,,
C13880,0,,
C13881,0,,
C13882,0,,
C13883,0,,
C13884,0,,
C13885,0,,
C13886,1,2025-07-31,No Longer Needed
C13887,1,2025-08-02,Poor Service
C13888,0,,
C13889,0,,
C13890,1,2026-05-17,Technical Issues
C13891,0,,
C13892,0,,
C13893,1,2024-10-23,Competitor
C13894,0,,
C13895,0,,
C13896,0,,
C13897,0,,
C13898,0,,
C13899,1,2025-04-05,Customer Support
C13900,0,,
C13901,0,,
C13902,0,,
C13903,1,2025-10-04,Technical Issues
C13904,0,,
C13905,0,,
C13906,0,,
C13907,1,2025-06-23,Low Usage
C13908,0,,
C13909,0,,
C13910,1,2026-05-21,Low Usage
C13911,0,,
C13912,0,,
C13913,1,2026-08-02,Price Too High
C13914,1,2026-03-22,Poor Service
C13915,1,2025-02-19,Poor Service
C13916,0,,
C13917,1,2026-08-06,Competitor
C13918,0,,
C13919,0,,
C13920,0,,
C13921,0,,
C13922,0,,
C13923,0,,
C13924,0,,
C13925,0,,
C13926,0,,
C13927,0,,
C13928,0,,
C13929,0,,
C13930,0,,
C13931,0,,
C13932,0,,
C13933,1,2026-08-08,No Longer Needed
C13934,0,,
C13935,0,,
C13936,0,,
C13937,0,,
C13938,0,,
C13939,0,,
C13940,0,,
C13941,0,,
C13942,0,,
C13943,0,,
C13944,0,,
C13945,1,2026-06-04,Price Too High
C13946,0,,
C13947,0,,
C13948,0,,
C13949,0,,
C13950,0,,
C13951,1,2025-02-07,No Longer Needed
C13952,1,2025-07-18,Price Too High
C13953,1,2026-05-29,Other
C13954,1,2026-08-07,Technical Issues
C13955,0,,
C13956,0,,
C13957,0,,
C13958,0,,
C13959,1,2026-06-13,No Longer Needed
C13960,0,,
C13961,0,,
C13962,0,,
C13963,0,,
C13964,0,,
C13965,1,2026-08-16,Low Usage
C13966,0,,
C13967,0,,
C13968,1,2026-08-15,Competitor
C13969,0,,
C13970,1,2025-04-09,Price Too High
C13971,1,2024-02-29,No Longer Needed
C13972,0,,
C13973,0,,
C13974,0,,
C13975,0,,
C13976,0,,
C13977,1,2026-03-17,Customer Support
C13978,0,,
C13979,1,2026-01-28,Low Usage
C13980,0,,
C13981,0,,
C13982,1,2024-10-05,Technical Issues
C13983,0,,
C13984,0,,
C13985,0,,
C13986,0,,
C13987,1,2024-12-26,Customer Support
C13988,1,2025-07-09,Poor Service
C13989,0,,
C13990,1,2026-05-19,Poor Service
C13991,0,,
C13992,0,,
C13993,0,,
C13994,0,,
C13995,0,,
C13996,1,2026-03-30,Poor Service
C13997,0,,
C13998,0,,
C13999,1,2026-09-07,Competitor
C14000,1,2025-05-28,Technical Issues
C14001,1,2026-07-02,Technical Issues
C14002,1,2025-04-01,No Longer Needed
C14003,0,,
C14004,0,,
C14005,0,,
C14006,0,,
C14007,0,,
C14008,0,,
C14009,0,,
C14010,0,,
C14011,0,,
C14012,1,2026-04-26,Competitor
C14013,1,2026-01-08,Competitor
C14014,0,,
C14015,1,2026-08-06,Low Usage
C14016,1,2026-04-16,Other
C14017,0,,
C14018,0,,
C14019,0,,
C14020,0,,
C14021,0,,
C14022,0,,
C14023,0,,
C14024,1,2026-03-05,No Longer Needed
C14025,0,,
C14026,1,2026-03-21,Technical Issues
C14027,0,,
C14028,1,2025-12-09,Competitor
C14029,0,,
C14030,0,,
C14031,0,,
C14032,1,2026-04-19,Competitor
C14033,0,,
C14034,0,,
C14035,0,,
C14036,0,,
C14037,1,2026-05-07,Poor Service
C14038,0,,
C14039,0,,
C14040,0,,
C14041,0,,
C14042,0,,
C14043,0,,
C14044,0,,
C14045,0,,
C14046,1,2025-01-06,Competitor
C14047,1,2026-01-25,Low Usage
C14048,0,,
C14049,0,,
C14050,0,,
C14051,0,,
C14052,1,2025-03-31,Technical Issues
C14053,0,,
C14054,0,,
C14055,0,,
C14056,0,,
C14057,1,2025-09-13,Poor Service
C14058,0,,
C14059,0,,
C14060,0,,
C14061,0,,
C14062,0,,
C14063,0,,
C14064,1,2026-05-14,Other
C14065,0,,
C14066,1,2026-07-14,Poor Service
C14067,0,,
C14068,0,,
C14069,0,,
C14070,0,,
C14071,0,,
C14072,0,,
C14073,0,,
C14074,0,,
C14075,0,,
C14076,0,,
C14077,0,,
C14078,0,,
C14079,1,2025-12-18,Price Too High
C14080,0,,
C14081,0,,
C14082,1,2025-07-30,Customer Support
C14083,1,2025-10-02,Customer Support
C14084,1,2026-07-31,Other
C14085,0,,
C14086,0,,
C14087,0,,
C14088,0,,
C14089,0,,
C14090,0,,
C14091,0,,
C14092,1,2025-03-09,Poor Service
C14093,0,,
C14094,1,2026-07-25,Other
C14095,0,,
C14096,0,,
C14097,0,,
C14098,0,,
C14099,0,,
C14100,1,2026-01-26,Poor Service
C14101,0,,
C14102,0,,
C14103,0,,
C14104,0,,
C14105,0,,
C14106,0,,
C14107,0,,
C14108,1,2026-05-13,Low Usage
C14109,0,,
C14110,0,,
C14111,0,,
C14112,0,,
C14113,0,,
C14114,0,,
C14115,0,,
C14116,0,,
C14117,0,,
C14118,0,,
C14119,0,,
C14120,0,,
C14121,1,2025-12-23,Technical Issues
C14122,0,,
C14123,0,,
C14124,0,,
C14125,1,2025-04-27,Poor Service
C14126,0,,
C14127,1,2026-08-02,Price Too High
C14128,0,,
C14129,0,,
C14130,0,,
C14131,0,,
C14132,0,,
C14133,0,,
C14134,0,,
C14135,0,,
C14136,0,,
C14137,0,,
C14138,0,,
C14139,0,,
C14140,1,2025-08-16,Low Usage
C14141,0,,
C14142,1,2026-06-07,No Longer Needed
C14143,0,,
C14144,0,,
C14145,0,,
C14146,0,,
C14147,1,2026-06-24,Low Usage
C14148,0,,
C14149,0,,
C14150,0,,
C14151,0,,
C14152,1,2025-12-31,Low Usage
C14153,1,2026-01-12,Low Usage
C14154,0,,
C14155,0,,
C14156,0,,
C14157,1,2026-02-13,Low Usage
C14158,0,,
C14159,1,2025-05-01,Technical Issues
C14160,0,,
C14161,0,,
C14162,1,2026-07-03,Competitor
C14163,1,2026-02-02,Customer Support
C14164,0,,
C14165,0,,
C14166,0,,
C14167,1,2024-01-13,Customer Support
C14168,1,2026-06-17,Poor Service
C14169,1,2025-01-05,No Longer Needed
C14170,0,,
C14171,0,,
C14172,1,2025-05-25,Customer Support
C14173,0,,
C14174,0,,
C14175,0,,
C14176,0,,
C14177,0,,
C14178,0,,
C14179,0,,
C14180,1,2025-12-28,Poor Service
C14181,0,,
C14182,0,,
C14183,0,,
C14184,0,,
C14185,0,,
C14186,1,2026-08-22,Low Usage
C14187,1,2025-10-20,Low Usage
C14188,0,,
C14189,0,,
C14190,1,2025-09-03,Price Too High
C14191,1,2025-06-09,Price Too High
C14192,0,,
C14193,0,,
C14194,0,,
C14195,0,,
C14196,0,,
C14197,0,,
C14198,1,2026-05-26,Poor Service
C14199,0,,
C14200,0,,
C14201,0,,
C14202,1,2025-07-18,Competitor
C14203,1,2025-10-23,No Longer Needed
C14204,1,2026-02-20,Technical Issues
C14205,0,,
C14206,0,,
C14207,0,,
C14208,0,,
C14209,1,2026-08-21,Low Usage
C14210,1,2025-07-28,Competitor
C14211,0,,
C14212,0,,
C14213,0,,
C14214,1,2025-04-05,Other
C14215,0,,
C14216,0,,
C14217,0,,
C14218,0,,
C14219,0,,
C14220,0,,
C14221,0,,
C14222,0,,
C14223,0,,
C14224,1,2026-08-17,Competitor
C14225,1,2025-07-12,Price Too High
C14226,0,,
C14227,0,,
C14228,0,,
C14229,0,,
C14230,1,2024-09-02,Technical Issues
C14231,1,2025-08-05,Customer Support
C14232,0,,
C14233,1,2025-12-28,Technical Issues
C14234,0,,
C14235,0,,
C14236,1,2026-04-29,Competitor
C14237,0,,
C14238,0,,
C14239,0,,
C14240,0,,
C14241,1,2026-08-12,Poor Service
C14242,0,,
C14243,0,,
C14244,0,,
C14245,1,2025-12-19,Competitor
C14246,0,,
C14247,0,,
C14248,0,,
C14249,0,,
C14250,0,,
C14251,0,,
C14252,0,,
C14253,0,,
C14254,0,,
C14255,0,,
C14256,0,,
C14257,0,,
C14258,0,,
C14259,0,,
C14260,0,,
C14261,1,2026-09-04,Customer Support
C14262,0,,
C14263,1,2024-09-24,No Longer Needed
C14264,0,,
C14265,1,2024-10-20,Customer Support
C14266,0,,
C14267,0,,
C14268,0,,
C14269,0,,
C14270,0,,
C14271,0,,
C14272,0,,
C14273,0,,
C14274,0,,
C14275,0,,
C14276,1,2025-07-17,No Longer Needed
C14277,0,,
C14278,0,,
C14279,1,2026-04-23,Technical Issues
C14280,0,,
C14281,0,,
C14282,0,,
C14283,0,,
C14284,0,,
C14285,0,,
C14286,0,,
C14287,0,,
C14288,0,,
C14289,0,,
C14290,0,,
C14291,0,,
C14292,0,,
C14293,0,,
C14294,1,2025-08-17,Poor Service
C14295,0,,
C14296,1,2026-08-22,No Longer Needed
C14297,1,2026-01-18,Competitor
C14298,0,,
C14299,0,,
C14300,0,,
C14301,0,,
C14302,0,,
C14303,1,2025-11-10,Poor Service
C14304,0,,
C14305,0,,
C14306,0,,
C14307,0,,
C14308,0,,
C14309,0,,
C14310,0,,
C14311,0,,
C14312,0,,
C14313,0,,
C14314,0,,
C14315,0,,
C14316,0,,
C14317,0,,
C14318,0,,
C14319,0,,
C14320,0,,
C14321,0,,
C14322,0,,
C14323,1,2026-08-01,Technical Issues
C14324,0,,
C14325,1,2024-01-11,Poor Service
C14326,0,,
C14327,0,,
C14328,0,,
C14329,0,,
C14330,1,2026-05-13,Low Usage
C14331,0,,
C14332,0,,
C14333,1,2025-08-28,Competitor
C14334,0,,
C14335,0,,
C14336,0,,
C14337,1,2026-08-16,Customer Support
C14338,0,,
C14339,0,,
C14340,0,,
C14341,0,,
C14342,0,,
C14343,1,2026-06-22,Other
C14344,1,2024-06-02,Low Usage
C14345,0,,
C14346,0,,
C14347,1,2026-01-12,Low Usage
C14348,0,,
C14349,1,2026-05-18,Customer Support
C14350,0,,
C14351,0,,
C14352,1,2024-08-08,Poor Service
C14353,1,2024-11-18,Customer Support
C14354,1,2025-07-27,Low Usage
C14355,1,2026-07-26,No Longer Needed
C14356,0,,
C14357,1,2026-08-10,No Longer Needed
C14358,1,2025-10-17,Technical Issues
C14359,0,,
C14360,0,,
C14361,0,,
C14362,0,,
C14363,1,2025-09-14,No Longer Needed
C14364,0,,
C14365,0,,
C14366,1,2024-10-25,Competitor
C14367,0,,
C14368,0,,
C14369,0,,
C14370,0,,
C14371,0,,
C14372,0,,
C14373,0,,
C14374,0,,
C14375,1,2025-08-06,Technical Issues
C14376,0,,
C14377,0,,
C14378,0,,
C14379,0,,
C14380,1,2026-07-22,Low Usage
C14381,0,,
C14382,0,,
C14383,0,,
C14384,1,2026-08-21,Competitor
C14385,0,,
C14386,1,2026-01-11,No Longer Needed
C14387,0,,
C14388,1,2026-07-15,Other
C14389,1,2026-06-21,Customer Support
C14390,1,2026-08-15,Customer Support
C14391,1,2025-07-05,Competitor
C14392,0,,
C14393,0,,
C14394,1,2025-12-30,Low Usage
C14395,0,,
C14396,1,2024-09-30,Technical Issues
C14397,0,,
C14398,0,,
C14399,0,,
C14400,1,2025-06-07,Technical Issues
C14401,0,,
C14402,0,,
C14403,0,,
C14404,0,,
C14405,0,,
C14406,0,,
C14407,1,2025-10-22,Low Usage
C14408,0,,
C14409,1,2025-09-03,No Longer Needed
C14410,0,,
C14411,0,,
C14412,0,,
C14413,0,,
C14414,1,2025-04-29,Low Usage
C14415,0,,
C14416,1,2026-08-07,Other
C14417,0,,
C14418,0,,
C14419,0,,
C14420,1,2026-08-22,Competitor
C14421,0,,
C14422,0,,
C14423,0,,
C14424,1,2026-04-15,Customer Support
C14425,0,,
C14426,0,,
C14427,1,2026-01-02,No Longer Needed
C14428,0,,
C14429,1,2025-08-03,Technical Issues
C14430,0,,
C14431,0,,
C14432,1,2026-08-02,Technical Issues
C14433,0,,
C14434,0,,
C14435,0,,
C14436,0,,
C14437,0,,
C14438,0,,
C14439,0,,
C14440,0,,
C14441,0,,
C14442,0,,
C14443,0,,
C14444,0,,
C14445,0,,
C14446,0,,
C14447,1,2026-08-08,Competitor
C14448,0,,
C14449,0,,
C14450,0,,
C14451,1,2024-08-20,Competitor
C14452,0,,
C14453,0,,
C14454,1,2025-10-16,Technical Issues
C14455,0,,
C14456,0,,
C14457,0,,
C14458,0,,
C14459,0,,
C14460,1,2026-07-20,Poor Service
C14461,0,,
C14462,1,2026-04-09,No Longer Needed
C14463,0,,
C14464,1,2026-06-27,Customer Support
C14465,1,2026-06-05,Other
C14466,0,,
C14467,0,,
C14468,0,,
C14469,0,,
C14470,1,2026-08-18,Customer Support
C14471,0,,
C14472,1,2026-06-23,Other
C14473,0,,
C14474,1,2024-12-14,Price Too High
C14475,0,,
C14476,0,,
C14477,0,,
C14478,0,,
C14479,0,,
C14480,0,,
C14481,0,,
C14482,0,,
C14483,0,,
C14484,0,,
C14485,1,2025-09-13,Customer Support
C14486,1,2026-07-07,Price Too High
C14487,1,2025-03-26,Technical Issues
C14488,0,,
C14489,0,,
C14490,0,,
C14491,1,2026-04-04,Price Too High
C14492,0,,
C14493,1,2025-03-08,Poor Service
C14494,0,,
C14495,1,2026-08-07,Technical Issues
C14496,1,2026-04-22,Low Usage
C14497,0,,
C14498,1,2024-10-17,Poor Service
C14499,0,,
C14500,1,2026-07-18,Technical Issues
C14501,1,2026-01-13,Customer Support
C14502,0,,
C14503,1,2025-12-05,Other
C14504,0,,
C14505,0,,
C14506,1,2026-06-10,Other
C14507,0,,
C14508,0,,
C14509,0,,
C14510,0,,
C14511,0,,
C14512,1,2025-03-27,Low Usage
C14513,0,,
C14514,1,2026-03-20,Low Usage
C14515,0,,
C14516,1,2026-04-26,Technical Issues
C14517,0,,
C14518,0,,
C14519,0,,
C14520,0,,
C14521,1,2025-12-22,No Longer Needed
C14522,1,2026-07-28,Technical Issues
C14523,0,,
C14524,0,,
C14525,0,,
C14526,0,,
C14527,0,,
C14528,0,,
C14529,0,,
C14530,1,2025-11-17,Poor Service
C14531,1,2026-02-17,Customer Support
C14532,0,,
C14533,1,2025-12-25,Competitor
C14534,1,2024-06-16,No Longer Needed
C14535,0,,
C14536,0,,
C14537,0,,
C14538,1,2026-05-18,Customer Support
C14539,0,,
C14540,0,,
C14541,1,2026-07-13,No Longer Needed
C14542,0,,
C14543,0,,
C14544,0,,
C14545,0,,
C14546,0,,
C14547,1,2026-08-16,Price Too High
C14548,0,,
C14549,1,2026-07-29,Technical Issues
C14550,1,2026-06-03,Poor Service
C14551,0,,
C14552,1,2026-03-28,Price Too High
C14553,0,,
C14554,0,,
C14555,0,,
C14556,1,2025-07-16,Technical Issues
C14557,0,,
C14558,1,2026-03-16,Technical Issues
C14559,1,2026-08-10,Poor Service
C14560,1,2026-07-09,Technical Issues
C14561,0,,
C14562,0,,
C14563,0,,
C14564,0,,
C14565,0,,
C14566,0,,
C14567,0,,
C14568,1,2026-04-28,Price Too High
C14569,0,,
C14570,0,,
C14571,1,2026-06-09,Customer Support
C14572,0,,
C14573,0,,
C14574,1,2026-01-15,Low Usage
C14575,1,2025-11-10,Price Too High
C14576,0,,
C14577,0,,
C14578,0,,
C14579,0,,
C14580,0,,
C14581,1,2024-12-15,Customer Support
C14582,1,2026-08-19,Other
C14583,0,,
C14584,0,,
C14585,0,,
C14586,0,,
C14587,0,,
C14588,0,,
C14589,0,,
C14590,0,,
C14591,0,,
C14592,0,,
C14593,0,,
C14594,0,,
C14595,0,,
C14596,0,,
C14597,1,2025-06-30,Technical Issues
C14598,0,,
C14599,0,,
C14600,0,,
C14601,0,,
C14602,1,2025-04-25,Customer Support
C14603,0,,
C14604,0,,
C14605,0,,
C14606,1,2026-01-26,Customer Support
C14607,0,,
C14608,1,2026-07-24,Other
C14609,1,2026-06-13,Competitor
C14610,0,,
C14611,0,,
C14612,0,,
C14613,1,2025-12-06,Competitor
C14614,1,2026-05-24,No Longer Needed
C14615,0,,
C14616,0,,
C14617,0,,
C14618,1,2026-08-12,Low Usage
C14619,0,,
C14620,0,,
C14621,0,,
C14622,1,2025-07-05,Low Usage
C14623,0,,
C14624,0,,
C14625,0,,
C14626,0,,
C14627,1,2026-05-21,Technical Issues
C14628,0,,
C14629,0,,
C14630,0,,
C14631,0,,
C14632,0,,
C14633,0,,
C14634,0,,
C14635,0,,
C14636,0,,
C14637,0,,
C14638,1,2026-04-24,Low Usage
C14639,0,,
C14640,0,,
C14641,0,,
C14642,0,,
C14643,0,,
C14644,0,,
C14645,0,,
C14646,0,,
C14647,0,,
C14648,0,,
C14649,1,2026-06-26,Competitor
C14650,0,,
C14651,0,,
C14652,1,2026-06-06,No Longer Needed
C14653,1,2024-10-29,Customer Support
C14654,0,,
C14655,1,2026-09-04,Poor Service
C14656,0,,
C14657,0,,
C14658,1,2025-04-24,Price Too High
C14659,0,,
C14660,1,2025-08-05,Customer Support
C14661,0,,
C14662,0,,
C14663,0,,
C14664,1,2024-09-15,Customer Support
C14665,1,2025-09-16,Technical Issues
C14666,0,,
C14667,0,,
C14668,1,2026-01-16,Poor Service
C14669,0,,
C14670,0,,
C14671,1,2026-08-20,No Longer Needed
C14672,0,,
C14673,0,,
C14674,0,,
C14675,0,,
C14676,1,2026-05-08,Other
C14677,1,2025-07-12,Customer Support
C14678,0,,
C14679,1,2025-02-15,Customer Support
C14680,0,,
C14681,0,,
C14682,0,,
C14683,1,2026-07-30,Poor Service
C14684,1,2025-04-03,Poor Service
C14685,0,,
C14686,0,,
C14687,0,,
C14688,0,,
C14689,0,,
C14690,1,2026-06-02,Poor Service
C14691,0,,
C14692,0,,
C14693,0,,
C14694,1,2024-08-16,Competitor
C14695,0,,
C14696,0,,
C14697,0,,
C14698,0,,
C14699,0,,
C14700,0,,
C14701,1,2026-01-05,Competitor
C14702,1,2026-05-28,Price Too High
C14703,0,,
C14704,0,,
C14705,0,,
C14706,0,,
C14707,0,,
C14708,0,,
C14709,0,,
C14710,1,2026-07-19,Low Usage
C14711,0,,
C14712,0,,
C14713,0,,
C14714,1,2026-04-29,Competitor
C14715,0,,
C14716,0,,
C14717,0,,
C14718,1,2026-02-09,No Longer Needed
C14719,1,2026-06-18,Technical Issues
C14720,0,,
C14721,1,2026-03-15,Price Too High
C14722,1,2026-04-14,No Longer Needed
C14723,0,,
C14724,0,,
C14725,0,,
C14726,0,,
C14727,1,2026-05-25,Customer Support
C14728,0,,
C14729,1,2025-10-19,Price Too High
C14730,0,,
C14731,1,2026-08-25,Low Usage
C14732,1,2026-07-31,No Longer Needed
C14733,1,2026-08-07,Technical Issues
C14734,1,2026-01-16,Technical Issues
C14735,0,,
C14736,0,,
C14737,0,,
C14738,1,2024-12-11,No Longer Needed
C14739,0,,
C14740,1,2025-03-07,No Longer Needed
C14741,1,2026-08-20,Technical Issues
C14742,1,2026-03-26,Poor Service
C14743,0,,
C14744,0,,
C14745,0,,
C14746,0,,
C14747,0,,
C14748,0,,
C14749,0,,
C14750,0,,
C14751,0,,
C14752,0,,
C14753,0,,
C14754,0,,
C14755,1,2025-04-08,Poor Service
C14756,0,,
C14757,0,,
C14758,1,2026-08-11,Technical Issues
C14759,1,2026-04-27,Price Too High
C14760,0,,
C14761,0,,
C14762,0,,
C14763,0,,
C14764,0,,
C14765,0,,
C14766,0,,
C14767,0,,
C14768,0,,
C14769,1,2025-01-26,Customer Support
C14770,0,,
C14771,1,2026-02-25,Customer Support
C14772,0,,
C14773,0,,
C14774,0,,
C14775,1,2025-12-25,Competitor
C14776,1,2026-03-05,No Longer Needed
C14777,0,,
C14778,1,2025-01-03,Customer Support
C14779,1,2026-08-05,Technical Issues
C14780,0,,
C14781,0,,
C14782,1,2025-11-24,Customer Support
C14783,0,,
C14784,0,,
C14785,0,,
C14786,1,2026-08-14,Poor Service
C14787,1,2026-06-21,Poor Service
C14788,0,,
C14789,1,2026-07-17,Low Usage
C14790,1,2026-02-13,Other
C14791,1,2024-10-14,Technical Issues
C14792,1,2026-03-06,No Longer Needed
C14793,0,,
C14794,0,,
C14795,0,,
C14796,0,,
C14797,0,,
C14798,1,2026-05-03,Competitor
C14799,0,,
C14800,0,,
C14801,1,2025-04-29,Competitor
C14802,0,,
C14803,0,,
C14804,0,,
C14805,0,,
C14806,0,,
C14807,1,2026-01-10,Customer Support
C14808,0,,
C14809,0,,
C14810,1,2026-08-26,Customer Support
C14811,1,2025-08-11,Customer Support
C14812,0,,
C14813,0,,
C14814,0,,
C14815,0,,
C14816,1,2026-07-02,Competitor
C14817,0,,
C14818,0,,
C14819,0,,
C14820,0,,
C14821,0,,
C14822,0,,
C14823,0,,
C14824,1,2026-06-26,Technical Issues
C14825,0,,
C14826,0,,
C14827,1,2025-02-23,Technical Issues
C14828,0,,
C14829,1,2024-10-01,Technical Issues
C14830,0,,
C14831,1,2026-07-04,Poor Service
C14832,0,,
C14833,1,2026-05-22,Poor Service
C14834,0,,
C14835,0,,
C14836,0,,
C14837,0,,
C14838,0,,
C14839,0,,
C14840,0,,
C14841,0,,
C14842,0,,
C14843,0,,
C14844,1,2026-07-10,Low Usage
C14845,1,2026-06-14,Low Usage
C14846,0,,
C14847,0,,
C14848,0,,
C14849,0,,
C14850,1,2026-06-26,Low Usage
C14851,0,,
C14852,0,,
C14853,0,,
C14854,0,,
C14855,0,,
C14856,1,2026-08-11,Customer Support
C14857,0,,
C14858,0,,
C14859,0,,
C14860,1,2026-04-12,Low Usage
C14861,0,,
C14862,0,,
C14863,0,,
C14864,0,,
C14865,0,,
C14866,0,,
C14867,1,2026-08-26,Poor Service
C14868,0,,
C14869,0,,
C14870,0,,
C14871,0,,
C14872,0,,
C14873,0,,
C14874,0,,
C14875,0,,
C14876,0,,
C14877,0,,
C14878,1,2024-02-07,Technical Issues
C14879,0,,
C14880,0,,
C14881,1,2026-05-21,Technical Issues
C14882,1,2026-04-24,Price Too High
C14883,0,,
C14884,0,,
C14885,0,,
C14886,0,,
C14887,0,,
C14888,0,,
C14889,0,,
C14890,0,,
C14891,1,2025-12-28,Competitor
C14892,1,2026-08-12,No Longer Needed
C14893,0,,
C14894,1,2025-01-11,Technical Issues
C14895,0,,
C14896,0,,
C14897,0,,
C14898,0,,
C14899,0,,
C14900,0,,
C14901,1,2026-07-31,Other
C14902,1,2026-08-31,Competitor
C14903,0,,
C14904,1,2025-12-27,Technical Issues
C14905,0,,
C14906,0,,
C14907,1,2026-04-04,Customer Support
C14908,0,,
C14909,0,,
C14910,1,2026-05-21,Technical Issues
C14911,1,2025-10-23,Technical Issues
C14912,1,2026-05-20,Poor Service
C14913,1,2025-11-01,Low Usage
C14914,0,,
C14915,0,,
C14916,0,,
C14917,0,,
C14918,0,,
C14919,1,2026-08-19,Customer Support
C14920,0,,
C14921,0,,
C14922,1,2025-07-01,Competitor
C14923,0,,
C14924,0,,
C14925,0,,
C14926,0,,
C14927,0,,
C14928,0,,
C14929,0,,
C14930,1,2026-05-14,Competitor
C14931,0,,
C14932,0,,
C14933,1,2024-11-15,Technical Issues
C14934,0,,
C14935,0,,
C14936,1,2025-12-19,Other
C14937,0,,
C14938,0,,
C14939,0,,
C14940,1,2025-09-27,Price Too High
C14941,1,2026-04-16,Competitor
C14942,0,,
C14943,0,,
C14944,1,2026-09-20,Other
C14945,1,2026-02-19,Other
C14946,0,,
C14947,1,2026-02-12,Competitor
C14948,1,2026-06-01,Technical Issues
C14949,0,,
C14950,0,,
C14951,0,,
C14952,0,,
C14953,0,,
C14954,1,2026-03-18,No Longer Needed
C14955,0,,
C14956,1,2025-09-02,Technical Issues
C14957,1,2026-06-22,Poor Service
C14958,1,2025-02-25,Poor Service
C14959,0,,
C14960,0,,
C14961,0,,
C14962,0,,
C14963,0,,
C14964,0,,
C14965,0,,
C14966,1,2026-05-12,Low Usage
C14967,1,2026-03-25,Customer Support
C14968,1,2026-04-25,Other
C14969,0,,
C14970,0,,
C14971,0,,
C14972,1,2025-09-13,Other
C14973,0,,
C14974,0,,
C14975,0,,
C14976,0,,
C14977,0,,
C14978,0,,
C14979,0,,
C14980,0,,
C14981,0,,
C14982,0,,
C14983,0,,
C14984,1,2026-08-12,Low Usage
C14985,0,,
C14986,0,,
C14987,0,,
C14988,0,,
C14989,0,,
C14990,0,,
C14991,0,,
C14992,1,2026-09-12,Poor Service
C14993,0,,
C14994,0,,
C14995,0,,
C14996,0,,
C14997,1,2026-08-30,Customer Support
C14998,0,,
C14999,0,,
C15000,0,,
C15001,0,,
C15002,0,,
C15003,1,2024-08-10,Price Too High
C15004,0,,
C15005,0,,
C15006,0,,
C15007,1,2026-04-14,Competitor
C15008,0,,
C15009,0,,
C15010,0,,
C15011,0,,
C15012,0,,
C15013,0,,
C15014,0,,
C15015,0,,
C15016,0,,
C15017,0,,
C15018,0,,
C15019,0,,
C15020,1,2026-07-08,No Longer Needed
C15021,0,,
C15022,0,,
C15023,0,,
C15024,1,2026-07-22,Other
C15025,0,,
C15026,1,2025-09-11,Poor Service
C15027,1,2026-04-04,No Longer Needed
C15028,0,,
C15029,1,2026-08-16,Low Usage
C15030,0,,
C15031,1,2026-06-23,Technical Issues
C15032,0,,
C15033,0,,
C15034,1,2026-09-15,No Longer Needed
C15035,0,,
C15036,0,,
C15037,0,,
C15038,0,,
C15039,1,2025-10-19,Low Usage
C15040,0,,
C15041,0,,
C15042,0,,
C15043,0,,
C15044,0,,
C15045,0,,
C15046,0,,
C15047,1,2025-08-09,Other
C15048,0,,
C15049,1,2026-02-01,Other
C15050,0,,
C15051,1,2026-03-23,Customer Support
C15052,0,,
C15053,0,,
C15054,1,2025-07-25,Technical Issues
C15055,1,2026-09-02,Customer Support
C15056,1,2025-06-05,Low Usage
C15057,0,,
C15058,1,2026-07-24,No Longer Needed
C15059,0,,
C15060,0,,
C15061,0,,
C15062,0,,
C15063,1,2026-08-05,Customer Support
C15064,0,,
C15065,0,,
C15066,0,,
C15067,0,,
C15068,0,,
C15069,1,2026-08-03,Low Usage
C15070,0,,
C15071,0,,
C15072,1,2025-12-07,No Longer Needed
C15073,0,,
C15074,0,,
C15075,0,,
C15076,1,2025-08-01,Poor Service
C15077,0,,
C15078,1,2026-06-07,Poor Service
C15079,0,,
C15080,0,,
C15081,0,,
C15082,0,,
C15083,0,,
C15084,1,2026-05-15,No Longer Needed
C15085,0,,
C15086,0,,
C15087,0,,
C15088,0,,
C15089,0,,
C15090,0,,
C15091,0,,
C15092,0,,
C15093,0,,
C15094,1,2024-03-07,Customer Support
C15095,0,,
C15096,0,,
C15097,1,2026-01-08,Technical Issues
C15098,0,,
C15099,0,,
C15100,0,,
C15101,0,,
C15102,1,2026-07-24,Competitor
C15103,0,,
C15104,0,,
C15105,0,,
C15106,0,,
C15107,0,,
C15108,1,2025-03-27,Other
C15109,1,2025-04-29,Other
C15110,1,2026-07-31,Technical Issues
C15111,1,2026-05-07,Technical Issues
C15112,0,,
C15113,0,,
C15114,0,,
C15115,1,2025-09-30,Low Usage
C15116,1,2025-07-21,Technical Issues
C15117,0,,
C15118,0,,
C15119,0,,
C15120,1,2026-06-04,Price Too High
C15121,0,,
C15122,0,,
C15123,0,,
C15124,0,,
C15125,0,,
C15126,0,,
C15127,0,,
C15128,0,,
C15129,0,,
C15130,0,,
C15131,0,,
C15132,0,,
C15133,0,,
C15134,0,,
C15135,0,,
C15136,0,,
C15137,0,,
C15138,0,,
C15139,0,,
C15140,0,,
C15141,0,,
C15142,1,2026-09-17,Technical Issues
C15143,0,,
C15144,0,,
C15145,0,,
C15146,0,,
C15147,1,2025-05-08,No Longer Needed
C15148,0,,
C15149,0,,
C15150,0,,
C15151,0,,
C15152,0,,
C15153,0,,
C15154,0,,
C15155,0,,
C15156,0,,
C15157,1,2025-03-18,Price Too High
C15158,1,2026-08-11,Customer Support
C15159,0,,
C15160,1,2026-08-21,Competitor
C15161,1,2024-12-19,Customer Support
C15162,0,,
C15163,0,,
C15164,0,,
C15165,0,,
C15166,0,,
C15167,0,,
C15168,1,2026-06-12,Customer Support
C15169,0,,
C15170,0,,
C15171,1,2026-08-14,Technical Issues
C15172,1,2026-02-04,No Longer Needed
C15173,1,2025-01-19,Technical Issues
C15174,0,,
C15175,0,,
C15176,1,2024-11-30,Other
C15177,0,,
C15178,0,,
C15179,0,,
C15180,1,2024-09-08,Technical Issues
C15181,1,2026-02-26,Other
C15182,0,,
C15183,0,,
C15184,0,,
C15185,0,,
C15186,0,,
C15187,0,,
C15188,0,,
C15189,0,,
C15190,1,2026-06-18,Technical Issues
C15191,1,2026-06-15,Low Usage
C15192,0,,
C15193,0,,
C15194,0,,
C15195,0,,
C15196,1,2026-04-26,Low Usage
C15197,0,,
C15198,1,2026-07-22,Poor Service
C15199,0,,
C15200,0,,
C15201,0,,
C15202,0,,
C15203,0,,
C15204,0,,
C15205,0,,
C15206,0,,
C15207,1,2026-01-11,Technical Issues
C15208,1,2026-03-30,Poor Service
C15209,0,,
C15210,0,,
C15211,0,,
C15212,0,,
C15213,0,,
C15214,0,,
C15215,0,,
C15216,1,2026-08-15,Competitor
C15217,0,,
C15218,0,,
C15219,1,2026-08-18,Other
C15220,0,,
C15221,1,2026-05-04,Other
C15222,0,,
C15223,0,,
C15224,0,,
C15225,0,,
C15226,1,2025-10-08,Competitor
C15227,0,,
C15228,1,2025-04-09,Poor Service
C15229,0,,
C15230,0,,
C15231,0,,
C15232,0,,
C15233,0,,
C15234,0,,
C15235,0,,
C15236,0,,
C15237,0,,
C15238,0,,
C15239,1,2026-07-11,Technical Issues
C15240,0,,
C15241,0,,
C15242,0,,
C15243,1,2026-03-20,Poor Service
C15244,1,2026-08-03,Poor Service
C15245,0,,
C15246,1,2025-09-15,Poor Service
C15247,1,2025-05-14,Competitor
C15248,1,2026-01-11,Low Usage
C15249,0,,
C15250,0,,
C15251,1,2026-03-28,Other
C15252,1,2025-02-28,Low Usage
C15253,0,,
C15254,0,,
C15255,0,,
C15256,1,2025-08-13,Customer Support
C15257,0,,
C15258,0,,
C15259,0,,
C15260,1,2025-10-12,Technical Issues
C15261,0,,
C15262,0,,
C15263,0,,
C15264,1,2025-11-04,Technical Issues
C15265,0,,
C15266,0,,
C15267,0,,
C15268,1,2025-12-18,Low Usage
C15269,1,2026-05-14,Technical Issues
C15270,1,2026-04-17,Customer Support
C15271,0,,
C15272,0,,
C15273,0,,
C15274,0,,
C15275,0,,
C15276,0,,
C15277,0,,
C15278,1,2026-08-20,Low Usage
C15279,1,2025-11-18,No Longer Needed
C15280,0,,
C15281,0,,
C15282,0,,
C15283,0,,
C15284,0,,
C15285,1,2025-02-23,Technical Issues
C15286,0,,
C15287,0,,
C15288,1,2025-01-21,Poor Service
C15289,0,,
C15290,0,,
C15291,1,2026-04-25,Technical Issues
C15292,0,,
C15293,1,2026-01-31,Customer Support
C15294,0,,
C15295,0,,
C15296,0,,
C15297,0,,
C15298,0,,
C15299,0,,
C15300,0,,
C15301,0,,
C15302,1,2024-08-13,Other
C15303,0,,
C15304,0,,
C15305,0,,
C15306,0,,
C15307,0,,
C15308,0,,
C15309,0,,
C15310,0,,
C15311,0,,
C15312,0,,
C15313,0,,
C15314,0,,
C15315,0,,
C15316,0,,
C15317,1,2026-06-14,Low Usage
C15318,0,,
C15319,0,,
C15320,1,2026-01-06,Competitor
C15321,0,,
C15322,1,2026-09-21,Low Usage
C15323,0,,
C15324,0,,
C15325,0,,
C15326,0,,
C15327,0,,
C15328,0,,
C15329,0,,
C15330,0,,
C15331,0,,
C15332,0,,
C15333,0,,
C15334,0,,
C15335,0,,
C15336,0,,
C15337,0,,
C15338,0,,
C15339,0,,
C15340,0,,
C15341,0,,
C15342,0,,
C15343,0,,
C15344,0,,
C15345,1,2025-06-26,Technical Issues
C15346,0,,
C15347,0,,
C15348,0,,
C15349,0,,
C15350,1,2025-01-03,Other
C15351,1,2026-01-01,Competitor
C15352,0,,
C15353,1,2026-08-16,Poor Service
C15354,0,,
C15355,0,,
C15356,0,,
C15357,0,,
C15358,0,,
C15359,0,,
C15360,0,,
C15361,0,,
C15362,1,2026-06-24,No Longer Needed
C15363,0,,
C15364,0,,
C15365,0,,
C15366,0,,
C15367,0,,
C15368,0,,
C15369,1,2026-07-11,Technical Issues
C15370,0,,
C15371,0,,
C15372,1,2025-06-18,Price Too High
C15373,0,,
C15374,0,,
C15375,1,2025-11-02,Competitor
C15376,0,,
C15377,0,,
C15378,0,,
C15379,0,,
C15380,0,,
C15381,0,,
C15382,0,,
C15383,0,,
C15384,0,,
C15385,0,,
C15386,0,,
C15387,0,,
C15388,0,,
C15389,1,2026-05-26,Poor Service
C15390,0,,
C15391,1,2026-09-13,Competitor
C15392,0,,
C15393,0,,
C15394,1,2026-01-20,Customer Support
C15395,0,,
C15396,1,2026-08-16,Customer Support
C15397,0,,
C15398,0,,
C15399,0,,
C15400,0,,
C15401,1,2026-08-01,No Longer Needed
C15402,0,,
C15403,1,2026-09-07,Poor Service
C15404,0,,
C15405,0,,
C15406,1,2026-06-14,Low Usage
C15407,0,,
C15408,0,,
C15409,1,2024-07-08,Low Usage
C15410,0,,
C15411,0,,
C15412,0,,
C15413,0,,
C15414,1,2026-02-05,Poor Service
C15415,0,,
C15416,0,,
C15417,0,,
C15418,1,2026-08-25,Competitor
C15419,1,2024-07-28,Other
C15420,0,,
C15421,1,2026-07-29,Customer Support
C15422,0,,
C15423,0,,
C15424,0,,
C15425,1,2026-06-19,No Longer Needed
C15426,1,2026-07-25,Customer Support
C15427,0,,
C15428,1,2026-01-31,Low Usage
C15429,1,2024-11-23,Competitor
C15430,1,2024-12-09,Price Too High
C15431,0,,
C15432,0,,
C15433,0,,
C15434,0,,
C15435,0,,
C15436,0,,
C15437,1,2025-12-08,No Longer Needed
C15438,0,,
C15439,0,,
C15440,0,,
C15441,0,,
C15442,1,2026-06-12,No Longer Needed
C15443,0,,
C15444,0,,
C15445,0,,
C15446,0,,
C15447,0,,
C15448,0,,
C15449,1,2025-04-14,Poor Service
C15450,0,,
C15451,1,2025-12-11,Price Too High
C15452,1,2026-07-06,Customer Support
C15453,1,2026-07-18,Price Too High
C15454,1,2025-05-31,Low Usage
C15455,1,2026-02-09,Poor Service
C15456,0,,
C15457,0,,
C15458,0,,
C15459,0,,
C15460,1,2025-09-17,Competitor
C15461,0,,
C15462,1,2025-09-28,Other
C15463,0,,
C15464,0,,
C15465,0,,
C15466,1,2024-11-03,Competitor
C15467,0,,
C15468,0,,
C15469,0,,
C15470,1,2026-03-01,Other
C15471,1,2025-08-08,No Longer Needed
C15472,0,,
C15473,0,,
C15474,0,,
C15475,0,,
C15476,1,2025-04-02,No Longer Needed
C15477,0,,
C15478,0,,
C15479,0,,
C15480,1,2026-04-12,No Longer Needed
C15481,1,2025-07-29,Other
C15482,0,,
C15483,0,,
C15484,0,,
C15485,0,,
C15486,0,,
C15487,1,2026-02-28,Customer Support
C15488,0,,
C15489,0,,
C15490,0,,
C15491,1,2026-01-10,Price Too High
C15492,1,2026-08-22,Competitor
C15493,0,,
C15494,0,,
C15495,0,,
C15496,1,2025-12-25,Poor Service
C15497,1,2026-08-08,Poor Service
C15498,1,2026-03-04,Customer Support
C15499,1,2024-05-06,Other
C15500,0,,
C15501,1,2025-02-10,Other
C15502,1,2026-03-27,Technical Issues
C15503,0,,
C15504,0,,
C15505,1,2026-08-08,Technical Issues
C15506,0,,
C15507,0,,
C15508,1,2026-08-09,Technical Issues
C15509,0,,
C15510,0,,
C15511,0,,
C15512,0,,
C15513,0,,
C15514,0,,
C15515,0,,
C15516,0,,
C15517,0,,
C15518,0,,
C15519,1,2024-11-04,Competitor
C15520,0,,
C15521,0,,
C15522,0,,
C15523,0,,
C15524,0,,
C15525,0,,
C15526,0,,
C15527,0,,
C15528,0,,
C15529,0,,
C15530,0,,
C15531,0,,
C15532,0,,
C15533,1,2024-05-20,No Longer Needed
C15534,1,2026-01-14,No Longer Needed
C15535,0,,
C15536,0,,
C15537,0,,
C15538,0,,
C15539,0,,
C15540,0,,
C15541,0,,
C15542,0,,
C15543,0,,
C15544,0,,
C15545,0,,
C15546,0,,
C15547,0,,
C15548,0,,
C15549,0,,
C15550,0,,
C15551,0,,
C15552,0,,
C15553,1,2024-07-30,Technical Issues
C15554,0,,
C15555,0,,
C15556,1,2026-05-13,No Longer Needed
C15557,0,,
C15558,1,2026-06-20,Customer Support
C15559,0,,
C15560,0,,
C15561,1,2026-02-20,No Longer Needed
C15562,1,2026-05-06,Competitor
C15563,1,2025-06-24,Competitor
C15564,1,2025-08-31,Customer Support
C15565,0,,
C15566,0,,
C15567,0,,
C15568,1,2024-08-03,Technical Issues
C15569,1,2026-01-29,Customer Support
C15570,1,2025-07-14,Customer Support
C15571,0,,
C15572,0,,
C15573,1,2025-04-04,Low Usage
C15574,0,,
C15575,1,2025-11-05,Competitor
C15576,0,,
C15577,0,,
C15578,1,2026-01-04,Customer Support
C15579,1,2025-06-15,No Longer Needed
C15580,0,,
C15581,0,,
C15582,0,,
C15583,1,2025-03-19,Technical Issues
C15584,0,,
C15585,0,,
C15586,0,,
C15587,0,,
C15588,0,,
C15589,1,2026-08-08,Price Too High
C15590,0,,
C15591,0,,
C15592,1,2026-06-12,Poor Service
C15593,0,,
C15594,1,2026-07-26,No Longer Needed
C15595,1,2026-06-14,Customer Support
C15596,0,,
C15597,0,,
C15598,0,,
C15599,1,2026-01-01,No Longer Needed
C15600,0,,
C15601,1,2025-12-17,Technical Issues
C15602,0,,
C15603,0,,
C15604,0,,
C15605,1,2026-07-29,Low Usage
C15606,1,2025-07-26,Competitor
C15607,0,,
C15608,0,,
C15609,0,,
C15610,1,2024-09-09,Customer Support
C15611,0,,
C15612,0,,
C15613,0,,
C15614,1,2026-07-23,Poor Service
C15615,0,,
C15616,0,,
C15617,0,,
C15618,0,,
C15619,0,,
C15620,0,,
C15621,0,,
C15622,0,,
C15623,1,2024-08-17,Customer Support
C15624,0,,
C15625,0,,
C15626,0,,
C15627,0,,
C15628,0,,
C15629,1,2025-05-10,Price Too High
C15630,1,2026-05-22,Customer Support
C15631,0,,
C15632,0,,
C15633,1,2026-06-04,Poor Service
C15634,1,2025-01-17,Price Too High
C15635,1,2026-05-24,Poor Service
C15636,0,,
C15637,0,,
C15638,1,2026-03-18,Low Usage
C15639,0,,
C15640,0,,
C15641,0,,
C15642,1,2026-01-29,No Longer Needed
C15643,1,2024-05-26,Technical Issues
C15644,1,2025-08-30,Poor Service
C15645,0,,
C15646,0,,
C15647,1,2026-06-14,Low Usage
C15648,1,2025-06-28,Other
C15649,0,,
C15650,1,2026-08-19,Low Usage
C15651,0,,
C15652,0,,
C15653,0,,
C15654,0,,
C15655,0,,
C15656,0,,
C15657,0,,
C15658,0,,
C15659,0,,
C15660,0,,
C15661,0,,
C15662,1,2025-04-03,Poor Service
C15663,1,2024-03-03,Competitor
C15664,0,,
C15665,1,2026-09-18,Low Usage
C15666,1,2026-07-05,No Longer Needed
C15667,0,,
C15668,0,,
C15669,1,2026-05-12,Technical Issues
C15670,0,,
C15671,1,2026-09-20,Low Usage
C15672,1,2024-09-27,Technical Issues
C15673,0,,
C15674,0,,
C15675,1,2026-08-21,Other
C15676,0,,
C15677,0,,
C15678,0,,
C15679,0,,
C15680,0,,
C15681,1,2025-01-19,Other
C15682,1,2026-08-20,Low Usage
C15683,0,,
C15684,0,,
C15685,1,2025-04-21,Poor Service
C15686,0,,
C15687,0,,
C15688,0,,
C15689,0,,
C15690,0,,
C15691,1,2026-08-25,Customer Support
C15692,0,,
C15693,1,2024-10-29,Low Usage
C15694,0,,
C15695,0,,
C15696,0,,
C15697,0,,
C15698,0,,
C15699,0,,
C15700,1,2026-05-16,Poor Service
C15701,0,,
C15702,1,2026-01-01,Technical Issues
C15703,0,,
C15704,0,,
C15705,1,2024-10-11,Competitor
C15706,0,,
C15707,0,,
C15708,0,,
C15709,0,,
C15710,0,,
C15711,0,,
C15712,0,,
C15713,1,2025-09-04,Low Usage
C15714,1,2026-06-30,Low Usage
C15715,0,,
C15716,1,2025-12-07,Customer Support
C15717,0,,
C15718,0,,
C15719,1,2026-04-23,Technical Issues
C15720,0,,
C15721,1,2026-03-12,No Longer Needed
C15722,1,2026-09-12,Poor Service
C15723,0,,
C15724,0,,
C15725,0,,
C15726,1,2024-12-19,Price Too High
C15727,0,,
C15728,0,,
C15729,0,,
C15730,0,,
C15731,0,,
C15732,0,,
C15733,1,2026-05-02,Low Usage
C15734,0,,
C15735,0,,
C15736,1,2025-04-22,Technical Issues
C15737,0,,
C15738,0,,
C15739,1,2023-10-04,Low Usage
C15740,0,,
C15741,1,2026-01-02,Other
C15742,0,,
C15743,0,,
C15744,0,,
C15745,0,,
C15746,0,,
C15747,1,2026-09-19,Low Usage
C15748,0,,
C15749,0,,
C15750,0,,
C15751,0,,
C15752,1,2025-09-06,No Longer Needed
C15753,0,,
C15754,0,,
C15755,0,,
C15756,1,2025-09-19,Competitor
C15757,0,,
C15758,0,,
C15759,0,,
C15760,1,2024-09-14,Poor Service
C15761,0,,
C15762,0,,
C15763,0,,
C15764,1,2026-06-30,Technical Issues
C15765,0,,
C15766,0,,
C15767,1,2026-08-11,No Longer Needed
C15768,0,,
C15769,0,,
C15770,0,,
C15771,0,,
C15772,0,,
C15773,1,2026-06-23,Technical Issues
C15774,1,2026-02-19,Customer Support
C15775,0,,
C15776,0,,
C15777,0,,
C15778,0,,
C15779,0,,
C15780,0,,
C15781,0,,
C15782,1,2026-04-15,Other
C15783,0,,
C15784,1,2026-08-30,Customer Support
C15785,1,2025-11-16,No Longer Needed
C15786,0,,
C15787,0,,
C15788,0,,
C15789,0,,
C15790,0,,
C15791,0,,
C15792,0,,
C15793,0,,
C15794,1,2024-03-05,Low Usage
C15795,1,2025-11-15,Poor Service
C15796,0,,
C15797,0,,
C15798,1,2026-06-28,Competitor
C15799,0,,
C15800,1,2026-08-03,Technical Issues
C15801,0,,
C15802,1,2025-02-08,Competitor
C15803,0,,
C15804,0,,
C15805,1,2026-03-05,Poor Service
C15806,0,,
C15807,1,2026-03-10,Poor Service
C15808,0,,
C15809,1,2026-02-16,Low Usage
C15810,1,2026-06-02,Other
C15811,0,,
C15812,0,,
C15813,0,,
C15814,0,,
C15815,0,,
C15816,0,,
C15817,0,,
C15818,0,,
C15819,1,2025-05-09,Customer Support
C15820,1,2026-05-13,Customer Support
C15821,0,,
C15822,0,,
C15823,0,,
C15824,0,,
C15825,0,,
C15826,1,2026-03-21,No Longer Needed
C15827,0,,
C15828,1,2024-10-15,Competitor
C15829,0,,
C15830,1,2026-08-22,Poor Service
C15831,1,2024-12-16,Price Too High
C15832,1,2026-08-15,Other
C15833,0,,
C15834,0,,
C15835,0,,
C15836,0,,
C15837,0,,
C15838,0,,
C15839,1,2025-09-21,No Longer Needed
C15840,0,,
C15841,0,,
C15842,0,,
C15843,0,,
C15844,1,2026-05-19,Poor Service
C15845,1,2024-12-30,Price Too High
C15846,1,2026-08-27,Price Too High
C15847,0,,
C15848,1,2026-03-31,Competitor
C15849,1,2024-12-29,Technical Issues
C15850,1,2026-06-16,Customer Support
C15851,0,,
C15852,0,,
C15853,1,2025-01-21,Customer Support
C15854,1,2026-06-18,No Longer Needed
C15855,0,,
C15856,1,2025-09-19,Other
C15857,1,2026-01-24,No Longer Needed
C15858,0,,
C15859,0,,
C15860,0,,
C15861,1,2026-08-17,Other
C15862,0,,
C15863,0,,
C15864,0,,
C15865,0,,
C15866,0,,
C15867,1,2026-05-01,Price Too High
C15868,1,2026-07-28,Competitor
C15869,0,,
C15870,0,,
C15871,0,,
C15872,1,2026-03-09,No Longer Needed
C15873,0,,
C15874,0,,
C15875,0,,
C15876,0,,
C15877,0,,
C15878,1,2026-04-12,Competitor
C15879,0,,
C15880,1,2025-04-20,Competitor
C15881,0,,
C15882,1,2025-04-03,Low Usage
C15883,0,,
C15884,1,2025-05-30,Poor Service
C15885,0,,
C15886,0,,
C15887,1,2026-06-18,No Longer Needed
C15888,0,,
C15889,0,,
C15890,0,,
C15891,1,2025-09-21,Low Usage
C15892,1,2025-09-16,Poor Service
C15893,0,,
C15894,0,,
C15895,0,,
C15896,0,,
C15897,0,,
C15898,0,,
C15899,0,,
C15900,0,,
C15901,1,2026-01-12,Customer Support
C15902,0,,
C15903,0,,
C15904,0,,
C15905,0,,
C15906,1,2024-08-01,Customer Support
C15907,0,,
C15908,0,,
C15909,1,2026-06-10,Technical Issues
C15910,1,2026-04-20,Customer Support
C15911,0,,
C15912,0,,
C15913,0,,
C15914,0,,
C15915,0,,
C15916,0,,
C15917,0,,
C15918,0,,
C15919,0,,
C15920,0,,
C15921,1,2026-08-16,Customer Support
C15922,0,,
C15923,0,,
C15924,0,,
C15925,0,,
C15926,0,,
C15927,0,,
C15928,0,,
C15929,0,,
C15930,0,,
C15931,0,,
C15932,0,,
C15933,1,2026-08-15,Low Usage
C15934,0,,
C15935,0,,
C15936,0,,
C15937,0,,
C15938,0,,
C15939,0,,
C15940,0,,
C15941,0,,
C15942,0,,
C15943,0,,
C15944,0,,
C15945,0,,
C15946,0,,
C15947,0,,
C15948,0,,
C15949,0,,
C15950,1,2025-07-30,Price Too High
C15951,0,,
C15952,0,,
C15953,0,,
C15954,0,,
C15955,0,,
C15956,0,,
C15957,0,,
C15958,0,,
C15959,0,,
C15960,0,,
C15961,1,2026-03-13,Other
C15962,0,,
C15963,1,2026-06-28,Technical Issues
C15964,1,2026-06-17,Price Too High
C15965,0,,
C15966,0,,
C15967,0,,
C15968,0,,
C15969,0,,
C15970,0,,
C15971,0,,
C15972,0,,
C15973,1,2026-06-18,Technical Issues
C15974,1,2024-01-29,Low Usage
C15975,0,,
C15976,1,2025-08-06,Poor Service
C15977,1,2026-01-22,Poor Service
C15978,0,,
C15979,0,,
C15980,1,2026-06-24,Customer Support
C15981,0,,
C15982,0,,
C15983,0,,
C15984,0,,
C15985,0,,
C15986,0,,
C15987,1,2026-03-08,Poor Service
C15988,0,,
C15989,0,,
C15990,0,,
C15991,0,,
C15992,0,,
C15993,0,,
C15994,0,,
C15995,1,2025-10-20,Other
C15996,0,,
C15997,0,,
C15998,0,,
C15999,1,2025-12-20,Poor Service
C16000,0,,
C16001,0,,
C16002,0,,
C16003,0,,
C16004,0,,
C16005,0,,
C16006,0,,
C16007,1,2026-07-31,Customer Support
C16008,0,,
C16009,0,,
C16010,0,,
C16011,0,,
C16012,0,,
C16013,1,2025-02-28,Price Too High
C16014,0,,
C16015,0,,
C16016,1,2025-12-05,Price Too High
C16017,0,,
C16018,1,2026-08-14,Customer Support
C16019,0,,
C16020,0,,
C16021,0,,
C16022,0,,
C16023,0,,
C16024,0,,
C16025,0,,
C16026,1,2026-08-15,Customer Support
C16027,1,2025-04-01,Low Usage
C16028,0,,
C16029,0,,
C16030,0,,
C16031,0,,
C16032,0,,
C16033,1,2026-07-24,Low Usage
C16034,0,,
C16035,0,,
C16036,1,2026-05-17,Poor Service
C16037,1,2026-04-24,Technical Issues
C16038,0,,
C16039,0,,
C16040,1,2026-08-15,No Longer Needed
C16041,1,2026-06-26,Technical Issues
C16042,0,,
C16043,0,,
C16044,0,,
C16045,0,,
C16046,0,,
C16047,0,,
C16048,1,2025-09-08,Other
C16049,1,2025-12-08,Poor Service
C16050,0,,
C16051,1,2025-11-11,No Longer Needed
C16052,0,,
C16053,1,2025-09-01,Technical Issues
C16054,1,2025-07-01,Low Usage
C16055,0,,
C16056,0,,
C16057,0,,
C16058,0,,
C16059,0,,
C16060,0,,
C16061,0,,
C16062,1,2025-04-01,Other
C16063,0,,
C16064,0,,
C16065,0,,
C16066,0,,
C16067,0,,
C16068,0,,
C16069,1,2025-11-30,Competitor
C16070,0,,
C16071,1,2026-04-26,Poor Service
C16072,1,2026-08-09,Other
C16073,1,2026-04-09,Competitor
C16074,0,,
C16075,0,,
C16076,0,,
C16077,1,2026-03-21,Price Too High
C16078,0,,
C16079,0,,
C16080,0,,
C16081,1,2026-07-12,Poor Service
C16082,0,,
C16083,0,,
C16084,0,,
C16085,0,,
C16086,1,2026-08-11,Technical Issues
C16087,0,,
C16088,1,2026-07-30,Poor Service
C16089,0,,
C16090,0,,
C16091,0,,
C16092,1,2026-04-03,Other
C16093,1,2025-12-26,Low Usage
C16094,0,,
C16095,0,,
C16096,1,2025-10-12,Low Usage
C16097,0,,
C16098,0,,
C16099,1,2025-12-23,Price Too High
C16100,0,,
C16101,1,2026-08-20,Low Usage
C16102,0,,
C16103,0,,
C16104,0,,
C16105,1,2026-05-13,Other
C16106,0,,
C16107,0,,
C16108,0,,
C16109,0,,
C16110,0,,
C16111,1,2024-12-24,Other
C16112,0,,
C16113,0,,
C16114,1,2025-02-19,Poor Service
C16115,1,2026-05-14,Technical Issues
C16116,1,2026-05-16,Customer Support
C16117,0,,
C16118,1,2026-08-28,Other
C16119,1,2024-12-09,No Longer Needed
C16120,0,,
C16121,1,2026-03-04,Customer Support
C16122,1,2025-07-31,Technical Issues
C16123,1,2026-07-16,Other
C16124,1,2025-12-01,Other
C16125,1,2025-07-05,Customer Support
C16126,0,,
C16127,0,,
C16128,0,,
C16129,0,,
C16130,0,,
C16131,0,,
C16132,0,,
C16133,0,,
C16134,0,,
C16135,0,,
C16136,1,2026-05-27,No Longer Needed
C16137,0,,
C16138,0,,
C16139,0,,
C16140,0,,
C16141,0,,
C16142,0,,
C16143,0,,
C16144,0,,
C16145,0,,
C16146,1,2024-09-25,Other
C16147,0,,
C16148,0,,
C16149,0,,
C16150,0,,
C16151,0,,
C16152,0,,
C16153,1,2026-07-07,Other
C16154,0,,
C16155,0,,
C16156,0,,
C16157,0,,
C16158,0,,
C16159,0,,
C16160,1,2025-08-05,Poor Service
C16161,0,,
C16162,1,2025-05-13,Low Usage
C16163,0,,
C16164,0,,
C16165,0,,
C16166,0,,
C16167,1,2025-12-07,Technical Issues
C16168,1,2026-05-07,Other
C16169,0,,
C16170,0,,
C16171,0,,
C16172,0,,
C16173,0,,
C16174,0,,
C16175,0,,
C16176,1,2026-06-18,Price Too High
C16177,0,,
C16178,1,2026-01-27,Poor Service
C16179,0,,
C16180,0,,
C16181,0,,
C16182,1,2026-04-08,Competitor
C16183,1,2025-11-21,Price Too High
C16184,0,,
C16185,0,,
C16186,0,,
C16187,0,,
C16188,1,2026-01-01,Poor Service
C16189,1,2025-07-20,Low Usage
C16190,0,,
C16191,0,,
C16192,0,,
C16193,0,,
C16194,0,,
C16195,0,,
C16196,0,,
C16197,0,,
C16198,0,,
C16199,0,,
C16200,0,,
C16201,1,2026-06-10,Competitor
C16202,0,,
C16203,0,,
C16204,0,,
C16205,0,,
C16206,0,,
C16207,1,2025-12-23,Other
C16208,1,2025-01-20,Competitor
C16209,0,,
C16210,1,2026-08-10,Technical Issues
C16211,0,,
C16212,0,,
C16213,0,,
C16214,1,2026-06-07,Competitor
C16215,1,2024-03-26,Other
C16216,0,,
C16217,0,,
C16218,1,2026-09-20,Technical Issues
C16219,1,2025-10-23,No Longer Needed
C16220,1,2026-05-17,Technical Issues
C16221,1,2026-06-24,Price Too High
C16222,0,,
C16223,0,,
C16224,0,,
C16225,1,2025-05-22,Customer Support
C16226,1,2025-03-25,Price Too High
C16227,0,,
C16228,0,,
C16229,0,,
C16230,1,2026-06-28,Price Too High
C16231,0,,
C16232,0,,
C16233,0,,
C16234,1,2026-03-09,Poor Service
C16235,0,,
C16236,0,,
C16237,0,,
C16238,0,,
C16239,0,,
C16240,0,,
C16241,0,,
C16242,0,,
C16243,0,,
C16244,0,,
C16245,1,2026-03-15,Other
C16246,0,,
C16247,1,2026-09-12,Price Too High
C16248,0,,
C16249,0,,
C16250,1,2025-10-24,No Longer Needed
C16251,1,2026-04-15,No Longer Needed
C16252,1,2025-09-05,Poor Service
C16253,1,2026-07-06,Competitor
C16254,0,,
C16255,1,2026-05-18,Poor Service
C16256,0,,
C16257,0,,
C16258,0,,
C16259,0,,
C16260,0,,
C16261,0,,
C16262,1,2026-05-04,Competitor
C16263,0,,
C16264,0,,
C16265,0,,
C16266,0,,
C16267,0,,
C16268,1,2026-02-11,No Longer Needed
C16269,1,2025-06-05,Competitor
C16270,1,2026-07-31,Technical Issues
C16271,0,,
C16272,0,,
C16273,0,,
C16274,0,,
C16275,0,,
C16276,1,2026-09-14,Low Usage
C16277,0,,
C16278,0,,
C16279,0,,
C16280,0,,
C16281,0,,
C16282,0,,
C16283,0,,
C16284,0,,
C16285,0,,
C16286,0,,
C16287,0,,
C16288,0,,
C16289,0,,
C16290,0,,
C16291,0,,
C16292,1,2026-05-13,Low Usage
C16293,0,,
C16294,1,2026-03-01,Poor Service
C16295,0,,
C16296,0,,
C16297,0,,
C16298,0,,
C16299,0,,
C16300,0,,
C16301,0,,
C16302,0,,
C16303,0,,
C16304,1,2026-04-29,Poor Service
C16305,1,2025-09-18,Price Too High
C16306,1,2026-03-27,Competitor
C16307,0,,
C16308,0,,
C16309,1,2025-04-09,Poor Service
C16310,0,,
C16311,1,2026-03-17,Customer Support
C16312,1,2024-06-02,Technical Issues
C16313,1,2024-05-03,No Longer Needed
C16314,1,2026-09-19,Low Usage
C16315,1,2026-03-01,Customer Support
C16316,0,,
C16317,0,,
C16318,1,2026-07-31,Low Usage
C16319,0,,
C16320,0,,
C16321,0,,
C16322,1,2024-11-23,Poor Service
C16323,1,2024-12-31,Poor Service
C16324,0,,
C16325,1,2024-12-11,Customer Support
C16326,0,,
C16327,0,,
C16328,0,,
C16329,0,,
C16330,0,,
C16331,0,,
C16332,0,,
C16333,1,2026-08-12,Low Usage
C16334,0,,
C16335,0,,
C16336,0,,
C16337,1,2026-01-09,Other
C16338,0,,
C16339,0,,
C16340,0,,
C16341,0,,
C16342,0,,
C16343,1,2026-08-06,Price Too High
C16344,1,2026-07-10,Technical Issues
C16345,0,,
C16346,1,2026-09-04,Low Usage
C16347,0,,
C16348,0,,
C16349,1,2026-07-22,Other
C16350,0,,
C16351,1,2026-04-05,Poor Service
C16352,0,,
C16353,0,,
C16354,0,,
C16355,1,2026-06-29,Low Usage
C16356,0,,
C16357,1,2026-06-15,Competitor
C16358,1,2025-02-20,Price Too High
C16359,1,2026-03-09,Competitor
C16360,0,,
C16361,0,,
C16362,0,,
C16363,0,,
C16364,0,,
C16365,1,2026-07-31,Competitor
C16366,0,,
C16367,0,,
C16368,0,,
C16369,0,,
C16370,0,,
C16371,0,,
C16372,0,,
C16373,1,2026-02-23,Customer Support
C16374,1,2026-05-06,Customer Support
C16375,0,,
C16376,1,2026-04-24,No Longer Needed
C16377,1,2024-04-10,Price Too High
C16378,0,,
C16379,0,,
C16380,0,,
C16381,0,,
C16382,1,2024-09-13,Technical Issues
C16383,0,,
C16384,0,,
C16385,0,,
C16386,0,,
C16387,0,,
C16388,0,,
C16389,1,2025-07-23,Technical Issues
C16390,0,,
C16391,1,2026-02-09,Low Usage
C16392,0,,
C16393,1,2026-08-17,Technical Issues
C16394,0,,
C16395,0,,
C16396,1,2024-11-18,Low Usage
C16397,0,,
C16398,0,,
C16399,0,,
C16400,0,,
C16401,0,,
C16402,0,,
C16403,0,,
C16404,0,,
C16405,0,,
C16406,0,,
C16407,0,,
C16408,0,,
C16409,0,,
C16410,1,2026-08-03,Low Usage
C16411,0,,
C16412,1,2026-07-31,Price Too High
C16413,0,,
C16414,1,2026-08-20,Price Too High
C16415,0,,
C16416,0,,
C16417,0,,
C16418,1,2026-08-22,Customer Support
C16419,1,2026-05-30,Poor Service
C16420,0,,
C16421,0,,
C16422,0,,
C16423,1,2026-08-29,Low Usage
C16424,0,,
C16425,0,,
C16426,0,,
C16427,0,,
C16428,0,,
C16429,0,,
C16430,1,2026-08-06,Low Usage
C16431,0,,
C16432,0,,
C16433,1,2026-08-06,Customer Support
C16434,0,,
C16435,0,,
C16436,0,,
C16437,1,2026-03-23,Customer Support
C16438,1,2025-11-03,Price Too High
C16439,0,,
C16440,0,,
C16441,0,,
C16442,1,2026-05-31,Customer Support
C16443,0,,
C16444,1,2026-01-27,Customer Support
C16445,0,,
C16446,0,,
C16447,0,,
C16448,0,,
C16449,0,,
C16450,0,,
C16451,0,,
C16452,1,2025-01-01,Low Usage
C16453,0,,
C16454,0,,
C16455,0,,
C16456,0,,
C16457,0,,
C16458,0,,
C16459,0,,
C16460,0,,
C16461,0,,
C16462,1,2026-06-10,Competitor
C16463,0,,
C16464,0,,
C16465,0,,
C16466,0,,
C16467,0,,
C16468,1,2026-07-21,Technical Issues
C16469,0,,
C16470,1,2024-09-25,Customer Support
C16471,0,,
C16472,0,,
C16473,0,,
C16474,0,,
C16475,0,,
C16476,0,,
C16477,1,2025-08-27,Poor Service
C16478,1,2024-02-10,Competitor
C16479,1,2026-02-17,No Longer Needed
C16480,0,,
C16481,0,,
C16482,0,,
C16483,0,,
C16484,0,,
C16485,0,,
C16486,0,,
C16487,0,,
C16488,0,,
C16489,0,,
C16490,0,,
C16491,0,,
C16492,1,2026-03-26,Other
C16493,0,,
C16494,0,,
C16495,0,,
C16496,0,,
C16497,0,,
C16498,0,,
C16499,0,,
C16500,0,,
C16501,0,,
C16502,1,2025-03-08,Low Usage
C16503,0,,
C16504,0,,
C16505,0,,
C16506,1,2025-10-12,Other
C16507,1,2026-05-25,Competitor
C16508,0,,
C16509,0,,
C16510,1,2026-08-29,Competitor
C16511,1,2026-07-22,Poor Service
C16512,0,,
C16513,0,,
C16514,0,,
C16515,0,,
C16516,0,,
C16517,0,,
C16518,0,,
C16519,0,,
C16520,0,,
C16521,1,2026-08-28,Poor Service
C16522,0,,
C16523,0,,
C16524,0,,
C16525,0,,
C16526,0,,
C16527,0,,
C16528,0,,
C16529,1,2025-10-01,Customer Support
C16530,1,2026-09-06,Poor Service
C16531,0,,
C16532,0,,
C16533,1,2026-01-03,Poor Service
C16534,0,,
C16535,0,,
C16536,1,2026-03-20,Price Too High
C16537,0,,
C16538,0,,
C16539,1,2026-08-22,Poor Service
C16540,0,,
C16541,0,,
C16542,0,,
C16543,0,,
C16544,0,,
C16545,1,2026-08-19,Poor Service
C16546,0,,
C16547,0,,
C16548,1,2024-06-30,Technical Issues
C16549,0,,
C16550,0,,
C16551,1,2026-06-18,Other
C16552,0,,
C16553,1,2026-07-27,Customer Support
C16554,0,,
C16555,0,,
C16556,0,,
C16557,1,2026-01-06,Technical Issues
C16558,0,,
C16559,0,,
C16560,0,,
C16561,0,,
C16562,1,2025-03-30,Competitor
C16563,0,,
C16564,0,,
C16565,0,,
C16566,1,2026-08-02,Customer Support
C16567,0,,
C16568,0,,
C16569,1,2025-12-21,Competitor
C16570,0,,
C16571,0,,
C16572,0,,
C16573,0,,
C16574,0,,
C16575,1,2026-04-09,Customer Support
C16576,0,,
C16577,0,,
C16578,0,,
C16579,0,,
C16580,0,,
C16581,0,,
C16582,0,,
C16583,0,,
C16584,0,,
C16585,0,,
C16586,1,2026-07-23,Competitor
C16587,0,,
C16588,0,,
C16589,0,,
C16590,0,,
C16591,0,,
C16592,0,,
C16593,0,,
C16594,1,2026-01-17,Price Too High
C16595,0,,
C16596,0,,
C16597,0,,
C16598,1,2025-10-10,Price Too High
C16599,0,,
C16600,0,,
C16601,0,,
C16602,0,,
C16603,0,,
C16604,0,,
C16605,0,,
C16606,1,2026-04-01,Other
C16607,0,,
C16608,0,,
C16609,0,,
C16610,0,,
C16611,0,,
C16612,0,,
C16613,0,,
C16614,0,,
C16615,0,,
C16616,0,,
C16617,0,,
C16618,0,,
C16619,0,,
C16620,0,,
C16621,0,,
C16622,0,,
C16623,1,2025-03-23,Technical Issues
C16624,0,,
C16625,0,,
C16626,1,2025-02-26,Poor Service
C16627,0,,
C16628,1,2025-11-20,Customer Support
C16629,1,2024-12-31,Price Too High
C16630,0,,
C16631,1,2026-04-05,Low Usage
C16632,0,,
C16633,0,,
C16634,0,,
C16635,0,,
C16636,0,,
C16637,0,,
C16638,1,2026-03-08,Low Usage
C16639,0,,
C16640,0,,
C16641,0,,
C16642,0,,
C16643,0,,
C16644,1,2025-07-15,No Longer Needed
C16645,0,,
C16646,0,,
C16647,0,,
C16648,0,,
C16649,1,2026-05-29,Price Too High
C16650,1,2025-01-07,Competitor
C16651,0,,
C16652,0,,
C16653,0,,
C16654,0,,
C16655,0,,
C16656,0,,
C16657,0,,
C16658,0,,
C16659,0,,
C16660,0,,
C16661,0,,
C16662,0,,
C16663,0,,
C16664,0,,
C16665,1,2024-10-02,Low Usage
C16666,0,,
C16667,0,,
C16668,0,,
C16669,0,,
C16670,0,,
C16671,0,,
C16672,1,2025-01-20,No Longer Needed
C16673,1,2026-06-08,Technical Issues
C16674,0,,
C16675,1,2026-04-09,Technical Issues
C16676,0,,
C16677,0,,
C16678,0,,
C16679,0,,
C16680,1,2026-06-24,Technical Issues
C16681,0,,
C16682,0,,
C16683,1,2026-05-05,Poor Service
C16684,1,2026-03-04,Price Too High
C16685,0,,
C16686,0,,
C16687,0,,
C16688,0,,
C16689,0,,
C16690,1,2025-10-18,Poor Service
C16691,1,2026-08-20,Low Usage
C16692,0,,
C16693,0,,
C16694,0,,
C16695,0,,
C16696,1,2025-04-13,Competitor
C16697,1,2025-06-26,Price Too High
C16698,0,,
C16699,1,2026-07-10,Low Usage
C16700,0,,
C16701,0,,
C16702,1,2025-11-09,No Longer Needed
C16703,0,,
C16704,0,,
C16705,1,2026-03-27,Poor Service
C16706,0,,
C16707,0,,
C16708,1,2026-07-27,Customer Support
C16709,1,2026-02-26,Low Usage
C16710,0,,
C16711,0,,
C16712,0,,
C16713,0,,
C16714,0,,
C16715,0,,
C16716,0,,
C16717,1,2026-02-26,Customer Support
C16718,1,2026-05-17,Technical Issues
C16719,1,2026-06-05,Poor Service
C16720,0,,
C16721,0,,
C16722,0,,
C16723,0,,
C16724,0,,
C16725,0,,
C16726,1,2026-08-18,Customer Support
C16727,1,2024-12-06,Other
C16728,0,,
C16729,0,,
C16730,1,2026-02-28,Customer Support
C16731,0,,
C16732,0,,
C16733,0,,
C16734,1,2026-08-17,Customer Support
C16735,0,,
C16736,0,,
C16737,0,,
C16738,0,,
C16739,0,,
C16740,0,,
C16741,1,2025-11-20,No Longer Needed
C16742,0,,
C16743,0,,
C16744,1,2026-08-01,Competitor
C16745,0,,
C16746,1,2025-12-09,No Longer Needed
C16747,1,2026-03-02,Technical Issues
C16748,0,,
C16749,1,2026-07-11,Poor Service
C16750,0,,
C16751,0,,
C16752,0,,
C16753,0,,
C16754,0,,
C16755,0,,
C16756,0,,
C16757,0,,
C16758,0,,
C16759,0,,
C16760,1,2025-12-19,Low Usage
C16761,1,2026-07-27,Customer Support
C16762,0,,
C16763,1,2025-05-03,Price Too High
C16764,0,,
C16765,0,,
C16766,0,,
C16767,0,,
C16768,0,,
C16769,1,2025-02-15,Poor Service
C16770,1,2026-08-16,Low Usage
C16771,0,,
C16772,0,,
C16773,0,,
C16774,1,2025-12-13,Customer Support
C16775,0,,
C16776,0,,
C16777,1,2025-12-25,Customer Support
C16778,0,,
C16779,0,,
C16780,0,,
C16781,1,2025-10-19,Customer Support
C16782,1,2026-06-16,No Longer Needed
C16783,0,,
C16784,0,,
C16785,0,,
C16786,0,,
C16787,1,2026-06-05,Poor Service
C16788,1,2026-02-25,Poor Service
C16789,0,,
C16790,0,,
C16791,0,,
C16792,0,,
C16793,0,,
C16794,1,2025-11-01,Other
C16795,0,,
C16796,0,,
C16797,1,2026-07-29,Low Usage
C16798,0,,
C16799,0,,
C16800,1,2026-06-08,No Longer Needed
C16801,1,2025-05-18,Poor Service
C16802,0,,
C16803,0,,
C16804,0,,
C16805,0,,
C16806,0,,
C16807,0,,
C16808,0,,
C16809,0,,
C16810,0,,
C16811,0,,
C16812,0,,
C16813,0,,
C16814,0,,
C16815,1,2026-01-18,Competitor
C16816,0,,
C16817,0,,
C16818,0,,
C16819,0,,
C16820,0,,
C16821,0,,
C16822,0,,
C16823,0,,
C16824,0,,
C16825,0,,
C16826,1,2026-03-03,Customer Support
C16827,0,,
C16828,0,,
C16829,0,,
C16830,0,,
C16831,0,,
C16832,0,,
C16833,1,2024-12-06,Low Usage
C16834,0,,
C16835,0,,
C16836,0,,
C16837,0,,
C16838,0,,
C16839,0,,
C16840,0,,
C16841,0,,
C16842,0,,
C16843,0,,
C16844,1,2026-08-20,Competitor
C16845,1,2025-01-12,Competitor
C16846,0,,
C16847,0,,
C16848,1,2026-07-06,Competitor
C16849,0,,
C16850,0,,
C16851,0,,
C16852,0,,
C16853,1,2026-06-20,Low Usage
C16854,1,2026-06-03,No Longer Needed
C16855,0,,
C16856,0,,
C16857,0,,
C16858,0,,
C16859,0,,
C16860,0,,
C16861,0,,
C16862,0,,
C16863,0,,
C16864,1,2025-11-29,Customer Support
C16865,0,,
C16866,0,,
C16867,0,,
C16868,1,2026-05-25,Technical Issues
C16869,1,2026-08-05,Customer Support
C16870,0,,
C16871,0,,
C16872,0,,
C16873,0,,
C16874,0,,
C16875,1,2026-08-16,Competitor
C16876,0,,
C16877,0,,
C16878,0,,
C16879,0,,
C16880,0,,
C16881,0,,
C16882,1,2026-08-15,Other
C16883,1,2026-02-07,Competitor
C16884,0,,
C16885,1,2026-01-11,Low Usage
C16886,0,,
C16887,0,,
C16888,0,,
C16889,1,2026-05-22,No Longer Needed
C16890,0,,
C16891,1,2026-04-26,Customer Support
C16892,1,2025-03-10,Low Usage
C16893,1,2026-07-07,Other
C16894,0,,
C16895,1,2025-04-08,Low Usage
C16896,0,,
C16897,1,2025-02-23,Low Usage
C16898,0,,
C16899,1,2026-04-06,Technical Issues
C16900,0,,
C16901,0,,
C16902,0,,
C16903,0,,
C16904,0,,
C16905,0,,
C16906,0,,
C16907,0,,
C16908,0,,
C16909,0,,
C16910,1,2025-09-17,Poor Service
C16911,0,,
C16912,0,,
C16913,0,,
C16914,0,,
C16915,0,,
C16916,0,,
C16917,0,,
C16918,1,2026-02-18,Price Too High
C16919,0,,
C16920,1,2026-04-04,Technical Issues
C16921,1,2026-01-10,Competitor
C16922,1,2025-05-06,No Longer Needed
C16923,1,2026-02-05,Competitor
C16924,0,,
C16925,1,2024-12-21,Price Too High
C16926,0,,
C16927,0,,
C16928,1,2026-03-18,Price Too High
C16929,0,,
C16930,1,2025-12-14,Other
C16931,0,,
C16932,0,,
C16933,1,2026-06-24,No Longer Needed
C16934,0,,
C16935,0,,
C16936,0,,
C16937,0,,
C16938,0,,
C16939,1,2026-08-22,Competitor
C16940,1,2026-08-16,No Longer Needed
C16941,0,,
C16942,1,2026-01-29,Price Too High
C16943,0,,
C16944,0,,
C16945,0,,
C16946,1,2025-12-16,Competitor
C16947,0,,
C16948,0,,
C16949,0,,
C16950,0,,
C16951,0,,
C16952,0,,
C16953,0,,
C16954,0,,
C16955,0,,
C16956,0,,
C16957,1,2026-07-05,Other
C16958,0,,
C16959,0,,
C16960,0,,
C16961,0,,
C16962,0,,
C16963,0,,
C16964,0,,
C16965,0,,
C16966,0,,
C16967,0,,
C16968,0,,
C16969,0,,
C16970,0,,
C16971,0,,
C16972,0,,
C16973,1,2026-05-06,Competitor
C16974,0,,
C16975,1,2026-01-30,Competitor
C16976,1,2026-03-25,Customer Support
C16977,0,,
C16978,1,2025-02-21,Customer Support
C16979,0,,
C16980,0,,
C16981,1,2026-07-19,Customer Support
C16982,0,,
C16983,0,,
C16984,0,,
C16985,0,,
C16986,0,,
C16987,0,,
C16988,0,,
C16989,0,,
C16990,0,,
C16991,0,,
C16992,0,,
C16993,0,,
C16994,0,,
C16995,0,,
C16996,0,,
C16997,0,,
C16998,1,2024-11-24,No Longer Needed
C16999,0,,
C17000,0,,
C17001,0,,
C17002,0,,
C17003,1,2024-12-04,Price Too High
C17004,0,,
C17005,0,,
C17006,0,,
C17007,0,,
C17008,1,2026-06-28,No Longer Needed
C17009,0,,
C17010,0,,
C17011,0,,
C17012,0,,
C17013,1,2026-08-15,Price Too High
C17014,0,,
C17015,0,,
C17016,0,,
C17017,0,,
C17018,0,,
C17019,1,2025-06-12,Technical Issues
C17020,0,,
C17021,0,,
C17022,0,,
C17023,0,,
C17024,0,,
C17025,0,,
C17026,0,,
C17027,0,,
C17028,0,,
C17029,1,2025-10-10,Other
C17030,0,,
C17031,0,,
C17032,0,,
C17033,1,2026-05-07,Technical Issues
C17034,0,,
C17035,0,,
C17036,1,2026-08-27,Poor Service
C17037,0,,
C17038,0,,
C17039,0,,
C17040,1,2024-10-16,Price Too High
C17041,0,,
C17042,1,2026-05-04,No Longer Needed
C17043,1,2024-07-14,Low Usage
C17044,0,,
C17045,1,2025-10-10,Technical Issues
C17046,0,,
C17047,0,,
C17048,0,,
C17049,1,2025-12-13,No Longer Needed
C17050,1,2026-03-10,Poor Service
C17051,0,,
C17052,1,2025-12-26,Poor Service
C17053,1,2026-07-01,Competitor
C17054,0,,
C17055,0,,
C17056,0,,
C17057,0,,
C17058,0,,
C17059,0,,
C17060,0,,
C17061,0,,
C17062,1,2026-05-02,Low Usage
C17063,0,,
C17064,0,,
C17065,0,,
C17066,0,,
C17067,1,2025-12-08,Competitor
C17068,0,,
C17069,0,,
C17070,1,2026-03-04,Technical Issues
C17071,1,2025-09-03,Technical Issues
C17072,0,,
C17073,0,,
C17074,0,,
C17075,1,2024-11-26,No Longer Needed
C17076,0,,
C17077,0,,
C17078,0,,
C17079,0,,
C17080,1,2026-07-21,Technical Issues
C17081,0,,
C17082,0,,
C17083,0,,
C17084,0,,
C17085,1,2026-07-06,Price Too High
C17086,0,,
C17087,0,,
C17088,0,,
C17089,0,,
C17090,0,,
C17091,0,,
C17092,0,,
C17093,0,,
C17094,0,,
C17095,0,,
C17096,0,,
C17097,0,,
C17098,0,,
C17099,0,,
C17100,0,,
C17101,0,,
C17102,0,,
C17103,1,2025-03-11,Other
C17104,1,2026-06-22,Customer Support
C17105,0,,
C17106,0,,
C17107,0,,
C17108,0,,
C17109,0,,
C17110,0,,
C17111,1,2024-08-25,Technical Issues
C17112,1,2026-09-10,Competitor
C17113,0,,
C17114,0,,
C17115,0,,
C17116,0,,
C17117,0,,
C17118,0,,
C17119,0,,
C17120,0,,
C17121,0,,
C17122,0,,
C17123,0,,
C17124,0,,
C17125,1,2026-06-19,Competitor
C17126,0,,
C17127,0,,
C17128,0,,
C17129,1,2024-09-02,Low Usage
C17130,1,2026-05-02,No Longer Needed
C17131,0,,
C17132,0,,
C17133,0,,
C17134,1,2025-12-02,Low Usage
C17135,0,,
C17136,0,,
C17137,0,,
C17138,0,,
C17139,0,,
C17140,0,,
C17141,1,2026-04-03,Other
C17142,0,,
C17143,0,,
C17144,0,,
C17145,1,2025-04-15,Low Usage
C17146,0,,
C17147,0,,
C17148,0,,
C17149,0,,
C17150,0,,
C17151,0,,
C17152,0,,
C17153,0,,
C17154,1,2024-12-19,Technical Issues
C17155,0,,
C17156,0,,
C17157,0,,
C17158,0,,
C17159,0,,
C17160,1,2026-02-08,Poor Service
C17161,1,2025-10-02,Other
C17162,0,,
C17163,0,,
C17164,0,,
C17165,0,,
C17166,0,,
C17167,0,,
C17168,0,,
C17169,0,,
C17170,1,2025-03-04,Low Usage
C17171,1,2026-02-22,Customer Support
C17172,1,2025-09-12,Technical Issues
C17173,0,,
C17174,0,,
C17175,0,,
C17176,0,,
C17177,0,,
C17178,0,,
C17179,0,,
C17180,0,,
C17181,1,2025-01-22,Competitor
C17182,0,,
C17183,0,,
C17184,0,,
C17185,0,,
C17186,1,2026-01-20,Technical Issues
C17187,0,,
C17188,0,,
C17189,0,,
C17190,0,,
C17191,0,,
C17192,0,,
C17193,0,,
C17194,0,,
C17195,1,2026-02-08,Other
C17196,1,2025-11-01,Poor Service
C17197,0,,
C17198,0,,
C17199,1,2024-12-16,Competitor
C17200,1,2025-10-28,Poor Service
C17201,0,,
C17202,1,2025-09-09,Customer Support
C17203,0,,
C17204,0,,
C17205,0,,
C17206,0,,
C17207,0,,
C17208,0,,
C17209,1,2026-01-19,No Longer Needed
C17210,1,2026-06-10,Technical Issues
C17211,0,,
C17212,1,2026-09-08,Customer Support
C17213,0,,
C17214,0,,
C17215,0,,
C17216,1,2026-07-15,Poor Service
C17217,0,,
C17218,0,,
C17219,0,,
C17220,0,,
C17221,1,2026-08-01,Competitor
C17222,1,2026-08-08,Other
C17223,1,2026-01-20,Low Usage
C17224,0,,
C17225,0,,
C17226,0,,
C17227,1,2026-04-01,Competitor
C17228,1,2026-08-22,No Longer Needed
C17229,1,2025-11-17,No Longer Needed
C17230,0,,
C17231,1,2025-07-27,Technical Issues
C17232,0,,
C17233,0,,
C17234,0,,
C17235,1,2025-09-28,No Longer Needed
C17236,1,2026-05-22,Price Too High
C17237,0,,
C17238,1,2026-08-22,Customer Support
C17239,0,,
C17240,1,2025-05-17,No Longer Needed
C17241,0,,
C17242,0,,
C17243,0,,
C17244,0,,
C17245,0,,
C17246,0,,
C17247,1,2026-08-04,Price Too High
C17248,0,,
C17249,0,,
C17250,0,,
C17251,1,2026-06-27,Low Usage
C17252,0,,
C17253,0,,
C17254,0,,
C17255,0,,
C17256,1,2026-03-21,Poor Service
C17257,0,,
C17258,0,,
C17259,1,2026-08-12,Price Too High
C17260,0,,
C17261,0,,
C17262,0,,
C17263,0,,
C17264,1,2025-06-26,Low Usage
C17265,0,,
C17266,0,,
C17267,0,,
C17268,0,,
C17269,0,,
C17270,1,2025-11-30,Poor Service
C17271,0,,
C17272,0,,
C17273,0,,
C17274,0,,
C17275,1,2026-06-06,Price Too High
C17276,1,2025-11-11,Other
C17277,0,,
C17278,0,,
C17279,0,,
C17280,0,,
C17281,0,,
C17282,1,2025-07-17,Technical Issues
C17283,0,,
C17284,0,,
C17285,1,2025-12-13,Low Usage
C17286,0,,
C17287,0,,
C17288,0,,
C17289,0,,
C17290,0,,
C17291,0,,
C17292,0,,
C17293,0,,
C17294,0,,
C17295,0,,
C17296,0,,
C17297,0,,
C17298,0,,
C17299,0,,
C17300,1,2025-11-23,Price Too High
C17301,0,,
C17302,0,,
C17303,0,,
C17304,1,2026-07-08,Competitor
C17305,0,,
C17306,0,,
C17307,0,,
C17308,0,,
C17309,1,2025-10-29,Poor Service
C17310,0,,
C17311,0,,
C17312,0,,
C17313,0,,
C17314,0,,
C17315,1,2026-02-08,No Longer Needed
C17316,0,,
C17317,0,,
C17318,1,2026-07-13,Other
C17319,0,,
C17320,1,2025-02-24,Low Usage
C17321,1,2026-05-09,Poor Service
C17322,0,,
C17323,0,,
C17324,0,,
C17325,1,2026-08-18,Technical Issues
C17326,1,2025-10-09,Competitor
C17327,0,,
C17328,0,,
C17329,0,,
C17330,0,,
C17331,0,,
C17332,0,,
C17333,0,,
C17334,0,,
C17335,0,,
C17336,0,,
C17337,0,,
C17338,1,2025-10-05,Technical Issues
C17339,0,,
C17340,0,,
C17341,1,2026-06-24,Other
C17342,0,,
C17343,1,2026-01-10,No Longer Needed
C17344,0,,
C17345,0,,
C17346,0,,
C17347,1,2026-08-09,Price Too High
C17348,0,,
C17349,1,2026-04-21,Poor Service
C17350,0,,
C17351,0,,
C17352,0,,
C17353,1,2026-03-16,Other
C17354,0,,
C17355,0,,
C17356,0,,
C17357,0,,
C17358,0,,
C17359,0,,
C17360,1,2026-07-20,Other
C17361,0,,
C17362,1,2026-01-13,Technical Issues
C17363,1,2026-08-07,Technical Issues
C17364,0,,
C17365,0,,
C17366,0,,
C17367,1,2026-06-10,Poor Service
C17368,0,,
C17369,0,,
C17370,1,2025-09-30,Poor Service
C17371,1,2026-05-20,Poor Service
C17372,0,,
C17373,1,2025-05-31,Other
C17374,0,,
C17375,0,,
C17376,0,,
C17377,0,,
C17378,0,,
C17379,1,2025-02-24,Price Too High
C17380,0,,
C17381,1,2026-07-26,Low Usage
C17382,0,,
C17383,0,,
C17384,1,2026-07-12,Poor Service
C17385,1,2025-10-20,Customer Support
C17386,0,,
C17387,0,,
C17388,0,,
C17389,1,2026-06-18,Competitor
C17390,0,,
C17391,0,,
C17392,0,,
C17393,0,,
C17394,0,,
C17395,0,,
C17396,1,2026-03-01,Poor Service
C17397,0,,
C17398,0,,
C17399,0,,
C17400,0,,
C17401,0,,
C17402,0,,
C17403,1,2024-11-25,Low Usage
C17404,0,,
C17405,0,,
C17406,1,2025-08-05,Poor Service
C17407,0,,
C17408,0,,
C17409,1,2026-04-09,Poor Service
C17410,0,,
C17411,0,,
C17412,0,,
C17413,0,,
C17414,0,,
C17415,0,,
C17416,0,,
C17417,0,,
C17418,0,,
C17419,0,,
C17420,0,,
C17421,0,,
C17422,0,,
C17423,0,,
C17424,0,,
C17425,0,,
C17426,1,2025-11-06,No Longer Needed
C17427,0,,
C17428,0,,
C17429,0,,
C17430,0,,
C17431,1,2025-01-27,Price Too High
C17432,0,,
C17433,1,2026-07-30,Price Too High
C17434,1,2025-02-11,Poor Service
C17435,0,,
C17436,1,2026-05-15,Poor Service
C17437,0,,
C17438,0,,
C17439,0,,
C17440,1,2025-10-02,Poor Service
C17441,0,,
C17442,0,,
C17443,1,2025-12-21,Low Usage
C17444,0,,
C17445,0,,
C17446,0,,
C17447,1,2025-09-16,Low Usage
C17448,0,,
C17449,0,,
C17450,0,,
C17451,1,2025-04-25,Technical Issues
C17452,0,,
C17453,0,,
C17454,0,,
C17455,0,,
C17456,0,,
C17457,0,,
C17458,0,,
C17459,0,,
C17460,0,,
C17461,0,,
C17462,0,,
C17463,0,,
C17464,0,,
C17465,0,,
C17466,0,,
C17467,0,,
C17468,1,2026-03-08,Technical Issues
C17469,1,2025-06-19,Price Too High
C17470,1,2026-01-19,Competitor
C17471,0,,
C17472,0,,
C17473,1,2026-03-04,Other
C17474,0,,
C17475,0,,
C17476,1,2025-11-24,Poor Service
C17477,0,,
C17478,1,2025-08-04,Competitor
C17479,0,,
C17480,0,,
C17481,1,2026-08-08,Customer Support
C17482,0,,
C17483,0,,
C17484,1,2025-10-01,Technical Issues
C17485,1,2025-04-04,No Longer Needed
C17486,1,2026-04-29,Technical Issues
C17487,1,2026-08-15,Poor Service
C17488,0,,
C17489,1,2025-06-02,Low Usage
C17490,0,,
C17491,0,,
C17492,1,2026-01-16,Technical Issues
C17493,0,,
C17494,0,,
C17495,0,,
C17496,0,,
C17497,0,,
C17498,0,,
C17499,0,,
C17500,0,,
C17501,0,,
C17502,0,,
C17503,1,2025-03-16,Low Usage
C17504,0,,
C17505,0,,
C17506,0,,
C17507,1,2025-05-18,Customer Support
C17508,0,,
C17509,0,,
C17510,0,,
C17511,0,,
C17512,1,2025-01-25,Technical Issues
C17513,1,2026-08-03,Low Usage
C17514,0,,
C17515,1,2025-04-13,Technical Issues
C17516,0,,
C17517,0,,
C17518,0,,
C17519,0,,
C17520,1,2025-08-22,Technical Issues
C17521,0,,
C17522,1,2025-01-06,Other
C17523,0,,
C17524,1,2025-08-07,Poor Service
C17525,0,,
C17526,0,,
C17527,1,2026-01-14,Low Usage
C17528,0,,
C17529,0,,
C17530,0,,
C17531,0,,
C17532,0,,
C17533,0,,
C17534,0,,
C17535,1,2024-10-21,Price Too High
C17536,0,,
C17537,0,,
C17538,0,,
C17539,0,,
C17540,0,,
C17541,0,,
C17542,0,,
C17543,1,2026-05-28,Price Too High
C17544,0,,
C17545,0,,
C17546,1,2026-03-01,Competitor
C17547,0,,
C17548,0,,
C17549,0,,
C17550,0,,
C17551,1,2026-08-17,Customer Support
C17552,1,2026-04-01,Technical Issues
C17553,0,,
C17554,0,,
C17555,0,,
C17556,1,2026-05-18,Low Usage
C17557,0,,
C17558,1,2025-07-29,Other
C17559,0,,
C17560,0,,
C17561,1,2026-08-11,Other
C17562,0,,
C17563,1,2026-01-23,Technical Issues
C17564,0,,
C17565,0,,
C17566,1,2026-04-16,Technical Issues
C17567,0,,
C17568,0,,
C17569,0,,
C17570,0,,
C17571,0,,
C17572,0,,
C17573,0,,
C17574,0,,
C17575,0,,
C17576,0,,
C17577,1,2025-09-04,Technical Issues
C17578,0,,
C17579,1,2026-06-10,Competitor
C17580,0,,
C17581,0,,
C17582,1,2025-11-01,Customer Support
C17583,0,,
C17584,0,,
C17585,0,,
C17586,1,2025-08-01,Technical Issues
C17587,0,,
C17588,1,2026-03-22,Low Usage
C17589,1,2026-04-08,Customer Support
C17590,0,,
C17591,0,,
C17592,0,,
C17593,0,,
C17594,0,,
C17595,0,,
C17596,0,,
C17597,0,,
C17598,0,,
C17599,0,,
C17600,1,2026-08-20,Technical Issues
C17601,1,2024-10-09,Other
C17602,0,,
C17603,0,,
C17604,0,,
C17605,0,,
C17606,0,,
C17607,1,2024-07-06,Other
C17608,0,,
C17609,0,,
C17610,0,,
C17611,0,,
C17612,0,,
C17613,0,,
C17614,0,,
C17615,0,,
C17616,1,2026-04-27,Customer Support
C17617,0,,
C17618,0,,
C17619,0,,
C17620,0,,
C17621,0,,
C17622,1,2026-01-12,Poor Service
C17623,0,,
C17624,0,,
C17625,1,2026-04-20,No Longer Needed
C17626,1,2026-08-29,No Longer Needed
C17627,0,,
C17628,1,2026-08-14,Poor Service
C17629,1,2026-01-18,Poor Service
C17630,0,,
C17631,0,,
C17632,1,2026-07-04,Competitor
C17633,0,,
C17634,0,,
C17635,1,2026-08-08,Price Too High
C17636,1,2026-06-05,No Longer Needed
C17637,0,,
C17638,0,,
C17639,1,2026-07-03,Customer Support
C17640,0,,
C17641,0,,
C17642,0,,
C17643,0,,
C17644,0,,
C17645,0,,
C17646,1,2026-06-16,Price Too High
C17647,0,,
C17648,0,,
C17649,0,,
C17650,0,,
C17651,0,,
C17652,0,,
C17653,0,,
C17654,0,,
C17655,1,2025-10-16,Other
C17656,0,,
C17657,0,,
C17658,0,,
C17659,0,,
C17660,0,,
C17661,1,2026-08-05,Competitor
C17662,0,,
C17663,0,,
C17664,1,2024-11-26,Customer Support
C17665,0,,
C17666,0,,
C17667,1,2026-03-28,Low Usage
C17668,0,,
C17669,0,,
C17670,1,2026-05-25,Other
C17671,0,,
C17672,0,,
C17673,0,,
C17674,0,,
C17675,0,,
C17676,0,,
C17677,0,,
C17678,1,2026-07-07,Poor Service
C17679,0,,
C17680,1,2026-06-01,Technical Issues
C17681,0,,
C17682,0,,
C17683,0,,
C17684,1,2026-09-14,Price Too High
C17685,1,2026-06-22,Other
C17686,0,,
C17687,0,,
C17688,0,,
C17689,0,,
C17690,0,,
C17691,0,,
C17692,0,,
C17693,1,2025-10-23,Technical Issues
C17694,0,,
C17695,0,,
C17696,0,,
C17697,0,,
C17698,0,,
C17699,1,2025-02-05,Customer Support
C17700,0,,
C17701,0,,
C17702,1,2026-01-22,No Longer Needed
C17703,0,,
C17704,0,,
C17705,0,,
C17706,0,,
C17707,0,,
C17708,0,,
C17709,0,,
C17710,0,,
C17711,1,2026-05-19,Technical Issues
C17712,0,,
C17713,1,2025-10-23,Customer Support
C17714,0,,
C17715,1,2026-05-07,Price Too High
C17716,0,,
C17717,0,,
C17718,0,,
C17719,0,,
C17720,0,,
C17721,0,,
C17722,0,,
C17723,0,,
C17724,0,,
C17725,0,,
C17726,1,2024-12-16,Poor Service
C17727,0,,
C17728,0,,
C17729,1,2026-08-23,Customer Support
C17730,1,2026-07-20,Technical Issues
C17731,0,,
C17732,1,2026-07-17,Customer Support
C17733,1,2026-04-06,Technical Issues
C17734,1,2026-08-06,Low Usage
C17735,1,2026-06-11,Competitor
C17736,1,2026-03-26,Other
C17737,1,2026-08-17,Competitor
C17738,1,2026-08-31,Low Usage
C17739,0,,
C17740,0,,
C17741,0,,
C17742,1,2025-09-10,Price Too High
C17743,0,,
C17744,1,2026-03-28,Customer Support
C17745,0,,
C17746,0,,
C17747,0,,
C17748,0,,
C17749,0,,
C17750,1,2026-07-08,Customer Support
C17751,0,,
C17752,1,2026-04-01,Technical Issues
C17753,0,,
C17754,0,,
C17755,0,,
C17756,1,2026-03-19,Poor Service
C17757,0,,
C17758,0,,
C17759,0,,
C17760,0,,
C17761,0,,
C17762,0,,
C17763,1,2026-04-26,No Longer Needed
C17764,0,,
C17765,0,,
C17766,0,,
C17767,0,,
C17768,0,,
C17769,1,2025-06-16,Technical Issues
C17770,0,,
C17771,0,,
C17772,0,,
C17773,0,,
C17774,0,,
C17775,1,2026-04-12,Technical Issues
C17776,0,,
C17777,0,,
C17778,0,,
C17779,0,,
C17780,1,2026-04-25,Other
C17781,0,,
C17782,1,2026-03-18,Low Usage
C17783,0,,
C17784,1,2025-09-25,Price Too High
C17785,0,,
C17786,0,,
C17787,0,,
C17788,0,,
C17789,0,,
C17790,0,,
C17791,0,,
C17792,1,2025-11-29,No Longer Needed
C17793,0,,
C17794,0,,
C17795,0,,
C17796,1,2026-02-02,No Longer Needed
C17797,0,,
C17798,0,,
C17799,0,,
C17800,0,,
C17801,1,2026-03-03,Low Usage
C17802,0,,
C17803,0,,
C17804,1,2024-10-11,Other
C17805,0,,
C17806,0,,
C17807,0,,
C17808,0,,
C17809,0,,
C17810,1,2025-09-23,Other
C17811,0,,
C17812,0,,
C17813,0,,
C17814,0,,
C17815,0,,
C17816,0,,
C17817,0,,
C17818,0,,
C17819,0,,
C17820,0,,
C17821,0,,
C17822,0,,
C17823,0,,
C17824,1,2025-11-03,Customer Support
C17825,0,,
C17826,0,,
C17827,0,,
C17828,1,2026-04-04,Technical Issues
C17829,0,,
C17830,0,,
C17831,0,,
C17832,0,,
C17833,0,,
C17834,1,2026-02-23,Technical Issues
C17835,0,,
C17836,1,2026-03-10,Customer Support
C17837,0,,
C17838,0,,
C17839,0,,
C17840,0,,
C17841,1,2025-03-05,Low Usage
C17842,0,,
C17843,0,,
C17844,1,2026-03-01,Price Too High
C17845,1,2026-07-20,Technical Issues
C17846,0,,
C17847,1,2026-04-06,Price Too High
C17848,1,2026-03-21,Technical Issues
C17849,0,,
C17850,0,,
C17851,0,,
C17852,0,,
C17853,0,,
C17854,0,,
C17855,0,,
C17856,0,,
C17857,0,,
C17858,1,2026-07-22,Competitor
C17859,0,,
C17860,0,,
C17861,0,,
C17862,0,,
C17863,0,,
C17864,0,,
C17865,1,2026-07-10,Poor Service
C17866,0,,
C17867,0,,
C17868,0,,
C17869,0,,
C17870,0,,
C17871,1,2025-01-29,Customer Support
C17872,1,2025-12-25,Poor Service
C17873,1,2026-06-08,Customer Support
C17874,0,,
C17875,0,,
C17876,0,,
C17877,0,,
C17878,0,,
C17879,0,,
C17880,1,2026-01-07,Low Usage
C17881,0,,
C17882,0,,
C17883,0,,
C17884,0,,
C17885,1,2026-06-26,Other
C17886,1,2025-03-25,Other
C17887,0,,
C17888,0,,
C17889,0,,
C17890,0,,
C17891,0,,
C17892,1,2026-07-31,Competitor
C17893,1,2025-06-29,No Longer Needed
C17894,0,,
C17895,0,,
C17896,0,,
C17897,1,2025-05-25,Competitor
C17898,0,,
C17899,0,,
C17900,0,,
C17901,0,,
C17902,0,,
C17903,1,2024-08-16,Technical Issues
C17904,1,2026-01-16,Other
C17905,0,,
C17906,1,2024-10-25,Customer Support
C17907,0,,
C17908,0,,
C17909,0,,
C17910,0,,
C17911,1,2025-08-17,Customer Support
C17912,0,,
C17913,0,,
C17914,0,,
C17915,0,,
C17916,0,,
C17917,1,2024-03-22,Poor Service
C17918,0,,
C17919,1,2026-08-11,Poor Service
C17920,0,,
C17921,0,,
C17922,0,,
C17923,0,,
C17924,0,,
C17925,1,2026-06-18,Technical Issues
C17926,0,,
C17927,0,,
C17928,0,,
C17929,0,,
C17930,0,,
C17931,0,,
C17932,1,2026-06-15,Other
C17933,1,2026-06-04,No Longer Needed
C17934,1,2024-12-11,Customer Support
C17935,0,,
C17936,1,2025-04-07,Competitor
C17937,1,2025-10-25,Poor Service
C17938,0,,
C17939,0,,
C17940,0,,
C17941,0,,
C17942,1,2026-08-18,No Longer Needed
C17943,1,2025-12-12,Poor Service
C17944,1,2026-03-09,Technical Issues
C17945,0,,
C17946,1,2026-03-15,No Longer Needed
C17947,0,,
C17948,0,,
C17949,0,,
C17950,0,,
C17951,0,,
C17952,0,,
C17953,1,2026-04-28,Technical Issues
C17954,0,,
C17955,0,,
C17956,0,,
C17957,1,2026-06-29,Poor Service
C17958,0,,
C17959,1,2025-10-24,Price Too High
C17960,0,,
C17961,1,2026-06-05,Other
C17962,0,,
C17963,1,2026-08-16,Poor Service
C17964,0,,
C17965,1,2026-05-15,Technical Issues
C17966,0,,
C17967,1,2025-10-24,Poor Service
C17968,1,2026-07-22,Competitor
C17969,0,,
C17970,0,,
C17971,0,,
C17972,0,,
C17973,0,,
C17974,0,,
C17975,0,,
C17976,0,,
C17977,0,,
C17978,0,,
C17979,0,,
C17980,0,,
C17981,1,2026-05-12,Other
C17982,0,,
C17983,0,,
C17984,0,,
C17985,0,,
C17986,0,,
C17987,1,2025-02-27,Competitor
C17988,0,,
C17989,0,,
C17990,0,,
C17991,0,,
C17992,1,2025-04-16,Customer Support
C17993,0,,
C17994,1,2026-06-06,Competitor
C17995,0,,
C17996,0,,
C17997,0,,
C17998,0,,
C17999,0,,
C18000,1,2026-05-28,Poor Service
C18001,0,,
C18002,0,,
C18003,1,2026-08-18,Low Usage
C18004,0,,
C18005,0,,
C18006,0,,
C18007,0,,
C18008,0,,
C18009,1,2026-02-04,Technical Issues
C18010,0,,
C18011,0,,
C18012,1,2025-12-31,Poor Service
C18013,1,2026-03-23,Technical Issues
C18014,0,,
C18015,1,2025-11-25,Customer Support
C18016,0,,
C18017,0,,
C18018,1,2025-07-03,Competitor
C18019,0,,
C18020,0,,
C18021,1,2024-08-05,Customer Support
C18022,0,,
C18023,0,,
C18024,1,2025-11-22,No Longer Needed
C18025,1,2026-08-21,No Longer Needed
C18026,0,,
C18027,0,,
C18028,0,,
C18029,0,,
C18030,0,,
C18031,0,,
C18032,0,,
C18033,1,2026-05-05,No Longer Needed
C18034,0,,
C18035,0,,
C18036,1,2026-06-01,Low Usage
C18037,0,,
C18038,1,2025-12-08,Customer Support
C18039,1,2026-05-29,Other
C18040,0,,
C18041,1,2026-08-12,No Longer Needed
C18042,0,,
C18043,1,2025-07-18,No Longer Needed
C18044,0,,
C18045,1,2024-05-01,Competitor
C18046,0,,
C18047,0,,
C18048,0,,
C18049,0,,
C18050,0,,
C18051,1,2025-11-13,Low Usage
C18052,1,2026-05-22,Technical Issues
C18053,0,,
C18054,0,,
C18055,0,,
C18056,1,2026-01-05,Poor Service
C18057,1,2026-05-28,Technical Issues
C18058,0,,
C18059,0,,
C18060,0,,
C18061,0,,
C18062,0,,
C18063,0,,
C18064,1,2025-04-24,Customer Support
C18065,0,,
C18066,0,,
C18067,0,,
C18068,0,,
C18069,0,,
C18070,0,,
C18071,1,2025-01-07,Poor Service
C18072,0,,
C18073,0,,
C18074,0,,
C18075,0,,
C18076,1,2025-10-15,Competitor
C18077,0,,
C18078,1,2025-11-19,Price Too High
C18079,0,,
C18080,0,,
C18081,1,2026-08-11,Other
C18082,0,,
C18083,0,,
C18084,0,,
C18085,0,,
C18086,1,2026-08-21,No Longer Needed
C18087,0,,
C18088,1,2026-08-07,Other
C18089,0,,
C18090,0,,
C18091,0,,
C18092,0,,
C18093,1,2026-07-09,No Longer Needed
C18094,1,2026-05-24,Price Too High
C18095,0,,
C18096,1,2026-08-08,Price Too High
C18097,0,,
C18098,0,,
C18099,0,,
C18100,1,2024-05-25,Technical Issues
C18101,0,,
C18102,0,,
C18103,0,,
C18104,0,,
C18105,0,,
C18106,1,2026-08-16,Low Usage
C18107,0,,
C18108,0,,
C18109,1,2026-05-29,Technical Issues
C18110,0,,
C18111,1,2026-06-13,Price Too High
C18112,1,2026-08-22,Poor Service
C18113,0,,
C18114,1,2026-04-14,No Longer Needed
C18115,0,,
C18116,1,2026-05-24,Price Too High
C18117,1,2026-08-09,Price Too High
C18118,1,2026-04-07,Customer Support
C18119,0,,
C18120,0,,
C18121,1,2026-07-19,Customer Support
C18122,0,,
C18123,1,2026-01-10,Price Too High
C18124,0,,
C18125,1,2026-07-09,Poor Service
C18126,1,2024-12-30,Other
C18127,0,,
C18128,0,,
C18129,1,2026-04-30,Poor Service
C18130,0,,
C18131,0,,
C18132,0,,
C18133,0,,
C18134,1,2026-04-17,Customer Support
C18135,0,,
C18136,1,2024-07-14,Poor Service
C18137,0,,
C18138,1,2026-07-01,Technical Issues
C18139,1,2026-01-12,Poor Service
C18140,1,2024-02-01,Technical Issues
C18141,1,2025-06-06,Low Usage
C18142,0,,
C18143,0,,
C18144,0,,
C18145,1,2026-06-16,No Longer Needed
C18146,1,2026-06-11,Technical Issues
C18147,0,,
C18148,1,2026-02-22,Poor Service
C18149,0,,
C18150,0,,
C18151,0,,
C18152,0,,
C18153,0,,
C18154,1,2025-09-29,Poor Service
C18155,0,,
C18156,0,,
C18157,0,,
C18158,0,,
C18159,1,2025-01-18,Customer Support
C18160,0,,
C18161,1,2025-12-26,Low Usage
C18162,0,,
C18163,1,2026-05-07,Technical Issues
C18164,0,,
C18165,0,,
C18166,0,,
C18167,0,,
C18168,1,2025-09-14,Low Usage
C18169,0,,
C18170,0,,
C18171,1,2026-09-03,Competitor
C18172,1,2026-06-23,Poor Service
C18173,0,,
C18174,0,,
C18175,0,,
C18176,0,,
C18177,0,,
C18178,0,,
C18179,0,,
C18180,1,2026-07-21,Customer Support
C18181,0,,
C18182,1,2025-09-14,Poor Service
C18183,0,,
C18184,1,2026-05-26,Other
C18185,0,,
C18186,0,,
C18187,0,,
C18188,0,,
C18189,0,,
C18190,0,,
C18191,0,,
C18192,0,,
C18193,0,,
C18194,1,2026-08-07,No Longer Needed
C18195,1,2025-11-09,No Longer Needed
C18196,0,,
C18197,0,,
C18198,1,2026-09-09,Price Too High
C18199,1,2025-07-03,Customer Support
C18200,0,,
C18201,0,,
C18202,0,,
C18203,1,2026-09-06,No Longer Needed
C18204,0,,
C18205,0,,
C18206,0,,
C18207,0,,
C18208,0,,
C18209,0,,
C18210,1,2025-12-13,Technical Issues
C18211,1,2024-12-03,Technical Issues
C18212,1,2026-03-17,Other
C18213,0,,
C18214,0,,
C18215,1,2024-08-29,Other
C18216,0,,
C18217,0,,
C18218,0,,
C18219,0,,
C18220,1,2026-02-09,Low Usage
C18221,0,,
C18222,0,,
C18223,1,2026-06-01,Poor Service
C18224,0,,
C18225,0,,
C18226,0,,
C18227,1,2026-03-06,Competitor
C18228,0,,
C18229,1,2026-04-16,Poor Service
C18230,0,,
C18231,1,2026-07-28,Price Too High
C18232,0,,
C18233,0,,
C18234,0,,
C18235,0,,
C18236,0,,
C18237,0,,
C18238,0,,
C18239,0,,
C18240,0,,
C18241,0,,
C18242,0,,
C18243,0,,
C18244,0,,
C18245,0,,
C18246,0,,
C18247,0,,
C18248,0,,
C18249,0,,
C18250,0,,
C18251,0,,
C18252,0,,
C18253,1,2025-02-24,Low Usage
C18254,0,,
C18255,1,2024-12-17,Poor Service
C18256,0,,
C18257,1,2026-07-15,Customer Support
C18258,1,2025-08-05,Price Too High
C18259,0,,
C18260,0,,
C18261,1,2025-02-18,Technical Issues
C18262,0,,
C18263,1,2026-07-22,Technical Issues
C18264,0,,
C18265,0,,
C18266,1,2024-12-19,Poor Service
C18267,1,2026-08-14,Poor Service
C18268,1,2025-07-30,Poor Service
C18269,0,,
C18270,0,,
C18271,0,,
C18272,0,,
C18273,0,,
C18274,0,,
C18275,0,,
C18276,0,,
C18277,0,,
C18278,0,,
C18279,1,2024-08-26,Competitor
C18280,0,,
C18281,0,,
C18282,0,,
C18283,0,,
C18284,1,2025-10-22,Other
C18285,0,,
C18286,1,2026-08-05,Poor Service
C18287,0,,
C18288,0,,
C18289,0,,
C18290,0,,
C18291,1,2025-07-19,Low Usage
C18292,0,,
C18293,0,,
C18294,0,,
C18295,0,,
C18296,0,,
C18297,0,,
C18298,0,,
C18299,0,,
C18300,0,,
C18301,1,2026-05-25,Technical Issues
C18302,1,2025-12-09,Low Usage
C18303,1,2026-04-12,Poor Service
C18304,0,,
C18305,0,,
C18306,0,,
C18307,1,2026-04-04,Technical Issues
C18308,0,,
C18309,1,2026-04-10,Poor Service
C18310,0,,
C18311,0,,
C18312,0,,
C18313,0,,
C18314,0,,
C18315,0,,
C18316,1,2025-04-22,Price Too High
C18317,0,,
C18318,1,2026-07-14,No Longer Needed
C18319,0,,
C18320,0,,
C18321,0,,
C18322,0,,
C18323,0,,
C18324,0,,
C18325,0,,
C18326,1,2026-05-27,No Longer Needed
C18327,0,,
C18328,0,,
C18329,1,2026-04-24,Price Too High
C18330,0,,
C18331,0,,
C18332,0,,
C18333,0,,
C18334,1,2026-03-15,Technical Issues
C18335,1,2026-03-11,Other
C18336,0,,
C18337,0,,
C18338,1,2026-03-13,No Longer Needed
C18339,1,2025-12-31,Competitor
C18340,0,,
C18341,1,2024-10-12,Low Usage
C18342,0,,
C18343,0,,
C18344,0,,
C18345,0,,
C18346,0,,
C18347,0,,
C18348,0,,
C18349,1,2026-08-15,Technical Issues
C18350,0,,
C18351,0,,
C18352,0,,
C18353,0,,
C18354,0,,
C18355,0,,
C18356,1,2025-08-30,Low Usage
C18357,0,,
C18358,0,,
C18359,0,,
C18360,0,,
C18361,0,,
C18362,0,,
C18363,0,,
C18364,0,,
C18365,0,,
C18366,0,,
C18367,0,,
C18368,0,,
C18369,0,,
C18370,1,2024-08-11,Low Usage
C18371,0,,
C18372,0,,
C18373,0,,
C18374,1,2026-06-27,Technical Issues
C18375,0,,
C18376,0,,
C18377,0,,
C18378,1,2026-06-25,Poor Service
C18379,0,,
C18380,0,,
C18381,1,2026-07-16,Customer Support
C18382,0,,
C18383,1,2026-04-17,Price Too High
C18384,0,,
C18385,1,2024-02-08,Low Usage
C18386,0,,
C18387,0,,
C18388,1,2026-03-13,Other
C18389,1,2026-07-08,Competitor
C18390,1,2026-03-20,Other
C18391,0,,
C18392,0,,
C18393,0,,
C18394,1,2026-02-24,Poor Service
C18395,0,,
C18396,0,,
C18397,1,2026-05-28,Low Usage
C18398,1,2026-06-10,Customer Support
C18399,0,,
C18400,1,2025-06-09,Technical Issues
C18401,1,2025-08-29,Poor Service
C18402,0,,
C18403,1,2026-04-02,Price Too High
C18404,0,,
C18405,1,2026-08-25,Other
C18406,0,,
C18407,0,,
C18408,0,,
C18409,0,,
C18410,1,2025-01-22,No Longer Needed
C18411,1,2026-03-16,Competitor
C18412,0,,
C18413,1,2026-06-20,Price Too High
C18414,1,2026-08-15,Technical Issues
C18415,0,,
C18416,0,,
C18417,0,,
C18418,0,,
C18419,1,2024-08-02,Technical Issues
C18420,0,,
C18421,0,,
C18422,1,2025-09-26,Low Usage
C18423,0,,
C18424,0,,
C18425,0,,
C18426,0,,
C18427,0,,
C18428,1,2026-08-09,Low Usage
C18429,0,,
C18430,0,,
C18431,0,,
C18432,0,,
C18433,0,,
C18434,0,,
C18435,1,2026-04-17,Price Too High
C18436,0,,
C18437,0,,
C18438,0,,
C18439,0,,
C18440,0,,
C18441,0,,
C18442,0,,
C18443,0,,
C18444,0,,
C18445,1,2025-01-30,No Longer Needed
C18446,0,,
C18447,0,,
C18448,0,,
C18449,1,2025-09-08,Technical Issues
C18450,0,,
C18451,0,,
C18452,0,,
C18453,1,2026-08-17,Other
C18454,1,2024-06-17,Low Usage
C18455,0,,
C18456,0,,
C18457,1,2025-10-28,Competitor
C18458,1,2026-07-06,Customer Support
C18459,0,,
C18460,1,2026-06-26,Technical Issues
C18461,1,2025-01-31,No Longer Needed
C18462,0,,
C18463,0,,
C18464,1,2026-01-28,No Longer Needed
C18465,0,,
C18466,1,2026-06-14,No Longer Needed
C18467,0,,
C18468,1,2025-12-13,Technical Issues
C18469,0,,
C18470,1,2026-05-09,Technical Issues
C18471,0,,
C18472,1,2026-04-27,Poor Service
C18473,1,2025-11-09,No Longer Needed
C18474,0,,
C18475,0,,
C18476,0,,
C18477,0,,
C18478,0,,
C18479,0,,
C18480,0,,
C18481,1,2025-04-20,Technical Issues
C18482,0,,
C18483,1,2026-05-14,Competitor
C18484,1,2026-07-26,No Longer Needed
C18485,0,,
C18486,0,,
C18487,1,2026-02-09,Poor Service
C18488,1,2026-08-22,Customer Support
C18489,0,,
C18490,0,,
C18491,0,,
C18492,1,2026-06-12,Price Too High
C18493,1,2026-04-25,Customer Support
C18494,0,,
C18495,1,2024-04-17,Poor Service
C18496,0,,
C18497,1,2024-12-27,No Longer Needed
C18498,0,,
C18499,0,,
C18500,1,2025-12-14,Price Too High
C18501,0,,
C18502,0,,
C18503,0,,
C18504,1,2026-02-10,Technical Issues
C18505,0,,
C18506,1,2024-03-30,Competitor
C18507,0,,
C18508,0,,
C18509,0,,
C18510,0,,
C18511,1,2026-03-21,Customer Support
C18512,0,,
C18513,0,,
C18514,0,,
C18515,0,,
C18516,0,,
C18517,1,2026-01-18,Other
C18518,0,,
C18519,0,,
C18520,1,2025-02-22,Technical Issues
C18521,1,2026-05-21,No Longer Needed
C18522,0,,
C18523,0,,
C18524,1,2026-04-02,Low Usage
C18525,0,,
C18526,0,,
C18527,0,,
C18528,0,,
C18529,1,2026-01-13,No Longer Needed
C18530,0,,
C18531,1,2025-07-24,Customer Support
C18532,1,2026-05-27,Price Too High
C18533,0,,
C18534,0,,
C18535,1,2025-12-21,Customer Support
C18536,0,,
C18537,0,,
C18538,1,2026-05-11,Technical Issues
C18539,0,,
C18540,0,,
C18541,1,2024-03-26,Customer Support
C18542,1,2026-04-02,Other
C18543,1,2026-05-23,Customer Support
C18544,0,,
C18545,0,,
C18546,1,2024-09-22,Poor Service
C18547,0,,
C18548,0,,
C18549,0,,
C18550,1,2024-08-25,Other
C18551,1,2026-08-17,Competitor
C18552,0,,
C18553,0,,
C18554,0,,
C18555,1,2026-05-31,Poor Service
C18556,0,,
C18557,1,2026-07-13,Low Usage
C18558,1,2025-09-29,Technical Issues
C18559,0,,
C18560,1,2026-08-20,Low Usage
C18561,1,2026-04-19,Competitor
C18562,0,,
C18563,1,2025-10-04,Technical Issues
C18564,1,2026-03-26,Competitor
C18565,0,,
C18566,0,,
C18567,0,,
C18568,1,2026-07-05,Low Usage
C18569,1,2026-08-04,Other
C18570,1,2023-11-30,Poor Service
C18571,0,,
C18572,0,,
C18573,0,,
C18574,1,2025-07-23,Poor Service
C18575,1,2026-08-21,Poor Service
C18576,0,,
C18577,0,,
C18578,0,,
C18579,0,,
C18580,1,2026-01-07,Other
C18581,0,,
C18582,0,,
C18583,0,,
C18584,1,2025-07-03,Customer Support
C18585,1,2026-06-03,Other
C18586,1,2026-08-10,No Longer Needed
C18587,0,,
C18588,1,2026-01-04,Technical Issues
C18589,1,2026-01-09,No Longer Needed
C18590,1,2026-08-18,Price Too High
C18591,0,,
C18592,0,,
C18593,1,2024-06-16,Price Too High
C18594,0,,
C18595,0,,
C18596,0,,
C18597,0,,
C18598,0,,
C18599,0,,
C18600,0,,
C18601,0,,
C18602,0,,
C18603,0,,
C18604,1,2026-03-18,Competitor
C18605,0,,
C18606,0,,
C18607,0,,
C18608,0,,
C18609,1,2024-01-10,Technical Issues
C18610,0,,
C18611,0,,
C18612,0,,
C18613,0,,
C18614,0,,
C18615,0,,
C18616,0,,
C18617,0,,
C18618,0,,
C18619,0,,
C18620,0,,
C18621,0,,
C18622,0,,
C18623,0,,
C18624,0,,
C18625,1,2026-05-14,Price Too High
C18626,0,,
C18627,0,,
C18628,0,,
C18629,1,2025-12-21,Customer Support
C18630,0,,
C18631,0,,
C18632,0,,
C18633,0,,
C18634,1,2025-12-11,Technical Issues
C18635,0,,
C18636,0,,
C18637,0,,
C18638,0,,
C18639,0,,
C18640,0,,
C18641,1,2026-04-30,Low Usage
C18642,0,,
C18643,0,,
C18644,0,,
C18645,0,,
C18646,0,,
C18647,0,,
C18648,1,2026-06-04,No Longer Needed
C18649,0,,
C18650,1,2026-04-28,Competitor
C18651,1,2026-06-25,Poor Service
C18652,0,,
C18653,0,,
C18654,1,2025-11-08,Low Usage
C18655,0,,
C18656,0,,
C18657,0,,
C18658,0,,
C18659,1,2026-05-08,Poor Service
C18660,0,,
C18661,0,,
C18662,0,,
C18663,0,,
C18664,0,,
C18665,1,2026-05-26,Competitor
C18666,0,,
C18667,1,2024-10-09,Technical Issues
C18668,0,,
C18669,0,,
C18670,0,,
C18671,0,,
C18672,0,,
C18673,1,2026-07-13,Other
C18674,0,,
C18675,0,,
C18676,0,,
C18677,0,,
C18678,0,,
C18679,1,2026-08-05,Low Usage
C18680,0,,
C18681,0,,
C18682,0,,
C18683,0,,
C18684,0,,
C18685,0,,
C18686,1,2026-05-16,Low Usage
C18687,1,2026-05-19,No Longer Needed
C18688,1,2026-02-25,Other
C18689,1,2026-05-29,No Longer Needed
C18690,1,2024-02-04,Customer Support
C18691,0,,
C18692,1,2025-05-11,Technical Issues
C18693,0,,
C18694,1,2025-10-06,Low Usage
C18695,0,,
C18696,0,,
C18697,1,2026-02-01,No Longer Needed
C18698,1,2025-03-10,Other
C18699,0,,
C18700,1,2025-11-03,Customer Support
C18701,0,,
C18702,0,,
C18703,0,,
C18704,1,2026-08-02,Poor Service
C18705,0,,
C18706,1,2026-09-05,Poor Service
C18707,0,,
C18708,0,,
C18709,1,2026-06-20,Customer Support
C18710,0,,
C18711,0,,
C18712,1,2025-08-31,Customer Support
C18713,0,,
C18714,0,,
C18715,0,,
C18716,1,2026-05-23,Competitor
C18717,0,,
C18718,0,,
C18719,0,,
C18720,0,,
C18721,0,,
C18722,0,,
C18723,1,2024-04-30,No Longer Needed
C18724,0,,
C18725,0,,
C18726,0,,
C18727,1,2025-01-23,Low Usage
C18728,0,,
C18729,0,,
C18730,0,,
C18731,0,,
C18732,0,,
C18733,0,,
C18734,0,,
C18735,0,,
C18736,0,,
C18737,0,,
C18738,0,,
C18739,0,,
C18740,0,,
C18741,0,,
C18742,0,,
C18743,0,,
C18744,0,,
C18745,0,,
C18746,0,,
C18747,0,,
C18748,0,,
C18749,0,,
C18750,0,,
C18751,1,2025-10-28,Technical Issues
C18752,0,,
C18753,0,,
C18754,0,,
C18755,1,2026-09-06,Poor Service
C18756,1,2025-05-31,Customer Support
C18757,0,,
C18758,0,,
C18759,0,,
C18760,0,,
C18761,1,2026-07-10,Price Too High
C18762,0,,
C18763,1,2026-06-19,Low Usage
C18764,1,2025-07-29,Poor Service
C18765,0,,
C18766,0,,
C18767,0,,
C18768,0,,
C18769,0,,
C18770,1,2026-07-11,Poor Service
C18771,0,,
C18772,0,,
C18773,0,,
C18774,0,,
C18775,0,,
C18776,0,,
C18777,0,,
C18778,0,,
C18779,0,,
C18780,0,,
C18781,0,,
C18782,0,,
C18783,0,,
C18784,0,,
C18785,0,,
C18786,0,,
C18787,1,2026-01-07,Technical Issues
C18788,0,,
C18789,0,,
C18790,0,,
C18791,0,,
C18792,0,,
C18793,0,,
C18794,0,,
C18795,0,,
C18796,0,,
C18797,0,,
C18798,0,,
C18799,0,,
C18800,0,,
C18801,0,,
C18802,0,,
C18803,1,2026-08-21,Poor Service
C18804,0,,
C18805,0,,
C18806,0,,
C18807,0,,
C18808,1,2026-08-21,No Longer Needed
C18809,1,2026-01-15,Technical Issues
C18810,0,,
C18811,0,,
C18812,0,,
C18813,0,,
C18814,0,,
C18815,0,,
C18816,0,,
C18817,0,,
C18818,0,,
C18819,0,,
C18820,0,,
C18821,0,,
C18822,0,,
C18823,0,,
C18824,0,,
C18825,1,2025-02-04,Low Usage
C18826,1,2026-08-05,Poor Service
C18827,0,,
C18828,0,,
C18829,1,2026-08-22,Competitor
C18830,0,,
C18831,0,,
C18832,0,,
C18833,0,,
C18834,0,,
C18835,0,,
C18836,0,,
C18837,1,2026-08-18,Competitor
C18838,0,,
C18839,0,,
C18840,1,2024-07-06,Customer Support
C18841,1,2026-07-31,Price Too High
C18842,0,,
C18843,0,,
C18844,1,2026-07-29,Customer Support
C18845,0,,
C18846,0,,
C18847,0,,
C18848,0,,
C18849,0,,
C18850,0,,
C18851,0,,
C18852,1,2026-03-25,Other
C18853,0,,
C18854,0,,
C18855,1,2024-12-18,Customer Support
C18856,0,,
C18857,0,,
C18858,1,2025-12-30,Customer Support
C18859,0,,
C18860,0,,
C18861,1,2025-04-12,Low Usage
C18862,0,,
C18863,0,,
C18864,0,,
C18865,0,,
C18866,0,,
C18867,0,,
C18868,0,,
C18869,1,2024-07-06,Low Usage
C18870,0,,
C18871,1,2026-07-21,Low Usage
C18872,0,,
C18873,0,,
C18874,1,2026-03-23,Price Too High
C18875,0,,
C18876,1,2026-06-07,Competitor
C18877,0,,
C18878,1,2026-08-12,Customer Support
C18879,0,,
C18880,0,,
C18881,1,2026-06-17,Poor Service
C18882,0,,
C18883,1,2026-07-26,Technical Issues
C18884,0,,
C18885,0,,
C18886,0,,
C18887,0,,
C18888,0,,
C18889,1,2026-03-24,Price Too High
C18890,1,2025-08-11,Other
C18891,0,,
C18892,0,,
C18893,0,,
C18894,0,,
C18895,1,2026-07-25,Poor Service
C18896,0,,
C18897,1,2026-01-31,Poor Service
C18898,0,,
C18899,0,,
C18900,0,,
C18901,0,,
C18902,0,,
C18903,0,,
C18904,0,,
C18905,1,2026-03-10,Customer Support
C18906,1,2026-05-21,Poor Service
C18907,0,,
C18908,0,,
C18909,0,,
C18910,0,,
C18911,0,,
C18912,0,,
C18913,0,,
C18914,0,,
C18915,1,2026-08-21,Technical Issues
C18916,0,,
C18917,0,,
C18918,0,,
C18919,0,,
C18920,0,,
C18921,0,,
C18922,0,,
C18923,0,,
C18924,0,,
C18925,1,2025-03-25,Price Too High
C18926,1,2025-10-02,Customer Support
C18927,0,,
C18928,0,,
C18929,0,,
C18930,0,,
C18931,0,,
C18932,0,,
C18933,0,,
C18934,1,2026-03-15,Customer Support
C18935,0,,
C18936,0,,
C18937,0,,
C18938,1,2025-09-23,Technical Issues
C18939,0,,
C18940,1,2025-07-16,Technical Issues
C18941,0,,
C18942,0,,
C18943,0,,
C18944,0,,
C18945,0,,
C18946,0,,
C18947,0,,
C18948,1,2026-05-26,Technical Issues
C18949,1,2026-08-15,Price Too High
C18950,1,2025-10-04,Low Usage
C18951,0,,
C18952,0,,
C18953,1,2026-05-15,Competitor
C18954,0,,
C18955,0,,
C18956,0,,
C18957,1,2025-04-21,No Longer Needed
C18958,0,,
C18959,0,,
C18960,0,,
C18961,0,,
C18962,1,2026-06-24,Other
C18963,0,,
C18964,1,2025-10-22,Customer Support
C18965,0,,
C18966,0,,
C18967,1,2026-07-11,Technical Issues
C18968,0,,
C18969,0,,
C18970,1,2026-07-02,Other
C18971,0,,
C18972,0,,
C18973,0,,
C18974,1,2026-08-12,Poor Service
C18975,0,,
C18976,0,,
C18977,0,,
C18978,0,,
C18979,1,2026-03-03,Low Usage
C18980,0,,
C18981,1,2025-01-18,No Longer Needed
C18982,0,,
C18983,0,,
C18984,0,,
C18985,1,2025-12-19,Low Usage
C18986,0,,
C18987,1,2026-03-17,Low Usage
C18988,1,2026-04-12,Low Usage
C18989,0,,
C18990,0,,
C18991,1,2026-05-03,Low Usage
C18992,0,,
C18993,0,,
C18994,1,2026-07-26,Price Too High
C18995,0,,
C18996,0,,
C18997,0,,
C18998,0,,
C18999,0,,
C19000,0,,
C19001,0,,
C19002,1,2024-12-02,Technical Issues
C19003,0,,
C19004,0,,
C19005,0,,
C19006,1,2026-04-30,Customer Support
C19007,0,,
C19008,0,,
C19009,0,,
C19010,0,,
C19011,0,,
C19012,0,,
C19013,0,,
C19014,0,,
C19015,0,,
C19016,1,2025-10-16,Poor Service
C19017,0,,
C19018,0,,
C19019,1,2026-08-14,Price Too High
C19020,0,,
C19021,0,,
C19022,0,,
C19023,0,,
C19024,0,,
C19025,0,,
C19026,0,,
C19027,0,,
C19028,1,2026-07-15,No Longer Needed
C19029,1,2026-04-16,No Longer Needed
C19030,1,2025-06-12,Low Usage
C19031,0,,
C19032,0,,
C19033,0,,
C19034,0,,
C19035,0,,
C19036,1,2026-08-01,Other
C19037,0,,
C19038,0,,
C19039,0,,
C19040,0,,
C19041,1,2026-09-09,No Longer Needed
C19042,1,2026-02-13,Customer Support
C19043,0,,
C19044,0,,
C19045,0,,
C19046,1,2026-07-12,Other
C19047,1,2026-06-29,Technical Issues
C19048,1,2026-05-15,Price Too High
C19049,1,2026-04-09,Technical Issues
C19050,0,,
C19051,0,,
C19052,1,2025-03-17,Other
C19053,1,2026-05-27,Low Usage
C19054,1,2026-08-15,Poor Service
C19055,0,,
C19056,0,,
C19057,1,2025-10-26,Customer Support
C19058,0,,
C19059,0,,
C19060,0,,
C19061,0,,
C19062,0,,
C19063,0,,
C19064,0,,
C19065,0,,
C19066,0,,
C19067,1,2026-07-06,Customer Support
C19068,0,,
C19069,0,,
C19070,1,2024-11-13,No Longer Needed
C19071,0,,
C19072,1,2025-12-04,Poor Service
C19073,0,,
C19074,1,2026-07-07,Competitor
C19075,1,2026-02-25,Poor Service
C19076,0,,
C19077,0,,
C19078,1,2026-07-05,Poor Service
C19079,0,,
C19080,0,,
C19081,0,,
C19082,0,,
C19083,1,2026-07-01,Customer Support
C19084,1,2026-07-21,Technical Issues
C19085,0,,
C19086,0,,
C19087,0,,
C19088,0,,
C19089,1,2025-05-29,Customer Support
C19090,0,,
C19091,1,2025-06-18,Technical Issues
C19092,1,2026-07-24,Poor Service
C19093,0,,
C19094,1,2025-08-14,Customer Support
C19095,0,,
C19096,0,,
C19097,1,2025-10-12,Technical Issues
C19098,0,,
C19099,0,,
C19100,0,,
C19101,1,2026-03-14,Price Too High
C19102,0,,
C19103,0,,
C19104,1,2026-02-28,No Longer Needed
C19105,0,,
C19106,1,2026-05-11,Competitor
C19107,0,,
C19108,0,,
C19109,1,2026-03-29,No Longer Needed
C19110,1,2026-08-04,No Longer Needed
C19111,1,2026-04-27,Other
C19112,1,2026-05-30,Poor Service
C19113,0,,
C19114,0,,
C19115,0,,
C19116,0,,
C19117,0,,
C19118,1,2026-04-13,Low Usage
C19119,0,,
C19120,1,2025-07-27,No Longer Needed
C19121,0,,
C19122,0,,
C19123,0,,
C19124,0,,
C19125,0,,
C19126,0,,
C19127,0,,
C19128,0,,
C19129,0,,
C19130,1,2025-11-27,Low Usage
C19131,0,,
C19132,1,2026-06-16,Customer Support
C19133,0,,
C19134,0,,
C19135,0,,
C19136,0,,
C19137,0,,
C19138,0,,
C19139,0,,
C19140,0,,
C19141,0,,
C19142,0,,
C19143,0,,
C19144,0,,
C19145,0,,
C19146,0,,
C19147,0,,
C19148,0,,
C19149,0,,
C19150,0,,
C19151,0,,
C19152,0,,
C19153,0,,
C19154,0,,
C19155,0,,
C19156,1,2023-11-27,Technical Issues
C19157,0,,
C19158,0,,
C19159,0,,
C19160,0,,
C19161,0,,
C19162,1,2025-11-29,Low Usage
C19163,1,2024-11-03,Poor Service
C19164,0,,
C19165,0,,
C19166,1,2026-02-27,Customer Support
C19167,0,,
C19168,0,,
C19169,0,,
C19170,0,,
C19171,1,2025-01-19,Customer Support
C19172,0,,
C19173,1,2026-05-26,Price Too High
C19174,1,2026-08-03,Poor Service
C19175,0,,
C19176,0,,
C19177,0,,
C19178,1,2026-04-09,Other
C19179,0,,
C19180,0,,
C19181,0,,
C19182,0,,
C19183,0,,
C19184,0,,
C19185,0,,
C19186,0,,
C19187,1,2026-05-28,Technical Issues
C19188,0,,
C19189,0,,
C19190,1,2026-02-25,Customer Support
C19191,0,,
C19192,0,,
C19193,1,2025-01-18,Competitor
C19194,0,,
C19195,0,,
C19196,0,,
C19197,0,,
C19198,0,,
C19199,0,,
C19200,0,,
C19201,1,2026-07-28,Poor Service
C19202,0,,
C19203,0,,
C19204,0,,
C19205,0,,
C19206,0,,
C19207,0,,
C19208,0,,
C19209,1,2025-01-21,Customer Support
C19210,0,,
C19211,0,,
C19212,1,2026-03-24,No Longer Needed
C19213,0,,
C19214,0,,
C19215,0,,
C19216,0,,
C19217,1,2026-07-10,Poor Service
C19218,0,,
C19219,1,2026-04-07,Poor Service
C19220,1,2025-04-10,No Longer Needed
C19221,0,,
C19222,0,,
C19223,0,,
C19224,0,,
C19225,0,,
C19226,0,,
C19227,0,,
C19228,0,,
C19229,0,,
C19230,0,,
C19231,0,,
C19232,0,,
C19233,0,,
C19234,0,,
C19235,0,,
C19236,1,2025-09-14,Other
C19237,1,2026-09-20,Poor Service
C19238,0,,
C19239,0,,
C19240,0,,
C19241,1,2024-05-20,Poor Service
C19242,0,,
C19243,1,2026-09-04,Technical Issues
C19244,1,2024-09-12,Other
C19245,0,,
C19246,1,2025-12-31,Other
C19247,0,,
C19248,0,,
C19249,1,2025-04-02,Poor Service
C19250,0,,
C19251,0,,
C19252,1,2026-04-18,Poor Service
C19253,0,,
C19254,0,,
C19255,0,,
C19256,0,,
C19257,0,,
C19258,1,2025-10-26,Customer Support
C19259,0,,
C19260,1,2026-07-28,No Longer Needed
C19261,0,,
C19262,0,,
C19263,1,2026-08-20,Customer Support
C19264,0,,
C19265,0,,
C19266,0,,
C19267,0,,
C19268,1,2025-06-14,Poor Service
C19269,0,,
C19270,0,,
C19271,0,,
C19272,0,,
C19273,0,,
C19274,1,2026-07-19,Low Usage
C19275,1,2025-08-27,Competitor
C19276,0,,
C19277,1,2026-05-14,Competitor
C19278,0,,
C19279,1,2026-08-18,No Longer Needed
C19280,0,,
C19281,1,2026-03-06,Poor Service
C19282,1,2024-10-08,Poor Service
C19283,0,,
C19284,0,,
C19285,0,,
C19286,0,,
C19287,0,,
C19288,0,,
C19289,1,2025-03-03,Low Usage
C19290,0,,
C19291,0,,
C19292,0,,
C19293,1,2023-11-01,No Longer Needed
C19294,0,,
C19295,0,,
C19296,1,2026-03-30,Customer Support
C19297,0,,
C19298,0,,
C19299,1,2026-08-13,Low Usage
C19300,1,2026-09-03,Price Too High
C19301,1,2026-04-14,Competitor
C19302,0,,
C19303,1,2026-07-21,Low Usage
C19304,0,,
C19305,1,2025-09-03,No Longer Needed
C19306,0,,
C19307,0,,
C19308,1,2026-07-02,Other
C19309,0,,
C19310,0,,
C19311,0,,
C19312,0,,
C19313,0,,
C19314,0,,
C19315,0,,
C19316,0,,
C19317,0,,
C19318,1,2024-11-09,Low Usage
C19319,0,,
C19320,0,,
C19321,0,,
C19322,1,2025-06-06,Technical Issues
C19323,0,,
C19324,1,2024-08-16,Competitor
C19325,0,,
C19326,0,,
C19327,0,,
C19328,0,,
C19329,1,2026-01-15,Poor Service
C19330,0,,
C19331,0,,
C19332,0,,
C19333,0,,
C19334,1,2026-06-12,Technical Issues
C19335,1,2026-02-03,Low Usage
C19336,0,,
C19337,0,,
C19338,0,,
C19339,0,,
C19340,1,2026-05-13,Technical Issues
C19341,0,,
C19342,0,,
C19343,0,,
C19344,1,2024-12-31,Price Too High
C19345,0,,
C19346,0,,
C19347,0,,
C19348,0,,
C19349,0,,
C19350,0,,
C19351,0,,
C19352,0,,
C19353,0,,
C19354,0,,
C19355,1,2026-06-16,Customer Support
C19356,0,,
C19357,0,,
C19358,0,,
C19359,1,2026-05-01,No Longer Needed
C19360,0,,
C19361,0,,
C19362,0,,
C19363,0,,
C19364,1,2025-05-15,Other
C19365,0,,
C19366,0,,
C19367,0,,
C19368,0,,
C19369,0,,
C19370,0,,
C19371,0,,
C19372,1,2025-12-30,Technical Issues
C19373,1,2025-12-09,No Longer Needed
C19374,0,,
C19375,1,2025-02-14,Low Usage
C19376,1,2026-07-06,Price Too High
C19377,0,,
C19378,0,,
C19379,0,,
C19380,1,2025-12-25,Other
C19381,1,2026-03-23,Low Usage
C19382,1,2025-09-10,Low Usage
C19383,0,,
C19384,0,,
C19385,0,,
C19386,0,,
C19387,1,2024-09-12,No Longer Needed
C19388,1,2026-05-22,Customer Support
C19389,0,,
C19390,0,,
C19391,1,2026-04-23,No Longer Needed
C19392,0,,
C19393,0,,
C19394,0,,
C19395,0,,
C19396,0,,
C19397,0,,
C19398,0,,
C19399,0,,
C19400,0,,
C19401,0,,
C19402,0,,
C19403,1,2025-11-06,No Longer Needed
C19404,0,,
C19405,1,2026-06-08,Poor Service
C19406,0,,
C19407,0,,
C19408,0,,
C19409,1,2025-12-05,Price Too High
C19410,0,,
C19411,0,,
C19412,0,,
C19413,0,,
C19414,0,,
C19415,0,,
C19416,0,,
C19417,0,,
C19418,0,,
C19419,0,,
C19420,0,,
C19421,0,,
C19422,0,,
C19423,0,,
C19424,0,,
C19425,0,,
C19426,1,2024-01-30,Technical Issues
C19427,1,2026-04-05,No Longer Needed
C19428,0,,
C19429,0,,
C19430,0,,
C19431,1,2026-06-07,Customer Support
C19432,0,,
C19433,0,,
C19434,1,2026-07-26,Technical Issues
C19435,1,2025-07-31,Poor Service
C19436,1,2025-12-05,Poor Service
C19437,0,,
C19438,0,,
C19439,0,,
C19440,0,,
C19441,0,,
C19442,1,2026-03-18,Customer Support
C19443,0,,
C19444,0,,
C19445,0,,
C19446,0,,
C19447,0,,
C19448,0,,
C19449,0,,
C19450,0,,
C19451,1,2026-02-14,No Longer Needed
C19452,0,,
C19453,0,,
C19454,0,,
C19455,0,,
C19456,0,,
C19457,0,,
C19458,0,,
C19459,1,2024-09-23,Technical Issues
C19460,0,,
C19461,0,,
C19462,1,2026-01-09,No Longer Needed
C19463,0,,
C19464,0,,
C19465,0,,
C19466,0,,
C19467,0,,
C19468,1,2026-07-09,Low Usage
C19469,0,,
C19470,0,,
C19471,1,2026-08-29,Low Usage
C19472,0,,
C19473,1,2026-07-24,Competitor
C19474,0,,
C19475,0,,
C19476,0,,
C19477,0,,
C19478,0,,
C19479,0,,
C19480,0,,
C19481,0,,
C19482,0,,
C19483,0,,
C19484,1,2026-08-07,Poor Service
C19485,0,,
C19486,1,2026-04-27,Price Too High
C19487,0,,
C19488,0,,
C19489,0,,
C19490,0,,
C19491,0,,
C19492,1,2026-06-20,Other
C19493,0,,
C19494,0,,
C19495,0,,
C19496,1,2025-05-08,No Longer Needed
C19497,0,,
C19498,0,,
C19499,0,,
C19500,1,2024-03-25,Poor Service
C19501,0,,
C19502,1,2026-07-04,Price Too High
C19503,0,,
C19504,1,2026-08-22,Poor Service
C19505,0,,
C19506,0,,
C19507,0,,
C19508,0,,
C19509,1,2026-07-19,Customer Support
C19510,1,2026-05-31,Other
C19511,1,2025-07-05,Customer Support
C19512,0,,
C19513,0,,
C19514,1,2025-10-06,Low Usage
C19515,0,,
C19516,1,2026-07-26,Technical Issues
C19517,1,2024-07-31,Poor Service
C19518,0,,
C19519,0,,
C19520,0,,
C19521,0,,
C19522,1,2026-05-27,Price Too High
C19523,1,2026-08-09,Technical Issues
C19524,1,2025-03-06,Technical Issues
C19525,0,,
C19526,1,2025-05-28,No Longer Needed
C19527,0,,
C19528,1,2026-08-20,Customer Support
C19529,1,2026-06-14,Price Too High
C19530,0,,
C19531,1,2024-07-18,Competitor
C19532,1,2024-05-24,No Longer Needed
C19533,0,,
C19534,0,,
C19535,0,,
C19536,0,,
C19537,0,,
C19538,0,,
C19539,1,2025-07-22,Price Too High
C19540,0,,
C19541,0,,
C19542,1,2026-01-19,Competitor
C19543,0,,
C19544,0,,
C19545,1,2026-06-05,Poor Service
C19546,1,2026-03-06,Price Too High
C19547,0,,
C19548,0,,
C19549,1,2026-05-23,Customer Support
C19550,0,,
C19551,0,,
C19552,0,,
C19553,0,,
C19554,0,,
C19555,0,,
C19556,0,,
C19557,0,,
C19558,0,,
C19559,0,,
C19560,1,2025-04-10,Competitor
C19561,0,,
C19562,0,,
C19563,0,,
C19564,0,,
C19565,1,2026-06-08,Technical Issues
C19566,1,2026-01-25,Other
C19567,0,,
C19568,0,,
C19569,0,,
C19570,0,,
C19571,0,,
C19572,1,2026-01-06,Other
C19573,0,,
C19574,0,,
C19575,0,,
C19576,0,,
C19577,1,2026-07-08,Technical Issues
C19578,0,,
C19579,0,,
C19580,0,,
C19581,0,,
C19582,1,2025-12-14,Technical Issues
C19583,0,,
C19584,0,,
C19585,0,,
C19586,0,,
C19587,0,,
C19588,1,2026-07-29,Competitor
C19589,1,2026-08-23,Low Usage
C19590,0,,
C19591,0,,
C19592,1,2026-06-04,Customer Support
C19593,0,,
C19594,1,2026-03-02,Price Too High
C19595,0,,
C19596,0,,
C19597,0,,
C19598,0,,
C19599,0,,
C19600,0,,
C19601,0,,
C19602,0,,
C19603,0,,
C19604,0,,
C19605,0,,
C19606,0,,
C19607,1,2026-06-28,No Longer Needed
C19608,1,2025-12-31,No Longer Needed
C19609,0,,
C19610,1,2026-05-22,Other
C19611,0,,
C19612,1,2026-06-07,Technical Issues
C19613,0,,
C19614,0,,
C19615,0,,
C19616,1,2025-08-22,Competitor
C19617,1,2025-05-08,Other
C19618,0,,
C19619,0,,
C19620,0,,
C19621,1,2026-03-27,Low Usage
C19622,0,,
C19623,1,2026-01-22,Other
C19624,0,,
C19625,0,,
C19626,0,,
C19627,0,,
C19628,0,,
C19629,0,,
C19630,0,,
C19631,1,2026-04-12,Poor Service
C19632,0,,
C19633,1,2024-10-02,No Longer Needed
C19634,0,,
C19635,0,,
C19636,0,,
C19637,0,,
C19638,0,,
C19639,0,,
C19640,0,,
C19641,1,2026-03-04,Poor Service
C19642,0,,
C19643,0,,
C19644,1,2026-02-18,Customer Support
C19645,0,,
C19646,1,2026-08-11,Technical Issues
C19647,0,,
C19648,0,,
C19649,1,2026-05-28,Customer Support
C19650,0,,
C19651,0,,
C19652,0,,
C19653,0,,
C19654,0,,
C19655,0,,
C19656,0,,
C19657,1,2026-06-02,Technical Issues
C19658,0,,
C19659,0,,
C19660,0,,
C19661,1,2025-04-25,Technical Issues
C19662,0,,
C19663,0,,
C19664,0,,
C19665,1,2024-08-16,Other
C19666,0,,
C19667,0,,
C19668,0,,
C19669,0,,
C19670,1,2024-12-20,Low Usage
C19671,0,,
C19672,0,,
C19673,0,,
C19674,0,,
C19675,1,2026-07-05,Other
C19676,1,2026-08-23,Technical Issues
C19677,0,,
C19678,0,,
C19679,1,2025-10-29,Other
C19680,0,,
C19681,0,,
C19682,0,,
C19683,0,,
C19684,1,2026-02-02,Low Usage
C19685,1,2026-05-12,Low Usage
C19686,0,,
C19687,0,,
C19688,0,,
C19689,0,,
C19690,0,,
C19691,1,2025-02-06,Poor Service
C19692,0,,
C19693,1,2025-09-02,Technical Issues
C19694,0,,
C19695,1,2025-08-03,Technical Issues
C19696,0,,
C19697,0,,
C19698,0,,
C19699,0,,
C19700,0,,
C19701,1,2026-08-13,Technical Issues
C19702,1,2024-10-15,No Longer Needed
C19703,1,2026-08-02,Technical Issues
C19704,1,2026-06-15,Poor Service
C19705,0,,
C19706,0,,
C19707,0,,
C19708,0,,
C19709,0,,
C19710,0,,
C19711,0,,
C19712,0,,
C19713,0,,
C19714,0,,
C19715,0,,
C19716,0,,
C19717,0,,
C19718,0,,
C19719,0,,
C19720,0,,
C19721,0,,
C19722,1,2026-06-09,Technical Issues
C19723,0,,
C19724,0,,
C19725,0,,
C19726,1,2024-12-02,Other
C19727,0,,
C19728,1,2026-08-15,Low Usage
C19729,0,,
C19730,0,,
C19731,0,,
C19732,0,,
C19733,0,,
C19734,0,,
C19735,0,,
C19736,1,2026-08-17,No Longer Needed
C19737,1,2025-05-17,Price Too High
C19738,1,2026-06-26,Poor Service
C19739,0,,
C19740,0,,
C19741,0,,
C19742,0,,
C19743,0,,
C19744,1,2026-03-14,Low Usage
C19745,0,,
C19746,1,2024-12-09,No Longer Needed
C19747,1,2026-02-13,Low Usage
C19748,0,,
C19749,0,,
C19750,0,,
C19751,0,,
C19752,0,,
C19753,0,,
C19754,0,,
C19755,1,2025-09-30,Technical Issues
C19756,0,,
C19757,0,,
C19758,1,2026-02-04,Customer Support
C19759,0,,
C19760,0,,
C19761,1,2025-11-14,Other
C19762,0,,
C19763,0,,
C19764,0,,
C19765,0,,
C19766,0,,
C19767,0,,
C19768,1,2026-08-08,Poor Service
C19769,0,,
C19770,0,,
C19771,0,,
C19772,0,,
C19773,0,,
C19774,0,,
C19775,0,,
C19776,0,,
C19777,0,,
C19778,1,2025-09-19,Customer Support
C19779,0,,
C19780,0,,
C19781,0,,
C19782,0,,
C19783,0,,
C19784,0,,
C19785,0,,
C19786,0,,
C19787,0,,
C19788,0,,
C19789,0,,
C19790,1,2026-06-23,Customer Support
C19791,0,,
C19792,0,,
C19793,0,,
C19794,0,,
C19795,0,,
C19796,1,2026-08-10,Price Too High
C19797,0,,
C19798,0,,
C19799,1,2026-04-06,Poor Service
C19800,0,,
C19801,0,,
C19802,0,,
C19803,1,2026-07-15,Other
C19804,0,,
C19805,0,,
C19806,0,,
C19807,0,,
C19808,1,2026-08-19,Price Too High
C19809,1,2026-08-17,Technical Issues
C19810,0,,
C19811,0,,
C19812,0,,
C19813,0,,
C19814,1,2025-11-08,Price Too High
C19815,0,,
C19816,0,,
C19817,0,,
C19818,0,,
C19819,0,,
C19820,1,2026-08-17,Competitor
C19821,0,,
C19822,0,,
C19823,1,2026-06-06,No Longer Needed
C19824,1,2026-04-02,Poor Service
C19825,0,,
C19826,0,,
C19827,1,2025-10-12,No Longer Needed
C19828,1,2026-04-10,Customer Support
C19829,0,,
C19830,0,,
C19831,0,,
C19832,0,,
C19833,0,,
C19834,0,,
C19835,1,2025-01-12,Low Usage
C19836,0,,
C19837,0,,
C19838,0,,
C19839,0,,
C19840,0,,
C19841,1,2025-09-06,Price Too High
C19842,0,,
C19843,0,,
C19844,0,,
C19845,1,2026-08-22,Low Usage
C19846,0,,
C19847,0,,
C19848,0,,
C19849,0,,
C19850,1,2026-04-08,Customer Support
C19851,0,,
C19852,0,,
C19853,0,,
C19854,1,2025-04-08,Price Too High
C19855,0,,
C19856,0,,
C19857,0,,
C19858,0,,
C19859,0,,
C19860,0,,
C19861,0,,
C19862,0,,
C19863,0,,
C19864,0,,
C19865,1,2026-05-30,Competitor
C19866,1,2026-07-22,Technical Issues
C19867,1,2026-06-21,Technical Issues
C19868,0,,
C19869,0,,
C19870,1,2026-08-15,Technical Issues
C19871,0,,
C19872,0,,
C19873,0,,
C19874,1,2024-06-10,Poor Service
C19875,0,,
C19876,0,,
C19877,0,,
C19878,1,2026-06-03,Poor Service
C19879,1,2026-01-14,Low Usage
C19880,1,2026-02-09,Price Too High
C19881,0,,
C19882,0,,
C19883,0,,
C19884,0,,
C19885,1,2024-09-16,No Longer Needed
C19886,0,,
C19887,0,,
C19888,0,,
C19889,1,2024-07-09,Customer Support
C19890,1,2026-07-24,Price Too High
C19891,0,,
C19892,0,,
C19893,0,,
C19894,0,,
C19895,1,2026-06-22,Price Too High
C19896,1,2026-04-29,Low Usage
C19897,0,,
C19898,0,,
C19899,0,,
C19900,0,,
C19901,0,,
C19902,0,,
C19903,0,,
C19904,0,,
C19905,0,,
C19906,0,,
C19907,1,2025-11-03,Other
C19908,0,,
C19909,0,,
C19910,0,,
C19911,0,,
C19912,1,2026-06-28,Technical Issues
C19913,1,2026-07-26,Other
C19914,0,,
C19915,0,,
C19916,0,,
C19917,0,,
C19918,0,,
C19919,0,,
C19920,0,,
C19921,0,,
C19922,0,,
C19923,0,,
C19924,0,,
C19925,0,,
C19926,1,2026-05-18,No Longer Needed
C19927,0,,
C19928,0,,
C19929,0,,
C19930,0,,
C19931,1,2026-02-24,Customer Support
C19932,1,2026-08-08,No Longer Needed
C19933,0,,
C19934,0,,
C19935,1,2025-12-24,Other
C19936,0,,
C19937,0,,
C19938,1,2024-09-21,Customer Support
C19939,1,2026-01-30,Other
C19940,1,2026-07-31,Price Too High
C19941,0,,
C19942,0,,
C19943,1,2026-07-29,Low Usage
C19944,1,2026-07-05,Technical Issues
C19945,0,,
C19946,1,2025-10-06,Technical Issues
C19947,0,,
C19948,0,,
C19949,0,,
C19950,0,,
C19951,0,,
C19952,0,,
C19953,0,,
C19954,0,,
C19955,0,,
C19956,0,,
C19957,0,,
C19958,0,,
C19959,0,,
C19960,1,2024-05-15,No Longer Needed
C19961,1,2025-07-26,No Longer Needed
C19962,0,,
C19963,0,,
C19964,1,2026-06-26,Low Usage
C19965,1,2026-03-10,Price Too High
C19966,0,,
C19967,0,,
C19968,1,2025-08-20,Poor Service
C19969,0,,
C19970,0,,
C19971,0,,
C19972,0,,
C19973,0,,
C19974,0,,
C19975,1,2025-06-30,Customer Support
C19976,1,2024-04-23,Technical Issues
C19977,0,,
C19978,0,,
C19979,0,,
C19980,0,,
C19981,1,2026-03-16,Customer Support
C19982,0,,
C19983,1,2025-02-10,Technical Issues
C19984,0,,
C19985,0,,
C19986,1,2026-02-13,No Longer Needed
C19987,1,2026-01-01,Customer Support
C19988,0,,
C19989,1,2026-05-26,No Longer Needed
C19990,0,,
C19991,1,2025-10-25,Poor Service
C19992,0,,
C19993,0,,
C19994,1,2025-02-07,Customer Support
C19995,0,,
C19996,1,2026-08-14,Poor Service
C19997,1,2026-08-15,Competitor
C19998,1,2024-09-11,No Longer Needed
C19999,1,2025-10-30,Technical Issues
C20000,0,,
C20001,1,2026-05-20,Poor Service
C20002,0,,
C20003,1,2025-10-05,Price Too High
C20004,0,,
C20005,1,2025-09-24,Low Usage
C20006,0,,
C20007,0,,
C20008,0,,
C20009,1,2026-06-17,Low Usage
C20010,0,,
C20011,0,,
C20012,0,,
C20013,0,,
C20014,0,,
C20015,1,2025-03-03,Customer Support
C20016,0,,
C20017,0,,
C20018,0,,
C20019,0,,
C20020,0,,
C20021,0,,
C20022,1,2026-05-14,Other
C20023,1,2025-07-13,Poor Service
C20024,1,2026-06-20,No Longer Needed
C20025,0,,
C20026,1,2025-07-22,Technical Issues
C20027,0,,
C20028,1,2026-01-10,Low Usage
C20029,0,,
C20030,0,,
C20031,1,2025-10-26,Technical Issues
C20032,1,2025-08-20,Price Too High
C20033,0,,
C20034,0,,
C20035,1,2025-10-07,Price Too High
C20036,1,2026-07-28,Low Usage
C20037,0,,
C20038,0,,
C20039,0,,
C20040,1,2026-08-20,Low Usage
C20041,0,,
C20042,0,,
C20043,0,,
C20044,1,2026-07-17,Other
C20045,0,,
C20046,0,,
C20047,0,,
C20048,0,,
C20049,0,,
C20050,0,,
C20051,0,,
C20052,0,,
C20053,0,,
C20054,0,,
C20055,0,,
C20056,1,2025-01-04,Technical Issues
C20057,0,,
C20058,0,,
C20059,0,,
C20060,1,2026-08-22,No Longer Needed
C20061,0,,
C20062,0,,
C20063,0,,
C20064,0,,
C20065,0,,
C20066,0,,
C20067,1,2026-08-09,Technical Issues
C20068,1,2026-01-20,Technical Issues
C20069,0,,
C20070,0,,
C20071,0,,
C20072,1,2026-04-28,Price Too High
C20073,0,,
C20074,0,,
C20075,0,,
C20076,0,,
C20077,0,,
C20078,0,,
C20079,0,,
C20080,0,,
C20081,0,,
C20082,1,2025-09-23,Price Too High
C20083,0,,
C20084,0,,
C20085,1,2025-10-14,Technical Issues
C20086,0,,
C20087,0,,
C20088,0,,
C20089,0,,
C20090,0,,
C20091,0,,
C20092,1,2025-09-25,Competitor
C20093,0,,
C20094,1,2026-04-24,Customer Support
C20095,0,,
C20096,0,,
C20097,0,,
C20098,1,2025-09-27,Competitor
C20099,0,,
C20100,0,,
C20101,0,,
C20102,0,,
C20103,0,,
C20104,0,,
C20105,0,,
C20106,0,,
C20107,1,2026-01-08,Competitor
C20108,0,,
C20109,1,2026-09-12,Customer Support
C20110,0,,
C20111,1,2026-06-10,No Longer Needed
C20112,1,2025-07-12,Competitor
C20113,0,,
C20114,0,,
C20115,0,,
C20116,0,,
C20117,0,,
C20118,0,,
C20119,0,,
C20120,1,2026-01-02,Technical Issues
C20121,0,,
C20122,0,,
C20123,0,,
C20124,0,,
C20125,0,,
C20126,0,,
C20127,0,,
C20128,0,,
C20129,1,2026-01-25,Technical Issues
C20130,0,,
C20131,1,2025-09-02,Poor Service
C20132,1,2026-08-08,No Longer Needed
C20133,0,,
C20134,0,,
C20135,1,2026-02-20,Low Usage
C20136,1,2024-10-29,Price Too High
C20137,1,2026-08-17,Low Usage
C20138,0,,
C20139,0,,
C20140,1,2024-03-24,Poor Service
C20141,1,2026-04-27,Low Usage
C20142,0,,
C20143,0,,
C20144,0,,
C20145,0,,
C20146,0,,
C20147,0,,
C20148,0,,
C20149,1,2025-07-07,Price Too High
C20150,0,,
C20151,0,,
C20152,1,2026-08-07,Low Usage
C20153,0,,
C20154,1,2026-06-15,Customer Support
C20155,0,,
C20156,1,2026-08-18,Low Usage
C20157,0,,
C20158,0,,
C20159,0,,
C20160,0,,
C20161,0,,
C20162,1,2025-10-20,Competitor
C20163,0,,
C20164,0,,
C20165,0,,
C20166,0,,
C20167,0,,
C20168,1,2026-08-22,Other
C20169,0,,
C20170,0,,
C20171,1,2026-05-30,Technical Issues
C20172,0,,
C20173,1,2025-12-22,Low Usage
C20174,0,,
C20175,0,,
C20176,0,,
C20177,1,2026-06-25,Customer Support
C20178,0,,
C20179,0,,
C20180,0,,
C20181,0,,
C20182,1,2026-05-11,Competitor
C20183,0,,
C20184,0,,
C20185,0,,
C20186,0,,
C20187,0,,
C20188,1,2026-02-04,Other
C20189,0,,
C20190,0,,
C20191,0,,
C20192,1,2026-08-19,Low Usage
C20193,0,,
C20194,0,,
C20195,1,2025-12-22,Technical Issues
C20196,0,,
C20197,1,2026-07-11,No Longer Needed
C20198,0,,
C20199,0,,
C20200,0,,
C20201,0,,
C20202,0,,
C20203,0,,
C20204,0,,
C20205,0,,
C20206,0,,
C20207,0,,
C20208,1,2026-06-04,Price Too High
C20209,0,,
C20210,1,2025-06-13,Technical Issues
C20211,0,,
C20212,0,,
C20213,0,,
C20214,1,2025-11-05,Other
C20215,0,,
C20216,1,2025-03-26,Poor Service
C20217,0,,
C20218,0,,
C20219,0,,
C20220,0,,
C20221,1,2026-05-06,Poor Service
C20222,0,,
C20223,0,,
C20224,0,,
C20225,1,2026-05-03,Technical Issues
C20226,0,,
C20227,0,,
C20228,1,2026-01-04,Technical Issues
C20229,0,,
C20230,0,,
C20231,1,2025-12-27,Other
C20232,0,,
C20233,0,,
C20234,1,2026-01-25,Poor Service
C20235,0,,
C20236,0,,
C20237,0,,
C20238,1,2025-12-19,Low Usage
C20239,1,2025-12-12,No Longer Needed
C20240,0,,
C20241,1,2025-12-08,Price Too High
C20242,1,2026-08-16,Customer Support
C20243,0,,
C20244,0,,
C20245,0,,
C20246,0,,
C20247,0,,
C20248,0,,
C20249,0,,
C20250,1,2026-03-13,No Longer Needed
C20251,0,,
C20252,0,,
C20253,0,,
C20254,1,2025-02-23,Other
C20255,0,,
C20256,1,2025-09-24,Customer Support
C20257,1,2026-02-18,Price Too High
C20258,0,,
C20259,0,,
C20260,1,2026-08-02,No Longer Needed
C20261,0,,
C20262,1,2026-08-10,Poor Service
C20263,0,,
C20264,0,,
C20265,1,2026-01-11,Low Usage
C20266,0,,
C20267,0,,
C20268,0,,
C20269,0,,
C20270,1,2026-07-26,Technical Issues
C20271,0,,
C20272,0,,
C20273,0,,
C20274,0,,
C20275,0,,
C20276,1,2025-06-18,Customer Support
C20277,0,,
C20278,0,,
C20279,1,2026-08-10,Price Too High
C20280,0,,
C20281,0,,
C20282,0,,
C20283,0,,
C20284,0,,
C20285,1,2024-12-10,Other
C20286,1,2026-04-04,Poor Service
C20287,0,,
C20288,1,2026-07-31,Customer Support
C20289,0,,
C20290,0,,
C20291,0,,
C20292,0,,
C20293,0,,
C20294,0,,
C20295,1,2026-09-13,Customer Support
C20296,0,,
C20297,0,,
C20298,1,2025-03-04,Price Too High
C20299,0,,
C20300,1,2026-04-22,Low Usage
C20301,1,2026-08-22,Low Usage
C20302,1,2026-06-05,Poor Service
C20303,0,,
C20304,0,,
C20305,0,,
C20306,0,,
C20307,0,,
C20308,1,2025-07-21,Poor Service
C20309,0,,
C20310,1,2026-07-20,Technical Issues
C20311,0,,
C20312,0,,
C20313,1,2026-08-05,No Longer Needed
C20314,0,,
C20315,1,2025-09-17,Price Too High
C20316,0,,
C20317,0,,
C20318,0,,
C20319,1,2026-06-26,Customer Support
C20320,0,,
C20321,0,,
C20322,1,2025-05-04,No Longer Needed
C20323,0,,
C20324,0,,
C20325,1,2026-05-03,No Longer Needed
C20326,0,,
C20327,1,2025-12-23,No Longer Needed
C20328,0,,
C20329,0,,
C20330,1,2025-12-17,Poor Service
C20331,1,2026-08-06,Competitor
C20332,0,,
C20333,0,,
C20334,0,,
C20335,0,,
C20336,0,,
C20337,0,,
C20338,0,,
C20339,1,2024-11-25,No Longer Needed
C20340,0,,
C20341,0,,
C20342,0,,
C20343,0,,
C20344,0,,
C20345,0,,
C20346,1,2026-07-07,Technical Issues
C20347,0,,
C20348,0,,
C20349,0,,
C20350,0,,
C20351,0,,
C20352,1,2026-01-13,No Longer Needed
C20353,1,2025-03-31,Customer Support
C20354,1,2026-03-27,Other
C20355,0,,
C20356,1,2026-06-17,No Longer Needed
C20357,1,2025-10-23,Technical Issues
C20358,0,,
C20359,0,,
C20360,1,2026-08-01,Poor Service
C20361,1,2026-07-30,Poor Service
C20362,0,,
C20363,0,,
C20364,0,,
C20365,1,2025-12-21,No Longer Needed
C20366,0,,
C20367,0,,
C20368,1,2026-05-26,Low Usage
C20369,0,,
C20370,1,2025-10-07,Technical Issues
C20371,0,,
C20372,1,2025-07-07,Poor Service
C20373,0,,
C20374,0,,
C20375,1,2025-04-24,Low Usage
C20376,1,2026-05-31,Technical Issues
C20377,0,,
C20378,0,,
C20379,0,,
C20380,1,2026-05-30,No Longer Needed
C20381,1,2026-08-02,Technical Issues
C20382,1,2026-08-14,Technical Issues
C20383,0,,
C20384,0,,
C20385,1,2026-07-20,Other
C20386,0,,
C20387,0,,
C20388,0,,
C20389,1,2026-02-03,Price Too High
C20390,1,2026-02-02,Customer Support
C20391,1,2026-08-21,Other
C20392,0,,
C20393,0,,
C20394,0,,
C20395,0,,
C20396,0,,
C20397,0,,
C20398,0,,
C20399,0,,
C20400,0,,
C20401,0,,
C20402,0,,
C20403,0,,
C20404,0,,
C20405,0,,
C20406,0,,
C20407,0,,
C20408,0,,
C20409,0,,
C20410,0,,
C20411,0,,
C20412,1,2026-05-09,Other
C20413,1,2025-02-15,Customer Support
C20414,0,,
C20415,1,2024-12-20,Customer Support
C20416,1,2026-05-27,Other
C20417,1,2026-01-23,No Longer Needed
C20418,0,,
C20419,0,,
C20420,0,,
C20421,0,,
C20422,1,2025-01-10,Competitor
C20423,0,,
C20424,1,2026-05-03,Customer Support
C20425,0,,
C20426,0,,
C20427,1,2026-07-02,Technical Issues
C20428,0,,
C20429,0,,
C20430,0,,
C20431,0,,
C20432,1,2026-05-31,Poor Service
C20433,0,,
C20434,0,,
C20435,0,,
C20436,1,2026-07-07,Poor Service
C20437,0,,
C20438,1,2026-05-28,Customer Support
C20439,0,,
C20440,0,,
C20441,0,,
C20442,0,,
C20443,0,,
C20444,0,,
C20445,0,,
C20446,0,,
C20447,0,,
C20448,0,,
C20449,0,,
C20450,0,,
C20451,0,,
C20452,1,2026-08-04,Technical Issues
C20453,1,2026-06-22,Low Usage
C20454,0,,
C20455,0,,
C20456,0,,
C20457,1,2026-08-15,Technical Issues
C20458,0,,
C20459,1,2026-08-11,Customer Support
C20460,0,,
C20461,0,,
C20462,0,,
C20463,0,,
C20464,1,2026-06-09,No Longer Needed
C20465,0,,
C20466,0,,
C20467,0,,
C20468,0,,
C20469,0,,
C20470,0,,
C20471,0,,
C20472,0,,
C20473,1,2026-08-22,Competitor
C20474,0,,
C20475,0,,
C20476,0,,
C20477,0,,
C20478,1,2024-04-05,Low Usage
C20479,0,,
C20480,1,2026-08-12,Technical Issues
C20481,0,,
C20482,0,,
C20483,0,,
C20484,1,2026-01-11,Technical Issues
C20485,0,,
C20486,1,2026-01-03,Competitor
C20487,1,2024-12-29,Technical Issues
C20488,1,2026-08-14,Other
C20489,0,,
C20490,0,,
C20491,0,,
C20492,0,,
C20493,1,2026-06-27,Competitor
C20494,0,,
C20495,1,2026-06-13,No Longer Needed
C20496,0,,
C20497,0,,
C20498,1,2026-07-08,Other
C20499,0,,
C20500,0,,
C20501,0,,
C20502,1,2025-10-04,Customer Support
C20503,0,,
C20504,0,,
C20505,0,,
C20506,0,,
C20507,1,2025-12-23,Competitor
C20508,0,,
C20509,0,,
C20510,0,,
C20511,1,2026-08-14,Price Too High
C20512,0,,
C20513,1,2026-05-31,Customer Support
C20514,0,,
C20515,0,,
C20516,0,,
C20517,0,,
C20518,0,,
C20519,0,,
C20520,0,,
C20521,0,,
C20522,0,,
C20523,0,,
C20524,0,,
C20525,1,2025-06-24,Competitor
C20526,0,,
C20527,0,,
C20528,0,,
C20529,0,,
C20530,1,2026-02-17,Technical Issues
C20531,1,2025-02-27,Technical Issues
C20532,1,2026-01-15,Price Too High
C20533,0,,
C20534,0,,
C20535,0,,
C20536,0,,
C20537,1,2026-03-24,No Longer Needed
C20538,1,2026-01-26,Customer Support
C20539,0,,
C20540,0,,
C20541,0,,
C20542,0,,
C20543,1,2024-08-21,No Longer Needed
C20544,0,,
C20545,0,,
C20546,0,,
C20547,0,,
C20548,0,,
C20549,1,2026-09-15,Customer Support
C20550,0,,
C20551,0,,
C20552,1,2025-12-20,No Longer Needed
C20553,1,2026-04-22,Poor Service
C20554,0,,
C20555,1,2026-07-26,Poor Service
C20556,0,,
C20557,0,,
C20558,0,,
C20559,0,,
C20560,1,2026-03-13,Price Too High
C20561,1,2026-05-17,Technical Issues
C20562,0,,
C20563,0,,
C20564,0,,
C20565,0,,
C20566,1,2026-02-07,Customer Support
C20567,0,,
C20568,0,,
C20569,0,,
C20570,0,,
C20571,0,,
C20572,0,,
C20573,0,,
C20574,0,,
C20575,0,,
C20576,0,,
C20577,1,2026-08-10,Technical Issues
C20578,0,,
C20579,0,,
C20580,0,,
C20581,0,,
C20582,1,2026-08-05,Low Usage
C20583,0,,
C20584,0,,
C20585,0,,
C20586,0,,
C20587,0,,
C20588,0,,
C20589,0,,
C20590,0,,
C20591,0,,
C20592,0,,
C20593,0,,
C20594,0,,
C20595,1,2025-12-12,No Longer Needed
C20596,0,,
C20597,0,,
C20598,1,2025-08-22,Technical Issues
C20599,0,,
C20600,1,2026-07-26,No Longer Needed
C20601,0,,
C20602,0,,
C20603,0,,
C20604,0,,
C20605,0,,
C20606,1,2025-06-08,Low Usage
C20607,0,,
C20608,0,,
C20609,0,,
C20610,0,,
C20611,1,2025-10-26,Technical Issues
C20612,0,,
C20613,0,,
C20614,1,2026-05-04,No Longer Needed
C20615,0,,
C20616,0,,
C20617,1,2026-07-02,Poor Service
C20618,0,,
C20619,0,,
C20620,0,,
C20621,0,,
C20622,0,,
C20623,0,,
C20624,1,2025-11-10,Price Too High
C20625,0,,
C20626,0,,
C20627,0,,
C20628,0,,
C20629,0,,
C20630,0,,
C20631,1,2025-06-21,No Longer Needed
C20632,1,2025-04-24,Technical Issues
C20633,0,,
C20634,0,,
C20635,0,,
C20636,0,,
C20637,0,,
C20638,0,,
C20639,0,,
C20640,0,,
C20641,0,,
C20642,0,,
C20643,1,2024-11-30,Customer Support
C20644,0,,
C20645,1,2026-06-16,Low Usage
C20646,0,,
C20647,1,2026-02-16,Customer Support
C20648,0,,
C20649,0,,
C20650,1,2024-09-12,Poor Service
C20651,0,,
C20652,0,,
C20653,0,,
C20654,0,,
C20655,1,2026-08-23,Competitor
C20656,0,,
C20657,0,,
C20658,0,,
C20659,0,,
C20660,0,,
C20661,0,,
C20662,0,,
C20663,1,2025-11-06,Other
C20664,1,2026-06-05,Customer Support
C20665,0,,
C20666,1,2023-12-07,Customer Support
C20667,0,,
C20668,0,,
C20669,0,,
C20670,0,,
C20671,0,,
C20672,0,,
C20673,0,,
C20674,0,,
C20675,0,,
C20676,0,,
C20677,0,,
C20678,0,,
C20679,0,,
C20680,1,2026-06-23,Price Too High
C20681,1,2025-03-14,Other
C20682,0,,
C20683,0,,
C20684,1,2026-09-03,Price Too High
C20685,1,2025-07-01,Other
C20686,0,,
C20687,1,2025-09-01,Price Too High
C20688,1,2025-06-16,Price Too High
C20689,0,,
C20690,0,,
C20691,0,,
C20692,0,,
C20693,0,,
C20694,1,2026-07-06,Technical Issues
C20695,0,,
C20696,1,2026-03-21,Price Too High
C20697,0,,
C20698,0,,
C20699,1,2026-04-18,Technical Issues
C20700,0,,
C20701,0,,
C20702,0,,
C20703,0,,
C20704,0,,
C20705,1,2025-02-28,Competitor
C20706,0,,
C20707,0,,
C20708,1,2025-12-21,Customer Support
C20709,0,,
C20710,0,,
C20711,0,,
C20712,0,,
C20713,0,,
C20714,0,,
C20715,0,,
C20716,1,2026-06-05,Poor Service
C20717,1,2025-10-29,Other
C20718,0,,
C20719,1,2026-04-13,Technical Issues
C20720,1,2026-08-07,Price Too High
C20721,1,2026-05-24,Customer Support
C20722,0,,
C20723,1,2025-08-21,Other
C20724,1,2025-03-19,Customer Support
C20725,0,,
C20726,0,,
C20727,0,,
C20728,1,2025-10-15,No Longer Needed
C20729,0,,
C20730,1,2025-07-10,No Longer Needed
C20731,0,,
C20732,1,2026-03-05,Competitor
C20733,1,2025-02-13,Poor Service
C20734,0,,
C20735,1,2026-07-13,Competitor
C20736,0,,
C20737,1,2025-06-17,No Longer Needed
C20738,0,,
C20739,1,2026-03-28,Poor Service
C20740,0,,
C20741,0,,
C20742,0,,
C20743,0,,
C20744,0,,
C20745,0,,
C20746,0,,
C20747,0,,
C20748,1,2026-02-20,Poor Service
C20749,1,2026-04-15,Low Usage
C20750,0,,
C20751,0,,
C20752,0,,
C20753,0,,
C20754,1,2025-12-27,No Longer Needed
C20755,0,,
C20756,0,,
C20757,1,2025-03-23,Poor Service
C20758,0,,
C20759,0,,
C20760,0,,
C20761,0,,
C20762,0,,
C20763,1,2026-03-15,No Longer Needed
C20764,0,,
C20765,1,2026-08-21,Poor Service
C20766,0,,
C20767,0,,
C20768,0,,
C20769,0,,
C20770,1,2025-11-09,Technical Issues
C20771,0,,
C20772,0,,
C20773,0,,
C20774,0,,
C20775,0,,
C20776,0,,
C20777,1,2026-07-27,Competitor
C20778,0,,
C20779,1,2026-08-13,Competitor
C20780,0,,
C20781,1,2026-06-12,Customer Support
C20782,0,,
C20783,0,,
C20784,0,,
C20785,0,,
C20786,0,,
C20787,1,2024-10-07,Competitor
C20788,0,,
C20789,0,,
C20790,0,,
C20791,1,2026-07-15,Other
C20792,0,,
C20793,0,,
C20794,0,,
C20795,1,2025-08-02,Poor Service
C20796,1,2024-08-08,Customer Support
C20797,0,,
C20798,0,,
C20799,0,,
C20800,1,2026-07-12,Poor Service
C20801,1,2025-02-08,Low Usage
C20802,1,2026-02-20,Technical Issues
C20803,0,,
C20804,0,,
C20805,0,,
C20806,0,,
C20807,0,,
C20808,0,,
C20809,0,,
C20810,1,2025-12-27,Poor Service
C20811,0,,
C20812,0,,
C20813,1,2026-04-27,Technical Issues
C20814,0,,
C20815,0,,
C20816,0,,
C20817,0,,
C20818,1,2025-04-24,Price Too High
C20819,1,2026-07-29,No Longer Needed
C20820,0,,
C20821,0,,
C20822,0,,
C20823,0,,
C20824,0,,
C20825,0,,
C20826,0,,
C20827,0,,
C20828,1,2026-07-15,Poor Service
C20829,0,,
C20830,0,,
C20831,0,,
C20832,0,,
C20833,0,,
C20834,1,2024-07-17,No Longer Needed
C20835,0,,
C20836,0,,
C20837,1,2025-12-11,Technical Issues
C20838,1,2025-09-25,Poor Service
C20839,0,,
C20840,0,,
C20841,1,2026-01-29,Competitor
C20842,1,2024-12-24,Other
C20843,0,,
C20844,0,,
C20845,0,,
C20846,0,,
C20847,0,,
C20848,1,2025-05-06,Competitor
C20849,0,,
C20850,0,,
C20851,0,,
C20852,1,2026-09-05,Competitor
C20853,0,,
C20854,0,,
C20855,0,,
C20856,0,,
C20857,0,,
C20858,0,,
C20859,0,,
C20860,0,,
C20861,0,,
C20862,1,2026-06-04,No Longer Needed
C20863,0,,
C20864,0,,
C20865,0,,
C20866,0,,
C20867,0,,
C20868,0,,
C20869,0,,
C20870,1,2026-04-21,Customer Support
C20871,0,,
C20872,1,2024-04-17,Technical Issues
C20873,0,,
C20874,0,,
C20875,1,2025-11-14,No Longer Needed
C20876,0,,
C20877,0,,
C20878,0,,
C20879,0,,
C20880,0,,
C20881,0,,
C20882,1,2025-01-22,Price Too High
C20883,1,2026-08-14,Technical Issues
C20884,0,,
C20885,0,,
C20886,0,,
C20887,1,2026-01-28,No Longer Needed
C20888,0,,
C20889,0,,
C20890,0,,
C20891,1,2026-08-20,Poor Service
C20892,0,,
C20893,1,2026-03-26,No Longer Needed
C20894,1,2026-06-12,Technical Issues
C20895,1,2026-06-27,Customer Support
C20896,0,,
C20897,1,2025-06-30,Competitor
C20898,1,2026-07-24,Technical Issues
C20899,0,,
C20900,0,,
C20901,0,,
C20902,0,,
C20903,0,,
C20904,0,,
C20905,0,,
C20906,0,,
C20907,0,,
C20908,0,,
C20909,0,,
C20910,0,,
C20911,1,2026-07-22,No Longer Needed
C20912,0,,
C20913,1,2026-05-19,Technical Issues
C20914,0,,
C20915,0,,
C20916,0,,
C20917,0,,
C20918,0,,
C20919,0,,
C20920,1,2025-12-05,Poor Service
C20921,0,,
C20922,0,,
C20923,0,,
C20924,0,,
C20925,0,,
C20926,0,,
C20927,0,,
C20928,1,2025-05-14,Price Too High
C20929,0,,
C20930,0,,
C20931,0,,
C20932,1,2024-05-20,Poor Service
C20933,0,,
C20934,1,2024-04-16,Low Usage
C20935,0,,
C20936,1,2026-08-11,Poor Service
C20937,0,,
C20938,0,,
C20939,0,,
C20940,0,,
C20941,0,,
C20942,0,,
C20943,0,,
C20944,0,,
C20945,1,2024-12-04,Price Too High
C20946,0,,
C20947,1,2026-06-07,Poor Service
C20948,1,2026-05-29,Customer Support
C20949,1,2025-07-04,No Longer Needed
C20950,0,,
C20951,1,2026-07-09,No Longer Needed
C20952,0,,
C20953,1,2025-10-20,Poor Service
C20954,1,2026-08-03,Poor Service
C20955,0,,
C20956,0,,
C20957,0,,
C20958,1,2026-03-20,Competitor
C20959,1,2024-03-13,Poor Service
C20960,0,,
C20961,0,,
C20962,0,,
C20963,0,,
C20964,0,,
C20965,1,2026-05-09,Low Usage
C20966,0,,
C20967,0,,
C20968,1,2026-08-15,No Longer Needed
C20969,0,,
C20970,0,,
C20971,0,,
C20972,0,,
C20973,0,,
C20974,0,,
C20975,1,2026-02-14,Other
C20976,1,2026-04-21,Low Usage
C20977,0,,
C20978,0,,
C20979,0,,
C20980,0,,
C20981,0,,
C20982,0,,
C20983,0,,
C20984,0,,
C20985,0,,
C20986,0,,
C20987,0,,
C20988,1,2025-03-20,Customer Support
C20989,0,,
C20990,0,,
C20991,0,,
C20992,0,,
C20993,0,,
C20994,0,,
C20995,0,,
C20996,0,,
C20997,0,,
C20998,0,,
C20999,0,,
C21000,1,2026-05-11,Competitor
C21001,0,,
C21002,0,,
C21003,0,,
C21004,0,,
C21005,0,,
C21006,1,2024-08-19,Technical Issues
C21007,0,,
C21008,0,,
C21009,1,2025-07-15,No Longer Needed
C21010,0,,
C21011,0,,
C21012,0,,
C21013,0,,
C21014,0,,
C21015,0,,
C21016,0,,
C21017,0,,
C21018,0,,
C21019,0,,
C21020,0,,
C21021,1,2026-01-17,Price Too High
C21022,0,,
C21023,0,,
C21024,1,2025-07-14,Customer Support
C21025,0,,
C21026,0,,
C21027,1,2026-03-03,Customer Support
C21028,1,2026-04-01,No Longer Needed
C21029,0,,
C21030,1,2025-09-12,Other
C21031,1,2026-07-01,Low Usage
C21032,0,,
C21033,1,2026-07-16,Poor Service
C21034,1,2025-12-19,Other
C21035,0,,
C21036,0,,
C21037,0,,
C21038,0,,
C21039,0,,
C21040,1,2025-07-10,Poor Service
C21041,0,,
C21042,1,2026-04-20,Technical Issues
C21043,0,,
C21044,0,,
C21045,1,2024-11-17,Customer Support
C21046,0,,
C21047,0,,
C21048,0,,
C21049,0,,
C21050,1,2026-07-13,Poor Service
C21051,0,,
C21052,0,,
C21053,1,2026-06-17,Other
C21054,0,,
C21055,1,2025-11-19,Technical Issues
C21056,0,,
C21057,0,,
C21058,0,,
C21059,0,,
C21060,0,,
C21061,0,,
C21062,0,,
C21063,0,,
C21064,0,,
C21065,1,2026-08-13,Customer Support
C21066,0,,
C21067,0,,
C21068,0,,
C21069,0,,
C21070,0,,
C21071,0,,
C21072,0,,
C21073,1,2024-04-08,Poor Service
C21074,0,,
C21075,1,2026-03-14,Price Too High
C21076,0,,
C21077,0,,
C21078,1,2025-04-12,Poor Service
C21079,0,,
C21080,0,,
C21081,0,,
C21082,0,,
C21083,0,,
C21084,0,,
C21085,0,,
C21086,1,2026-03-27,Price Too High
C21087,0,,
C21088,0,,
C21089,1,2025-07-22,Poor Service
C21090,0,,
C21091,0,,
C21092,0,,
C21093,1,2025-01-11,Technical Issues
C21094,1,2025-12-05,Other
C21095,1,2026-07-05,Technical Issues
C21096,0,,
C21097,1,2024-03-25,Low Usage
C21098,1,2025-05-14,Price Too High
C21099,0,,
C21100,1,2026-08-12,Customer Support
C21101,1,2026-08-22,Low Usage
C21102,1,2026-06-05,Competitor
C21103,0,,
C21104,0,,
C21105,0,,
C21106,1,2026-08-05,Poor Service
C21107,0,,
C21108,1,2025-10-27,Low Usage
C21109,0,,
C21110,0,,
C21111,1,2026-08-29,Price Too High
C21112,0,,
C21113,0,,
C21114,1,2026-05-28,No Longer Needed
C21115,0,,
C21116,0,,
C21117,0,,
C21118,0,,
C21119,0,,
C21120,0,,
C21121,0,,
C21122,1,2025-08-15,Poor Service
C21123,0,,
C21124,0,,
C21125,1,2025-07-24,Customer Support
C21126,0,,
C21127,0,,
C21128,0,,
C21129,0,,
C21130,0,,
C21131,0,,
C21132,1,2026-03-14,Customer Support
C21133,0,,
C21134,1,2025-07-30,Technical Issues
C21135,1,2025-08-15,Price Too High
C21136,1,2026-08-15,Other
C21137,0,,
C21138,0,,
C21139,1,2025-04-03,Low Usage
C21140,1,2025-03-28,Poor Service
C21141,1,2026-03-30,Price Too High
C21142,0,,
C21143,1,2025-10-06,Customer Support
C21144,1,2025-09-02,Customer Support
C21145,1,2025-12-18,Competitor
C21146,1,2026-06-21,Other
C21147,1,2026-05-13,Customer Support
C21148,1,2026-05-23,Competitor
C21149,0,,
C21150,0,,
C21151,0,,
C21152,0,,
C21153,0,,
C21154,0,,
C21155,0,,
C21156,0,,
C21157,0,,
C21158,0,,
C21159,0,,
C21160,1,2025-08-24,Technical Issues
C21161,0,,
C21162,1,2026-08-03,No Longer Needed
C21163,1,2025-11-05,Customer Support
C21164,0,,
C21165,1,2026-06-01,Competitor
C21166,0,,
C21167,0,,
C21168,0,,
C21169,1,2026-07-28,Other
C21170,1,2026-06-16,Poor Service
C21171,1,2025-12-06,Customer Support
C21172,0,,
C21173,0,,
C21174,1,2026-01-13,Price Too High
C21175,0,,
C21176,1,2024-09-28,Competitor
C21177,0,,
C21178,1,2026-07-29,Price Too High
C21179,0,,
C21180,0,,
C21181,0,,
C21182,0,,
C21183,1,2026-05-02,Technical Issues
C21184,0,,
C21185,0,,
C21186,0,,
C21187,0,,
C21188,1,2025-02-19,No Longer Needed
C21189,0,,
C21190,0,,
C21191,0,,
C21192,0,,
C21193,0,,
C21194,0,,
C21195,0,,
C21196,1,2026-05-09,Customer Support
C21197,0,,
C21198,0,,
C21199,0,,
C21200,0,,
C21201,1,2026-05-07,Other
C21202,1,2026-05-02,Poor Service
C21203,0,,
C21204,0,,
C21205,0,,
C21206,0,,
C21207,0,,
C21208,1,2025-07-23,Customer Support
C21209,0,,
C21210,1,2025-11-07,Poor Service
C21211,0,,
C21212,0,,
C21213,0,,
C21214,0,,
C21215,0,,
C21216,0,,
C21217,0,,
C21218,1,2026-05-25,Technical Issues
C21219,0,,
C21220,0,,
C21221,0,,
C21222,0,,
C21223,1,2026-05-28,Customer Support
C21224,0,,
C21225,0,,
C21226,0,,
C21227,0,,
C21228,0,,
C21229,0,,
C21230,0,,
C21231,1,2026-07-22,Other
C21232,0,,
C21233,0,,
C21234,1,2025-12-09,No Longer Needed
C21235,1,2026-08-02,Poor Service
C21236,0,,
C21237,1,2025-05-18,Poor Service
C21238,0,,
C21239,0,,
C21240,0,,
C21241,0,,
C21242,1,2026-07-11,Low Usage
C21243,0,,
C21244,0,,
C21245,1,2026-05-02,No Longer Needed
C21246,0,,
C21247,0,,
C21248,1,2025-06-02,Price Too High
C21249,0,,
C21250,0,,
C21251,0,,
C21252,1,2026-08-04,Technical Issues
C21253,0,,
C21254,0,,
C21255,0,,
C21256,0,,
C21257,0,,
C21258,0,,
C21259,0,,
C21260,1,2026-07-17,Customer Support
C21261,0,,
C21262,0,,
C21263,0,,
C21264,0,,
C21265,0,,
C21266,1,2025-12-25,No Longer Needed
C21267,0,,
C21268,0,,
C21269,1,2026-08-08,Technical Issues
C21270,0,,
C21271,0,,
C21272,1,2025-12-02,Technical Issues
C21273,0,,
C21274,0,,
C21275,0,,
C21276,0,,
C21277,0,,
C21278,0,,
C21279,1,2025-08-07,Customer Support
C21280,0,,
C21281,0,,
C21282,0,,
C21283,0,,
C21284,0,,
C21285,0,,
C21286,1,2026-06-04,Price Too High
C21287,0,,
C21288,0,,
C21289,0,,
C21290,1,2026-03-23,Low Usage
C21291,1,2025-09-04,Technical Issues
C21292,0,,
C21293,1,2024-11-25,Low Usage
C21294,1,2026-08-18,Poor Service
C21295,0,,
C21296,0,,
C21297,1,2026-05-30,Customer Support
C21298,0,,
C21299,0,,
C21300,1,2026-08-14,Poor Service
C21301,1,2026-06-02,Price Too High
C21302,1,2026-08-13,Low Usage
C21303,0,,
C21304,0,,
C21305,1,2025-06-05,Technical Issues
C21306,1,2026-02-28,Low Usage
C21307,0,,
C21308,1,2025-10-16,Other
C21309,0,,
C21310,0,,
C21311,0,,
C21312,0,,
C21313,1,2026-06-11,Low Usage
C21314,0,,
C21315,1,2026-07-28,Technical Issues
C21316,0,,
C21317,1,2026-05-19,Other
C21318,0,,
C21319,0,,
C21320,1,2026-05-30,Technical Issues
C21321,0,,
C21322,0,,
C21323,0,,
C21324,0,,
C21325,0,,
C21326,0,,
C21327,0,,
C21328,1,2026-07-14,Customer Support
C21329,0,,
C21330,1,2025-07-30,Competitor
C21331,1,2024-09-07,Poor Service
C21332,0,,
C21333,0,,
C21334,0,,
C21335,1,2024-12-28,Poor Service
C21336,0,,
C21337,0,,
C21338,1,2026-01-28,No Longer Needed
C21339,1,2025-01-24,Price Too High
C21340,0,,
C21341,0,,
C21342,1,2025-11-19,Poor Service
C21343,0,,
C21344,1,2026-07-15,No Longer Needed
C21345,0,,
C21346,1,2026-08-21,Competitor
C21347,0,,
C21348,0,,
C21349,0,,
C21350,0,,
C21351,0,,
C21352,1,2026-06-25,Low Usage
C21353,1,2026-07-27,Technical Issues
C21354,0,,
C21355,1,2026-05-14,Poor Service
C21356,0,,
C21357,0,,
C21358,0,,
C21359,0,,
C21360,1,2026-08-27,Other
C21361,0,,
C21362,0,,
C21363,0,,
C21364,1,2024-10-12,Poor Service
C21365,0,,
C21366,0,,
C21367,0,,
C21368,0,,
C21369,0,,
C21370,0,,
C21371,0,,
C21372,1,2026-07-18,Technical Issues
C21373,1,2026-08-14,Customer Support
C21374,0,,
C21375,0,,
C21376,0,,
C21377,0,,
C21378,1,2025-10-05,Technical Issues
C21379,0,,
C21380,0,,
C21381,0,,
C21382,0,,
C21383,0,,
C21384,1,2026-07-24,Customer Support
C21385,0,,
C21386,0,,
C21387,0,,
C21388,0,,
C21389,0,,
C21390,0,,
C21391,0,,
C21392,0,,
C21393,0,,
C21394,0,,
C21395,0,,
C21396,0,,
C21397,0,,
C21398,1,2025-04-08,Poor Service
C21399,0,,
C21400,0,,
C21401,0,,
C21402,0,,
C21403,0,,
C21404,0,,
C21405,1,2025-09-29,Price Too High
C21406,0,,
C21407,0,,
C21408,1,2026-03-27,Technical Issues
C21409,0,,
C21410,1,2026-01-24,Price Too High
C21411,0,,
C21412,0,,
C21413,0,,
C21414,0,,
C21415,0,,
C21416,0,,
C21417,0,,
C21418,0,,
C21419,0,,
C21420,0,,
C21421,1,2026-03-03,No Longer Needed
C21422,0,,
C21423,0,,
C21424,0,,
C21425,0,,
C21426,0,,
C21427,0,,
C21428,0,,
C21429,0,,
C21430,1,2026-01-27,No Longer Needed
C21431,0,,
C21432,0,,
C21433,0,,
C21434,0,,
C21435,0,,
C21436,0,,
C21437,0,,
C21438,0,,
C21439,1,2026-05-25,Poor Service
C21440,0,,
C21441,0,,
C21442,0,,
C21443,0,,
C21444,0,,
C21445,0,,
C21446,1,2026-03-18,Customer Support
C21447,0,,
C21448,0,,
C21449,0,,
C21450,0,,
C21451,0,,
C21452,0,,
C21453,0,,
C21454,0,,
C21455,1,2025-05-13,Low Usage
C21456,1,2026-02-05,Poor Service
C21457,0,,
C21458,0,,
C21459,0,,
C21460,1,2026-05-05,No Longer Needed
C21461,0,,
C21462,0,,
C21463,1,2026-07-28,Technical Issues
C21464,0,,
C21465,0,,
C21466,1,2025-12-24,Technical Issues
C21467,0,,
C21468,0,,
C21469,0,,
C21470,0,,
C21471,0,,
C21472,0,,
C21473,1,2026-08-11,No Longer Needed
C21474,0,,
C21475,1,2025-07-07,Competitor
C21476,0,,
C21477,0,,
C21478,0,,
C21479,0,,
C21480,1,2026-07-25,No Longer Needed
C21481,1,2025-09-22,No Longer Needed
C21482,0,,
C21483,0,,
C21484,1,2026-01-11,Poor Service
C21485,0,,
C21486,0,,
C21487,0,,
C21488,1,2026-04-10,Technical Issues
C21489,0,,
C21490,0,,
C21491,0,,
C21492,0,,
C21493,1,2026-05-25,Other
C21494,1,2026-05-16,Low Usage
C21495,0,,
C21496,0,,
C21497,0,,
C21498,0,,
C21499,0,,
C21500,0,,
C21501,0,,
C21502,1,2026-08-12,No Longer Needed
C21503,1,2026-08-09,Other
C21504,0,,
C21505,0,,
C21506,0,,
C21507,0,,
C21508,0,,
C21509,0,,
C21510,0,,
C21511,1,2026-05-23,Poor Service
C21512,1,2024-07-24,Other
C21513,1,2025-09-10,Customer Support
C21514,1,2026-08-15,No Longer Needed
C21515,0,,
C21516,0,,
C21517,0,,
C21518,0,,
C21519,0,,
C21520,1,2025-12-08,Customer Support
C21521,1,2026-06-25,Technical Issues
C21522,0,,
C21523,0,,
C21524,0,,
C21525,0,,
C21526,0,,
C21527,0,,
C21528,1,2026-05-09,Customer Support
C21529,1,2026-04-20,Poor Service
C21530,0,,
C21531,0,,
C21532,1,2026-02-19,Customer Support
C21533,0,,
C21534,0,,
C21535,0,,
C21536,0,,
C21537,0,,
C21538,0,,
C21539,0,,
C21540,0,,
C21541,0,,
C21542,0,,
C21543,0,,
C21544,0,,
C21545,0,,
C21546,1,2025-12-17,Poor Service
C21547,0,,
C21548,1,2025-10-09,Poor Service
C21549,0,,
C21550,1,2026-05-21,Other
C21551,1,2026-07-14,Technical Issues
C21552,1,2024-07-10,Technical Issues
C21553,0,,
C21554,0,,
C21555,0,,
C21556,0,,
C21557,0,,
C21558,1,2026-06-24,Poor Service
C21559,0,,
C21560,0,,
C21561,0,,
C21562,0,,
C21563,0,,
C21564,1,2026-02-26,Poor Service
C21565,1,2025-11-09,Other
C21566,1,2024-10-14,Price Too High
C21567,0,,
C21568,1,2026-08-21,Customer Support
C21569,1,2026-06-21,Low Usage
C21570,0,,
C21571,0,,
C21572,0,,
C21573,1,2025-08-14,Customer Support
C21574,0,,
C21575,0,,
C21576,0,,
C21577,0,,
C21578,1,2025-12-30,Other
C21579,1,2025-12-19,Other
C21580,0,,
C21581,0,,
C21582,0,,
C21583,0,,
C21584,1,2026-02-25,Poor Service
C21585,1,2026-09-20,Price Too High
C21586,0,,
C21587,1,2026-08-19,Other
C21588,0,,
C21589,0,,
C21590,1,2024-11-19,Low Usage
C21591,1,2025-04-18,Competitor
C21592,0,,
C21593,1,2026-08-31,Competitor
C21594,0,,
C21595,0,,
C21596,0,,
C21597,0,,
C21598,0,,
C21599,0,,
C21600,1,2026-01-31,Poor Service
C21601,0,,
C21602,1,2025-09-17,Poor Service
C21603,1,2025-04-29,Poor Service
C21604,0,,
C21605,0,,
C21606,0,,
C21607,0,,
C21608,1,2026-04-15,Competitor
C21609,0,,
C21610,0,,
C21611,0,,
C21612,0,,
C21613,1,2026-06-17,Technical Issues
C21614,0,,
C21615,0,,
C21616,0,,
C21617,1,2026-02-04,Price Too High
C21618,0,,
C21619,0,,
C21620,1,2025-06-19,Technical Issues
C21621,0,,
C21622,0,,
C21623,1,2026-02-26,Competitor
C21624,0,,
C21625,0,,
C21626,0,,
C21627,0,,
C21628,0,,
C21629,0,,
C21630,0,,
C21631,0,,
C21632,0,,
C21633,0,,
C21634,1,2026-02-26,Price Too High
C21635,0,,
C21636,0,,
C21637,1,2026-07-13,Competitor
C21638,1,2026-06-04,No Longer Needed
C21639,0,,
C21640,0,,
C21641,1,2025-12-02,Other
C21642,0,,
C21643,0,,
C21644,0,,
C21645,0,,
C21646,0,,
C21647,0,,
C21648,0,,
C21649,1,2024-04-17,Price Too High
C21650,0,,
C21651,1,2026-04-03,Low Usage
C21652,0,,
C21653,0,,
C21654,0,,
C21655,0,,
C21656,0,,
C21657,0,,
C21658,0,,
C21659,0,,
C21660,0,,
C21661,0,,
C21662,1,2026-02-08,Poor Service
C21663,0,,
C21664,0,,
C21665,1,2024-10-03,Technical Issues
C21666,0,,
C21667,0,,
C21668,0,,
C21669,0,,
C21670,0,,
C21671,0,,
C21672,0,,
C21673,0,,
C21674,0,,
C21675,0,,
C21676,0,,
C21677,0,,
C21678,0,,
C21679,0,,
C21680,0,,
C21681,1,2026-08-06,Poor Service
C21682,0,,
C21683,0,,
C21684,0,,
C21685,0,,
C21686,1,2026-05-03,Technical Issues
C21687,0,,
C21688,0,,
C21689,0,,
C21690,0,,
C21691,0,,
C21692,0,,
C21693,0,,
C21694,0,,
C21695,0,,
C21696,1,2026-08-10,Other
C21697,1,2026-07-23,Technical Issues
C21698,0,,
C21699,1,2026-04-21,Low Usage
C21700,0,,
C21701,0,,
C21702,0,,
C21703,0,,
C21704,1,2026-03-23,Low Usage
C21705,1,2026-07-25,Other
C21706,0,,
C21707,1,2025-12-27,No Longer Needed
C21708,0,,
C21709,0,,
C21710,0,,
C21711,0,,
C21712,0,,
C21713,0,,
C21714,0,,
C21715,0,,
C21716,0,,
C21717,0,,
C21718,0,,
C21719,0,,
C21720,0,,
C21721,0,,
C21722,0,,
C21723,0,,
C21724,0,,
C21725,0,,
C21726,1,2024-12-16,No Longer Needed
C21727,0,,
C21728,1,2026-06-23,Customer Support
C21729,0,,
C21730,1,2026-06-12,Poor Service
C21731,0,,
C21732,0,,
C21733,0,,
C21734,0,,
C21735,1,2026-09-12,Price Too High
C21736,1,2026-01-19,Poor Service
C21737,1,2026-07-26,Poor Service
C21738,0,,
C21739,1,2025-03-01,Low Usage
C21740,0,,
C21741,1,2025-02-21,Customer Support
C21742,0,,
C21743,0,,
C21744,0,,
C21745,0,,
C21746,0,,
C21747,0,,
C21748,0,,
C21749,0,,
C21750,0,,
C21751,1,2026-08-07,Competitor
C21752,0,,
C21753,1,2026-06-12,Low Usage
C21754,0,,
C21755,0,,
C21756,0,,
C21757,0,,
C21758,0,,
C21759,0,,
C21760,0,,
C21761,0,,
C21762,0,,
C21763,0,,
C21764,0,,
C21765,0,,
C21766,1,2026-07-06,Technical Issues
C21767,0,,
C21768,1,2026-08-02,Customer Support
C21769,1,2026-07-13,Other
C21770,0,,
C21771,1,2025-03-14,Technical Issues
C21772,0,,
C21773,0,,
C21774,1,2026-01-14,Technical Issues
C21775,0,,
C21776,0,,
C21777,0,,
C21778,0,,
C21779,0,,
C21780,0,,
C21781,1,2026-06-18,Customer Support
C21782,0,,
C21783,1,2025-12-06,Customer Support
C21784,0,,
C21785,0,,
C21786,0,,
C21787,1,2026-07-17,Technical Issues
C21788,0,,
C21789,1,2026-01-25,No Longer Needed
C21790,0,,
C21791,0,,
C21792,0,,
C21793,0,,
C21794,0,,
C21795,0,,
C21796,0,,
C21797,0,,
C21798,1,2026-08-31,Technical Issues
C21799,1,2026-04-19,Low Usage
C21800,0,,
C21801,0,,
C21802,0,,
C21803,1,2026-08-23,Customer Support
C21804,0,,
C21805,0,,
C21806,1,2026-05-21,Other
C21807,0,,
C21808,1,2026-04-23,Poor Service
C21809,0,,
C21810,0,,
C21811,0,,
C21812,0,,
C21813,0,,
C21814,0,,
C21815,0,,
C21816,0,,
C21817,0,,
C21818,0,,
C21819,0,,
C21820,0,,
C21821,0,,
C21822,0,,
C21823,0,,
C21824,0,,
C21825,1,2026-09-13,Price Too High
C21826,0,,
C21827,0,,
C21828,1,2024-07-18,Technical Issues
C21829,0,,
C21830,0,,
C21831,0,,
C21832,1,2026-07-09,Customer Support
C21833,0,,
C21834,0,,
C21835,1,2025-12-02,Low Usage
C21836,0,,
C21837,0,,
C21838,0,,
C21839,0,,
C21840,0,,
C21841,0,,
C21842,0,,
C21843,0,,
C21844,1,2025-12-06,No Longer Needed
C21845,0,,
C21846,0,,
C21847,0,,
C21848,0,,
C21849,0,,
C21850,1,2026-08-04,Low Usage
C21851,1,2026-05-25,Low Usage
C21852,0,,
C21853,1,2025-11-04,Technical Issues
C21854,0,,
C21855,1,2026-08-21,Price Too High
C21856,0,,
C21857,0,,
C21858,0,,
C21859,0,,
C21860,0,,
C21861,1,2026-06-11,Technical Issues
C21862,1,2026-03-09,Low Usage
C21863,0,,
C21864,1,2025-04-29,Technical Issues
C21865,0,,
C21866,0,,
C21867,1,2026-04-11,Technical Issues
C21868,0,,
C21869,1,2026-04-22,Poor Service
C21870,0,,
C21871,0,,
C21872,0,,
C21873,1,2026-01-10,No Longer Needed
C21874,1,2026-07-07,Other
C21875,0,,
C21876,0,,
C21877,0,,
C21878,0,,
C21879,0,,
C21880,0,,
C21881,1,2026-08-03,Technical Issues
C21882,0,,
C21883,0,,
C21884,0,,
C21885,0,,
C21886,1,2026-04-24,Customer Support
C21887,0,,
C21888,0,,
C21889,0,,
C21890,1,2026-06-25,Poor Service
C21891,0,,
C21892,1,2026-01-25,Technical Issues
C21893,0,,
C21894,0,,
C21895,0,,
C21896,0,,
C21897,0,,
C21898,0,,
C21899,0,,
C21900,1,2024-09-03,No Longer Needed
C21901,1,2026-04-15,Customer Support
C21902,0,,
C21903,0,,
C21904,0,,
C21905,1,2026-06-23,Poor Service
C21906,0,,
C21907,0,,
C21908,0,,
C21909,0,,
C21910,0,,
C21911,0,,
C21912,0,,
C21913,0,,
C21914,0,,
C21915,0,,
C21916,0,,
C21917,0,,
C21918,0,,
C21919,0,,
C21920,0,,
C21921,1,2026-05-01,No Longer Needed
C21922,0,,
C21923,1,2026-06-25,Technical Issues
C21924,1,2026-02-23,Competitor
C21925,1,2026-05-28,Price Too High
C21926,1,2025-09-12,Price Too High
C21927,0,,
C21928,1,2026-01-09,Technical Issues
C21929,1,2025-02-17,Technical Issues
C21930,0,,
C21931,1,2025-02-01,Customer Support
C21932,1,2026-06-10,Competitor
C21933,0,,
C21934,0,,
C21935,0,,
C21936,0,,
C21937,0,,
C21938,0,,
C21939,1,2026-07-28,Price Too High
C21940,1,2026-03-09,Low Usage
C21941,0,,
C21942,1,2026-04-15,Price Too High
C21943,0,,
C21944,1,2026-07-28,Customer Support
C21945,1,2026-05-25,Low Usage
C21946,0,,
C21947,0,,
C21948,1,2026-01-03,Competitor
C21949,0,,
C21950,1,2025-07-26,No Longer Needed
C21951,1,2026-04-27,Competitor
C21952,0,,
C21953,0,,
C21954,1,2025-04-21,Poor Service
C21955,0,,
C21956,0,,
C21957,0,,
C21958,0,,
C21959,1,2026-05-03,Customer Support
C21960,0,,
C21961,0,,
C21962,0,,
C21963,0,,
C21964,1,2026-03-28,Poor Service
C21965,0,,
C21966,0,,
C21967,0,,
C21968,0,,
C21969,0,,
C21970,1,2026-03-19,Technical Issues
C21971,0,,
C21972,0,,
C21973,0,,
C21974,0,,
C21975,0,,
C21976,1,2026-04-08,Competitor
C21977,0,,
C21978,1,2026-06-15,No Longer Needed
C21979,1,2025-01-01,Customer Support
C21980,0,,
C21981,0,,
C21982,0,,
C21983,0,,
C21984,0,,
C21985,1,2025-09-08,No Longer Needed
C21986,1,2026-05-31,Poor Service
C21987,0,,
C21988,0,,
C21989,0,,
C21990,0,,
C21991,0,,
C21992,0,,
C21993,0,,
C21994,0,,
C21995,0,,
C21996,0,,
C21997,0,,
C21998,0,,
C21999,1,2026-07-22,Price Too High
C22000,0,,
C22001,0,,
C22002,0,,
C22003,0,,
C22004,0,,
C22005,0,,
C22006,0,,
C22007,0,,
C22008,1,2025-03-02,Competitor
C22009,0,,
C22010,0,,
C22011,0,,
C22012,0,,
C22013,1,2026-05-17,Technical Issues
C22014,1,2025-02-15,No Longer Needed
C22015,1,2025-03-10,Competitor
C22016,1,2026-05-13,No Longer Needed
C22017,0,,
C22018,0,,
C22019,0,,
C22020,0,,
C22021,0,,
C22022,0,,
C22023,0,,
C22024,0,,
C22025,1,2026-02-04,Customer Support
C22026,1,2026-08-10,Price Too High
C22027,0,,
C22028,0,,
C22029,0,,
C22030,0,,
C22031,1,2026-08-05,Price Too High
C22032,1,2026-03-26,Other
C22033,0,,
C22034,0,,
C22035,0,,
C22036,0,,
C22037,1,2026-07-08,Technical Issues
C22038,0,,
C22039,0,,
C22040,0,,
C22041,0,,
C22042,1,2026-08-16,Poor Service
C22043,0,,
C22044,0,,
C22045,1,2026-05-14,Poor Service
C22046,0,,
C22047,0,,
C22048,0,,
C22049,0,,
C22050,0,,
C22051,0,,
C22052,0,,
C22053,0,,
C22054,0,,
C22055,0,,
C22056,0,,
C22057,0,,
C22058,1,2026-03-21,Other
C22059,0,,
C22060,1,2026-06-16,Technical Issues
C22061,0,,
C22062,0,,
C22063,1,2026-07-15,Customer Support
C22064,0,,
C22065,0,,
C22066,0,,
C22067,0,,
C22068,1,2026-01-05,No Longer Needed
C22069,0,,
C22070,1,2026-04-08,Competitor
C22071,0,,
C22072,1,2026-08-09,Poor Service
C22073,0,,
C22074,0,,
C22075,0,,
C22076,0,,
C22077,0,,
C22078,0,,
C22079,0,,
C22080,0,,
C22081,0,,
C22082,1,2026-03-14,Other
C22083,0,,
C22084,0,,
C22085,0,,
C22086,1,2026-07-27,Poor Service
C22087,0,,
C22088,0,,
C22089,0,,
C22090,0,,
C22091,0,,
C22092,1,2026-07-26,Price Too High
C22093,0,,
C22094,0,,
C22095,0,,
C22096,0,,
C22097,0,,
C22098,0,,
C22099,0,,
C22100,1,2026-03-22,Low Usage
C22101,0,,
C22102,0,,
C22103,0,,
C22104,0,,
C22105,1,2025-11-06,Competitor
C22106,0,,
C22107,0,,
C22108,0,,
C22109,0,,
C22110,0,,
C22111,1,2026-04-12,Poor Service
C22112,0,,
C22113,0,,
C22114,0,,
C22115,0,,
C22116,1,2024-09-23,Low Usage
C22117,1,2026-04-11,Price Too High
C22118,1,2026-04-09,Technical Issues
C22119,0,,
C22120,0,,
C22121,0,,
C22122,0,,
C22123,0,,
C22124,0,,
C22125,0,,
C22126,0,,
C22127,0,,
C22128,0,,
C22129,1,2026-08-16,Competitor
C22130,0,,
C22131,0,,
C22132,0,,
C22133,0,,
C22134,0,,
C22135,0,,
C22136,0,,
C22137,0,,
C22138,0,,
C22139,1,2026-07-13,Competitor
C22140,0,,
C22141,0,,
C22142,0,,
C22143,1,2026-02-26,Other
C22144,0,,
C22145,0,,
C22146,0,,
C22147,0,,
C22148,0,,
C22149,0,,
C22150,1,2026-08-06,Other
C22151,0,,
C22152,0,,
C22153,0,,
C22154,0,,
C22155,0,,
C22156,1,2026-04-06,Low Usage
C22157,0,,
C22158,0,,
C22159,1,2026-04-25,Customer Support
C22160,1,2026-04-06,Price Too High
C22161,0,,
C22162,0,,
C22163,0,,
C22164,0,,
C22165,1,2026-07-16,Customer Support
C22166,0,,
C22167,1,2025-06-19,Competitor
C22168,1,2025-10-11,Poor Service
C22169,0,,
C22170,0,,
C22171,0,,
C22172,0,,
C22173,0,,
C22174,0,,
C22175,1,2026-03-22,Price Too High
C22176,1,2025-09-24,Price Too High
C22177,0,,
C22178,0,,
C22179,1,2025-02-17,No Longer Needed
C22180,1,2026-04-13,Other
C22181,0,,
C22182,1,2025-08-03,Other
C22183,0,,
C22184,1,2026-08-13,No Longer Needed
C22185,0,,
C22186,0,,
C22187,0,,
C22188,1,2025-05-23,Price Too High
C22189,0,,
C22190,0,,
C22191,0,,
C22192,0,,
C22193,1,2026-07-12,Other
C22194,0,,
C22195,1,2026-06-20,Technical Issues
C22196,1,2026-04-17,Customer Support
C22197,0,,
C22198,0,,
C22199,0,,
C22200,0,,
C22201,0,,
C22202,0,,
C22203,0,,
C22204,0,,
C22205,0,,
C22206,0,,
C22207,0,,
C22208,1,2026-08-07,Technical Issues
C22209,1,2026-08-29,Price Too High
C22210,0,,
C22211,0,,
C22212,0,,
C22213,0,,
C22214,0,,
C22215,0,,
C22216,1,2025-06-21,Poor Service
C22217,1,2026-04-22,Price Too High
C22218,1,2025-06-01,No Longer Needed
C22219,0,,
C22220,0,,
C22221,0,,
C22222,0,,
C22223,1,2025-05-03,Low Usage
C22224,0,,
C22225,0,,
C22226,0,,
C22227,0,,
C22228,0,,
C22229,1,2026-08-03,Competitor
C22230,0,,
C22231,0,,
C22232,1,2026-05-30,No Longer Needed
C22233,1,2025-07-14,Competitor
C22234,0,,
C22235,0,,
C22236,0,,
C22237,0,,
C22238,0,,
C22239,0,,
C22240,0,,
C22241,0,,
C22242,0,,
C22243,0,,
C22244,0,,
C22245,0,,
C22246,1,2025-11-02,No Longer Needed
C22247,0,,
C22248,0,,
C22249,0,,
C22250,0,,
C22251,1,2025-06-17,Low Usage
C22252,0,,
C22253,1,2026-06-19,Poor Service
C22254,0,,
C22255,1,2026-06-14,Price Too High
C22256,0,,
C22257,1,2026-07-07,Poor Service
C22258,1,2026-02-01,Other
C22259,1,2026-08-01,No Longer Needed
C22260,0,,
C22261,0,,
C22262,0,,
C22263,1,2025-10-26,Technical Issues
C22264,0,,
C22265,1,2026-01-25,Low Usage
C22266,1,2026-01-12,Customer Support
C22267,0,,
C22268,0,,
C22269,0,,
C22270,0,,
C22271,0,,
C22272,1,2026-05-05,Poor Service
C22273,1,2025-07-07,Technical Issues
C22274,0,,
C22275,0,,
C22276,0,,
C22277,1,2026-06-07,Other
C22278,0,,
C22279,0,,
C22280,0,,
C22281,1,2026-07-28,Customer Support
C22282,0,,
C22283,1,2024-08-20,Price Too High
C22284,0,,
C22285,1,2026-07-05,Technical Issues
C22286,0,,
C22287,0,,
C22288,0,,
C22289,0,,
C22290,0,,
C22291,1,2024-10-31,Customer Support
C22292,0,,
C22293,0,,
C22294,0,,
C22295,0,,
C22296,1,2025-09-16,Technical Issues
C22297,0,,
C22298,0,,
C22299,0,,
C22300,0,,
C22301,1,2025-12-12,No Longer Needed
C22302,1,2026-06-25,Price Too High
C22303,1,2026-08-11,No Longer Needed
C22304,0,,
C22305,0,,
C22306,0,,
C22307,0,,
C22308,0,,
C22309,0,,
C22310,1,2025-02-02,Low Usage
C22311,0,,
C22312,1,2026-07-26,Customer Support
C22313,0,,
C22314,0,,
C22315,0,,
C22316,1,2024-10-08,Price Too High
C22317,0,,
C22318,0,,
C22319,0,,
C22320,0,,
C22321,0,,
C22322,1,2026-01-15,Low Usage
C22323,1,2026-01-15,Low Usage
C22324,0,,
C22325,0,,
C22326,0,,
C22327,0,,
C22328,0,,
C22329,0,,
C22330,0,,
C22331,0,,
C22332,0,,
C22333,0,,
C22334,0,,
C22335,1,2026-01-18,Low Usage
C22336,0,,
C22337,0,,
C22338,0,,
C22339,0,,
C22340,0,,
C22341,1,2026-07-19,Price Too High
C22342,0,,
C22343,1,2025-06-01,Technical Issues
C22344,0,,
C22345,0,,
C22346,0,,
C22347,0,,
C22348,1,2026-08-07,Low Usage
C22349,0,,
C22350,0,,
C22351,0,,
C22352,0,,
C22353,0,,
C22354,0,,
C22355,1,2025-11-23,Poor Service
C22356,0,,
C22357,0,,
C22358,0,,
C22359,0,,
C22360,0,,
C22361,1,2026-02-27,Competitor
C22362,0,,
C22363,0,,
C22364,0,,
C22365,1,2026-03-06,Customer Support
C22366,1,2026-05-10,Price Too High
C22367,0,,
C22368,0,,
C22369,0,,
C22370,0,,
C22371,0,,
C22372,0,,
C22373,1,2024-09-26,Customer Support
C22374,1,2026-08-01,Low Usage
C22375,0,,
C22376,0,,
C22377,0,,
C22378,0,,
C22379,0,,
C22380,0,,
C22381,0,,
C22382,0,,
C22383,0,,
C22384,0,,
C22385,0,,
C22386,0,,
C22387,1,2026-05-27,No Longer Needed
C22388,0,,
C22389,0,,
C22390,0,,
C22391,0,,
C22392,0,,
C22393,0,,
C22394,0,,
C22395,0,,
C22396,0,,
C22397,1,2026-09-13,No Longer Needed
C22398,0,,
C22399,0,,
C22400,0,,
C22401,0,,
C22402,0,,
C22403,1,2024-12-08,Technical Issues
C22404,0,,
C22405,1,2025-02-16,No Longer Needed
C22406,0,,
C22407,0,,
C22408,0,,
C22409,0,,
C22410,0,,
C22411,1,2026-04-16,Low Usage
C22412,0,,
C22413,0,,
C22414,0,,
C22415,1,2026-09-18,Competitor
C22416,0,,
C22417,0,,
C22418,1,2025-01-04,Technical Issues
C22419,0,,
C22420,0,,
C22421,0,,
C22422,0,,
C22423,0,,
C22424,0,,
C22425,0,,
C22426,0,,
C22427,0,,
C22428,0,,
C22429,0,,
C22430,0,,
C22431,0,,
C22432,0,,
C22433,1,2026-06-01,Technical Issues
C22434,1,2026-06-29,Poor Service
C22435,0,,
C22436,0,,
C22437,0,,
C22438,1,2025-12-06,Other
C22439,0,,
C22440,1,2026-03-08,Customer Support
C22441,0,,
C22442,0,,
C22443,0,,
C22444,0,,
C22445,0,,
C22446,0,,
C22447,0,,
C22448,1,2026-08-24,Technical Issues
C22449,0,,
C22450,0,,
C22451,1,2026-04-08,Low Usage
C22452,0,,
C22453,0,,
C22454,0,,
C22455,0,,
C22456,0,,
C22457,0,,
C22458,0,,
C22459,0,,
C22460,0,,
C22461,0,,
C22462,1,2026-04-07,No Longer Needed
C22463,0,,
C22464,1,2026-05-28,Poor Service
C22465,0,,
C22466,0,,
C22467,0,,
C22468,0,,
C22469,0,,
C22470,0,,
C22471,0,,
C22472,0,,
C22473,0,,
C22474,0,,
C22475,1,2026-03-08,Customer Support
C22476,0,,
C22477,0,,
C22478,1,2026-08-10,Low Usage
C22479,1,2025-08-12,Customer Support
C22480,0,,
C22481,0,,
C22482,0,,
C22483,0,,
C22484,0,,
C22485,1,2026-01-02,Poor Service
C22486,0,,
C22487,0,,
C22488,0,,
C22489,1,2026-07-25,Low Usage
C22490,0,,
C22491,1,2026-05-30,No Longer Needed
C22492,0,,
C22493,1,2026-04-09,Competitor
C22494,0,,
C22495,0,,
C22496,0,,
C22497,0,,
C22498,1,2025-09-14,Price Too High
C22499,1,2026-01-02,Other
C22500,0,,
C22501,1,2026-08-13,Poor Service
C22502,0,,
C22503,0,,
C22504,0,,
C22505,0,,
C22506,1,2025-12-06,Competitor
C22507,1,2026-08-19,Low Usage
C22508,0,,
C22509,0,,
C22510,0,,
C22511,0,,
C22512,0,,
C22513,1,2026-04-03,Other
C22514,1,2026-05-31,Poor Service
C22515,0,,
C22516,0,,
C22517,0,,
C22518,0,,
C22519,0,,
C22520,1,2024-12-12,Price Too High
C22521,1,2026-07-25,Poor Service
C22522,1,2026-06-11,Technical Issues
C22523,0,,
C22524,0,,
C22525,0,,
C22526,1,2026-08-16,Competitor
C22527,1,2025-11-14,Low Usage
C22528,1,2025-08-02,Competitor
C22529,1,2025-06-01,No Longer Needed
C22530,0,,
C22531,0,,
C22532,1,2025-03-19,Price Too High
C22533,1,2026-08-20,Technical Issues
C22534,0,,
C22535,0,,
C22536,0,,
C22537,0,,
C22538,0,,
C22539,0,,
C22540,1,2025-05-22,Other
C22541,0,,
C22542,1,2025-12-20,Poor Service
C22543,0,,
C22544,0,,
C22545,0,,
C22546,1,2025-11-13,Technical Issues
C22547,0,,
C22548,0,,
C22549,0,,
C22550,1,2026-01-14,Customer Support
C22551,0,,
C22552,0,,
C22553,0,,
C22554,0,,
C22555,1,2026-01-26,No Longer Needed
C22556,0,,
C22557,1,2025-10-17,Competitor
C22558,1,2026-04-05,Poor Service
C22559,0,,
C22560,1,2026-04-18,Customer Support
C22561,1,2025-05-18,Customer Support
C22562,0,,
C22563,0,,
C22564,1,2026-08-14,Customer Support
C22565,0,,
C22566,0,,
C22567,0,,
C22568,0,,
C22569,0,,
C22570,0,,
C22571,0,,
C22572,0,,
C22573,0,,
C22574,0,,
C22575,1,2026-04-29,Other
C22576,0,,
C22577,0,,
C22578,1,2026-07-01,Technical Issues
C22579,1,2025-11-06,Poor Service
C22580,0,,
C22581,1,2026-08-18,Customer Support
C22582,0,,
C22583,0,,
C22584,0,,
C22585,0,,
C22586,1,2025-03-10,Competitor
C22587,1,2025-12-30,No Longer Needed
C22588,0,,
C22589,0,,
C22590,0,,
C22591,1,2025-06-06,Customer Support
C22592,1,2026-08-09,Poor Service
C22593,0,,
C22594,1,2025-11-10,No Longer Needed
C22595,0,,
C22596,1,2025-12-10,Competitor
C22597,0,,
C22598,0,,
C22599,0,,
C22600,1,2024-10-23,Price Too High
C22601,0,,
C22602,0,,
C22603,0,,
C22604,0,,
C22605,0,,
C22606,0,,
C22607,0,,
C22608,0,,
C22609,0,,
C22610,0,,
C22611,0,,
C22612,0,,
C22613,0,,
C22614,1,2024-10-22,No Longer Needed
C22615,1,2026-08-24,Low Usage
C22616,1,2025-02-02,Technical Issues
C22617,0,,
C22618,0,,
C22619,0,,
C22620,0,,
C22621,1,2026-08-22,Poor Service
C22622,0,,
C22623,1,2025-12-03,Price Too High
C22624,0,,
C22625,0,,
C22626,0,,
C22627,0,,
C22628,0,,
C22629,0,,
C22630,1,2025-04-27,Competitor
C22631,1,2026-02-06,Competitor
C22632,0,,
C22633,0,,
C22634,0,,
C22635,1,2026-08-08,Technical Issues
C22636,0,,
C22637,0,,
C22638,1,2026-04-22,Competitor
C22639,0,,
C22640,0,,
C22641,0,,
C22642,1,2026-05-24,Poor Service
C22643,0,,
C22644,1,2025-10-23,No Longer Needed
C22645,0,,
C22646,0,,
C22647,1,2025-06-19,Technical Issues
C22648,0,,
C22649,1,2026-06-19,Poor Service
C22650,1,2026-08-08,Poor Service
C22651,0,,
C22652,0,,
C22653,0,,
C22654,1,2026-06-20,Technical Issues
C22655,0,,
C22656,1,2024-03-19,Poor Service
C22657,0,,
C22658,0,,
C22659,1,2026-01-10,Other
C22660,1,2025-04-18,Poor Service
C22661,0,,
C22662,1,2025-11-26,Technical Issues
C22663,0,,
C22664,0,,
C22665,1,2026-08-05,Competitor
C22666,0,,
C22667,1,2025-07-17,Technical Issues
C22668,1,2026-03-17,Poor Service
C22669,1,2026-09-05,Technical Issues
C22670,0,,
C22671,1,2026-08-22,Competitor
C22672,0,,
C22673,0,,
C22674,0,,
C22675,0,,
C22676,0,,
C22677,1,2025-06-04,No Longer Needed
C22678,0,,
C22679,0,,
C22680,0,,
C22681,0,,
C22682,0,,
C22683,0,,
C22684,1,2026-07-16,Low Usage
C22685,0,,
C22686,0,,
C22687,0,,
C22688,1,2025-01-15,Customer Support
C22689,0,,
C22690,0,,
C22691,0,,
C22692,0,,
C22693,0,,
C22694,0,,
C22695,0,,
C22696,1,2026-08-28,Customer Support
C22697,0,,
C22698,1,2026-03-16,Low Usage
C22699,0,,
C22700,0,,
C22701,0,,
C22702,0,,
C22703,0,,
C22704,0,,
C22705,1,2025-09-12,Technical Issues
C22706,0,,
C22707,0,,
C22708,0,,
C22709,0,,
C22710,0,,
C22711,0,,
C22712,0,,
C22713,1,2026-01-25,Customer Support
C22714,1,2025-06-10,Poor Service
C22715,0,,
C22716,0,,
C22717,1,2025-12-30,Price Too High
C22718,0,,
C22719,0,,
C22720,1,2026-08-17,Customer Support
C22721,1,2026-08-01,No Longer Needed
C22722,0,,
C22723,0,,
C22724,0,,
C22725,0,,
C22726,1,2025-09-25,Other
C22727,0,,
C22728,0,,
C22729,0,,
C22730,1,2025-03-13,No Longer Needed
C22731,1,2026-06-04,Low Usage
C22732,0,,
C22733,1,2026-03-25,Other
C22734,1,2026-08-12,No Longer Needed
C22735,1,2026-06-08,Price Too High
C22736,1,2026-07-31,Customer Support
C22737,0,,
C22738,0,,
C22739,0,,
C22740,0,,
C22741,0,,
C22742,0,,
C22743,0,,
C22744,0,,
C22745,1,2025-11-29,No Longer Needed
C22746,0,,
C22747,1,2024-06-13,Competitor
C22748,0,,
C22749,0,,
C22750,1,2026-08-25,Technical Issues
C22751,1,2026-01-12,Low Usage
C22752,0,,
C22753,0,,
C22754,1,2026-06-04,Other
C22755,0,,
C22756,1,2026-01-18,No Longer Needed
C22757,0,,
C22758,1,2026-07-05,Technical Issues
C22759,0,,
C22760,1,2026-05-22,Customer Support
C22761,1,2026-07-01,Poor Service
C22762,1,2026-08-14,Low Usage
C22763,0,,
C22764,0,,
C22765,1,2026-06-14,No Longer Needed
C22766,0,,
C22767,0,,
C22768,1,2025-07-22,Low Usage
C22769,1,2026-08-20,Technical Issues
C22770,1,2026-05-20,Other
C22771,0,,
C22772,1,2026-04-25,Low Usage
C22773,0,,
C22774,0,,
C22775,0,,
C22776,0,,
C22777,0,,
C22778,0,,
C22779,0,,
C22780,0,,
C22781,1,2026-07-29,No Longer Needed
C22782,0,,
C22783,0,,
C22784,0,,
C22785,0,,
C22786,0,,
C22787,0,,
C22788,0,,
C22789,1,2026-04-20,Low Usage
C22790,0,,
C22791,1,2024-03-02,Technical Issues
C22792,1,2026-08-07,Technical Issues
C22793,0,,
C22794,0,,
C22795,0,,
C22796,1,2026-07-17,Competitor
C22797,0,,
C22798,0,,
C22799,0,,
C22800,1,2025-08-21,Price Too High
C22801,0,,
C22802,0,,
C22803,0,,
C22804,1,2025-12-05,No Longer Needed
C22805,1,2026-05-19,Technical Issues
C22806,0,,
C22807,0,,
C22808,0,,
C22809,0,,
C22810,1,2026-07-10,Price Too High
C22811,0,,
C22812,1,2025-03-17,Poor Service
C22813,0,,
C22814,0,,
C22815,0,,
C22816,0,,
C22817,0,,
C22818,1,2026-06-07,Technical Issues
C22819,0,,
C22820,0,,
C22821,1,2026-02-06,No Longer Needed
C22822,0,,
C22823,0,,
C22824,1,2026-02-06,Customer Support
C22825,1,2026-07-30,No Longer Needed
C22826,0,,
C22827,0,,
C22828,0,,
C22829,0,,
C22830,0,,
C22831,1,2025-09-12,Technical Issues
C22832,0,,
C22833,0,,
C22834,1,2026-03-09,Competitor
C22835,1,2026-06-19,Low Usage
C22836,0,,
C22837,0,,
C22838,0,,
C22839,0,,
C22840,0,,
C22841,0,,
C22842,0,,
C22843,0,,
C22844,0,,
C22845,0,,
C22846,1,2026-07-21,Technical Issues
C22847,0,,
C22848,0,,
C22849,0,,
C22850,1,2025-11-10,Low Usage
C22851,0,,
C22852,1,2026-01-05,Price Too High
C22853,0,,
C22854,0,,
C22855,0,,
C22856,0,,
C22857,0,,
C22858,0,,
C22859,1,2026-02-26,Other
C22860,0,,
C22861,0,,
C22862,0,,
C22863,0,,
C22864,0,,
C22865,0,,
C22866,1,2025-11-20,No Longer Needed
C22867,0,,
C22868,0,,
C22869,1,2025-10-29,Competitor
C22870,0,,
C22871,1,2026-03-10,Technical Issues
C22872,1,2026-06-17,Poor Service
C22873,0,,
C22874,1,2026-05-01,Customer Support
C22875,0,,
C22876,1,2026-08-17,Low Usage
C22877,1,2025-11-25,Customer Support
C22878,0,,
C22879,0,,
C22880,0,,
C22881,0,,
C22882,0,,
C22883,0,,
C22884,0,,
C22885,1,2025-12-02,Technical Issues
C22886,1,2025-12-03,Price Too High
C22887,0,,
C22888,1,2026-07-22,Technical Issues
C22889,1,2026-06-29,Price Too High
C22890,1,2026-04-30,Customer Support
C22891,0,,
C22892,1,2025-12-16,Other
C22893,0,,
C22894,0,,
C22895,0,,
C22896,0,,
C22897,0,,
C22898,0,,
C22899,0,,
C22900,0,,
C22901,0,,
C22902,0,,
C22903,0,,
C22904,1,2025-09-02,No Longer Needed
C22905,0,,
C22906,0,,
C22907,0,,
C22908,1,2024-05-31,Poor Service
C22909,0,,
C22910,0,,
C22911,0,,
C22912,0,,
C22913,1,2026-06-12,Customer Support
C22914,1,2026-02-06,Competitor
C22915,0,,
C22916,1,2026-01-18,No Longer Needed
C22917,0,,
C22918,0,,
C22919,0,,
C22920,0,,
C22921,0,,
C22922,0,,
C22923,1,2025-02-24,No Longer Needed
C22924,0,,
C22925,0,,
C22926,0,,
C22927,0,,
C22928,0,,
C22929,0,,
C22930,0,,
C22931,0,,
C22932,0,,
C22933,0,,
C22934,0,,
C22935,0,,
C22936,0,,
C22937,0,,
C22938,0,,
C22939,0,,
C22940,0,,
C22941,0,,
C22942,0,,
C22943,1,2025-08-09,Competitor
C22944,0,,
C22945,1,2026-08-16,Low Usage
C22946,0,,
C22947,0,,
C22948,0,,
C22949,0,,
C22950,0,,
C22951,1,2026-07-13,Technical Issues
C22952,0,,
C22953,0,,
C22954,0,,
C22955,0,,
C22956,1,2026-05-26,Poor Service
C22957,0,,
C22958,1,2025-11-09,Other
C22959,0,,
C22960,1,2026-04-16,Price Too High
C22961,1,2025-03-10,Poor Service
C22962,1,2025-07-18,Poor Service
C22963,0,,
C22964,0,,
C22965,0,,
C22966,0,,
C22967,0,,
C22968,0,,
C22969,0,,
C22970,1,2026-06-26,Customer Support
C22971,0,,
C22972,0,,
C22973,0,,
C22974,0,,
C22975,1,2026-07-22,Competitor
C22976,0,,
C22977,0,,
C22978,0,,
C22979,0,,
C22980,0,,
C22981,0,,
C22982,0,,
C22983,0,,
C22984,0,,
C22985,0,,
C22986,0,,
C22987,0,,
C22988,0,,
C22989,0,,
C22990,0,,
C22991,0,,
C22992,0,,
C22993,0,,
C22994,0,,
C22995,1,2026-08-13,Price Too High
C22996,0,,
C22997,0,,
C22998,1,2025-04-28,Technical Issues
C22999,1,2026-08-08,Price Too High
C23000,0,,
C23001,0,,
C23002,0,,
C23003,1,2025-02-12,No Longer Needed
C23004,0,,
C23005,0,,
C23006,0,,
C23007,0,,
C23008,0,,
C23009,0,,
C23010,1,2026-04-19,Price Too High
C23011,1,2026-06-22,Price Too High
C23012,0,,
C23013,0,,
C23014,0,,
C23015,1,2024-09-20,Price Too High
C23016,0,,
C23017,0,,
C23018,0,,
C23019,0,,
C23020,0,,
C23021,0,,
C23022,1,2026-07-17,Customer Support
C23023,1,2025-08-17,Technical Issues
C23024,0,,
C23025,0,,
C23026,0,,
C23027,1,2025-11-01,Low Usage
C23028,0,,
C23029,1,2025-05-27,Competitor
C23030,0,,
C23031,0,,
C23032,1,2026-08-12,Poor Service
C23033,1,2024-06-24,Price Too High
C23034,0,,
C23035,0,,
C23036,0,,
C23037,0,,
C23038,1,2025-10-07,No Longer Needed
C23039,1,2026-06-24,Price Too High
C23040,0,,
C23041,0,,
C23042,1,2026-01-09,Price Too High
C23043,0,,
C23044,0,,
C23045,0,,
C23046,0,,
C23047,0,,
C23048,0,,
C23049,1,2025-05-28,Competitor
C23050,0,,
C23051,0,,
C23052,0,,
C23053,1,2026-07-23,No Longer Needed
C23054,1,2026-08-20,Poor Service
C23055,0,,
C23056,0,,
C23057,0,,
C23058,0,,
C23059,0,,
C23060,1,2026-01-12,Competitor
C23061,0,,
C23062,0,,
C23063,0,,
C23064,0,,
C23065,0,,
C23066,1,2025-09-12,Technical Issues
C23067,1,2026-07-10,Competitor
C23068,0,,
C23069,0,,
C23070,0,,
C23071,1,2025-12-18,Other
C23072,0,,
C23073,0,,
C23074,0,,
C23075,0,,
C23076,0,,
C23077,0,,
C23078,0,,
C23079,1,2026-02-02,Competitor
C23080,0,,
C23081,0,,
C23082,0,,
C23083,0,,
C23084,1,2026-08-11,Technical Issues
C23085,0,,
C23086,0,,
C23087,1,2026-04-18,Technical Issues
C23088,1,2025-12-30,Other
C23089,1,2026-02-12,Low Usage
C23090,0,,
C23091,0,,
C23092,0,,
C23093,0,,
C23094,0,,
C23095,0,,
C23096,0,,
C23097,0,,
C23098,0,,
C23099,1,2025-11-12,Other
C23100,1,2024-05-28,No Longer Needed
C23101,0,,
C23102,0,,
C23103,1,2024-08-18,Price Too High
C23104,0,,
C23105,0,,
C23106,1,2025-07-30,Technical Issues
C23107,1,2026-06-18,Price Too High
C23108,1,2025-07-25,Customer Support
C23109,0,,
C23110,0,,
C23111,0,,
C23112,1,2026-02-08,Low Usage
C23113,0,,
C23114,0,,
C23115,0,,
C23116,0,,
C23117,1,2024-12-18,Poor Service
C23118,0,,
C23119,1,2026-07-21,Price Too High
C23120,0,,
C23121,0,,
C23122,0,,
C23123,0,,
C23124,0,,
C23125,1,2026-06-23,Low Usage
C23126,0,,
C23127,1,2024-09-15,Customer Support
C23128,0,,
C23129,0,,
C23130,0,,
C23131,0,,
C23132,0,,
C23133,0,,
C23134,1,2026-05-08,Price Too High
C23135,0,,
C23136,0,,
C23137,0,,
C23138,0,,
C23139,0,,
C23140,1,2025-03-27,Poor Service
C23141,1,2025-08-12,Price Too High
C23142,1,2025-03-19,Customer Support
C23143,0,,
C23144,0,,
C23145,0,,
C23146,0,,
C23147,0,,
C23148,1,2026-04-02,No Longer Needed
C23149,0,,
C23150,0,,
C23151,0,,
C23152,0,,
C23153,0,,
C23154,0,,
C23155,0,,
C23156,1,2025-12-04,Technical Issues
C23157,0,,
C23158,0,,
C23159,1,2025-12-22,Poor Service
C23160,0,,
C23161,0,,
C23162,1,2026-06-13,No Longer Needed
C23163,0,,
C23164,1,2025-05-08,Technical Issues
C23165,0,,
C23166,0,,
C23167,0,,
C23168,0,,
C23169,0,,
C23170,1,2026-06-17,Price Too High
C23171,0,,
C23172,1,2026-08-11,No Longer Needed
C23173,0,,
C23174,0,,
C23175,0,,
C23176,0,,
C23177,1,2026-03-30,Competitor
C23178,0,,
C23179,1,2026-07-14,No Longer Needed
C23180,0,,
C23181,0,,
C23182,1,2024-04-19,Technical Issues
C23183,0,,
C23184,0,,
C23185,0,,
C23186,1,2026-05-24,Customer Support
C23187,0,,
C23188,0,,
C23189,0,,
C23190,1,2026-03-02,Poor Service
C23191,1,2024-11-17,Low Usage
C23192,0,,
C23193,0,,
C23194,1,2024-12-06,Technical Issues
C23195,1,2026-08-12,Low Usage
C23196,0,,
C23197,1,2026-07-13,Other
C23198,0,,
C23199,1,2026-08-27,Poor Service
C23200,0,,
C23201,0,,
C23202,0,,
C23203,0,,
C23204,0,,
C23205,1,2026-05-03,Poor Service
C23206,0,,
C23207,0,,
C23208,0,,
C23209,1,2026-08-14,Poor Service
C23210,0,,
C23211,0,,
C23212,0,,
C23213,1,2025-10-17,Poor Service
C23214,0,,
C23215,0,,
C23216,1,2025-07-31,Competitor
C23217,0,,
C23218,0,,
C23219,0,,
C23220,0,,
C23221,0,,
C23222,0,,
C23223,1,2026-03-04,Other
C23224,1,2026-08-18,Low Usage
C23225,0,,
C23226,0,,
C23227,0,,
C23228,1,2026-07-15,Technical Issues
C23229,0,,
C23230,0,,
C23231,0,,
C23232,0,,
C23233,0,,
C23234,0,,
C23235,0,,
C23236,0,,
C23237,1,2025-12-14,Technical Issues
C23238,0,,
C23239,0,,
C23240,1,2026-04-14,Price Too High
C23241,0,,
C23242,0,,
C23243,0,,
C23244,0,,
C23245,1,2026-09-01,Technical Issues
C23246,0,,
C23247,0,,
C23248,0,,
C23249,1,2024-04-20,Poor Service
C23250,0,,
C23251,0,,
C23252,1,2025-08-20,Other
C23253,0,,
C23254,1,2026-03-19,Customer Support
C23255,0,,
C23256,0,,
C23257,0,,
C23258,1,2025-01-08,Customer Support
C23259,0,,
C23260,0,,
C23261,0,,
C23262,0,,
C23263,0,,
C23264,0,,
C23265,0,,
C23266,0,,
C23267,0,,
C23268,0,,
C23269,1,2026-08-06,Poor Service
C23270,0,,
C23271,1,2025-12-20,Poor Service
C23272,0,,
C23273,1,2025-09-23,Low Usage
C23274,0,,
C23275,0,,
C23276,1,2025-01-06,Technical Issues
C23277,0,,
C23278,0,,
C23279,1,2026-08-16,Customer Support
C23280,0,,
C23281,1,2026-04-22,Technical Issues
C23282,1,2026-09-11,Low Usage
C23283,0,,
C23284,1,2026-08-20,Low Usage
C23285,0,,
C23286,0,,
C23287,0,,
C23288,0,,
C23289,0,,
C23290,0,,
C23291,0,,
C23292,1,2026-06-19,Technical Issues
C23293,1,2026-03-29,Customer Support
C23294,0,,
C23295,1,2026-03-11,Poor Service
C23296,0,,
C23297,0,,
C23298,0,,
C23299,1,2025-09-20,Competitor
C23300,0,,
C23301,0,,
C23302,0,,
C23303,1,2025-08-07,Other
C23304,0,,
C23305,0,,
C23306,1,2025-11-25,Customer Support
C23307,0,,
C23308,0,,
C23309,0,,
C23310,0,,
C23311,0,,
C23312,0,,
C23313,0,,
C23314,1,2026-06-17,Other
C23315,0,,
C23316,0,,
C23317,1,2025-11-08,Customer Support
C23318,0,,
C23319,0,,
C23320,0,,
C23321,1,2026-01-14,Competitor
C23322,1,2026-09-19,Poor Service
C23323,0,,
C23324,1,2025-05-20,Price Too High
C23325,1,2026-06-27,Customer Support
C23326,1,2026-08-01,Low Usage
C23327,0,,
C23328,0,,
C23329,1,2025-08-10,No Longer Needed
C23330,0,,
C23331,0,,
C23332,0,,
C23333,1,2025-07-28,Price Too High
C23334,0,,
C23335,0,,
C23336,0,,
C23337,0,,
C23338,0,,
C23339,0,,
C23340,0,,
C23341,0,,
C23342,1,2025-11-15,Competitor
C23343,0,,
C23344,0,,
C23345,1,2025-09-25,Price Too High
C23346,0,,
C23347,0,,
C23348,1,2026-08-15,No Longer Needed
C23349,0,,
C23350,0,,
C23351,0,,
C23352,0,,
C23353,0,,
C23354,0,,
C23355,0,,
C23356,0,,
C23357,1,2026-08-19,Technical Issues
C23358,0,,
C23359,1,2026-03-31,Price Too High
C23360,1,2025-08-14,Poor Service
C23361,0,,
C23362,0,,
C23363,1,2025-12-24,Low Usage
C23364,0,,
C23365,0,,
C23366,0,,
C23367,0,,
C23368,0,,
C23369,0,,
C23370,0,,
C23371,0,,
C23372,0,,
C23373,0,,
C23374,0,,
C23375,0,,
C23376,1,2026-01-31,Competitor
C23377,0,,
C23378,0,,
C23379,1,2026-08-19,Poor Service
C23380,1,2026-07-10,Customer Support
C23381,0,,
C23382,0,,
C23383,0,,
C23384,1,2026-08-16,Technical Issues
C23385,0,,
C23386,0,,
C23387,0,,
C23388,0,,
C23389,1,2024-12-20,Technical Issues
C23390,0,,
C23391,1,2025-11-07,Customer Support
C23392,0,,
C23393,0,,
C23394,1,2024-11-06,Poor Service
C23395,1,2026-07-16,No Longer Needed
C23396,0,,
C23397,0,,
C23398,0,,
C23399,1,2026-05-24,Technical Issues
C23400,0,,
C23401,0,,
C23402,0,,
C23403,1,2025-10-19,Customer Support
C23404,0,,
C23405,1,2025-12-06,Other
C23406,1,2026-08-14,Price Too High
C23407,0,,
C23408,0,,
C23409,0,,
C23410,0,,
C23411,0,,
C23412,1,2026-03-09,Poor Service
C23413,0,,
C23414,1,2026-02-23,Other
C23415,0,,
C23416,0,,
C23417,0,,
C23418,1,2026-08-09,Customer Support
C23419,0,,
C23420,0,,
C23421,1,2025-12-21,Other
C23422,0,,
C23423,0,,
C23424,0,,
C23425,0,,
C23426,0,,
C23427,0,,
C23428,0,,
C23429,1,2025-12-24,Customer Support
C23430,0,,
C23431,0,,
C23432,0,,
C23433,1,2026-05-24,Technical Issues
C23434,1,2025-12-20,Technical Issues
C23435,0,,
C23436,0,,
C23437,1,2026-01-07,Other
C23438,1,2026-06-16,Low Usage
C23439,1,2024-11-16,Low Usage
C23440,0,,
C23441,1,2026-08-06,No Longer Needed
C23442,0,,
C23443,0,,
C23444,0,,
C23445,0,,
C23446,1,2025-09-30,Low Usage
C23447,0,,
C23448,0,,
C23449,1,2026-06-29,Competitor
C23450,0,,
C23451,0,,
C23452,1,2026-07-25,Technical Issues
C23453,0,,
C23454,0,,
C23455,0,,
C23456,0,,
C23457,1,2023-12-28,Other
C23458,1,2026-03-29,Customer Support
C23459,1,2026-02-10,Other
C23460,0,,
C23461,1,2026-02-19,No Longer Needed
C23462,0,,
C23463,0,,
C23464,1,2026-02-22,No Longer Needed
C23465,0,,
C23466,0,,
C23467,1,2025-12-15,Technical Issues
C23468,0,,
C23469,0,,
C23470,0,,
C23471,0,,
C23472,0,,
C23473,0,,
C23474,0,,
C23475,0,,
C23476,0,,
C23477,0,,
C23478,1,2025-01-11,Low Usage
C23479,0,,
C23480,1,2024-05-30,Low Usage
C23481,0,,
C23482,0,,
C23483,0,,
C23484,0,,
C23485,0,,
C23486,1,2025-04-16,Competitor
C23487,1,2025-09-17,Poor Service
C23488,0,,
C23489,1,2026-07-28,Customer Support
C23490,0,,
C23491,0,,
C23492,0,,
C23493,1,2024-10-03,Low Usage
C23494,0,,
C23495,1,2026-08-08,Poor Service
C23496,1,2026-01-03,Poor Service
C23497,0,,
C23498,0,,
C23499,1,2026-06-15,Technical Issues
C23500,1,2025-03-30,No Longer Needed
C23501,0,,
C23502,1,2026-08-15,Poor Service
C23503,0,,
C23504,0,,
C23505,0,,
C23506,0,,
C23507,1,2026-08-12,Technical Issues
C23508,1,2026-04-17,Other
C23509,1,2026-02-01,No Longer Needed
C23510,0,,
C23511,1,2026-06-10,Low Usage
C23512,0,,
C23513,1,2025-12-28,Competitor
C23514,0,,
C23515,0,,
C23516,0,,
C23517,0,,
C23518,0,,
C23519,1,2026-08-19,Customer Support
C23520,1,2026-08-10,Poor Service
C23521,0,,
C23522,0,,
C23523,0,,
C23524,0,,
C23525,0,,
C23526,0,,
C23527,1,2026-01-01,No Longer Needed
C23528,1,2026-07-27,Technical Issues
C23529,0,,
C23530,1,2026-09-15,Low Usage
C23531,0,,
C23532,1,2026-08-03,Price Too High
C23533,0,,
C23534,1,2026-08-21,Technical Issues
C23535,1,2026-05-13,Customer Support
C23536,0,,
C23537,0,,
C23538,1,2025-05-29,No Longer Needed
C23539,0,,
C23540,1,2026-04-11,Poor Service
C23541,1,2025-11-29,Low Usage
C23542,0,,
C23543,0,,
C23544,1,2026-07-07,Other
C23545,0,,
C23546,0,,
C23547,1,2026-02-20,Competitor
C23548,0,,
C23549,0,,
C23550,1,2025-11-12,Low Usage
C23551,0,,
C23552,0,,
C23553,0,,
C23554,0,,
C23555,1,2025-11-30,No Longer Needed
C23556,1,2026-04-24,No Longer Needed
C23557,0,,
C23558,0,,
C23559,1,2026-04-11,Price Too High
C23560,1,2026-07-20,Poor Service
C23561,1,2026-08-19,Competitor
C23562,1,2026-04-29,Poor Service
C23563,0,,
C23564,1,2025-12-29,Technical Issues
C23565,1,2026-03-18,Low Usage
C23566,1,2026-08-22,Customer Support
C23567,0,,
C23568,1,2025-06-29,Price Too High
C23569,0,,
C23570,0,,
C23571,0,,
C23572,0,,
C23573,0,,
C23574,0,,
C23575,1,2026-01-28,Competitor
C23576,1,2026-08-06,Poor Service
C23577,0,,
C23578,0,,
C23579,0,,
C23580,1,2026-06-05,Low Usage
C23581,0,,
C23582,0,,
C23583,0,,
C23584,0,,
C23585,1,2024-11-13,Poor Service
C23586,0,,
C23587,0,,
C23588,0,,
C23589,0,,
C23590,0,,
C23591,0,,
C23592,1,2026-08-19,Competitor
C23593,0,,
C23594,0,,
C23595,1,2026-05-02,Competitor
C23596,0,,
C23597,0,,
C23598,0,,
C23599,1,2025-04-02,Competitor
C23600,0,,
C23601,0,,
C23602,1,2024-03-11,Low Usage
C23603,0,,
C23604,1,2025-10-22,Poor Service
C23605,0,,
C23606,1,2025-09-14,Poor Service
C23607,1,2026-08-10,Customer Support
C23608,1,2026-08-19,No Longer Needed
C23609,0,,
C23610,0,,
C23611,0,,
C23612,1,2026-06-09,Other
C23613,1,2024-01-24,Customer Support
C23614,1,2026-02-21,Poor Service
C23615,0,,
C23616,0,,
C23617,0,,
C23618,0,,
C23619,0,,
C23620,1,2026-05-30,No Longer Needed
C23621,0,,
C23622,1,2026-06-08,Technical Issues
C23623,1,2025-09-23,Customer Support
C23624,0,,
C23625,1,2026-01-14,Competitor
C23626,0,,
C23627,0,,
C23628,1,2025-05-19,Technical Issues
C23629,0,,
C23630,0,,
C23631,0,,
C23632,0,,
C23633,0,,
C23634,1,2026-03-13,Other
C23635,1,2025-08-16,Poor Service
C23636,1,2026-06-28,Poor Service
C23637,0,,
C23638,0,,
C23639,0,,
C23640,1,2024-12-30,Technical Issues
C23641,0,,
C23642,0,,
C23643,1,2026-08-05,No Longer Needed
C23644,0,,
C23645,0,,
C23646,0,,
C23647,0,,
C23648,0,,
C23649,0,,
C23650,0,,
C23651,0,,
C23652,0,,
C23653,0,,
C23654,0,,
C23655,0,,
C23656,0,,
C23657,1,2026-04-12,Technical Issues
C23658,0,,
C23659,0,,
C23660,1,2026-08-17,Technical Issues
C23661,1,2026-02-08,Poor Service
C23662,0,,
C23663,0,,
C23664,1,2025-07-27,Other
C23665,1,2025-03-29,Price Too High
C23666,0,,
C23667,0,,
C23668,0,,
C23669,0,,
C23670,0,,
C23671,1,2023-11-22,No Longer Needed
C23672,0,,
C23673,0,,
C23674,0,,
C23675,0,,
C23676,1,2026-03-04,Technical Issues
C23677,0,,
C23678,0,,
C23679,1,2026-08-20,No Longer Needed
C23680,0,,
C23681,0,,
C23682,0,,
C23683,0,,
C23684,0,,
C23685,1,2026-08-20,Competitor
C23686,0,,
C23687,0,,
C23688,0,,
C23689,0,,
C23690,0,,
C23691,0,,
C23692,0,,
C23693,0,,
C23694,0,,
C23695,0,,
C23696,0,,
C23697,0,,
C23698,0,,
C23699,0,,
C23700,0,,
C23701,0,,
C23702,0,,
C23703,1,2025-06-07,Price Too High
C23704,0,,
C23705,0,,
C23706,0,,
C23707,0,,
C23708,0,,
C23709,0,,
C23710,1,2026-07-08,Competitor
C23711,0,,
C23712,0,,
C23713,0,,
C23714,0,,
C23715,0,,
C23716,0,,
C23717,0,,
C23718,1,2023-11-07,Poor Service
C23719,0,,
C23720,1,2026-01-01,Poor Service
C23721,0,,
C23722,0,,
C23723,0,,
C23724,0,,
C23725,0,,
C23726,0,,
C23727,0,,
C23728,0,,
C23729,1,2026-06-22,Technical Issues
C23730,0,,
C23731,0,,
C23732,0,,
C23733,0,,
C23734,0,,
C23735,0,,
C23736,1,2025-06-18,Customer Support
C23737,0,,
C23738,0,,
C23739,1,2025-12-08,Technical Issues
C23740,1,2026-03-06,Competitor
C23741,0,,
C23742,0,,
C23743,0,,
C23744,0,,
C23745,1,2024-09-06,Poor Service
C23746,1,2024-04-20,Other
C23747,0,,
C23748,0,,
C23749,1,2026-07-15,Customer Support
C23750,0,,
C23751,0,,
C23752,1,2026-07-25,Price Too High
C23753,1,2026-05-21,Technical Issues
C23754,0,,
C23755,0,,
C23756,1,2025-10-24,Low Usage
C23757,1,2026-06-21,Customer Support
C23758,1,2026-07-30,Competitor
C23759,0,,
C23760,0,,
C23761,0,,
C23762,1,2025-06-13,Poor Service
C23763,1,2025-12-19,Other
C23764,0,,
C23765,0,,
C23766,0,,
C23767,0,,
C23768,0,,
C23769,0,,
C23770,0,,
C23771,1,2026-06-17,Price Too High
C23772,0,,
C23773,0,,
C23774,0,,
C23775,0,,
C23776,1,2026-06-28,Technical Issues
C23777,1,2026-09-16,Poor Service
C23778,1,2026-08-13,Poor Service
C23779,0,,
C23780,0,,
C23781,1,2026-01-23,Poor Service
C23782,0,,
C23783,1,2025-03-12,Other
C23784,1,2026-02-06,Poor Service
C23785,0,,
C23786,0,,
C23787,0,,
C23788,0,,
C23789,1,2026-08-09,Low Usage
C23790,0,,
C23791,1,2026-08-16,Competitor
C23792,0,,
C23793,0,,
C23794,0,,
C23795,1,2026-08-03,Customer Support
C23796,0,,
C23797,0,,
C23798,0,,
C23799,1,2024-10-26,Price Too High
C23800,0,,
C23801,1,2026-01-30,No Longer Needed
C23802,1,2026-02-21,Poor Service
C23803,0,,
C23804,1,2026-05-27,Poor Service
C23805,0,,
C23806,0,,
C23807,0,,
C23808,1,2026-02-03,Customer Support
C23809,0,,
C23810,0,,
C23811,0,,
C23812,0,,
C23813,0,,
C23814,0,,
C23815,0,,
C23816,0,,
C23817,1,2026-08-08,Technical Issues
C23818,0,,
C23819,0,,
C23820,0,,
C23821,1,2026-08-18,Technical Issues
C23822,0,,
C23823,1,2026-03-10,Low Usage
C23824,0,,
C23825,0,,
C23826,1,2026-02-26,Low Usage
C23827,1,2025-04-15,Technical Issues
C23828,0,,
C23829,0,,
C23830,0,,
C23831,0,,
C23832,0,,
C23833,1,2025-07-25,Other
C23834,1,2025-07-15,Customer Support
C23835,1,2026-02-14,Low Usage
C23836,0,,
C23837,0,,
C23838,0,,
C23839,0,,
C23840,0,,
C23841,0,,
C23842,0,,
C23843,0,,
C23844,0,,
C23845,1,2026-06-16,Price Too High
C23846,0,,
C23847,0,,
C23848,0,,
C23849,0,,
C23850,1,2026-01-02,No Longer Needed
C23851,0,,
C23852,1,2026-03-06,Other
C23853,1,2024-05-29,Price Too High
C23854,0,,
C23855,0,,
C23856,0,,
C23857,0,,
C23858,0,,
C23859,0,,
C23860,0,,
C23861,0,,
C23862,0,,
C23863,1,2026-02-04,Technical Issues
C23864,1,2026-06-21,Other
C23865,0,,
C23866,0,,
C23867,1,2025-11-01,Other
C23868,0,,
C23869,0,,
C23870,1,2025-09-17,Poor Service
C23871,0,,
C23872,0,,
C23873,0,,
C23874,0,,
C23875,1,2025-04-04,Customer Support
C23876,0,,
C23877,1,2026-05-21,Price Too High
C23878,0,,
C23879,1,2026-07-21,Technical Issues
C23880,0,,
C23881,0,,
C23882,0,,
C23883,0,,
C23884,0,,
C23885,0,,
C23886,0,,
C23887,0,,
C23888,0,,
C23889,0,,
C23890,0,,
C23891,0,,
C23892,0,,
C23893,0,,
C23894,1,2024-10-11,Price Too High
C23895,0,,
C23896,1,2026-01-26,Low Usage
C23897,1,2024-09-21,Competitor
C23898,1,2026-03-14,No Longer Needed
C23899,0,,
C23900,1,2026-07-25,Poor Service
C23901,0,,
C23902,1,2025-05-15,Price Too High
C23903,1,2025-12-23,Poor Service
C23904,0,,
C23905,0,,
C23906,0,,
C23907,0,,
C23908,0,,
C23909,0,,
C23910,0,,
C23911,1,2026-03-31,Customer Support
C23912,0,,
C23913,0,,
C23914,0,,
C23915,0,,
C23916,0,,
C23917,0,,
C23918,1,2026-03-01,Poor Service
C23919,0,,
C23920,0,,
C23921,0,,
C23922,0,,
C23923,0,,
C23924,0,,
C23925,1,2026-08-08,Customer Support
C23926,0,,
C23927,0,,
C23928,0,,
C23929,0,,
C23930,0,,
C23931,0,,
C23932,0,,
C23933,1,2025-04-24,Poor Service
C23934,0,,
C23935,1,2025-10-22,Competitor
C23936,1,2026-04-15,Low Usage
C23937,0,,
C23938,1,2026-01-26,Customer Support
C23939,0,,
C23940,0,,
C23941,0,,
C23942,0,,
C23943,0,,
C23944,0,,
C23945,0,,
C23946,0,,
C23947,1,2026-04-20,Competitor
C23948,1,2025-11-20,Poor Service
C23949,1,2026-03-12,Price Too High
C23950,1,2026-08-02,Customer Support
C23951,0,,
C23952,0,,
C23953,0,,
C23954,0,,
C23955,1,2026-02-06,Other
C23956,1,2025-04-25,Customer Support
C23957,0,,
C23958,0,,
C23959,0,,
C23960,0,,
C23961,1,2025-08-27,No Longer Needed
C23962,0,,
C23963,0,,
C23964,1,2025-05-03,Poor Service
C23965,0,,
C23966,0,,
C23967,0,,
C23968,0,,
C23969,0,,
C23970,1,2026-07-20,Price Too High
C23971,0,,
C23972,0,,
C23973,1,2026-08-15,Poor Service
C23974,0,,
C23975,0,,
C23976,0,,
C23977,0,,
C23978,0,,
C23979,1,2025-09-26,Competitor
C23980,0,,
C23981,0,,
C23982,0,,
C23983,1,2026-07-26,Competitor
C23984,1,2025-05-19,Poor Service
C23985,0,,
C23986,0,,
C23987,0,,
C23988,0,,
C23989,0,,
C23990,0,,
C23991,0,,
C23992,0,,
C23993,0,,
C23994,1,2026-03-04,Price Too High
C23995,0,,
C23996,0,,
C23997,0,,
C23998,0,,
C23999,0,,
C24000,1,2024-12-15,Customer Support
C24001,1,2026-01-27,Poor Service
C24002,0,,
C24003,0,,
C24004,0,,
C24005,0,,
C24006,1,2026-05-09,Price Too High
C24007,0,,
C24008,0,,
C24009,1,2025-12-25,Customer Support
C24010,1,2026-06-07,Technical Issues
C24011,0,,
C24012,1,2025-10-10,Technical Issues
C24013,1,2026-08-05,Customer Support
C24014,1,2026-08-12,Poor Service
C24015,1,2026-07-13,Other
C24016,1,2026-05-18,Technical Issues
C24017,0,,
C24018,0,,
C24019,1,2026-07-19,No Longer Needed
C24020,1,2025-04-10,Poor Service
C24021,0,,
C24022,1,2026-07-29,Low Usage
C24023,0,,
C24024,0,,
C24025,0,,
C24026,0,,
C24027,0,,
C24028,0,,
C24029,1,2026-04-12,No Longer Needed
C24030,0,,
C24031,1,2024-10-21,Customer Support
C24032,0,,
C24033,0,,
C24034,1,2026-06-25,Poor Service
C24035,1,2025-06-24,Technical Issues
C24036,1,2025-12-01,Customer Support
C24037,1,2024-07-23,No Longer Needed
C24038,0,,
C24039,0,,
C24040,0,,
C24041,0,,
C24042,1,2025-12-08,Technical Issues
C24043,0,,
C24044,1,2025-01-29,No Longer Needed
C24045,1,2026-09-20,Poor Service
C24046,0,,
C24047,0,,
C24048,0,,
C24049,0,,
C24050,0,,
C24051,0,,
C24052,0,,
C24053,1,2026-03-29,No Longer Needed
C24054,0,,
C24055,0,,
C24056,1,2025-08-05,Competitor
C24057,0,,
C24058,1,2026-08-27,No Longer Needed
C24059,0,,
C24060,0,,
C24061,1,2025-07-07,Customer Support
C24062,1,2025-11-09,Other
C24063,0,,
C24064,1,2026-08-22,No Longer Needed
C24065,0,,
C24066,1,2026-08-01,No Longer Needed
C24067,1,2026-02-26,Poor Service
C24068,0,,
C24069,0,,
C24070,0,,
C24071,0,,
C24072,0,,
C24073,1,2026-04-12,No Longer Needed
C24074,1,2026-07-18,Competitor
C24075,1,2026-04-20,Other
C24076,0,,
C24077,0,,
C24078,1,2026-03-15,Low Usage
C24079,0,,
C24080,0,,
C24081,0,,
C24082,1,2024-08-28,Technical Issues
C24083,0,,
C24084,0,,
C24085,0,,
C24086,0,,
C24087,0,,
C24088,0,,
C24089,0,,
C24090,0,,
C24091,1,2025-03-17,Competitor
C24092,0,,
C24093,0,,
C24094,0,,
C24095,0,,
C24096,0,,
C24097,0,,
C24098,0,,
C24099,1,2026-06-09,Customer Support
C24100,0,,
C24101,0,,
C24102,0,,
C24103,1,2026-02-26,Technical Issues
C24104,0,,
C24105,1,2026-08-10,Competitor
C24106,0,,
C24107,0,,
C24108,0,,
C24109,0,,
C24110,0,,
C24111,0,,
C24112,0,,
C24113,0,,
C24114,0,,
C24115,0,,
C24116,0,,
C24117,1,2026-04-04,No Longer Needed
C24118,1,2024-10-29,Other
C24119,1,2026-08-16,Customer Support
C24120,0,,
C24121,0,,
C24122,0,,
C24123,1,2026-03-12,Competitor
C24124,0,,
C24125,1,2024-10-31,Poor Service
C24126,0,,
C24127,0,,
C24128,0,,
C24129,0,,
C24130,0,,
C24131,0,,
C24132,0,,
C24133,1,2025-06-15,Customer Support
C24134,0,,
C24135,0,,
C24136,0,,
C24137,0,,
C24138,0,,
C24139,0,,
C24140,0,,
C24141,0,,
C24142,0,,
C24143,0,,
C24144,0,,
C24145,0,,
C24146,0,,
C24147,0,,
C24148,0,,
C24149,0,,
C24150,0,,
C24151,0,,
C24152,0,,
C24153,1,2026-04-20,Poor Service
C24154,0,,
C24155,1,2026-07-28,Low Usage
C24156,0,,
C24157,0,,
C24158,1,2026-05-11,Poor Service
C24159,0,,
C24160,1,2025-04-08,Low Usage
C24161,0,,
C24162,1,2026-04-13,No Longer Needed
C24163,0,,
C24164,0,,
C24165,1,2025-12-07,No Longer Needed
C24166,0,,
C24167,1,2026-03-27,Customer Support
C24168,0,,
C24169,0,,
C24170,0,,
C24171,1,2026-06-13,No Longer Needed
C24172,0,,
C24173,1,2026-07-05,Price Too High
C24174,0,,
C24175,0,,
C24176,1,2025-08-18,Poor Service
C24177,0,,
C24178,1,2026-08-25,Competitor
C24179,0,,
C24180,1,2025-11-28,Customer Support
C24181,0,,
C24182,0,,
C24183,0,,
C24184,1,2026-05-15,Price Too High
C24185,1,2024-08-15,Customer Support
C24186,0,,
C24187,0,,
C24188,0,,
C24189,0,,
C24190,0,,
C24191,1,2024-12-31,Poor Service
C24192,1,2024-08-29,Low Usage
C24193,0,,
C24194,0,,
C24195,0,,
C24196,0,,
C24197,0,,
C24198,0,,
C24199,0,,
C24200,0,,
C24201,0,,
C24202,0,,
C24203,0,,
C24204,0,,
C24205,0,,
C24206,0,,
C24207,0,,
C24208,1,2026-07-23,Customer Support
C24209,0,,
C24210,0,,
C24211,1,2026-06-13,Poor Service
C24212,0,,
C24213,1,2026-09-18,Technical Issues
C24214,1,2026-05-14,Customer Support
C24215,0,,
C24216,0,,
C24217,1,2026-06-03,No Longer Needed
C24218,1,2024-10-04,Poor Service
C24219,0,,
C24220,0,,
C24221,1,2025-08-20,Other
C24222,0,,
C24223,0,,
C24224,0,,
C24225,1,2026-05-02,Customer Support
C24226,0,,
C24227,0,,
C24228,1,2026-08-06,Other
C24229,0,,
C24230,1,2026-06-20,Low Usage
C24231,1,2026-06-06,Low Usage
C24232,0,,
C24233,1,2026-07-09,Low Usage
C24234,0,,
C24235,0,,
C24236,0,,
C24237,0,,
C24238,0,,
C24239,1,2025-10-18,Customer Support
C24240,0,,
C24241,0,,
C24242,0,,
C24243,1,2026-07-02,Customer Support
C24244,0,,
C24245,1,2025-08-18,Low Usage
C24246,0,,
C24247,0,,
C24248,0,,
C24249,0,,
C24250,0,,
C24251,0,,
C24252,0,,
C24253,0,,
C24254,1,2026-08-21,Technical Issues
C24255,0,,
C24256,0,,
C24257,0,,
C24258,0,,
C24259,0,,
C24260,0,,
C24261,1,2024-10-15,Price Too High
C24262,0,,
C24263,0,,
C24264,0,,
C24265,0,,
C24266,0,,
C24267,0,,
C24268,1,2026-02-22,Poor Service
C24269,0,,
C24270,0,,
C24271,0,,
C24272,0,,
C24273,0,,
C24274,0,,
C24275,0,,
C24276,0,,
C24277,1,2026-08-03,Customer Support
C24278,0,,
C24279,0,,
C24280,0,,
C24281,0,,
C24282,0,,
C24283,0,,
C24284,1,2026-07-04,Low Usage
C24285,0,,
C24286,1,2025-12-10,Low Usage
C24287,1,2026-02-04,Technical Issues
C24288,1,2026-03-16,No Longer Needed
C24289,0,,
C24290,0,,
C24291,0,,
C24292,1,2026-07-28,Technical Issues
C24293,0,,
C24294,0,,
C24295,0,,
C24296,1,2026-06-15,Poor Service
C24297,1,2026-02-02,No Longer Needed
C24298,0,,
C24299,0,,
C24300,0,,
C24301,0,,
C24302,0,,
C24303,0,,
C24304,1,2025-06-20,Customer Support
C24305,0,,
C24306,0,,
C24307,0,,
C24308,1,2025-10-27,Price Too High
C24309,0,,
C24310,0,,
C24311,0,,
C24312,1,2026-07-11,Technical Issues
C24313,0,,
C24314,0,,
C24315,0,,
C24316,0,,
C24317,1,2026-04-18,No Longer Needed
C24318,0,,
C24319,0,,
C24320,0,,
C24321,0,,
C24322,0,,
C24323,0,,
C24324,0,,
C24325,0,,
C24326,0,,
C24327,1,2025-12-09,Other
C24328,0,,
C24329,1,2026-08-10,No Longer Needed
C24330,0,,
C24331,0,,
C24332,0,,
C24333,0,,
C24334,1,2026-05-25,Poor Service
C24335,0,,
C24336,0,,
C24337,0,,
C24338,0,,
C24339,1,2025-03-09,Other
C24340,0,,
C24341,1,2026-02-01,Competitor
C24342,1,2026-06-13,Poor Service
C24343,0,,
C24344,0,,
C24345,0,,
C24346,0,,
C24347,0,,
C24348,0,,
C24349,0,,
C24350,1,2025-07-22,Competitor
C24351,0,,
C24352,0,,
C24353,0,,
C24354,0,,
C24355,0,,
C24356,0,,
C24357,1,2026-02-14,Customer Support
C24358,0,,
C24359,1,2025-10-09,Customer Support
C24360,1,2025-12-27,Technical Issues
C24361,0,,
C24362,0,,
C24363,0,,
C24364,0,,
C24365,0,,
C24366,0,,
C24367,0,,
C24368,0,,
C24369,0,,
C24370,0,,
C24371,0,,
C24372,0,,
C24373,0,,
C24374,0,,
C24375,1,2024-08-08,Customer Support
C24376,1,2026-08-03,Technical Issues
C24377,0,,
C24378,0,,
C24379,0,,
C24380,0,,
C24381,0,,
C24382,0,,
C24383,1,2026-05-21,Poor Service
C24384,0,,
C24385,0,,
C24386,0,,
C24387,1,2026-08-29,Technical Issues
C24388,1,2025-06-29,No Longer Needed
C24389,0,,
C24390,0,,
C24391,0,,
C24392,1,2025-11-14,Customer Support
C24393,0,,
C24394,0,,
C24395,0,,
C24396,0,,
C24397,0,,
C24398,1,2025-08-06,Competitor
C24399,1,2026-08-01,Price Too High
C24400,0,,
C24401,0,,
C24402,1,2025-11-17,Other
C24403,0,,
C24404,0,,
C24405,0,,
C24406,0,,
C24407,1,2026-09-09,Customer Support
C24408,1,2025-09-06,Low Usage
C24409,0,,
C24410,0,,
C24411,0,,
C24412,1,2026-06-12,Technical Issues
C24413,0,,
C24414,0,,
C24415,0,,
C24416,0,,
C24417,0,,
C24418,0,,
C24419,1,2025-01-12,Customer Support
C24420,0,,
C24421,1,2024-07-15,Other
C24422,0,,
C24423,0,,
C24424,1,2025-10-03,Technical Issues
C24425,0,,
C24426,0,,
C24427,0,,
C24428,0,,
C24429,1,2026-08-13,Price Too High
C24430,0,,
C24431,1,2025-05-16,Price Too High
C24432,0,,
C24433,0,,
C24434,0,,
C24435,1,2024-08-30,Technical Issues
C24436,0,,
C24437,1,2026-06-02,Technical Issues
C24438,0,,
C24439,0,,
C24440,0,,
C24441,0,,
C24442,0,,
C24443,0,,
C24444,0,,
C24445,0,,
C24446,0,,
C24447,1,2026-01-13,Competitor
C24448,1,2025-12-02,Competitor
C24449,0,,
C24450,1,2026-09-09,Low Usage
C24451,0,,
C24452,0,,
C24453,0,,
C24454,0,,
C24455,0,,
C24456,0,,
C24457,0,,
C24458,1,2025-07-10,Customer Support
C24459,0,,
C24460,0,,
C24461,0,,
C24462,0,,
C24463,0,,
C24464,0,,
C24465,1,2026-08-20,Poor Service
C24466,1,2026-04-01,Other
C24467,0,,
C24468,0,,
C24469,1,2025-12-14,Competitor
C24470,0,,
C24471,0,,
C24472,0,,
C24473,0,,
C24474,0,,
C24475,1,2026-07-30,Poor Service
C24476,0,,
C24477,0,,
C24478,1,2026-08-23,Poor Service
C24479,1,2025-12-16,Poor Service
C24480,0,,
C24481,1,2025-06-06,Price Too High
C24482,0,,
C24483,0,,
C24484,0,,
C24485,0,,
C24486,1,2026-05-20,No Longer Needed
C24487,0,,
C24488,1,2024-12-01,No Longer Needed
C24489,1,2024-10-05,Price Too High
C24490,0,,
C24491,0,,
C24492,1,2026-06-30,Low Usage
C24493,1,2026-08-11,Competitor
C24494,0,,
C24495,1,2026-08-05,Customer Support
C24496,1,2026-06-21,Customer Support
C24497,0,,
C24498,0,,
C24499,0,,
C24500,0,,
C24501,0,,
C24502,0,,
C24503,0,,
C24504,1,2026-09-15,Poor Service
C24505,1,2025-02-25,Poor Service
C24506,0,,
C24507,0,,
C24508,0,,
C24509,0,,
C24510,0,,
C24511,1,2025-11-25,Competitor
C24512,0,,
C24513,1,2024-10-19,Technical Issues
C24514,0,,
C24515,0,,
C24516,0,,
C24517,0,,
C24518,0,,
C24519,0,,
C24520,0,,
C24521,0,,
C24522,0,,
C24523,0,,
C24524,0,,
C24525,1,2026-02-05,Customer Support
C24526,0,,
C24527,0,,
C24528,0,,
C24529,0,,
C24530,0,,
C24531,1,2025-08-04,No Longer Needed
C24532,0,,
C24533,1,2026-08-17,Price Too High
C24534,0,,
C24535,0,,
C24536,1,2026-05-10,Technical Issues
C24537,1,2025-12-30,Low Usage
C24538,0,,
C24539,0,,
C24540,1,2025-09-17,Customer Support
C24541,0,,
C24542,0,,
C24543,0,,
C24544,0,,
C24545,1,2026-01-10,Low Usage
C24546,0,,
C24547,0,,
C24548,0,,
C24549,0,,
C24550,0,,
C24551,0,,
C24552,1,2025-09-28,Customer Support
C24553,0,,
C24554,0,,
C24555,0,,
C24556,0,,
C24557,0,,
C24558,0,,
C24559,0,,
C24560,0,,
C24561,1,2025-12-28,Price Too High
C24562,0,,
C24563,0,,
C24564,0,,
C24565,1,2026-06-15,Customer Support
C24566,0,,
C24567,0,,
C24568,0,,
C24569,0,,
C24570,0,,
C24571,0,,
C24572,0,,
C24573,0,,
C24574,0,,
C24575,0,,
C24576,0,,
C24577,0,,
C24578,1,2026-07-11,No Longer Needed
C24579,0,,
C24580,1,2026-07-30,Competitor
C24581,0,,
C24582,0,,
C24583,1,2025-04-13,Poor Service
C24584,0,,
C24585,0,,
C24586,0,,
C24587,0,,
C24588,0,,
C24589,1,2026-03-11,No Longer Needed
C24590,1,2025-07-05,Poor Service
C24591,0,,
C24592,0,,
C24593,0,,
C24594,0,,
C24595,0,,
C24596,0,,
C24597,0,,
C24598,0,,
C24599,0,,
C24600,1,2026-05-04,Competitor
C24601,0,,
C24602,0,,
C24603,0,,
C24604,0,,
C24605,0,,
C24606,1,2025-08-27,Customer Support
C24607,1,2026-08-19,Technical Issues
C24608,0,,
C24609,0,,
C24610,1,2026-06-02,Other
C24611,0,,
C24612,1,2026-02-24,Competitor
C24613,0,,
C24614,0,,
C24615,1,2026-08-12,Technical Issues
C24616,0,,
C24617,1,2025-01-02,Technical Issues
C24618,0,,
C24619,0,,
C24620,0,,
C24621,0,,
C24622,0,,
C24623,0,,
C24624,0,,
C24625,0,,
C24626,0,,
C24627,0,,
C24628,0,,
C24629,0,,
C24630,0,,
C24631,0,,
C24632,0,,
C24633,0,,
C24634,0,,
C24635,0,,
C24636,0,,
C24637,0,,
C24638,0,,
C24639,0,,
C24640,0,,
C24641,0,,
C24642,0,,
C24643,1,2025-02-14,Other
C24644,0,,
C24645,1,2025-04-17,Competitor
C24646,1,2026-04-15,Customer Support
C24647,1,2026-08-13,Poor Service
C24648,0,,
C24649,0,,
C24650,0,,
C24651,0,,
C24652,0,,
C24653,0,,
C24654,1,2025-11-03,Competitor
C24655,1,2024-10-22,Poor Service
C24656,0,,
C24657,0,,
C24658,0,,
C24659,0,,
C24660,0,,
C24661,0,,
C24662,0,,
C24663,1,2026-04-10,Low Usage
C24664,0,,
C24665,1,2025-11-14,Poor Service
C24666,0,,
C24667,0,,
C24668,0,,
C24669,0,,
C24670,1,2024-06-29,Technical Issues
C24671,0,,
C24672,0,,
C24673,1,2026-02-11,Technical Issues
C24674,0,,
C24675,0,,
C24676,0,,
C24677,0,,
C24678,0,,
C24679,0,,
C24680,0,,
C24681,0,,
C24682,1,2026-08-08,Low Usage
C24683,1,2026-03-26,Technical Issues
C24684,0,,
C24685,1,2026-06-16,Price Too High
C24686,1,2026-07-11,Price Too High
C24687,1,2026-01-25,Technical Issues
C24688,0,,
C24689,0,,
C24690,0,,
C24691,0,,
C24692,1,2026-08-06,Competitor
C24693,0,,
C24694,0,,
C24695,0,,
C24696,0,,
C24697,0,,
C24698,0,,
C24699,0,,
C24700,0,,
C24701,1,2026-08-21,Technical Issues
C24702,0,,
C24703,0,,
C24704,1,2026-06-12,Technical Issues
C24705,0,,
C24706,1,2025-12-23,Poor Service
C24707,0,,
C24708,0,,
C24709,1,2026-06-10,Other
C24710,0,,
C24711,0,,
C24712,1,2024-12-14,Customer Support
C24713,0,,
C24714,1,2026-08-22,Price Too High
C24715,0,,
C24716,0,,
C24717,0,,
C24718,0,,
C24719,0,,
C24720,0,,
C24721,0,,
C24722,0,,
C24723,0,,
C24724,0,,
C24725,0,,
C24726,0,,
C24727,0,,
C24728,0,,
C24729,1,2026-07-19,Customer Support
C24730,1,2026-08-19,No Longer Needed
C24731,0,,
C24732,0,,
C24733,0,,
C24734,1,2026-02-26,Price Too High
C24735,0,,
C24736,0,,
C24737,1,2025-06-20,Technical Issues
C24738,0,,
C24739,1,2026-08-05,Technical Issues
C24740,0,,
C24741,0,,
C24742,0,,
C24743,0,,
C24744,0,,
C24745,0,,
C24746,0,,
C24747,0,,
C24748,1,2026-01-30,Poor Service
C24749,0,,
C24750,0,,
C24751,0,,
C24752,0,,
C24753,1,2026-04-30,Low Usage
C24754,0,,
C24755,1,2026-07-23,Low Usage
C24756,0,,
C24757,0,,
C24758,0,,
C24759,0,,
C24760,0,,
C24761,0,,
C24762,1,2025-02-16,Poor Service
C24763,1,2026-01-18,No Longer Needed
C24764,0,,
C24765,1,2026-02-19,Customer Support
C24766,0,,
C24767,1,2025-10-07,No Longer Needed
C24768,0,,
C24769,0,,
C24770,1,2025-03-12,Customer Support
C24771,0,,
C24772,0,,
C24773,0,,
C24774,0,,
C24775,0,,
C24776,0,,
C24777,0,,
C24778,1,2026-08-08,Customer Support
C24779,0,,
C24780,0,,
C24781,0,,
C24782,1,2026-06-14,No Longer Needed
C24783,0,,
C24784,0,,
C24785,1,2025-08-21,Competitor
C24786,0,,
C24787,1,2025-06-21,Competitor
C24788,0,,
C24789,0,,
C24790,1,2026-03-10,Customer Support
C24791,0,,
C24792,0,,
C24793,1,2025-12-07,Poor Service
C24794,0,,
C24795,0,,
C24796,0,,
C24797,0,,
C24798,0,,
C24799,0,,
C24800,0,,
C24801,0,,
C24802,0,,
C24803,0,,
C24804,0,,
C24805,0,,
C24806,1,2024-11-28,Customer Support
C24807,0,,
C24808,0,,
C24809,0,,
C24810,1,2026-06-29,Poor Service
C24811,0,,
C24812,0,,
C24813,0,,
C24814,0,,
C24815,1,2026-03-09,Technical Issues
C24816,0,,
C24817,0,,
C24818,0,,
C24819,0,,
C24820,1,2025-08-28,Poor Service
C24821,1,2026-07-18,No Longer Needed
C24822,1,2025-08-10,Low Usage
C24823,0,,
C24824,0,,
C24825,0,,
C24826,0,,
C24827,0,,
C24828,0,,
C24829,1,2025-02-08,Price Too High
C24830,0,,
C24831,0,,
C24832,0,,
C24833,1,2026-07-21,No Longer Needed
C24834,0,,
C24835,1,2026-08-02,Other
C24836,0,,
C24837,1,2024-04-11,Poor Service
C24838,0,,
C24839,1,2025-11-25,No Longer Needed
C24840,0,,
C24841,0,,
C24842,0,,
C24843,1,2026-07-23,Customer Support
C24844,0,,
C24845,0,,
C24846,0,,
C24847,1,2026-06-17,Poor Service
C24848,0,,
C24849,1,2026-09-03,Other
C24850,0,,
C24851,1,2025-04-04,Customer Support
C24852,1,2025-09-16,Low Usage
C24853,0,,
C24854,0,,
C24855,0,,
C24856,0,,
C24857,0,,
C24858,0,,
C24859,1,2026-09-05,Poor Service
C24860,0,,
C24861,0,,
C24862,0,,
C24863,0,,
C24864,1,2025-01-05,Other
C24865,1,2025-06-02,Low Usage
C24866,1,2026-02-04,Price Too High
C24867,1,2026-03-03,Poor Service
C24868,0,,
C24869,1,2026-05-06,Technical Issues
C24870,1,2026-05-17,No Longer Needed
C24871,1,2026-05-09,Poor Service
C24872,0,,
C24873,0,,
C24874,0,,
C24875,0,,
C24876,0,,
C24877,1,2025-11-20,Technical Issues
C24878,1,2025-12-06,Customer Support
C24879,0,,
C24880,0,,
C24881,1,2025-10-05,Customer Support
C24882,0,,
C24883,0,,
C24884,1,2025-09-20,Technical Issues
C24885,1,2026-08-30,Customer Support
C24886,0,,
C24887,0,,
C24888,0,,
C24889,0,,
C24890,1,2024-11-25,Poor Service
C24891,0,,
C24892,0,,
C24893,1,2026-05-25,Price Too High
C24894,0,,
C24895,0,,
C24896,0,,
C24897,0,,
C24898,0,,
C24899,1,2026-05-26,Low Usage
C24900,0,,
C24901,0,,
C24902,1,2023-11-13,Customer Support
C24903,1,2026-08-17,Low Usage
C24904,1,2026-04-07,Technical Issues
C24905,1,2025-08-06,Low Usage
C24906,1,2026-06-25,Technical Issues
C24907,0,,
C24908,0,,
C24909,0,,
C24910,0,,
C24911,0,,
C24912,0,,
C24913,0,,
C24914,1,2026-06-04,Technical Issues
C24915,0,,
C24916,0,,
C24917,0,,
C24918,1,2025-06-06,Customer Support
C24919,0,,
C24920,0,,
C24921,1,2026-06-07,Low Usage
C24922,0,,
C24923,0,,
C24924,0,,
C24925,0,,
C24926,0,,
C24927,0,,
C24928,0,,
C24929,0,,
C24930,0,,
C24931,1,2026-07-09,Customer Support
C24932,0,,
C24933,0,,
C24934,0,,
C24935,1,2026-01-09,Customer Support
C24936,0,,
C24937,0,,
C24938,1,2026-04-15,Price Too High
C24939,0,,
C24940,0,,
C24941,0,,
C24942,0,,
C24943,1,2026-03-25,Customer Support
C24944,0,,
C24945,1,2025-06-06,Low Usage
C24946,0,,
C24947,0,,
C24948,1,2026-06-25,Customer Support
C24949,1,2026-08-25,Customer Support
C24950,1,2025-08-10,No Longer Needed
C24951,0,,
C24952,1,2025-11-20,No Longer Needed
C24953,1,2025-08-28,Low Usage
C24954,1,2025-02-07,Competitor
C24955,0,,
C24956,0,,
C24957,0,,
C24958,0,,
C24959,0,,
C24960,0,,
C24961,0,,
C24962,0,,
C24963,1,2026-04-01,Poor Service
C24964,0,,
C24965,1,2026-09-12,Price Too High
C24966,0,,
C24967,0,,
C24968,1,2025-11-01,Customer Support
C24969,1,2025-06-26,Technical Issues
C24970,1,2026-05-18,Other
C24971,0,,
C24972,1,2026-06-17,Customer Support
C24973,0,,
C24974,0,,
C24975,1,2026-01-30,Other
C24976,0,,
C24977,0,,
C24978,0,,
C24979,1,2026-02-04,Customer Support
C24980,0,,
C24981,0,,
C24982,0,,
C24983,0,,
C24984,0,,
C24985,0,,
C24986,0,,
C24987,0,,
C24988,0,,
C24989,1,2026-07-06,Customer Support
C24990,0,,
C24991,1,2025-04-24,Customer Support
C24992,0,,
C24993,0,,
C24994,0,,
C24995,0,,
C24996,1,2026-02-14,Technical Issues
C24997,0,,
C24998,0,,
C24999,1,2026-01-05,Other
C25000,0,,
