customer_id,age,gender,city,signup_date,tenure_months
C10001,39,Male,Gurgaon,2026-01-05,7
C10002,33,Male,Ahmedabad,2026-07-01,1
C10003,41,Female,Ahmedabad,2025-02-04,18
C10004,50,Female,Gurgaon,2025-04-07,16
C10005,32,Female,Chennai,2025-05-21,15
C10006,32,Male,Gurgaon,2025-11-09,9
C10007,50,Male,Delhi,2026-01-24,7
C10008,42,Male,Noida,2026-02-24,5
C10009,30,Male,Mumbai,2024-04-09,28
C10010,40,Female,Pune,2026-06-17,2
C10011,30,Male,Gurgaon,2026-06-21,2
C10012,30,Male,Kolkata,2026-02-11,6
C10013,37,Male,Hyderabad,2025-05-31,14
C10014,18,Male,Chennai,2025-05-02,15
C10015,18,Female,Mumbai,2023-10-22,34
C10016,29,Male,Gurgaon,2026-06-28,1
C10017,24,Female,Gurgaon,2025-07-10,13
C10018,38,Female,Mumbai,2024-04-14,28
C10019,25,Male,Ahmedabad,2025-05-27,15
C10020,20,Male,Gurgaon,2024-02-14,30
C10021,49,Female,Noida,2025-01-29,19
C10022,32,Female,Kolkata,2026-08-08,0
C10023,35,Male,Delhi,2025-09-29,10
C10024,20,Male,Kolkata,2024-04-08,28
C10025,29,Male,Noida,2024-09-24,23
C10026,36,Male,Kolkata,2025-01-29,19
C10027,23,Male,Ahmedabad,2025-10-07,10
C10028,38,Male,Delhi,2025-06-07,14
C10029,28,Male,Kolkata,2024-10-01,23
C10030,32,Male,Pune,2026-01-24,7
C10031,28,Male,Noida,2026-02-13,6
C10032,53,Female,Noida,2024-07-04,25
C10033,34,Female,Hyderabad,2026-02-04,6
C10034,24,Female,Bangalore,2024-08-16,24
C10035,43,Male,Chennai,2024-09-16,23
C10036,22,Female,Bangalore,2025-02-26,18
C10037,37,Male,Chennai,2026-05-25,2
C10038,18,Female,Kolkata,2024-01-24,31
C10039,21,Male,Pune,2025-12-09,8
C10040,36,Male,Pune,2024-07-07,25
C10041,42,Female,Gurgaon,2026-03-13,5
C10042,36,Female,Bangalore,2024-12-29,20
C10043,33,Female,Kolkata,2024-08-11,24
C10044,31,Male,Hyderabad,2025-07-24,13
C10045,20,Male,Hyderabad,2026-04-01,4
C10046,27,Male,Mumbai,2026-05-20,3
C10047,30,Female,Gurgaon,2025-05-12,15
C10048,45,Female,Pune,2025-01-06,19
C10049,38,Female,Ahmedabad,2026-03-11,5
C10050,18,Male,Pune,2025-05-02,15
C10051,38,Female,Bangalore,2026-01-27,6
C10052,31,Male,Ahmedabad,2024-07-04,25
C10053,28,Male,Pune,2025-01-29,19
C10054,41,Male,Pune,2024-02-05,30
C10055,45,Male,Mumbai,2024-08-04,24
C10056,44,Male,Pune,2025-09-22,11
C10057,26,Male,Bangalore,2024-07-24,25
C10058,31,Male,Bangalore,2024-08-24,24
C10059,38,Male,Pune,2025-06-18,14
C10060,44,Male,Noida,2025-02-21,18
C10061,30,Male,Mumbai,2026-03-28,4
C10062,33,Male,Noida,2025-09-05,11
C10063,23,Female,Bangalore,2023-08-24,36
C10064,23,Female,Chennai,2025-04-07,16
C10065,43,Male,Delhi,2025-09-21,11
C10066,48,Other,Delhi,2024-01-18,31
C10067,34,Female,Kolkata,2024-07-05,25
C10068,45,Male,Noida,2025-02-15,18
C10069,38,Male,Bangalore,2025-05-29,15
C10070,28,Female,Hyderabad,2024-10-26,22
C10071,38,Female,Bangalore,2026-04-29,3
C10072,50,Female,Hyderabad,2025-05-09,15
C10073,34,Female,Chennai,2026-06-17,2
C10074,50,Male,Pune,2024-11-13,21
C10075,18,Male,Bangalore,2024-05-22,27
C10076,43,Male,Kolkata,2025-02-19,18
C10077,35,Male,Pune,2026-04-08,4
C10078,32,Male,Delhi,2025-06-15,14
C10079,35,Male,Noida,2024-11-15,21
C10080,18,Male,Bangalore,2025-06-12,14
C10081,32,Male,Mumbai,2023-11-03,34
C10082,38,Male,Bangalore,2024-06-02,27
C10083,49,Male,Chennai,2024-01-25,31
C10084,29,Male,Ahmedabad,2025-11-02,9
C10085,26,Male,Kolkata,2025-02-25,18
C10086,29,Female,Mumbai,2025-11-09,9
C10087,44,Female,Chennai,2025-04-03,16
C10088,38,Male,Pune,2025-03-01,17
C10089,29,Male,Noida,2024-03-27,29
C10090,40,Female,Chennai,2024-05-26,27
C10091,35,Male,Delhi,2024-08-10,24
C10092,44,Female,Delhi,2025-05-29,15
C10093,27,Male,Hyderabad,2025-11-11,9
C10094,31,Female,Noida,2023-10-13,34
C10095,31,Female,Delhi,2023-11-15,33
C10096,20,Female,Bangalore,2026-02-16,6
C10097,37,Male,Pune,2026-05-17,3
C10098,37,Female,Gurgaon,2026-01-09,7
C10099,35,Female,Delhi,2025-10-12,10
C10100,32,Female,Ahmedabad,2025-09-28,10
C10101,20,Male,Gurgaon,2024-04-09,28
C10102,30,Female,Gurgaon,2026-04-13,4
C10103,31,Male,Ahmedabad,2024-06-24,26
C10104,26,Male,Gurgaon,2024-07-01,26
C10105,33,Female,Bangalore,2024-01-06,31
C10106,39,Male,Chennai,2023-09-03,36
C10107,53,Female,Delhi,2025-03-25,17
C10108,36,Female,Mumbai,2026-07-29,0
C10109,37,Male,Delhi,2025-12-30,7
C10110,34,Female,Gurgaon,2025-02-21,18
C10111,18,Female,Pune,2024-09-24,23
C10112,34,Male,Ahmedabad,2026-01-05,7
C10113,35,Female,Pune,2024-12-28,20
C10114,59,Male,Mumbai,2024-03-14,29
C10115,33,Male,Bangalore,2025-10-02,10
C10116,38,Male,Gurgaon,2024-02-04,31
C10117,34,Male,Ahmedabad,2026-08-15,0
C10118,23,Male,Hyderabad,2025-02-28,18
C10119,46,Other,Hyderabad,2023-10-31,34
C10120,42,Female,Mumbai,2025-08-21,12
C10121,42,Male,Mumbai,2023-10-17,34
C10122,25,Male,Noida,2026-01-16,7
C10123,49,Female,Mumbai,2024-12-18,20
C10124,20,Male,Mumbai,2023-10-17,34
C10125,40,Male,Bangalore,2025-07-10,13
C10126,56,Male,Noida,2025-10-12,10
C10127,25,Male,Hyderabad,2024-07-17,25
C10128,29,Male,Hyderabad,2025-09-25,11
C10129,35,Female,Ahmedabad,2023-08-31,36
C10130,29,Female,Pune,2026-08-20,0
C10131,19,Male,Chennai,2024-10-27,22
C10132,35,Male,Gurgaon,2023-11-25,33
C10133,24,Male,Ahmedabad,2026-07-13,1
C10134,39,Female,Ahmedabad,2026-01-04,7
C10135,25,Female,Bangalore,2024-08-08,24
C10136,50,Female,Chennai,2024-11-30,21
C10137,27,Female,Ahmedabad,2025-04-18,16
C10138,31,Male,Delhi,2026-04-25,3
C10139,43,Other,Hyderabad,2025-04-15,16
C10140,22,Male,Mumbai,2026-03-13,5
C10141,37,Male,Mumbai,2026-02-27,5
C10142,48,Female,Kolkata,2023-11-30,33
C10143,18,Male,Bangalore,2026-04-02,4
C10144,36,Female,Noida,2023-08-27,36
C10145,37,Male,Gurgaon,2025-12-07,8
C10146,42,Female,Hyderabad,2025-12-02,8
C10147,22,Male,Delhi,2023-12-22,32
C10148,21,Male,Ahmedabad,2025-09-17,11
C10149,40,Female,Ahmedabad,2025-02-25,18
C10150,37,Female,Bangalore,2023-09-06,36
C10151,37,Female,Gurgaon,2024-04-07,28
C10152,38,Female,Pune,2025-06-14,14
C10153,28,Female,Delhi,2025-07-06,13
C10154,37,Female,Gurgaon,2024-11-21,21
C10155,37,Male,Pune,2024-05-26,27
C10156,27,Male,Gurgaon,2024-07-18,25
C10157,53,Male,Ahmedabad,2024-03-07,29
C10158,39,Female,Ahmedabad,2023-09-27,35
C10159,23,Male,Chennai,2024-02-09,30
C10160,41,Female,Kolkata,2025-12-17,8
C10161,25,Female,Kolkata,2025-04-01,16
C10162,42,Female,Bangalore,2025-05-18,15
C10163,46,Male,Pune,2026-04-12,4
C10164,26,Male,Ahmedabad,2024-09-28,23
C10165,44,Female,Kolkata,2026-07-09,1
C10166,39,Male,Chennai,2025-05-07,15
C10167,43,Male,Noida,2025-05-27,15
C10168,53,Male,Ahmedabad,2026-08-07,0
C10169,32,Male,Chennai,2026-03-29,4
C10170,27,Male,Mumbai,2026-04-23,4
C10171,26,Female,Gurgaon,2025-05-10,15
C10172,26,Male,Kolkata,2026-04-05,4
C10173,34,Female,Noida,2026-06-18,2
C10174,38,Male,Chennai,2024-10-14,22
C10175,37,Female,Pune,2026-03-29,4
C10176,43,Female,Delhi,2023-10-04,35
C10177,35,Male,Noida,2025-04-21,16
C10178,49,Male,Hyderabad,2025-01-28,19
C10179,32,Male,Mumbai,2023-12-01,33
C10180,62,Female,Ahmedabad,2025-06-09,14
C10181,41,Female,Ahmedabad,2025-11-24,9
C10182,26,Female,Mumbai,2023-12-27,32
C10183,24,Male,Ahmedabad,2025-04-11,16
C10184,39,Male,Delhi,2023-12-27,32
C10185,32,Male,Gurgaon,2024-05-10,27
C10186,42,Male,Ahmedabad,2025-07-28,13
C10187,39,Female,Mumbai,2026-02-09,6
C10188,34,Male,Ahmedabad,2026-02-04,6
C10189,26,Female,Noida,2024-03-22,29
C10190,19,Female,Mumbai,2024-08-26,24
C10191,30,Female,Noida,2024-04-06,28
C10192,43,Male,Delhi,2024-05-02,28
C10193,37,Female,Chennai,2024-01-08,31
C10194,22,Other,Hyderabad,2026-05-03,3
C10195,36,Female,Hyderabad,2026-02-01,6
C10196,38,Female,Mumbai,2026-04-19,4
C10197,26,Female,Delhi,2024-05-19,27
C10198,36,Female,Ahmedabad,2024-09-26,23
C10199,35,Male,Kolkata,2026-01-10,7
C10200,23,Female,Kolkata,2025-03-30,17
C10201,38,Female,Mumbai,2025-07-25,13
C10202,40,Other,Gurgaon,2025-07-28,13
C10203,45,Female,Gurgaon,2024-02-15,30
C10204,45,Male,Mumbai,2025-11-07,9
C10205,21,Female,Noida,2024-04-09,28
C10206,25,Female,Gurgaon,2025-08-11,12
C10207,40,Male,Gurgaon,2025-01-28,19
C10208,40,Male,Gurgaon,2024-01-17,31
C10209,40,Female,Pune,2025-03-28,17
C10210,70,Male,Ahmedabad,2026-03-20,5
C10211,40,Male,Kolkata,2024-02-26,30
C10212,46,Male,Gurgaon,2026-02-02,6
C10213,44,Female,Bangalore,2026-05-10,3
C10214,41,Male,Delhi,2026-07-22,1
C10215,31,Male,Mumbai,2026-02-11,6
C10216,42,Female,Gurgaon,2025-04-24,16
C10217,27,Female,Noida,2025-09-15,11
C10218,32,Other,Delhi,2024-05-11,27
C10219,30,Male,Hyderabad,2023-12-01,33
C10220,35,Female,Hyderabad,2023-12-10,32
C10221,58,Male,Ahmedabad,2025-06-10,14
C10222,18,Female,Bangalore,2024-05-22,27
C10223,41,Female,Ahmedabad,2026-04-23,4
C10224,18,Male,Noida,2025-09-18,11
C10225,30,Male,Ahmedabad,2024-07-06,25
C10226,45,Male,Bangalore,2026-08-17,0
C10227,35,Female,Delhi,2024-06-13,26
C10228,24,Male,Mumbai,2025-02-24,18
C10229,27,Female,Gurgaon,2024-02-02,31
C10230,41,Male,Gurgaon,2025-01-14,19
C10231,27,Male,Mumbai,2024-04-07,28
C10232,37,Other,Ahmedabad,2023-11-29,33
C10233,35,Female,Hyderabad,2025-10-08,10
C10234,28,Female,Hyderabad,2025-07-29,12
C10235,56,Male,Bangalore,2024-12-22,20
C10236,41,Male,Delhi,2025-06-02,14
C10237,18,Male,Ahmedabad,2026-04-24,4
C10238,36,Male,Noida,2026-04-19,4
C10239,28,Male,Gurgaon,2024-11-17,21
C10240,43,Female,Noida,2026-04-26,3
C10241,27,Male,Pune,2026-05-11,3
C10242,33,Male,Chennai,2023-12-19,32
C10243,40,Male,Bangalore,2023-10-27,34
C10244,43,Female,Bangalore,2023-08-30,36
C10245,22,Female,Kolkata,2025-10-03,10
C10246,31,Male,Delhi,2026-04-27,3
C10247,30,Female,Kolkata,2023-10-16,34
C10248,28,Male,Kolkata,2026-03-10,5
C10249,52,Female,Bangalore,2025-08-06,12
C10250,39,Female,Delhi,2026-04-03,4
C10251,22,Female,Noida,2026-04-04,4
C10252,44,Male,Gurgaon,2025-04-27,16
C10253,56,Female,Chennai,2024-05-17,27
C10254,45,Female,Noida,2025-12-19,8
C10255,19,Other,Bangalore,2025-04-04,16
C10256,30,Other,Pune,2026-06-01,2
C10257,47,Female,Ahmedabad,2026-03-07,5
C10258,27,Male,Bangalore,2024-04-15,28
C10259,39,Female,Pune,2023-09-16,35
C10260,42,Female,Mumbai,2024-11-12,21
C10261,25,Female,Gurgaon,2025-03-05,17
C10262,34,Male,Mumbai,2025-06-29,13
C10263,18,Male,Bangalore,2024-11-16,21
C10264,24,Male,Pune,2025-04-20,16
C10265,32,Male,Noida,2025-02-24,18
C10266,22,Male,Bangalore,2024-06-02,27
C10267,51,Female,Ahmedabad,2025-11-26,8
C10268,20,Male,Hyderabad,2024-12-15,20
C10269,30,Male,Gurgaon,2024-01-28,31
C10270,36,Male,Gurgaon,2024-11-12,21
C10271,49,Male,Ahmedabad,2026-03-26,4
C10272,20,Other,Ahmedabad,2026-08-02,0
C10273,46,Male,Pune,2024-01-26,31
C10274,35,Male,Chennai,2026-01-29,6
C10275,25,Female,Gurgaon,2026-03-24,5
C10276,39,Female,Kolkata,2025-06-11,14
C10277,36,Male,Noida,2023-10-20,34
C10278,28,Female,Noida,2025-02-24,18
C10279,35,Female,Noida,2025-11-23,9
C10280,31,Female,Mumbai,2024-09-06,23
C10281,36,Male,Bangalore,2026-04-03,4
C10282,41,Other,Pune,2025-04-08,16
C10283,50,Male,Delhi,2024-07-26,25
C10284,22,Male,Gurgaon,2025-01-15,19
C10285,56,Male,Pune,2025-10-02,10
C10286,18,Male,Noida,2024-03-07,29
C10287,33,Female,Kolkata,2024-12-10,20
C10288,40,Female,Delhi,2023-09-03,36
C10289,37,Male,Bangalore,2026-08-05,0
C10290,28,Male,Bangalore,2024-12-16,20
C10291,32,Male,Hyderabad,2026-01-21,7
C10292,30,Female,Gurgaon,2025-11-19,9
C10293,29,Female,Gurgaon,2025-02-26,18
C10294,43,Female,Delhi,2025-12-28,7
C10295,38,Female,Ahmedabad,2026-01-14,7
C10296,28,Female,Gurgaon,2025-10-07,10
C10297,43,Female,Delhi,2025-02-10,18
C10298,38,Male,Pune,2025-01-21,19
C10299,43,Female,Bangalore,2025-06-16,14
C10300,41,Female,Ahmedabad,2024-09-18,23
C10301,26,Female,Pune,2025-07-01,13
C10302,29,Other,Bangalore,2025-02-27,18
C10303,42,Female,Pune,2023-10-21,34
C10304,41,Female,Gurgaon,2023-11-25,33
C10305,34,Female,Noida,2025-03-25,17
C10306,36,Male,Hyderabad,2026-05-09,3
C10307,47,Male,Ahmedabad,2026-02-13,6
C10308,29,Female,Mumbai,2024-04-06,28
C10309,40,Male,Delhi,2025-02-01,18
C10310,32,Female,Delhi,2026-05-23,3
C10311,32,Female,Delhi,2026-08-14,0
C10312,45,Female,Noida,2024-10-07,22
C10313,43,Other,Pune,2025-11-27,8
C10314,43,Male,Gurgaon,2025-03-03,17
C10315,48,Female,Ahmedabad,2025-09-25,11
C10316,35,Female,Pune,2024-02-29,30
C10317,41,Male,Noida,2024-03-29,29
C10318,31,Male,Bangalore,2026-08-02,0
C10319,38,Female,Bangalore,2026-01-04,7
C10320,33,Female,Mumbai,2026-03-20,5
C10321,35,Female,Kolkata,2025-10-20,10
C10322,40,Female,Chennai,2026-06-09,2
C10323,26,Male,Mumbai,2024-07-26,25
C10324,55,Male,Gurgaon,2025-10-22,10
C10325,24,Male,Chennai,2024-03-24,29
C10326,22,Female,Delhi,2025-12-03,8
C10327,46,Male,Delhi,2026-05-28,2
C10328,42,Other,Kolkata,2024-11-28,21
C10329,41,Other,Hyderabad,2024-08-05,24
C10330,41,Other,Mumbai,2026-06-01,2
C10331,34,Male,Ahmedabad,2024-08-19,24
C10332,26,Female,Ahmedabad,2025-06-17,14
C10333,35,Male,Delhi,2025-03-28,17
C10334,28,Male,Bangalore,2026-01-23,7
C10335,44,Male,Gurgaon,2024-08-27,24
C10336,33,Female,Pune,2024-05-11,27
C10337,26,Male,Ahmedabad,2025-10-09,10
C10338,31,Female,Bangalore,2025-04-24,16
C10339,39,Male,Pune,2025-09-23,11
C10340,29,Male,Chennai,2025-08-24,12
C10341,26,Male,Noida,2024-04-29,28
C10342,37,Female,Pune,2026-07-02,1
C10343,37,Female,Gurgaon,2025-08-19,12
C10344,29,Female,Ahmedabad,2024-10-10,22
C10345,30,Female,Noida,2024-04-30,28
C10346,37,Female,Kolkata,2025-03-31,16
C10347,20,Male,Pune,2025-02-21,18
C10348,20,Female,Noida,2025-09-29,10
C10349,27,Female,Noida,2026-01-12,7
C10350,32,Male,Delhi,2024-06-29,26
C10351,38,Female,Hyderabad,2026-06-03,2
C10352,49,Female,Pune,2024-01-01,32
C10353,43,Female,Hyderabad,2025-05-23,15
C10354,33,Female,Ahmedabad,2025-07-09,13
C10355,34,Male,Bangalore,2024-01-22,31
C10356,24,Female,Bangalore,2024-09-04,23
C10357,34,Male,Ahmedabad,2024-12-04,20
C10358,32,Female,Pune,2025-05-12,15
C10359,38,Female,Chennai,2025-05-22,15
C10360,26,Other,Gurgaon,2026-07-04,1
C10361,40,Male,Hyderabad,2025-07-22,13
C10362,50,Male,Pune,2024-05-27,27
C10363,33,Male,Mumbai,2024-10-18,22
C10364,39,Male,Delhi,2025-01-28,19
C10365,41,Female,Hyderabad,2026-04-01,4
C10366,30,Female,Pune,2025-01-27,19
C10367,37,Female,Noida,2024-09-01,24
C10368,35,Female,Chennai,2023-10-13,34
C10369,35,Male,Delhi,2024-05-25,27
C10370,27,Male,Ahmedabad,2024-10-12,22
C10371,35,Male,Hyderabad,2026-06-26,1
C10372,39,Female,Chennai,2025-12-28,7
C10373,49,Female,Bangalore,2025-03-05,17
C10374,44,Female,Noida,2025-08-21,12
C10375,56,Male,Mumbai,2025-02-24,18
C10376,27,Male,Delhi,2026-06-04,2
C10377,43,Female,Ahmedabad,2026-01-11,7
C10378,36,Male,Ahmedabad,2024-03-15,29
C10379,56,Female,Noida,2024-09-13,23
C10380,26,Male,Chennai,2024-11-17,21
C10381,26,Male,Ahmedabad,2024-03-11,29
C10382,29,Female,Delhi,2023-10-09,34
C10383,18,Male,Gurgaon,2025-12-28,7
C10384,29,Female,Ahmedabad,2024-06-24,26
C10385,27,Female,Bangalore,2025-07-28,13
C10386,36,Female,Chennai,2025-03-18,17
C10387,38,Female,Pune,2026-05-23,3
C10388,53,Female,Noida,2024-03-11,29
C10389,44,Male,Bangalore,2026-08-18,0
C10390,29,Female,Hyderabad,2023-09-22,35
C10391,26,Female,Ahmedabad,2025-07-14,13
C10392,39,Male,Mumbai,2024-08-06,24
C10393,21,Female,Bangalore,2024-03-21,29
C10394,53,Female,Gurgaon,2026-03-31,4
C10395,46,Female,Hyderabad,2024-10-14,22
C10396,30,Female,Delhi,2024-11-17,21
C10397,18,Male,Hyderabad,2025-12-09,8
C10398,48,Male,Gurgaon,2024-12-14,20
C10399,33,Male,Kolkata,2023-10-18,34
C10400,47,Male,Noida,2024-11-26,21
C10401,19,Female,Kolkata,2024-05-07,27
C10402,29,Female,Kolkata,2024-10-22,22
C10403,35,Male,Mumbai,2024-05-19,27
C10404,35,Female,Ahmedabad,2024-12-24,20
C10405,30,Other,Mumbai,2025-12-04,8
C10406,41,Female,Hyderabad,2025-07-25,13
C10407,24,Female,Pune,2024-04-12,28
C10408,33,Female,Hyderabad,2024-07-06,25
C10409,36,Male,Noida,2025-08-30,11
C10410,40,Male,Ahmedabad,2024-12-13,20
C10411,42,Female,Chennai,2024-05-12,27
C10412,23,Male,Pune,2026-08-21,0
C10413,19,Female,Ahmedabad,2024-12-07,20
C10414,47,Female,Chennai,2025-01-11,19
C10415,38,Female,Kolkata,2025-06-17,14
C10416,27,Male,Delhi,2024-03-24,29
C10417,50,Male,Ahmedabad,2024-10-31,22
C10418,36,Male,Chennai,2024-01-12,31
C10419,46,Male,Gurgaon,2024-02-29,30
C10420,35,Male,Pune,2024-02-28,30
C10421,55,Female,Mumbai,2025-06-10,14
C10422,52,Male,Ahmedabad,2023-10-10,34
C10423,32,Male,Pune,2023-12-26,32
C10424,44,Male,Noida,2025-09-08,11
C10425,41,Female,Delhi,2026-03-01,5
C10426,48,Male,Bangalore,2025-01-17,19
C10427,25,Male,Gurgaon,2023-10-01,35
C10428,41,Female,Noida,2024-10-04,22
C10429,45,Male,Mumbai,2026-02-11,6
C10430,18,Female,Chennai,2025-04-27,16
C10431,23,Female,Noida,2024-11-24,21
C10432,18,Female,Ahmedabad,2025-05-18,15
C10433,32,Female,Gurgaon,2025-07-10,13
C10434,42,Male,Pune,2025-10-24,10
C10435,50,Male,Ahmedabad,2026-07-02,1
C10436,35,Male,Gurgaon,2026-05-19,3
C10437,51,Male,Chennai,2025-04-07,16
C10438,21,Male,Kolkata,2023-12-22,32
C10439,18,Male,Kolkata,2026-03-25,5
C10440,34,Female,Bangalore,2024-02-01,31
C10441,38,Female,Mumbai,2024-04-25,28
C10442,34,Male,Hyderabad,2025-07-19,13
C10443,18,Male,Delhi,2024-06-26,26
C10444,34,Male,Noida,2023-11-13,33
C10445,21,Male,Chennai,2024-05-25,27
C10446,41,Female,Kolkata,2025-04-09,16
C10447,38,Male,Chennai,2025-10-23,10
C10448,25,Male,Pune,2026-08-10,0
C10449,29,Female,Pune,2026-01-15,7
C10450,24,Female,Chennai,2024-04-03,29
C10451,34,Male,Chennai,2025-05-30,14
C10452,44,Female,Mumbai,2025-08-26,12
C10453,25,Male,Mumbai,2023-09-26,35
C10454,40,Male,Chennai,2024-01-13,31
C10455,29,Male,Pune,2026-05-11,3
C10456,27,Male,Mumbai,2025-03-29,17
C10457,33,Female,Delhi,2025-12-16,8
C10458,24,Female,Noida,2024-01-30,31
C10459,29,Male,Kolkata,2025-11-21,9
C10460,23,Male,Mumbai,2024-01-13,31
C10461,54,Male,Mumbai,2023-08-30,36
C10462,35,Female,Bangalore,2024-11-10,21
C10463,28,Male,Gurgaon,2024-02-27,30
C10464,37,Male,Noida,2023-10-23,34
C10465,33,Female,Hyderabad,2024-03-31,29
C10466,32,Male,Bangalore,2024-02-20,30
C10467,41,Male,Kolkata,2025-09-30,10
C10468,42,Male,Hyderabad,2023-12-23,32
C10469,29,Male,Kolkata,2024-02-12,30
C10470,29,Male,Ahmedabad,2025-03-09,17
C10471,32,Male,Mumbai,2025-04-02,16
C10472,18,Female,Kolkata,2025-01-31,18
C10473,19,Female,Pune,2023-09-19,35
C10474,48,Female,Ahmedabad,2023-12-03,33
C10475,51,Female,Gurgaon,2025-04-19,16
C10476,32,Male,Bangalore,2025-02-05,18
C10477,40,Female,Noida,2024-03-04,30
C10478,38,Male,Ahmedabad,2026-03-16,5
C10479,65,Male,Chennai,2025-01-13,19
C10480,46,Male,Chennai,2025-04-28,16
C10481,33,Male,Hyderabad,2025-02-11,18
C10482,25,Female,Noida,2024-10-03,22
C10483,18,Male,Bangalore,2024-11-05,21
C10484,37,Male,Delhi,2026-03-09,5
C10485,27,Male,Chennai,2025-11-11,9
C10486,20,Male,Noida,2025-10-17,10
C10487,28,Male,Hyderabad,2025-05-05,15
C10488,24,Male,Ahmedabad,2024-06-28,26
C10489,51,Male,Mumbai,2025-10-13,10
C10490,43,Female,Kolkata,2025-06-09,14
C10491,34,Male,Noida,2026-04-12,4
C10492,49,Male,Ahmedabad,2024-04-24,28
C10493,35,Female,Kolkata,2024-05-09,27
C10494,26,Other,Noida,2024-10-13,22
C10495,50,Male,Delhi,2024-01-10,31
C10496,40,Male,Bangalore,2024-04-22,28
C10497,24,Female,Bangalore,2026-04-16,4
C10498,33,Male,Noida,2025-06-24,14
C10499,26,Male,Bangalore,2024-04-13,28
C10500,21,Male,Ahmedabad,2024-06-15,26
C10501,44,Female,Delhi,2026-07-12,1
C10502,54,Other,Bangalore,2024-07-03,26
C10503,21,Female,Mumbai,2023-12-19,32
C10504,40,Male,Noida,2026-08-09,0
C10505,28,Male,Delhi,2024-08-31,24
C10506,30,Male,Mumbai,2024-12-18,20
C10507,29,Female,Delhi,2024-06-14,26
C10508,26,Female,Noida,2024-04-15,28
C10509,35,Male,Chennai,2025-05-27,15
C10510,26,Female,Delhi,2023-11-26,33
C10511,37,Male,Ahmedabad,2025-05-29,15
C10512,34,Male,Hyderabad,2025-02-09,18
C10513,32,Female,Pune,2024-03-12,29
C10514,25,Male,Ahmedabad,2023-12-01,33
C10515,29,Male,Pune,2026-06-23,2
C10516,42,Male,Gurgaon,2024-06-16,26
C10517,40,Female,Bangalore,2024-10-02,22
C10518,25,Female,Kolkata,2024-05-15,27
C10519,35,Female,Chennai,2025-09-17,11
C10520,42,Female,Pune,2024-01-07,31
C10521,18,Female,Noida,2025-12-03,8
C10522,40,Male,Chennai,2023-08-24,36
C10523,28,Other,Ahmedabad,2026-06-27,1
C10524,40,Female,Mumbai,2024-06-06,26
C10525,27,Female,Chennai,2026-06-27,1
C10526,18,Female,Chennai,2026-03-03,5
C10527,18,Female,Gurgaon,2024-03-27,29
C10528,35,Male,Kolkata,2025-11-17,9
C10529,37,Male,Gurgaon,2024-01-19,31
C10530,25,Female,Chennai,2025-08-14,12
C10531,41,Female,Gurgaon,2026-05-11,3
C10532,18,Female,Kolkata,2025-03-07,17
C10533,34,Male,Bangalore,2024-07-06,25
C10534,22,Male,Mumbai,2024-10-20,22
C10535,28,Female,Ahmedabad,2025-06-14,14
C10536,35,Female,Hyderabad,2024-02-02,31
C10537,26,Female,Chennai,2024-10-21,22
C10538,31,Male,Chennai,2024-09-29,23
C10539,45,Female,Hyderabad,2024-07-06,25
C10540,29,Female,Kolkata,2025-01-29,19
C10541,43,Female,Hyderabad,2024-04-10,28
C10542,23,Male,Hyderabad,2025-03-23,17
C10543,40,Male,Bangalore,2026-03-07,5
C10544,49,Female,Mumbai,2024-01-01,32
C10545,18,Male,Chennai,2026-07-13,1
C10546,27,Male,Hyderabad,2026-05-07,3
C10547,40,Male,Delhi,2024-09-04,23
C10548,32,Female,Mumbai,2025-05-19,15
C10549,38,Male,Mumbai,2026-04-03,4
C10550,28,Male,Delhi,2026-05-31,2
C10551,35,Female,Bangalore,2026-06-19,2
C10552,33,Female,Pune,2025-04-02,16
C10553,46,Male,Gurgaon,2025-07-09,13
C10554,37,Male,Mumbai,2026-07-11,1
C10555,38,Other,Kolkata,2025-10-13,10
C10556,30,Male,Noida,2025-04-20,16
C10557,30,Female,Kolkata,2025-12-06,8
C10558,30,Male,Chennai,2023-12-26,32
C10559,38,Female,Ahmedabad,2025-12-30,7
C10560,30,Female,Mumbai,2025-06-01,14
C10561,37,Female,Hyderabad,2024-01-12,31
C10562,55,Male,Gurgaon,2025-03-15,17
C10563,43,Female,Pune,2024-07-27,25
C10564,31,Male,Noida,2025-09-12,11
C10565,47,Female,Noida,2025-12-30,7
C10566,30,Male,Gurgaon,2025-09-20,11
C10567,18,Female,Kolkata,2024-11-22,21
C10568,24,Male,Pune,2026-01-12,7
C10569,18,Female,Noida,2026-06-30,1
C10570,31,Male,Mumbai,2024-11-21,21
C10571,35,Male,Gurgaon,2024-07-14,25
C10572,51,Male,Bangalore,2024-05-31,27
C10573,38,Male,Chennai,2025-07-11,13
C10574,32,Male,Mumbai,2026-03-19,5
C10575,43,Male,Bangalore,2025-04-11,16
C10576,18,Female,Noida,2026-01-25,6
C10577,37,Male,Kolkata,2024-12-12,20
C10578,42,Female,Mumbai,2025-12-17,8
C10579,20,Male,Hyderabad,2026-05-29,2
C10580,46,Female,Bangalore,2024-09-09,23
C10581,38,Male,Hyderabad,2023-08-26,36
C10582,30,Female,Pune,2024-03-27,29
C10583,41,Female,Ahmedabad,2024-07-24,25
C10584,57,Male,Gurgaon,2026-04-02,4
C10585,36,Female,Chennai,2023-10-20,34
C10586,37,Male,Ahmedabad,2024-09-22,23
C10587,30,Female,Chennai,2026-07-27,0
C10588,26,Male,Gurgaon,2024-04-13,28
C10589,43,Male,Bangalore,2023-11-22,33
C10590,26,Male,Gurgaon,2026-01-17,7
C10591,35,Female,Mumbai,2024-03-17,29
C10592,30,Male,Gurgaon,2024-08-10,24
C10593,39,Female,Gurgaon,2024-01-23,31
C10594,38,Male,Pune,2025-10-12,10
C10595,45,Male,Delhi,2024-03-13,29
C10596,29,Female,Mumbai,2025-08-26,12
C10597,32,Female,Kolkata,2023-09-18,35
C10598,25,Female,Kolkata,2025-02-14,18
C10599,30,Female,Kolkata,2023-12-05,33
C10600,38,Female,Pune,2024-01-12,31
C10601,42,Female,Kolkata,2024-03-12,29
C10602,25,Male,Noida,2025-02-18,18
C10603,43,Male,Gurgaon,2024-10-30,22
C10604,48,Male,Gurgaon,2025-04-06,16
C10605,39,Male,Chennai,2026-02-25,5
C10606,53,Male,Pune,2025-01-27,19
C10607,27,Other,Ahmedabad,2024-02-10,30
C10608,22,Male,Delhi,2025-04-09,16
C10609,18,Female,Kolkata,2024-01-13,31
C10610,49,Female,Gurgaon,2024-07-06,25
C10611,41,Male,Kolkata,2024-10-02,22
C10612,34,Male,Mumbai,2026-06-24,1
C10613,37,Female,Gurgaon,2023-11-13,33
C10614,23,Female,Mumbai,2024-10-25,22
C10615,59,Other,Pune,2025-08-14,12
C10616,36,Male,Ahmedabad,2023-11-27,33
C10617,36,Female,Ahmedabad,2025-06-13,14
C10618,42,Male,Kolkata,2024-08-25,24
C10619,39,Female,Chennai,2025-03-10,17
C10620,37,Female,Pune,2024-09-23,23
C10621,27,Male,Chennai,2025-01-26,19
C10622,39,Male,Pune,2025-02-02,18
C10623,53,Male,Chennai,2026-08-01,0
C10624,48,Male,Gurgaon,2023-09-28,35
C10625,50,Female,Gurgaon,2025-07-26,13
C10626,29,Male,Ahmedabad,2026-02-27,5
C10627,25,Female,Gurgaon,2025-04-14,16
C10628,33,Male,Kolkata,2024-05-11,27
C10629,35,Female,Delhi,2023-11-25,33
C10630,45,Female,Ahmedabad,2025-04-16,16
C10631,18,Female,Pune,2023-12-20,32
C10632,50,Female,Ahmedabad,2023-11-20,33
C10633,33,Male,Mumbai,2024-02-16,30
C10634,30,Female,Ahmedabad,2026-07-17,1
C10635,24,Male,Gurgaon,2026-02-12,6
C10636,18,Male,Pune,2024-12-27,20
C10637,43,Male,Kolkata,2025-05-25,15
C10638,35,Female,Mumbai,2024-05-15,27
C10639,22,Female,Mumbai,2025-04-10,16
C10640,22,Female,Mumbai,2024-12-02,20
C10641,31,Male,Kolkata,2024-07-27,25
C10642,51,Male,Bangalore,2023-12-26,32
C10643,32,Female,Pune,2023-08-30,36
C10644,19,Male,Mumbai,2024-09-16,23
C10645,32,Male,Hyderabad,2024-04-02,29
C10646,32,Female,Ahmedabad,2024-10-13,22
C10647,18,Male,Hyderabad,2024-08-31,24
C10648,34,Male,Mumbai,2024-02-04,31
C10649,32,Male,Gurgaon,2025-02-13,18
C10650,41,Male,Mumbai,2024-12-02,20
C10651,53,Male,Ahmedabad,2025-03-25,17
C10652,46,Female,Gurgaon,2025-05-06,15
C10653,32,Female,Chennai,2025-12-17,8
C10654,23,Male,Pune,2025-07-23,13
C10655,60,Female,Ahmedabad,2024-11-13,21
C10656,35,Female,Gurgaon,2025-12-20,8
C10657,35,Male,Ahmedabad,2025-08-07,12
C10658,34,Female,Ahmedabad,2025-07-25,13
C10659,36,Female,Bangalore,2025-06-04,14
C10660,33,Male,Hyderabad,2023-12-04,33
C10661,29,Male,Mumbai,2025-02-01,18
C10662,29,Male,Gurgaon,2023-09-12,35
C10663,34,Female,Kolkata,2025-01-19,19
C10664,29,Male,Mumbai,2026-01-28,6
C10665,27,Female,Noida,2025-07-20,13
C10666,36,Female,Mumbai,2024-12-23,20
C10667,32,Male,Kolkata,2025-05-13,15
C10668,50,Female,Kolkata,2024-08-12,24
C10669,18,Female,Chennai,2025-08-19,12
C10670,45,Male,Ahmedabad,2024-12-10,20
C10671,47,Female,Hyderabad,2026-07-24,0
C10672,18,Male,Delhi,2023-08-24,36
C10673,31,Male,Mumbai,2025-12-05,8
C10674,31,Male,Chennai,2025-02-06,18
C10675,20,Female,Gurgaon,2026-05-20,3
C10676,27,Female,Noida,2026-05-02,3
C10677,23,Male,Bangalore,2024-12-31,19
C10678,52,Male,Gurgaon,2025-12-06,8
C10679,44,Male,Bangalore,2023-11-20,33
C10680,47,Female,Chennai,2026-01-23,7
C10681,42,Female,Mumbai,2026-07-27,0
C10682,23,Female,Ahmedabad,2025-01-16,19
C10683,29,Female,Mumbai,2024-01-03,32
C10684,39,Female,Mumbai,2023-12-15,32
C10685,22,Male,Gurgaon,2024-03-02,30
C10686,42,Male,Kolkata,2024-09-23,23
C10687,32,Female,Kolkata,2025-08-09,12
C10688,31,Female,Kolkata,2026-05-08,3
C10689,42,Male,Kolkata,2025-03-22,17
C10690,39,Female,Chennai,2023-12-17,32
C10691,31,Female,Hyderabad,2025-12-31,7
C10692,46,Male,Chennai,2026-04-10,4
C10693,24,Female,Pune,2024-05-23,27
C10694,41,Female,Kolkata,2023-11-18,33
C10695,40,Male,Mumbai,2026-03-23,5
C10696,31,Male,Pune,2026-05-04,3
C10697,38,Male,Chennai,2025-10-15,10
C10698,22,Male,Noida,2025-10-20,10
C10699,44,Female,Ahmedabad,2024-12-07,20
C10700,33,Male,Delhi,2026-02-28,5
C10701,29,Male,Noida,2025-03-31,16
C10702,45,Male,Bangalore,2025-12-22,8
C10703,27,Male,Delhi,2024-04-21,28
C10704,20,Male,Chennai,2025-05-16,15
C10705,19,Female,Bangalore,2023-09-16,35
C10706,41,Male,Kolkata,2024-07-03,26
C10707,22,Female,Mumbai,2024-02-11,30
C10708,52,Female,Gurgaon,2024-02-27,30
C10709,18,Male,Mumbai,2024-12-21,20
C10710,51,Female,Gurgaon,2024-03-26,29
C10711,37,Female,Delhi,2024-12-04,20
C10712,34,Male,Ahmedabad,2026-04-20,4
C10713,29,Male,Pune,2026-01-30,6
C10714,38,Female,Bangalore,2025-06-22,14
C10715,34,Female,Noida,2025-06-15,14
C10716,46,Male,Gurgaon,2025-02-26,18
C10717,36,Male,Hyderabad,2026-03-08,5
C10718,36,Male,Noida,2025-10-04,10
C10719,31,Male,Mumbai,2025-04-17,16
C10720,34,Female,Chennai,2025-08-31,11
C10721,38,Male,Bangalore,2026-03-21,5
C10722,18,Male,Delhi,2025-10-05,10
C10723,21,Male,Noida,2026-08-16,0
C10724,42,Male,Noida,2024-05-07,27
C10725,36,Male,Gurgaon,2024-02-11,30
C10726,33,Male,Noida,2024-01-02,32
C10727,35,Male,Chennai,2025-01-02,19
C10728,38,Female,Gurgaon,2026-06-16,2
C10729,29,Female,Mumbai,2025-05-04,15
C10730,27,Male,Pune,2025-01-08,19
C10731,36,Female,Kolkata,2025-01-19,19
C10732,25,Male,Ahmedabad,2024-02-04,31
C10733,39,Male,Ahmedabad,2026-03-29,4
C10734,18,Male,Hyderabad,2025-04-30,15
C10735,45,Male,Pune,2025-02-26,18
C10736,39,Female,Gurgaon,2025-07-12,13
C10737,37,Male,Hyderabad,2024-04-03,29
C10738,44,Male,Bangalore,2025-12-29,7
C10739,51,Female,Mumbai,2025-05-18,15
C10740,45,Female,Delhi,2025-10-20,10
C10741,18,Male,Noida,2025-02-23,18
C10742,22,Male,Delhi,2025-11-03,9
C10743,28,Male,Gurgaon,2026-03-28,4
C10744,35,Male,Hyderabad,2026-04-21,4
C10745,40,Male,Noida,2025-09-16,11
C10746,27,Male,Gurgaon,2024-11-30,21
C10747,36,Female,Chennai,2025-01-07,19
C10748,27,Female,Chennai,2024-03-05,30
C10749,28,Female,Hyderabad,2025-12-10,8
C10750,20,Male,Noida,2024-01-05,32
C10751,25,Male,Ahmedabad,2024-12-07,20
C10752,21,Male,Chennai,2024-05-19,27
C10753,25,Female,Bangalore,2025-02-10,18
C10754,45,Male,Hyderabad,2023-11-01,34
C10755,25,Female,Chennai,2023-11-14,33
C10756,61,Female,Chennai,2024-03-08,29
C10757,39,Female,Hyderabad,2026-03-10,5
C10758,36,Female,Bangalore,2026-06-01,2
C10759,26,Female,Hyderabad,2024-03-20,29
C10760,42,Female,Mumbai,2024-10-30,22
C10761,29,Female,Ahmedabad,2025-03-27,17
C10762,36,Male,Delhi,2026-06-30,1
C10763,60,Male,Kolkata,2026-02-15,6
C10764,34,Female,Bangalore,2025-05-10,15
C10765,46,Other,Kolkata,2026-07-10,1
C10766,27,Male,Bangalore,2025-02-16,18
C10767,34,Male,Mumbai,2026-05-31,2
C10768,52,Female,Kolkata,2025-08-28,11
C10769,28,Female,Bangalore,2024-01-01,32
C10770,53,Male,Kolkata,2023-09-24,35
C10771,42,Female,Mumbai,2024-02-28,30
C10772,29,Female,Gurgaon,2025-01-29,19
C10773,41,Female,Noida,2025-08-15,12
C10774,44,Male,Delhi,2024-03-12,29
C10775,41,Male,Mumbai,2023-11-18,33
C10776,19,Male,Mumbai,2026-02-16,6
C10777,27,Male,Noida,2024-01-02,32
C10778,32,Male,Ahmedabad,2024-09-08,23
C10779,34,Female,Pune,2024-05-07,27
C10780,41,Male,Gurgaon,2024-10-08,22
C10781,36,Female,Ahmedabad,2024-11-02,21
C10782,21,Female,Ahmedabad,2026-01-19,7
C10783,38,Male,Gurgaon,2025-09-26,11
C10784,41,Other,Chennai,2024-10-15,22
C10785,40,Female,Bangalore,2024-04-30,28
C10786,45,Female,Noida,2023-11-11,33
C10787,43,Male,Pune,2025-01-08,19
C10788,39,Male,Noida,2024-05-23,27
C10789,34,Male,Delhi,2026-06-07,2
C10790,18,Female,Ahmedabad,2024-02-02,31
C10791,39,Male,Kolkata,2026-02-22,6
C10792,37,Female,Mumbai,2024-11-15,21
C10793,37,Male,Kolkata,2025-03-23,17
C10794,22,Male,Gurgaon,2024-10-28,22
C10795,24,Female,Mumbai,2025-12-27,7
C10796,45,Female,Mumbai,2024-05-16,27
C10797,34,Male,Hyderabad,2023-10-03,35
C10798,41,Male,Bangalore,2026-08-19,0
C10799,35,Female,Ahmedabad,2024-01-18,31
C10800,35,Female,Bangalore,2024-04-27,28
C10801,44,Male,Noida,2026-05-02,3
C10802,29,Male,Pune,2025-08-02,12
C10803,35,Male,Chennai,2023-09-25,35
C10804,30,Male,Pune,2024-08-11,24
C10805,30,Female,Mumbai,2023-11-05,34
C10806,31,Female,Kolkata,2024-02-28,30
C10807,37,Female,Noida,2026-05-08,3
C10808,30,Male,Mumbai,2025-07-01,13
C10809,47,Female,Mumbai,2025-02-21,18
C10810,26,Male,Gurgaon,2025-11-26,8
C10811,33,Female,Kolkata,2025-01-09,19
C10812,30,Male,Pune,2024-03-07,29
C10813,49,Male,Pune,2023-12-03,33
C10814,36,Female,Chennai,2025-12-16,8
C10815,45,Male,Gurgaon,2026-06-23,2
C10816,20,Female,Noida,2025-04-18,16
C10817,37,Female,Gurgaon,2025-10-01,10
C10818,43,Male,Kolkata,2024-11-23,21
C10819,35,Female,Bangalore,2026-07-24,0
C10820,45,Male,Hyderabad,2024-05-08,27
C10821,29,Male,Delhi,2026-02-12,6
C10822,49,Other,Chennai,2025-05-18,15
C10823,57,Female,Chennai,2026-01-01,7
C10824,31,Male,Mumbai,2024-01-19,31
C10825,30,Female,Pune,2025-12-24,8
C10826,49,Male,Gurgaon,2025-10-10,10
C10827,50,Female,Ahmedabad,2023-11-05,34
C10828,29,Female,Noida,2025-01-01,19
C10829,30,Male,Mumbai,2023-10-14,34
C10830,32,Female,Bangalore,2025-02-08,18
C10831,21,Male,Delhi,2024-04-23,28
C10832,25,Male,Ahmedabad,2023-12-07,32
C10833,24,Female,Pune,2023-12-28,32
C10834,27,Male,Bangalore,2025-04-09,16
C10835,34,Male,Gurgaon,2024-01-29,31
C10836,37,Female,Gurgaon,2025-10-29,9
C10837,50,Male,Hyderabad,2024-06-27,26
C10838,25,Male,Ahmedabad,2025-07-27,13
C10839,44,Female,Chennai,2023-10-16,34
C10840,32,Female,Chennai,2025-11-15,9
C10841,34,Female,Kolkata,2026-04-01,4
C10842,41,Male,Bangalore,2025-02-02,18
C10843,23,Female,Pune,2024-04-24,28
C10844,38,Female,Ahmedabad,2024-09-24,23
C10845,36,Male,Hyderabad,2023-10-17,34
C10846,39,Male,Hyderabad,2025-02-20,18
C10847,37,Male,Kolkata,2026-08-16,0
C10848,59,Male,Pune,2025-01-19,19
C10849,28,Male,Pune,2024-12-18,20
C10850,29,Female,Delhi,2023-11-23,33
C10851,28,Other,Delhi,2025-10-21,10
C10852,29,Female,Hyderabad,2024-02-19,30
C10853,28,Female,Ahmedabad,2023-12-04,33
C10854,46,Female,Ahmedabad,2024-09-14,23
C10855,49,Female,Pune,2024-10-10,22
C10856,29,Male,Ahmedabad,2024-07-10,25
C10857,26,Male,Hyderabad,2024-02-01,31
C10858,39,Male,Noida,2024-10-31,22
C10859,29,Male,Kolkata,2025-07-31,12
C10860,41,Male,Chennai,2025-04-19,16
C10861,37,Male,Chennai,2024-06-28,26
C10862,19,Male,Hyderabad,2025-04-30,15
C10863,50,Male,Hyderabad,2024-05-02,28
C10864,52,Female,Delhi,2026-05-24,3
C10865,28,Male,Chennai,2024-11-08,21
C10866,31,Female,Pune,2023-12-27,32
C10867,37,Male,Chennai,2024-07-02,26
C10868,38,Female,Hyderabad,2024-06-22,26
C10869,41,Female,Kolkata,2025-10-14,10
C10870,55,Female,Bangalore,2023-11-11,33
C10871,33,Female,Kolkata,2026-06-07,2
C10872,27,Female,Chennai,2025-12-06,8
C10873,21,Male,Delhi,2023-10-28,34
C10874,27,Other,Bangalore,2024-10-11,22
C10875,34,Female,Ahmedabad,2026-01-28,6
C10876,52,Female,Gurgaon,2024-03-03,30
C10877,29,Male,Noida,2026-01-29,6
C10878,37,Female,Hyderabad,2023-09-09,35
C10879,34,Female,Chennai,2024-01-29,31
C10880,46,Female,Pune,2026-07-21,1
C10881,60,Female,Bangalore,2025-10-30,9
C10882,29,Male,Pune,2024-05-04,28
C10883,30,Male,Chennai,2025-10-09,10
C10884,45,Male,Noida,2026-03-21,5
C10885,41,Male,Noida,2024-01-03,32
C10886,53,Male,Kolkata,2025-02-25,18
C10887,40,Male,Pune,2024-09-27,23
C10888,31,Male,Chennai,2024-05-29,27
C10889,40,Male,Gurgaon,2026-03-10,5
C10890,46,Male,Ahmedabad,2024-10-18,22
C10891,43,Female,Pune,2023-08-25,36
C10892,40,Female,Gurgaon,2024-07-04,25
C10893,45,Female,Bangalore,2024-11-11,21
C10894,46,Male,Delhi,2023-11-26,33
C10895,48,Female,Pune,2026-06-09,2
C10896,41,Female,Mumbai,2026-04-03,4
C10897,33,Other,Hyderabad,2025-04-28,16
C10898,36,Female,Pune,2025-01-10,19
C10899,47,Female,Mumbai,2025-05-13,15
C10900,26,Female,Kolkata,2026-02-17,6
C10901,38,Male,Pune,2024-03-16,29
C10902,31,Male,Mumbai,2026-02-01,6
C10903,35,Female,Delhi,2026-01-28,6
C10904,47,Male,Mumbai,2024-02-25,30
C10905,36,Male,Delhi,2025-09-15,11
C10906,35,Female,Ahmedabad,2024-12-16,20
C10907,21,Male,Ahmedabad,2026-06-23,2
C10908,42,Female,Bangalore,2026-05-19,3
C10909,41,Female,Bangalore,2024-10-26,22
C10910,56,Male,Ahmedabad,2026-04-29,3
C10911,31,Male,Delhi,2024-12-29,20
C10912,37,Male,Chennai,2024-08-17,24
C10913,37,Male,Ahmedabad,2024-07-15,25
C10914,50,Male,Chennai,2024-03-22,29
C10915,34,Male,Noida,2025-10-27,9
C10916,37,Male,Pune,2025-04-08,16
C10917,41,Male,Gurgaon,2023-08-30,36
C10918,36,Female,Pune,2024-04-30,28
C10919,30,Female,Kolkata,2025-08-18,12
C10920,36,Female,Kolkata,2025-09-07,11
C10921,45,Female,Gurgaon,2025-08-28,11
C10922,24,Male,Kolkata,2026-03-13,5
C10923,36,Female,Gurgaon,2024-06-29,26
C10924,27,Male,Gurgaon,2025-04-15,16
C10925,46,Male,Kolkata,2023-11-06,34
C10926,19,Female,Mumbai,2025-11-01,9
C10927,29,Male,Gurgaon,2025-05-03,15
C10928,38,Male,Delhi,2024-01-20,31
C10929,50,Female,Delhi,2025-03-19,17
C10930,34,Female,Kolkata,2024-01-23,31
C10931,29,Male,Gurgaon,2025-03-17,17
C10932,53,Male,Hyderabad,2026-08-02,0
C10933,20,Female,Pune,2024-01-12,31
C10934,18,Female,Ahmedabad,2025-01-09,19
C10935,39,Male,Hyderabad,2025-10-02,10
C10936,29,Female,Gurgaon,2026-03-23,5
C10937,24,Female,Gurgaon,2024-02-29,30
C10938,42,Male,Chennai,2024-09-13,23
C10939,37,Female,Delhi,2024-12-17,20
C10940,29,Female,Noida,2024-04-05,28
C10941,22,Male,Ahmedabad,2025-03-27,17
C10942,43,Female,Bangalore,2024-01-29,31
C10943,41,Male,Gurgaon,2024-12-11,20
C10944,34,Female,Noida,2025-07-10,13
C10945,53,Female,Pune,2024-06-25,26
C10946,24,Male,Gurgaon,2023-12-06,33
C10947,19,Female,Hyderabad,2026-01-15,7
C10948,28,Female,Delhi,2025-04-23,16
C10949,34,Male,Ahmedabad,2024-07-01,26
C10950,37,Male,Delhi,2024-08-16,24
C10951,32,Male,Pune,2024-12-24,20
C10952,38,Female,Pune,2024-12-25,20
C10953,22,Female,Noida,2026-07-08,1
C10954,49,Female,Delhi,2024-06-02,27
C10955,34,Male,Bangalore,2025-02-05,18
C10956,46,Female,Bangalore,2026-08-05,0
C10957,38,Male,Gurgaon,2026-05-13,3
C10958,39,Male,Chennai,2023-11-08,33
C10959,40,Male,Chennai,2025-01-12,19
C10960,39,Male,Ahmedabad,2025-05-07,15
C10961,41,Female,Pune,2024-08-30,24
C10962,48,Female,Noida,2025-05-30,14
C10963,36,Female,Chennai,2025-07-28,13
C10964,42,Female,Mumbai,2025-03-26,17
C10965,34,Male,Bangalore,2025-11-14,9
C10966,49,Other,Chennai,2026-02-04,6
C10967,28,Female,Pune,2026-06-02,2
C10968,53,Female,Chennai,2024-11-27,21
C10969,34,Male,Noida,2024-03-02,30
C10970,20,Male,Noida,2026-06-14,2
C10971,36,Female,Bangalore,2024-08-04,24
C10972,28,Male,Kolkata,2025-11-25,9
C10973,43,Female,Hyderabad,2026-02-18,6
C10974,28,Female,Gurgaon,2024-12-25,20
C10975,30,Male,Gurgaon,2024-10-21,22
C10976,18,Male,Gurgaon,2024-04-23,28
C10977,30,Female,Chennai,2025-08-27,12
C10978,18,Male,Hyderabad,2025-07-06,13
C10979,19,Female,Mumbai,2025-11-24,9
C10980,42,Female,Pune,2024-08-02,25
C10981,42,Male,Pune,2023-08-30,36
C10982,39,Female,Hyderabad,2023-10-29,34
C10983,25,Female,Chennai,2025-02-09,18
C10984,34,Female,Kolkata,2025-09-19,11
C10985,34,Female,Ahmedabad,2025-03-13,17
C10986,23,Female,Kolkata,2023-12-09,32
C10987,50,Male,Pune,2024-12-25,20
C10988,43,Male,Mumbai,2024-09-27,23
C10989,32,Male,Ahmedabad,2025-12-29,7
C10990,35,Male,Kolkata,2024-01-05,32
C10991,37,Female,Hyderabad,2026-03-20,5
C10992,18,Male,Bangalore,2025-11-06,9
C10993,32,Female,Gurgaon,2025-05-16,15
C10994,28,Male,Delhi,2024-05-30,27
C10995,24,Male,Bangalore,2024-08-02,25
C10996,32,Female,Gurgaon,2026-02-18,6
C10997,52,Male,Mumbai,2024-06-04,26
C10998,41,Female,Hyderabad,2026-07-24,0
C10999,29,Male,Kolkata,2025-02-26,18
C11000,40,Female,Hyderabad,2025-12-11,8
C11001,48,Female,Ahmedabad,2024-02-02,31
C11002,44,Female,Bangalore,2024-07-28,25
C11003,35,Male,Noida,2025-03-03,17
C11004,28,Male,Gurgaon,2024-07-02,26
C11005,41,Female,Hyderabad,2024-07-22,25
C11006,38,Female,Gurgaon,2026-01-12,7
C11007,43,Male,Gurgaon,2025-04-30,15
C11008,41,Male,Mumbai,2023-12-30,32
C11009,45,Male,Ahmedabad,2026-07-01,1
C11010,29,Male,Mumbai,2024-10-19,22
C11011,48,Female,Mumbai,2025-05-25,15
C11012,36,Male,Mumbai,2026-04-14,4
C11013,55,Male,Kolkata,2024-01-14,31
C11014,28,Female,Ahmedabad,2024-12-11,20
C11015,52,Male,Gurgaon,2024-05-07,27
C11016,36,Female,Gurgaon,2025-12-26,7
C11017,28,Female,Ahmedabad,2025-11-08,9
C11018,30,Male,Ahmedabad,2026-05-21,3
C11019,31,Female,Bangalore,2026-06-06,2
C11020,39,Male,Pune,2024-12-06,20
C11021,40,Male,Gurgaon,2023-11-17,33
C11022,29,Male,Chennai,2025-12-27,7
C11023,34,Male,Ahmedabad,2026-02-03,6
C11024,56,Male,Chennai,2025-04-28,16
C11025,52,Male,Hyderabad,2025-11-17,9
C11026,39,Female,Chennai,2024-06-17,26
C11027,35,Female,Chennai,2024-02-04,31
C11028,36,Female,Kolkata,2024-07-23,25
C11029,41,Female,Delhi,2024-04-15,28
C11030,24,Male,Bangalore,2025-10-09,10
C11031,32,Male,Bangalore,2024-04-24,28
C11032,18,Male,Pune,2026-01-31,6
C11033,38,Male,Ahmedabad,2023-11-23,33
C11034,41,Female,Chennai,2024-05-08,27
C11035,30,Female,Ahmedabad,2025-01-26,19
C11036,50,Male,Hyderabad,2026-06-15,2
C11037,22,Male,Gurgaon,2024-07-24,25
C11038,20,Male,Hyderabad,2025-06-03,14
C11039,37,Male,Chennai,2024-02-25,30
C11040,45,Male,Gurgaon,2024-02-23,30
C11041,51,Female,Kolkata,2025-04-25,16
C11042,30,Male,Pune,2024-08-09,24
C11043,45,Female,Bangalore,2026-01-30,6
C11044,34,Male,Mumbai,2024-07-30,25
C11045,33,Male,Delhi,2024-08-17,24
C11046,43,Female,Gurgaon,2026-04-19,4
C11047,41,Female,Mumbai,2024-05-28,27
C11048,19,Male,Bangalore,2025-02-02,18
C11049,49,Female,Delhi,2025-07-29,12
C11050,48,Male,Hyderabad,2025-12-14,8
C11051,28,Male,Gurgaon,2024-02-02,31
C11052,38,Female,Pune,2026-02-15,6
C11053,39,Female,Kolkata,2025-06-13,14
C11054,37,Male,Gurgaon,2026-07-09,1
C11055,29,Male,Hyderabad,2026-05-10,3
C11056,28,Female,Bangalore,2024-10-07,22
C11057,34,Male,Kolkata,2025-04-10,16
C11058,46,Male,Bangalore,2025-12-07,8
C11059,40,Male,Chennai,2025-06-27,14
C11060,31,Female,Chennai,2026-04-03,4
C11061,42,Male,Bangalore,2025-06-23,14
C11062,18,Female,Bangalore,2025-06-05,14
C11063,46,Female,Ahmedabad,2025-05-01,15
C11064,18,Male,Ahmedabad,2024-10-18,22
C11065,31,Female,Kolkata,2025-10-23,10
C11066,23,Female,Bangalore,2026-08-16,0
C11067,22,Male,Mumbai,2025-01-31,18
C11068,46,Male,Pune,2025-10-29,9
C11069,30,Female,Chennai,2025-11-28,8
C11070,38,Female,Kolkata,2025-03-26,17
C11071,34,Male,Delhi,2025-08-29,11
C11072,39,Female,Mumbai,2026-01-08,7
C11073,35,Female,Chennai,2026-06-30,1
C11074,22,Female,Noida,2025-11-25,9
C11075,44,Female,Bangalore,2026-07-22,1
C11076,30,Male,Kolkata,2024-08-18,24
C11077,19,Male,Ahmedabad,2025-04-21,16
C11078,30,Female,Bangalore,2024-10-27,22
C11079,50,Male,Gurgaon,2026-07-20,1
C11080,43,Female,Mumbai,2025-08-30,11
C11081,31,Male,Noida,2025-02-24,18
C11082,31,Male,Pune,2026-05-06,3
C11083,31,Male,Pune,2025-12-05,8
C11084,55,Female,Gurgaon,2024-04-11,28
C11085,38,Female,Pune,2023-09-09,35
C11086,39,Male,Delhi,2026-01-01,7
C11087,45,Male,Ahmedabad,2026-04-13,4
C11088,37,Male,Ahmedabad,2023-12-20,32
C11089,32,Female,Hyderabad,2024-02-15,30
C11090,33,Male,Gurgaon,2024-08-10,24
C11091,34,Female,Gurgaon,2023-10-05,35
C11092,34,Male,Pune,2026-01-10,7
C11093,42,Male,Delhi,2024-02-08,30
C11094,35,Female,Gurgaon,2023-10-25,34
C11095,42,Male,Ahmedabad,2025-05-25,15
C11096,34,Female,Bangalore,2026-05-25,2
C11097,35,Male,Pune,2023-09-19,35
C11098,18,Male,Ahmedabad,2024-12-12,20
C11099,44,Male,Pune,2024-01-26,31
C11100,38,Male,Kolkata,2026-06-19,2
C11101,44,Female,Delhi,2026-04-19,4
C11102,18,Female,Bangalore,2023-12-15,32
C11103,55,Female,Pune,2024-05-21,27
C11104,33,Male,Bangalore,2024-03-31,29
C11105,46,Female,Hyderabad,2026-01-12,7
C11106,24,Female,Ahmedabad,2023-11-21,33
C11107,41,Male,Bangalore,2024-02-25,30
C11108,24,Female,Hyderabad,2026-03-24,5
C11109,28,Female,Kolkata,2026-03-09,5
C11110,54,Male,Gurgaon,2024-10-31,22
C11111,33,Female,Kolkata,2025-10-22,10
C11112,37,Male,Chennai,2026-04-09,4
C11113,43,Male,Gurgaon,2025-12-06,8
C11114,39,Male,Bangalore,2025-02-04,18
C11115,36,Female,Pune,2024-10-25,22
C11116,38,Male,Pune,2024-07-02,26
C11117,59,Female,Chennai,2023-08-31,36
C11118,34,Female,Delhi,2024-12-26,20
C11119,37,Female,Noida,2024-02-04,31
C11120,45,Male,Mumbai,2023-10-21,34
C11121,46,Female,Noida,2024-03-23,29
C11122,46,Female,Noida,2026-01-30,6
C11123,41,Male,Bangalore,2025-12-30,7
C11124,23,Female,Chennai,2025-06-07,14
C11125,51,Female,Bangalore,2024-03-24,29
C11126,23,Female,Kolkata,2024-02-09,30
C11127,38,Male,Kolkata,2025-05-11,15
C11128,27,Male,Bangalore,2024-04-26,28
C11129,34,Male,Pune,2024-09-26,23
C11130,38,Male,Chennai,2024-02-05,30
C11131,38,Female,Delhi,2024-05-27,27
C11132,39,Female,Bangalore,2024-04-22,28
C11133,51,Female,Delhi,2026-02-08,6
C11134,39,Female,Mumbai,2024-11-19,21
C11135,32,Female,Chennai,2024-03-30,29
C11136,44,Male,Chennai,2024-11-19,21
C11137,46,Female,Bangalore,2025-03-17,17
C11138,22,Male,Hyderabad,2024-07-16,25
C11139,40,Male,Hyderabad,2025-10-13,10
C11140,42,Female,Mumbai,2023-12-24,32
C11141,32,Male,Noida,2026-04-06,4
C11142,48,Male,Kolkata,2026-02-16,6
C11143,33,Female,Mumbai,2026-02-28,5
C11144,36,Male,Gurgaon,2026-02-12,6
C11145,33,Male,Noida,2024-03-20,29
C11146,35,Male,Gurgaon,2026-02-05,6
C11147,24,Male,Chennai,2024-07-19,25
C11148,20,Male,Pune,2025-11-28,8
C11149,50,Female,Ahmedabad,2026-04-21,4
C11150,26,Male,Hyderabad,2024-10-15,22
C11151,25,Female,Delhi,2025-12-14,8
C11152,18,Male,Gurgaon,2024-05-02,28
C11153,28,Male,Pune,2024-08-27,24
C11154,21,Female,Hyderabad,2024-04-07,28
C11155,51,Female,Hyderabad,2026-05-08,3
C11156,45,Female,Pune,2025-01-09,19
C11157,28,Female,Bangalore,2024-11-20,21
C11158,57,Male,Mumbai,2024-08-31,24
C11159,44,Male,Chennai,2026-01-21,7
C11160,31,Female,Delhi,2023-10-17,34
C11161,18,Male,Pune,2025-06-12,14
C11162,57,Male,Gurgaon,2025-10-09,10
C11163,21,Male,Chennai,2023-12-08,32
C11164,18,Female,Mumbai,2025-05-19,15
C11165,45,Male,Kolkata,2026-01-12,7
C11166,59,Male,Noida,2024-09-03,23
C11167,48,Male,Ahmedabad,2024-07-30,25
C11168,40,Female,Delhi,2025-12-29,7
C11169,40,Male,Pune,2025-01-28,19
C11170,43,Male,Gurgaon,2025-05-15,15
C11171,42,Female,Pune,2024-03-26,29
C11172,37,Female,Noida,2026-06-29,1
C11173,36,Female,Bangalore,2025-02-20,18
C11174,34,Female,Delhi,2026-06-23,2
C11175,27,Male,Bangalore,2025-08-17,12
C11176,32,Male,Gurgaon,2025-02-08,18
C11177,18,Male,Mumbai,2024-11-27,21
C11178,34,Female,Delhi,2024-09-25,23
C11179,25,Male,Delhi,2024-09-02,23
C11180,23,Female,Kolkata,2026-08-09,0
C11181,36,Other,Gurgaon,2025-08-15,12
C11182,48,Male,Mumbai,2025-11-01,9
C11183,44,Male,Ahmedabad,2024-05-23,27
C11184,19,Male,Bangalore,2026-04-01,4
C11185,25,Male,Kolkata,2025-11-04,9
C11186,44,Male,Hyderabad,2026-06-20,2
C11187,25,Female,Kolkata,2026-02-15,6
C11188,32,Male,Ahmedabad,2023-08-31,36
C11189,40,Male,Pune,2025-06-07,14
C11190,25,Male,Bangalore,2024-07-12,25
C11191,36,Female,Hyderabad,2024-04-14,28
C11192,21,Female,Ahmedabad,2024-02-04,31
C11193,28,Female,Kolkata,2024-09-22,23
C11194,38,Female,Pune,2025-10-03,10
C11195,19,Male,Pune,2024-07-25,25
C11196,39,Male,Bangalore,2024-11-21,21
C11197,34,Male,Bangalore,2024-10-26,22
C11198,40,Male,Kolkata,2026-03-01,5
C11199,37,Female,Delhi,2026-05-06,3
C11200,48,Male,Gurgaon,2025-10-07,10
C11201,36,Male,Noida,2025-10-03,10
C11202,30,Female,Hyderabad,2026-05-12,3
C11203,36,Female,Hyderabad,2026-03-07,5
C11204,40,Female,Ahmedabad,2025-02-10,18
C11205,35,Male,Chennai,2024-02-26,30
C11206,35,Female,Chennai,2024-04-05,28
C11207,27,Female,Hyderabad,2023-12-01,33
C11208,28,Male,Noida,2024-02-28,30
C11209,20,Female,Kolkata,2024-04-25,28
C11210,52,Female,Kolkata,2025-02-08,18
C11211,22,Male,Mumbai,2025-06-06,14
C11212,28,Male,Chennai,2023-10-07,35
C11213,27,Male,Delhi,2025-12-31,7
C11214,43,Male,Ahmedabad,2024-09-14,23
C11215,32,Female,Kolkata,2024-03-24,29
C11216,47,Male,Bangalore,2026-01-06,7
C11217,28,Female,Noida,2025-01-18,19
C11218,37,Female,Pune,2023-11-29,33
C11219,26,Female,Chennai,2023-09-07,36
C11220,56,Male,Chennai,2024-11-28,21
C11221,23,Male,Noida,2026-05-20,3
C11222,38,Male,Mumbai,2025-05-27,15
C11223,41,Male,Gurgaon,2024-06-03,27
C11224,39,Male,Kolkata,2026-05-01,3
C11225,33,Female,Pune,2026-08-06,0
C11226,33,Male,Pune,2025-06-29,13
C11227,35,Female,Bangalore,2024-12-12,20
C11228,33,Male,Pune,2025-06-15,14
C11229,44,Female,Chennai,2025-11-13,9
C11230,57,Female,Gurgaon,2025-03-16,17
C11231,29,Male,Kolkata,2025-01-06,19
C11232,21,Female,Hyderabad,2024-10-19,22
C11233,34,Female,Hyderabad,2025-12-19,8
C11234,60,Female,Hyderabad,2026-08-06,0
C11235,26,Female,Gurgaon,2023-11-07,33
C11236,51,Male,Bangalore,2024-03-23,29
C11237,51,Male,Ahmedabad,2025-08-27,12
C11238,29,Male,Hyderabad,2025-11-30,8
C11239,40,Female,Hyderabad,2024-07-04,25
C11240,51,Other,Mumbai,2023-08-27,36
C11241,31,Female,Ahmedabad,2025-05-07,15
C11242,32,Male,Noida,2023-11-01,34
C11243,29,Female,Gurgaon,2024-08-26,24
C11244,24,Female,Gurgaon,2026-03-27,4
C11245,28,Male,Ahmedabad,2024-05-30,27
C11246,22,Male,Kolkata,2026-05-27,2
C11247,35,Male,Bangalore,2024-03-11,29
C11248,27,Female,Ahmedabad,2026-07-14,1
C11249,37,Female,Chennai,2024-01-23,31
C11250,19,Male,Chennai,2026-03-15,5
C11251,38,Male,Mumbai,2024-11-18,21
C11252,43,Female,Bangalore,2024-03-25,29
C11253,18,Female,Gurgaon,2024-05-15,27
C11254,38,Female,Mumbai,2024-04-18,28
C11255,47,Female,Noida,2025-01-06,19
C11256,22,Male,Ahmedabad,2025-12-29,7
C11257,51,Female,Hyderabad,2024-05-14,27
C11258,39,Male,Delhi,2026-07-10,1
C11259,27,Female,Delhi,2024-10-25,22
C11260,34,Male,Kolkata,2025-09-04,11
C11261,40,Female,Hyderabad,2024-01-22,31
C11262,35,Male,Ahmedabad,2024-08-10,24
C11263,40,Female,Chennai,2026-02-22,6
C11264,25,Male,Hyderabad,2024-03-10,29
C11265,36,Male,Mumbai,2026-01-17,7
C11266,20,Female,Bangalore,2025-04-10,16
C11267,33,Male,Kolkata,2024-03-12,29
C11268,25,Female,Gurgaon,2024-05-23,27
C11269,27,Female,Kolkata,2023-09-13,35
C11270,47,Male,Bangalore,2026-03-13,5
C11271,45,Female,Mumbai,2024-06-02,27
C11272,41,Female,Chennai,2024-11-24,21
C11273,24,Female,Delhi,2024-09-25,23
C11274,31,Female,Bangalore,2025-05-25,15
C11275,47,Male,Mumbai,2024-10-08,22
C11276,36,Male,Pune,2025-09-11,11
C11277,58,Female,Mumbai,2026-03-18,5
C11278,38,Male,Ahmedabad,2023-10-11,34
C11279,36,Male,Pune,2025-12-31,7
C11280,31,Male,Bangalore,2023-08-31,36
C11281,36,Male,Noida,2023-10-12,34
C11282,33,Female,Ahmedabad,2025-07-20,13
C11283,42,Female,Noida,2024-09-05,23
C11284,44,Other,Kolkata,2024-09-01,24
C11285,27,Female,Pune,2025-10-23,10
C11286,21,Male,Ahmedabad,2025-04-25,16
C11287,18,Male,Chennai,2026-01-23,7
C11288,40,Male,Mumbai,2025-10-26,10
C11289,23,Female,Bangalore,2025-03-15,17
C11290,18,Male,Mumbai,2025-07-13,13
C11291,38,Male,Ahmedabad,2025-08-31,11
C11292,59,Female,Delhi,2025-10-12,10
C11293,34,Female,Bangalore,2026-03-20,5
C11294,43,Male,Gurgaon,2025-08-24,12
C11295,35,Male,Noida,2023-11-14,33
C11296,34,Female,Mumbai,2024-01-14,31
C11297,44,Female,Noida,2024-02-14,30
C11298,32,Male,Delhi,2024-10-29,22
C11299,37,Male,Noida,2024-11-12,21
C11300,38,Female,Hyderabad,2025-10-16,10
C11301,28,Female,Kolkata,2024-03-04,30
C11302,44,Female,Bangalore,2026-04-04,4
C11303,33,Male,Kolkata,2024-01-04,32
C11304,27,Female,Noida,2024-02-28,30
C11305,40,Male,Chennai,2024-12-09,20
C11306,26,Male,Gurgaon,2025-02-05,18
C11307,35,Female,Hyderabad,2026-04-28,3
C11308,34,Female,Hyderabad,2024-08-31,24
C11309,45,Female,Mumbai,2023-10-17,34
C11310,39,Male,Mumbai,2026-03-23,5
C11311,34,Female,Pune,2024-11-24,21
C11312,43,Male,Delhi,2024-01-19,31
C11313,48,Female,Pune,2024-02-08,30
C11314,40,Male,Ahmedabad,2026-06-05,2
C11315,35,Female,Bangalore,2026-04-27,3
C11316,21,Female,Bangalore,2024-07-27,25
C11317,24,Male,Kolkata,2025-01-11,19
C11318,31,Male,Bangalore,2026-03-17,5
C11319,28,Female,Bangalore,2026-02-18,6
C11320,33,Female,Delhi,2023-10-18,34
C11321,35,Male,Kolkata,2024-06-25,26
C11322,40,Male,Ahmedabad,2024-01-17,31
C11323,34,Male,Ahmedabad,2026-05-29,2
C11324,39,Female,Hyderabad,2024-02-12,30
C11325,35,Male,Kolkata,2025-08-01,12
C11326,18,Male,Bangalore,2024-11-01,21
C11327,25,Female,Hyderabad,2023-12-21,32
C11328,33,Female,Mumbai,2023-10-30,34
C11329,22,Male,Bangalore,2025-10-17,10
C11330,40,Other,Gurgaon,2026-04-17,4
C11331,50,Female,Noida,2024-02-11,30
C11332,47,Male,Gurgaon,2026-01-22,7
C11333,32,Male,Chennai,2024-09-17,23
C11334,49,Female,Kolkata,2026-03-02,5
C11335,36,Male,Pune,2023-10-23,34
C11336,31,Male,Mumbai,2025-09-02,11
C11337,28,Male,Kolkata,2026-06-02,2
C11338,31,Female,Pune,2025-04-01,16
C11339,31,Female,Pune,2024-03-08,29
C11340,36,Female,Chennai,2024-03-05,30
C11341,36,Male,Hyderabad,2023-09-13,35
C11342,35,Female,Bangalore,2023-09-16,35
C11343,39,Female,Chennai,2025-09-30,10
C11344,46,Male,Delhi,2024-08-06,24
C11345,44,Female,Gurgaon,2024-07-19,25
C11346,20,Male,Gurgaon,2025-01-19,19
C11347,18,Female,Hyderabad,2024-06-19,26
C11348,44,Male,Hyderabad,2024-05-06,27
C11349,21,Female,Ahmedabad,2024-09-28,23
C11350,32,Female,Kolkata,2026-05-06,3
C11351,23,Other,Delhi,2024-10-05,22
C11352,18,Male,Chennai,2026-04-09,4
C11353,40,Male,Gurgaon,2024-10-15,22
C11354,42,Male,Hyderabad,2026-02-09,6
C11355,29,Female,Ahmedabad,2024-06-21,26
C11356,18,Female,Noida,2025-01-17,19
C11357,29,Male,Bangalore,2025-03-23,17
C11358,38,Male,Kolkata,2025-10-18,10
C11359,20,Female,Bangalore,2024-10-08,22
C11360,36,Female,Hyderabad,2026-03-08,5
C11361,34,Male,Mumbai,2025-11-05,9
C11362,40,Male,Noida,2024-09-04,23
C11363,36,Male,Mumbai,2024-11-24,21
C11364,25,Female,Pune,2024-06-10,26
C11365,46,Female,Hyderabad,2025-11-30,8
C11366,33,Female,Gurgaon,2026-03-01,5
C11367,34,Male,Chennai,2024-11-25,21
C11368,25,Female,Chennai,2024-07-11,25
C11369,30,Male,Chennai,2024-10-18,22
C11370,26,Male,Chennai,2025-12-03,8
C11371,33,Other,Ahmedabad,2023-09-08,35
C11372,52,Male,Ahmedabad,2026-02-11,6
C11373,21,Male,Noida,2024-04-06,28
C11374,18,Other,Mumbai,2023-10-15,34
C11375,49,Male,Pune,2024-08-10,24
C11376,32,Female,Ahmedabad,2026-07-15,1
C11377,28,Female,Noida,2024-08-09,24
C11378,45,Male,Mumbai,2024-11-27,21
C11379,28,Male,Bangalore,2025-08-17,12
C11380,53,Male,Chennai,2025-06-09,14
C11381,41,Male,Noida,2024-09-21,23
C11382,30,Male,Bangalore,2023-11-30,33
C11383,56,Female,Ahmedabad,2025-07-24,13
C11384,28,Male,Kolkata,2025-05-15,15
C11385,42,Male,Kolkata,2025-11-13,9
C11386,37,Female,Gurgaon,2025-10-08,10
C11387,48,Female,Hyderabad,2026-03-16,5
C11388,50,Female,Kolkata,2024-12-24,20
C11389,35,Male,Noida,2026-01-26,6
C11390,27,Female,Mumbai,2023-10-17,34
C11391,39,Female,Delhi,2023-09-08,35
C11392,28,Male,Pune,2026-06-05,2
C11393,55,Male,Ahmedabad,2024-10-01,23
C11394,36,Male,Bangalore,2025-11-26,8
C11395,31,Female,Hyderabad,2024-07-11,25
C11396,36,Male,Delhi,2025-10-10,10
C11397,21,Female,Gurgaon,2025-09-23,11
C11398,25,Female,Hyderabad,2025-08-16,12
C11399,47,Female,Mumbai,2025-09-16,11
C11400,28,Male,Kolkata,2024-03-08,29
C11401,24,Male,Gurgaon,2026-05-24,3
C11402,40,Male,Mumbai,2024-05-02,28
C11403,46,Male,Delhi,2024-08-05,24
C11404,42,Female,Kolkata,2025-04-22,16
C11405,44,Male,Ahmedabad,2024-02-24,30
C11406,27,Male,Delhi,2025-01-15,19
C11407,20,Male,Chennai,2024-02-14,30
C11408,50,Male,Chennai,2025-04-29,16
C11409,31,Female,Hyderabad,2023-08-24,36
C11410,32,Female,Kolkata,2025-04-19,16
C11411,48,Female,Ahmedabad,2024-11-26,21
C11412,40,Male,Delhi,2024-01-04,32
C11413,39,Female,Delhi,2025-07-20,13
C11414,56,Female,Delhi,2024-07-29,25
C11415,28,Male,Hyderabad,2024-03-02,30
C11416,44,Male,Chennai,2024-01-19,31
C11417,35,Female,Ahmedabad,2025-01-21,19
C11418,37,Female,Noida,2024-06-30,26
C11419,50,Female,Ahmedabad,2023-10-27,34
C11420,40,Male,Pune,2023-09-06,36
C11421,40,Male,Delhi,2024-04-16,28
C11422,45,Female,Noida,2025-09-24,11
C11423,31,Female,Pune,2025-07-09,13
C11424,26,Male,Hyderabad,2025-11-11,9
C11425,24,Female,Noida,2025-03-27,17
C11426,18,Male,Mumbai,2026-05-07,3
C11427,55,Female,Bangalore,2023-12-11,32
C11428,23,Female,Chennai,2024-07-22,25
C11429,32,Female,Bangalore,2026-01-23,7
C11430,32,Male,Mumbai,2023-09-30,35
C11431,38,Male,Chennai,2025-12-09,8
C11432,43,Female,Kolkata,2025-01-15,19
C11433,43,Female,Noida,2026-03-03,5
C11434,29,Female,Mumbai,2025-09-27,10
C11435,33,Female,Mumbai,2025-02-09,18
C11436,37,Female,Chennai,2024-02-13,30
C11437,32,Male,Gurgaon,2023-10-05,35
C11438,51,Male,Pune,2025-10-24,10
C11439,39,Male,Delhi,2024-03-09,29
C11440,42,Male,Hyderabad,2026-02-15,6
C11441,41,Female,Ahmedabad,2025-05-24,15
C11442,46,Male,Kolkata,2024-02-10,30
C11443,36,Male,Delhi,2024-09-05,23
C11444,22,Female,Mumbai,2026-06-28,1
C11445,38,Female,Chennai,2024-04-24,28
C11446,28,Female,Mumbai,2026-05-04,3
C11447,29,Male,Noida,2024-06-01,27
C11448,40,Female,Hyderabad,2023-10-28,34
C11449,47,Male,Pune,2024-07-17,25
C11450,35,Male,Chennai,2025-04-26,16
C11451,38,Male,Ahmedabad,2024-06-22,26
C11452,52,Male,Kolkata,2026-03-07,5
C11453,37,Male,Noida,2024-07-15,25
C11454,61,Female,Hyderabad,2025-05-19,15
C11455,40,Male,Pune,2026-06-25,1
C11456,18,Female,Chennai,2024-11-07,21
C11457,42,Male,Mumbai,2026-01-31,6
C11458,38,Male,Kolkata,2024-10-04,22
C11459,47,Male,Gurgaon,2025-10-26,10
C11460,41,Female,Delhi,2025-11-13,9
C11461,33,Female,Bangalore,2026-06-04,2
C11462,22,Female,Noida,2025-01-11,19
C11463,32,Female,Gurgaon,2023-12-28,32
C11464,26,Female,Ahmedabad,2025-11-10,9
C11465,29,Female,Ahmedabad,2024-01-04,32
C11466,40,Female,Bangalore,2024-02-15,30
C11467,51,Male,Gurgaon,2026-08-11,0
C11468,38,Female,Bangalore,2026-03-12,5
C11469,23,Male,Bangalore,2026-07-14,1
C11470,39,Male,Mumbai,2025-03-15,17
C11471,46,Female,Hyderabad,2025-06-06,14
C11472,28,Male,Ahmedabad,2025-10-19,10
C11473,33,Male,Hyderabad,2023-09-06,36
C11474,35,Male,Ahmedabad,2024-04-07,28
C11475,27,Female,Gurgaon,2026-01-06,7
C11476,41,Male,Kolkata,2025-01-08,19
C11477,33,Male,Hyderabad,2025-04-22,16
C11478,39,Female,Kolkata,2024-12-13,20
C11479,26,Male,Hyderabad,2025-12-15,8
C11480,30,Male,Noida,2026-05-16,3
C11481,42,Male,Bangalore,2025-04-20,16
C11482,31,Male,Bangalore,2024-04-14,28
C11483,52,Male,Mumbai,2024-01-28,31
C11484,31,Male,Ahmedabad,2026-04-15,4
C11485,37,Male,Hyderabad,2026-01-06,7
C11486,44,Female,Chennai,2023-11-02,34
C11487,20,Female,Chennai,2026-07-19,1
C11488,18,Female,Pune,2023-10-01,35
C11489,19,Male,Hyderabad,2025-04-13,16
C11490,47,Male,Chennai,2025-10-31,9
C11491,29,Female,Mumbai,2025-01-02,19
C11492,60,Male,Ahmedabad,2024-03-25,29
C11493,29,Female,Chennai,2026-08-18,0
C11494,36,Male,Delhi,2024-08-29,24
C11495,50,Female,Hyderabad,2025-04-16,16
C11496,55,Male,Kolkata,2024-04-20,28
C11497,55,Male,Delhi,2025-08-03,12
C11498,47,Female,Delhi,2026-02-27,5
C11499,45,Female,Hyderabad,2023-09-14,35
C11500,40,Male,Pune,2024-08-13,24
C11501,42,Female,Bangalore,2026-04-05,4
C11502,29,Male,Ahmedabad,2023-09-09,35
C11503,26,Male,Ahmedabad,2023-10-17,34
C11504,34,Female,Chennai,2023-10-17,34
C11505,33,Female,Chennai,2026-07-11,1
C11506,30,Female,Chennai,2024-06-13,26
C11507,41,Male,Hyderabad,2024-01-02,32
C11508,44,Male,Gurgaon,2026-05-24,3
C11509,35,Female,Noida,2024-06-20,26
C11510,49,Male,Noida,2024-07-18,25
C11511,23,Male,Chennai,2025-03-20,17
C11512,33,Male,Chennai,2026-07-19,1
C11513,27,Male,Kolkata,2024-08-20,24
C11514,18,Male,Pune,2026-04-05,4
C11515,34,Male,Noida,2024-09-14,23
C11516,33,Female,Hyderabad,2025-04-15,16
C11517,50,Female,Chennai,2026-01-21,7
C11518,41,Male,Chennai,2024-10-10,22
C11519,24,Male,Noida,2025-11-21,9
C11520,53,Male,Chennai,2026-05-23,3
C11521,47,Male,Bangalore,2024-08-30,24
C11522,40,Female,Hyderabad,2024-09-27,23
C11523,32,Other,Hyderabad,2025-08-28,11
C11524,25,Female,Chennai,2024-01-13,31
C11525,31,Female,Hyderabad,2023-12-15,32
C11526,45,Male,Gurgaon,2025-08-13,12
C11527,53,Male,Hyderabad,2025-11-18,9
C11528,50,Female,Bangalore,2026-04-14,4
C11529,30,Female,Delhi,2024-01-27,31
C11530,23,Male,Delhi,2026-06-07,2
C11531,36,Male,Pune,2024-12-29,20
C11532,18,Female,Kolkata,2025-07-05,13
C11533,38,Male,Bangalore,2026-05-24,3
C11534,33,Female,Mumbai,2025-07-09,13
C11535,30,Female,Kolkata,2026-05-28,2
C11536,19,Male,Noida,2024-11-13,21
C11537,40,Female,Noida,2024-11-24,21
C11538,29,Other,Mumbai,2023-10-01,35
C11539,23,Female,Kolkata,2024-05-28,27
C11540,18,Male,Mumbai,2023-12-26,32
C11541,34,Male,Chennai,2025-03-21,17
C11542,52,Female,Kolkata,2026-06-08,2
C11543,51,Male,Delhi,2025-07-26,13
C11544,30,Male,Kolkata,2025-01-13,19
C11545,28,Male,Bangalore,2024-08-20,24
C11546,39,Female,Delhi,2026-05-16,3
C11547,25,Male,Chennai,2024-10-11,22
C11548,38,Male,Ahmedabad,2025-02-08,18
C11549,42,Male,Bangalore,2025-12-10,8
C11550,47,Female,Kolkata,2024-07-29,25
C11551,33,Female,Noida,2024-03-10,29
C11552,32,Male,Mumbai,2024-05-24,27
C11553,26,Female,Delhi,2024-03-04,30
C11554,26,Male,Kolkata,2024-06-21,26
C11555,32,Female,Ahmedabad,2024-09-26,23
C11556,38,Female,Hyderabad,2025-08-04,12
C11557,44,Female,Ahmedabad,2023-11-09,33
C11558,26,Male,Delhi,2023-11-07,33
C11559,49,Female,Bangalore,2024-07-30,25
C11560,32,Female,Noida,2023-09-23,35
C11561,34,Female,Noida,2025-02-21,18
C11562,27,Male,Hyderabad,2026-03-05,5
C11563,18,Male,Bangalore,2024-04-04,29
C11564,43,Female,Kolkata,2026-03-13,5
C11565,42,Male,Hyderabad,2024-03-23,29
C11566,32,Female,Delhi,2025-08-17,12
C11567,35,Male,Hyderabad,2024-12-28,20
C11568,40,Female,Pune,2024-11-02,21
C11569,19,Male,Kolkata,2026-01-23,7
C11570,29,Male,Mumbai,2026-03-11,5
C11571,42,Male,Chennai,2024-10-19,22
C11572,22,Male,Hyderabad,2024-12-24,20
C11573,37,Female,Delhi,2024-12-02,20
C11574,21,Female,Kolkata,2024-02-20,30
C11575,39,Female,Hyderabad,2024-04-01,29
C11576,34,Female,Bangalore,2025-09-14,11
C11577,18,Female,Pune,2024-02-24,30
C11578,46,Male,Chennai,2024-09-01,24
C11579,27,Male,Noida,2024-02-18,30
C11580,26,Male,Gurgaon,2026-05-27,2
C11581,37,Female,Mumbai,2024-08-29,24
C11582,46,Male,Bangalore,2024-03-14,29
C11583,24,Male,Chennai,2025-02-05,18
C11584,35,Female,Kolkata,2026-04-26,3
C11585,39,Female,Pune,2026-03-21,5
C11586,41,Female,Bangalore,2024-05-12,27
C11587,36,Female,Delhi,2024-08-07,24
C11588,31,Female,Ahmedabad,2023-10-06,35
C11589,26,Male,Delhi,2025-09-28,10
C11590,35,Female,Mumbai,2026-06-19,2
C11591,24,Female,Pune,2025-11-02,9
C11592,18,Male,Bangalore,2024-03-07,29
C11593,39,Male,Chennai,2026-06-11,2
C11594,44,Male,Mumbai,2025-12-06,8
C11595,18,Male,Mumbai,2026-04-06,4
C11596,24,Female,Bangalore,2025-04-25,16
C11597,41,Male,Delhi,2024-08-01,25
C11598,55,Male,Mumbai,2024-08-10,24
C11599,35,Female,Pune,2024-06-28,26
C11600,27,Male,Bangalore,2026-06-16,2
C11601,33,Female,Ahmedabad,2025-10-11,10
C11602,48,Female,Hyderabad,2024-02-12,30
C11603,28,Male,Mumbai,2024-07-23,25
C11604,27,Female,Kolkata,2024-07-21,25
C11605,30,Male,Gurgaon,2024-02-24,30
C11606,25,Male,Bangalore,2026-03-17,5
C11607,36,Male,Pune,2025-11-13,9
C11608,51,Male,Kolkata,2023-09-02,36
C11609,38,Female,Noida,2024-07-31,25
C11610,32,Female,Delhi,2024-05-28,27
C11611,32,Female,Gurgaon,2024-11-16,21
C11612,19,Male,Hyderabad,2025-01-28,19
C11613,43,Female,Hyderabad,2025-03-28,17
C11614,34,Female,Noida,2026-01-01,7
C11615,33,Male,Delhi,2026-06-29,1
C11616,66,Female,Pune,2025-08-05,12
C11617,37,Male,Ahmedabad,2023-11-03,34
C11618,27,Male,Delhi,2023-09-26,35
C11619,30,Female,Hyderabad,2024-06-20,26
C11620,46,Female,Noida,2025-12-23,8
C11621,36,Male,Gurgaon,2025-03-03,17
C11622,20,Male,Ahmedabad,2025-03-06,17
C11623,44,Female,Ahmedabad,2024-02-20,30
C11624,28,Female,Noida,2025-06-08,14
C11625,53,Male,Bangalore,2025-01-14,19
C11626,45,Male,Chennai,2023-11-20,33
C11627,30,Male,Pune,2025-07-08,13
C11628,47,Female,Ahmedabad,2025-12-13,8
C11629,35,Male,Delhi,2025-11-17,9
C11630,43,Male,Chennai,2026-03-23,5
C11631,39,Male,Kolkata,2024-02-08,30
C11632,26,Female,Hyderabad,2025-09-02,11
C11633,28,Female,Delhi,2024-02-22,30
C11634,45,Female,Noida,2026-02-23,6
C11635,31,Male,Chennai,2024-11-05,21
C11636,30,Male,Hyderabad,2024-09-09,23
C11637,25,Female,Gurgaon,2026-04-11,4
C11638,39,Female,Bangalore,2025-01-04,19
C11639,55,Female,Gurgaon,2024-12-15,20
C11640,24,Female,Delhi,2025-10-03,10
C11641,35,Female,Noida,2025-08-30,11
C11642,49,Female,Mumbai,2024-08-11,24
C11643,34,Female,Mumbai,2023-10-15,34
C11644,39,Female,Bangalore,2025-05-19,15
C11645,24,Male,Delhi,2025-12-16,8
C11646,39,Male,Ahmedabad,2025-07-06,13
C11647,33,Female,Bangalore,2025-11-10,9
C11648,44,Male,Gurgaon,2025-04-24,16
C11649,46,Female,Noida,2023-11-14,33
C11650,60,Male,Pune,2026-06-29,1
C11651,40,Male,Hyderabad,2024-08-12,24
C11652,38,Male,Delhi,2024-07-27,25
C11653,36,Male,Bangalore,2024-01-07,31
C11654,31,Male,Chennai,2025-11-29,8
C11655,38,Male,Chennai,2026-02-26,5
C11656,32,Female,Ahmedabad,2026-04-09,4
C11657,36,Male,Delhi,2024-11-26,21
C11658,48,Male,Noida,2024-05-28,27
C11659,24,Male,Delhi,2023-12-15,32
C11660,46,Female,Chennai,2023-09-10,35
C11661,48,Female,Mumbai,2024-05-02,28
C11662,33,Female,Noida,2024-05-05,27
C11663,18,Male,Noida,2026-03-23,5
C11664,28,Male,Noida,2025-12-08,8
C11665,47,Female,Gurgaon,2024-11-10,21
C11666,34,Female,Hyderabad,2026-03-23,5
C11667,25,Male,Mumbai,2024-02-12,30
C11668,29,Male,Bangalore,2024-01-10,31
C11669,43,Male,Hyderabad,2023-09-27,35
C11670,40,Male,Delhi,2024-09-15,23
C11671,32,Female,Chennai,2025-12-02,8
C11672,31,Female,Mumbai,2025-08-14,12
C11673,31,Male,Kolkata,2025-11-30,8
C11674,25,Male,Pune,2024-03-18,29
C11675,51,Female,Chennai,2023-10-27,34
C11676,31,Female,Kolkata,2026-04-30,3
C11677,47,Female,Bangalore,2025-12-10,8
C11678,50,Male,Hyderabad,2023-09-25,35
C11679,44,Female,Noida,2025-10-12,10
C11680,30,Male,Gurgaon,2024-12-07,20
C11681,39,Male,Ahmedabad,2025-09-18,11
C11682,34,Male,Chennai,2025-09-24,11
C11683,25,Female,Delhi,2024-10-30,22
C11684,38,Male,Chennai,2025-05-17,15
C11685,23,Female,Noida,2024-09-12,23
C11686,46,Male,Ahmedabad,2023-09-24,35
C11687,30,Male,Kolkata,2025-01-17,19
C11688,37,Male,Gurgaon,2026-03-13,5
C11689,37,Male,Bangalore,2025-03-26,17
C11690,32,Male,Chennai,2025-07-15,13
C11691,40,Male,Delhi,2025-02-05,18
C11692,30,Male,Kolkata,2025-12-08,8
C11693,43,Male,Delhi,2024-12-09,20
C11694,21,Female,Chennai,2023-08-25,36
C11695,36,Male,Hyderabad,2026-02-11,6
C11696,54,Female,Ahmedabad,2023-10-27,34
C11697,24,Male,Kolkata,2025-09-10,11
C11698,28,Male,Hyderabad,2025-10-10,10
C11699,40,Female,Pune,2025-09-05,11
C11700,36,Female,Noida,2024-09-29,23
C11701,38,Male,Gurgaon,2026-05-29,2
C11702,39,Female,Chennai,2026-06-24,1
C11703,41,Female,Hyderabad,2026-03-08,5
C11704,46,Other,Ahmedabad,2026-05-20,3
C11705,39,Female,Hyderabad,2025-02-25,18
C11706,32,Male,Pune,2025-06-16,14
C11707,41,Male,Mumbai,2024-04-20,28
C11708,53,Female,Gurgaon,2026-06-20,2
C11709,33,Other,Delhi,2023-11-06,34
C11710,25,Female,Noida,2025-01-05,19
C11711,46,Female,Noida,2024-12-11,20
C11712,33,Male,Kolkata,2023-12-06,33
C11713,18,Male,Gurgaon,2025-04-07,16
C11714,43,Female,Pune,2024-05-12,27
C11715,29,Female,Delhi,2024-12-20,20
C11716,34,Other,Gurgaon,2024-02-05,30
C11717,38,Female,Gurgaon,2026-03-25,5
C11718,36,Male,Pune,2026-04-21,4
C11719,42,Female,Mumbai,2025-10-02,10
C11720,30,Female,Mumbai,2024-03-04,30
C11721,40,Female,Mumbai,2024-04-22,28
C11722,32,Male,Kolkata,2023-12-04,33
C11723,42,Male,Mumbai,2024-01-13,31
C11724,41,Male,Hyderabad,2025-06-30,13
C11725,25,Male,Mumbai,2024-09-24,23
C11726,45,Female,Kolkata,2025-10-31,9
C11727,29,Male,Delhi,2024-11-19,21
C11728,43,Male,Mumbai,2024-11-06,21
C11729,38,Female,Pune,2024-09-13,23
C11730,53,Male,Hyderabad,2024-05-27,27
C11731,32,Female,Noida,2025-11-27,8
C11732,31,Male,Hyderabad,2024-07-24,25
C11733,34,Female,Kolkata,2023-10-02,35
C11734,31,Male,Chennai,2026-01-16,7
C11735,42,Male,Delhi,2024-11-06,21
C11736,18,Female,Mumbai,2025-04-13,16
C11737,24,Female,Gurgaon,2024-01-09,31
C11738,24,Male,Delhi,2025-12-14,8
C11739,44,Other,Kolkata,2025-02-20,18
C11740,52,Male,Gurgaon,2024-02-13,30
C11741,33,Female,Chennai,2025-04-01,16
C11742,33,Male,Chennai,2025-11-06,9
C11743,35,Male,Kolkata,2026-02-04,6
C11744,46,Male,Noida,2026-05-10,3
C11745,25,Male,Noida,2025-01-04,19
C11746,37,Female,Chennai,2024-06-26,26
C11747,44,Male,Noida,2024-04-17,28
C11748,40,Male,Pune,2025-03-31,16
C11749,36,Male,Ahmedabad,2025-09-28,10
C11750,45,Male,Gurgaon,2024-10-20,22
C11751,18,Female,Bangalore,2024-11-19,21
C11752,41,Female,Hyderabad,2025-07-29,12
C11753,28,Female,Ahmedabad,2025-09-29,10
C11754,18,Female,Noida,2023-11-05,34
C11755,40,Female,Gurgaon,2023-10-02,35
C11756,48,Other,Mumbai,2024-01-08,31
C11757,33,Male,Bangalore,2023-11-04,34
C11758,44,Male,Bangalore,2024-11-28,21
C11759,51,Male,Mumbai,2023-11-07,33
C11760,48,Male,Noida,2026-07-05,1
C11761,51,Female,Gurgaon,2026-02-18,6
C11762,42,Female,Bangalore,2024-06-07,26
C11763,35,Male,Ahmedabad,2023-10-21,34
C11764,18,Female,Hyderabad,2024-01-28,31
C11765,32,Male,Kolkata,2025-04-15,16
C11766,26,Male,Kolkata,2025-06-07,14
C11767,56,Female,Ahmedabad,2024-08-29,24
C11768,33,Female,Hyderabad,2026-05-14,3
C11769,36,Female,Pune,2026-05-10,3
C11770,40,Female,Chennai,2025-01-22,19
C11771,35,Male,Bangalore,2023-11-12,33
C11772,51,Male,Ahmedabad,2024-01-01,32
C11773,28,Male,Mumbai,2025-01-13,19
C11774,36,Female,Kolkata,2026-08-05,0
C11775,27,Male,Noida,2026-01-13,7
C11776,21,Male,Hyderabad,2024-03-22,29
C11777,28,Female,Gurgaon,2025-11-20,9
C11778,34,Female,Hyderabad,2025-02-26,18
C11779,30,Female,Chennai,2024-08-02,25
C11780,28,Male,Kolkata,2024-05-18,27
C11781,20,Male,Bangalore,2024-08-02,25
C11782,34,Male,Hyderabad,2026-05-21,3
C11783,19,Female,Ahmedabad,2024-05-23,27
C11784,42,Male,Hyderabad,2026-05-09,3
C11785,35,Female,Ahmedabad,2025-07-19,13
C11786,20,Other,Chennai,2024-08-09,24
C11787,31,Male,Gurgaon,2025-01-07,19
C11788,27,Male,Hyderabad,2026-03-24,5
C11789,38,Female,Mumbai,2024-06-21,26
C11790,48,Female,Kolkata,2023-10-24,34
C11791,18,Female,Bangalore,2024-02-11,30
C11792,36,Male,Noida,2025-01-26,19
C11793,33,Male,Kolkata,2025-12-21,8
C11794,41,Female,Hyderabad,2025-12-01,8
C11795,37,Female,Ahmedabad,2026-02-04,6
C11796,27,Male,Mumbai,2024-06-06,26
C11797,31,Male,Kolkata,2024-07-18,25
C11798,27,Female,Hyderabad,2024-09-26,23
C11799,45,Male,Delhi,2024-08-03,24
C11800,35,Female,Hyderabad,2025-10-30,9
C11801,54,Male,Pune,2025-07-10,13
C11802,34,Female,Hyderabad,2023-10-14,34
C11803,27,Female,Delhi,2024-05-21,27
C11804,19,Male,Gurgaon,2023-11-01,34
C11805,18,Female,Chennai,2026-05-31,2
C11806,19,Female,Pune,2026-05-21,3
C11807,37,Female,Hyderabad,2026-06-03,2
C11808,40,Male,Mumbai,2025-11-14,9
C11809,19,Female,Kolkata,2024-10-08,22
C11810,43,Female,Ahmedabad,2023-12-25,32
C11811,30,Female,Gurgaon,2023-09-23,35
C11812,36,Female,Hyderabad,2024-01-29,31
C11813,51,Male,Bangalore,2025-10-20,10
C11814,43,Male,Noida,2023-10-01,35
C11815,32,Female,Kolkata,2025-11-08,9
C11816,26,Male,Hyderabad,2024-10-19,22
C11817,18,Female,Noida,2024-11-07,21
C11818,27,Female,Ahmedabad,2025-09-23,11
C11819,32,Male,Noida,2024-06-08,26
C11820,25,Female,Mumbai,2024-12-17,20
C11821,33,Male,Noida,2024-10-02,22
C11822,35,Female,Kolkata,2023-10-18,34
C11823,32,Male,Mumbai,2023-10-13,34
C11824,28,Male,Noida,2023-08-27,36
C11825,36,Male,Pune,2023-11-22,33
C11826,39,Female,Noida,2024-12-16,20
C11827,24,Male,Bangalore,2023-12-23,32
C11828,49,Male,Gurgaon,2026-07-18,1
C11829,34,Male,Delhi,2024-07-28,25
C11830,35,Male,Pune,2024-10-12,22
C11831,42,Female,Chennai,2026-01-09,7
C11832,37,Male,Chennai,2024-04-20,28
C11833,44,Female,Hyderabad,2024-11-29,21
C11834,37,Male,Hyderabad,2026-06-28,1
C11835,28,Female,Kolkata,2023-12-24,32
C11836,38,Male,Ahmedabad,2025-02-24,18
C11837,23,Female,Noida,2025-05-12,15
C11838,36,Male,Gurgaon,2026-05-08,3
C11839,34,Female,Gurgaon,2023-12-12,32
C11840,32,Other,Kolkata,2025-09-06,11
C11841,33,Female,Pune,2023-09-13,35
C11842,18,Female,Ahmedabad,2024-07-04,25
C11843,29,Other,Noida,2025-10-23,10
C11844,35,Female,Hyderabad,2025-04-12,16
C11845,36,Male,Noida,2026-06-18,2
C11846,24,Male,Gurgaon,2026-01-08,7
C11847,47,Male,Delhi,2025-07-27,13
C11848,26,Male,Gurgaon,2026-07-14,1
C11849,44,Female,Noida,2024-03-01,30
C11850,39,Female,Chennai,2024-11-17,21
C11851,28,Male,Hyderabad,2024-04-16,28
C11852,52,Female,Mumbai,2025-10-15,10
C11853,23,Male,Gurgaon,2024-04-28,28
C11854,44,Other,Delhi,2025-06-30,13
C11855,45,Female,Bangalore,2024-05-03,28
C11856,28,Female,Mumbai,2023-10-29,34
C11857,48,Female,Gurgaon,2023-12-30,32
C11858,32,Male,Gurgaon,2026-04-16,4
C11859,37,Female,Noida,2025-11-12,9
C11860,37,Male,Chennai,2023-09-24,35
C11861,33,Male,Bangalore,2025-06-23,14
C11862,43,Female,Chennai,2024-10-25,22
C11863,42,Male,Kolkata,2023-12-16,32
C11864,18,Female,Chennai,2023-09-10,35
C11865,48,Female,Kolkata,2024-07-11,25
C11866,18,Male,Noida,2024-11-17,21
C11867,45,Male,Delhi,2025-09-01,11
C11868,46,Male,Ahmedabad,2024-01-23,31
C11869,24,Female,Hyderabad,2023-08-26,36
C11870,30,Female,Gurgaon,2024-09-19,23
C11871,23,Male,Delhi,2024-08-26,24
C11872,32,Male,Mumbai,2025-02-26,18
C11873,31,Male,Ahmedabad,2023-12-04,33
C11874,42,Female,Gurgaon,2025-07-24,13
C11875,48,Male,Delhi,2025-04-04,16
C11876,48,Male,Hyderabad,2025-01-27,19
C11877,29,Female,Delhi,2024-12-18,20
C11878,32,Female,Noida,2025-05-18,15
C11879,18,Female,Ahmedabad,2024-12-20,20
C11880,26,Male,Bangalore,2025-01-07,19
C11881,44,Female,Delhi,2025-06-23,14
C11882,51,Female,Hyderabad,2023-11-24,33
C11883,22,Male,Hyderabad,2024-11-10,21
C11884,29,Female,Chennai,2023-12-13,32
C11885,34,Male,Chennai,2024-09-06,23
C11886,37,Male,Ahmedabad,2025-02-07,18
C11887,26,Female,Gurgaon,2025-01-09,19
C11888,39,Male,Pune,2025-12-15,8
C11889,30,Female,Bangalore,2024-07-05,25
C11890,34,Male,Hyderabad,2024-06-04,26
C11891,40,Male,Chennai,2024-09-14,23
C11892,35,Female,Noida,2025-10-26,10
C11893,30,Female,Noida,2025-01-04,19
C11894,33,Male,Pune,2026-05-27,2
C11895,34,Female,Gurgaon,2025-01-09,19
C11896,31,Male,Chennai,2026-03-13,5
C11897,32,Female,Bangalore,2024-09-11,23
C11898,50,Male,Gurgaon,2024-02-28,30
C11899,40,Female,Noida,2025-03-14,17
C11900,32,Male,Pune,2023-12-14,32
C11901,41,Female,Ahmedabad,2025-06-09,14
C11902,31,Female,Chennai,2025-07-04,13
C11903,46,Male,Mumbai,2025-02-12,18
C11904,38,Female,Noida,2025-02-11,18
C11905,33,Male,Pune,2025-11-13,9
C11906,39,Male,Pune,2026-01-10,7
C11907,19,Female,Gurgaon,2025-04-18,16
C11908,23,Male,Kolkata,2025-04-12,16
C11909,23,Male,Gurgaon,2026-05-10,3
C11910,36,Male,Mumbai,2023-08-30,36
C11911,52,Female,Pune,2025-05-16,15
C11912,57,Male,Bangalore,2025-05-02,15
C11913,41,Female,Gurgaon,2026-05-06,3
C11914,40,Female,Bangalore,2026-01-28,6
C11915,18,Female,Chennai,2024-04-27,28
C11916,29,Female,Hyderabad,2024-10-14,22
C11917,27,Female,Mumbai,2023-12-28,32
C11918,28,Female,Kolkata,2026-01-28,6
C11919,33,Male,Pune,2025-11-13,9
C11920,30,Male,Hyderabad,2026-08-11,0
C11921,18,Female,Kolkata,2025-10-02,10
C11922,42,Other,Chennai,2024-05-10,27
C11923,24,Female,Bangalore,2023-12-21,32
C11924,37,Male,Mumbai,2023-12-18,32
C11925,55,Male,Bangalore,2025-07-09,13
C11926,25,Female,Kolkata,2025-01-10,19
C11927,18,Female,Gurgaon,2024-11-02,21
C11928,32,Female,Kolkata,2025-01-14,19
C11929,46,Female,Gurgaon,2026-04-22,4
C11930,54,Male,Chennai,2026-02-19,6
C11931,22,Female,Hyderabad,2025-05-03,15
C11932,39,Female,Ahmedabad,2026-06-06,2
C11933,30,Male,Delhi,2025-08-28,11
C11934,33,Male,Kolkata,2024-04-18,28
C11935,61,Female,Hyderabad,2025-08-26,12
C11936,19,Female,Mumbai,2026-06-08,2
C11937,37,Male,Pune,2024-05-30,27
C11938,39,Male,Mumbai,2023-11-11,33
C11939,45,Male,Ahmedabad,2025-08-05,12
C11940,35,Male,Chennai,2025-01-06,19
C11941,38,Female,Ahmedabad,2026-06-06,2
C11942,31,Female,Hyderabad,2026-08-03,0
C11943,37,Female,Chennai,2024-12-18,20
C11944,31,Female,Hyderabad,2026-01-14,7
C11945,41,Male,Ahmedabad,2024-10-04,22
C11946,31,Male,Delhi,2025-01-16,19
C11947,38,Male,Bangalore,2024-02-03,31
C11948,34,Male,Ahmedabad,2023-09-13,35
C11949,46,Male,Mumbai,2023-11-14,33
C11950,34,Female,Delhi,2025-11-20,9
C11951,18,Female,Delhi,2023-10-24,34
C11952,47,Female,Gurgaon,2024-01-06,31
C11953,25,Female,Delhi,2025-02-09,18
C11954,28,Female,Mumbai,2025-07-23,13
C11955,29,Female,Delhi,2026-01-03,7
C11956,48,Male,Hyderabad,2024-10-13,22
C11957,18,Other,Gurgaon,2025-09-23,11
C11958,66,Male,Kolkata,2024-01-25,31
C11959,45,Male,Pune,2025-03-13,17
C11960,37,Male,Ahmedabad,2025-08-05,12
C11961,34,Female,Pune,2026-07-24,0
C11962,37,Other,Kolkata,2024-09-30,23
C11963,40,Female,Ahmedabad,2024-12-25,20
C11964,41,Female,Hyderabad,2025-07-22,13
C11965,40,Female,Hyderabad,2025-08-27,12
C11966,35,Female,Bangalore,2024-05-13,27
C11967,33,Female,Hyderabad,2024-03-29,29
C11968,33,Female,Ahmedabad,2023-10-01,35
C11969,33,Male,Chennai,2024-10-19,22
C11970,46,Male,Mumbai,2026-02-25,5
C11971,40,Female,Bangalore,2024-05-23,27
C11972,18,Male,Hyderabad,2026-02-07,6
C11973,41,Female,Ahmedabad,2025-08-08,12
C11974,36,Male,Noida,2025-11-07,9
C11975,34,Female,Noida,2023-12-18,32
C11976,31,Male,Kolkata,2024-10-28,22
C11977,46,Female,Kolkata,2025-03-31,16
C11978,44,Male,Noida,2026-08-08,0
C11979,27,Female,Noida,2025-03-05,17
C11980,39,Male,Ahmedabad,2024-06-27,26
C11981,25,Female,Noida,2025-04-26,16
C11982,21,Female,Pune,2024-02-19,30
C11983,28,Male,Hyderabad,2025-02-21,18
C11984,43,Female,Pune,2024-10-15,22
C11985,44,Male,Delhi,2024-12-11,20
C11986,40,Male,Gurgaon,2026-07-29,0
C11987,42,Male,Delhi,2025-03-04,17
C11988,40,Female,Delhi,2024-08-15,24
C11989,28,Male,Bangalore,2025-04-25,16
C11990,39,Male,Chennai,2026-04-16,4
C11991,43,Female,Delhi,2025-12-22,8
C11992,42,Female,Chennai,2024-01-11,31
C11993,46,Male,Ahmedabad,2024-12-01,20
C11994,42,Female,Ahmedabad,2025-09-28,10
C11995,38,Female,Delhi,2024-05-13,27
C11996,45,Male,Noida,2023-10-27,34
C11997,34,Female,Pune,2024-11-23,21
C11998,26,Female,Hyderabad,2025-12-24,8
C11999,33,Female,Noida,2024-12-25,20
C12000,27,Male,Bangalore,2024-07-30,25
C12001,28,Female,Bangalore,2025-05-26,15
C12002,33,Male,Pune,2025-05-30,14
C12003,27,Female,Chennai,2025-11-21,9
C12004,31,Male,Bangalore,2023-12-16,32
C12005,18,Male,Gurgaon,2025-10-12,10
C12006,37,Male,Mumbai,2024-02-02,31
C12007,35,Female,Noida,2024-07-17,25
C12008,26,Male,Ahmedabad,2024-04-22,28
C12009,41,Male,Noida,2023-12-31,32
C12010,44,Male,Mumbai,2025-05-31,14
C12011,18,Female,Pune,2025-04-02,16
C12012,27,Male,Delhi,2026-03-07,5
C12013,27,Female,Kolkata,2023-09-10,35
C12014,25,Male,Hyderabad,2024-02-19,30
C12015,43,Male,Ahmedabad,2023-09-05,36
C12016,33,Female,Ahmedabad,2024-08-11,24
C12017,32,Female,Mumbai,2026-03-15,5
C12018,18,Male,Mumbai,2026-01-04,7
C12019,41,Male,Ahmedabad,2026-04-17,4
C12020,22,Male,Pune,2023-10-21,34
C12021,35,Female,Chennai,2025-07-03,13
C12022,37,Male,Noida,2025-10-19,10
C12023,48,Female,Noida,2025-09-19,11
C12024,21,Male,Hyderabad,2024-10-19,22
C12025,18,Male,Mumbai,2023-09-21,35
C12026,36,Male,Hyderabad,2024-02-29,30
C12027,53,Female,Delhi,2025-12-26,7
C12028,47,Female,Mumbai,2025-06-27,14
C12029,37,Male,Bangalore,2023-11-24,33
C12030,30,Female,Pune,2026-02-16,6
C12031,43,Male,Ahmedabad,2023-10-11,34
C12032,25,Female,Delhi,2024-02-21,30
C12033,39,Female,Ahmedabad,2026-04-30,3
C12034,40,Male,Pune,2024-02-05,30
C12035,45,Female,Pune,2025-11-24,9
C12036,62,Female,Gurgaon,2023-10-05,35
C12037,38,Male,Bangalore,2024-04-23,28
C12038,29,Female,Chennai,2024-01-29,31
C12039,34,Male,Chennai,2026-04-25,3
C12040,18,Female,Delhi,2024-01-18,31
C12041,28,Male,Chennai,2024-11-28,21
C12042,30,Female,Bangalore,2026-07-08,1
C12043,29,Male,Bangalore,2024-06-02,27
C12044,36,Male,Hyderabad,2025-03-18,17
C12045,26,Male,Hyderabad,2026-08-15,0
C12046,46,Male,Gurgaon,2025-06-01,14
C12047,35,Male,Pune,2026-03-25,5
C12048,34,Male,Bangalore,2026-05-21,3
C12049,31,Female,Bangalore,2024-04-06,28
C12050,36,Male,Noida,2024-09-15,23
C12051,43,Female,Pune,2026-04-13,4
C12052,26,Female,Delhi,2026-04-20,4
C12053,28,Other,Noida,2026-04-02,4
C12054,31,Other,Ahmedabad,2023-12-29,32
C12055,21,Female,Hyderabad,2026-06-18,2
C12056,26,Female,Noida,2025-01-11,19
C12057,30,Male,Chennai,2024-05-06,27
C12058,43,Female,Ahmedabad,2025-08-18,12
C12059,37,Female,Ahmedabad,2025-11-17,9
C12060,36,Male,Chennai,2024-04-13,28
C12061,43,Female,Pune,2024-07-16,25
C12062,33,Male,Chennai,2024-06-29,26
C12063,38,Female,Ahmedabad,2024-02-15,30
C12064,33,Male,Gurgaon,2024-07-09,25
C12065,37,Female,Hyderabad,2024-07-13,25
C12066,29,Female,Mumbai,2026-03-10,5
C12067,18,Female,Ahmedabad,2025-11-22,9
C12068,33,Female,Bangalore,2024-09-08,23
C12069,49,Female,Mumbai,2025-12-22,8
C12070,44,Male,Ahmedabad,2025-08-21,12
C12071,44,Male,Mumbai,2024-06-08,26
C12072,47,Male,Chennai,2023-09-03,36
C12073,35,Male,Pune,2025-12-04,8
C12074,36,Male,Hyderabad,2025-05-22,15
C12075,28,Female,Bangalore,2026-08-14,0
C12076,31,Female,Ahmedabad,2026-07-06,1
C12077,41,Female,Pune,2024-12-18,20
C12078,47,Male,Pune,2024-01-16,31
C12079,33,Male,Gurgaon,2024-04-05,28
C12080,30,Female,Ahmedabad,2023-08-28,36
C12081,35,Male,Gurgaon,2024-07-06,25
C12082,41,Male,Kolkata,2025-05-08,15
C12083,20,Male,Hyderabad,2025-04-02,16
C12084,18,Male,Mumbai,2024-01-21,31
C12085,29,Male,Mumbai,2024-09-12,23
C12086,22,Male,Mumbai,2025-10-08,10
C12087,29,Male,Hyderabad,2025-02-03,18
C12088,33,Female,Delhi,2025-07-31,12
C12089,30,Male,Bangalore,2026-01-02,7
C12090,49,Male,Delhi,2026-06-17,2
C12091,38,Female,Gurgaon,2024-04-15,28
C12092,38,Female,Delhi,2026-07-20,1
C12093,41,Male,Noida,2025-04-16,16
C12094,23,Female,Hyderabad,2025-06-25,14
C12095,45,Male,Kolkata,2026-04-06,4
C12096,34,Male,Mumbai,2026-01-27,6
C12097,41,Other,Hyderabad,2026-06-14,2
C12098,24,Female,Gurgaon,2024-02-19,30
C12099,19,Male,Chennai,2026-05-14,3
C12100,43,Female,Kolkata,2025-04-07,16
C12101,38,Female,Hyderabad,2026-05-23,3
C12102,25,Male,Delhi,2024-05-20,27
C12103,26,Male,Kolkata,2024-03-06,29
C12104,46,Male,Delhi,2025-04-29,16
C12105,23,Female,Noida,2025-06-03,14
C12106,51,Male,Mumbai,2026-04-28,3
C12107,25,Female,Ahmedabad,2025-11-08,9
C12108,41,Male,Hyderabad,2023-10-25,34
C12109,31,Male,Kolkata,2025-01-06,19
C12110,41,Female,Pune,2025-04-29,16
C12111,29,Female,Mumbai,2024-11-06,21
C12112,33,Male,Pune,2024-11-03,21
C12113,35,Male,Delhi,2025-04-23,16
C12114,24,Female,Kolkata,2024-12-11,20
C12115,42,Male,Kolkata,2025-11-01,9
C12116,29,Male,Mumbai,2023-09-19,35
C12117,32,Female,Hyderabad,2025-05-26,15
C12118,25,Female,Kolkata,2024-04-27,28
C12119,18,Male,Ahmedabad,2024-12-14,20
C12120,33,Female,Kolkata,2025-02-04,18
C12121,59,Female,Chennai,2026-04-19,4
C12122,42,Male,Bangalore,2025-08-28,11
C12123,34,Female,Gurgaon,2024-03-30,29
C12124,32,Male,Delhi,2023-11-10,33
C12125,35,Male,Noida,2026-05-17,3
C12126,40,Male,Ahmedabad,2024-09-15,23
C12127,23,Male,Ahmedabad,2024-07-02,26
C12128,46,Female,Mumbai,2023-09-12,35
C12129,42,Male,Ahmedabad,2024-11-07,21
C12130,42,Female,Chennai,2024-04-21,28
C12131,39,Male,Kolkata,2024-05-07,27
C12132,35,Male,Gurgaon,2025-10-20,10
C12133,41,Male,Ahmedabad,2024-12-15,20
C12134,40,Female,Delhi,2024-07-12,25
C12135,31,Female,Pune,2025-08-10,12
C12136,29,Female,Ahmedabad,2023-12-26,32
C12137,36,Male,Ahmedabad,2025-04-15,16
C12138,50,Female,Hyderabad,2025-05-17,15
C12139,22,Male,Chennai,2024-12-14,20
C12140,20,Female,Delhi,2025-10-30,9
C12141,36,Female,Gurgaon,2024-01-16,31
C12142,35,Male,Pune,2026-04-25,3
C12143,36,Male,Pune,2024-04-28,28
C12144,37,Female,Chennai,2024-04-20,28
C12145,32,Female,Gurgaon,2023-09-01,36
C12146,49,Male,Ahmedabad,2025-11-20,9
C12147,18,Female,Chennai,2024-06-17,26
C12148,26,Female,Kolkata,2025-04-11,16
C12149,33,Male,Mumbai,2025-03-17,17
C12150,18,Male,Delhi,2025-07-01,13
C12151,33,Female,Ahmedabad,2024-10-14,22
C12152,51,Male,Ahmedabad,2026-03-13,5
C12153,35,Male,Delhi,2024-02-12,30
C12154,37,Female,Delhi,2024-07-23,25
C12155,22,Female,Noida,2026-02-13,6
C12156,28,Female,Gurgaon,2025-07-27,13
C12157,31,Male,Noida,2026-05-08,3
C12158,31,Female,Chennai,2025-02-18,18
C12159,47,Female,Chennai,2024-07-10,25
C12160,40,Male,Mumbai,2026-06-02,2
C12161,23,Female,Mumbai,2026-03-25,5
C12162,37,Female,Pune,2025-08-01,12
C12163,39,Female,Ahmedabad,2025-06-03,14
C12164,46,Female,Delhi,2023-12-14,32
C12165,50,Male,Chennai,2025-06-20,14
C12166,24,Female,Chennai,2024-10-09,22
C12167,26,Female,Kolkata,2024-12-09,20
C12168,22,Female,Chennai,2026-07-21,1
C12169,32,Other,Kolkata,2025-06-14,14
C12170,39,Male,Bangalore,2025-07-28,13
C12171,44,Male,Bangalore,2025-12-24,8
C12172,34,Male,Kolkata,2023-12-15,32
C12173,31,Female,Noida,2025-04-12,16
C12174,36,Male,Ahmedabad,2025-06-29,13
C12175,26,Female,Gurgaon,2024-05-31,27
C12176,55,Male,Kolkata,2025-04-18,16
C12177,18,Male,Delhi,2024-11-01,21
C12178,36,Male,Mumbai,2025-01-19,19
C12179,55,Female,Ahmedabad,2024-07-03,26
C12180,35,Female,Ahmedabad,2024-01-10,31
C12181,33,Female,Ahmedabad,2023-08-25,36
C12182,31,Female,Noida,2024-08-16,24
C12183,33,Male,Mumbai,2024-11-28,21
C12184,48,Male,Mumbai,2025-03-04,17
C12185,18,Other,Kolkata,2024-08-15,24
C12186,50,Female,Pune,2023-10-06,35
C12187,20,Male,Pune,2023-11-07,33
C12188,32,Female,Hyderabad,2024-01-10,31
C12189,30,Male,Kolkata,2026-02-01,6
C12190,40,Male,Kolkata,2024-01-03,32
C12191,19,Male,Noida,2024-11-04,21
C12192,39,Female,Ahmedabad,2025-07-01,13
C12193,55,Male,Bangalore,2024-07-23,25
C12194,21,Male,Noida,2024-11-19,21
C12195,36,Male,Bangalore,2024-04-26,28
C12196,28,Male,Delhi,2026-05-20,3
C12197,39,Male,Pune,2025-05-25,15
C12198,35,Male,Chennai,2025-10-27,9
C12199,28,Male,Bangalore,2026-07-19,1
C12200,39,Female,Noida,2025-03-05,17
C12201,53,Male,Delhi,2024-04-18,28
C12202,33,Male,Hyderabad,2024-12-25,20
C12203,42,Male,Hyderabad,2025-10-13,10
C12204,22,Female,Kolkata,2025-07-16,13
C12205,25,Female,Bangalore,2024-10-15,22
C12206,39,Male,Pune,2025-05-07,15
C12207,49,Female,Ahmedabad,2024-07-05,25
C12208,38,Female,Pune,2025-04-05,16
C12209,31,Female,Kolkata,2023-11-03,34
C12210,34,Male,Chennai,2024-09-29,23
C12211,22,Male,Bangalore,2025-03-12,17
C12212,41,Female,Chennai,2023-11-25,33
C12213,43,Female,Ahmedabad,2023-11-21,33
C12214,30,Female,Kolkata,2024-01-21,31
C12215,30,Male,Pune,2025-09-11,11
C12216,37,Male,Pune,2024-08-30,24
C12217,30,Female,Delhi,2025-09-09,11
C12218,34,Female,Kolkata,2025-11-08,9
C12219,55,Male,Hyderabad,2023-11-25,33
C12220,32,Male,Hyderabad,2025-08-10,12
C12221,31,Male,Pune,2026-04-23,4
C12222,28,Female,Pune,2023-09-13,35
C12223,42,Female,Bangalore,2026-06-13,2
C12224,33,Female,Bangalore,2026-03-22,5
C12225,28,Female,Mumbai,2026-05-14,3
C12226,48,Male,Noida,2026-08-08,0
C12227,49,Female,Kolkata,2024-04-29,28
C12228,28,Other,Bangalore,2025-11-13,9
C12229,18,Female,Pune,2025-05-05,15
C12230,45,Female,Ahmedabad,2026-04-04,4
C12231,28,Male,Pune,2025-10-16,10
C12232,42,Female,Kolkata,2026-08-03,0
C12233,18,Female,Hyderabad,2025-05-31,14
C12234,43,Female,Chennai,2023-10-21,34
C12235,22,Male,Pune,2024-01-31,31
C12236,42,Female,Delhi,2024-07-18,25
C12237,35,Male,Kolkata,2026-04-20,4
C12238,25,Male,Gurgaon,2023-12-06,33
C12239,30,Male,Pune,2023-11-26,33
C12240,41,Female,Delhi,2026-07-20,1
C12241,36,Male,Bangalore,2026-08-08,0
C12242,40,Male,Mumbai,2023-08-28,36
C12243,54,Female,Mumbai,2024-05-01,28
C12244,19,Female,Delhi,2026-07-28,0
C12245,51,Female,Hyderabad,2026-07-18,1
C12246,36,Male,Kolkata,2023-09-02,36
C12247,26,Female,Bangalore,2025-02-05,18
C12248,21,Male,Delhi,2025-01-11,19
C12249,33,Male,Ahmedabad,2026-07-17,1
C12250,44,Male,Mumbai,2023-10-28,34
C12251,33,Female,Bangalore,2024-03-23,29
C12252,50,Male,Hyderabad,2025-08-19,12
C12253,20,Male,Bangalore,2026-01-14,7
C12254,34,Male,Noida,2026-02-05,6
C12255,22,Male,Delhi,2023-09-13,35
C12256,38,Female,Chennai,2025-10-21,10
C12257,43,Female,Ahmedabad,2025-04-15,16
C12258,30,Male,Kolkata,2025-07-24,13
C12259,18,Male,Noida,2023-09-08,35
C12260,36,Male,Kolkata,2025-03-23,17
C12261,39,Female,Pune,2024-08-26,24
C12262,39,Male,Delhi,2025-02-20,18
C12263,47,Male,Delhi,2024-05-31,27
C12264,24,Female,Kolkata,2026-03-13,5
C12265,41,Male,Chennai,2024-07-18,25
C12266,46,Male,Pune,2024-05-12,27
C12267,18,Male,Ahmedabad,2024-01-24,31
C12268,38,Male,Bangalore,2025-04-10,16
C12269,29,Male,Noida,2025-05-16,15
C12270,34,Female,Gurgaon,2024-12-15,20
C12271,38,Male,Hyderabad,2026-03-09,5
C12272,30,Male,Gurgaon,2026-06-18,2
C12273,28,Female,Noida,2026-02-11,6
C12274,35,Female,Gurgaon,2024-05-13,27
C12275,24,Male,Kolkata,2024-07-06,25
C12276,24,Female,Bangalore,2024-07-10,25
C12277,41,Male,Kolkata,2023-12-21,32
C12278,23,Female,Bangalore,2026-04-29,3
C12279,41,Female,Pune,2026-08-02,0
C12280,39,Female,Delhi,2025-09-05,11
C12281,18,Male,Hyderabad,2026-03-05,5
C12282,28,Male,Mumbai,2023-11-02,34
C12283,46,Female,Bangalore,2024-03-16,29
C12284,25,Female,Delhi,2024-10-12,22
C12285,30,Female,Hyderabad,2026-02-07,6
C12286,39,Male,Pune,2023-09-05,36
C12287,42,Female,Ahmedabad,2026-05-26,2
C12288,32,Female,Mumbai,2025-05-08,15
C12289,29,Male,Kolkata,2025-06-15,14
C12290,49,Male,Noida,2023-12-22,32
C12291,52,Male,Bangalore,2025-02-12,18
C12292,44,Female,Hyderabad,2026-05-18,3
C12293,35,Female,Hyderabad,2026-03-22,5
C12294,26,Female,Ahmedabad,2025-01-24,19
C12295,26,Male,Hyderabad,2026-06-15,2
C12296,40,Female,Kolkata,2025-08-19,12
C12297,39,Female,Pune,2024-11-15,21
C12298,49,Male,Ahmedabad,2026-07-20,1
C12299,41,Male,Ahmedabad,2025-06-23,14
C12300,19,Male,Kolkata,2025-10-30,9
C12301,45,Female,Bangalore,2024-05-28,27
C12302,25,Male,Chennai,2026-03-17,5
C12303,31,Male,Delhi,2024-12-17,20
C12304,37,Male,Gurgaon,2025-09-23,11
C12305,54,Female,Pune,2025-04-16,16
C12306,66,Male,Chennai,2024-06-16,26
C12307,41,Male,Hyderabad,2024-10-11,22
C12308,33,Male,Hyderabad,2024-06-26,26
C12309,40,Male,Mumbai,2025-11-08,9
C12310,43,Male,Mumbai,2026-03-14,5
C12311,31,Male,Mumbai,2023-10-31,34
C12312,52,Female,Ahmedabad,2024-09-12,23
C12313,37,Female,Kolkata,2026-05-04,3
C12314,39,Female,Chennai,2026-02-02,6
C12315,41,Male,Delhi,2024-03-09,29
C12316,39,Female,Noida,2025-05-03,15
C12317,43,Male,Kolkata,2026-03-19,5
C12318,28,Male,Noida,2024-09-23,23
C12319,29,Female,Gurgaon,2024-05-31,27
C12320,23,Female,Pune,2024-10-22,22
C12321,39,Female,Pune,2026-06-22,2
C12322,42,Female,Noida,2025-02-08,18
C12323,39,Other,Kolkata,2024-02-11,30
C12324,51,Female,Ahmedabad,2023-11-21,33
C12325,34,Female,Hyderabad,2025-05-11,15
C12326,41,Female,Ahmedabad,2024-08-23,24
C12327,24,Male,Ahmedabad,2024-07-14,25
C12328,31,Male,Delhi,2024-03-20,29
C12329,41,Female,Chennai,2025-08-06,12
C12330,43,Male,Noida,2024-07-04,25
C12331,32,Male,Gurgaon,2026-02-27,5
C12332,34,Male,Gurgaon,2024-12-25,20
C12333,19,Male,Pune,2025-04-04,16
C12334,31,Female,Kolkata,2026-03-24,5
C12335,43,Female,Pune,2026-03-06,5
C12336,40,Female,Gurgaon,2025-02-19,18
C12337,40,Female,Kolkata,2025-10-10,10
C12338,35,Female,Pune,2024-07-04,25
C12339,35,Male,Kolkata,2025-10-10,10
C12340,28,Female,Delhi,2024-06-15,26
C12341,41,Male,Bangalore,2024-11-11,21
C12342,39,Male,Chennai,2024-08-13,24
C12343,39,Male,Delhi,2026-01-15,7
C12344,29,Female,Pune,2026-02-15,6
C12345,18,Male,Hyderabad,2026-08-11,0
C12346,45,Female,Delhi,2024-11-28,21
C12347,30,Female,Chennai,2024-02-23,30
C12348,26,Male,Noida,2024-08-14,24
C12349,41,Male,Noida,2025-02-15,18
C12350,31,Female,Bangalore,2026-01-24,7
C12351,45,Male,Gurgaon,2025-11-23,9
C12352,41,Female,Delhi,2026-02-24,5
C12353,41,Female,Gurgaon,2025-08-03,12
C12354,21,Female,Pune,2024-03-22,29
C12355,47,Male,Chennai,2024-02-14,30
C12356,37,Female,Pune,2023-10-07,35
C12357,31,Female,Kolkata,2024-05-08,27
C12358,36,Other,Chennai,2026-01-22,7
C12359,18,Female,Delhi,2026-06-29,1
C12360,39,Female,Mumbai,2026-02-19,6
C12361,24,Male,Chennai,2024-08-27,24
C12362,21,Female,Bangalore,2026-02-12,6
C12363,19,Female,Mumbai,2024-10-26,22
C12364,46,Male,Noida,2024-06-24,26
C12365,28,Male,Ahmedabad,2026-07-27,0
C12366,50,Male,Kolkata,2025-01-01,19
C12367,29,Female,Kolkata,2024-04-26,28
C12368,18,Male,Bangalore,2024-06-18,26
C12369,23,Male,Ahmedabad,2026-03-01,5
C12370,47,Female,Noida,2025-04-11,16
C12371,33,Female,Kolkata,2023-09-19,35
C12372,29,Male,Mumbai,2025-09-08,11
C12373,36,Male,Chennai,2024-07-03,26
C12374,40,Male,Kolkata,2025-09-08,11
C12375,46,Male,Chennai,2025-11-10,9
C12376,49,Male,Noida,2025-02-17,18
C12377,31,Female,Chennai,2024-12-13,20
C12378,21,Female,Chennai,2025-02-18,18
C12379,30,Female,Delhi,2023-11-16,33
C12380,37,Male,Mumbai,2025-10-27,9
C12381,25,Female,Pune,2026-04-14,4
C12382,25,Female,Delhi,2025-09-13,11
C12383,38,Male,Ahmedabad,2024-03-14,29
C12384,34,Male,Chennai,2025-02-02,18
C12385,35,Female,Pune,2024-04-11,28
C12386,27,Female,Pune,2024-12-16,20
C12387,32,Male,Kolkata,2023-12-04,33
C12388,25,Female,Noida,2026-03-17,5
C12389,43,Female,Ahmedabad,2024-08-12,24
C12390,45,Female,Delhi,2025-03-24,17
C12391,18,Male,Ahmedabad,2025-04-03,16
C12392,25,Female,Gurgaon,2023-11-10,33
C12393,20,Male,Mumbai,2025-07-17,13
C12394,28,Female,Noida,2024-01-27,31
C12395,34,Female,Noida,2026-01-14,7
C12396,20,Male,Delhi,2025-11-17,9
C12397,25,Female,Bangalore,2024-12-06,20
C12398,24,Male,Ahmedabad,2026-08-08,0
C12399,37,Female,Kolkata,2024-06-02,27
C12400,35,Male,Mumbai,2024-10-10,22
C12401,27,Female,Mumbai,2024-07-04,25
C12402,36,Male,Mumbai,2024-10-16,22
C12403,29,Female,Pune,2024-03-03,30
C12404,32,Female,Noida,2024-10-05,22
C12405,51,Female,Chennai,2024-03-23,29
C12406,48,Male,Chennai,2025-11-16,9
C12407,22,Female,Mumbai,2024-12-14,20
C12408,43,Male,Mumbai,2024-11-03,21
C12409,43,Female,Pune,2025-07-06,13
C12410,23,Female,Chennai,2023-12-14,32
C12411,43,Female,Chennai,2024-11-16,21
C12412,50,Female,Noida,2025-08-23,12
C12413,23,Male,Bangalore,2024-05-28,27
C12414,25,Female,Delhi,2024-11-06,21
C12415,45,Male,Noida,2025-01-02,19
C12416,37,Female,Delhi,2023-11-20,33
C12417,40,Female,Kolkata,2025-04-12,16
C12418,38,Female,Pune,2024-10-23,22
C12419,38,Female,Kolkata,2024-07-12,25
C12420,21,Male,Chennai,2025-01-24,19
C12421,45,Female,Noida,2024-06-08,26
C12422,46,Male,Mumbai,2024-08-04,24
C12423,32,Female,Noida,2025-12-31,7
C12424,34,Female,Ahmedabad,2025-07-08,13
C12425,19,Male,Pune,2025-08-18,12
C12426,40,Male,Pune,2026-06-27,1
C12427,40,Male,Delhi,2024-01-19,31
C12428,34,Other,Hyderabad,2025-06-18,14
C12429,46,Male,Ahmedabad,2024-03-07,29
C12430,31,Female,Ahmedabad,2025-01-02,19
C12431,40,Female,Ahmedabad,2026-04-02,4
C12432,24,Male,Ahmedabad,2024-05-06,27
C12433,34,Male,Bangalore,2023-11-03,34
C12434,33,Female,Ahmedabad,2025-11-09,9
C12435,37,Male,Bangalore,2024-12-09,20
C12436,31,Female,Bangalore,2025-04-13,16
C12437,33,Male,Gurgaon,2025-03-22,17
C12438,43,Male,Noida,2025-10-10,10
C12439,30,Female,Kolkata,2024-04-07,28
C12440,18,Male,Hyderabad,2024-07-10,25
C12441,52,Female,Kolkata,2026-03-23,5
C12442,48,Female,Kolkata,2024-02-14,30
C12443,22,Male,Delhi,2023-12-14,32
C12444,41,Male,Noida,2024-05-23,27
C12445,29,Male,Delhi,2023-08-23,36
C12446,37,Male,Mumbai,2023-10-19,34
C12447,37,Female,Noida,2024-04-17,28
C12448,32,Female,Chennai,2026-06-07,2
C12449,27,Male,Ahmedabad,2024-08-15,24
C12450,28,Male,Delhi,2026-02-28,5
C12451,25,Male,Bangalore,2026-01-10,7
C12452,26,Male,Delhi,2025-03-31,16
C12453,34,Female,Pune,2024-08-24,24
C12454,27,Male,Gurgaon,2025-09-15,11
C12455,41,Male,Kolkata,2026-05-23,3
C12456,49,Male,Noida,2024-05-25,27
C12457,29,Female,Gurgaon,2024-10-11,22
C12458,37,Male,Bangalore,2024-03-23,29
C12459,39,Female,Gurgaon,2026-01-17,7
C12460,39,Male,Bangalore,2026-07-31,0
C12461,35,Female,Hyderabad,2026-02-01,6
C12462,42,Female,Delhi,2025-03-10,17
C12463,39,Male,Mumbai,2025-05-24,15
C12464,22,Female,Kolkata,2023-10-11,34
C12465,43,Female,Bangalore,2023-09-24,35
C12466,43,Male,Gurgaon,2025-05-26,15
C12467,27,Male,Delhi,2024-02-21,30
C12468,35,Female,Bangalore,2024-07-16,25
C12469,41,Female,Delhi,2024-06-11,26
C12470,32,Female,Ahmedabad,2024-01-16,31
C12471,45,Female,Pune,2023-11-01,34
C12472,58,Female,Delhi,2025-10-17,10
C12473,27,Female,Noida,2024-09-14,23
C12474,21,Female,Chennai,2026-07-02,1
C12475,38,Male,Kolkata,2023-12-07,32
C12476,42,Female,Noida,2026-01-19,7
C12477,32,Male,Ahmedabad,2024-12-24,20
C12478,49,Male,Kolkata,2024-04-22,28
C12479,21,Female,Bangalore,2026-02-27,5
C12480,41,Male,Chennai,2025-12-27,7
C12481,28,Male,Chennai,2025-11-04,9
C12482,52,Male,Chennai,2024-09-07,23
C12483,54,Female,Kolkata,2024-11-21,21
C12484,27,Female,Gurgaon,2024-09-18,23
C12485,29,Female,Hyderabad,2024-02-01,31
C12486,43,Male,Mumbai,2025-06-24,14
C12487,31,Male,Chennai,2023-09-19,35
C12488,34,Male,Noida,2023-12-06,33
C12489,35,Male,Pune,2024-09-07,23
C12490,18,Male,Gurgaon,2023-12-20,32
C12491,34,Male,Mumbai,2026-02-03,6
C12492,28,Male,Chennai,2024-03-07,29
C12493,30,Male,Mumbai,2024-02-07,30
C12494,49,Female,Mumbai,2024-11-06,21
C12495,22,Female,Noida,2026-04-06,4
C12496,43,Female,Mumbai,2024-12-15,20
C12497,32,Female,Ahmedabad,2026-05-22,3
C12498,32,Male,Bangalore,2025-12-29,7
C12499,42,Female,Bangalore,2026-07-06,1
C12500,38,Male,Mumbai,2024-09-18,23
C12501,40,Female,Ahmedabad,2026-01-10,7
C12502,44,Female,Bangalore,2025-09-19,11
C12503,31,Female,Noida,2025-04-09,16
C12504,28,Female,Bangalore,2023-09-30,35
C12505,24,Female,Pune,2025-08-29,11
C12506,26,Female,Chennai,2025-09-28,10
C12507,64,Male,Delhi,2024-10-13,22
C12508,47,Female,Delhi,2024-03-31,29
C12509,21,Male,Ahmedabad,2024-01-18,31
C12510,21,Female,Mumbai,2025-05-04,15
C12511,39,Male,Delhi,2024-05-14,27
C12512,40,Male,Delhi,2025-08-09,12
C12513,40,Female,Ahmedabad,2025-08-05,12
C12514,32,Male,Gurgaon,2024-03-19,29
C12515,33,Female,Ahmedabad,2024-06-02,27
C12516,38,Male,Bangalore,2026-06-23,2
C12517,35,Female,Delhi,2025-07-13,13
C12518,18,Female,Bangalore,2024-02-13,30
C12519,32,Female,Delhi,2024-03-25,29
C12520,26,Male,Bangalore,2024-06-16,26
C12521,36,Male,Gurgaon,2026-08-12,0
C12522,64,Female,Kolkata,2025-06-08,14
C12523,38,Male,Bangalore,2025-06-26,14
C12524,31,Male,Bangalore,2025-01-28,19
C12525,44,Female,Noida,2026-04-15,4
C12526,39,Male,Noida,2026-01-25,6
C12527,39,Male,Hyderabad,2025-08-04,12
C12528,41,Male,Ahmedabad,2024-08-02,25
C12529,55,Male,Gurgaon,2024-10-23,22
C12530,23,Female,Ahmedabad,2025-07-14,13
C12531,39,Male,Pune,2024-01-27,31
C12532,25,Female,Noida,2025-12-31,7
C12533,40,Male,Delhi,2025-03-02,17
C12534,25,Male,Chennai,2023-11-23,33
C12535,30,Female,Chennai,2023-09-06,36
C12536,32,Male,Ahmedabad,2024-11-18,21
C12537,44,Female,Delhi,2024-06-17,26
C12538,44,Female,Delhi,2024-06-09,26
C12539,22,Male,Noida,2025-12-31,7
C12540,35,Female,Chennai,2024-09-08,23
C12541,27,Male,Gurgaon,2024-08-31,24
C12542,22,Male,Noida,2024-01-27,31
C12543,32,Male,Pune,2025-09-02,11
C12544,31,Female,Bangalore,2024-12-20,20
C12545,59,Male,Mumbai,2026-03-01,5
C12546,39,Female,Noida,2025-11-20,9
C12547,21,Female,Gurgaon,2024-11-18,21
C12548,29,Male,Chennai,2025-12-23,8
C12549,45,Male,Delhi,2025-04-20,16
C12550,55,Female,Noida,2024-12-04,20
C12551,19,Female,Noida,2025-12-25,8
C12552,18,Male,Ahmedabad,2025-08-12,12
C12553,53,Female,Hyderabad,2024-07-18,25
C12554,38,Male,Hyderabad,2025-11-05,9
C12555,26,Female,Hyderabad,2023-10-10,34
C12556,40,Female,Pune,2024-06-17,26
C12557,18,Female,Delhi,2024-04-17,28
C12558,35,Female,Gurgaon,2025-11-12,9
C12559,38,Female,Ahmedabad,2024-06-27,26
C12560,44,Female,Delhi,2024-04-07,28
C12561,24,Female,Pune,2025-08-06,12
C12562,35,Male,Gurgaon,2023-11-29,33
C12563,25,Female,Kolkata,2025-09-01,11
C12564,37,Male,Delhi,2025-09-14,11
C12565,26,Male,Kolkata,2023-11-23,33
C12566,30,Male,Kolkata,2025-01-07,19
C12567,25,Male,Delhi,2025-11-07,9
C12568,41,Male,Noida,2025-08-03,12
C12569,43,Female,Noida,2024-11-15,21
C12570,32,Male,Hyderabad,2024-02-10,30
C12571,35,Female,Delhi,2026-05-04,3
C12572,20,Male,Chennai,2024-08-16,24
C12573,32,Male,Chennai,2026-08-02,0
C12574,34,Male,Noida,2023-12-03,33
C12575,61,Male,Delhi,2025-11-15,9
C12576,23,Female,Kolkata,2025-07-18,13
C12577,49,Female,Kolkata,2024-06-26,26
C12578,44,Male,Chennai,2023-10-21,34
C12579,37,Male,Hyderabad,2023-11-12,33
C12580,52,Female,Delhi,2024-05-06,27
C12581,38,Male,Ahmedabad,2023-11-18,33
C12582,38,Male,Kolkata,2024-04-22,28
C12583,34,Female,Pune,2024-02-24,30
C12584,47,Male,Gurgaon,2023-11-25,33
C12585,45,Female,Pune,2025-09-13,11
C12586,28,Female,Pune,2026-03-05,5
C12587,21,Male,Ahmedabad,2026-06-19,2
C12588,32,Male,Bangalore,2025-05-27,15
C12589,26,Female,Gurgaon,2024-12-31,19
C12590,34,Male,Gurgaon,2026-06-16,2
C12591,47,Female,Kolkata,2025-02-05,18
C12592,30,Female,Pune,2025-05-18,15
C12593,34,Male,Hyderabad,2025-01-07,19
C12594,35,Female,Ahmedabad,2025-09-11,11
C12595,43,Male,Mumbai,2024-01-28,31
C12596,18,Male,Noida,2023-11-11,33
C12597,28,Female,Kolkata,2023-10-10,34
C12598,37,Female,Kolkata,2026-01-02,7
C12599,47,Female,Ahmedabad,2025-12-31,7
C12600,30,Male,Pune,2025-02-19,18
C12601,18,Female,Pune,2024-07-31,25
C12602,41,Male,Bangalore,2026-05-28,2
C12603,28,Female,Mumbai,2024-03-01,30
C12604,23,Female,Noida,2025-05-31,14
C12605,28,Female,Hyderabad,2024-04-03,29
C12606,33,Female,Kolkata,2026-01-24,7
C12607,28,Female,Gurgaon,2025-04-02,16
C12608,18,Other,Pune,2024-12-20,20
C12609,43,Female,Ahmedabad,2026-06-16,2
C12610,47,Female,Pune,2024-02-12,30
C12611,41,Female,Ahmedabad,2025-03-01,17
C12612,23,Female,Gurgaon,2024-09-07,23
C12613,32,Female,Mumbai,2026-02-24,5
C12614,34,Male,Hyderabad,2024-03-05,30
C12615,40,Male,Gurgaon,2025-12-24,8
C12616,41,Female,Gurgaon,2025-04-23,16
C12617,27,Male,Ahmedabad,2025-06-18,14
C12618,35,Female,Bangalore,2024-09-02,23
C12619,39,Male,Kolkata,2024-03-28,29
C12620,49,Male,Hyderabad,2025-09-16,11
C12621,42,Female,Noida,2025-11-09,9
C12622,42,Female,Pune,2025-06-24,14
C12623,35,Male,Hyderabad,2025-06-24,14
C12624,49,Female,Noida,2026-04-22,4
C12625,39,Female,Gurgaon,2024-09-02,23
C12626,26,Male,Ahmedabad,2023-08-27,36
C12627,49,Male,Chennai,2025-01-23,19
C12628,41,Male,Ahmedabad,2025-09-11,11
C12629,30,Male,Ahmedabad,2024-10-28,22
C12630,30,Male,Hyderabad,2024-12-30,20
C12631,37,Male,Hyderabad,2025-01-06,19
C12632,39,Male,Hyderabad,2025-02-20,18
C12633,36,Female,Gurgaon,2023-10-03,35
C12634,38,Female,Ahmedabad,2026-02-07,6
C12635,51,Female,Hyderabad,2025-11-17,9
C12636,45,Male,Chennai,2024-05-01,28
C12637,36,Female,Mumbai,2026-04-22,4
C12638,44,Female,Noida,2025-01-31,18
C12639,24,Female,Chennai,2025-12-05,8
C12640,38,Female,Bangalore,2025-11-23,9
C12641,53,Female,Ahmedabad,2025-03-28,17
C12642,32,Female,Ahmedabad,2025-10-26,10
C12643,26,Female,Chennai,2024-10-31,22
C12644,28,Male,Ahmedabad,2025-04-02,16
C12645,24,Male,Ahmedabad,2024-06-08,26
C12646,27,Male,Pune,2023-11-23,33
C12647,31,Male,Noida,2025-11-03,9
C12648,20,Male,Hyderabad,2025-02-17,18
C12649,35,Female,Chennai,2024-04-25,28
C12650,44,Male,Gurgaon,2024-07-14,25
C12651,25,Female,Mumbai,2024-02-08,30
C12652,50,Female,Gurgaon,2026-03-20,5
C12653,40,Male,Noida,2026-02-12,6
C12654,45,Male,Bangalore,2024-05-18,27
C12655,28,Male,Chennai,2023-10-01,35
C12656,43,Other,Gurgaon,2025-01-29,19
C12657,24,Female,Bangalore,2024-07-27,25
C12658,43,Male,Pune,2024-02-02,31
C12659,36,Female,Mumbai,2023-11-26,33
C12660,40,Female,Ahmedabad,2024-10-20,22
C12661,23,Male,Gurgaon,2026-08-16,0
C12662,26,Female,Chennai,2026-02-12,6
C12663,40,Female,Mumbai,2024-01-26,31
C12664,25,Male,Ahmedabad,2024-08-18,24
C12665,39,Female,Hyderabad,2026-04-14,4
C12666,21,Male,Pune,2023-08-23,36
C12667,43,Male,Bangalore,2024-05-29,27
C12668,22,Male,Pune,2025-06-01,14
C12669,40,Female,Ahmedabad,2024-03-25,29
C12670,41,Female,Chennai,2025-06-14,14
C12671,28,Male,Bangalore,2023-11-12,33
C12672,40,Male,Kolkata,2025-02-18,18
C12673,37,Male,Chennai,2024-10-29,22
C12674,29,Female,Gurgaon,2025-01-18,19
C12675,24,Male,Pune,2024-09-29,23
C12676,18,Female,Ahmedabad,2025-11-27,8
C12677,38,Female,Gurgaon,2023-12-02,33
C12678,19,Female,Mumbai,2024-09-17,23
C12679,35,Male,Noida,2026-05-14,3
C12680,32,Male,Delhi,2026-05-19,3
C12681,41,Male,Kolkata,2026-01-30,6
C12682,31,Female,Gurgaon,2024-01-23,31
C12683,31,Female,Noida,2026-07-19,1
C12684,42,Female,Bangalore,2025-12-10,8
C12685,38,Male,Chennai,2025-10-02,10
C12686,38,Female,Bangalore,2024-03-01,30
C12687,39,Male,Ahmedabad,2024-01-30,31
C12688,19,Male,Chennai,2026-08-20,0
C12689,42,Female,Mumbai,2024-03-28,29
C12690,41,Male,Bangalore,2025-07-03,13
C12691,24,Female,Kolkata,2025-11-24,9
C12692,32,Female,Chennai,2024-12-11,20
C12693,34,Female,Bangalore,2025-09-30,10
C12694,33,Male,Kolkata,2025-02-06,18
C12695,38,Male,Noida,2026-02-11,6
C12696,49,Male,Mumbai,2024-08-13,24
C12697,45,Male,Mumbai,2025-03-27,17
C12698,21,Female,Chennai,2026-03-06,5
C12699,41,Female,Kolkata,2024-07-21,25
C12700,48,Male,Pune,2025-09-17,11
C12701,38,Female,Mumbai,2026-05-07,3
C12702,45,Female,Ahmedabad,2024-06-01,27
C12703,55,Male,Pune,2024-12-04,20
C12704,45,Male,Bangalore,2025-04-29,16
C12705,37,Male,Noida,2024-03-25,29
C12706,45,Female,Mumbai,2026-02-16,6
C12707,36,Male,Noida,2026-02-08,6
C12708,35,Female,Mumbai,2026-08-19,0
C12709,31,Male,Delhi,2025-06-10,14
C12710,50,Female,Ahmedabad,2023-12-19,32
C12711,26,Male,Hyderabad,2026-03-15,5
C12712,50,Other,Hyderabad,2025-11-23,9
C12713,39,Female,Gurgaon,2025-05-15,15
C12714,21,Male,Mumbai,2023-09-23,35
C12715,38,Female,Ahmedabad,2024-02-22,30
C12716,18,Female,Bangalore,2026-08-02,0
C12717,41,Female,Hyderabad,2026-08-05,0
C12718,43,Male,Gurgaon,2024-09-17,23
C12719,29,Male,Pune,2025-12-18,8
C12720,36,Female,Noida,2024-04-09,28
C12721,54,Female,Pune,2025-11-24,9
C12722,29,Male,Ahmedabad,2023-12-17,32
C12723,24,Female,Kolkata,2026-03-29,4
C12724,49,Male,Mumbai,2025-05-10,15
C12725,54,Female,Hyderabad,2024-06-28,26
C12726,35,Male,Hyderabad,2026-02-20,6
C12727,45,Male,Pune,2026-01-24,7
C12728,48,Male,Hyderabad,2026-01-22,7
C12729,27,Male,Pune,2024-11-18,21
C12730,30,Female,Mumbai,2024-07-30,25
C12731,47,Female,Pune,2024-12-17,20
C12732,51,Male,Delhi,2025-11-14,9
C12733,40,Male,Bangalore,2024-06-29,26
C12734,26,Female,Chennai,2025-11-22,9
C12735,54,Male,Gurgaon,2025-11-02,9
C12736,29,Male,Kolkata,2026-04-03,4
C12737,31,Female,Bangalore,2023-08-31,36
C12738,38,Female,Chennai,2026-08-04,0
C12739,50,Female,Mumbai,2025-09-19,11
C12740,43,Male,Kolkata,2024-03-03,30
C12741,39,Female,Bangalore,2024-09-01,24
C12742,39,Other,Hyderabad,2025-06-11,14
C12743,35,Male,Mumbai,2025-10-15,10
C12744,40,Female,Chennai,2024-04-30,28
C12745,18,Female,Gurgaon,2024-02-27,30
C12746,32,Male,Hyderabad,2025-06-03,14
C12747,37,Male,Mumbai,2026-02-25,5
C12748,23,Female,Bangalore,2026-01-28,6
C12749,38,Male,Bangalore,2025-11-08,9
C12750,32,Male,Gurgaon,2025-12-12,8
C12751,52,Male,Delhi,2024-06-26,26
C12752,50,Male,Hyderabad,2024-09-01,24
C12753,30,Male,Hyderabad,2024-03-25,29
C12754,33,Female,Gurgaon,2024-11-15,21
C12755,34,Male,Kolkata,2025-11-08,9
C12756,30,Other,Pune,2025-04-01,16
C12757,36,Male,Ahmedabad,2025-01-31,18
C12758,27,Male,Gurgaon,2026-03-02,5
C12759,23,Male,Chennai,2025-03-31,16
C12760,41,Male,Ahmedabad,2025-01-15,19
C12761,41,Male,Ahmedabad,2026-06-28,1
C12762,26,Female,Kolkata,2024-12-12,20
C12763,43,Female,Mumbai,2025-06-27,14
C12764,28,Male,Delhi,2023-09-26,35
C12765,37,Male,Hyderabad,2023-10-13,34
C12766,43,Male,Mumbai,2025-07-31,12
C12767,34,Female,Kolkata,2024-06-10,26
C12768,39,Female,Pune,2024-12-24,20
C12769,29,Male,Mumbai,2026-05-02,3
C12770,33,Male,Pune,2025-04-18,16
C12771,32,Female,Mumbai,2023-11-12,33
C12772,27,Male,Hyderabad,2024-06-22,26
C12773,33,Female,Kolkata,2026-01-03,7
C12774,19,Male,Mumbai,2025-04-15,16
C12775,30,Female,Hyderabad,2023-11-02,34
C12776,32,Female,Hyderabad,2026-03-29,4
C12777,32,Other,Delhi,2023-09-05,36
C12778,32,Female,Noida,2026-07-28,0
C12779,34,Male,Kolkata,2024-08-12,24
C12780,39,Male,Gurgaon,2024-11-11,21
C12781,43,Male,Chennai,2025-11-24,9
C12782,28,Other,Gurgaon,2024-06-20,26
C12783,22,Female,Kolkata,2024-04-12,28
C12784,24,Male,Ahmedabad,2024-08-03,24
C12785,30,Male,Mumbai,2025-09-02,11
C12786,31,Female,Mumbai,2023-12-31,32
C12787,27,Other,Bangalore,2026-03-25,5
C12788,22,Female,Gurgaon,2026-07-18,1
C12789,30,Male,Hyderabad,2026-04-05,4
C12790,36,Male,Pune,2026-07-24,0
C12791,40,Male,Ahmedabad,2025-03-03,17
C12792,29,Female,Ahmedabad,2025-06-06,14
C12793,30,Other,Chennai,2026-06-01,2
C12794,25,Female,Hyderabad,2026-04-20,4
C12795,34,Female,Gurgaon,2024-05-28,27
C12796,26,Female,Ahmedabad,2023-10-19,34
C12797,40,Female,Noida,2025-01-12,19
C12798,18,Female,Chennai,2023-10-30,34
C12799,31,Female,Delhi,2024-04-23,28
C12800,38,Male,Kolkata,2024-04-06,28
C12801,36,Female,Gurgaon,2024-05-20,27
C12802,61,Male,Chennai,2026-03-06,5
C12803,38,Male,Mumbai,2025-10-13,10
C12804,24,Female,Bangalore,2025-01-30,18
C12805,34,Female,Delhi,2026-03-03,5
C12806,18,Female,Mumbai,2024-11-25,21
C12807,34,Male,Pune,2026-03-13,5
C12808,26,Female,Mumbai,2023-10-09,34
C12809,44,Female,Hyderabad,2025-07-01,13
C12810,29,Male,Hyderabad,2025-10-07,10
C12811,33,Female,Hyderabad,2024-10-21,22
C12812,28,Male,Bangalore,2024-06-12,26
C12813,52,Male,Bangalore,2026-04-08,4
C12814,31,Female,Ahmedabad,2024-11-24,21
C12815,53,Male,Chennai,2024-03-09,29
C12816,43,Male,Gurgaon,2025-04-20,16
C12817,39,Male,Hyderabad,2026-04-25,3
C12818,38,Male,Kolkata,2025-04-08,16
C12819,38,Male,Bangalore,2026-02-26,5
C12820,18,Male,Noida,2024-03-15,29
C12821,32,Male,Noida,2025-12-27,7
C12822,43,Male,Bangalore,2024-02-05,30
C12823,34,Male,Hyderabad,2026-05-01,3
C12824,20,Male,Pune,2024-11-26,21
C12825,34,Female,Gurgaon,2025-08-27,12
C12826,52,Female,Kolkata,2025-12-20,8
C12827,47,Male,Ahmedabad,2026-07-27,0
C12828,34,Female,Noida,2025-11-13,9
C12829,44,Other,Noida,2026-07-29,0
C12830,31,Female,Pune,2025-09-20,11
C12831,18,Male,Pune,2023-11-09,33
C12832,25,Female,Bangalore,2024-09-10,23
C12833,50,Male,Noida,2023-09-15,35
C12834,32,Male,Delhi,2023-09-27,35
C12835,32,Male,Bangalore,2025-03-09,17
C12836,32,Male,Chennai,2025-09-14,11
C12837,54,Female,Chennai,2024-07-21,25
C12838,51,Female,Pune,2025-12-05,8
C12839,57,Female,Hyderabad,2025-02-17,18
C12840,33,Male,Gurgaon,2025-12-23,8
C12841,37,Male,Kolkata,2026-06-22,2
C12842,19,Male,Gurgaon,2024-10-04,22
C12843,49,Male,Ahmedabad,2024-03-25,29
C12844,23,Other,Hyderabad,2025-02-10,18
C12845,37,Female,Pune,2023-09-14,35
C12846,24,Female,Ahmedabad,2026-04-13,4
C12847,29,Female,Hyderabad,2025-03-01,17
C12848,26,Male,Bangalore,2026-03-17,5
C12849,28,Male,Bangalore,2023-11-09,33
C12850,29,Male,Ahmedabad,2024-02-01,31
C12851,29,Male,Chennai,2023-10-10,34
C12852,43,Female,Delhi,2024-08-14,24
C12853,23,Male,Delhi,2026-04-30,3
C12854,37,Male,Delhi,2023-11-02,34
C12855,47,Female,Hyderabad,2025-09-14,11
C12856,29,Female,Gurgaon,2024-07-29,25
C12857,27,Male,Hyderabad,2025-10-03,10
C12858,32,Female,Delhi,2025-03-17,17
C12859,46,Male,Gurgaon,2026-01-23,7
C12860,36,Female,Gurgaon,2025-12-28,7
C12861,29,Male,Mumbai,2025-05-11,15
C12862,39,Male,Delhi,2023-10-14,34
C12863,23,Female,Kolkata,2026-08-16,0
C12864,41,Male,Hyderabad,2026-05-23,3
C12865,39,Female,Gurgaon,2026-07-27,0
C12866,31,Female,Mumbai,2025-04-08,16
C12867,26,Male,Pune,2026-05-19,3
C12868,26,Female,Noida,2023-12-29,32
C12869,40,Male,Chennai,2024-08-06,24
C12870,47,Male,Gurgaon,2024-06-28,26
C12871,28,Female,Pune,2025-10-18,10
C12872,39,Female,Kolkata,2025-08-20,12
C12873,18,Male,Pune,2026-06-10,2
C12874,29,Female,Hyderabad,2024-04-15,28
C12875,34,Female,Ahmedabad,2025-05-19,15
C12876,25,Other,Hyderabad,2024-10-31,22
C12877,25,Male,Kolkata,2025-03-31,16
C12878,28,Male,Pune,2024-04-21,28
C12879,37,Male,Delhi,2024-11-04,21
C12880,33,Male,Gurgaon,2025-02-12,18
C12881,18,Female,Bangalore,2026-03-15,5
C12882,18,Female,Mumbai,2024-07-19,25
C12883,28,Male,Chennai,2025-12-20,8
C12884,39,Male,Chennai,2023-10-28,34
C12885,18,Male,Kolkata,2026-05-06,3
C12886,30,Male,Ahmedabad,2025-08-19,12
C12887,29,Female,Pune,2025-05-21,15
C12888,48,Female,Delhi,2023-09-30,35
C12889,31,Female,Hyderabad,2026-05-19,3
C12890,38,Male,Hyderabad,2024-05-22,27
C12891,36,Female,Kolkata,2026-04-02,4
C12892,18,Female,Ahmedabad,2024-01-12,31
C12893,42,Female,Mumbai,2025-01-20,19
C12894,37,Female,Noida,2024-11-23,21
C12895,40,Male,Hyderabad,2024-10-20,22
C12896,70,Male,Delhi,2026-02-26,5
C12897,18,Female,Noida,2024-01-29,31
C12898,52,Female,Kolkata,2026-08-05,0
C12899,32,Female,Ahmedabad,2024-07-27,25
C12900,37,Male,Delhi,2025-07-07,13
C12901,34,Female,Kolkata,2025-01-01,19
C12902,30,Male,Chennai,2024-12-07,20
C12903,29,Other,Pune,2025-04-12,16
C12904,38,Female,Hyderabad,2024-01-14,31
C12905,19,Female,Gurgaon,2024-07-28,25
C12906,42,Female,Noida,2023-11-15,33
C12907,30,Male,Noida,2025-07-17,13
C12908,23,Male,Ahmedabad,2025-04-06,16
C12909,30,Male,Delhi,2025-10-17,10
C12910,47,Male,Noida,2026-08-08,0
C12911,29,Female,Bangalore,2024-05-04,28
C12912,38,Male,Mumbai,2026-07-04,1
C12913,27,Female,Gurgaon,2025-05-01,15
C12914,42,Male,Gurgaon,2024-09-11,23
C12915,41,Female,Noida,2026-08-02,0
C12916,53,Female,Gurgaon,2024-10-04,22
C12917,33,Male,Pune,2026-08-19,0
C12918,41,Male,Hyderabad,2024-07-12,25
C12919,35,Male,Gurgaon,2024-11-30,21
C12920,47,Female,Delhi,2026-01-21,7
C12921,27,Female,Mumbai,2025-06-27,14
C12922,42,Male,Bangalore,2023-09-01,36
C12923,33,Female,Gurgaon,2025-04-21,16
C12924,34,Male,Pune,2024-04-14,28
C12925,35,Female,Ahmedabad,2023-11-18,33
C12926,37,Male,Ahmedabad,2026-04-21,4
C12927,33,Female,Bangalore,2025-11-03,9
C12928,37,Female,Delhi,2025-01-25,19
C12929,50,Female,Kolkata,2026-02-12,6
C12930,44,Male,Kolkata,2026-05-24,3
C12931,43,Male,Gurgaon,2025-05-04,15
C12932,30,Female,Chennai,2023-09-22,35
C12933,26,Male,Gurgaon,2024-04-28,28
C12934,44,Male,Bangalore,2024-07-20,25
C12935,43,Female,Chennai,2024-01-26,31
C12936,49,Male,Hyderabad,2026-03-01,5
C12937,28,Male,Delhi,2026-02-07,6
C12938,32,Female,Noida,2023-10-21,34
C12939,18,Male,Mumbai,2025-11-21,9
C12940,31,Male,Bangalore,2024-06-05,26
C12941,44,Female,Pune,2026-03-21,5
C12942,30,Female,Bangalore,2026-04-16,4
C12943,41,Male,Bangalore,2024-03-14,29
C12944,33,Female,Kolkata,2025-11-27,8
C12945,38,Female,Gurgaon,2025-04-24,16
C12946,23,Male,Ahmedabad,2025-01-01,19
C12947,35,Male,Mumbai,2025-03-05,17
C12948,18,Male,Pune,2024-11-14,21
C12949,33,Female,Mumbai,2024-06-08,26
C12950,18,Female,Ahmedabad,2024-10-22,22
C12951,47,Male,Kolkata,2024-11-08,21
C12952,42,Female,Bangalore,2024-02-06,30
C12953,39,Female,Mumbai,2025-02-11,18
C12954,50,Male,Bangalore,2025-04-30,15
C12955,25,Female,Bangalore,2026-03-22,5
C12956,52,Male,Delhi,2025-07-02,13
C12957,44,Female,Bangalore,2025-11-16,9
C12958,32,Female,Bangalore,2026-01-10,7
C12959,46,Female,Gurgaon,2025-10-07,10
C12960,23,Female,Kolkata,2026-01-17,7
C12961,26,Female,Noida,2025-09-19,11
C12962,28,Female,Delhi,2024-02-13,30
C12963,29,Female,Delhi,2024-01-10,31
C12964,24,Female,Hyderabad,2024-11-16,21
C12965,47,Female,Delhi,2024-05-11,27
C12966,32,Male,Pune,2025-12-17,8
C12967,38,Female,Delhi,2024-08-18,24
C12968,29,Female,Kolkata,2025-06-22,14
C12969,18,Female,Pune,2024-02-08,30
C12970,37,Other,Hyderabad,2024-11-28,21
C12971,18,Male,Gurgaon,2024-01-16,31
C12972,34,Male,Kolkata,2025-02-25,18
C12973,21,Male,Noida,2025-12-19,8
C12974,54,Female,Noida,2026-02-17,6
C12975,44,Female,Delhi,2025-10-03,10
C12976,36,Female,Chennai,2024-12-06,20
C12977,47,Male,Gurgaon,2026-05-31,2
C12978,26,Female,Ahmedabad,2025-06-07,14
C12979,40,Female,Kolkata,2024-10-19,22
C12980,36,Female,Chennai,2025-10-22,10
C12981,37,Male,Delhi,2026-02-16,6
C12982,47,Female,Delhi,2025-03-31,16
C12983,42,Female,Delhi,2024-08-23,24
C12984,37,Other,Mumbai,2024-06-01,27
C12985,18,Female,Ahmedabad,2023-10-05,35
C12986,25,Female,Mumbai,2026-05-13,3
C12987,33,Male,Noida,2024-12-17,20
C12988,35,Male,Pune,2025-03-07,17
C12989,23,Female,Delhi,2025-08-30,11
C12990,59,Male,Chennai,2026-06-19,2
C12991,50,Male,Ahmedabad,2024-05-15,27
C12992,41,Male,Mumbai,2024-02-07,30
C12993,35,Female,Bangalore,2025-03-28,17
C12994,32,Female,Gurgaon,2026-02-09,6
C12995,25,Male,Bangalore,2024-01-18,31
C12996,35,Female,Bangalore,2026-01-25,6
C12997,37,Female,Noida,2025-11-08,9
C12998,22,Male,Gurgaon,2025-12-16,8
C12999,38,Male,Kolkata,2026-07-28,0
C13000,33,Female,Delhi,2026-04-17,4
C13001,18,Female,Hyderabad,2025-05-23,15
C13002,26,Male,Delhi,2025-11-27,8
C13003,30,Male,Pune,2025-07-12,13
C13004,53,Male,Chennai,2024-05-23,27
C13005,40,Male,Delhi,2024-07-20,25
C13006,21,Male,Noida,2026-03-02,5
C13007,39,Female,Noida,2025-03-09,17
C13008,19,Female,Hyderabad,2026-03-21,5
C13009,45,Female,Mumbai,2026-07-08,1
C13010,30,Male,Mumbai,2026-04-11,4
C13011,34,Female,Noida,2025-07-13,13
C13012,48,Male,Gurgaon,2024-02-25,30
C13013,22,Male,Hyderabad,2025-12-01,8
C13014,21,Female,Ahmedabad,2026-02-14,6
C13015,29,Female,Mumbai,2024-10-11,22
C13016,45,Male,Gurgaon,2025-12-14,8
C13017,19,Female,Mumbai,2026-05-26,2
C13018,18,Female,Bangalore,2024-01-20,31
C13019,30,Female,Mumbai,2026-05-10,3
C13020,40,Female,Kolkata,2025-09-11,11
C13021,47,Other,Pune,2024-03-17,29
C13022,30,Female,Pune,2024-06-04,26
C13023,30,Female,Kolkata,2023-11-09,33
C13024,46,Male,Kolkata,2026-06-22,2
C13025,18,Male,Chennai,2024-06-29,26
C13026,31,Female,Pune,2024-03-31,29
C13027,36,Female,Chennai,2025-09-02,11
C13028,39,Male,Delhi,2024-08-27,24
C13029,29,Female,Bangalore,2025-06-08,14
C13030,35,Male,Bangalore,2025-08-03,12
C13031,18,Female,Mumbai,2025-02-04,18
C13032,28,Male,Hyderabad,2025-01-25,19
C13033,39,Male,Bangalore,2024-02-20,30
C13034,25,Female,Gurgaon,2025-10-21,10
C13035,35,Male,Bangalore,2026-06-12,2
C13036,39,Male,Chennai,2025-04-05,16
C13037,31,Female,Gurgaon,2024-12-25,20
C13038,36,Female,Pune,2023-11-04,34
C13039,25,Female,Chennai,2024-04-30,28
C13040,32,Female,Gurgaon,2023-12-14,32
C13041,41,Male,Hyderabad,2026-04-19,4
C13042,36,Female,Noida,2026-02-23,6
C13043,29,Female,Hyderabad,2025-01-26,19
C13044,37,Other,Pune,2024-06-28,26
C13045,42,Female,Delhi,2025-11-13,9
C13046,18,Female,Kolkata,2024-04-15,28
C13047,46,Female,Pune,2025-07-09,13
C13048,31,Male,Pune,2023-09-10,35
C13049,39,Male,Bangalore,2025-03-29,17
C13050,46,Female,Ahmedabad,2026-07-13,1
C13051,21,Female,Mumbai,2024-06-29,26
C13052,27,Female,Delhi,2024-08-16,24
C13053,32,Female,Noida,2023-12-13,32
C13054,27,Male,Pune,2023-12-03,33
C13055,52,Female,Ahmedabad,2024-09-16,23
C13056,26,Male,Gurgaon,2023-10-28,34
C13057,29,Male,Chennai,2024-11-01,21
C13058,37,Male,Gurgaon,2024-06-17,26
C13059,22,Female,Mumbai,2025-02-14,18
C13060,31,Male,Noida,2025-08-18,12
C13061,38,Female,Kolkata,2026-06-29,1
C13062,31,Male,Gurgaon,2024-11-06,21
C13063,34,Male,Kolkata,2025-05-30,14
C13064,29,Female,Noida,2026-06-22,2
C13065,19,Female,Mumbai,2025-01-23,19
C13066,38,Male,Gurgaon,2026-04-24,4
C13067,52,Male,Hyderabad,2023-12-29,32
C13068,35,Female,Chennai,2023-09-02,36
C13069,37,Male,Pune,2024-08-19,24
C13070,41,Female,Ahmedabad,2025-05-02,15
C13071,22,Male,Ahmedabad,2025-09-29,10
C13072,52,Male,Chennai,2026-01-28,6
C13073,37,Male,Gurgaon,2025-04-01,16
C13074,51,Female,Kolkata,2025-04-15,16
C13075,27,Female,Bangalore,2025-02-22,18
C13076,53,Male,Bangalore,2023-08-25,36
C13077,42,Female,Pune,2026-04-29,3
C13078,40,Female,Hyderabad,2025-05-29,15
C13079,37,Female,Bangalore,2024-06-17,26
C13080,32,Male,Ahmedabad,2024-08-25,24
C13081,47,Male,Mumbai,2025-08-31,11
C13082,36,Female,Pune,2025-08-26,12
C13083,18,Male,Ahmedabad,2025-04-24,16
C13084,23,Male,Hyderabad,2024-11-08,21
C13085,33,Female,Bangalore,2024-08-17,24
C13086,38,Male,Chennai,2026-06-25,1
C13087,34,Male,Bangalore,2024-08-31,24
C13088,47,Male,Mumbai,2025-11-03,9
C13089,18,Female,Ahmedabad,2025-08-01,12
C13090,36,Male,Gurgaon,2023-11-17,33
C13091,18,Female,Bangalore,2024-11-27,21
C13092,42,Female,Chennai,2025-08-27,12
C13093,34,Female,Kolkata,2023-11-21,33
C13094,39,Male,Bangalore,2026-06-05,2
C13095,26,Male,Hyderabad,2026-02-18,6
C13096,47,Female,Delhi,2026-04-28,3
C13097,45,Male,Pune,2025-05-02,15
C13098,40,Female,Mumbai,2025-05-30,14
C13099,33,Male,Delhi,2026-07-12,1
C13100,40,Male,Chennai,2023-09-08,35
C13101,27,Male,Ahmedabad,2023-12-17,32
C13102,43,Female,Gurgaon,2026-08-20,0
C13103,51,Male,Pune,2024-10-11,22
C13104,45,Male,Mumbai,2025-07-05,13
C13105,27,Female,Kolkata,2025-11-27,8
C13106,38,Female,Ahmedabad,2024-09-23,23
C13107,22,Female,Bangalore,2025-08-23,12
C13108,40,Female,Chennai,2024-10-28,22
C13109,39,Female,Delhi,2026-04-22,4
C13110,18,Male,Ahmedabad,2026-07-08,1
C13111,23,Male,Delhi,2025-10-23,10
C13112,32,Female,Chennai,2025-11-04,9
C13113,31,Male,Delhi,2026-01-06,7
C13114,22,Female,Noida,2023-09-09,35
C13115,38,Male,Noida,2024-08-04,24
C13116,37,Male,Kolkata,2026-03-26,4
C13117,33,Male,Kolkata,2024-07-17,25
C13118,27,Female,Gurgaon,2024-06-02,27
C13119,45,Female,Gurgaon,2026-01-27,6
C13120,51,Male,Pune,2024-10-01,23
C13121,30,Male,Noida,2024-12-11,20
C13122,28,Female,Bangalore,2024-10-30,22
C13123,39,Male,Gurgaon,2025-11-15,9
C13124,31,Female,Ahmedabad,2025-10-03,10
C13125,33,Female,Pune,2024-03-10,29
C13126,42,Female,Chennai,2023-11-28,33
C13127,18,Female,Pune,2024-11-10,21
C13128,48,Male,Noida,2025-08-30,11
C13129,35,Female,Hyderabad,2024-08-21,24
C13130,30,Female,Bangalore,2025-05-21,15
C13131,34,Female,Hyderabad,2025-08-27,12
C13132,34,Male,Hyderabad,2024-07-08,25
C13133,18,Female,Ahmedabad,2024-12-01,20
C13134,49,Female,Delhi,2024-12-26,20
C13135,35,Female,Chennai,2025-12-04,8
C13136,39,Male,Bangalore,2025-08-23,12
C13137,44,Male,Delhi,2026-08-18,0
C13138,24,Female,Delhi,2024-06-11,26
C13139,39,Male,Pune,2026-06-16,2
C13140,32,Male,Ahmedabad,2025-08-14,12
C13141,43,Female,Ahmedabad,2024-11-08,21
C13142,18,Male,Mumbai,2025-05-26,15
C13143,34,Male,Mumbai,2026-01-20,7
C13144,28,Male,Gurgaon,2023-11-09,33
C13145,39,Male,Ahmedabad,2025-11-06,9
C13146,39,Male,Chennai,2024-10-12,22
C13147,27,Male,Kolkata,2026-03-15,5
C13148,27,Male,Ahmedabad,2025-04-21,16
C13149,33,Female,Chennai,2024-09-10,23
C13150,26,Female,Noida,2024-11-05,21
C13151,43,Male,Chennai,2025-09-12,11
C13152,31,Male,Gurgaon,2026-02-21,6
C13153,18,Male,Noida,2024-10-03,22
C13154,31,Female,Noida,2024-02-19,30
C13155,24,Female,Bangalore,2026-07-29,0
C13156,18,Male,Ahmedabad,2025-02-24,18
C13157,22,Male,Kolkata,2025-06-18,14
C13158,36,Female,Delhi,2025-03-28,17
C13159,48,Female,Mumbai,2026-04-05,4
C13160,38,Male,Kolkata,2024-09-03,23
C13161,28,Female,Kolkata,2025-03-14,17
C13162,39,Female,Hyderabad,2026-01-12,7
C13163,30,Female,Kolkata,2026-08-19,0
C13164,28,Male,Kolkata,2026-05-15,3
C13165,23,Other,Mumbai,2024-06-22,26
C13166,18,Male,Bangalore,2024-03-07,29
C13167,31,Female,Chennai,2024-04-14,28
C13168,36,Female,Bangalore,2025-09-15,11
C13169,34,Male,Mumbai,2024-04-26,28
C13170,30,Female,Hyderabad,2023-11-16,33
C13171,25,Male,Mumbai,2024-07-07,25
C13172,41,Male,Mumbai,2024-09-01,24
C13173,21,Male,Mumbai,2024-07-14,25
C13174,42,Female,Gurgaon,2026-01-26,6
C13175,24,Male,Chennai,2023-12-14,32
C13176,27,Female,Hyderabad,2025-05-17,15
C13177,20,Male,Pune,2025-09-22,11
C13178,29,Male,Gurgaon,2024-02-09,30
C13179,44,Male,Mumbai,2026-03-24,5
C13180,40,Female,Kolkata,2026-06-14,2
C13181,44,Male,Mumbai,2024-12-26,20
C13182,40,Male,Kolkata,2026-07-11,1
C13183,23,Male,Ahmedabad,2024-11-07,21
C13184,31,Male,Gurgaon,2025-03-05,17
C13185,27,Female,Pune,2026-01-19,7
C13186,48,Female,Delhi,2026-03-23,5
C13187,23,Male,Mumbai,2024-09-20,23
C13188,43,Male,Kolkata,2025-09-07,11
C13189,43,Female,Delhi,2024-07-14,25
C13190,53,Male,Bangalore,2025-09-26,11
C13191,30,Female,Mumbai,2026-03-21,5
C13192,42,Male,Ahmedabad,2026-02-12,6
C13193,57,Male,Pune,2024-09-28,23
C13194,28,Female,Gurgaon,2023-12-07,32
C13195,19,Female,Gurgaon,2026-06-19,2
C13196,18,Male,Gurgaon,2024-03-21,29
C13197,42,Male,Gurgaon,2025-09-18,11
C13198,18,Male,Gurgaon,2024-03-15,29
C13199,31,Female,Hyderabad,2025-10-04,10
C13200,39,Female,Mumbai,2026-05-04,3
C13201,36,Male,Gurgaon,2026-01-26,6
C13202,39,Male,Chennai,2024-10-12,22
C13203,37,Male,Chennai,2025-06-27,14
C13204,47,Male,Delhi,2025-07-28,13
C13205,25,Male,Ahmedabad,2024-05-05,27
C13206,28,Female,Noida,2025-02-24,18
C13207,27,Male,Chennai,2025-01-22,19
C13208,43,Male,Hyderabad,2024-12-20,20
C13209,44,Female,Mumbai,2025-04-22,16
C13210,39,Male,Hyderabad,2026-02-06,6
C13211,46,Male,Pune,2026-05-12,3
C13212,23,Male,Noida,2024-06-08,26
C13213,51,Male,Delhi,2023-11-20,33
C13214,50,Female,Pune,2025-10-11,10
C13215,42,Female,Bangalore,2026-05-02,3
C13216,52,Male,Noida,2024-08-13,24
C13217,18,Male,Delhi,2026-08-14,0
C13218,29,Male,Hyderabad,2024-03-29,29
C13219,27,Female,Bangalore,2026-02-23,6
C13220,42,Female,Delhi,2024-12-26,20
C13221,24,Male,Bangalore,2023-12-12,32
C13222,42,Male,Mumbai,2025-07-09,13
C13223,48,Male,Ahmedabad,2026-02-04,6
C13224,41,Female,Kolkata,2026-06-30,1
C13225,37,Female,Bangalore,2025-06-24,14
C13226,25,Female,Chennai,2025-09-06,11
C13227,26,Male,Ahmedabad,2025-01-01,19
C13228,47,Female,Hyderabad,2026-03-07,5
C13229,42,Female,Chennai,2023-12-26,32
C13230,34,Female,Chennai,2025-12-28,7
C13231,30,Male,Ahmedabad,2024-11-28,21
C13232,18,Female,Delhi,2024-05-29,27
C13233,24,Male,Gurgaon,2023-12-31,32
C13234,54,Female,Gurgaon,2023-11-24,33
C13235,22,Male,Pune,2025-02-25,18
C13236,36,Female,Ahmedabad,2026-02-16,6
C13237,45,Female,Pune,2024-06-19,26
C13238,22,Male,Kolkata,2025-08-08,12
C13239,36,Female,Gurgaon,2024-07-23,25
C13240,44,Male,Delhi,2024-07-01,26
C13241,35,Male,Pune,2024-07-26,25
C13242,63,Male,Delhi,2025-08-04,12
C13243,18,Male,Bangalore,2024-02-21,30
C13244,45,Female,Kolkata,2026-05-22,3
C13245,33,Male,Ahmedabad,2025-02-28,18
C13246,42,Female,Pune,2024-03-04,30
C13247,39,Female,Chennai,2024-01-12,31
C13248,27,Female,Delhi,2025-02-28,18
C13249,37,Female,Hyderabad,2025-05-15,15
C13250,18,Male,Kolkata,2025-02-17,18
C13251,41,Female,Hyderabad,2026-04-17,4
C13252,37,Male,Gurgaon,2025-10-16,10
C13253,41,Female,Kolkata,2026-02-04,6
C13254,45,Female,Kolkata,2026-02-27,5
C13255,38,Female,Hyderabad,2024-09-16,23
C13256,36,Male,Kolkata,2024-04-26,28
C13257,26,Female,Hyderabad,2025-05-13,15
C13258,27,Female,Gurgaon,2026-04-19,4
C13259,46,Female,Hyderabad,2024-06-20,26
C13260,49,Male,Noida,2023-09-16,35
C13261,32,Female,Kolkata,2024-04-16,28
C13262,35,Male,Chennai,2023-12-23,32
C13263,25,Female,Pune,2025-04-26,16
C13264,46,Female,Chennai,2023-12-20,32
C13265,41,Male,Delhi,2024-12-17,20
C13266,54,Male,Kolkata,2026-03-13,5
C13267,26,Female,Pune,2024-06-04,26
C13268,31,Male,Chennai,2026-06-11,2
C13269,37,Male,Chennai,2023-10-28,34
C13270,41,Female,Kolkata,2023-09-28,35
C13271,32,Female,Chennai,2025-10-24,10
C13272,26,Female,Hyderabad,2025-12-18,8
C13273,43,Male,Hyderabad,2024-02-14,30
C13274,42,Male,Pune,2025-09-01,11
C13275,25,Female,Pune,2025-09-13,11
C13276,48,Female,Gurgaon,2025-06-14,14
C13277,46,Female,Chennai,2025-07-23,13
C13278,36,Female,Bangalore,2025-12-06,8
C13279,35,Male,Pune,2026-05-26,2
C13280,40,Male,Bangalore,2024-04-06,28
C13281,26,Female,Kolkata,2026-03-14,5
C13282,35,Female,Pune,2024-03-13,29
C13283,18,Female,Ahmedabad,2025-07-04,13
C13284,43,Female,Hyderabad,2025-10-23,10
C13285,19,Female,Delhi,2025-03-11,17
C13286,50,Female,Gurgaon,2024-11-05,21
C13287,31,Male,Noida,2026-04-06,4
C13288,32,Other,Pune,2026-02-24,5
C13289,28,Female,Delhi,2024-06-18,26
C13290,32,Male,Gurgaon,2024-05-30,27
C13291,49,Female,Hyderabad,2024-10-23,22
C13292,18,Male,Chennai,2025-02-02,18
C13293,47,Female,Chennai,2023-09-22,35
C13294,38,Male,Kolkata,2024-01-26,31
C13295,22,Female,Pune,2026-07-27,0
C13296,24,Female,Hyderabad,2023-09-16,35
C13297,51,Female,Mumbai,2024-04-14,28
C13298,25,Female,Ahmedabad,2026-01-03,7
C13299,23,Female,Mumbai,2024-04-25,28
C13300,46,Male,Bangalore,2025-10-19,10
C13301,38,Male,Gurgaon,2025-10-22,10
C13302,25,Female,Hyderabad,2026-01-28,6
C13303,37,Male,Hyderabad,2026-01-17,7
C13304,24,Male,Bangalore,2026-01-27,6
C13305,46,Male,Delhi,2025-01-13,19
C13306,45,Male,Bangalore,2024-09-16,23
C13307,40,Female,Gurgaon,2024-05-02,28
C13308,38,Female,Noida,2025-02-27,18
C13309,52,Male,Ahmedabad,2024-06-28,26
C13310,34,Female,Kolkata,2023-12-01,33
C13311,23,Male,Gurgaon,2023-12-27,32
C13312,39,Female,Chennai,2026-06-06,2
C13313,55,Male,Noida,2025-09-03,11
C13314,24,Female,Mumbai,2025-02-03,18
C13315,31,Male,Bangalore,2024-05-18,27
C13316,39,Male,Delhi,2025-10-31,9
C13317,34,Female,Kolkata,2024-05-21,27
C13318,25,Male,Mumbai,2026-06-03,2
C13319,46,Female,Chennai,2024-06-02,27
C13320,58,Female,Chennai,2024-10-12,22
C13321,36,Male,Bangalore,2025-04-22,16
C13322,25,Female,Mumbai,2026-05-13,3
C13323,19,Male,Bangalore,2023-12-22,32
C13324,37,Male,Kolkata,2025-02-17,18
C13325,46,Other,Noida,2024-07-20,25
C13326,39,Male,Kolkata,2026-07-11,1
C13327,34,Female,Mumbai,2024-09-29,23
C13328,29,Male,Noida,2024-12-09,20
C13329,24,Female,Hyderabad,2024-11-23,21
C13330,43,Male,Mumbai,2025-01-24,19
C13331,44,Male,Noida,2023-11-19,33
C13332,19,Other,Pune,2026-02-01,6
C13333,50,Male,Hyderabad,2025-05-12,15
C13334,40,Female,Delhi,2025-11-19,9
C13335,48,Female,Mumbai,2024-12-14,20
C13336,21,Female,Delhi,2024-02-26,30
C13337,21,Female,Gurgaon,2024-11-02,21
C13338,33,Male,Mumbai,2025-02-16,18
C13339,40,Male,Delhi,2024-04-20,28
C13340,52,Female,Bangalore,2026-02-20,6
C13341,42,Female,Gurgaon,2025-08-02,12
C13342,32,Male,Gurgaon,2024-02-29,30
C13343,24,Male,Bangalore,2025-06-15,14
C13344,47,Female,Mumbai,2024-05-10,27
C13345,25,Other,Kolkata,2023-12-03,33
C13346,51,Female,Ahmedabad,2023-09-29,35
C13347,32,Female,Mumbai,2024-07-17,25
C13348,50,Male,Pune,2026-04-28,3
C13349,41,Female,Chennai,2023-10-01,35
C13350,33,Female,Noida,2025-09-30,10
C13351,29,Male,Bangalore,2026-04-09,4
C13352,31,Male,Delhi,2024-11-22,21
C13353,39,Male,Noida,2023-10-19,34
C13354,35,Female,Delhi,2024-05-17,27
C13355,29,Male,Kolkata,2025-11-17,9
C13356,33,Male,Mumbai,2023-09-13,35
C13357,35,Male,Chennai,2026-06-23,2
C13358,18,Male,Bangalore,2025-08-31,11
C13359,39,Male,Hyderabad,2025-07-23,13
C13360,25,Female,Hyderabad,2025-07-06,13
C13361,23,Male,Gurgaon,2026-04-25,3
C13362,18,Female,Kolkata,2025-03-29,17
C13363,18,Female,Pune,2026-06-15,2
C13364,21,Female,Chennai,2024-01-30,31
C13365,27,Female,Pune,2026-05-10,3
C13366,54,Male,Gurgaon,2024-08-13,24
C13367,29,Male,Hyderabad,2025-07-10,13
C13368,36,Male,Bangalore,2025-02-06,18
C13369,39,Other,Hyderabad,2024-07-28,25
C13370,36,Male,Hyderabad,2024-01-14,31
C13371,34,Female,Hyderabad,2023-10-22,34
C13372,23,Female,Bangalore,2024-05-31,27
C13373,49,Female,Kolkata,2025-12-11,8
C13374,53,Female,Gurgaon,2026-06-20,2
C13375,18,Female,Mumbai,2025-04-13,16
C13376,24,Male,Chennai,2024-07-20,25
C13377,32,Female,Kolkata,2023-11-24,33
C13378,25,Male,Gurgaon,2024-02-20,30
C13379,40,Female,Hyderabad,2025-08-23,12
C13380,27,Female,Kolkata,2023-12-24,32
C13381,56,Male,Pune,2024-09-04,23
C13382,46,Female,Noida,2024-09-15,23
C13383,37,Male,Hyderabad,2025-09-21,11
C13384,45,Female,Hyderabad,2025-03-10,17
C13385,46,Female,Mumbai,2026-02-17,6
C13386,29,Female,Chennai,2025-01-15,19
C13387,26,Male,Noida,2026-06-26,1
C13388,35,Male,Pune,2024-06-21,26
C13389,43,Female,Pune,2026-05-12,3
C13390,36,Female,Pune,2025-09-22,11
C13391,19,Male,Delhi,2025-06-09,14
C13392,26,Male,Pune,2025-05-25,15
C13393,34,Male,Ahmedabad,2025-05-17,15
C13394,34,Female,Kolkata,2025-06-24,14
C13395,54,Male,Bangalore,2025-02-16,18
C13396,21,Male,Noida,2024-05-05,27
C13397,40,Female,Noida,2023-10-05,35
C13398,49,Male,Hyderabad,2026-07-11,1
C13399,57,Female,Gurgaon,2026-08-03,0
C13400,30,Male,Gurgaon,2023-12-25,32
C13401,39,Male,Delhi,2025-11-24,9
C13402,40,Male,Ahmedabad,2025-09-01,11
C13403,36,Male,Pune,2026-08-04,0
C13404,34,Male,Pune,2025-05-20,15
C13405,39,Male,Pune,2025-03-23,17
C13406,18,Male,Delhi,2024-12-04,20
C13407,41,Female,Delhi,2025-02-04,18
C13408,36,Male,Ahmedabad,2024-04-06,28
C13409,32,Female,Mumbai,2024-07-11,25
C13410,55,Female,Delhi,2024-09-06,23
C13411,28,Male,Kolkata,2024-01-24,31
C13412,30,Male,Gurgaon,2025-03-23,17
C13413,54,Female,Hyderabad,2025-06-01,14
C13414,26,Male,Kolkata,2024-01-09,31
C13415,29,Male,Pune,2024-12-11,20
C13416,33,Male,Hyderabad,2023-09-20,35
C13417,43,Female,Gurgaon,2024-05-30,27
C13418,37,Female,Hyderabad,2026-01-24,7
C13419,22,Male,Hyderabad,2026-08-06,0
C13420,29,Female,Bangalore,2023-10-09,34
C13421,28,Female,Gurgaon,2024-07-16,25
C13422,34,Male,Hyderabad,2025-01-20,19
C13423,39,Female,Kolkata,2024-12-18,20
C13424,39,Female,Chennai,2026-01-12,7
C13425,18,Female,Gurgaon,2023-12-09,32
C13426,45,Male,Bangalore,2026-04-13,4
C13427,37,Other,Kolkata,2024-10-02,22
C13428,48,Female,Hyderabad,2025-02-01,18
C13429,39,Female,Kolkata,2024-10-25,22
C13430,46,Male,Noida,2025-01-31,18
C13431,39,Male,Noida,2025-03-05,17
C13432,48,Female,Ahmedabad,2024-12-18,20
C13433,40,Female,Noida,2025-08-01,12
C13434,34,Male,Ahmedabad,2025-10-18,10
C13435,57,Male,Delhi,2023-09-27,35
C13436,43,Male,Bangalore,2025-04-16,16
C13437,40,Female,Noida,2026-04-27,3
C13438,22,Female,Gurgaon,2024-05-16,27
C13439,22,Male,Ahmedabad,2024-11-05,21
C13440,37,Male,Mumbai,2025-11-08,9
C13441,36,Female,Delhi,2026-06-30,1
C13442,28,Male,Pune,2023-11-07,33
C13443,36,Male,Gurgaon,2024-12-24,20
C13444,50,Male,Pune,2025-03-08,17
C13445,41,Male,Pune,2024-04-16,28
C13446,23,Female,Kolkata,2024-05-15,27
C13447,33,Female,Hyderabad,2024-06-17,26
C13448,26,Other,Bangalore,2026-06-10,2
C13449,31,Male,Noida,2025-07-29,12
C13450,30,Female,Kolkata,2024-09-18,23
C13451,30,Female,Noida,2025-05-23,15
C13452,22,Male,Gurgaon,2023-08-23,36
C13453,33,Male,Kolkata,2023-12-21,32
C13454,29,Female,Bangalore,2024-08-17,24
C13455,18,Female,Pune,2023-10-18,34
C13456,55,Male,Chennai,2024-12-15,20
C13457,45,Male,Delhi,2025-09-07,11
C13458,31,Female,Delhi,2025-08-16,12
C13459,35,Female,Bangalore,2024-12-28,20
C13460,23,Female,Gurgaon,2026-02-03,6
C13461,51,Male,Delhi,2023-12-31,32
C13462,53,Male,Kolkata,2025-12-02,8
C13463,36,Male,Mumbai,2025-03-10,17
C13464,45,Female,Pune,2025-08-12,12
C13465,36,Female,Hyderabad,2024-10-03,22
C13466,21,Female,Hyderabad,2026-02-20,6
C13467,30,Male,Hyderabad,2025-05-23,15
C13468,36,Female,Delhi,2024-08-24,24
C13469,30,Female,Bangalore,2025-05-21,15
C13470,32,Female,Bangalore,2024-12-01,20
C13471,34,Female,Kolkata,2024-04-12,28
C13472,34,Female,Hyderabad,2024-10-12,22
C13473,35,Female,Mumbai,2024-07-21,25
C13474,24,Male,Delhi,2025-03-06,17
C13475,27,Female,Gurgaon,2024-12-27,20
C13476,22,Male,Delhi,2024-01-15,31
C13477,44,Female,Pune,2025-12-23,8
C13478,18,Female,Kolkata,2024-01-01,32
C13479,46,Male,Ahmedabad,2026-05-04,3
C13480,48,Female,Mumbai,2026-03-29,4
C13481,31,Female,Kolkata,2023-12-28,32
C13482,18,Female,Kolkata,2025-07-19,13
C13483,31,Female,Hyderabad,2023-11-01,34
C13484,34,Female,Kolkata,2025-12-19,8
C13485,24,Female,Mumbai,2024-07-01,26
C13486,29,Male,Chennai,2023-09-01,36
C13487,50,Male,Kolkata,2024-12-18,20
C13488,41,Male,Gurgaon,2024-04-27,28
C13489,25,Female,Noida,2026-05-03,3
C13490,19,Male,Hyderabad,2025-10-17,10
C13491,31,Female,Bangalore,2025-11-13,9
C13492,32,Male,Gurgaon,2025-07-07,13
C13493,39,Female,Gurgaon,2024-09-19,23
C13494,29,Male,Delhi,2024-05-05,27
C13495,40,Female,Ahmedabad,2024-01-27,31
C13496,54,Female,Delhi,2025-11-01,9
C13497,43,Female,Delhi,2024-11-12,21
C13498,34,Female,Gurgaon,2025-08-17,12
C13499,33,Female,Delhi,2026-03-09,5
C13500,31,Female,Hyderabad,2023-11-27,33
C13501,46,Female,Mumbai,2024-10-09,22
C13502,28,Male,Delhi,2025-08-24,12
C13503,35,Female,Chennai,2024-11-18,21
C13504,35,Female,Hyderabad,2026-04-25,3
C13505,29,Male,Delhi,2026-08-12,0
C13506,21,Female,Ahmedabad,2024-02-08,30
C13507,38,Female,Noida,2025-02-07,18
C13508,34,Female,Hyderabad,2025-06-19,14
C13509,40,Female,Mumbai,2025-09-10,11
C13510,29,Male,Chennai,2025-10-01,10
C13511,47,Male,Bangalore,2023-11-23,33
C13512,26,Male,Chennai,2026-02-22,6
C13513,52,Male,Noida,2025-11-29,8
C13514,18,Female,Pune,2024-03-16,29
C13515,39,Male,Delhi,2024-03-25,29
C13516,39,Female,Pune,2024-05-17,27
C13517,27,Female,Kolkata,2024-03-26,29
C13518,39,Female,Kolkata,2023-12-18,32
C13519,47,Male,Bangalore,2024-06-27,26
C13520,18,Male,Gurgaon,2026-08-12,0
C13521,40,Male,Kolkata,2026-06-05,2
C13522,18,Male,Kolkata,2023-08-24,36
C13523,25,Other,Chennai,2025-07-09,13
C13524,51,Female,Hyderabad,2024-07-18,25
C13525,29,Male,Gurgaon,2026-07-24,0
C13526,23,Female,Ahmedabad,2024-10-31,22
C13527,33,Male,Noida,2023-08-30,36
C13528,55,Female,Mumbai,2025-07-27,13
C13529,18,Male,Mumbai,2026-07-16,1
C13530,24,Female,Delhi,2026-08-13,0
C13531,49,Male,Bangalore,2025-03-30,17
C13532,53,Male,Bangalore,2025-05-15,15
C13533,33,Male,Gurgaon,2024-09-15,23
C13534,22,Male,Bangalore,2024-11-20,21
C13535,55,Female,Ahmedabad,2025-11-30,8
C13536,50,Male,Hyderabad,2026-01-23,7
C13537,41,Female,Noida,2024-06-27,26
C13538,26,Female,Kolkata,2023-10-26,34
C13539,34,Female,Hyderabad,2024-12-03,20
C13540,33,Female,Kolkata,2025-09-13,11
C13541,38,Male,Kolkata,2026-04-10,4
C13542,49,Female,Ahmedabad,2026-05-20,3
C13543,43,Female,Hyderabad,2024-12-19,20
C13544,24,Female,Mumbai,2025-01-03,19
C13545,48,Female,Pune,2024-01-31,31
C13546,38,Female,Gurgaon,2023-09-21,35
C13547,41,Male,Hyderabad,2023-09-13,35
C13548,49,Female,Mumbai,2024-09-29,23
C13549,23,Female,Gurgaon,2024-03-16,29
C13550,34,Male,Kolkata,2025-11-20,9
C13551,29,Female,Delhi,2024-09-19,23
C13552,19,Male,Bangalore,2023-11-22,33
C13553,38,Male,Gurgaon,2024-08-16,24
C13554,60,Female,Mumbai,2025-08-01,12
C13555,18,Female,Mumbai,2025-09-18,11
C13556,34,Female,Hyderabad,2024-05-17,27
C13557,41,Female,Hyderabad,2026-07-13,1
C13558,36,Male,Bangalore,2025-05-11,15
C13559,33,Female,Kolkata,2025-05-19,15
C13560,22,Male,Bangalore,2025-11-26,8
C13561,37,Male,Mumbai,2025-06-15,14
C13562,27,Male,Pune,2026-07-08,1
C13563,18,Female,Chennai,2023-10-23,34
C13564,46,Male,Delhi,2025-09-09,11
C13565,44,Female,Mumbai,2025-12-12,8
C13566,35,Female,Mumbai,2024-08-01,25
C13567,37,Male,Kolkata,2026-06-06,2
C13568,45,Female,Ahmedabad,2024-07-14,25
C13569,37,Male,Hyderabad,2025-03-16,17
C13570,44,Male,Gurgaon,2026-05-14,3
C13571,32,Female,Gurgaon,2026-05-15,3
C13572,48,Female,Pune,2026-01-12,7
C13573,38,Female,Bangalore,2026-07-12,1
C13574,36,Female,Gurgaon,2026-05-15,3
C13575,22,Female,Gurgaon,2025-12-27,7
C13576,37,Female,Chennai,2024-04-20,28
C13577,26,Male,Chennai,2024-02-24,30
C13578,28,Male,Delhi,2024-07-04,25
C13579,26,Male,Bangalore,2025-12-11,8
C13580,24,Male,Noida,2025-03-22,17
C13581,56,Male,Hyderabad,2023-12-24,32
C13582,48,Other,Hyderabad,2025-10-12,10
C13583,54,Female,Gurgaon,2025-06-27,14
C13584,22,Female,Ahmedabad,2026-08-02,0
C13585,35,Male,Noida,2024-12-13,20
C13586,22,Male,Bangalore,2024-04-12,28
C13587,28,Male,Kolkata,2026-01-27,6
C13588,25,Female,Hyderabad,2023-09-21,35
C13589,47,Male,Mumbai,2025-02-15,18
C13590,31,Male,Bangalore,2025-11-14,9
C13591,45,Female,Delhi,2024-04-16,28
C13592,41,Female,Bangalore,2026-01-19,7
C13593,58,Male,Gurgaon,2023-10-09,34
C13594,20,Female,Hyderabad,2025-12-23,8
C13595,47,Female,Ahmedabad,2025-01-20,19
C13596,46,Female,Chennai,2025-12-31,7
C13597,25,Male,Bangalore,2026-01-16,7
C13598,45,Male,Chennai,2023-11-06,34
C13599,38,Male,Gurgaon,2025-07-11,13
C13600,32,Female,Delhi,2025-07-08,13
C13601,26,Male,Delhi,2025-03-01,17
C13602,27,Other,Kolkata,2023-09-15,35
C13603,55,Male,Ahmedabad,2025-07-04,13
C13604,35,Male,Chennai,2024-08-18,24
C13605,42,Male,Gurgaon,2024-05-04,28
C13606,27,Male,Delhi,2024-12-25,20
C13607,27,Female,Hyderabad,2025-09-27,10
C13608,45,Female,Ahmedabad,2026-06-02,2
C13609,21,Female,Chennai,2023-11-09,33
C13610,30,Female,Hyderabad,2025-06-22,14
C13611,35,Female,Hyderabad,2023-12-11,32
C13612,36,Other,Kolkata,2024-10-13,22
C13613,33,Male,Hyderabad,2025-04-28,16
C13614,38,Female,Mumbai,2026-08-16,0
C13615,41,Female,Chennai,2026-07-26,0
C13616,42,Female,Ahmedabad,2026-02-20,6
C13617,25,Female,Gurgaon,2026-01-07,7
C13618,32,Other,Bangalore,2023-11-14,33
C13619,46,Female,Kolkata,2025-10-20,10
C13620,43,Male,Ahmedabad,2026-02-18,6
C13621,21,Male,Pune,2023-10-09,34
C13622,38,Female,Gurgaon,2026-03-21,5
C13623,18,Female,Gurgaon,2026-01-26,6
C13624,35,Male,Pune,2025-03-15,17
C13625,53,Male,Gurgaon,2025-05-05,15
C13626,25,Male,Bangalore,2024-01-29,31
C13627,26,Female,Gurgaon,2024-12-23,20
C13628,42,Male,Ahmedabad,2025-02-27,18
C13629,19,Female,Pune,2024-01-14,31
C13630,28,Male,Mumbai,2026-05-11,3
C13631,40,Male,Chennai,2026-01-29,6
C13632,28,Female,Pune,2025-08-29,11
C13633,32,Male,Noida,2026-06-02,2
C13634,42,Male,Hyderabad,2025-01-03,19
C13635,39,Male,Delhi,2024-08-14,24
C13636,37,Male,Noida,2024-11-19,21
C13637,31,Female,Pune,2024-04-01,29
C13638,38,Male,Noida,2025-12-27,7
C13639,33,Female,Delhi,2026-02-08,6
C13640,39,Male,Mumbai,2026-05-20,3
C13641,30,Female,Bangalore,2026-08-02,0
C13642,33,Female,Pune,2025-11-11,9
C13643,25,Other,Hyderabad,2025-09-06,11
C13644,34,Female,Pune,2024-10-17,22
C13645,26,Male,Delhi,2024-08-19,24
C13646,23,Male,Gurgaon,2024-03-08,29
C13647,37,Female,Hyderabad,2025-02-18,18
C13648,37,Male,Gurgaon,2026-02-12,6
C13649,42,Male,Gurgaon,2024-07-19,25
C13650,30,Male,Pune,2024-09-19,23
C13651,39,Male,Kolkata,2025-08-12,12
C13652,40,Female,Pune,2025-12-31,7
C13653,39,Male,Chennai,2024-05-23,27
C13654,26,Male,Kolkata,2024-05-24,27
C13655,36,Female,Hyderabad,2024-01-30,31
C13656,38,Male,Hyderabad,2025-02-11,18
C13657,35,Female,Mumbai,2024-06-23,26
C13658,18,Male,Ahmedabad,2023-12-16,32
C13659,36,Female,Pune,2024-04-10,28
C13660,57,Male,Delhi,2025-09-14,11
C13661,31,Male,Noida,2026-01-02,7
C13662,27,Male,Chennai,2025-11-23,9
C13663,38,Male,Mumbai,2026-04-23,4
C13664,38,Female,Hyderabad,2025-09-29,10
C13665,46,Female,Ahmedabad,2026-01-21,7
C13666,22,Male,Noida,2024-04-21,28
C13667,42,Male,Pune,2023-12-07,32
C13668,40,Male,Bangalore,2024-03-07,29
C13669,33,Male,Ahmedabad,2025-08-15,12
C13670,38,Male,Gurgaon,2024-07-05,25
C13671,45,Other,Bangalore,2024-08-17,24
C13672,43,Male,Delhi,2026-06-23,2
C13673,23,Female,Ahmedabad,2025-11-27,8
C13674,43,Female,Chennai,2023-12-06,33
C13675,34,Female,Kolkata,2023-11-26,33
C13676,35,Male,Mumbai,2026-01-02,7
C13677,35,Female,Kolkata,2024-05-01,28
C13678,33,Female,Noida,2024-03-02,30
C13679,46,Male,Chennai,2026-05-19,3
C13680,34,Male,Delhi,2026-04-14,4
C13681,23,Female,Gurgaon,2025-03-04,17
C13682,31,Female,Chennai,2024-11-16,21
C13683,36,Male,Hyderabad,2026-07-27,0
C13684,47,Female,Kolkata,2023-09-12,35
C13685,41,Male,Hyderabad,2025-05-20,15
C13686,26,Male,Ahmedabad,2024-09-28,23
C13687,59,Male,Hyderabad,2023-09-23,35
C13688,37,Male,Ahmedabad,2023-09-15,35
C13689,47,Female,Hyderabad,2026-02-07,6
C13690,33,Female,Chennai,2024-03-18,29
C13691,40,Female,Pune,2025-03-30,17
C13692,43,Male,Noida,2023-12-09,32
C13693,47,Female,Chennai,2024-09-12,23
C13694,45,Male,Delhi,2024-06-24,26
C13695,43,Male,Noida,2025-10-21,10
C13696,31,Female,Hyderabad,2026-05-02,3
C13697,29,Male,Kolkata,2026-07-29,0
C13698,38,Male,Noida,2025-10-04,10
C13699,44,Male,Mumbai,2023-10-21,34
C13700,32,Male,Mumbai,2024-01-03,32
C13701,45,Female,Pune,2023-11-10,33
C13702,49,Other,Pune,2025-09-17,11
C13703,25,Female,Ahmedabad,2026-03-21,5
C13704,26,Female,Ahmedabad,2023-11-19,33
C13705,33,Female,Mumbai,2024-11-03,21
C13706,38,Female,Ahmedabad,2025-04-15,16
C13707,29,Male,Gurgaon,2024-10-13,22
C13708,48,Female,Noida,2025-01-29,19
C13709,39,Male,Gurgaon,2026-05-10,3
C13710,35,Female,Delhi,2023-10-18,34
C13711,20,Male,Pune,2025-05-22,15
C13712,21,Female,Mumbai,2024-07-07,25
C13713,37,Female,Hyderabad,2024-05-18,27
C13714,18,Other,Delhi,2025-04-27,16
C13715,45,Female,Chennai,2026-03-13,5
C13716,33,Male,Chennai,2024-01-24,31
C13717,67,Female,Gurgaon,2024-02-24,30
C13718,58,Male,Noida,2024-02-16,30
C13719,33,Male,Bangalore,2026-02-22,6
C13720,33,Male,Pune,2023-11-05,34
C13721,44,Male,Pune,2024-02-18,30
C13722,52,Female,Kolkata,2024-11-12,21
C13723,18,Female,Ahmedabad,2025-12-21,8
C13724,18,Female,Ahmedabad,2023-11-07,33
C13725,28,Male,Gurgaon,2026-07-16,1
C13726,40,Male,Delhi,2026-01-23,7
C13727,39,Male,Pune,2024-05-17,27
C13728,45,Male,Delhi,2024-04-29,28
C13729,23,Male,Bangalore,2026-06-09,2
C13730,18,Male,Hyderabad,2026-08-21,0
C13731,43,Female,Delhi,2026-02-16,6
C13732,26,Female,Ahmedabad,2024-12-06,20
C13733,18,Female,Bangalore,2023-10-15,34
C13734,36,Male,Chennai,2025-06-24,14
C13735,42,Female,Mumbai,2024-01-30,31
C13736,33,Female,Hyderabad,2024-09-22,23
C13737,30,Male,Chennai,2024-08-07,24
C13738,33,Male,Mumbai,2026-05-02,3
C13739,31,Male,Pune,2025-05-22,15
C13740,21,Male,Ahmedabad,2024-02-03,31
C13741,27,Male,Ahmedabad,2024-10-11,22
C13742,40,Male,Delhi,2023-12-27,32
C13743,38,Male,Bangalore,2024-08-07,24
C13744,36,Male,Delhi,2024-02-07,30
C13745,25,Female,Bangalore,2025-12-31,7
C13746,33,Male,Gurgaon,2026-02-03,6
C13747,18,Female,Pune,2025-05-24,15
C13748,36,Male,Gurgaon,2026-08-17,0
C13749,49,Male,Gurgaon,2024-09-21,23
C13750,20,Female,Noida,2024-08-24,24
C13751,29,Female,Noida,2025-01-01,19
C13752,38,Male,Noida,2023-09-17,35
C13753,47,Female,Pune,2024-07-17,25
C13754,30,Female,Pune,2026-01-16,7
C13755,28,Male,Mumbai,2026-05-20,3
C13756,18,Male,Hyderabad,2025-09-19,11
C13757,36,Female,Mumbai,2023-11-17,33
C13758,55,Male,Ahmedabad,2025-11-07,9
C13759,37,Male,Pune,2024-05-05,27
C13760,34,Male,Pune,2026-01-14,7
C13761,38,Female,Gurgaon,2025-03-19,17
C13762,34,Female,Pune,2025-07-16,13
C13763,26,Female,Chennai,2025-08-02,12
C13764,43,Female,Ahmedabad,2025-12-17,8
C13765,37,Other,Mumbai,2024-06-08,26
C13766,35,Female,Delhi,2025-06-06,14
C13767,25,Female,Gurgaon,2024-01-28,31
C13768,48,Other,Chennai,2025-07-27,13
C13769,41,Male,Delhi,2024-09-28,23
C13770,29,Female,Gurgaon,2026-01-13,7
C13771,45,Female,Hyderabad,2024-04-25,28
C13772,30,Female,Hyderabad,2026-05-18,3
C13773,27,Female,Delhi,2025-12-12,8
C13774,27,Female,Chennai,2024-02-11,30
C13775,18,Female,Pune,2024-01-28,31
C13776,39,Female,Hyderabad,2023-10-24,34
C13777,18,Male,Delhi,2025-11-19,9
C13778,22,Male,Chennai,2023-11-04,34
C13779,18,Female,Gurgaon,2026-08-13,0
C13780,34,Male,Bangalore,2023-08-31,36
C13781,33,Male,Gurgaon,2026-05-14,3
C13782,31,Male,Noida,2024-03-18,29
C13783,24,Female,Pune,2023-12-06,33
C13784,23,Male,Pune,2023-10-15,34
C13785,39,Female,Kolkata,2025-08-24,12
C13786,29,Female,Chennai,2025-08-31,11
C13787,38,Male,Bangalore,2025-12-02,8
C13788,26,Male,Delhi,2026-01-21,7
C13789,36,Female,Mumbai,2024-06-19,26
C13790,48,Female,Bangalore,2024-10-31,22
C13791,40,Male,Delhi,2023-10-24,34
C13792,30,Male,Delhi,2024-06-25,26
C13793,37,Male,Kolkata,2024-04-16,28
C13794,32,Male,Kolkata,2025-03-31,16
C13795,35,Male,Mumbai,2025-02-07,18
C13796,31,Male,Kolkata,2024-05-29,27
C13797,33,Female,Mumbai,2024-09-18,23
C13798,37,Female,Pune,2024-12-27,20
C13799,25,Female,Delhi,2024-02-06,30
C13800,24,Female,Noida,2025-11-21,9
C13801,21,Female,Gurgaon,2025-11-12,9
C13802,18,Female,Ahmedabad,2024-04-28,28
C13803,22,Male,Mumbai,2023-10-07,35
C13804,36,Male,Delhi,2024-12-17,20
C13805,26,Female,Hyderabad,2024-11-17,21
C13806,40,Female,Kolkata,2025-06-02,14
C13807,35,Male,Gurgaon,2025-07-06,13
C13808,18,Male,Delhi,2025-06-18,14
C13809,41,Female,Delhi,2025-01-03,19
C13810,43,Male,Hyderabad,2024-09-13,23
C13811,25,Male,Mumbai,2025-11-23,9
C13812,39,Female,Pune,2025-08-22,12
C13813,26,Male,Mumbai,2023-10-25,34
C13814,35,Female,Noida,2024-10-30,22
C13815,22,Female,Mumbai,2025-12-28,7
C13816,18,Female,Pune,2024-08-30,24
C13817,31,Male,Gurgaon,2023-12-12,32
C13818,33,Male,Delhi,2024-04-19,28
C13819,31,Male,Ahmedabad,2023-08-24,36
C13820,23,Female,Noida,2025-01-13,19
C13821,31,Male,Bangalore,2024-04-08,28
C13822,37,Male,Ahmedabad,2026-07-26,0
C13823,34,Male,Kolkata,2023-09-16,35
C13824,36,Male,Gurgaon,2026-01-15,7
C13825,28,Male,Noida,2026-07-01,1
C13826,46,Female,Pune,2024-07-02,26
C13827,23,Male,Mumbai,2025-10-28,9
C13828,39,Male,Kolkata,2026-05-05,3
C13829,46,Male,Gurgaon,2026-04-28,3
C13830,39,Female,Mumbai,2025-07-08,13
C13831,32,Male,Hyderabad,2025-02-21,18
C13832,29,Female,Delhi,2025-09-26,11
C13833,45,Female,Kolkata,2025-01-12,19
C13834,20,Female,Noida,2025-03-26,17
C13835,25,Male,Chennai,2025-10-26,10
C13836,31,Female,Noida,2026-04-16,4
C13837,47,Female,Mumbai,2024-12-25,20
C13838,38,Female,Delhi,2025-06-30,13
C13839,25,Male,Chennai,2026-06-16,2
C13840,31,Female,Gurgaon,2024-08-17,24
C13841,28,Female,Ahmedabad,2024-02-07,30
C13842,27,Male,Kolkata,2026-01-24,7
C13843,44,Male,Bangalore,2025-05-19,15
C13844,21,Female,Chennai,2024-06-16,26
C13845,51,Male,Chennai,2025-04-22,16
C13846,43,Female,Ahmedabad,2023-10-10,34
C13847,45,Male,Noida,2025-01-09,19
C13848,30,Male,Gurgaon,2026-05-17,3
C13849,33,Female,Ahmedabad,2024-07-01,26
C13850,20,Male,Delhi,2024-06-19,26
C13851,29,Female,Chennai,2024-04-20,28
C13852,39,Female,Ahmedabad,2024-11-19,21
C13853,47,Female,Hyderabad,2026-05-03,3
C13854,23,Female,Delhi,2026-07-26,0
C13855,31,Female,Noida,2025-03-25,17
C13856,33,Male,Ahmedabad,2025-07-02,13
C13857,21,Female,Kolkata,2024-02-26,30
C13858,40,Male,Ahmedabad,2025-05-17,15
C13859,27,Male,Gurgaon,2024-07-29,25
C13860,33,Female,Pune,2025-07-15,13
C13861,30,Female,Kolkata,2025-07-21,13
C13862,27,Male,Mumbai,2024-12-27,20
C13863,34,Male,Hyderabad,2024-02-14,30
C13864,32,Female,Ahmedabad,2025-08-23,12
C13865,31,Male,Mumbai,2026-03-22,5
C13866,27,Female,Kolkata,2025-08-04,12
C13867,38,Female,Pune,2025-08-31,11
C13868,51,Male,Ahmedabad,2023-10-04,35
C13869,36,Male,Bangalore,2025-12-20,8
C13870,44,Female,Mumbai,2024-07-10,25
C13871,21,Male,Gurgaon,2026-05-30,2
C13872,36,Male,Kolkata,2024-03-27,29
C13873,24,Male,Delhi,2025-01-27,19
C13874,20,Male,Ahmedabad,2025-02-26,18
C13875,27,Male,Bangalore,2025-11-28,8
C13876,46,Female,Delhi,2025-09-26,11
C13877,44,Female,Mumbai,2025-03-17,17
C13878,37,Female,Ahmedabad,2026-08-10,0
C13879,19,Female,Chennai,2024-10-14,22
C13880,33,Male,Delhi,2024-01-09,31
C13881,38,Male,Noida,2025-10-08,10
C13882,36,Female,Kolkata,2026-06-01,2
C13883,18,Female,Delhi,2025-10-11,10
C13884,26,Female,Ahmedabad,2024-10-30,22
C13885,34,Female,Delhi,2026-05-09,3
C13886,40,Female,Mumbai,2024-12-13,20
C13887,18,Male,Mumbai,2023-11-21,33
C13888,33,Female,Hyderabad,2024-08-18,24
C13889,36,Female,Delhi,2026-03-25,5
C13890,43,Other,Gurgaon,2024-11-09,21
C13891,41,Female,Chennai,2023-09-10,35
C13892,40,Female,Noida,2025-05-28,15
C13893,27,Male,Ahmedabad,2025-08-10,12
C13894,18,Female,Bangalore,2023-09-20,35
C13895,31,Other,Gurgaon,2026-04-04,4
C13896,45,Female,Pune,2023-10-22,34
C13897,48,Female,Pune,2025-09-29,10
C13898,42,Male,Mumbai,2024-04-22,28
C13899,39,Female,Pune,2024-05-17,27
C13900,38,Female,Ahmedabad,2026-02-14,6
C13901,29,Female,Delhi,2024-09-05,23
C13902,33,Male,Chennai,2025-05-25,15
C13903,51,Female,Pune,2025-06-11,14
C13904,25,Male,Hyderabad,2024-10-11,22
C13905,51,Female,Noida,2024-10-12,22
C13906,31,Male,Bangalore,2024-08-13,24
C13907,48,Female,Delhi,2024-12-28,20
C13908,20,Male,Kolkata,2025-05-31,14
C13909,40,Male,Mumbai,2023-08-31,36
C13910,27,Female,Mumbai,2023-12-23,32
C13911,20,Male,Ahmedabad,2026-08-03,0
C13912,37,Female,Gurgaon,2025-12-30,7
C13913,45,Female,Pune,2024-09-12,23
C13914,26,Female,Delhi,2024-02-21,30
C13915,20,Male,Bangalore,2025-04-16,16
C13916,34,Female,Kolkata,2025-04-09,16
C13917,34,Male,Hyderabad,2026-06-01,2
C13918,40,Female,Bangalore,2024-11-02,21
C13919,44,Female,Chennai,2024-07-01,26
C13920,34,Male,Hyderabad,2026-01-01,7
C13921,53,Male,Pune,2024-06-22,26
C13922,37,Male,Kolkata,2025-03-14,17
C13923,31,Female,Kolkata,2025-01-19,19
C13924,18,Male,Bangalore,2026-07-02,1
C13925,32,Female,Kolkata,2023-09-28,35
C13926,31,Female,Ahmedabad,2024-07-15,25
C13927,44,Female,Noida,2023-10-03,35
C13928,39,Female,Ahmedabad,2023-10-15,34
C13929,23,Male,Bangalore,2024-02-21,30
C13930,36,Female,Kolkata,2023-11-29,33
C13931,41,Female,Kolkata,2026-05-24,3
C13932,50,Female,Chennai,2024-12-22,20
C13933,43,Male,Kolkata,2025-07-23,13
C13934,42,Male,Delhi,2024-11-03,21
C13935,35,Male,Bangalore,2023-10-04,35
C13936,38,Male,Hyderabad,2026-03-06,5
C13937,47,Male,Chennai,2026-02-06,6
C13938,21,Male,Chennai,2025-09-13,11
C13939,31,Female,Hyderabad,2023-08-25,36
C13940,27,Male,Gurgaon,2026-08-06,0
C13941,38,Female,Pune,2026-04-09,4
C13942,47,Male,Noida,2025-06-16,14
C13943,29,Female,Delhi,2025-06-11,14
C13944,18,Female,Mumbai,2024-04-05,28
C13945,30,Female,Pune,2026-01-21,7
C13946,44,Female,Pune,2025-06-26,14
C13947,40,Male,Chennai,2024-03-13,29
C13948,39,Female,Kolkata,2026-03-27,4
C13949,32,Male,Ahmedabad,2025-10-11,10
C13950,22,Male,Hyderabad,2026-07-04,1
C13951,40,Male,Hyderabad,2024-01-24,31
C13952,26,Female,Pune,2024-10-11,22
C13953,56,Male,Pune,2026-06-05,2
C13954,40,Female,Kolkata,2026-02-23,6
C13955,29,Male,Pune,2026-03-24,5
C13956,28,Female,Hyderabad,2026-05-02,3
C13957,34,Female,Bangalore,2025-08-22,12
C13958,32,Male,Pune,2025-03-24,17
C13959,46,Male,Noida,2026-03-30,4
C13960,36,Female,Bangalore,2025-05-12,15
C13961,27,Male,Kolkata,2025-03-10,17
C13962,53,Female,Chennai,2024-05-09,27
C13963,35,Female,Gurgaon,2024-06-18,26
C13964,42,Male,Pune,2024-02-10,30
C13965,28,Male,Kolkata,2024-05-15,27
C13966,38,Male,Ahmedabad,2024-03-18,29
C13967,38,Male,Chennai,2024-11-12,21
C13968,18,Male,Ahmedabad,2026-07-18,1
C13969,55,Male,Ahmedabad,2024-06-15,26
C13970,47,Male,Mumbai,2025-12-22,8
C13971,31,Male,Kolkata,2026-08-09,0
C13972,23,Female,Kolkata,2026-04-14,4
C13973,38,Female,Noida,2026-05-20,3
C13974,35,Female,Mumbai,2026-03-26,4
C13975,38,Male,Gurgaon,2024-08-19,24
C13976,36,Male,Mumbai,2023-10-27,34
C13977,40,Female,Gurgaon,2026-01-16,7
C13978,49,Female,Bangalore,2025-01-05,19
C13979,40,Male,Chennai,2024-12-12,20
C13980,24,Male,Pune,2026-02-25,5
C13981,48,Female,Chennai,2025-01-22,19
C13982,51,Female,Mumbai,2024-03-08,29
C13983,66,Male,Gurgaon,2024-07-01,26
C13984,23,Female,Hyderabad,2024-06-03,27
C13985,37,Female,Pune,2026-06-19,2
C13986,18,Female,Mumbai,2023-12-25,32
C13987,40,Female,Chennai,2025-10-05,10
C13988,29,Male,Mumbai,2023-08-25,36
C13989,54,Female,Noida,2025-05-28,15
C13990,27,Female,Chennai,2025-11-15,9
C13991,18,Female,Bangalore,2024-06-12,26
C13992,30,Female,Hyderabad,2024-12-25,20
C13993,18,Female,Pune,2025-10-30,9
C13994,42,Male,Noida,2024-12-19,20
C13995,18,Male,Bangalore,2024-07-18,25
C13996,35,Female,Mumbai,2026-07-30,0
C13997,18,Male,Mumbai,2025-11-05,9
C13998,31,Male,Gurgaon,2025-12-12,8
C13999,51,Male,Delhi,2026-05-28,2
C14000,38,Female,Noida,2026-08-11,0
C14001,26,Male,Bangalore,2024-06-05,26
C14002,34,Female,Pune,2026-02-28,5
C14003,35,Male,Mumbai,2024-12-05,20
C14004,39,Male,Kolkata,2025-06-17,14
C14005,21,Male,Bangalore,2024-09-16,23
C14006,40,Male,Pune,2025-06-14,14
C14007,18,Female,Chennai,2024-04-28,28
C14008,28,Female,Mumbai,2023-10-07,35
C14009,30,Female,Bangalore,2025-11-03,9
C14010,41,Male,Kolkata,2025-09-26,11
C14011,35,Female,Ahmedabad,2025-08-10,12
C14012,20,Male,Kolkata,2025-05-26,15
C14013,25,Male,Bangalore,2025-03-22,17
C14014,36,Male,Ahmedabad,2025-07-20,13
C14015,34,Female,Chennai,2025-12-30,7
C14016,29,Male,Mumbai,2025-08-15,12
C14017,30,Male,Noida,2026-05-02,3
C14018,41,Female,Kolkata,2024-01-20,31
C14019,29,Male,Noida,2026-03-25,5
C14020,34,Female,Noida,2025-01-03,19
C14021,56,Other,Chennai,2026-04-06,4
C14022,20,Female,Gurgaon,2025-03-26,17
C14023,18,Male,Pune,2026-02-01,6
C14024,42,Female,Chennai,2025-07-13,13
C14025,28,Male,Pune,2023-11-28,33
C14026,31,Male,Ahmedabad,2024-10-13,22
C14027,27,Female,Kolkata,2024-08-20,24
C14028,32,Male,Pune,2025-12-02,8
C14029,50,Male,Pune,2025-04-28,16
C14030,43,Female,Pune,2026-01-29,6
C14031,43,Female,Gurgaon,2025-01-15,19
C14032,20,Male,Chennai,2026-04-01,4
C14033,23,Male,Mumbai,2025-07-21,13
C14034,18,Male,Ahmedabad,2024-11-09,21
C14035,26,Male,Gurgaon,2023-11-30,33
C14036,44,Female,Bangalore,2024-02-11,30
C14037,40,Female,Ahmedabad,2024-10-18,22
C14038,32,Female,Kolkata,2024-12-03,20
C14039,34,Male,Chennai,2025-10-13,10
C14040,28,Male,Bangalore,2024-08-05,24
C14041,37,Male,Gurgaon,2024-11-12,21
C14042,42,Male,Gurgaon,2024-03-27,29
C14043,18,Male,Ahmedabad,2025-09-10,11
C14044,37,Male,Chennai,2026-08-12,0
C14045,44,Male,Kolkata,2024-11-18,21
C14046,30,Female,Gurgaon,2025-04-04,16
C14047,42,Female,Kolkata,2025-05-25,15
C14048,63,Female,Delhi,2024-03-11,29
C14049,33,Male,Noida,2025-02-01,18
C14050,38,Female,Chennai,2024-08-15,24
C14051,27,Female,Gurgaon,2025-11-19,9
C14052,36,Male,Kolkata,2024-10-11,22
C14053,39,Female,Ahmedabad,2023-12-13,32
C14054,36,Female,Mumbai,2024-01-17,31
C14055,24,Female,Kolkata,2024-02-21,30
C14056,37,Male,Ahmedabad,2024-08-17,24
C14057,49,Male,Hyderabad,2024-12-04,20
C14058,39,Male,Chennai,2023-11-28,33
C14059,44,Male,Chennai,2026-01-11,7
C14060,32,Female,Mumbai,2025-08-27,12
C14061,42,Female,Mumbai,2026-03-07,5
C14062,37,Male,Gurgaon,2025-01-24,19
C14063,25,Female,Hyderabad,2025-11-08,9
C14064,38,Female,Gurgaon,2025-07-15,13
C14065,25,Male,Hyderabad,2025-02-28,18
C14066,28,Male,Pune,2026-03-18,5
C14067,36,Female,Hyderabad,2026-03-20,5
C14068,37,Female,Noida,2026-07-14,1
C14069,23,Male,Hyderabad,2023-10-18,34
C14070,45,Male,Hyderabad,2026-06-19,2
C14071,40,Male,Kolkata,2024-05-14,27
C14072,27,Female,Pune,2025-06-12,14
C14073,19,Male,Pune,2026-06-07,2
C14074,33,Female,Ahmedabad,2025-03-06,17
C14075,30,Male,Delhi,2023-12-29,32
C14076,36,Male,Hyderabad,2025-10-21,10
C14077,31,Female,Delhi,2024-08-02,25
C14078,18,Male,Kolkata,2024-06-09,26
C14079,31,Female,Ahmedabad,2025-05-21,15
C14080,31,Male,Noida,2025-01-03,19
C14081,41,Female,Hyderabad,2025-11-20,9
C14082,28,Male,Noida,2024-01-13,31
C14083,51,Male,Mumbai,2023-10-30,34
C14084,18,Female,Noida,2023-10-11,34
C14085,48,Male,Gurgaon,2026-02-17,6
C14086,32,Female,Bangalore,2024-05-31,27
C14087,43,Male,Delhi,2024-08-06,24
C14088,35,Female,Delhi,2023-10-28,34
C14089,46,Female,Kolkata,2026-07-31,0
C14090,31,Female,Mumbai,2025-04-19,16
C14091,24,Female,Delhi,2025-09-16,11
C14092,49,Female,Mumbai,2023-10-04,35
C14093,33,Female,Bangalore,2025-11-07,9
C14094,37,Male,Gurgaon,2024-02-20,30
C14095,47,Female,Noida,2025-09-29,10
C14096,24,Male,Chennai,2025-08-20,12
C14097,40,Male,Pune,2025-10-26,10
C14098,29,Male,Pune,2023-12-05,33
C14099,33,Female,Hyderabad,2024-08-17,24
C14100,35,Male,Delhi,2026-05-31,2
C14101,19,Female,Hyderabad,2025-05-30,14
C14102,27,Male,Hyderabad,2023-11-27,33
C14103,48,Male,Pune,2025-05-04,15
C14104,43,Female,Ahmedabad,2026-04-15,4
C14105,34,Male,Noida,2025-02-26,18
C14106,37,Male,Ahmedabad,2024-07-26,25
C14107,32,Male,Ahmedabad,2025-04-29,16
C14108,48,Female,Pune,2026-05-26,2
C14109,32,Male,Noida,2025-06-24,14
C14110,37,Male,Ahmedabad,2023-09-26,35
C14111,46,Female,Chennai,2024-08-12,24
C14112,27,Male,Bangalore,2024-06-18,26
C14113,50,Female,Noida,2024-01-03,32
C14114,19,Male,Ahmedabad,2024-02-02,31
C14115,51,Male,Chennai,2026-05-18,3
C14116,31,Female,Gurgaon,2026-06-01,2
C14117,32,Female,Noida,2024-10-27,22
C14118,18,Female,Hyderabad,2026-01-22,7
C14119,30,Female,Noida,2023-09-19,35
C14120,24,Male,Gurgaon,2025-02-07,18
C14121,28,Male,Ahmedabad,2025-02-28,18
C14122,33,Male,Mumbai,2025-08-30,11
C14123,44,Female,Noida,2024-07-11,25
C14124,37,Female,Ahmedabad,2024-07-07,25
C14125,38,Female,Gurgaon,2024-08-03,24
C14126,24,Male,Mumbai,2026-03-15,5
C14127,26,Female,Chennai,2023-09-28,35
C14128,52,Female,Chennai,2025-03-24,17
C14129,27,Female,Pune,2024-07-12,25
C14130,51,Female,Pune,2025-05-22,15
C14131,32,Female,Kolkata,2023-09-29,35
C14132,35,Male,Hyderabad,2024-05-12,27
C14133,45,Male,Delhi,2024-08-29,24
C14134,47,Male,Gurgaon,2024-09-14,23
C14135,33,Male,Delhi,2023-11-28,33
C14136,31,Male,Pune,2023-12-08,32
C14137,34,Male,Pune,2026-08-08,0
C14138,38,Male,Gurgaon,2023-10-29,34
C14139,43,Female,Noida,2025-11-10,9
C14140,35,Female,Kolkata,2024-03-04,30
C14141,41,Female,Ahmedabad,2025-09-16,11
C14142,51,Male,Bangalore,2025-05-07,15
C14143,38,Male,Pune,2026-03-17,5
C14144,38,Male,Hyderabad,2023-10-03,35
C14145,19,Female,Pune,2025-01-23,19
C14146,18,Female,Kolkata,2025-06-14,14
C14147,38,Male,Pune,2025-10-18,10
C14148,34,Female,Kolkata,2025-08-04,12
C14149,29,Male,Ahmedabad,2025-10-03,10
C14150,37,Female,Ahmedabad,2024-08-10,24
C14151,34,Male,Bangalore,2025-12-22,8
C14152,46,Male,Pune,2025-05-07,15
C14153,35,Male,Gurgaon,2024-04-24,28
C14154,27,Female,Hyderabad,2024-10-14,22
C14155,44,Female,Bangalore,2026-01-01,7
C14156,32,Female,Ahmedabad,2023-12-09,32
C14157,40,Male,Gurgaon,2023-12-15,32
C14158,30,Male,Gurgaon,2023-12-14,32
C14159,28,Female,Pune,2025-06-16,14
C14160,35,Female,Hyderabad,2025-09-25,11
C14161,35,Female,Mumbai,2024-05-02,28
C14162,39,Male,Ahmedabad,2026-07-07,1
C14163,32,Female,Kolkata,2025-04-09,16
C14164,18,Male,Gurgaon,2026-05-25,2
C14165,30,Female,Chennai,2025-12-03,8
C14166,42,Female,Chennai,2025-09-26,11
C14167,32,Male,Ahmedabad,2025-11-19,9
C14168,32,Male,Mumbai,2023-10-07,35
C14169,44,Male,Chennai,2026-06-02,2
C14170,27,Male,Delhi,2025-10-25,10
C14171,19,Female,Mumbai,2026-04-29,3
C14172,33,Male,Pune,2025-09-15,11
C14173,30,Female,Kolkata,2025-03-11,17
C14174,25,Female,Chennai,2025-08-18,12
C14175,33,Female,Bangalore,2023-09-28,35
C14176,39,Female,Ahmedabad,2024-05-13,27
C14177,34,Female,Noida,2026-07-14,1
C14178,38,Female,Pune,2025-01-18,19
C14179,53,Male,Bangalore,2026-02-27,5
C14180,31,Female,Chennai,2025-06-04,14
C14181,37,Female,Gurgaon,2024-02-14,30
C14182,29,Male,Delhi,2023-12-30,32
C14183,26,Female,Pune,2023-12-09,32
C14184,29,Female,Kolkata,2025-09-06,11
C14185,30,Female,Gurgaon,2025-05-29,15
C14186,38,Male,Chennai,2024-05-02,28
C14187,58,Female,Kolkata,2025-11-02,9
C14188,27,Male,Noida,2025-08-14,12
C14189,30,Female,Noida,2023-10-10,34
C14190,34,Male,Pune,2025-02-26,18
C14191,38,Female,Hyderabad,2025-09-12,11
C14192,37,Male,Chennai,2024-09-19,23
C14193,47,Male,Ahmedabad,2024-02-05,30
C14194,18,Male,Mumbai,2026-04-03,4
C14195,18,Male,Noida,2025-05-08,15
C14196,30,Female,Delhi,2024-07-08,25
C14197,45,Female,Hyderabad,2024-06-23,26
C14198,19,Male,Hyderabad,2025-11-24,9
C14199,18,Male,Chennai,2026-01-11,7
C14200,40,Male,Mumbai,2026-07-19,1
C14201,37,Female,Hyderabad,2025-07-03,13
C14202,24,Male,Hyderabad,2023-09-16,35
C14203,25,Male,Noida,2023-10-24,34
C14204,25,Male,Kolkata,2024-04-14,28
C14205,36,Male,Pune,2025-10-19,10
C14206,28,Male,Chennai,2026-02-05,6
C14207,39,Male,Chennai,2025-08-23,12
C14208,18,Female,Pune,2023-12-21,32
C14209,26,Female,Chennai,2026-06-03,2
C14210,23,Male,Bangalore,2023-08-29,36
C14211,32,Female,Chennai,2023-10-26,34
C14212,29,Male,Hyderabad,2025-12-24,8
C14213,42,Female,Hyderabad,2026-02-12,6
C14214,18,Male,Mumbai,2023-12-08,32
C14215,35,Female,Mumbai,2025-11-28,8
C14216,40,Female,Chennai,2026-08-19,0
C14217,53,Male,Delhi,2024-03-21,29
C14218,30,Female,Noida,2023-09-17,35
C14219,38,Male,Bangalore,2024-04-12,28
C14220,18,Female,Hyderabad,2024-07-24,25
C14221,18,Male,Bangalore,2026-05-25,2
C14222,43,Male,Noida,2023-09-01,36
C14223,34,Female,Ahmedabad,2024-03-26,29
C14224,46,Male,Chennai,2025-05-09,15
C14225,21,Male,Delhi,2023-12-08,32
C14226,40,Male,Gurgaon,2024-07-02,26
C14227,53,Female,Pune,2024-09-03,23
C14228,39,Male,Chennai,2026-02-02,6
C14229,37,Male,Chennai,2024-04-02,29
C14230,35,Female,Pune,2025-11-20,9
C14231,19,Male,Delhi,2025-03-18,17
C14232,48,Male,Pune,2023-12-18,32
C14233,28,Male,Pune,2025-05-02,15
C14234,40,Male,Gurgaon,2026-03-03,5
C14235,19,Male,Hyderabad,2025-01-18,19
C14236,23,Female,Kolkata,2024-05-07,27
C14237,49,Male,Ahmedabad,2025-03-12,17
C14238,31,Male,Pune,2025-07-30,12
C14239,49,Male,Kolkata,2026-08-10,0
C14240,34,Male,Pune,2026-08-07,0
C14241,18,Female,Bangalore,2023-09-16,35
C14242,43,Male,Kolkata,2025-12-23,8
C14243,29,Male,Gurgaon,2023-09-22,35
C14244,41,Male,Bangalore,2026-08-07,0
C14245,35,Female,Bangalore,2024-07-14,25
C14246,19,Male,Hyderabad,2025-06-27,14
C14247,36,Male,Kolkata,2024-11-13,21
C14248,56,Female,Ahmedabad,2024-05-06,27
C14249,39,Male,Pune,2024-08-10,24
C14250,34,Female,Delhi,2026-01-15,7
C14251,45,Female,Delhi,2025-10-09,10
C14252,37,Male,Bangalore,2024-04-01,29
C14253,37,Male,Hyderabad,2025-03-20,17
C14254,24,Female,Mumbai,2025-03-04,17
C14255,37,Female,Delhi,2024-04-06,28
C14256,45,Female,Chennai,2024-08-03,24
C14257,26,Male,Mumbai,2025-02-03,18
C14258,49,Male,Kolkata,2024-05-30,27
C14259,34,Female,Mumbai,2025-06-30,13
C14260,26,Male,Delhi,2024-04-27,28
C14261,44,Female,Ahmedabad,2023-12-07,32
C14262,32,Male,Mumbai,2025-08-20,12
C14263,42,Female,Mumbai,2024-07-24,25
C14264,32,Male,Chennai,2023-12-05,33
C14265,34,Male,Delhi,2025-03-20,17
C14266,39,Female,Bangalore,2024-12-01,20
C14267,37,Male,Pune,2024-09-15,23
C14268,18,Male,Chennai,2024-05-28,27
C14269,23,Male,Hyderabad,2025-11-12,9
C14270,44,Female,Kolkata,2025-12-21,8
C14271,33,Female,Delhi,2025-05-08,15
C14272,29,Male,Chennai,2024-02-19,30
C14273,21,Male,Noida,2025-09-24,11
C14274,24,Male,Chennai,2026-01-28,6
C14275,18,Female,Hyderabad,2025-06-08,14
C14276,33,Male,Noida,2023-10-15,34
C14277,29,Male,Gurgaon,2024-05-23,27
C14278,25,Male,Ahmedabad,2024-09-27,23
C14279,34,Female,Hyderabad,2026-05-07,3
C14280,38,Female,Hyderabad,2025-09-26,11
C14281,55,Male,Ahmedabad,2024-06-16,26
C14282,19,Male,Bangalore,2026-08-11,0
C14283,46,Female,Chennai,2026-02-16,6
C14284,44,Female,Delhi,2025-10-28,9
C14285,27,Male,Kolkata,2023-12-30,32
C14286,37,Male,Kolkata,2024-03-13,29
C14287,30,Male,Kolkata,2026-02-22,6
C14288,36,Female,Noida,2026-04-12,4
C14289,50,Female,Gurgaon,2025-03-01,17
C14290,41,Female,Hyderabad,2025-05-24,15
C14291,40,Male,Chennai,2024-07-23,25
C14292,30,Male,Mumbai,2026-03-11,5
C14293,20,Female,Hyderabad,2026-06-05,2
C14294,32,Male,Kolkata,2024-06-25,26
C14295,47,Female,Gurgaon,2024-05-23,27
C14296,19,Female,Pune,2023-09-19,35
C14297,24,Male,Kolkata,2025-01-12,19
C14298,36,Male,Bangalore,2026-04-26,3
C14299,25,Female,Hyderabad,2025-08-28,11
C14300,27,Male,Delhi,2023-11-13,33
C14301,30,Female,Gurgaon,2024-03-05,30
C14302,21,Male,Hyderabad,2026-07-31,0
C14303,25,Female,Bangalore,2025-07-04,13
C14304,42,Female,Delhi,2023-09-25,35
C14305,21,Female,Hyderabad,2025-01-13,19
C14306,19,Male,Bangalore,2025-07-19,13
C14307,28,Female,Kolkata,2026-06-14,2
C14308,42,Male,Chennai,2023-10-11,34
C14309,33,Male,Chennai,2023-09-30,35
C14310,30,Male,Kolkata,2025-05-04,15
C14311,35,Male,Chennai,2025-09-08,11
C14312,18,Male,Pune,2026-06-09,2
C14313,39,Male,Ahmedabad,2024-08-15,24
C14314,38,Female,Kolkata,2025-04-19,16
C14315,30,Female,Kolkata,2026-08-21,0
C14316,45,Male,Kolkata,2025-10-03,10
C14317,23,Other,Ahmedabad,2026-02-25,5
C14318,46,Male,Hyderabad,2025-02-02,18
C14319,36,Male,Mumbai,2024-05-25,27
C14320,31,Female,Kolkata,2024-08-28,24
C14321,34,Male,Ahmedabad,2024-06-03,27
C14322,33,Female,Delhi,2024-05-13,27
C14323,47,Male,Noida,2025-07-07,13
C14324,24,Male,Noida,2023-09-26,35
C14325,27,Male,Hyderabad,2026-07-21,1
C14326,45,Female,Ahmedabad,2026-04-03,4
C14327,29,Female,Hyderabad,2026-02-18,6
C14328,44,Female,Hyderabad,2025-01-16,19
C14329,51,Female,Gurgaon,2024-09-08,23
C14330,30,Male,Delhi,2024-09-09,23
C14331,41,Female,Delhi,2025-02-01,18
C14332,23,Male,Delhi,2025-05-15,15
C14333,42,Male,Pune,2025-07-19,13
C14334,36,Female,Chennai,2024-02-02,31
C14335,39,Male,Delhi,2024-05-16,27
C14336,28,Male,Delhi,2026-08-12,0
C14337,18,Female,Hyderabad,2025-03-05,17
C14338,40,Female,Mumbai,2025-08-28,11
C14339,18,Female,Mumbai,2024-05-10,27
C14340,31,Male,Chennai,2023-10-20,34
C14341,44,Male,Noida,2026-01-15,7
C14342,36,Female,Kolkata,2026-03-26,4
C14343,54,Female,Mumbai,2023-10-26,34
C14344,45,Male,Chennai,2024-12-27,20
C14345,28,Female,Pune,2024-09-24,23
C14346,35,Female,Ahmedabad,2025-12-25,8
C14347,34,Male,Gurgaon,2023-10-05,35
C14348,19,Female,Ahmedabad,2025-03-12,17
C14349,25,Female,Gurgaon,2025-03-27,17
C14350,29,Male,Gurgaon,2024-02-27,30
C14351,18,Male,Noida,2024-07-10,25
C14352,35,Female,Chennai,2023-12-05,33
C14353,32,Female,Chennai,2025-04-10,16
C14354,18,Female,Gurgaon,2024-09-25,23
C14355,39,Female,Noida,2024-01-25,31
C14356,42,Male,Kolkata,2024-01-21,31
C14357,37,Male,Ahmedabad,2026-06-26,1
C14358,31,Male,Gurgaon,2023-12-08,32
C14359,40,Male,Hyderabad,2025-12-26,7
C14360,41,Female,Gurgaon,2025-03-11,17
C14361,38,Male,Delhi,2026-04-05,4
C14362,26,Female,Pune,2024-06-29,26
C14363,37,Male,Ahmedabad,2025-05-27,15
C14364,46,Male,Bangalore,2025-05-08,15
C14365,29,Male,Delhi,2024-11-13,21
C14366,55,Female,Mumbai,2024-04-29,28
C14367,29,Male,Mumbai,2024-08-28,24
C14368,35,Male,Kolkata,2023-09-29,35
C14369,28,Female,Gurgaon,2026-08-02,0
C14370,37,Other,Bangalore,2025-02-28,18
C14371,18,Female,Gurgaon,2025-03-31,16
C14372,29,Male,Ahmedabad,2025-01-10,19
C14373,24,Male,Delhi,2026-02-12,6
C14374,36,Female,Delhi,2024-05-26,27
C14375,44,Female,Pune,2024-09-20,23
C14376,41,Female,Chennai,2026-03-19,5
C14377,18,Male,Noida,2025-08-21,12
C14378,55,Male,Chennai,2023-12-20,32
C14379,37,Male,Pune,2024-11-17,21
C14380,27,Female,Bangalore,2024-08-27,24
C14381,36,Male,Kolkata,2025-05-31,14
C14382,36,Other,Chennai,2025-02-16,18
C14383,28,Male,Gurgaon,2025-08-12,12
C14384,36,Female,Delhi,2025-07-28,13
C14385,28,Male,Bangalore,2023-11-04,34
C14386,30,Female,Kolkata,2025-07-09,13
C14387,28,Male,Mumbai,2025-04-28,16
C14388,20,Female,Noida,2025-04-13,16
C14389,36,Female,Gurgaon,2025-02-24,18
C14390,40,Male,Chennai,2025-06-24,14
C14391,40,Female,Ahmedabad,2025-05-09,15
C14392,43,Female,Chennai,2025-07-02,13
C14393,38,Female,Kolkata,2025-03-28,17
C14394,29,Female,Chennai,2024-08-22,24
C14395,43,Female,Gurgaon,2025-10-06,10
C14396,21,Male,Chennai,2026-01-15,7
C14397,25,Male,Pune,2025-12-19,8
C14398,25,Other,Ahmedabad,2026-03-14,5
C14399,45,Male,Chennai,2023-11-17,33
C14400,44,Male,Bangalore,2026-08-08,0
C14401,39,Female,Ahmedabad,2026-05-27,2
C14402,45,Male,Chennai,2023-12-08,32
C14403,26,Female,Chennai,2024-07-22,25
C14404,38,Female,Mumbai,2024-11-14,21
C14405,33,Female,Kolkata,2023-11-17,33
C14406,43,Male,Chennai,2025-02-05,18
C14407,33,Male,Noida,2023-11-20,33
C14408,31,Male,Gurgaon,2025-08-12,12
C14409,40,Male,Noida,2023-10-10,34
C14410,43,Male,Delhi,2025-01-25,19
C14411,28,Male,Pune,2024-05-29,27
C14412,34,Male,Ahmedabad,2025-05-24,15
C14413,24,Female,Chennai,2025-12-02,8
C14414,18,Female,Gurgaon,2026-05-03,3
C14415,37,Male,Chennai,2023-09-10,35
C14416,41,Male,Noida,2024-04-07,28
C14417,37,Female,Pune,2023-12-16,32
C14418,18,Female,Pune,2026-06-16,2
C14419,31,Male,Mumbai,2023-10-27,34
C14420,18,Female,Pune,2024-09-09,23
C14421,48,Male,Kolkata,2024-06-06,26
C14422,24,Male,Gurgaon,2025-08-29,11
C14423,47,Female,Mumbai,2024-01-28,31
C14424,44,Female,Kolkata,2025-12-18,8
C14425,25,Female,Gurgaon,2023-09-25,35
C14426,23,Female,Pune,2024-01-22,31
C14427,38,Female,Chennai,2024-11-13,21
C14428,26,Female,Pune,2026-08-04,0
C14429,36,Male,Ahmedabad,2026-07-28,0
C14430,30,Female,Gurgaon,2025-06-16,14
C14431,18,Male,Chennai,2024-07-05,25
C14432,18,Male,Gurgaon,2026-01-27,6
C14433,37,Male,Ahmedabad,2024-10-24,22
C14434,29,Female,Gurgaon,2024-08-11,24
C14435,29,Female,Mumbai,2025-03-08,17
C14436,41,Female,Pune,2025-08-03,12
C14437,46,Male,Kolkata,2025-03-01,17
C14438,32,Female,Gurgaon,2025-04-23,16
C14439,31,Male,Mumbai,2025-02-16,18
C14440,40,Male,Noida,2023-12-30,32
C14441,21,Female,Hyderabad,2024-09-18,23
C14442,37,Male,Bangalore,2024-08-02,25
C14443,40,Female,Ahmedabad,2025-08-10,12
C14444,41,Male,Pune,2023-11-04,34
C14445,18,Male,Hyderabad,2024-04-05,28
C14446,27,Female,Noida,2025-06-16,14
C14447,26,Male,Pune,2024-04-15,28
C14448,35,Male,Noida,2024-07-20,25
C14449,39,Male,Delhi,2024-08-04,24
C14450,49,Female,Ahmedabad,2024-05-23,27
C14451,30,Female,Gurgaon,2025-01-26,19
C14452,30,Female,Delhi,2024-02-10,30
C14453,46,Female,Mumbai,2025-08-18,12
C14454,37,Female,Mumbai,2025-11-26,8
C14455,47,Female,Ahmedabad,2025-05-10,15
C14456,37,Female,Pune,2026-01-29,6
C14457,23,Male,Delhi,2025-02-15,18
C14458,21,Male,Ahmedabad,2025-04-26,16
C14459,19,Female,Bangalore,2024-03-19,29
C14460,41,Male,Hyderabad,2024-07-02,26
C14461,46,Male,Delhi,2025-07-16,13
C14462,53,Female,Delhi,2025-10-27,9
C14463,43,Male,Bangalore,2025-10-19,10
C14464,46,Female,Noida,2023-12-27,32
C14465,29,Female,Mumbai,2026-08-02,0
C14466,23,Male,Hyderabad,2025-08-25,12
C14467,43,Female,Bangalore,2024-04-10,28
C14468,39,Female,Hyderabad,2023-11-02,34
C14469,36,Male,Chennai,2025-11-19,9
C14470,38,Female,Chennai,2023-09-28,35
C14471,38,Female,Mumbai,2023-08-24,36
C14472,47,Male,Bangalore,2024-11-13,21
C14473,47,Male,Gurgaon,2023-11-29,33
C14474,40,Male,Kolkata,2024-12-15,20
C14475,43,Male,Pune,2025-03-26,17
C14476,40,Male,Delhi,2026-05-16,3
C14477,30,Female,Noida,2024-05-28,27
C14478,42,Male,Delhi,2026-01-31,6
C14479,21,Female,Mumbai,2025-09-21,11
C14480,45,Male,Chennai,2026-04-21,4
C14481,23,Male,Bangalore,2025-06-06,14
C14482,37,Female,Hyderabad,2025-03-19,17
C14483,26,Female,Kolkata,2023-12-20,32
C14484,40,Female,Pune,2026-02-05,6
C14485,34,Male,Delhi,2024-02-12,30
C14486,19,Female,Ahmedabad,2024-10-05,22
C14487,39,Male,Bangalore,2025-03-07,17
C14488,29,Male,Mumbai,2024-08-12,24
C14489,43,Male,Hyderabad,2024-08-14,24
C14490,35,Female,Pune,2025-03-12,17
C14491,38,Male,Chennai,2024-09-16,23
C14492,25,Female,Mumbai,2026-07-12,1
C14493,29,Female,Hyderabad,2024-04-30,28
C14494,30,Female,Pune,2025-12-16,8
C14495,43,Male,Hyderabad,2024-09-01,24
C14496,51,Male,Pune,2025-07-10,13
C14497,26,Male,Chennai,2025-08-29,11
C14498,45,Male,Pune,2025-01-16,19
C14499,18,Female,Chennai,2024-08-24,24
C14500,23,Female,Delhi,2024-10-25,22
C14501,25,Female,Noida,2023-10-11,34
C14502,21,Female,Hyderabad,2023-11-27,33
C14503,19,Female,Noida,2024-02-18,30
C14504,39,Male,Delhi,2026-03-14,5
C14505,32,Other,Mumbai,2024-07-02,26
C14506,38,Male,Chennai,2025-01-12,19
C14507,41,Female,Gurgaon,2024-01-15,31
C14508,37,Female,Ahmedabad,2025-10-29,9
C14509,41,Female,Delhi,2025-09-12,11
C14510,34,Male,Pune,2024-09-30,23
C14511,23,Female,Gurgaon,2024-04-10,28
C14512,45,Female,Hyderabad,2024-05-15,27
C14513,29,Female,Chennai,2026-03-28,4
C14514,25,Female,Bangalore,2026-03-12,5
C14515,33,Male,Hyderabad,2025-09-24,11
C14516,25,Male,Mumbai,2024-09-17,23
C14517,30,Female,Ahmedabad,2025-05-11,15
C14518,38,Female,Gurgaon,2024-11-17,21
C14519,38,Female,Ahmedabad,2024-11-11,21
C14520,26,Male,Noida,2025-01-02,19
C14521,30,Male,Chennai,2025-02-20,18
C14522,45,Male,Mumbai,2024-06-03,27
C14523,39,Male,Hyderabad,2025-02-12,18
C14524,55,Male,Gurgaon,2024-02-22,30
C14525,46,Male,Kolkata,2024-08-08,24
C14526,46,Male,Kolkata,2023-09-20,35
C14527,21,Female,Delhi,2024-02-11,30
C14528,42,Male,Kolkata,2024-04-26,28
C14529,34,Female,Ahmedabad,2025-09-13,11
C14530,29,Female,Chennai,2025-08-10,12
C14531,36,Male,Delhi,2026-07-05,1
C14532,44,Female,Bangalore,2025-12-08,8
C14533,40,Female,Pune,2025-04-28,16
C14534,26,Male,Bangalore,2025-03-24,17
C14535,42,Male,Bangalore,2026-03-11,5
C14536,28,Male,Delhi,2025-06-16,14
C14537,37,Female,Kolkata,2025-09-14,11
C14538,31,Male,Noida,2024-05-30,27
C14539,32,Male,Pune,2026-01-23,7
C14540,42,Female,Delhi,2026-02-07,6
C14541,24,Male,Delhi,2026-04-13,4
C14542,54,Female,Noida,2023-12-26,32
C14543,18,Male,Delhi,2026-05-03,3
C14544,29,Female,Noida,2026-06-29,1
C14545,38,Male,Bangalore,2024-05-30,27
C14546,40,Male,Bangalore,2023-09-13,35
C14547,33,Male,Gurgaon,2026-03-04,5
C14548,34,Other,Pune,2026-01-21,7
C14549,39,Male,Hyderabad,2025-03-02,17
C14550,32,Female,Hyderabad,2025-10-07,10
C14551,48,Female,Ahmedabad,2026-03-02,5
C14552,43,Female,Noida,2024-06-14,26
C14553,43,Male,Delhi,2024-11-26,21
C14554,25,Female,Noida,2025-05-09,15
C14555,34,Female,Gurgaon,2025-04-02,16
C14556,31,Male,Chennai,2025-01-17,19
C14557,24,Female,Hyderabad,2024-02-26,30
C14558,38,Female,Noida,2025-12-06,8
C14559,29,Other,Mumbai,2025-11-26,8
C14560,41,Male,Mumbai,2023-09-08,35
C14561,24,Female,Chennai,2025-09-06,11
C14562,52,Male,Noida,2026-06-24,1
C14563,26,Male,Pune,2026-06-11,2
C14564,37,Male,Chennai,2024-08-21,24
C14565,42,Male,Kolkata,2024-10-24,22
C14566,29,Female,Kolkata,2023-12-20,32
C14567,43,Male,Gurgaon,2024-01-08,31
C14568,22,Male,Ahmedabad,2025-02-10,18
C14569,49,Male,Chennai,2024-02-22,30
C14570,35,Male,Delhi,2025-11-18,9
C14571,29,Other,Gurgaon,2025-08-24,12
C14572,32,Female,Pune,2024-01-29,31
C14573,43,Male,Ahmedabad,2024-03-14,29
C14574,29,Female,Chennai,2023-09-14,35
C14575,27,Male,Hyderabad,2023-08-24,36
C14576,32,Female,Gurgaon,2024-11-25,21
C14577,23,Female,Bangalore,2024-09-09,23
C14578,53,Male,Hyderabad,2023-12-09,32
C14579,29,Female,Ahmedabad,2025-05-13,15
C14580,43,Male,Pune,2026-02-19,6
C14581,37,Male,Bangalore,2024-02-29,30
C14582,25,Female,Gurgaon,2024-11-29,21
C14583,34,Female,Mumbai,2024-08-02,25
C14584,42,Male,Noida,2024-04-29,28
C14585,33,Female,Chennai,2025-03-07,17
C14586,46,Female,Ahmedabad,2025-10-07,10
C14587,45,Male,Bangalore,2024-12-08,20
C14588,44,Male,Kolkata,2026-07-31,0
C14589,30,Female,Kolkata,2026-08-21,0
C14590,24,Male,Delhi,2023-09-15,35
C14591,28,Male,Pune,2025-11-15,9
C14592,36,Other,Pune,2024-09-16,23
C14593,40,Female,Bangalore,2025-01-11,19
C14594,18,Male,Mumbai,2024-01-04,32
C14595,34,Female,Delhi,2026-08-04,0
C14596,36,Male,Gurgaon,2023-11-18,33
C14597,32,Male,Ahmedabad,2023-12-18,32
C14598,47,Female,Mumbai,2024-12-16,20
C14599,39,Female,Pune,2026-08-03,0
C14600,48,Male,Ahmedabad,2024-03-23,29
C14601,32,Female,Mumbai,2024-12-30,20
C14602,44,Female,Delhi,2025-05-05,15
C14603,51,Male,Ahmedabad,2026-08-07,0
C14604,48,Male,Ahmedabad,2024-07-17,25
C14605,24,Male,Ahmedabad,2025-07-31,12
C14606,32,Female,Ahmedabad,2024-04-30,28
C14607,31,Male,Noida,2024-03-09,29
C14608,39,Male,Mumbai,2024-06-04,26
C14609,41,Male,Ahmedabad,2025-03-28,17
C14610,26,Male,Gurgaon,2025-09-21,11
C14611,35,Female,Bangalore,2024-06-14,26
C14612,18,Male,Delhi,2024-07-08,25
C14613,49,Male,Kolkata,2025-05-27,15
C14614,29,Female,Mumbai,2025-03-01,17
C14615,35,Male,Kolkata,2026-03-12,5
C14616,31,Male,Delhi,2024-04-09,28
C14617,46,Female,Hyderabad,2025-04-18,16
C14618,18,Female,Gurgaon,2023-09-28,35
C14619,34,Female,Bangalore,2025-02-11,18
C14620,33,Male,Delhi,2025-01-15,19
C14621,30,Male,Ahmedabad,2023-08-28,36
C14622,52,Female,Delhi,2025-02-17,18
C14623,26,Female,Chennai,2024-04-28,28
C14624,42,Male,Hyderabad,2025-08-01,12
C14625,38,Male,Bangalore,2026-04-03,4
C14626,47,Female,Mumbai,2025-08-13,12
C14627,28,Male,Ahmedabad,2025-11-15,9
C14628,27,Male,Bangalore,2025-01-05,19
C14629,45,Male,Kolkata,2026-01-07,7
C14630,39,Female,Chennai,2024-02-01,31
C14631,19,Female,Chennai,2024-02-06,30
C14632,29,Female,Pune,2025-02-10,18
C14633,38,Male,Ahmedabad,2023-11-18,33
C14634,43,Male,Bangalore,2025-08-02,12
C14635,28,Male,Delhi,2024-11-03,21
C14636,18,Female,Delhi,2026-07-13,1
C14637,40,Female,Hyderabad,2025-10-14,10
C14638,22,Female,Gurgaon,2026-05-12,3
C14639,18,Male,Chennai,2026-07-07,1
C14640,18,Female,Ahmedabad,2025-08-06,12
C14641,43,Female,Ahmedabad,2026-01-24,7
C14642,36,Male,Ahmedabad,2025-01-21,19
C14643,32,Male,Delhi,2025-02-16,18
C14644,48,Female,Hyderabad,2025-12-08,8
C14645,41,Female,Chennai,2024-03-07,29
C14646,51,Male,Delhi,2026-08-05,0
C14647,21,Other,Mumbai,2025-05-02,15
C14648,34,Female,Noida,2026-02-18,6
C14649,18,Male,Noida,2025-10-17,10
C14650,32,Male,Hyderabad,2026-07-22,1
C14651,32,Male,Gurgaon,2023-11-15,33
C14652,41,Male,Chennai,2025-06-03,14
C14653,35,Male,Pune,2024-09-20,23
C14654,41,Male,Bangalore,2024-04-13,28
C14655,42,Other,Gurgaon,2024-11-21,21
C14656,56,Female,Mumbai,2023-11-05,34
C14657,31,Female,Hyderabad,2024-07-22,25
C14658,25,Male,Bangalore,2024-01-15,31
C14659,37,Male,Chennai,2026-06-18,2
C14660,26,Male,Gurgaon,2024-10-14,22
C14661,49,Female,Kolkata,2026-03-10,5
C14662,32,Male,Delhi,2025-10-26,10
C14663,29,Male,Noida,2026-04-29,3
C14664,30,Female,Bangalore,2025-02-22,18
C14665,42,Male,Bangalore,2024-06-09,26
C14666,33,Female,Pune,2026-03-28,4
C14667,28,Male,Ahmedabad,2024-01-02,32
C14668,51,Male,Delhi,2025-08-15,12
C14669,26,Female,Bangalore,2025-07-24,13
C14670,35,Female,Gurgaon,2025-03-27,17
C14671,41,Male,Mumbai,2024-07-01,26
C14672,18,Male,Hyderabad,2026-07-27,0
C14673,39,Female,Ahmedabad,2025-12-15,8
C14674,24,Female,Gurgaon,2025-03-30,17
C14675,43,Female,Delhi,2024-06-24,26
C14676,25,Female,Bangalore,2024-02-26,30
C14677,41,Male,Chennai,2025-04-02,16
C14678,46,Male,Bangalore,2026-06-14,2
C14679,43,Male,Hyderabad,2025-07-10,13
C14680,37,Female,Hyderabad,2024-01-21,31
C14681,32,Male,Delhi,2026-02-10,6
C14682,29,Female,Mumbai,2023-09-19,35
C14683,49,Female,Ahmedabad,2025-06-21,14
C14684,28,Other,Hyderabad,2023-12-27,32
C14685,24,Male,Mumbai,2024-06-16,26
C14686,41,Male,Mumbai,2024-11-20,21
C14687,27,Male,Gurgaon,2024-10-29,22
C14688,25,Male,Kolkata,2025-10-01,10
C14689,20,Female,Hyderabad,2026-05-27,2
C14690,30,Male,Kolkata,2023-09-20,35
C14691,34,Female,Gurgaon,2025-12-14,8
C14692,37,Other,Bangalore,2025-03-21,17
C14693,44,Female,Chennai,2023-12-10,32
C14694,40,Male,Chennai,2024-12-18,20
C14695,33,Male,Mumbai,2025-07-11,13
C14696,33,Male,Delhi,2024-08-13,24
C14697,40,Male,Kolkata,2026-05-07,3
C14698,47,Male,Bangalore,2025-06-01,14
C14699,36,Male,Hyderabad,2026-01-02,7
C14700,30,Female,Chennai,2025-04-25,16
C14701,25,Male,Kolkata,2024-03-15,29
C14702,20,Male,Hyderabad,2024-10-26,22
C14703,41,Female,Chennai,2026-07-22,1
C14704,40,Female,Pune,2025-09-13,11
C14705,40,Female,Bangalore,2025-02-02,18
C14706,33,Male,Mumbai,2025-12-19,8
C14707,49,Female,Chennai,2024-06-02,27
C14708,30,Female,Kolkata,2025-04-11,16
C14709,44,Female,Kolkata,2026-08-03,0
C14710,34,Male,Bangalore,2026-05-27,2
C14711,28,Female,Mumbai,2023-12-22,32
C14712,40,Male,Noida,2025-10-08,10
C14713,39,Female,Hyderabad,2024-07-22,25
C14714,38,Male,Ahmedabad,2026-02-19,6
C14715,35,Female,Bangalore,2025-03-30,17
C14716,34,Female,Pune,2025-10-03,10
C14717,58,Male,Delhi,2023-11-02,34
C14718,46,Female,Mumbai,2026-02-15,6
C14719,42,Male,Noida,2024-09-27,23
C14720,36,Male,Ahmedabad,2026-04-21,4
C14721,45,Male,Ahmedabad,2026-04-21,4
C14722,40,Other,Bangalore,2024-08-23,24
C14723,35,Male,Kolkata,2025-10-10,10
C14724,31,Female,Ahmedabad,2026-01-14,7
C14725,34,Female,Kolkata,2025-12-07,8
C14726,18,Female,Pune,2023-11-26,33
C14727,37,Female,Kolkata,2025-05-02,15
C14728,30,Male,Mumbai,2024-11-11,21
C14729,50,Male,Mumbai,2024-09-09,23
C14730,35,Male,Gurgaon,2024-03-06,29
C14731,23,Female,Kolkata,2025-07-22,13
C14732,34,Male,Mumbai,2026-07-09,1
C14733,24,Male,Gurgaon,2024-07-09,25
C14734,39,Female,Kolkata,2024-08-18,24
C14735,37,Male,Bangalore,2025-11-19,9
C14736,44,Female,Kolkata,2025-03-26,17
C14737,27,Male,Mumbai,2026-06-02,2
C14738,35,Male,Delhi,2023-12-02,33
C14739,21,Male,Hyderabad,2024-03-08,29
C14740,42,Male,Kolkata,2024-12-26,20
C14741,40,Female,Noida,2023-11-22,33
C14742,39,Male,Ahmedabad,2025-07-29,12
C14743,35,Male,Kolkata,2025-08-04,12
C14744,39,Female,Mumbai,2024-09-08,23
C14745,51,Female,Delhi,2024-10-28,22
C14746,32,Female,Chennai,2024-01-05,32
C14747,36,Female,Chennai,2025-02-04,18
C14748,24,Female,Bangalore,2025-09-27,10
C14749,26,Male,Hyderabad,2026-04-02,4
C14750,35,Female,Chennai,2023-08-30,36
C14751,46,Male,Noida,2025-10-08,10
C14752,32,Male,Delhi,2024-02-13,30
C14753,32,Male,Bangalore,2024-12-24,20
C14754,30,Male,Pune,2025-02-28,18
C14755,29,Male,Bangalore,2024-07-31,25
C14756,37,Male,Kolkata,2024-02-04,31
C14757,20,Male,Ahmedabad,2026-08-20,0
C14758,47,Female,Hyderabad,2023-10-20,34
C14759,28,Female,Mumbai,2024-07-06,25
C14760,42,Female,Delhi,2025-08-07,12
C14761,22,Female,Ahmedabad,2026-07-14,1
C14762,41,Male,Pune,2024-08-06,24
C14763,41,Female,Noida,2025-04-19,16
C14764,38,Male,Ahmedabad,2024-11-03,21
C14765,25,Male,Noida,2026-04-14,4
C14766,37,Male,Delhi,2024-06-19,26
C14767,23,Male,Bangalore,2025-07-29,12
C14768,32,Male,Hyderabad,2023-09-13,35
C14769,45,Male,Pune,2023-11-07,33
C14770,42,Male,Gurgaon,2025-10-10,10
C14771,35,Male,Mumbai,2025-01-19,19
C14772,25,Male,Gurgaon,2024-10-30,22
C14773,41,Other,Pune,2024-05-04,28
C14774,35,Male,Mumbai,2024-10-31,22
C14775,18,Male,Ahmedabad,2026-01-07,7
C14776,42,Female,Delhi,2026-02-05,6
C14777,34,Female,Chennai,2023-09-15,35
C14778,47,Male,Chennai,2026-04-07,4
C14779,24,Female,Kolkata,2026-05-24,3
C14780,18,Male,Ahmedabad,2025-11-29,8
C14781,37,Male,Hyderabad,2025-08-21,12
C14782,37,Male,Delhi,2026-06-18,2
C14783,18,Female,Kolkata,2025-07-04,13
C14784,25,Male,Mumbai,2026-01-14,7
C14785,62,Female,Bangalore,2023-12-01,33
C14786,31,Male,Kolkata,2025-07-25,13
C14787,42,Female,Gurgaon,2026-01-31,6
C14788,28,Male,Pune,2026-06-17,2
C14789,18,Male,Noida,2024-06-17,26
C14790,33,Female,Chennai,2023-11-22,33
C14791,32,Female,Ahmedabad,2023-09-10,35
C14792,31,Male,Chennai,2025-03-15,17
C14793,33,Female,Delhi,2026-05-13,3
C14794,37,Female,Delhi,2024-08-01,25
C14795,33,Male,Kolkata,2025-05-26,15
C14796,22,Female,Ahmedabad,2026-03-29,4
C14797,39,Female,Delhi,2026-07-26,0
C14798,18,Male,Ahmedabad,2025-06-20,14
C14799,18,Male,Mumbai,2023-11-19,33
C14800,42,Female,Gurgaon,2026-03-11,5
C14801,40,Male,Noida,2024-01-06,31
C14802,34,Male,Chennai,2026-04-19,4
C14803,21,Male,Chennai,2024-08-12,24
C14804,27,Female,Ahmedabad,2024-04-22,28
C14805,32,Male,Chennai,2024-07-27,25
C14806,19,Female,Pune,2026-04-24,4
C14807,27,Male,Delhi,2025-02-23,18
C14808,41,Male,Pune,2023-09-03,36
C14809,49,Female,Kolkata,2026-05-30,2
C14810,30,Female,Chennai,2026-03-30,4
C14811,42,Male,Chennai,2024-12-07,20
C14812,18,Male,Mumbai,2026-03-15,5
C14813,41,Male,Delhi,2025-06-05,14
C14814,26,Female,Gurgaon,2023-09-23,35
C14815,38,Male,Kolkata,2026-02-04,6
C14816,32,Female,Delhi,2026-01-26,6
C14817,48,Female,Mumbai,2025-05-05,15
C14818,26,Male,Chennai,2023-08-29,36
C14819,41,Male,Pune,2024-06-23,26
C14820,32,Male,Hyderabad,2025-07-29,12
C14821,33,Male,Kolkata,2025-07-22,13
C14822,33,Male,Noida,2023-09-09,35
C14823,26,Male,Kolkata,2025-03-30,17
C14824,34,Female,Delhi,2025-08-20,12
C14825,34,Male,Gurgaon,2024-04-23,28
C14826,37,Female,Pune,2026-01-17,7
C14827,35,Male,Noida,2024-08-18,24
C14828,42,Male,Hyderabad,2024-01-25,31
C14829,44,Female,Hyderabad,2024-03-30,29
C14830,24,Female,Bangalore,2026-01-20,7
C14831,43,Male,Mumbai,2025-09-14,11
C14832,23,Female,Mumbai,2025-08-17,12
C14833,40,Female,Chennai,2024-05-21,27
C14834,41,Female,Pune,2023-10-23,34
C14835,18,Male,Ahmedabad,2024-09-29,23
C14836,35,Female,Delhi,2025-10-02,10
C14837,30,Female,Pune,2023-08-24,36
C14838,27,Female,Delhi,2024-02-26,30
C14839,48,Female,Noida,2024-08-30,24
C14840,28,Female,Kolkata,2024-11-14,21
C14841,26,Male,Gurgaon,2024-10-26,22
C14842,35,Male,Delhi,2024-07-21,25
C14843,41,Male,Kolkata,2024-04-29,28
C14844,33,Male,Pune,2024-03-23,29
C14845,46,Male,Delhi,2024-10-28,22
C14846,40,Female,Mumbai,2025-04-16,16
C14847,18,Male,Pune,2025-06-09,14
C14848,29,Female,Noida,2024-07-14,25
C14849,29,Female,Ahmedabad,2025-03-19,17
C14850,39,Male,Kolkata,2024-08-14,24
C14851,18,Female,Ahmedabad,2024-02-07,30
C14852,60,Male,Kolkata,2024-02-17,30
C14853,40,Female,Noida,2024-05-30,27
C14854,36,Female,Mumbai,2026-08-21,0
C14855,46,Male,Chennai,2026-06-12,2
C14856,58,Male,Ahmedabad,2025-01-16,19
C14857,43,Male,Pune,2026-07-19,1
C14858,44,Female,Bangalore,2023-09-26,35
C14859,36,Female,Ahmedabad,2025-11-18,9
C14860,33,Male,Kolkata,2024-12-11,20
C14861,30,Female,Mumbai,2026-08-08,0
C14862,26,Male,Gurgaon,2024-12-14,20
C14863,28,Male,Pune,2025-05-24,15
C14864,21,Other,Pune,2025-06-08,14
C14865,34,Male,Gurgaon,2024-11-15,21
C14866,18,Female,Bangalore,2026-07-08,1
C14867,36,Female,Bangalore,2025-02-02,18
C14868,34,Female,Pune,2023-10-09,34
C14869,36,Male,Ahmedabad,2025-10-09,10
C14870,29,Male,Hyderabad,2026-02-09,6
C14871,65,Male,Delhi,2026-06-05,2
C14872,48,Female,Gurgaon,2024-01-22,31
C14873,22,Female,Ahmedabad,2024-08-23,24
C14874,37,Male,Ahmedabad,2025-10-06,10
C14875,28,Female,Hyderabad,2025-11-11,9
C14876,24,Male,Mumbai,2025-02-25,18
C14877,21,Male,Ahmedabad,2024-07-31,25
C14878,39,Male,Pune,2025-03-28,17
C14879,28,Male,Noida,2025-05-01,15
C14880,44,Male,Bangalore,2025-03-15,17
C14881,44,Male,Bangalore,2024-12-14,20
C14882,48,Female,Noida,2026-02-14,6
C14883,26,Female,Bangalore,2024-05-25,27
C14884,39,Male,Gurgaon,2025-06-02,14
C14885,41,Female,Noida,2026-03-16,5
C14886,30,Female,Gurgaon,2024-10-26,22
C14887,27,Male,Pune,2023-12-07,32
C14888,51,Female,Mumbai,2025-09-01,11
C14889,37,Female,Kolkata,2023-11-26,33
C14890,41,Female,Noida,2026-02-07,6
C14891,26,Female,Ahmedabad,2024-12-14,20
C14892,22,Female,Gurgaon,2026-06-06,2
C14893,29,Male,Bangalore,2024-07-01,26
C14894,33,Female,Gurgaon,2026-03-14,5
C14895,24,Male,Chennai,2026-04-29,3
C14896,34,Female,Delhi,2024-10-06,22
C14897,18,Male,Mumbai,2024-09-08,23
C14898,23,Male,Ahmedabad,2024-03-15,29
C14899,41,Female,Pune,2024-04-20,28
C14900,41,Male,Noida,2025-12-18,8
C14901,31,Female,Hyderabad,2025-05-14,15
C14902,24,Male,Bangalore,2026-07-29,0
C14903,24,Female,Bangalore,2024-06-29,26
C14904,31,Male,Chennai,2026-05-03,3
C14905,41,Male,Bangalore,2024-12-05,20
C14906,44,Male,Ahmedabad,2023-09-13,35
C14907,30,Female,Bangalore,2026-05-29,2
C14908,23,Female,Ahmedabad,2024-11-06,21
C14909,37,Female,Chennai,2025-10-19,10
C14910,26,Other,Noida,2024-10-21,22
C14911,29,Female,Noida,2023-10-28,34
C14912,48,Female,Bangalore,2025-05-26,15
C14913,43,Male,Kolkata,2025-10-12,10
C14914,36,Male,Delhi,2026-05-10,3
C14915,22,Male,Kolkata,2024-06-08,26
C14916,37,Male,Mumbai,2024-02-21,30
C14917,45,Female,Gurgaon,2023-10-23,34
C14918,31,Male,Chennai,2026-02-18,6
C14919,48,Female,Hyderabad,2025-05-24,15
C14920,47,Female,Noida,2024-03-20,29
C14921,51,Female,Kolkata,2025-01-05,19
C14922,38,Female,Mumbai,2024-06-05,26
C14923,40,Male,Gurgaon,2025-10-22,10
C14924,49,Male,Delhi,2025-11-24,9
C14925,39,Male,Chennai,2024-10-02,22
C14926,29,Male,Gurgaon,2026-03-05,5
C14927,30,Female,Kolkata,2023-12-21,32
C14928,37,Female,Mumbai,2026-05-13,3
C14929,22,Male,Kolkata,2024-05-26,27
C14930,33,Female,Mumbai,2025-03-02,17
C14931,45,Female,Kolkata,2026-02-28,5
C14932,18,Male,Delhi,2024-05-27,27
C14933,50,Male,Mumbai,2023-10-29,34
C14934,46,Female,Pune,2024-03-15,29
C14935,30,Female,Delhi,2025-11-27,8
C14936,40,Male,Pune,2025-11-18,9
C14937,35,Male,Pune,2023-12-11,32
C14938,47,Male,Chennai,2025-07-12,13
C14939,44,Male,Mumbai,2023-11-26,33
C14940,20,Female,Mumbai,2024-06-03,27
C14941,40,Male,Hyderabad,2025-07-16,13
C14942,32,Male,Ahmedabad,2023-09-13,35
C14943,35,Male,Bangalore,2025-04-04,16
C14944,27,Female,Kolkata,2025-04-12,16
C14945,52,Male,Bangalore,2026-03-28,4
C14946,45,Male,Ahmedabad,2025-02-22,18
C14947,27,Female,Gurgaon,2024-03-24,29
C14948,21,Male,Chennai,2024-10-28,22
C14949,31,Male,Delhi,2026-02-19,6
C14950,39,Male,Delhi,2026-01-03,7
C14951,37,Female,Noida,2024-04-26,28
C14952,47,Female,Hyderabad,2024-04-06,28
C14953,42,Male,Pune,2024-08-03,24
C14954,44,Male,Mumbai,2024-09-07,23
C14955,38,Male,Mumbai,2025-07-27,13
C14956,21,Female,Chennai,2024-11-03,21
C14957,33,Female,Hyderabad,2024-09-15,23
C14958,45,Female,Kolkata,2026-07-03,1
C14959,34,Female,Bangalore,2024-12-05,20
C14960,40,Female,Bangalore,2025-09-09,11
C14961,31,Female,Pune,2024-09-04,23
C14962,24,Female,Ahmedabad,2024-02-28,30
C14963,33,Male,Gurgaon,2025-10-27,9
C14964,38,Male,Kolkata,2024-03-02,30
C14965,28,Male,Hyderabad,2026-05-22,3
C14966,32,Male,Kolkata,2025-04-30,15
C14967,25,Female,Chennai,2025-07-09,13
C14968,46,Male,Mumbai,2024-07-17,25
C14969,32,Female,Noida,2025-10-06,10
C14970,49,Male,Hyderabad,2026-02-27,5
C14971,50,Female,Hyderabad,2026-01-03,7
C14972,34,Male,Mumbai,2026-05-02,3
C14973,24,Male,Noida,2025-04-11,16
C14974,18,Male,Delhi,2025-10-23,10
C14975,20,Female,Hyderabad,2025-01-09,19
C14976,21,Male,Kolkata,2026-07-24,0
C14977,48,Male,Mumbai,2024-09-17,23
C14978,36,Male,Bangalore,2026-01-06,7
C14979,38,Female,Ahmedabad,2024-12-05,20
C14980,18,Male,Ahmedabad,2024-02-12,30
C14981,23,Other,Chennai,2023-12-31,32
C14982,43,Female,Delhi,2026-07-06,1
C14983,37,Male,Pune,2024-10-11,22
C14984,33,Female,Hyderabad,2025-06-19,14
C14985,40,Male,Ahmedabad,2025-06-14,14
C14986,51,Female,Chennai,2025-06-30,13
C14987,32,Male,Ahmedabad,2023-09-15,35
C14988,35,Other,Ahmedabad,2025-03-10,17
C14989,36,Female,Chennai,2023-12-06,33
C14990,58,Female,Bangalore,2025-11-05,9
C14991,18,Male,Chennai,2026-07-15,1
C14992,41,Male,Delhi,2024-07-11,25
C14993,33,Female,Gurgaon,2023-09-08,35
C14994,40,Female,Chennai,2026-05-24,3
C14995,28,Male,Chennai,2025-03-16,17
C14996,34,Male,Gurgaon,2025-09-07,11
C14997,42,Male,Delhi,2026-04-20,4
C14998,66,Female,Kolkata,2025-01-17,19
C14999,43,Male,Gurgaon,2025-07-06,13
C15000,26,Male,Mumbai,2025-02-12,18
C15001,30,Male,Gurgaon,2026-05-05,3
C15002,30,Male,Kolkata,2024-01-12,31
C15003,18,Male,Kolkata,2026-08-04,0
C15004,31,Female,Pune,2026-04-07,4
C15005,42,Male,Mumbai,2024-06-17,26
C15006,22,Female,Chennai,2025-02-12,18
C15007,45,Male,Bangalore,2024-08-14,24
C15008,39,Male,Hyderabad,2026-01-13,7
C15009,27,Male,Noida,2026-07-13,1
C15010,33,Female,Pune,2024-12-30,20
C15011,50,Female,Noida,2024-06-21,26
C15012,42,Male,Gurgaon,2025-05-05,15
C15013,35,Male,Noida,2024-07-03,26
C15014,32,Female,Delhi,2023-10-15,34
C15015,35,Other,Gurgaon,2026-01-30,6
C15016,29,Male,Delhi,2024-11-13,21
C15017,18,Female,Noida,2023-12-03,33
C15018,55,Male,Kolkata,2023-08-29,36
C15019,36,Male,Kolkata,2026-02-22,6
C15020,38,Male,Chennai,2025-08-05,12
C15021,34,Male,Noida,2025-07-10,13
C15022,27,Female,Bangalore,2023-10-31,34
C15023,33,Male,Chennai,2024-01-27,31
C15024,19,Female,Hyderabad,2026-07-08,1
C15025,57,Female,Pune,2026-06-01,2
C15026,22,Male,Noida,2025-04-02,16
C15027,24,Male,Gurgaon,2023-09-02,36
C15028,30,Female,Bangalore,2024-12-05,20
C15029,47,Male,Bangalore,2024-10-07,22
C15030,35,Male,Mumbai,2023-11-22,33
C15031,22,Male,Delhi,2024-06-07,26
C15032,47,Male,Bangalore,2025-10-04,10
C15033,42,Female,Kolkata,2026-07-15,1
C15034,40,Female,Hyderabad,2024-09-10,23
C15035,42,Male,Mumbai,2024-08-31,24
C15036,58,Female,Kolkata,2024-08-24,24
C15037,56,Female,Pune,2024-12-10,20
C15038,28,Male,Gurgaon,2025-04-25,16
C15039,51,Male,Delhi,2023-10-30,34
C15040,38,Female,Delhi,2025-02-03,18
C15041,39,Female,Gurgaon,2026-04-17,4
C15042,18,Male,Noida,2025-03-12,17
C15043,33,Male,Ahmedabad,2024-06-20,26
C15044,26,Male,Ahmedabad,2026-06-22,2
C15045,43,Male,Hyderabad,2025-01-25,19
C15046,45,Female,Delhi,2025-05-17,15
C15047,18,Male,Kolkata,2025-10-15,10
C15048,34,Male,Noida,2024-09-21,23
C15049,46,Male,Mumbai,2024-06-08,26
C15050,33,Female,Hyderabad,2025-11-13,9
C15051,42,Male,Chennai,2026-02-23,6
C15052,38,Male,Delhi,2024-06-30,26
C15053,38,Other,Pune,2023-09-20,35
C15054,32,Female,Pune,2025-05-13,15
C15055,22,Male,Bangalore,2024-04-19,28
C15056,23,Male,Mumbai,2025-04-16,16
C15057,42,Male,Delhi,2025-10-13,10
C15058,35,Male,Hyderabad,2024-03-31,29
C15059,33,Male,Chennai,2024-11-20,21
C15060,30,Male,Mumbai,2024-10-16,22
C15061,31,Male,Mumbai,2024-02-14,30
C15062,45,Male,Pune,2025-11-25,9
C15063,31,Male,Pune,2025-06-24,14
C15064,21,Male,Bangalore,2025-11-11,9
C15065,42,Male,Bangalore,2025-07-03,13
C15066,32,Female,Delhi,2025-11-12,9
C15067,35,Female,Bangalore,2024-11-27,21
C15068,51,Male,Noida,2023-09-14,35
C15069,34,Female,Mumbai,2025-11-18,9
C15070,37,Male,Delhi,2024-03-24,29
C15071,23,Female,Noida,2025-10-28,9
C15072,32,Female,Pune,2025-10-02,10
C15073,41,Female,Kolkata,2024-11-09,21
C15074,19,Female,Gurgaon,2026-04-05,4
C15075,37,Male,Kolkata,2023-08-26,36
C15076,36,Female,Pune,2025-12-22,8
C15077,35,Male,Hyderabad,2025-08-09,12
C15078,45,Male,Hyderabad,2024-11-09,21
C15079,38,Female,Hyderabad,2025-10-27,9
C15080,49,Male,Mumbai,2026-06-22,2
C15081,25,Female,Ahmedabad,2024-11-07,21
C15082,36,Male,Ahmedabad,2024-04-26,28
C15083,35,Male,Noida,2024-05-01,28
C15084,24,Male,Chennai,2024-12-08,20
C15085,44,Female,Bangalore,2024-02-26,30
C15086,58,Male,Mumbai,2025-02-07,18
C15087,34,Male,Gurgaon,2025-10-14,10
C15088,40,Male,Kolkata,2025-08-02,12
C15089,35,Female,Noida,2026-01-15,7
C15090,27,Male,Ahmedabad,2025-11-25,9
C15091,18,Female,Mumbai,2025-08-08,12
C15092,27,Male,Hyderabad,2026-06-29,1
C15093,21,Male,Kolkata,2025-02-21,18
C15094,52,Male,Bangalore,2025-05-06,15
C15095,33,Female,Noida,2025-05-03,15
C15096,31,Male,Gurgaon,2025-05-06,15
C15097,43,Male,Pune,2026-06-29,1
C15098,23,Female,Chennai,2024-08-16,24
C15099,27,Male,Pune,2026-03-12,5
C15100,35,Female,Gurgaon,2023-12-19,32
C15101,45,Male,Gurgaon,2025-11-20,9
C15102,40,Male,Pune,2023-10-28,34
C15103,37,Male,Bangalore,2024-01-04,32
C15104,35,Male,Noida,2024-07-17,25
C15105,39,Female,Mumbai,2025-08-10,12
C15106,37,Female,Chennai,2024-06-19,26
C15107,24,Male,Gurgaon,2023-11-19,33
C15108,35,Female,Kolkata,2023-12-25,32
C15109,24,Male,Chennai,2025-11-13,9
C15110,35,Male,Kolkata,2025-09-20,11
C15111,30,Female,Gurgaon,2025-07-22,13
C15112,60,Female,Mumbai,2025-05-15,15
C15113,34,Male,Chennai,2026-06-16,2
C15114,20,Female,Noida,2024-05-07,27
C15115,33,Male,Hyderabad,2026-07-22,1
C15116,40,Female,Chennai,2025-02-15,18
C15117,51,Female,Hyderabad,2024-04-28,28
C15118,29,Female,Mumbai,2025-05-23,15
C15119,19,Male,Noida,2025-07-02,13
C15120,43,Female,Pune,2025-06-29,13
C15121,21,Female,Bangalore,2026-04-08,4
C15122,30,Male,Gurgaon,2025-08-24,12
C15123,32,Male,Gurgaon,2024-03-05,30
C15124,34,Female,Noida,2023-11-22,33
C15125,41,Male,Pune,2024-10-25,22
C15126,28,Male,Mumbai,2024-01-27,31
C15127,32,Male,Hyderabad,2025-04-03,16
C15128,34,Female,Chennai,2024-03-29,29
C15129,36,Female,Kolkata,2024-05-14,27
C15130,35,Female,Pune,2026-05-28,2
C15131,39,Male,Kolkata,2024-07-03,26
C15132,43,Female,Kolkata,2024-11-19,21
C15133,38,Female,Gurgaon,2024-06-05,26
C15134,39,Female,Chennai,2023-09-11,35
C15135,19,Male,Noida,2026-06-04,2
C15136,35,Female,Ahmedabad,2023-09-20,35
C15137,39,Male,Gurgaon,2026-01-10,7
C15138,42,Male,Noida,2024-02-09,30
C15139,28,Female,Gurgaon,2024-01-29,31
C15140,28,Other,Delhi,2026-05-27,2
C15141,29,Male,Gurgaon,2025-04-05,16
C15142,40,Female,Mumbai,2023-09-24,35
C15143,45,Male,Hyderabad,2024-06-02,27
C15144,30,Female,Kolkata,2026-06-02,2
C15145,44,Male,Hyderabad,2024-06-19,26
C15146,36,Male,Noida,2023-09-29,35
C15147,33,Female,Hyderabad,2026-05-13,3
C15148,32,Female,Chennai,2025-07-29,12
C15149,42,Female,Pune,2025-01-02,19
C15150,38,Female,Kolkata,2024-03-04,30
C15151,57,Female,Mumbai,2024-05-28,27
C15152,26,Female,Mumbai,2024-12-06,20
C15153,40,Male,Kolkata,2025-01-13,19
C15154,29,Male,Hyderabad,2024-01-20,31
C15155,26,Male,Mumbai,2025-09-15,11
C15156,34,Male,Hyderabad,2024-04-08,28
C15157,36,Female,Kolkata,2024-12-27,20
C15158,64,Male,Hyderabad,2026-05-02,3
C15159,33,Male,Noida,2023-09-28,35
C15160,23,Male,Hyderabad,2025-11-03,9
C15161,37,Female,Bangalore,2024-01-15,31
C15162,18,Male,Noida,2024-02-08,30
C15163,34,Male,Ahmedabad,2026-02-17,6
C15164,35,Female,Pune,2023-10-31,34
C15165,42,Female,Hyderabad,2026-01-02,7
C15166,44,Male,Gurgaon,2025-08-18,12
C15167,29,Female,Bangalore,2025-11-17,9
C15168,33,Male,Ahmedabad,2024-06-07,26
C15169,27,Female,Pune,2024-04-27,28
C15170,23,Male,Bangalore,2024-10-28,22
C15171,38,Other,Mumbai,2024-02-10,30
C15172,22,Female,Hyderabad,2026-07-01,1
C15173,30,Female,Kolkata,2025-08-20,12
C15174,25,Male,Bangalore,2024-02-04,31
C15175,40,Female,Hyderabad,2025-07-04,13
C15176,53,Male,Noida,2024-02-02,31
C15177,21,Female,Delhi,2026-02-18,6
C15178,18,Female,Bangalore,2025-03-27,17
C15179,33,Female,Mumbai,2024-10-27,22
C15180,35,Female,Kolkata,2025-09-20,11
C15181,37,Female,Noida,2025-12-11,8
C15182,30,Male,Ahmedabad,2026-02-16,6
C15183,32,Male,Hyderabad,2025-12-31,7
C15184,38,Male,Bangalore,2024-02-13,30
C15185,45,Female,Ahmedabad,2024-08-08,24
C15186,18,Female,Kolkata,2026-02-28,5
C15187,31,Female,Ahmedabad,2023-09-14,35
C15188,37,Female,Chennai,2024-06-26,26
C15189,25,Female,Mumbai,2023-10-09,34
C15190,52,Male,Chennai,2025-09-28,10
C15191,28,Male,Delhi,2024-07-07,25
C15192,34,Female,Kolkata,2024-07-03,26
C15193,40,Male,Pune,2026-05-24,3
C15194,29,Male,Noida,2025-09-06,11
C15195,18,Male,Bangalore,2024-10-04,22
C15196,30,Other,Chennai,2025-10-18,10
C15197,45,Male,Kolkata,2025-09-23,11
C15198,31,Female,Delhi,2025-10-29,9
C15199,26,Female,Hyderabad,2025-08-20,12
C15200,44,Female,Mumbai,2026-05-08,3
C15201,31,Female,Kolkata,2024-04-14,28
C15202,29,Female,Hyderabad,2024-11-29,21
C15203,36,Male,Bangalore,2024-11-26,21
C15204,42,Male,Gurgaon,2024-02-20,30
C15205,58,Female,Chennai,2025-01-07,19
C15206,43,Male,Noida,2025-08-16,12
C15207,46,Female,Ahmedabad,2025-12-24,8
C15208,29,Female,Mumbai,2025-11-25,9
C15209,24,Male,Noida,2025-07-02,13
C15210,35,Female,Hyderabad,2026-08-14,0
C15211,36,Female,Mumbai,2025-03-21,17
C15212,24,Male,Kolkata,2026-07-27,0
C15213,33,Other,Gurgaon,2024-01-25,31
C15214,38,Female,Kolkata,2023-11-06,34
C15215,38,Male,Chennai,2023-11-04,34
C15216,40,Female,Chennai,2026-08-10,0
C15217,37,Male,Chennai,2023-11-15,33
C15218,29,Female,Mumbai,2025-04-21,16
C15219,29,Male,Kolkata,2025-06-03,14
C15220,23,Female,Mumbai,2023-12-21,32
C15221,52,Female,Bangalore,2024-02-04,31
C15222,35,Female,Ahmedabad,2024-05-04,28
C15223,32,Female,Chennai,2024-02-29,30
C15224,25,Male,Chennai,2026-03-12,5
C15225,64,Female,Chennai,2026-08-08,0
C15226,24,Female,Gurgaon,2025-04-07,16
C15227,30,Female,Pune,2025-01-29,19
C15228,39,Male,Chennai,2025-06-22,14
C15229,41,Female,Kolkata,2026-05-13,3
C15230,44,Female,Bangalore,2025-08-08,12
C15231,53,Female,Hyderabad,2025-10-22,10
C15232,40,Female,Noida,2026-05-01,3
C15233,24,Male,Ahmedabad,2024-09-06,23
C15234,32,Female,Pune,2026-06-07,2
C15235,38,Male,Gurgaon,2025-10-28,9
C15236,55,Male,Noida,2026-06-16,2
C15237,21,Female,Gurgaon,2024-12-18,20
C15238,47,Female,Bangalore,2024-10-12,22
C15239,36,Male,Chennai,2026-02-23,6
C15240,43,Male,Pune,2026-05-13,3
C15241,33,Male,Delhi,2026-01-10,7
C15242,26,Male,Kolkata,2024-04-20,28
C15243,42,Male,Delhi,2025-08-21,12
C15244,41,Male,Noida,2025-09-25,11
C15245,44,Male,Delhi,2025-01-16,19
C15246,34,Female,Gurgaon,2025-08-23,12
C15247,29,Female,Ahmedabad,2024-02-01,31
C15248,19,Male,Gurgaon,2024-08-14,24
C15249,43,Female,Noida,2026-06-09,2
C15250,39,Female,Delhi,2026-02-12,6
C15251,25,Male,Ahmedabad,2024-12-17,20
C15252,29,Male,Noida,2024-10-29,22
C15253,30,Male,Gurgaon,2024-07-28,25
C15254,20,Male,Chennai,2024-07-06,25
C15255,26,Male,Noida,2026-04-05,4
C15256,23,Female,Chennai,2024-03-29,29
C15257,30,Female,Mumbai,2026-04-11,4
C15258,27,Female,Hyderabad,2024-12-30,20
C15259,18,Male,Hyderabad,2023-12-31,32
C15260,55,Female,Bangalore,2025-11-19,9
C15261,47,Female,Gurgaon,2025-12-15,8
C15262,27,Female,Hyderabad,2025-02-05,18
C15263,37,Male,Hyderabad,2024-10-16,22
C15264,39,Female,Delhi,2023-09-07,36
C15265,46,Female,Ahmedabad,2024-04-26,28
C15266,26,Female,Kolkata,2023-09-12,35
C15267,45,Female,Noida,2025-06-18,14
C15268,29,Male,Mumbai,2025-06-19,14
C15269,21,Female,Gurgaon,2026-04-24,4
C15270,42,Male,Hyderabad,2026-01-10,7
C15271,47,Female,Mumbai,2023-09-03,36
C15272,60,Male,Chennai,2026-02-23,6
C15273,23,Male,Hyderabad,2023-12-05,33
C15274,41,Female,Kolkata,2025-01-10,19
C15275,30,Female,Chennai,2024-03-30,29
C15276,42,Male,Ahmedabad,2024-11-11,21
C15277,20,Other,Delhi,2025-03-08,17
C15278,22,Female,Ahmedabad,2023-09-10,35
C15279,27,Male,Ahmedabad,2024-08-27,24
C15280,35,Male,Pune,2025-11-29,8
C15281,28,Female,Hyderabad,2023-11-09,33
C15282,41,Male,Chennai,2023-09-22,35
C15283,45,Male,Gurgaon,2023-11-06,34
C15284,40,Male,Noida,2023-11-17,33
C15285,51,Male,Delhi,2025-08-18,12
C15286,39,Female,Bangalore,2025-05-02,15
C15287,22,Male,Ahmedabad,2025-01-04,19
C15288,48,Male,Mumbai,2025-07-21,13
C15289,28,Male,Mumbai,2026-08-18,0
C15290,44,Male,Delhi,2025-12-22,8
C15291,50,Male,Bangalore,2026-07-03,1
C15292,39,Female,Ahmedabad,2024-01-12,31
C15293,20,Female,Pune,2025-12-23,8
C15294,25,Male,Hyderabad,2025-06-23,14
C15295,48,Male,Kolkata,2024-04-24,28
C15296,33,Male,Gurgaon,2024-04-26,28
C15297,35,Male,Delhi,2026-05-20,3
C15298,42,Female,Noida,2024-10-07,22
C15299,41,Male,Bangalore,2024-09-04,23
C15300,37,Male,Kolkata,2025-06-13,14
C15301,32,Female,Gurgaon,2026-07-29,0
C15302,31,Male,Bangalore,2025-07-05,13
C15303,43,Female,Bangalore,2025-01-22,19
C15304,40,Male,Gurgaon,2025-03-18,17
C15305,32,Male,Gurgaon,2026-04-05,4
C15306,45,Female,Chennai,2024-11-29,21
C15307,33,Female,Mumbai,2024-12-15,20
C15308,26,Male,Kolkata,2023-10-19,34
C15309,27,Female,Mumbai,2024-10-27,22
C15310,25,Female,Delhi,2026-08-09,0
C15311,32,Female,Kolkata,2025-12-31,7
C15312,47,Female,Gurgaon,2024-10-08,22
C15313,26,Female,Hyderabad,2024-09-21,23
C15314,36,Male,Delhi,2024-06-01,27
C15315,28,Female,Bangalore,2026-06-23,2
C15316,32,Male,Chennai,2025-08-27,12
C15317,19,Male,Chennai,2025-07-20,13
C15318,32,Female,Kolkata,2024-10-14,22
C15319,33,Female,Mumbai,2024-09-28,23
C15320,40,Male,Chennai,2023-12-14,32
C15321,37,Female,Gurgaon,2023-12-24,32
C15322,23,Male,Hyderabad,2026-06-10,2
C15323,45,Male,Gurgaon,2025-11-16,9
C15324,37,Male,Noida,2023-12-09,32
C15325,36,Male,Delhi,2025-10-07,10
C15326,34,Male,Delhi,2024-01-21,31
C15327,29,Female,Pune,2024-10-04,22
C15328,37,Male,Pune,2024-01-17,31
C15329,39,Male,Kolkata,2024-04-26,28
C15330,18,Female,Chennai,2026-04-29,3
C15331,29,Female,Bangalore,2023-09-19,35
C15332,32,Male,Kolkata,2024-12-16,20
C15333,37,Male,Gurgaon,2024-11-13,21
C15334,46,Male,Bangalore,2026-07-14,1
C15335,27,Female,Mumbai,2025-06-21,14
C15336,30,Female,Noida,2024-10-11,22
C15337,29,Female,Chennai,2024-08-27,24
C15338,26,Male,Pune,2026-04-08,4
C15339,31,Female,Noida,2025-10-20,10
C15340,42,Male,Bangalore,2025-01-24,19
C15341,24,Male,Hyderabad,2026-06-19,2
C15342,39,Male,Kolkata,2024-09-26,23
C15343,18,Female,Noida,2024-07-14,25
C15344,29,Female,Gurgaon,2023-08-23,36
C15345,31,Female,Delhi,2025-09-16,11
C15346,51,Female,Kolkata,2024-06-15,26
C15347,32,Male,Ahmedabad,2025-08-03,12
C15348,18,Male,Bangalore,2025-12-25,8
C15349,18,Female,Hyderabad,2024-11-28,21
C15350,35,Female,Gurgaon,2024-11-15,21
C15351,41,Female,Hyderabad,2026-06-18,2
C15352,38,Male,Bangalore,2025-02-11,18
C15353,36,Female,Chennai,2024-04-26,28
C15354,46,Male,Mumbai,2026-02-25,5
C15355,29,Female,Pune,2023-11-08,33
C15356,43,Male,Bangalore,2025-04-22,16
C15357,18,Female,Pune,2024-07-21,25
C15358,25,Male,Bangalore,2024-02-08,30
C15359,18,Female,Noida,2024-12-10,20
C15360,32,Female,Kolkata,2025-06-05,14
C15361,34,Male,Mumbai,2023-09-11,35
C15362,36,Male,Kolkata,2024-12-10,20
C15363,35,Female,Kolkata,2025-08-28,11
C15364,25,Male,Ahmedabad,2026-01-04,7
C15365,33,Male,Bangalore,2024-07-16,25
C15366,20,Female,Ahmedabad,2026-06-06,2
C15367,48,Female,Pune,2025-07-04,13
C15368,31,Male,Mumbai,2026-02-13,6
C15369,30,Female,Ahmedabad,2024-02-25,30
C15370,50,Female,Hyderabad,2023-10-20,34
C15371,22,Female,Mumbai,2026-07-01,1
C15372,23,Female,Gurgaon,2023-12-07,32
C15373,24,Female,Bangalore,2023-11-01,34
C15374,34,Male,Delhi,2025-10-10,10
C15375,39,Female,Kolkata,2025-07-28,13
C15376,42,Male,Kolkata,2024-09-24,23
C15377,60,Male,Delhi,2023-12-05,33
C15378,18,Female,Hyderabad,2023-09-14,35
C15379,41,Male,Delhi,2024-11-24,21
C15380,29,Female,Noida,2024-10-20,22
C15381,29,Female,Delhi,2025-11-01,9
C15382,28,Male,Bangalore,2026-02-01,6
C15383,25,Male,Noida,2023-09-29,35
C15384,51,Female,Delhi,2025-11-23,9
C15385,43,Female,Mumbai,2025-06-27,14
C15386,35,Female,Gurgaon,2026-06-08,2
C15387,48,Female,Chennai,2024-01-24,31
C15388,19,Male,Kolkata,2024-06-19,26
C15389,21,Male,Delhi,2023-09-17,35
C15390,18,Female,Delhi,2025-12-27,7
C15391,28,Male,Pune,2026-08-13,0
C15392,36,Female,Kolkata,2024-11-23,21
C15393,36,Male,Delhi,2026-05-23,3
C15394,36,Female,Bangalore,2026-02-24,5
C15395,20,Female,Hyderabad,2024-10-08,22
C15396,43,Female,Delhi,2024-01-08,31
C15397,37,Female,Bangalore,2026-05-19,3
C15398,42,Female,Delhi,2026-01-22,7
C15399,18,Other,Gurgaon,2023-09-20,35
C15400,38,Female,Noida,2024-11-20,21
C15401,23,Female,Pune,2026-07-06,1
C15402,31,Female,Bangalore,2024-11-20,21
C15403,40,Female,Ahmedabad,2025-06-18,14
C15404,35,Male,Chennai,2024-11-02,21
C15405,26,Male,Hyderabad,2025-07-07,13
C15406,35,Male,Noida,2025-07-23,13
C15407,19,Male,Gurgaon,2025-01-12,19
C15408,46,Male,Gurgaon,2025-02-01,18
C15409,32,Male,Noida,2023-08-27,36
C15410,46,Female,Mumbai,2024-11-06,21
C15411,29,Female,Ahmedabad,2024-03-01,30
C15412,29,Male,Mumbai,2025-12-24,8
C15413,27,Male,Noida,2025-02-09,18
C15414,43,Female,Chennai,2025-10-20,10
C15415,27,Female,Pune,2025-10-03,10
C15416,41,Female,Pune,2025-02-07,18
C15417,31,Other,Noida,2025-12-30,7
C15418,18,Female,Ahmedabad,2026-07-21,1
C15419,29,Male,Pune,2023-10-04,35
C15420,23,Male,Noida,2026-01-24,7
C15421,35,Female,Kolkata,2025-06-24,14
C15422,23,Male,Hyderabad,2024-09-03,23
C15423,44,Female,Pune,2024-11-07,21
C15424,34,Female,Pune,2025-02-12,18
C15425,33,Female,Pune,2025-11-05,9
C15426,41,Male,Delhi,2025-01-18,19
C15427,44,Male,Pune,2025-04-07,16
C15428,34,Female,Bangalore,2025-09-05,11
C15429,27,Female,Hyderabad,2026-03-29,4
C15430,18,Male,Noida,2024-11-22,21
C15431,28,Female,Bangalore,2024-09-27,23
C15432,28,Female,Delhi,2024-02-25,30
C15433,36,Female,Kolkata,2026-05-10,3
C15434,31,Female,Noida,2025-11-28,8
C15435,41,Female,Ahmedabad,2026-06-23,2
C15436,28,Male,Gurgaon,2023-12-31,32
C15437,34,Male,Ahmedabad,2026-05-10,3
C15438,46,Female,Pune,2026-01-17,7
C15439,38,Female,Bangalore,2024-06-27,26
C15440,34,Male,Kolkata,2026-05-03,3
C15441,28,Female,Bangalore,2026-02-26,5
C15442,28,Male,Gurgaon,2024-03-31,29
C15443,26,Male,Ahmedabad,2024-06-10,26
C15444,29,Female,Chennai,2025-08-20,12
C15445,42,Male,Mumbai,2024-02-20,30
C15446,32,Male,Delhi,2024-08-23,24
C15447,21,Male,Gurgaon,2024-11-20,21
C15448,52,Female,Kolkata,2024-10-10,22
C15449,38,Male,Delhi,2025-07-12,13
C15450,20,Male,Ahmedabad,2023-08-25,36
C15451,30,Male,Bangalore,2026-03-14,5
C15452,36,Male,Gurgaon,2024-01-11,31
C15453,52,Male,Gurgaon,2025-11-25,9
C15454,23,Male,Bangalore,2026-02-12,6
C15455,44,Male,Bangalore,2024-01-05,32
C15456,48,Female,Chennai,2026-02-03,6
C15457,28,Male,Kolkata,2024-01-31,31
C15458,32,Male,Ahmedabad,2024-11-24,21
C15459,24,Male,Gurgaon,2024-01-11,31
C15460,32,Male,Kolkata,2024-01-01,32
C15461,34,Female,Kolkata,2025-05-04,15
C15462,41,Male,Hyderabad,2025-05-20,15
C15463,45,Male,Delhi,2025-10-31,9
C15464,27,Male,Chennai,2025-03-11,17
C15465,18,Female,Chennai,2024-08-07,24
C15466,34,Male,Pune,2024-06-10,26
C15467,37,Female,Hyderabad,2025-08-11,12
C15468,37,Male,Noida,2024-10-14,22
C15469,31,Male,Bangalore,2024-10-25,22
C15470,36,Female,Gurgaon,2024-02-05,30
C15471,50,Female,Noida,2023-11-27,33
C15472,38,Female,Ahmedabad,2026-06-21,2
C15473,31,Male,Mumbai,2026-04-10,4
C15474,29,Female,Noida,2023-12-22,32
C15475,33,Male,Pune,2026-01-02,7
C15476,51,Female,Bangalore,2024-09-01,24
C15477,33,Female,Kolkata,2023-12-15,32
C15478,34,Male,Noida,2024-01-20,31
C15479,30,Female,Delhi,2025-09-06,11
C15480,45,Female,Pune,2025-01-20,19
C15481,54,Male,Noida,2024-09-07,23
C15482,39,Female,Mumbai,2025-12-04,8
C15483,35,Female,Delhi,2023-10-16,34
C15484,35,Male,Kolkata,2026-01-23,7
C15485,18,Female,Hyderabad,2024-05-13,27
C15486,42,Male,Mumbai,2026-01-14,7
C15487,36,Female,Bangalore,2024-10-23,22
C15488,39,Female,Pune,2026-03-29,4
C15489,27,Male,Delhi,2024-12-11,20
C15490,31,Male,Mumbai,2023-08-26,36
C15491,30,Female,Delhi,2024-01-20,31
C15492,45,Male,Chennai,2024-05-23,27
C15493,31,Male,Chennai,2024-04-27,28
C15494,55,Male,Ahmedabad,2025-04-20,16
C15495,39,Female,Pune,2025-04-09,16
C15496,22,Female,Ahmedabad,2025-09-30,10
C15497,33,Male,Hyderabad,2023-12-08,32
C15498,28,Female,Bangalore,2024-06-26,26
C15499,18,Male,Mumbai,2026-04-08,4
C15500,50,Female,Ahmedabad,2024-09-23,23
C15501,42,Female,Noida,2025-06-21,14
C15502,40,Male,Mumbai,2024-03-22,29
C15503,36,Male,Delhi,2024-03-13,29
C15504,21,Male,Noida,2024-09-20,23
C15505,30,Male,Kolkata,2025-04-25,16
C15506,43,Female,Kolkata,2025-09-01,11
C15507,24,Male,Chennai,2026-03-15,5
C15508,18,Female,Noida,2023-11-29,33
C15509,32,Female,Bangalore,2025-12-30,7
C15510,33,Female,Kolkata,2024-01-16,31
C15511,36,Male,Delhi,2024-10-24,22
C15512,42,Female,Delhi,2026-02-03,6
C15513,41,Female,Hyderabad,2024-02-22,30
C15514,37,Female,Kolkata,2025-08-26,12
C15515,46,Female,Kolkata,2024-11-29,21
C15516,19,Male,Ahmedabad,2024-05-12,27
C15517,40,Male,Delhi,2026-04-01,4
C15518,41,Female,Delhi,2026-01-11,7
C15519,22,Female,Noida,2024-07-06,25
C15520,19,Female,Noida,2024-10-20,22
C15521,27,Male,Chennai,2023-11-13,33
C15522,28,Female,Delhi,2026-04-18,4
C15523,42,Male,Ahmedabad,2026-02-17,6
C15524,28,Male,Mumbai,2025-06-02,14
C15525,26,Male,Kolkata,2025-11-10,9
C15526,28,Male,Kolkata,2026-08-21,0
C15527,46,Male,Pune,2025-10-25,10
C15528,35,Female,Mumbai,2025-10-20,10
C15529,33,Female,Bangalore,2024-02-06,30
C15530,33,Female,Pune,2023-08-29,36
C15531,47,Female,Bangalore,2025-01-02,19
C15532,27,Male,Ahmedabad,2024-06-14,26
C15533,48,Female,Delhi,2024-02-18,30
C15534,37,Female,Hyderabad,2025-07-17,13
C15535,33,Female,Pune,2025-06-26,14
C15536,60,Female,Bangalore,2024-11-11,21
C15537,24,Male,Noida,2024-12-16,20
C15538,31,Male,Ahmedabad,2024-12-06,20
C15539,22,Male,Kolkata,2024-03-14,29
C15540,44,Female,Chennai,2024-09-15,23
C15541,51,Male,Mumbai,2026-02-20,6
C15542,51,Female,Ahmedabad,2026-08-05,0
C15543,47,Male,Pune,2023-10-11,34
C15544,33,Female,Pune,2024-05-16,27
C15545,31,Male,Hyderabad,2025-12-03,8
C15546,18,Male,Hyderabad,2024-12-27,20
C15547,55,Male,Bangalore,2026-04-16,4
C15548,39,Female,Gurgaon,2024-07-26,25
C15549,30,Male,Delhi,2026-05-05,3
C15550,48,Female,Delhi,2026-08-20,0
C15551,25,Male,Pune,2024-08-16,24
C15552,39,Female,Gurgaon,2026-01-09,7
C15553,33,Male,Chennai,2025-01-21,19
C15554,41,Female,Chennai,2026-06-19,2
C15555,34,Male,Gurgaon,2025-04-27,16
C15556,20,Female,Ahmedabad,2024-03-20,29
C15557,35,Male,Mumbai,2024-06-05,26
C15558,45,Female,Ahmedabad,2024-11-08,21
C15559,34,Female,Gurgaon,2024-06-29,26
C15560,42,Male,Kolkata,2024-05-12,27
C15561,24,Male,Mumbai,2024-07-01,26
C15562,34,Female,Pune,2024-03-13,29
C15563,28,Female,Chennai,2025-06-15,14
C15564,42,Male,Ahmedabad,2025-08-31,11
C15565,35,Male,Hyderabad,2023-12-23,32
C15566,41,Male,Noida,2025-11-10,9
C15567,45,Male,Mumbai,2025-08-01,12
C15568,41,Male,Gurgaon,2024-06-25,26
C15569,37,Female,Chennai,2024-08-14,24
C15570,25,Male,Kolkata,2024-04-19,28
C15571,34,Female,Pune,2025-10-10,10
C15572,29,Female,Pune,2025-01-08,19
C15573,31,Male,Gurgaon,2025-12-07,8
C15574,31,Female,Noida,2025-11-19,9
C15575,25,Female,Ahmedabad,2026-07-29,0
C15576,18,Male,Gurgaon,2026-03-28,4
C15577,28,Male,Bangalore,2026-07-20,1
C15578,36,Female,Noida,2025-10-31,9
C15579,21,Other,Chennai,2023-11-29,33
C15580,35,Male,Noida,2024-03-10,29
C15581,54,Male,Gurgaon,2025-11-16,9
C15582,45,Male,Bangalore,2026-03-01,5
C15583,51,Male,Ahmedabad,2025-11-13,9
C15584,38,Male,Kolkata,2024-04-22,28
C15585,46,Female,Gurgaon,2024-01-31,31
C15586,27,Female,Ahmedabad,2024-04-02,29
C15587,28,Male,Bangalore,2025-08-18,12
C15588,18,Female,Gurgaon,2024-02-03,31
C15589,46,Male,Mumbai,2023-10-13,34
C15590,50,Male,Gurgaon,2024-04-05,28
C15591,29,Male,Chennai,2024-02-12,30
C15592,32,Male,Bangalore,2024-06-25,26
C15593,27,Male,Delhi,2024-08-24,24
C15594,38,Female,Ahmedabad,2025-05-16,15
C15595,46,Male,Kolkata,2025-08-06,12
C15596,18,Female,Hyderabad,2024-04-04,29
C15597,39,Male,Bangalore,2026-08-06,0
C15598,32,Male,Kolkata,2023-11-05,34
C15599,36,Female,Hyderabad,2025-04-24,16
C15600,39,Female,Delhi,2023-10-29,34
C15601,33,Male,Noida,2025-02-16,18
C15602,33,Female,Noida,2024-05-02,28
C15603,32,Female,Noida,2024-07-31,25
C15604,44,Female,Hyderabad,2026-06-14,2
C15605,39,Male,Hyderabad,2026-06-05,2
C15606,37,Female,Gurgaon,2023-12-06,33
C15607,22,Male,Kolkata,2024-07-28,25
C15608,31,Female,Noida,2026-01-02,7
C15609,43,Male,Chennai,2023-12-09,32
C15610,35,Male,Chennai,2026-03-11,5
C15611,41,Female,Mumbai,2025-11-04,9
C15612,52,Male,Mumbai,2023-09-08,35
C15613,45,Male,Ahmedabad,2025-01-26,19
C15614,35,Female,Mumbai,2024-01-12,31
C15615,29,Female,Gurgaon,2023-09-28,35
C15616,18,Male,Noida,2026-03-14,5
C15617,33,Male,Pune,2023-09-15,35
C15618,31,Male,Mumbai,2026-02-21,6
C15619,38,Male,Gurgaon,2025-04-06,16
C15620,33,Female,Chennai,2023-12-28,32
C15621,31,Female,Pune,2026-03-15,5
C15622,18,Male,Kolkata,2024-11-20,21
C15623,25,Female,Delhi,2026-05-05,3
C15624,39,Female,Pune,2024-09-17,23
C15625,52,Female,Gurgaon,2026-07-30,0
C15626,34,Female,Bangalore,2024-01-04,32
C15627,38,Male,Chennai,2024-02-04,31
C15628,44,Male,Ahmedabad,2023-10-07,35
C15629,26,Male,Delhi,2024-01-04,32
C15630,38,Male,Hyderabad,2024-10-12,22
C15631,27,Male,Kolkata,2024-04-11,28
C15632,43,Female,Mumbai,2024-08-29,24
C15633,36,Male,Hyderabad,2024-12-26,20
C15634,37,Female,Delhi,2025-01-06,19
C15635,27,Male,Hyderabad,2025-09-12,11
C15636,42,Male,Hyderabad,2026-06-10,2
C15637,55,Male,Pune,2024-12-07,20
C15638,24,Male,Chennai,2025-03-06,17
C15639,31,Female,Pune,2026-04-18,4
C15640,37,Male,Kolkata,2023-12-26,32
C15641,42,Male,Mumbai,2025-09-09,11
C15642,29,Female,Hyderabad,2026-05-08,3
C15643,18,Male,Pune,2025-01-01,19
C15644,48,Male,Ahmedabad,2026-06-27,1
C15645,42,Male,Mumbai,2025-01-11,19
C15646,18,Male,Chennai,2023-12-03,33
C15647,28,Male,Gurgaon,2026-03-06,5
C15648,50,Male,Hyderabad,2025-12-05,8
C15649,49,Female,Pune,2023-10-21,34
C15650,44,Female,Gurgaon,2026-03-17,5
C15651,33,Male,Mumbai,2025-01-29,19
C15652,35,Male,Chennai,2025-03-23,17
C15653,33,Male,Pune,2025-11-23,9
C15654,46,Female,Bangalore,2025-01-23,19
C15655,26,Male,Hyderabad,2025-02-04,18
C15656,26,Female,Kolkata,2025-03-13,17
C15657,45,Female,Ahmedabad,2026-07-23,1
C15658,34,Male,Ahmedabad,2026-01-05,7
C15659,48,Female,Mumbai,2025-08-29,11
C15660,28,Male,Ahmedabad,2025-10-16,10
C15661,34,Male,Gurgaon,2024-02-19,30
C15662,25,Male,Bangalore,2024-07-25,25
C15663,35,Male,Chennai,2025-08-27,12
C15664,20,Female,Ahmedabad,2025-03-04,17
C15665,30,Female,Kolkata,2025-04-25,16
C15666,20,Male,Kolkata,2023-12-02,33
C15667,41,Other,Gurgaon,2025-08-16,12
C15668,42,Male,Ahmedabad,2023-09-06,36
C15669,18,Male,Mumbai,2026-06-15,2
C15670,48,Male,Hyderabad,2024-09-18,23
C15671,59,Female,Bangalore,2026-03-02,5
C15672,35,Female,Kolkata,2025-10-28,9
C15673,28,Female,Bangalore,2025-10-10,10
C15674,63,Female,Mumbai,2023-11-10,33
C15675,21,Male,Noida,2024-04-28,28
C15676,35,Male,Noida,2024-06-28,26
C15677,36,Male,Noida,2025-04-21,16
C15678,48,Female,Bangalore,2024-03-03,30
C15679,38,Male,Mumbai,2025-09-13,11
C15680,30,Female,Gurgaon,2025-06-16,14
C15681,25,Male,Mumbai,2024-09-14,23
C15682,31,Male,Kolkata,2026-05-02,3
C15683,24,Male,Ahmedabad,2025-02-26,18
C15684,35,Female,Delhi,2025-12-27,7
C15685,29,Male,Mumbai,2026-05-06,3
C15686,20,Male,Hyderabad,2025-09-12,11
C15687,47,Male,Noida,2024-01-14,31
C15688,30,Female,Ahmedabad,2024-05-27,27
C15689,22,Female,Pune,2023-12-20,32
C15690,33,Female,Pune,2024-12-12,20
C15691,35,Male,Bangalore,2023-12-20,32
C15692,18,Other,Kolkata,2023-08-27,36
C15693,38,Female,Hyderabad,2025-04-30,15
C15694,24,Male,Ahmedabad,2024-07-05,25
C15695,52,Male,Mumbai,2024-06-14,26
C15696,40,Male,Pune,2023-12-24,32
C15697,31,Male,Gurgaon,2025-03-02,17
C15698,27,Female,Ahmedabad,2025-10-28,9
C15699,33,Female,Noida,2023-08-31,36
C15700,41,Female,Gurgaon,2024-03-14,29
C15701,34,Male,Kolkata,2026-07-28,0
C15702,32,Female,Delhi,2025-01-07,19
C15703,35,Male,Pune,2024-02-14,30
C15704,28,Male,Noida,2024-06-30,26
C15705,31,Female,Bangalore,2024-11-13,21
C15706,18,Male,Hyderabad,2023-09-01,36
C15707,44,Female,Ahmedabad,2026-05-29,2
C15708,37,Female,Hyderabad,2026-02-03,6
C15709,27,Female,Hyderabad,2023-08-29,36
C15710,53,Male,Gurgaon,2024-08-27,24
C15711,35,Female,Chennai,2024-03-20,29
C15712,24,Other,Bangalore,2025-02-09,18
C15713,43,Female,Hyderabad,2024-10-04,22
C15714,38,Female,Ahmedabad,2025-02-14,18
C15715,38,Female,Pune,2025-02-21,18
C15716,30,Male,Bangalore,2026-02-01,6
C15717,39,Female,Mumbai,2025-03-17,17
C15718,32,Female,Delhi,2024-06-11,26
C15719,40,Female,Kolkata,2024-01-20,31
C15720,18,Female,Delhi,2025-04-13,16
C15721,30,Male,Pune,2025-07-18,13
C15722,52,Male,Pune,2023-09-22,35
C15723,27,Female,Delhi,2024-09-29,23
C15724,28,Male,Noida,2025-08-18,12
C15725,30,Male,Pune,2024-11-18,21
C15726,22,Male,Noida,2026-07-31,0
C15727,18,Male,Hyderabad,2026-08-04,0
C15728,32,Female,Chennai,2026-04-04,4
C15729,36,Female,Chennai,2026-07-28,0
C15730,34,Male,Mumbai,2024-05-01,28
C15731,33,Male,Pune,2026-02-02,6
C15732,35,Male,Mumbai,2023-09-11,35
C15733,45,Male,Gurgaon,2026-01-21,7
C15734,33,Male,Bangalore,2024-02-20,30
C15735,29,Female,Hyderabad,2024-09-01,24
C15736,32,Male,Pune,2025-05-29,15
C15737,40,Female,Delhi,2025-01-18,19
C15738,49,Female,Mumbai,2025-03-24,17
C15739,28,Female,Chennai,2025-07-22,13
C15740,35,Male,Noida,2026-06-13,2
C15741,38,Female,Delhi,2026-07-04,1
C15742,25,Male,Gurgaon,2026-02-14,6
C15743,35,Male,Bangalore,2026-04-27,3
C15744,20,Male,Pune,2025-06-03,14
C15745,18,Female,Pune,2025-12-15,8
C15746,38,Male,Ahmedabad,2025-12-19,8
C15747,31,Male,Ahmedabad,2026-02-26,5
C15748,37,Female,Mumbai,2025-11-28,8
C15749,34,Female,Pune,2024-07-13,25
C15750,25,Female,Gurgaon,2025-08-08,12
C15751,34,Male,Delhi,2026-01-06,7
C15752,22,Male,Delhi,2025-08-09,12
C15753,48,Male,Delhi,2025-03-21,17
C15754,21,Female,Kolkata,2024-12-26,20
C15755,33,Female,Bangalore,2024-01-08,31
C15756,24,Female,Noida,2026-03-19,5
C15757,40,Male,Ahmedabad,2024-02-05,30
C15758,31,Female,Mumbai,2025-02-01,18
C15759,29,Female,Noida,2024-03-30,29
C15760,43,Female,Noida,2024-10-28,22
C15761,35,Female,Gurgaon,2025-03-12,17
C15762,40,Male,Gurgaon,2025-09-24,11
C15763,25,Male,Gurgaon,2026-03-23,5
C15764,20,Male,Delhi,2025-01-31,18
C15765,36,Female,Pune,2026-04-16,4
C15766,31,Female,Hyderabad,2024-06-29,26
C15767,41,Male,Gurgaon,2024-06-17,26
C15768,34,Male,Kolkata,2024-10-09,22
C15769,37,Male,Bangalore,2026-04-20,4
C15770,18,Female,Noida,2025-03-11,17
C15771,53,Male,Chennai,2025-02-25,18
C15772,33,Male,Kolkata,2025-08-22,12
C15773,41,Male,Chennai,2024-03-02,30
C15774,26,Male,Noida,2026-04-01,4
C15775,38,Female,Mumbai,2023-11-18,33
C15776,21,Female,Gurgaon,2025-07-07,13
C15777,39,Male,Mumbai,2024-06-08,26
C15778,31,Female,Kolkata,2025-08-21,12
C15779,35,Male,Mumbai,2023-11-18,33
C15780,41,Other,Kolkata,2026-01-11,7
C15781,22,Male,Hyderabad,2025-10-31,9
C15782,28,Male,Chennai,2024-03-21,29
C15783,39,Male,Hyderabad,2025-05-31,14
C15784,55,Male,Noida,2026-01-16,7
C15785,33,Male,Gurgaon,2024-02-29,30
C15786,40,Female,Delhi,2025-03-09,17
C15787,33,Female,Noida,2026-01-22,7
C15788,54,Male,Ahmedabad,2026-06-11,2
C15789,18,Female,Kolkata,2026-03-25,5
C15790,35,Female,Delhi,2026-03-30,4
C15791,18,Female,Ahmedabad,2025-03-26,17
C15792,18,Female,Hyderabad,2024-02-20,30
C15793,37,Female,Ahmedabad,2026-07-14,1
C15794,36,Male,Gurgaon,2023-11-06,34
C15795,32,Male,Mumbai,2025-10-21,10
C15796,33,Male,Bangalore,2026-08-20,0
C15797,65,Male,Noida,2026-06-05,2
C15798,32,Female,Pune,2024-06-13,26
C15799,40,Male,Chennai,2025-02-22,18
C15800,28,Male,Mumbai,2025-10-15,10
C15801,37,Male,Kolkata,2024-10-15,22
C15802,32,Male,Bangalore,2024-06-11,26
C15803,30,Female,Delhi,2026-08-14,0
C15804,53,Male,Kolkata,2023-10-01,35
C15805,46,Female,Noida,2023-11-21,33
C15806,36,Male,Kolkata,2023-12-16,32
C15807,18,Female,Delhi,2024-03-11,29
C15808,31,Other,Chennai,2024-05-16,27
C15809,62,Female,Chennai,2026-03-31,4
C15810,32,Female,Gurgaon,2025-05-16,15
C15811,46,Male,Kolkata,2026-08-15,0
C15812,49,Female,Pune,2024-06-25,26
C15813,37,Female,Gurgaon,2023-12-08,32
C15814,26,Other,Pune,2025-12-16,8
C15815,18,Female,Mumbai,2024-08-16,24
C15816,41,Female,Gurgaon,2024-10-08,22
C15817,26,Female,Ahmedabad,2024-12-09,20
C15818,36,Male,Kolkata,2024-05-23,27
C15819,22,Male,Chennai,2026-04-30,3
C15820,32,Female,Kolkata,2026-02-17,6
C15821,35,Male,Chennai,2024-08-03,24
C15822,37,Female,Chennai,2023-08-23,36
C15823,23,Male,Chennai,2024-09-24,23
C15824,46,Male,Mumbai,2026-03-10,5
C15825,29,Female,Bangalore,2024-01-23,31
C15826,18,Female,Delhi,2025-01-05,19
C15827,33,Female,Mumbai,2025-07-02,13
C15828,35,Male,Ahmedabad,2025-08-25,12
C15829,36,Male,Hyderabad,2026-06-02,2
C15830,48,Male,Mumbai,2024-06-26,26
C15831,32,Male,Delhi,2025-07-26,13
C15832,33,Male,Kolkata,2024-12-17,20
C15833,23,Female,Noida,2024-06-14,26
C15834,43,Male,Chennai,2026-01-15,7
C15835,36,Female,Bangalore,2024-08-16,24
C15836,30,Male,Delhi,2023-11-29,33
C15837,18,Male,Gurgaon,2026-03-01,5
C15838,49,Male,Ahmedabad,2024-03-08,29
C15839,22,Other,Bangalore,2025-07-29,12
C15840,29,Male,Bangalore,2025-11-08,9
C15841,38,Male,Mumbai,2026-06-09,2
C15842,23,Female,Ahmedabad,2025-07-22,13
C15843,20,Female,Bangalore,2026-07-01,1
C15844,18,Female,Pune,2025-04-20,16
C15845,42,Female,Gurgaon,2023-11-24,33
C15846,29,Male,Delhi,2024-06-16,26
C15847,64,Female,Delhi,2026-04-14,4
C15848,25,Female,Delhi,2024-11-29,21
C15849,25,Female,Ahmedabad,2023-11-02,34
C15850,29,Female,Noida,2023-08-24,36
C15851,37,Male,Noida,2024-02-13,30
C15852,30,Male,Noida,2026-07-19,1
C15853,41,Female,Ahmedabad,2026-06-07,2
C15854,25,Female,Gurgaon,2024-09-26,23
C15855,21,Male,Gurgaon,2026-04-29,3
C15856,18,Male,Ahmedabad,2024-09-29,23
C15857,18,Female,Chennai,2026-05-26,2
C15858,29,Male,Bangalore,2024-05-13,27
C15859,31,Male,Ahmedabad,2025-12-22,8
C15860,28,Male,Bangalore,2025-06-14,14
C15861,47,Female,Gurgaon,2023-09-15,35
C15862,47,Female,Hyderabad,2024-01-26,31
C15863,31,Male,Delhi,2025-10-20,10
C15864,18,Female,Bangalore,2025-05-01,15
C15865,29,Male,Pune,2026-03-27,4
C15866,29,Male,Gurgaon,2026-06-07,2
C15867,28,Female,Kolkata,2025-11-05,9
C15868,28,Male,Noida,2023-11-24,33
C15869,28,Male,Kolkata,2026-07-13,1
C15870,31,Female,Noida,2023-12-30,32
C15871,28,Male,Kolkata,2026-05-20,3
C15872,37,Male,Ahmedabad,2025-04-11,16
C15873,38,Female,Delhi,2025-11-27,8
C15874,25,Female,Chennai,2026-07-23,1
C15875,47,Male,Noida,2025-09-03,11
C15876,25,Male,Delhi,2026-05-11,3
C15877,18,Female,Ahmedabad,2024-11-30,21
C15878,38,Other,Delhi,2026-02-03,6
C15879,26,Male,Ahmedabad,2024-01-30,31
C15880,38,Other,Mumbai,2025-09-06,11
C15881,18,Female,Pune,2026-04-13,4
C15882,48,Female,Kolkata,2026-01-16,7
C15883,41,Male,Kolkata,2025-12-31,7
C15884,19,Male,Ahmedabad,2023-11-07,33
C15885,20,Male,Gurgaon,2025-05-27,15
C15886,51,Male,Chennai,2026-04-14,4
C15887,27,Other,Chennai,2025-07-02,13
C15888,26,Male,Noida,2024-04-01,29
C15889,18,Female,Noida,2024-09-30,23
C15890,31,Male,Bangalore,2024-05-20,27
C15891,32,Female,Kolkata,2024-10-26,22
C15892,42,Male,Pune,2025-12-17,8
C15893,21,Male,Pune,2025-11-13,9
C15894,19,Male,Kolkata,2024-11-01,21
C15895,39,Female,Hyderabad,2025-06-11,14
C15896,45,Male,Ahmedabad,2026-05-20,3
C15897,19,Male,Ahmedabad,2025-08-31,11
C15898,45,Male,Delhi,2024-10-03,22
C15899,35,Female,Gurgaon,2026-04-14,4
C15900,45,Female,Noida,2025-12-17,8
C15901,34,Female,Pune,2025-02-07,18
C15902,18,Female,Gurgaon,2025-11-05,9
C15903,33,Male,Ahmedabad,2024-04-23,28
C15904,45,Female,Delhi,2025-09-11,11
C15905,26,Male,Noida,2024-07-25,25
C15906,31,Male,Kolkata,2025-09-18,11
C15907,33,Female,Bangalore,2024-03-06,29
C15908,18,Female,Noida,2025-04-10,16
C15909,51,Male,Delhi,2026-05-30,2
C15910,25,Male,Gurgaon,2025-11-21,9
C15911,40,Female,Pune,2026-01-29,6
C15912,34,Female,Gurgaon,2024-07-12,25
C15913,47,Male,Gurgaon,2025-10-02,10
C15914,39,Male,Noida,2026-07-20,1
C15915,32,Female,Pune,2023-11-28,33
C15916,26,Female,Delhi,2026-03-09,5
C15917,42,Other,Chennai,2026-08-08,0
C15918,18,Male,Hyderabad,2026-08-07,0
C15919,41,Male,Noida,2025-08-19,12
C15920,24,Male,Gurgaon,2026-02-20,6
C15921,47,Female,Ahmedabad,2025-01-17,19
C15922,36,Male,Hyderabad,2024-04-21,28
C15923,41,Male,Ahmedabad,2023-12-21,32
C15924,35,Male,Chennai,2025-12-05,8
C15925,18,Female,Gurgaon,2025-06-25,14
C15926,26,Male,Noida,2025-11-01,9
C15927,41,Female,Delhi,2025-02-13,18
C15928,36,Female,Delhi,2023-09-15,35
C15929,46,Female,Bangalore,2024-02-11,30
C15930,39,Male,Noida,2024-04-30,28
C15931,25,Other,Pune,2025-04-19,16
C15932,27,Male,Delhi,2025-08-29,11
C15933,36,Male,Pune,2026-06-05,2
C15934,18,Other,Hyderabad,2025-08-18,12
C15935,51,Male,Gurgaon,2023-11-02,34
C15936,39,Female,Chennai,2026-02-22,6
C15937,47,Male,Bangalore,2024-12-13,20
C15938,19,Male,Pune,2024-09-08,23
C15939,47,Female,Hyderabad,2024-04-16,28
C15940,57,Male,Chennai,2026-08-12,0
C15941,21,Female,Ahmedabad,2025-04-26,16
C15942,42,Female,Mumbai,2025-07-24,13
C15943,35,Male,Pune,2025-12-24,8
C15944,19,Male,Chennai,2023-09-01,36
C15945,39,Male,Chennai,2026-02-07,6
C15946,43,Female,Bangalore,2024-08-10,24
C15947,28,Female,Kolkata,2023-10-17,34
C15948,46,Female,Delhi,2025-05-29,15
C15949,18,Male,Gurgaon,2024-01-14,31
C15950,20,Male,Bangalore,2025-06-21,14
C15951,36,Male,Gurgaon,2025-02-01,18
C15952,35,Male,Noida,2026-05-05,3
C15953,27,Female,Kolkata,2025-07-21,13
C15954,43,Female,Gurgaon,2026-01-03,7
C15955,40,Male,Kolkata,2025-10-20,10
C15956,43,Female,Delhi,2023-12-24,32
C15957,33,Male,Kolkata,2023-11-07,33
C15958,41,Female,Ahmedabad,2025-08-25,12
C15959,30,Male,Mumbai,2025-09-28,10
C15960,55,Female,Hyderabad,2026-05-25,2
C15961,26,Male,Hyderabad,2026-05-03,3
C15962,56,Female,Bangalore,2024-08-06,24
C15963,35,Male,Pune,2025-01-15,19
C15964,21,Male,Mumbai,2025-06-18,14
C15965,48,Male,Kolkata,2024-03-14,29
C15966,36,Male,Kolkata,2025-03-25,17
C15967,43,Female,Pune,2024-10-06,22
C15968,47,Female,Chennai,2024-02-05,30
C15969,38,Female,Kolkata,2026-05-25,2
C15970,29,Female,Gurgaon,2026-01-20,7
C15971,44,Male,Mumbai,2026-05-06,3
C15972,35,Female,Pune,2025-08-26,12
C15973,41,Male,Chennai,2025-10-02,10
C15974,18,Female,Gurgaon,2026-06-23,2
C15975,39,Male,Gurgaon,2023-12-02,33
C15976,28,Female,Gurgaon,2023-10-02,35
C15977,51,Male,Noida,2025-12-27,7
C15978,41,Male,Noida,2026-03-29,4
C15979,37,Male,Ahmedabad,2025-04-27,16
C15980,39,Male,Kolkata,2024-02-23,30
C15981,25,Male,Kolkata,2024-10-23,22
C15982,51,Male,Chennai,2024-04-15,28
C15983,54,Female,Delhi,2025-07-10,13
C15984,38,Male,Kolkata,2024-10-23,22
C15985,50,Female,Gurgaon,2025-05-07,15
C15986,29,Male,Delhi,2026-01-08,7
C15987,27,Male,Delhi,2024-10-23,22
C15988,35,Female,Bangalore,2025-05-12,15
C15989,39,Male,Bangalore,2026-02-02,6
C15990,31,Male,Ahmedabad,2025-04-23,16
C15991,40,Female,Delhi,2024-04-29,28
C15992,38,Male,Kolkata,2025-07-08,13
C15993,25,Female,Gurgaon,2024-07-13,25
C15994,40,Male,Gurgaon,2025-05-27,15
C15995,43,Male,Hyderabad,2026-03-24,5
C15996,36,Female,Noida,2023-12-31,32
C15997,46,Female,Noida,2023-12-03,33
C15998,22,Male,Kolkata,2026-05-02,3
C15999,39,Female,Delhi,2024-03-12,29
C16000,23,Female,Ahmedabad,2025-10-29,9
C16001,23,Female,Ahmedabad,2025-06-05,14
C16002,28,Male,Mumbai,2024-02-02,31
C16003,25,Female,Bangalore,2025-08-22,12
C16004,29,Male,Pune,2024-06-19,26
C16005,32,Male,Pune,2024-07-18,25
C16006,43,Male,Ahmedabad,2025-11-15,9
C16007,31,Female,Kolkata,2024-01-27,31
C16008,19,Female,Mumbai,2025-07-20,13
C16009,46,Female,Mumbai,2024-08-17,24
C16010,26,Female,Kolkata,2025-02-15,18
C16011,34,Male,Delhi,2025-07-03,13
C16012,39,Male,Noida,2024-10-03,22
C16013,36,Female,Mumbai,2025-12-04,8
C16014,45,Female,Pune,2026-06-17,2
C16015,39,Male,Bangalore,2026-04-21,4
C16016,26,Male,Pune,2025-01-24,19
C16017,56,Male,Kolkata,2025-11-15,9
C16018,36,Male,Kolkata,2026-01-06,7
C16019,33,Male,Hyderabad,2024-01-11,31
C16020,44,Male,Noida,2024-01-25,31
C16021,37,Female,Chennai,2024-04-17,28
C16022,38,Male,Mumbai,2025-09-05,11
C16023,59,Female,Delhi,2024-09-17,23
C16024,32,Male,Kolkata,2025-05-28,15
C16025,31,Male,Delhi,2024-12-25,20
C16026,36,Female,Kolkata,2025-10-04,10
C16027,45,Female,Noida,2025-09-07,11
C16028,19,Female,Delhi,2025-05-08,15
C16029,18,Female,Chennai,2026-02-25,5
C16030,29,Female,Pune,2024-04-30,28
C16031,18,Male,Kolkata,2023-09-18,35
C16032,30,Male,Gurgaon,2023-11-24,33
C16033,40,Female,Mumbai,2025-06-04,14
C16034,26,Male,Chennai,2023-12-26,32
C16035,20,Male,Chennai,2024-01-17,31
C16036,35,Male,Kolkata,2025-01-27,19
C16037,43,Male,Noida,2026-07-23,1
C16038,18,Female,Hyderabad,2024-03-28,29
C16039,43,Male,Bangalore,2025-04-03,16
C16040,43,Male,Pune,2025-04-01,16
C16041,44,Female,Bangalore,2024-10-20,22
C16042,47,Female,Ahmedabad,2024-03-15,29
C16043,57,Female,Noida,2025-05-23,15
C16044,31,Female,Pune,2025-10-20,10
C16045,36,Female,Chennai,2026-08-11,0
C16046,30,Female,Ahmedabad,2024-04-18,28
C16047,35,Male,Chennai,2026-05-23,3
C16048,50,Male,Chennai,2026-05-31,2
C16049,21,Female,Ahmedabad,2024-01-01,32
C16050,26,Female,Gurgaon,2023-10-24,34
C16051,48,Female,Gurgaon,2026-06-14,2
C16052,45,Female,Bangalore,2024-04-02,29
C16053,31,Female,Gurgaon,2023-08-30,36
C16054,43,Male,Noida,2024-06-05,26
C16055,38,Male,Pune,2023-12-14,32
C16056,50,Male,Hyderabad,2026-02-02,6
C16057,35,Male,Gurgaon,2024-02-07,30
C16058,45,Male,Delhi,2023-11-11,33
C16059,61,Male,Chennai,2025-04-16,16
C16060,40,Female,Chennai,2026-03-04,5
C16061,35,Female,Hyderabad,2026-07-27,0
C16062,42,Female,Gurgaon,2024-05-11,27
C16063,31,Male,Ahmedabad,2025-06-01,14
C16064,58,Male,Kolkata,2025-11-23,9
C16065,36,Female,Kolkata,2024-08-17,24
C16066,32,Male,Delhi,2024-12-24,20
C16067,26,Female,Noida,2025-04-19,16
C16068,45,Male,Kolkata,2026-02-17,6
C16069,43,Male,Mumbai,2026-07-20,1
C16070,30,Male,Noida,2023-12-13,32
C16071,40,Male,Gurgaon,2024-12-05,20
C16072,19,Male,Ahmedabad,2025-09-24,11
C16073,36,Female,Hyderabad,2024-01-24,31
C16074,39,Male,Mumbai,2026-07-03,1
C16075,52,Female,Ahmedabad,2024-02-02,31
C16076,27,Male,Gurgaon,2024-01-15,31
C16077,22,Male,Mumbai,2025-11-11,9
C16078,26,Female,Noida,2024-05-13,27
C16079,21,Female,Noida,2025-08-08,12
C16080,48,Male,Pune,2024-07-24,25
C16081,50,Male,Bangalore,2024-01-14,31
C16082,38,Male,Bangalore,2026-08-19,0
C16083,47,Female,Delhi,2026-03-30,4
C16084,36,Male,Kolkata,2024-06-24,26
C16085,34,Female,Bangalore,2024-10-09,22
C16086,31,Male,Gurgaon,2023-08-30,36
C16087,31,Other,Mumbai,2026-06-16,2
C16088,19,Male,Kolkata,2024-12-22,20
C16089,37,Male,Bangalore,2024-04-01,29
C16090,34,Female,Mumbai,2025-02-15,18
C16091,42,Female,Delhi,2025-06-23,14
C16092,35,Female,Ahmedabad,2026-03-09,5
C16093,33,Female,Mumbai,2024-10-03,22
C16094,26,Female,Mumbai,2026-05-01,3
C16095,35,Female,Gurgaon,2023-10-02,35
C16096,42,Female,Delhi,2024-08-06,24
C16097,23,Female,Delhi,2026-05-08,3
C16098,35,Male,Hyderabad,2026-01-06,7
C16099,37,Female,Pune,2024-06-28,26
C16100,27,Female,Delhi,2024-08-03,24
C16101,29,Female,Hyderabad,2024-01-11,31
C16102,37,Female,Kolkata,2026-05-30,2
C16103,23,Male,Pune,2024-08-03,24
C16104,38,Male,Bangalore,2024-08-01,25
C16105,26,Male,Bangalore,2025-08-28,11
C16106,45,Male,Mumbai,2026-04-06,4
C16107,58,Male,Noida,2025-06-28,14
C16108,26,Female,Noida,2025-11-11,9
C16109,40,Female,Chennai,2024-10-05,22
C16110,27,Female,Delhi,2025-04-20,16
C16111,45,Male,Delhi,2026-01-01,7
C16112,22,Female,Gurgaon,2023-12-16,32
C16113,39,Female,Mumbai,2025-06-18,14
C16114,26,Male,Bangalore,2025-05-17,15
C16115,32,Female,Mumbai,2024-11-03,21
C16116,24,Female,Delhi,2024-08-29,24
C16117,43,Male,Bangalore,2025-02-20,18
C16118,26,Female,Chennai,2023-10-25,34
C16119,40,Female,Ahmedabad,2024-04-07,28
C16120,31,Male,Noida,2025-01-31,18
C16121,33,Female,Ahmedabad,2026-05-02,3
C16122,36,Male,Noida,2026-04-14,4
C16123,27,Male,Kolkata,2024-07-19,25
C16124,37,Female,Hyderabad,2024-09-13,23
C16125,50,Male,Delhi,2024-02-07,30
C16126,27,Female,Kolkata,2023-11-30,33
C16127,46,Male,Kolkata,2023-10-30,34
C16128,49,Male,Noida,2023-09-08,35
C16129,26,Male,Ahmedabad,2025-12-13,8
C16130,20,Male,Hyderabad,2024-01-02,32
C16131,38,Male,Bangalore,2023-08-28,36
C16132,29,Female,Hyderabad,2023-08-26,36
C16133,53,Female,Kolkata,2024-12-31,19
C16134,35,Female,Chennai,2024-02-08,30
C16135,26,Female,Kolkata,2024-07-29,25
C16136,23,Female,Bangalore,2026-04-09,4
C16137,45,Female,Kolkata,2025-08-01,12
C16138,29,Male,Pune,2024-01-27,31
C16139,35,Male,Chennai,2026-02-24,5
C16140,44,Male,Gurgaon,2026-03-10,5
C16141,30,Male,Bangalore,2024-06-12,26
C16142,34,Female,Hyderabad,2025-08-20,12
C16143,34,Female,Noida,2025-01-08,19
C16144,41,Female,Gurgaon,2026-03-17,5
C16145,40,Male,Noida,2026-01-10,7
C16146,32,Male,Bangalore,2025-09-18,11
C16147,35,Male,Hyderabad,2025-02-02,18
C16148,31,Female,Pune,2026-01-04,7
C16149,20,Male,Noida,2025-10-22,10
C16150,37,Female,Hyderabad,2023-11-09,33
C16151,53,Male,Mumbai,2025-10-17,10
C16152,26,Female,Gurgaon,2025-06-29,13
C16153,27,Female,Pune,2023-09-20,35
C16154,26,Female,Noida,2026-07-06,1
C16155,42,Male,Delhi,2024-12-29,20
C16156,39,Male,Noida,2024-04-20,28
C16157,33,Male,Ahmedabad,2025-11-24,9
C16158,25,Female,Delhi,2023-12-25,32
C16159,35,Male,Delhi,2024-09-10,23
C16160,19,Male,Gurgaon,2024-04-13,28
C16161,36,Female,Hyderabad,2024-02-24,30
C16162,43,Female,Mumbai,2026-07-09,1
C16163,22,Female,Delhi,2025-01-01,19
C16164,19,Female,Gurgaon,2025-07-30,12
C16165,50,Female,Kolkata,2026-04-15,4
C16166,28,Female,Hyderabad,2026-07-07,1
C16167,46,Female,Pune,2025-05-03,15
C16168,33,Male,Delhi,2023-09-22,35
C16169,33,Female,Bangalore,2024-10-03,22
C16170,39,Female,Chennai,2024-04-30,28
C16171,26,Male,Ahmedabad,2024-09-18,23
C16172,36,Female,Bangalore,2024-10-22,22
C16173,31,Male,Pune,2023-11-30,33
C16174,21,Male,Hyderabad,2023-09-01,36
C16175,38,Female,Noida,2024-02-22,30
C16176,32,Female,Bangalore,2024-01-27,31
C16177,33,Female,Hyderabad,2024-12-07,20
C16178,22,Male,Mumbai,2025-11-24,9
C16179,50,Female,Noida,2024-12-02,20
C16180,43,Male,Noida,2025-09-04,11
C16181,44,Male,Chennai,2025-03-07,17
C16182,31,Male,Noida,2025-05-14,15
C16183,18,Male,Gurgaon,2023-12-04,33
C16184,54,Male,Ahmedabad,2024-07-21,25
C16185,34,Female,Delhi,2025-01-08,19
C16186,27,Female,Delhi,2026-05-17,3
C16187,39,Other,Mumbai,2025-10-22,10
C16188,46,Female,Ahmedabad,2024-08-28,24
C16189,34,Male,Bangalore,2025-01-16,19
C16190,47,Female,Mumbai,2024-01-31,31
C16191,45,Female,Gurgaon,2025-09-15,11
C16192,24,Male,Kolkata,2025-09-26,11
C16193,28,Female,Bangalore,2025-01-14,19
C16194,44,Male,Gurgaon,2025-08-13,12
C16195,18,Male,Mumbai,2025-08-27,12
C16196,33,Female,Delhi,2025-10-11,10
C16197,20,Female,Kolkata,2025-09-25,11
C16198,30,Female,Chennai,2025-04-21,16
C16199,32,Male,Ahmedabad,2025-12-25,8
C16200,31,Female,Mumbai,2026-05-29,2
C16201,29,Female,Kolkata,2024-11-11,21
C16202,24,Female,Ahmedabad,2025-12-05,8
C16203,57,Male,Bangalore,2024-03-02,30
C16204,53,Male,Chennai,2025-03-06,17
C16205,23,Female,Delhi,2024-07-25,25
C16206,50,Male,Bangalore,2025-08-09,12
C16207,31,Male,Noida,2025-06-27,14
C16208,36,Male,Gurgaon,2026-06-11,2
C16209,34,Female,Delhi,2024-11-10,21
C16210,28,Female,Hyderabad,2024-09-16,23
C16211,44,Male,Delhi,2025-10-23,10
C16212,36,Male,Ahmedabad,2024-07-19,25
C16213,30,Female,Delhi,2024-02-15,30
C16214,21,Male,Mumbai,2025-09-23,11
C16215,26,Female,Bangalore,2023-08-25,36
C16216,18,Male,Mumbai,2024-12-12,20
C16217,35,Male,Kolkata,2025-12-16,8
C16218,23,Male,Hyderabad,2026-07-01,1
C16219,32,Female,Delhi,2024-05-15,27
C16220,48,Female,Hyderabad,2023-11-03,34
C16221,46,Male,Delhi,2025-10-28,9
C16222,34,Male,Noida,2024-01-26,31
C16223,34,Male,Bangalore,2024-11-04,21
C16224,53,Female,Delhi,2025-10-06,10
C16225,40,Male,Delhi,2026-08-13,0
C16226,31,Male,Mumbai,2023-10-17,34
C16227,20,Female,Hyderabad,2024-10-12,22
C16228,38,Female,Delhi,2024-12-24,20
C16229,43,Male,Chennai,2023-12-25,32
C16230,28,Male,Gurgaon,2025-01-05,19
C16231,37,Female,Chennai,2025-10-24,10
C16232,31,Female,Gurgaon,2024-02-28,30
C16233,33,Male,Gurgaon,2024-09-27,23
C16234,18,Female,Gurgaon,2026-01-03,7
C16235,32,Female,Ahmedabad,2023-12-15,32
C16236,44,Female,Ahmedabad,2026-05-31,2
C16237,28,Male,Kolkata,2025-11-09,9
C16238,35,Female,Mumbai,2025-12-25,8
C16239,27,Female,Kolkata,2024-11-29,21
C16240,38,Male,Ahmedabad,2026-07-02,1
C16241,32,Female,Delhi,2024-05-21,27
C16242,25,Male,Chennai,2025-05-27,15
C16243,48,Male,Chennai,2024-02-20,30
C16244,44,Male,Hyderabad,2024-08-20,24
C16245,28,Female,Gurgaon,2026-02-13,6
C16246,39,Male,Pune,2024-10-22,22
C16247,40,Female,Delhi,2026-05-01,3
C16248,41,Female,Mumbai,2025-07-18,13
C16249,18,Male,Ahmedabad,2023-09-08,35
C16250,45,Male,Chennai,2025-05-24,15
C16251,29,Female,Mumbai,2025-01-29,19
C16252,31,Female,Kolkata,2025-07-17,13
C16253,61,Male,Chennai,2026-07-06,1
C16254,38,Male,Ahmedabad,2026-03-03,5
C16255,31,Male,Kolkata,2024-02-21,30
C16256,18,Male,Gurgaon,2026-02-24,5
C16257,48,Male,Delhi,2023-10-08,34
C16258,21,Female,Chennai,2024-06-05,26
C16259,24,Male,Delhi,2025-07-19,13
C16260,31,Male,Chennai,2023-11-21,33
C16261,49,Female,Noida,2024-11-09,21
C16262,42,Female,Pune,2023-10-09,34
C16263,33,Male,Mumbai,2026-04-29,3
C16264,38,Female,Delhi,2024-08-12,24
C16265,28,Male,Kolkata,2024-05-29,27
C16266,36,Female,Gurgaon,2025-10-23,10
C16267,35,Female,Kolkata,2024-03-29,29
C16268,44,Female,Mumbai,2024-07-25,25
C16269,44,Male,Bangalore,2024-06-22,26
C16270,39,Female,Bangalore,2024-07-19,25
C16271,31,Female,Gurgaon,2026-07-28,0
C16272,42,Male,Noida,2025-01-16,19
C16273,34,Male,Noida,2024-09-14,23
C16274,24,Female,Pune,2024-09-01,24
C16275,30,Female,Chennai,2024-11-29,21
C16276,35,Male,Noida,2024-02-21,30
C16277,44,Female,Delhi,2026-02-23,6
C16278,33,Male,Mumbai,2025-06-06,14
C16279,22,Male,Hyderabad,2024-02-24,30
C16280,35,Female,Bangalore,2024-04-22,28
C16281,36,Male,Chennai,2024-02-27,30
C16282,36,Male,Pune,2025-01-07,19
C16283,44,Male,Ahmedabad,2025-09-20,11
C16284,45,Female,Kolkata,2024-04-05,28
C16285,29,Male,Delhi,2024-04-25,28
C16286,28,Female,Noida,2025-11-09,9
C16287,24,Male,Ahmedabad,2026-02-26,5
C16288,41,Female,Hyderabad,2025-10-31,9
C16289,49,Male,Pune,2025-06-22,14
C16290,31,Male,Kolkata,2024-12-08,20
C16291,32,Female,Gurgaon,2023-12-23,32
C16292,49,Male,Noida,2023-09-11,35
C16293,40,Male,Pune,2024-10-04,22
C16294,39,Male,Delhi,2026-04-08,4
C16295,23,Male,Kolkata,2024-07-13,25
C16296,41,Male,Noida,2026-02-21,6
C16297,25,Female,Pune,2026-08-08,0
C16298,23,Female,Pune,2024-05-05,27
C16299,31,Male,Hyderabad,2025-02-08,18
C16300,29,Male,Noida,2024-04-25,28
C16301,32,Male,Pune,2025-08-28,11
C16302,20,Male,Mumbai,2024-01-18,31
C16303,44,Female,Bangalore,2025-11-14,9
C16304,46,Female,Ahmedabad,2025-07-09,13
C16305,18,Male,Bangalore,2025-08-06,12
C16306,44,Male,Noida,2024-07-01,26
C16307,26,Female,Kolkata,2025-01-06,19
C16308,43,Male,Hyderabad,2023-11-21,33
C16309,34,Male,Pune,2026-05-27,2
C16310,35,Female,Ahmedabad,2024-12-11,20
C16311,33,Female,Mumbai,2024-12-07,20
C16312,47,Male,Noida,2023-11-14,33
C16313,22,Female,Ahmedabad,2024-01-15,31
C16314,41,Male,Kolkata,2025-05-19,15
C16315,46,Female,Pune,2026-06-28,1
C16316,42,Male,Hyderabad,2026-08-16,0
C16317,58,Female,Noida,2025-10-10,10
C16318,29,Female,Delhi,2025-03-02,17
C16319,44,Male,Gurgaon,2024-12-15,20
C16320,33,Female,Pune,2023-12-28,32
C16321,47,Female,Noida,2025-12-10,8
C16322,34,Male,Pune,2025-01-09,19
C16323,31,Female,Pune,2024-04-19,28
C16324,48,Female,Bangalore,2025-08-19,12
C16325,30,Female,Kolkata,2023-11-18,33
C16326,20,Male,Chennai,2025-04-07,16
C16327,29,Male,Kolkata,2026-06-24,1
C16328,41,Male,Gurgaon,2025-12-20,8
C16329,48,Male,Kolkata,2025-01-31,18
C16330,36,Male,Ahmedabad,2023-11-16,33
C16331,48,Male,Gurgaon,2026-04-07,4
C16332,21,Male,Delhi,2024-08-11,24
C16333,30,Male,Gurgaon,2023-12-11,32
C16334,32,Male,Pune,2024-03-11,29
C16335,33,Female,Ahmedabad,2025-03-11,17
C16336,35,Female,Kolkata,2023-12-21,32
C16337,41,Male,Ahmedabad,2025-12-20,8
C16338,30,Male,Hyderabad,2024-07-18,25
C16339,36,Male,Ahmedabad,2023-10-07,35
C16340,34,Male,Pune,2026-07-17,1
C16341,25,Male,Bangalore,2025-03-08,17
C16342,33,Female,Gurgaon,2025-09-22,11
C16343,33,Male,Hyderabad,2026-04-24,4
C16344,33,Female,Hyderabad,2025-10-26,10
C16345,35,Male,Hyderabad,2024-11-05,21
C16346,35,Male,Mumbai,2024-01-20,31
C16347,30,Female,Kolkata,2025-11-17,9
C16348,47,Female,Kolkata,2024-08-20,24
C16349,23,Female,Hyderabad,2025-09-21,11
C16350,27,Female,Gurgaon,2026-05-05,3
C16351,62,Male,Mumbai,2025-02-09,18
C16352,24,Female,Hyderabad,2024-08-12,24
C16353,21,Male,Hyderabad,2024-04-14,28
C16354,42,Female,Ahmedabad,2024-08-22,24
C16355,18,Male,Bangalore,2026-05-14,3
C16356,32,Male,Mumbai,2025-01-05,19
C16357,56,Female,Gurgaon,2025-01-01,19
C16358,19,Male,Kolkata,2023-09-02,36
C16359,18,Male,Pune,2026-03-17,5
C16360,20,Male,Bangalore,2023-10-04,35
C16361,43,Female,Pune,2025-07-21,13
C16362,46,Female,Noida,2025-08-11,12
C16363,29,Female,Kolkata,2026-02-09,6
C16364,41,Female,Ahmedabad,2025-09-13,11
C16365,48,Female,Chennai,2024-10-30,22
C16366,52,Male,Gurgaon,2024-11-12,21
C16367,32,Male,Mumbai,2024-12-13,20
C16368,18,Female,Noida,2025-02-12,18
C16369,26,Male,Bangalore,2024-08-09,24
C16370,30,Male,Hyderabad,2026-02-06,6
C16371,32,Male,Chennai,2023-08-23,36
C16372,33,Female,Bangalore,2024-08-31,24
C16373,46,Male,Bangalore,2025-10-31,9
C16374,47,Female,Bangalore,2026-07-26,0
C16375,33,Female,Bangalore,2025-11-14,9
C16376,45,Female,Bangalore,2023-09-25,35
C16377,38,Other,Chennai,2025-01-22,19
C16378,35,Male,Pune,2024-07-19,25
C16379,44,Female,Gurgaon,2023-12-02,33
C16380,35,Female,Hyderabad,2024-04-30,28
C16381,55,Female,Kolkata,2024-09-24,23
C16382,20,Female,Mumbai,2025-09-22,11
C16383,29,Male,Bangalore,2026-01-24,7
C16384,33,Female,Mumbai,2025-06-01,14
C16385,39,Male,Chennai,2025-10-09,10
C16386,47,Other,Mumbai,2023-10-26,34
C16387,34,Female,Pune,2025-05-26,15
C16388,20,Female,Ahmedabad,2025-08-01,12
C16389,43,Female,Noida,2023-09-10,35
C16390,42,Male,Kolkata,2023-08-28,36
C16391,18,Male,Kolkata,2025-12-31,7
C16392,34,Female,Bangalore,2024-04-19,28
C16393,19,Male,Delhi,2024-01-21,31
C16394,28,Male,Mumbai,2026-03-18,5
C16395,25,Female,Chennai,2025-12-26,7
C16396,43,Male,Gurgaon,2025-11-26,8
C16397,36,Female,Ahmedabad,2026-07-17,1
C16398,22,Male,Pune,2023-12-13,32
C16399,43,Female,Delhi,2024-09-07,23
C16400,20,Female,Mumbai,2024-11-21,21
C16401,38,Male,Noida,2024-08-09,24
C16402,26,Male,Hyderabad,2025-11-10,9
C16403,31,Male,Chennai,2024-02-28,30
C16404,40,Female,Pune,2023-09-15,35
C16405,40,Male,Noida,2024-09-20,23
C16406,48,Male,Ahmedabad,2025-09-03,11
C16407,34,Female,Pune,2024-12-06,20
C16408,38,Male,Hyderabad,2026-06-24,1
C16409,30,Female,Ahmedabad,2025-12-22,8
C16410,36,Female,Noida,2025-05-23,15
C16411,39,Male,Pune,2025-12-01,8
C16412,34,Female,Gurgaon,2025-11-03,9
C16413,18,Male,Pune,2025-05-14,15
C16414,38,Female,Pune,2024-11-30,21
C16415,38,Female,Pune,2025-12-08,8
C16416,28,Male,Delhi,2025-06-18,14
C16417,22,Male,Pune,2025-11-28,8
C16418,49,Female,Pune,2026-03-14,5
C16419,39,Male,Delhi,2024-04-03,29
C16420,32,Female,Gurgaon,2026-01-05,7
C16421,23,Male,Kolkata,2026-03-15,5
C16422,26,Male,Gurgaon,2026-07-14,1
C16423,48,Female,Chennai,2023-12-04,33
C16424,36,Male,Hyderabad,2024-03-21,29
C16425,29,Female,Pune,2026-05-26,2
C16426,40,Male,Noida,2025-07-15,13
C16427,26,Male,Kolkata,2026-01-13,7
C16428,50,Female,Pune,2026-06-15,2
C16429,48,Female,Ahmedabad,2023-10-05,35
C16430,30,Female,Chennai,2026-04-22,4
C16431,28,Female,Noida,2024-01-04,32
C16432,18,Female,Chennai,2025-12-21,8
C16433,20,Female,Bangalore,2025-03-21,17
C16434,21,Male,Ahmedabad,2026-05-25,2
C16435,36,Female,Pune,2026-04-08,4
C16436,31,Male,Noida,2024-12-12,20
C16437,21,Male,Noida,2026-07-31,0
C16438,32,Male,Kolkata,2026-02-05,6
C16439,40,Male,Hyderabad,2025-12-11,8
C16440,40,Female,Chennai,2025-06-27,14
C16441,18,Male,Chennai,2025-07-08,13
C16442,33,Male,Delhi,2025-08-08,12
C16443,21,Male,Kolkata,2024-09-01,24
C16444,44,Male,Hyderabad,2026-06-23,2
C16445,42,Female,Chennai,2026-02-17,6
C16446,26,Male,Ahmedabad,2025-10-27,9
C16447,27,Male,Ahmedabad,2025-01-30,18
C16448,30,Male,Mumbai,2024-09-08,23
C16449,18,Male,Chennai,2024-08-30,24
C16450,38,Female,Kolkata,2025-09-27,10
C16451,32,Male,Pune,2023-10-31,34
C16452,44,Male,Delhi,2025-04-13,16
C16453,24,Male,Hyderabad,2023-10-22,34
C16454,28,Male,Bangalore,2026-04-04,4
C16455,19,Female,Pune,2026-01-31,6
C16456,24,Male,Noida,2026-07-24,0
C16457,23,Female,Chennai,2023-09-03,36
C16458,44,Female,Kolkata,2025-06-03,14
C16459,28,Male,Hyderabad,2025-07-25,13
C16460,36,Other,Noida,2025-01-21,19
C16461,31,Female,Bangalore,2025-09-04,11
C16462,22,Female,Delhi,2026-08-13,0
C16463,33,Male,Ahmedabad,2026-01-31,6
C16464,40,Female,Gurgaon,2025-06-09,14
C16465,22,Male,Kolkata,2023-10-24,34
C16466,43,Male,Hyderabad,2023-12-23,32
C16467,26,Female,Chennai,2024-08-01,25
C16468,30,Female,Noida,2025-08-07,12
C16469,40,Male,Mumbai,2024-03-04,30
C16470,28,Female,Chennai,2026-01-14,7
C16471,35,Female,Gurgaon,2025-08-16,12
C16472,31,Male,Chennai,2024-08-25,24
C16473,36,Male,Kolkata,2024-07-05,25
C16474,18,Male,Mumbai,2024-04-05,28
C16475,18,Female,Chennai,2025-06-09,14
C16476,41,Female,Kolkata,2023-10-03,35
C16477,45,Male,Delhi,2025-05-12,15
C16478,25,Female,Ahmedabad,2024-05-09,27
C16479,32,Female,Pune,2026-01-02,7
C16480,37,Female,Noida,2024-11-16,21
C16481,41,Male,Mumbai,2025-12-11,8
C16482,18,Female,Hyderabad,2024-01-10,31
C16483,26,Female,Mumbai,2026-01-08,7
C16484,31,Male,Bangalore,2023-09-22,35
C16485,42,Male,Hyderabad,2025-11-16,9
C16486,59,Female,Pune,2023-11-10,33
C16487,32,Male,Gurgaon,2024-08-12,24
C16488,20,Female,Chennai,2025-01-08,19
C16489,39,Male,Bangalore,2026-05-30,2
C16490,48,Male,Ahmedabad,2026-03-06,5
C16491,36,Male,Chennai,2024-10-19,22
C16492,25,Male,Noida,2023-11-14,33
C16493,44,Male,Mumbai,2025-12-28,7
C16494,41,Female,Pune,2024-06-24,26
C16495,24,Male,Delhi,2025-01-18,19
C16496,38,Female,Chennai,2024-01-29,31
C16497,44,Male,Mumbai,2024-11-21,21
C16498,46,Male,Pune,2024-02-24,30
C16499,34,Male,Delhi,2025-05-16,15
C16500,31,Female,Delhi,2024-05-09,27
C16501,47,Male,Gurgaon,2025-01-03,19
C16502,22,Male,Chennai,2024-03-28,29
C16503,39,Female,Chennai,2025-07-31,12
C16504,21,Male,Kolkata,2026-04-01,4
C16505,45,Male,Noida,2023-12-21,32
C16506,32,Female,Gurgaon,2024-07-30,25
C16507,47,Female,Mumbai,2025-08-19,12
C16508,39,Male,Ahmedabad,2026-07-26,0
C16509,22,Female,Ahmedabad,2023-11-19,33
C16510,49,Female,Bangalore,2026-01-18,7
C16511,50,Female,Noida,2024-06-01,27
C16512,43,Male,Kolkata,2024-03-07,29
C16513,27,Female,Hyderabad,2023-09-16,35
C16514,31,Male,Bangalore,2026-02-28,5
C16515,36,Female,Ahmedabad,2025-12-20,8
C16516,27,Male,Kolkata,2025-11-01,9
C16517,51,Female,Mumbai,2024-06-04,26
C16518,36,Male,Gurgaon,2024-05-23,27
C16519,18,Male,Gurgaon,2026-01-25,6
C16520,38,Female,Noida,2025-09-10,11
C16521,31,Male,Kolkata,2026-04-11,4
C16522,34,Male,Chennai,2024-08-07,24
C16523,31,Female,Gurgaon,2025-07-10,13
C16524,43,Female,Chennai,2024-09-27,23
C16525,46,Male,Delhi,2025-07-07,13
C16526,37,Male,Kolkata,2024-05-16,27
C16527,31,Female,Kolkata,2025-12-13,8
C16528,34,Female,Noida,2025-05-02,15
C16529,35,Male,Noida,2024-04-04,29
C16530,26,Female,Delhi,2023-11-03,34
C16531,40,Female,Ahmedabad,2025-01-28,19
C16532,39,Male,Chennai,2025-02-08,18
C16533,50,Male,Delhi,2024-05-24,27
C16534,47,Male,Hyderabad,2024-08-22,24
C16535,28,Female,Pune,2023-12-21,32
C16536,43,Male,Mumbai,2024-05-15,27
C16537,25,Male,Bangalore,2023-12-03,33
C16538,41,Female,Kolkata,2023-10-09,34
C16539,29,Male,Mumbai,2025-01-27,19
C16540,24,Female,Gurgaon,2025-10-24,10
C16541,37,Male,Bangalore,2024-02-02,31
C16542,18,Female,Chennai,2026-01-12,7
C16543,18,Male,Kolkata,2025-12-14,8
C16544,33,Male,Gurgaon,2025-03-26,17
C16545,35,Female,Hyderabad,2023-11-23,33
C16546,31,Female,Bangalore,2023-11-07,33
C16547,19,Female,Chennai,2025-05-06,15
C16548,26,Female,Kolkata,2025-11-19,9
C16549,38,Male,Chennai,2026-06-22,2
C16550,40,Male,Gurgaon,2026-01-30,6
C16551,34,Female,Ahmedabad,2026-05-05,3
C16552,46,Female,Noida,2026-04-04,4
C16553,38,Female,Ahmedabad,2023-11-05,34
C16554,27,Female,Kolkata,2026-06-28,1
C16555,32,Male,Hyderabad,2025-08-20,12
C16556,20,Male,Mumbai,2024-06-29,26
C16557,33,Male,Ahmedabad,2024-10-21,22
C16558,46,Female,Chennai,2025-10-13,10
C16559,41,Female,Noida,2024-12-09,20
C16560,49,Female,Noida,2026-02-05,6
C16561,31,Male,Noida,2026-03-18,5
C16562,48,Male,Noida,2023-09-22,35
C16563,33,Female,Hyderabad,2023-11-17,33
C16564,49,Female,Delhi,2024-01-10,31
C16565,34,Male,Hyderabad,2025-07-04,13
C16566,42,Female,Pune,2024-12-28,20
C16567,49,Male,Chennai,2023-11-06,34
C16568,33,Male,Kolkata,2023-11-21,33
C16569,37,Female,Delhi,2023-10-23,34
C16570,47,Female,Ahmedabad,2025-03-04,17
C16571,33,Female,Gurgaon,2024-09-17,23
C16572,21,Male,Gurgaon,2026-07-16,1
C16573,56,Male,Delhi,2026-06-18,2
C16574,30,Male,Gurgaon,2024-03-23,29
C16575,36,Male,Chennai,2025-12-21,8
C16576,46,Male,Hyderabad,2024-06-27,26
C16577,28,Male,Gurgaon,2024-02-12,30
C16578,24,Male,Mumbai,2024-11-15,21
C16579,37,Male,Chennai,2024-07-12,25
C16580,18,Female,Kolkata,2024-02-27,30
C16581,32,Female,Noida,2024-01-23,31
C16582,37,Female,Noida,2026-06-09,2
C16583,32,Male,Gurgaon,2026-06-15,2
C16584,19,Male,Bangalore,2025-08-24,12
C16585,50,Male,Pune,2024-12-09,20
C16586,36,Male,Hyderabad,2025-09-19,11
C16587,49,Male,Kolkata,2023-11-19,33
C16588,32,Male,Bangalore,2024-03-22,29
C16589,26,Female,Hyderabad,2025-11-19,9
C16590,37,Other,Pune,2024-11-20,21
C16591,32,Male,Chennai,2024-06-16,26
C16592,23,Female,Noida,2023-11-27,33
C16593,49,Male,Chennai,2026-01-09,7
C16594,28,Female,Hyderabad,2023-11-21,33
C16595,18,Female,Noida,2024-01-02,32
C16596,48,Female,Ahmedabad,2023-12-21,32
C16597,29,Male,Gurgaon,2025-10-05,10
C16598,28,Male,Delhi,2023-10-19,34
C16599,18,Male,Kolkata,2026-04-29,3
C16600,52,Male,Hyderabad,2024-06-11,26
C16601,22,Female,Hyderabad,2025-02-28,18
C16602,35,Female,Pune,2023-11-12,33
C16603,44,Female,Ahmedabad,2024-07-09,25
C16604,39,Female,Bangalore,2024-08-29,24
C16605,34,Female,Hyderabad,2025-01-16,19
C16606,18,Male,Delhi,2024-11-03,21
C16607,26,Male,Chennai,2026-04-18,4
C16608,36,Female,Hyderabad,2026-06-25,1
C16609,27,Male,Pune,2026-05-21,3
C16610,37,Male,Bangalore,2025-12-02,8
C16611,41,Male,Kolkata,2024-08-01,25
C16612,44,Female,Gurgaon,2024-09-06,23
C16613,22,Female,Noida,2026-06-27,1
C16614,56,Male,Noida,2024-09-22,23
C16615,42,Female,Pune,2024-07-03,26
C16616,34,Female,Chennai,2026-02-03,6
C16617,45,Female,Hyderabad,2024-03-28,29
C16618,58,Female,Hyderabad,2024-09-14,23
C16619,20,Female,Gurgaon,2024-08-20,24
C16620,32,Female,Ahmedabad,2024-04-30,28
C16621,18,Male,Kolkata,2024-09-01,24
C16622,36,Male,Ahmedabad,2026-04-28,3
C16623,38,Male,Bangalore,2025-04-08,16
C16624,34,Male,Pune,2025-04-01,16
C16625,28,Male,Delhi,2025-04-28,16
C16626,18,Male,Delhi,2024-11-20,21
C16627,38,Male,Noida,2026-03-01,5
C16628,49,Male,Gurgaon,2026-04-09,4
C16629,29,Male,Noida,2024-12-05,20
C16630,39,Female,Chennai,2025-12-30,7
C16631,19,Female,Ahmedabad,2024-09-29,23
C16632,39,Female,Kolkata,2025-09-08,11
C16633,31,Male,Noida,2026-07-12,1
C16634,27,Male,Delhi,2024-10-23,22
C16635,27,Male,Chennai,2026-06-06,2
C16636,31,Male,Kolkata,2024-01-21,31
C16637,38,Female,Mumbai,2024-04-08,28
C16638,21,Male,Ahmedabad,2023-10-02,35
C16639,31,Female,Noida,2024-04-11,28
C16640,34,Female,Delhi,2025-02-21,18
C16641,24,Male,Bangalore,2026-07-11,1
C16642,52,Male,Noida,2024-01-03,32
C16643,26,Male,Delhi,2026-07-07,1
C16644,28,Male,Gurgaon,2024-11-11,21
C16645,25,Female,Ahmedabad,2024-07-09,25
C16646,52,Other,Hyderabad,2024-06-13,26
C16647,40,Female,Hyderabad,2024-10-30,22
C16648,25,Female,Gurgaon,2026-02-02,6
C16649,46,Male,Ahmedabad,2023-11-25,33
C16650,37,Male,Ahmedabad,2026-01-29,6
C16651,37,Male,Ahmedabad,2025-06-26,14
C16652,31,Male,Ahmedabad,2024-10-02,22
C16653,27,Male,Delhi,2023-11-08,33
C16654,38,Female,Pune,2023-10-27,34
C16655,29,Male,Pune,2024-09-25,23
C16656,53,Female,Bangalore,2025-09-14,11
C16657,22,Female,Bangalore,2024-12-16,20
C16658,50,Male,Gurgaon,2024-08-07,24
C16659,33,Female,Bangalore,2024-03-12,29
C16660,37,Male,Bangalore,2025-07-04,13
C16661,43,Male,Bangalore,2023-11-08,33
C16662,28,Female,Chennai,2026-03-20,5
C16663,43,Male,Noida,2025-06-09,14
C16664,18,Female,Delhi,2025-01-10,19
C16665,27,Female,Kolkata,2025-02-24,18
C16666,25,Female,Ahmedabad,2026-05-16,3
C16667,22,Other,Delhi,2024-12-21,20
C16668,32,Male,Noida,2024-05-20,27
C16669,38,Male,Kolkata,2025-05-16,15
C16670,42,Male,Hyderabad,2026-02-14,6
C16671,37,Male,Hyderabad,2026-02-08,6
C16672,28,Male,Ahmedabad,2024-10-01,23
C16673,38,Female,Chennai,2025-02-08,18
C16674,36,Male,Kolkata,2026-04-06,4
C16675,44,Female,Chennai,2023-08-30,36
C16676,42,Female,Delhi,2023-12-22,32
C16677,35,Male,Ahmedabad,2024-03-30,29
C16678,26,Male,Gurgaon,2025-06-18,14
C16679,28,Male,Gurgaon,2024-09-09,23
C16680,29,Male,Noida,2026-03-17,5
C16681,31,Female,Noida,2024-12-11,20
C16682,37,Male,Bangalore,2023-10-23,34
C16683,42,Female,Noida,2024-12-15,20
C16684,34,Male,Pune,2024-03-18,29
C16685,35,Female,Hyderabad,2024-11-18,21
C16686,36,Female,Chennai,2025-07-08,13
C16687,29,Male,Bangalore,2024-04-25,28
C16688,25,Male,Gurgaon,2024-05-20,27
C16689,18,Female,Pune,2025-03-25,17
C16690,28,Female,Delhi,2023-10-01,35
C16691,39,Male,Kolkata,2024-02-05,30
C16692,27,Male,Chennai,2025-08-17,12
C16693,32,Male,Mumbai,2026-07-14,1
C16694,39,Male,Chennai,2023-09-29,35
C16695,40,Male,Noida,2025-08-04,12
C16696,24,Male,Pune,2023-11-03,34
C16697,44,Female,Hyderabad,2025-06-11,14
C16698,46,Male,Pune,2024-01-07,31
C16699,23,Male,Delhi,2025-02-19,18
C16700,26,Male,Hyderabad,2023-08-26,36
C16701,46,Female,Chennai,2024-03-16,29
C16702,33,Male,Pune,2026-04-21,4
C16703,18,Female,Bangalore,2023-09-17,35
C16704,21,Male,Hyderabad,2025-07-07,13
C16705,32,Male,Chennai,2024-08-05,24
C16706,23,Male,Ahmedabad,2024-01-17,31
C16707,30,Female,Ahmedabad,2025-10-23,10
C16708,35,Female,Noida,2025-04-16,16
C16709,49,Female,Chennai,2025-10-17,10
C16710,32,Female,Bangalore,2024-12-15,20
C16711,45,Female,Delhi,2024-03-13,29
C16712,49,Male,Chennai,2024-05-03,28
C16713,49,Female,Kolkata,2024-11-07,21
C16714,37,Female,Delhi,2026-04-12,4
C16715,18,Male,Pune,2025-07-01,13
C16716,39,Female,Kolkata,2024-04-29,28
C16717,45,Female,Ahmedabad,2025-02-21,18
C16718,34,Male,Chennai,2025-01-11,19
C16719,52,Male,Mumbai,2025-09-27,10
C16720,43,Male,Gurgaon,2025-03-14,17
C16721,40,Male,Hyderabad,2025-04-25,16
C16722,45,Male,Chennai,2024-05-12,27
C16723,38,Male,Chennai,2025-04-20,16
C16724,18,Male,Bangalore,2026-01-01,7
C16725,30,Male,Kolkata,2025-10-18,10
C16726,46,Female,Chennai,2025-07-24,13
C16727,26,Male,Gurgaon,2026-06-26,1
C16728,32,Male,Ahmedabad,2025-04-06,16
C16729,24,Male,Gurgaon,2024-11-24,21
C16730,52,Female,Gurgaon,2024-01-14,31
C16731,51,Male,Pune,2023-12-01,33
C16732,26,Male,Mumbai,2024-03-11,29
C16733,36,Male,Noida,2024-04-09,28
C16734,28,Other,Hyderabad,2026-06-07,2
C16735,41,Female,Kolkata,2025-07-04,13
C16736,40,Male,Delhi,2025-09-29,10
C16737,43,Male,Hyderabad,2025-02-09,18
C16738,38,Male,Hyderabad,2025-11-15,9
C16739,64,Male,Kolkata,2026-06-23,2
C16740,24,Female,Delhi,2025-03-10,17
C16741,18,Male,Pune,2025-01-30,18
C16742,31,Female,Bangalore,2025-08-26,12
C16743,19,Male,Hyderabad,2026-05-27,2
C16744,20,Female,Noida,2023-11-30,33
C16745,24,Male,Ahmedabad,2026-07-12,1
C16746,25,Male,Bangalore,2026-04-30,3
C16747,25,Female,Noida,2026-03-03,5
C16748,40,Male,Noida,2024-11-17,21
C16749,29,Female,Delhi,2024-12-19,20
C16750,33,Female,Mumbai,2026-04-13,4
C16751,43,Male,Gurgaon,2024-05-10,27
C16752,27,Female,Chennai,2024-08-07,24
C16753,32,Male,Mumbai,2026-02-18,6
C16754,38,Male,Chennai,2024-05-31,27
C16755,18,Female,Pune,2025-11-07,9
C16756,18,Female,Ahmedabad,2025-04-25,16
C16757,38,Male,Chennai,2026-01-04,7
C16758,39,Female,Noida,2023-11-01,34
C16759,55,Female,Noida,2025-12-17,8
C16760,36,Male,Bangalore,2023-09-18,35
C16761,43,Female,Bangalore,2023-09-11,35
C16762,33,Female,Chennai,2025-03-24,17
C16763,37,Female,Pune,2023-11-09,33
C16764,51,Male,Pune,2026-02-18,6
C16765,18,Female,Pune,2025-04-21,16
C16766,39,Male,Noida,2025-12-14,8
C16767,56,Female,Gurgaon,2024-11-18,21
C16768,37,Female,Hyderabad,2024-10-16,22
C16769,51,Male,Hyderabad,2024-06-14,26
C16770,28,Male,Chennai,2025-04-25,16
C16771,34,Female,Mumbai,2024-04-07,28
C16772,35,Female,Hyderabad,2025-06-01,14
C16773,18,Male,Noida,2025-10-30,9
C16774,23,Male,Bangalore,2026-01-15,7
C16775,24,Female,Mumbai,2025-08-28,11
C16776,43,Male,Kolkata,2025-06-09,14
C16777,43,Male,Delhi,2025-02-05,18
C16778,38,Female,Kolkata,2024-03-04,30
C16779,43,Male,Pune,2024-05-07,27
C16780,33,Male,Noida,2025-03-19,17
C16781,47,Male,Noida,2026-04-29,3
C16782,35,Female,Gurgaon,2023-11-21,33
C16783,35,Male,Delhi,2023-08-25,36
C16784,32,Female,Pune,2024-07-15,25
C16785,41,Female,Chennai,2026-01-02,7
C16786,30,Male,Noida,2024-11-11,21
C16787,44,Female,Ahmedabad,2024-04-06,28
C16788,23,Male,Noida,2023-12-23,32
C16789,24,Female,Noida,2025-04-04,16
C16790,41,Male,Hyderabad,2025-01-30,18
C16791,34,Female,Mumbai,2025-10-29,9
C16792,30,Male,Pune,2024-08-08,24
C16793,43,Male,Bangalore,2023-12-22,32
C16794,28,Female,Hyderabad,2024-07-29,25
C16795,32,Male,Pune,2024-11-28,21
C16796,48,Female,Ahmedabad,2026-07-09,1
C16797,50,Male,Delhi,2026-06-11,2
C16798,50,Male,Ahmedabad,2026-05-02,3
C16799,32,Female,Ahmedabad,2025-04-18,16
C16800,47,Male,Mumbai,2025-03-21,17
C16801,25,Female,Pune,2024-06-25,26
C16802,25,Male,Hyderabad,2024-11-26,21
C16803,18,Male,Delhi,2024-08-08,24
C16804,51,Female,Chennai,2025-12-15,8
C16805,26,Male,Bangalore,2025-04-24,16
C16806,33,Male,Delhi,2024-02-27,30
C16807,25,Female,Chennai,2024-06-17,26
C16808,41,Male,Chennai,2026-08-05,0
C16809,31,Male,Ahmedabad,2024-06-08,26
C16810,21,Female,Bangalore,2025-03-16,17
C16811,39,Female,Hyderabad,2024-12-13,20
C16812,20,Male,Gurgaon,2026-02-18,6
C16813,26,Female,Gurgaon,2025-04-26,16
C16814,18,Female,Noida,2024-12-20,20
C16815,20,Male,Chennai,2025-06-17,14
C16816,36,Male,Hyderabad,2025-09-27,10
C16817,18,Other,Noida,2024-03-06,29
C16818,20,Male,Bangalore,2024-11-10,21
C16819,34,Female,Gurgaon,2024-05-11,27
C16820,29,Female,Noida,2026-06-13,2
C16821,54,Female,Gurgaon,2025-02-06,18
C16822,53,Female,Chennai,2026-03-10,5
C16823,26,Male,Noida,2023-11-19,33
C16824,40,Male,Gurgaon,2023-12-31,32
C16825,42,Female,Noida,2024-04-28,28
C16826,29,Male,Chennai,2024-10-09,22
C16827,20,Female,Gurgaon,2024-04-08,28
C16828,34,Male,Bangalore,2026-01-28,6
C16829,33,Female,Hyderabad,2025-09-27,10
C16830,30,Female,Bangalore,2025-03-05,17
C16831,39,Male,Chennai,2023-10-20,34
C16832,27,Male,Delhi,2026-04-08,4
C16833,23,Female,Chennai,2024-08-31,24
C16834,36,Male,Bangalore,2024-04-12,28
C16835,38,Female,Noida,2024-10-21,22
C16836,23,Female,Hyderabad,2024-02-05,30
C16837,44,Male,Chennai,2026-06-26,1
C16838,18,Female,Noida,2026-05-07,3
C16839,29,Male,Hyderabad,2025-08-10,12
C16840,32,Male,Ahmedabad,2024-02-25,30
C16841,28,Male,Mumbai,2025-11-16,9
C16842,29,Female,Hyderabad,2026-08-15,0
C16843,53,Female,Hyderabad,2024-05-23,27
C16844,26,Male,Mumbai,2025-07-08,13
C16845,59,Male,Chennai,2024-12-04,20
C16846,39,Male,Noida,2024-11-17,21
C16847,35,Female,Ahmedabad,2026-03-06,5
C16848,39,Male,Gurgaon,2026-01-07,7
C16849,60,Female,Pune,2025-10-02,10
C16850,25,Male,Hyderabad,2025-03-28,17
C16851,23,Female,Delhi,2023-09-29,35
C16852,27,Female,Kolkata,2025-11-28,8
C16853,35,Female,Noida,2024-05-03,28
C16854,18,Male,Delhi,2024-11-05,21
C16855,35,Male,Gurgaon,2024-02-09,30
C16856,51,Female,Hyderabad,2023-12-16,32
C16857,36,Female,Ahmedabad,2025-11-21,9
C16858,32,Male,Delhi,2025-03-06,17
C16859,28,Female,Bangalore,2025-08-31,11
C16860,43,Male,Chennai,2024-10-20,22
C16861,26,Male,Kolkata,2025-01-21,19
C16862,53,Male,Kolkata,2025-07-11,13
C16863,54,Female,Pune,2026-03-02,5
C16864,37,Female,Delhi,2024-04-25,28
C16865,34,Male,Delhi,2024-07-30,25
C16866,45,Male,Kolkata,2025-08-14,12
C16867,45,Female,Pune,2024-06-07,26
C16868,26,Male,Noida,2024-07-10,25
C16869,29,Female,Delhi,2025-05-19,15
C16870,21,Female,Mumbai,2026-07-10,1
C16871,39,Male,Gurgaon,2026-07-05,1
C16872,41,Male,Ahmedabad,2025-05-10,15
C16873,21,Female,Chennai,2026-02-20,6
C16874,30,Male,Gurgaon,2024-01-17,31
C16875,21,Male,Kolkata,2025-07-11,13
C16876,26,Male,Chennai,2025-03-03,17
C16877,40,Male,Pune,2025-09-10,11
C16878,27,Female,Chennai,2026-05-12,3
C16879,31,Female,Kolkata,2024-05-22,27
C16880,18,Female,Bangalore,2024-03-26,29
C16881,36,Male,Bangalore,2025-03-07,17
C16882,34,Male,Mumbai,2025-10-20,10
C16883,27,Female,Gurgaon,2026-02-20,6
C16884,33,Female,Gurgaon,2024-07-29,25
C16885,36,Female,Gurgaon,2025-09-07,11
C16886,26,Male,Mumbai,2025-12-24,8
C16887,20,Female,Chennai,2026-07-24,0
C16888,53,Male,Ahmedabad,2023-09-10,35
C16889,28,Female,Bangalore,2024-03-13,29
C16890,34,Female,Ahmedabad,2024-02-04,31
C16891,45,Female,Delhi,2023-11-13,33
C16892,70,Female,Mumbai,2025-12-22,8
C16893,22,Female,Pune,2025-05-19,15
C16894,39,Male,Noida,2025-07-01,13
C16895,27,Male,Gurgaon,2025-07-27,13
C16896,29,Female,Hyderabad,2025-02-22,18
C16897,27,Male,Bangalore,2025-01-09,19
C16898,23,Male,Noida,2023-11-13,33
C16899,34,Male,Mumbai,2024-06-30,26
C16900,20,Male,Kolkata,2025-11-28,8
C16901,44,Other,Bangalore,2024-03-21,29
C16902,35,Male,Kolkata,2025-06-24,14
C16903,39,Female,Bangalore,2025-06-06,14
C16904,30,Female,Gurgaon,2025-01-19,19
C16905,31,Male,Kolkata,2025-07-30,12
C16906,37,Female,Ahmedabad,2024-04-17,28
C16907,23,Male,Gurgaon,2025-08-17,12
C16908,31,Female,Noida,2024-05-07,27
C16909,26,Male,Noida,2025-10-27,9
C16910,26,Male,Hyderabad,2026-06-24,1
C16911,18,Male,Delhi,2025-01-04,19
C16912,48,Male,Noida,2025-03-03,17
C16913,28,Female,Noida,2025-04-26,16
C16914,46,Male,Chennai,2024-02-10,30
C16915,45,Female,Noida,2025-03-31,16
C16916,22,Male,Kolkata,2024-07-25,25
C16917,24,Female,Noida,2024-01-26,31
C16918,60,Female,Noida,2026-02-27,5
C16919,52,Male,Chennai,2026-07-31,0
C16920,34,Male,Hyderabad,2024-01-04,32
C16921,37,Female,Mumbai,2025-11-22,9
C16922,28,Male,Chennai,2024-10-28,22
C16923,39,Male,Delhi,2024-05-29,27
C16924,27,Female,Hyderabad,2025-06-13,14
C16925,18,Other,Hyderabad,2024-06-27,26
C16926,21,Female,Chennai,2024-04-07,28
C16927,35,Female,Mumbai,2025-03-15,17
C16928,23,Female,Gurgaon,2026-03-25,5
C16929,34,Other,Mumbai,2026-02-07,6
C16930,24,Female,Gurgaon,2026-04-23,4
C16931,27,Male,Bangalore,2026-05-07,3
C16932,43,Female,Mumbai,2024-10-09,22
C16933,37,Male,Mumbai,2025-04-28,16
C16934,34,Male,Bangalore,2023-12-31,32
C16935,43,Female,Ahmedabad,2024-08-26,24
C16936,39,Male,Gurgaon,2026-05-20,3
C16937,49,Male,Chennai,2026-08-11,0
C16938,30,Male,Gurgaon,2025-03-20,17
C16939,30,Female,Chennai,2023-10-23,34
C16940,21,Other,Gurgaon,2024-07-02,26
C16941,30,Male,Bangalore,2024-12-10,20
C16942,44,Male,Kolkata,2024-06-04,26
C16943,47,Male,Bangalore,2024-07-23,25
C16944,44,Female,Kolkata,2025-11-24,9
C16945,18,Female,Mumbai,2026-05-29,2
C16946,45,Male,Bangalore,2025-08-19,12
C16947,18,Male,Gurgaon,2025-03-06,17
C16948,43,Female,Bangalore,2025-09-08,11
C16949,31,Female,Hyderabad,2023-10-25,34
C16950,42,Male,Noida,2023-11-16,33
C16951,21,Male,Ahmedabad,2024-09-26,23
C16952,46,Male,Kolkata,2024-01-06,31
C16953,20,Other,Gurgaon,2025-11-24,9
C16954,28,Female,Mumbai,2026-02-19,6
C16955,25,Female,Ahmedabad,2024-11-10,21
C16956,18,Female,Delhi,2023-08-31,36
C16957,35,Female,Gurgaon,2024-03-18,29
C16958,53,Female,Pune,2025-11-04,9
C16959,61,Male,Mumbai,2025-03-06,17
C16960,35,Male,Bangalore,2025-12-25,8
C16961,46,Female,Gurgaon,2024-11-18,21
C16962,37,Female,Bangalore,2026-05-23,3
C16963,39,Male,Kolkata,2025-12-03,8
C16964,31,Male,Mumbai,2023-11-03,34
C16965,36,Male,Noida,2025-01-23,19
C16966,40,Male,Hyderabad,2024-08-13,24
C16967,29,Male,Delhi,2024-03-24,29
C16968,34,Male,Kolkata,2025-01-19,19
C16969,34,Female,Ahmedabad,2025-02-28,18
C16970,43,Female,Hyderabad,2025-02-27,18
C16971,24,Female,Gurgaon,2023-09-28,35
C16972,34,Female,Hyderabad,2024-11-18,21
C16973,54,Male,Mumbai,2024-03-12,29
C16974,46,Male,Delhi,2025-09-18,11
C16975,48,Male,Hyderabad,2024-11-13,21
C16976,35,Female,Kolkata,2023-11-19,33
C16977,38,Male,Pune,2025-10-16,10
C16978,45,Female,Kolkata,2024-03-03,30
C16979,50,Male,Bangalore,2026-05-05,3
C16980,18,Female,Hyderabad,2025-07-31,12
C16981,21,Male,Delhi,2025-10-21,10
C16982,48,Female,Bangalore,2026-05-02,3
C16983,32,Male,Gurgaon,2025-05-08,15
C16984,28,Male,Pune,2025-08-11,12
C16985,22,Female,Bangalore,2026-06-09,2
C16986,29,Other,Kolkata,2024-01-01,32
C16987,20,Male,Pune,2025-03-07,17
C16988,55,Female,Chennai,2025-09-21,11
C16989,34,Female,Pune,2024-01-08,31
C16990,34,Female,Kolkata,2024-03-11,29
C16991,40,Male,Delhi,2025-12-27,7
C16992,44,Male,Bangalore,2023-11-12,33
C16993,44,Male,Bangalore,2026-05-30,2
C16994,45,Female,Ahmedabad,2024-02-29,30
C16995,28,Female,Ahmedabad,2024-08-21,24
C16996,32,Female,Bangalore,2023-12-02,33
C16997,42,Male,Hyderabad,2024-01-27,31
C16998,29,Male,Noida,2023-11-16,33
C16999,34,Other,Hyderabad,2026-01-03,7
C17000,38,Male,Pune,2025-10-22,10
C17001,42,Female,Delhi,2025-12-11,8
C17002,18,Male,Mumbai,2024-09-05,23
C17003,42,Male,Delhi,2026-02-11,6
C17004,32,Female,Hyderabad,2025-06-30,13
C17005,42,Male,Bangalore,2025-01-17,19
C17006,42,Male,Pune,2025-08-17,12
C17007,51,Female,Hyderabad,2025-09-11,11
C17008,48,Female,Pune,2023-10-15,34
C17009,48,Female,Bangalore,2025-02-09,18
C17010,49,Female,Mumbai,2025-06-13,14
C17011,37,Male,Mumbai,2026-08-13,0
C17012,35,Male,Mumbai,2023-09-09,35
C17013,43,Male,Ahmedabad,2025-08-17,12
C17014,42,Male,Gurgaon,2024-04-21,28
C17015,31,Male,Gurgaon,2026-03-17,5
C17016,39,Female,Bangalore,2025-04-04,16
C17017,34,Male,Kolkata,2023-11-05,34
C17018,26,Female,Gurgaon,2026-02-09,6
C17019,47,Male,Kolkata,2024-10-17,22
C17020,35,Male,Bangalore,2026-06-29,1
C17021,55,Male,Mumbai,2025-01-16,19
C17022,18,Female,Kolkata,2025-12-15,8
C17023,29,Male,Hyderabad,2024-06-05,26
C17024,35,Female,Mumbai,2024-07-17,25
C17025,46,Female,Chennai,2026-01-16,7
C17026,38,Male,Ahmedabad,2024-10-28,22
C17027,38,Male,Chennai,2025-10-11,10
C17028,23,Female,Gurgaon,2026-06-23,2
C17029,23,Male,Kolkata,2026-03-08,5
C17030,38,Male,Bangalore,2024-01-22,31
C17031,21,Female,Noida,2023-12-13,32
C17032,29,Female,Pune,2024-02-04,31
C17033,40,Male,Bangalore,2025-02-16,18
C17034,25,Male,Noida,2026-08-10,0
C17035,51,Male,Mumbai,2024-10-16,22
C17036,47,Male,Mumbai,2026-05-24,3
C17037,19,Male,Bangalore,2024-02-06,30
C17038,25,Male,Noida,2024-10-25,22
C17039,18,Male,Ahmedabad,2025-11-30,8
C17040,27,Female,Bangalore,2025-06-15,14
C17041,42,Female,Pune,2026-05-14,3
C17042,30,Female,Noida,2025-01-19,19
C17043,39,Female,Ahmedabad,2024-10-29,22
C17044,19,Male,Hyderabad,2026-04-30,3
C17045,42,Male,Hyderabad,2026-03-30,4
C17046,29,Female,Delhi,2024-07-01,26
C17047,35,Male,Mumbai,2026-02-13,6
C17048,34,Male,Noida,2024-05-27,27
C17049,22,Male,Kolkata,2025-03-17,17
C17050,23,Male,Mumbai,2025-08-22,12
C17051,44,Male,Pune,2025-04-17,16
C17052,38,Male,Pune,2024-05-27,27
C17053,45,Male,Hyderabad,2026-02-20,6
C17054,38,Female,Gurgaon,2026-07-10,1
C17055,36,Male,Noida,2025-06-21,14
C17056,18,Female,Pune,2025-09-22,11
C17057,32,Female,Gurgaon,2024-06-17,26
C17058,34,Female,Noida,2024-05-19,27
C17059,54,Male,Mumbai,2025-01-15,19
C17060,41,Female,Mumbai,2025-10-10,10
C17061,50,Male,Bangalore,2025-12-18,8
C17062,40,Male,Ahmedabad,2024-12-18,20
C17063,27,Female,Gurgaon,2023-11-20,33
C17064,36,Male,Ahmedabad,2024-03-19,29
C17065,37,Male,Noida,2024-11-24,21
C17066,25,Male,Pune,2025-11-26,8
C17067,31,Male,Mumbai,2024-08-16,24
C17068,32,Male,Bangalore,2026-02-06,6
C17069,51,Female,Kolkata,2024-07-30,25
C17070,18,Male,Hyderabad,2023-10-07,35
C17071,47,Male,Pune,2025-07-08,13
C17072,25,Female,Gurgaon,2023-11-23,33
C17073,21,Female,Gurgaon,2024-02-21,30
C17074,46,Female,Kolkata,2024-06-18,26
C17075,42,Female,Hyderabad,2023-12-20,32
C17076,47,Female,Pune,2025-02-18,18
C17077,43,Female,Pune,2024-04-07,28
C17078,55,Male,Hyderabad,2026-02-18,6
C17079,40,Female,Bangalore,2024-04-08,28
C17080,33,Female,Chennai,2024-07-28,25
C17081,38,Female,Delhi,2025-08-05,12
C17082,47,Female,Pune,2024-03-15,29
C17083,27,Male,Hyderabad,2024-04-01,29
C17084,28,Male,Mumbai,2026-02-12,6
C17085,31,Female,Mumbai,2026-05-31,2
C17086,18,Male,Noida,2023-10-05,35
C17087,36,Female,Mumbai,2024-09-21,23
C17088,18,Male,Bangalore,2024-01-15,31
C17089,35,Female,Delhi,2025-05-19,15
C17090,43,Female,Noida,2025-10-08,10
C17091,30,Male,Delhi,2023-11-11,33
C17092,51,Male,Gurgaon,2023-09-07,36
C17093,20,Male,Chennai,2023-09-12,35
C17094,46,Female,Mumbai,2026-03-03,5
C17095,41,Female,Kolkata,2025-01-03,19
C17096,18,Male,Kolkata,2024-01-06,31
C17097,62,Male,Bangalore,2024-03-09,29
C17098,34,Female,Gurgaon,2026-03-12,5
C17099,26,Female,Chennai,2023-12-17,32
C17100,20,Male,Pune,2024-12-14,20
C17101,32,Male,Pune,2025-10-21,10
C17102,33,Female,Mumbai,2025-12-03,8
C17103,36,Female,Hyderabad,2024-12-14,20
C17104,32,Female,Gurgaon,2025-03-30,17
C17105,41,Male,Pune,2023-09-15,35
C17106,31,Female,Pune,2024-03-29,29
C17107,18,Male,Mumbai,2024-12-24,20
C17108,33,Female,Kolkata,2026-05-16,3
C17109,18,Male,Delhi,2026-03-18,5
C17110,38,Male,Mumbai,2026-05-21,3
C17111,25,Male,Chennai,2023-10-05,35
C17112,36,Female,Chennai,2026-01-13,7
C17113,48,Male,Mumbai,2023-10-11,34
C17114,25,Male,Delhi,2024-04-03,29
C17115,45,Female,Ahmedabad,2024-04-28,28
C17116,30,Male,Delhi,2026-02-09,6
C17117,52,Male,Delhi,2024-01-13,31
C17118,31,Male,Hyderabad,2025-03-21,17
C17119,26,Female,Ahmedabad,2024-08-24,24
C17120,41,Female,Chennai,2025-03-18,17
C17121,30,Female,Mumbai,2026-03-07,5
C17122,26,Female,Hyderabad,2023-10-25,34
C17123,30,Male,Gurgaon,2026-07-19,1
C17124,34,Female,Noida,2025-12-31,7
C17125,48,Male,Kolkata,2024-01-17,31
C17126,18,Male,Kolkata,2025-08-19,12
C17127,35,Male,Mumbai,2025-08-13,12
C17128,41,Male,Pune,2024-06-08,26
C17129,36,Male,Mumbai,2026-05-21,3
C17130,48,Male,Bangalore,2026-03-04,5
C17131,34,Female,Kolkata,2024-04-21,28
C17132,33,Male,Pune,2024-12-20,20
C17133,40,Female,Gurgaon,2024-11-17,21
C17134,35,Male,Pune,2024-02-02,31
C17135,31,Male,Kolkata,2024-02-12,30
C17136,40,Male,Ahmedabad,2025-02-25,18
C17137,28,Male,Chennai,2024-09-21,23
C17138,28,Male,Hyderabad,2025-08-03,12
C17139,29,Female,Mumbai,2025-06-15,14
C17140,48,Female,Ahmedabad,2025-08-07,12
C17141,18,Male,Pune,2026-03-14,5
C17142,38,Male,Ahmedabad,2025-03-08,17
C17143,35,Female,Noida,2026-01-16,7
C17144,18,Male,Noida,2024-03-16,29
C17145,38,Male,Noida,2023-08-23,36
C17146,39,Male,Bangalore,2026-07-16,1
C17147,40,Female,Noida,2026-08-10,0
C17148,18,Female,Noida,2024-06-04,26
C17149,48,Female,Pune,2025-12-26,7
C17150,27,Male,Hyderabad,2026-07-25,0
C17151,41,Male,Chennai,2025-09-04,11
C17152,42,Male,Ahmedabad,2023-12-18,32
C17153,26,Female,Ahmedabad,2024-01-22,31
C17154,41,Female,Ahmedabad,2024-05-14,27
C17155,31,Male,Hyderabad,2023-11-29,33
C17156,18,Male,Pune,2024-12-09,20
C17157,46,Male,Delhi,2024-08-13,24
C17158,27,Male,Gurgaon,2024-06-04,26
C17159,26,Male,Kolkata,2024-12-10,20
C17160,30,Female,Kolkata,2026-02-23,6
C17161,37,Female,Hyderabad,2025-12-08,8
C17162,34,Male,Bangalore,2025-11-18,9
C17163,40,Male,Kolkata,2026-07-24,0
C17164,21,Male,Chennai,2025-07-27,13
C17165,27,Male,Noida,2026-01-04,7
C17166,33,Male,Bangalore,2026-07-20,1
C17167,53,Female,Hyderabad,2025-08-01,12
C17168,33,Male,Delhi,2026-06-28,1
C17169,45,Other,Kolkata,2025-06-19,14
C17170,35,Female,Mumbai,2023-12-10,32
C17171,30,Female,Pune,2025-10-28,9
C17172,32,Male,Hyderabad,2025-04-13,16
C17173,33,Female,Gurgaon,2024-03-12,29
C17174,41,Male,Noida,2025-07-27,13
C17175,48,Male,Bangalore,2026-02-26,5
C17176,38,Male,Mumbai,2024-12-13,20
C17177,46,Female,Bangalore,2024-01-15,31
C17178,25,Male,Pune,2025-10-22,10
C17179,30,Male,Delhi,2023-12-25,32
C17180,27,Male,Ahmedabad,2024-04-09,28
C17181,38,Male,Gurgaon,2026-07-08,1
C17182,31,Male,Delhi,2025-12-26,7
C17183,42,Male,Noida,2025-09-15,11
C17184,25,Female,Bangalore,2025-10-13,10
C17185,35,Male,Mumbai,2024-02-22,30
C17186,41,Female,Pune,2023-12-02,33
C17187,18,Female,Delhi,2023-12-30,32
C17188,56,Male,Ahmedabad,2026-07-12,1
C17189,32,Female,Chennai,2024-02-13,30
C17190,18,Female,Noida,2025-04-12,16
C17191,36,Female,Delhi,2025-07-05,13
C17192,35,Female,Kolkata,2024-12-26,20
C17193,34,Female,Kolkata,2024-06-10,26
C17194,44,Male,Chennai,2026-05-09,3
C17195,42,Female,Ahmedabad,2024-10-07,22
C17196,37,Male,Gurgaon,2026-08-05,0
C17197,39,Female,Chennai,2026-01-23,7
C17198,33,Male,Mumbai,2024-03-20,29
C17199,52,Female,Hyderabad,2024-04-22,28
C17200,20,Male,Pune,2023-11-10,33
C17201,36,Female,Pune,2025-01-03,19
C17202,35,Female,Kolkata,2026-06-07,2
C17203,43,Female,Delhi,2023-11-27,33
C17204,26,Female,Kolkata,2024-05-25,27
C17205,18,Male,Gurgaon,2023-11-30,33
C17206,36,Female,Ahmedabad,2023-10-05,35
C17207,37,Female,Hyderabad,2023-11-26,33
C17208,49,Female,Hyderabad,2025-05-04,15
C17209,22,Female,Delhi,2026-04-19,4
C17210,46,Male,Kolkata,2023-09-05,36
C17211,58,Male,Gurgaon,2026-07-14,1
C17212,31,Male,Noida,2024-04-09,28
C17213,22,Female,Chennai,2024-11-13,21
C17214,30,Male,Gurgaon,2026-04-13,4
C17215,35,Female,Delhi,2025-02-19,18
C17216,40,Male,Noida,2024-04-19,28
C17217,29,Female,Ahmedabad,2023-12-26,32
C17218,50,Female,Hyderabad,2025-12-25,8
C17219,23,Male,Hyderabad,2023-11-12,33
C17220,18,Female,Delhi,2024-09-10,23
C17221,46,Female,Pune,2024-02-15,30
C17222,18,Male,Gurgaon,2024-03-11,29
C17223,32,Male,Delhi,2026-07-10,1
C17224,66,Male,Chennai,2025-09-25,11
C17225,34,Female,Gurgaon,2025-01-09,19
C17226,23,Male,Bangalore,2025-07-24,13
C17227,34,Male,Mumbai,2024-01-03,32
C17228,34,Male,Kolkata,2024-09-16,23
C17229,36,Male,Pune,2024-03-07,29
C17230,41,Female,Ahmedabad,2025-05-03,15
C17231,24,Female,Noida,2023-10-17,34
C17232,51,Male,Pune,2025-05-29,15
C17233,37,Female,Ahmedabad,2024-09-26,23
C17234,42,Female,Delhi,2024-01-05,32
C17235,28,Male,Ahmedabad,2025-11-26,8
C17236,47,Male,Pune,2024-12-29,20
C17237,32,Female,Pune,2024-06-13,26
C17238,37,Female,Kolkata,2024-04-20,28
C17239,25,Female,Hyderabad,2024-08-14,24
C17240,25,Male,Pune,2023-12-28,32
C17241,41,Female,Kolkata,2025-09-24,11
C17242,30,Female,Delhi,2025-06-23,14
C17243,26,Female,Pune,2025-01-20,19
C17244,28,Female,Bangalore,2026-02-26,5
C17245,41,Female,Pune,2023-12-07,32
C17246,28,Female,Bangalore,2025-11-30,8
C17247,33,Male,Gurgaon,2025-09-01,11
C17248,35,Female,Noida,2025-07-09,13
C17249,18,Male,Mumbai,2025-10-05,10
C17250,20,Female,Ahmedabad,2023-11-18,33
C17251,38,Male,Delhi,2026-01-27,6
C17252,27,Female,Gurgaon,2024-04-22,28
C17253,45,Male,Kolkata,2023-11-14,33
C17254,44,Female,Pune,2024-12-08,20
C17255,42,Male,Noida,2025-04-28,16
C17256,53,Male,Ahmedabad,2025-06-19,14
C17257,34,Female,Bangalore,2026-05-17,3
C17258,41,Female,Noida,2026-07-15,1
C17259,29,Male,Delhi,2024-08-17,24
C17260,59,Male,Mumbai,2025-03-05,17
C17261,54,Male,Noida,2024-08-20,24
C17262,35,Female,Noida,2025-10-01,10
C17263,38,Female,Ahmedabad,2025-08-29,11
C17264,48,Female,Pune,2023-10-25,34
C17265,33,Male,Ahmedabad,2026-06-17,2
C17266,28,Male,Gurgaon,2026-04-13,4
C17267,43,Female,Noida,2024-09-29,23
C17268,35,Male,Ahmedabad,2024-03-23,29
C17269,36,Female,Mumbai,2025-12-31,7
C17270,26,Male,Bangalore,2025-05-14,15
C17271,18,Female,Kolkata,2025-12-17,8
C17272,37,Female,Delhi,2025-05-20,15
C17273,44,Male,Mumbai,2023-11-29,33
C17274,32,Female,Pune,2025-03-11,17
C17275,49,Female,Chennai,2024-09-24,23
C17276,27,Male,Ahmedabad,2024-08-24,24
C17277,24,Male,Noida,2026-05-18,3
C17278,34,Female,Bangalore,2025-02-20,18
C17279,34,Male,Gurgaon,2025-10-16,10
C17280,42,Female,Ahmedabad,2023-10-01,35
C17281,27,Male,Delhi,2026-01-20,7
C17282,48,Male,Delhi,2026-05-10,3
C17283,54,Male,Delhi,2024-03-08,29
C17284,34,Male,Gurgaon,2024-01-28,31
C17285,47,Male,Noida,2026-01-06,7
C17286,24,Male,Kolkata,2026-01-17,7
C17287,45,Female,Gurgaon,2026-01-25,6
C17288,45,Female,Kolkata,2026-05-28,2
C17289,43,Female,Chennai,2023-10-18,34
C17290,34,Male,Hyderabad,2026-01-18,7
C17291,18,Female,Ahmedabad,2025-09-13,11
C17292,28,Male,Mumbai,2025-12-23,8
C17293,28,Male,Bangalore,2025-06-27,14
C17294,25,Male,Gurgaon,2024-08-11,24
C17295,36,Male,Chennai,2025-10-04,10
C17296,30,Female,Kolkata,2024-12-31,19
C17297,26,Male,Kolkata,2024-02-29,30
C17298,24,Female,Gurgaon,2023-10-20,34
C17299,27,Male,Noida,2023-11-05,34
C17300,46,Female,Kolkata,2026-01-30,6
C17301,28,Female,Pune,2025-10-10,10
C17302,29,Male,Bangalore,2024-08-07,24
C17303,30,Female,Mumbai,2024-10-05,22
C17304,38,Female,Noida,2025-11-12,9
C17305,39,Female,Delhi,2025-12-13,8
C17306,18,Female,Chennai,2025-07-04,13
C17307,45,Female,Chennai,2024-03-05,30
C17308,49,Male,Delhi,2024-04-22,28
C17309,24,Female,Chennai,2026-08-08,0
C17310,25,Male,Delhi,2025-04-06,16
C17311,30,Male,Mumbai,2023-12-25,32
C17312,27,Female,Noida,2024-09-21,23
C17313,37,Male,Kolkata,2025-01-11,19
C17314,18,Male,Noida,2023-10-22,34
C17315,23,Male,Noida,2025-09-05,11
C17316,50,Male,Gurgaon,2026-02-28,5
C17317,25,Male,Pune,2025-02-23,18
C17318,47,Other,Ahmedabad,2024-07-20,25
C17319,38,Male,Chennai,2024-04-24,28
C17320,18,Female,Hyderabad,2024-08-13,24
C17321,41,Male,Noida,2025-04-06,16
C17322,33,Female,Mumbai,2025-10-15,10
C17323,30,Other,Kolkata,2023-09-02,36
C17324,37,Male,Mumbai,2024-04-10,28
C17325,39,Female,Mumbai,2025-05-11,15
C17326,42,Other,Bangalore,2025-11-12,9
C17327,46,Female,Gurgaon,2024-03-26,29
C17328,39,Male,Hyderabad,2024-04-27,28
C17329,21,Female,Hyderabad,2024-05-05,27
C17330,30,Female,Mumbai,2024-01-25,31
C17331,64,Male,Hyderabad,2023-09-29,35
C17332,42,Male,Kolkata,2024-08-11,24
C17333,58,Male,Pune,2026-06-22,2
C17334,48,Male,Delhi,2024-02-27,30
C17335,37,Female,Kolkata,2025-10-27,9
C17336,38,Male,Hyderabad,2026-08-01,0
C17337,34,Male,Mumbai,2023-09-27,35
C17338,18,Female,Chennai,2026-04-01,4
C17339,35,Male,Kolkata,2026-03-01,5
C17340,47,Male,Mumbai,2024-09-28,23
C17341,29,Female,Delhi,2024-11-15,21
C17342,39,Male,Hyderabad,2024-05-21,27
C17343,43,Male,Hyderabad,2025-09-19,11
C17344,25,Male,Kolkata,2024-03-16,29
C17345,30,Female,Chennai,2026-04-18,4
C17346,24,Female,Kolkata,2024-06-07,26
C17347,26,Female,Ahmedabad,2026-06-07,2
C17348,22,Male,Ahmedabad,2025-10-16,10
C17349,25,Female,Pune,2026-04-25,3
C17350,49,Female,Mumbai,2023-09-22,35
C17351,25,Male,Pune,2024-12-24,20
C17352,36,Female,Mumbai,2024-04-15,28
C17353,29,Female,Noida,2024-05-20,27
C17354,46,Male,Pune,2024-12-06,20
C17355,48,Male,Delhi,2024-11-17,21
C17356,43,Male,Noida,2024-09-16,23
C17357,38,Male,Ahmedabad,2026-08-05,0
C17358,32,Female,Pune,2025-01-26,19
C17359,23,Female,Delhi,2023-09-06,36
C17360,54,Male,Noida,2025-10-25,10
C17361,27,Female,Noida,2024-05-16,27
C17362,41,Female,Ahmedabad,2024-02-20,30
C17363,45,Male,Ahmedabad,2025-06-27,14
C17364,29,Female,Noida,2024-02-28,30
C17365,45,Female,Hyderabad,2024-09-13,23
C17366,42,Male,Ahmedabad,2024-05-15,27
C17367,52,Male,Ahmedabad,2025-07-13,13
C17368,30,Male,Mumbai,2024-12-12,20
C17369,22,Male,Chennai,2026-03-02,5
C17370,29,Male,Mumbai,2026-06-07,2
C17371,37,Male,Gurgaon,2024-10-05,22
C17372,35,Male,Gurgaon,2024-06-14,26
C17373,31,Female,Ahmedabad,2025-12-06,8
C17374,18,Male,Chennai,2023-09-21,35
C17375,39,Male,Hyderabad,2025-01-17,19
C17376,54,Female,Ahmedabad,2025-06-10,14
C17377,39,Female,Chennai,2026-02-12,6
C17378,41,Male,Hyderabad,2023-10-09,34
C17379,40,Male,Delhi,2024-11-20,21
C17380,38,Female,Gurgaon,2023-09-19,35
C17381,44,Male,Bangalore,2024-09-23,23
C17382,38,Male,Chennai,2025-09-28,10
C17383,31,Male,Chennai,2026-07-05,1
C17384,27,Male,Gurgaon,2026-06-25,1
C17385,32,Male,Chennai,2025-03-10,17
C17386,38,Male,Gurgaon,2025-04-14,16
C17387,31,Female,Noida,2024-12-07,20
C17388,38,Female,Bangalore,2024-04-08,28
C17389,39,Female,Ahmedabad,2023-10-22,34
C17390,43,Male,Mumbai,2026-01-07,7
C17391,47,Male,Pune,2026-04-21,4
C17392,35,Female,Noida,2024-07-19,25
C17393,21,Female,Bangalore,2025-03-08,17
C17394,31,Male,Delhi,2023-10-17,34
C17395,35,Male,Noida,2024-08-26,24
C17396,18,Male,Pune,2025-12-11,8
C17397,48,Male,Mumbai,2026-05-16,3
C17398,36,Male,Hyderabad,2025-12-09,8
C17399,38,Female,Bangalore,2024-02-14,30
C17400,48,Male,Noida,2024-12-19,20
C17401,28,Other,Bangalore,2026-08-11,0
C17402,40,Female,Mumbai,2024-02-05,30
C17403,33,Male,Bangalore,2024-09-26,23
C17404,33,Female,Hyderabad,2025-04-25,16
C17405,27,Female,Bangalore,2023-08-25,36
C17406,51,Male,Noida,2025-04-30,15
C17407,31,Male,Noida,2024-09-03,23
C17408,41,Male,Noida,2024-12-17,20
C17409,18,Female,Mumbai,2025-01-16,19
C17410,46,Female,Chennai,2025-11-08,9
C17411,45,Male,Mumbai,2024-07-09,25
C17412,35,Male,Delhi,2023-09-22,35
C17413,32,Male,Pune,2025-04-01,16
C17414,39,Male,Kolkata,2026-01-18,7
C17415,57,Female,Bangalore,2024-10-19,22
C17416,18,Female,Chennai,2023-09-29,35
C17417,42,Female,Hyderabad,2025-07-23,13
C17418,25,Female,Delhi,2024-08-12,24
C17419,34,Female,Chennai,2024-02-03,31
C17420,32,Female,Bangalore,2026-02-02,6
C17421,30,Female,Gurgaon,2025-10-25,10
C17422,34,Male,Ahmedabad,2024-04-02,29
C17423,23,Other,Mumbai,2024-04-30,28
C17424,45,Male,Delhi,2026-03-07,5
C17425,18,Male,Pune,2026-02-14,6
C17426,40,Male,Hyderabad,2026-04-16,4
C17427,31,Male,Mumbai,2024-04-03,29
C17428,23,Female,Ahmedabad,2025-11-28,8
C17429,37,Male,Hyderabad,2023-12-20,32
C17430,19,Female,Hyderabad,2025-06-08,14
C17431,35,Male,Kolkata,2024-02-20,30
C17432,20,Male,Kolkata,2026-03-15,5
C17433,39,Male,Hyderabad,2024-07-26,25
C17434,25,Female,Chennai,2023-09-09,35
C17435,30,Female,Gurgaon,2024-05-19,27
C17436,37,Male,Pune,2023-09-24,35
C17437,27,Male,Hyderabad,2024-06-04,26
C17438,34,Female,Hyderabad,2025-02-27,18
C17439,19,Male,Bangalore,2023-11-04,34
C17440,41,Male,Noida,2024-04-06,28
C17441,52,Male,Gurgaon,2024-03-03,30
C17442,62,Male,Kolkata,2023-11-23,33
C17443,35,Male,Gurgaon,2024-04-20,28
C17444,42,Male,Hyderabad,2025-09-22,11
C17445,18,Female,Delhi,2025-10-30,9
C17446,50,Female,Mumbai,2023-10-21,34
C17447,42,Female,Hyderabad,2025-12-04,8
C17448,30,Female,Bangalore,2023-12-03,33
C17449,47,Female,Chennai,2024-01-27,31
C17450,32,Female,Delhi,2025-11-30,8
C17451,30,Female,Bangalore,2023-10-05,35
C17452,39,Male,Bangalore,2023-09-03,36
C17453,24,Male,Delhi,2025-12-23,8
C17454,45,Female,Gurgaon,2025-06-12,14
C17455,24,Female,Kolkata,2024-02-01,31
C17456,24,Other,Chennai,2023-12-26,32
C17457,25,Female,Chennai,2026-06-16,2
C17458,42,Male,Pune,2025-10-04,10
C17459,28,Male,Gurgaon,2024-07-26,25
C17460,21,Female,Ahmedabad,2025-12-21,8
C17461,28,Male,Hyderabad,2024-05-07,27
C17462,34,Male,Mumbai,2026-01-08,7
C17463,23,Female,Delhi,2025-12-17,8
C17464,23,Male,Chennai,2024-07-26,25
C17465,56,Female,Gurgaon,2025-01-05,19
C17466,26,Female,Chennai,2026-05-31,2
C17467,31,Male,Hyderabad,2023-09-16,35
C17468,31,Male,Noida,2025-10-12,10
C17469,30,Male,Ahmedabad,2025-12-23,8
C17470,41,Female,Hyderabad,2024-07-22,25
C17471,44,Male,Bangalore,2024-12-05,20
C17472,31,Male,Chennai,2024-07-16,25
C17473,22,Female,Noida,2024-12-08,20
C17474,47,Male,Ahmedabad,2024-12-27,20
C17475,34,Male,Hyderabad,2023-11-30,33
C17476,52,Male,Chennai,2026-06-25,1
C17477,18,Male,Kolkata,2025-11-02,9
C17478,36,Other,Gurgaon,2025-11-03,9
C17479,54,Male,Pune,2024-04-10,28
C17480,31,Male,Gurgaon,2026-05-14,3
C17481,32,Female,Delhi,2024-12-05,20
C17482,37,Female,Hyderabad,2025-01-18,19
C17483,29,Male,Chennai,2025-06-06,14
C17484,31,Female,Mumbai,2025-08-12,12
C17485,31,Female,Hyderabad,2023-11-24,33
C17486,28,Male,Mumbai,2026-08-17,0
C17487,47,Female,Ahmedabad,2025-12-14,8
C17488,39,Female,Pune,2024-09-06,23
C17489,37,Male,Delhi,2026-04-05,4
C17490,43,Female,Bangalore,2026-05-22,3
C17491,32,Female,Gurgaon,2024-04-18,28
C17492,27,Female,Gurgaon,2023-12-10,32
C17493,28,Male,Mumbai,2024-11-25,21
C17494,35,Male,Kolkata,2024-02-07,30
C17495,24,Female,Hyderabad,2024-09-29,23
C17496,29,Male,Noida,2024-07-10,25
C17497,29,Female,Hyderabad,2023-12-22,32
C17498,56,Male,Bangalore,2025-11-23,9
C17499,18,Male,Mumbai,2025-11-11,9
C17500,33,Female,Noida,2023-10-23,34
C17501,52,Female,Bangalore,2024-01-21,31
C17502,36,Male,Hyderabad,2024-02-12,30
C17503,42,Male,Ahmedabad,2024-02-14,30
C17504,35,Female,Mumbai,2025-10-20,10
C17505,28,Female,Chennai,2024-10-24,22
C17506,18,Female,Delhi,2026-02-20,6
C17507,37,Male,Noida,2024-05-05,27
C17508,27,Male,Delhi,2024-06-19,26
C17509,26,Female,Noida,2025-05-02,15
C17510,30,Female,Delhi,2024-06-03,27
C17511,52,Male,Delhi,2024-09-26,23
C17512,59,Female,Kolkata,2026-05-20,3
C17513,37,Male,Delhi,2024-02-26,30
C17514,30,Male,Kolkata,2025-01-30,18
C17515,23,Female,Bangalore,2026-02-21,6
C17516,39,Male,Gurgaon,2025-09-16,11
C17517,52,Female,Mumbai,2026-07-02,1
C17518,32,Male,Hyderabad,2024-11-27,21
C17519,18,Male,Chennai,2025-12-11,8
C17520,41,Female,Ahmedabad,2026-02-28,5
C17521,44,Male,Bangalore,2025-07-23,13
C17522,19,Female,Noida,2026-05-05,3
C17523,36,Male,Bangalore,2023-09-18,35
C17524,39,Female,Chennai,2025-07-30,12
C17525,34,Male,Gurgaon,2023-12-21,32
C17526,27,Female,Pune,2023-10-27,34
C17527,45,Female,Noida,2026-07-14,1
C17528,30,Female,Bangalore,2025-12-18,8
C17529,20,Female,Bangalore,2023-08-28,36
C17530,18,Male,Noida,2025-08-18,12
C17531,47,Male,Noida,2026-07-14,1
C17532,41,Female,Gurgaon,2025-02-04,18
C17533,35,Female,Delhi,2025-06-26,14
C17534,30,Male,Delhi,2025-04-06,16
C17535,29,Male,Noida,2024-02-24,30
C17536,24,Female,Hyderabad,2026-03-01,5
C17537,30,Female,Pune,2023-08-25,36
C17538,18,Female,Ahmedabad,2024-11-03,21
C17539,27,Male,Bangalore,2024-05-21,27
C17540,31,Male,Bangalore,2026-05-21,3
C17541,41,Male,Mumbai,2023-11-19,33
C17542,34,Male,Chennai,2026-07-05,1
C17543,42,Female,Noida,2024-09-24,23
C17544,48,Female,Hyderabad,2024-03-09,29
C17545,45,Male,Ahmedabad,2025-08-17,12
C17546,39,Male,Delhi,2024-04-24,28
C17547,35,Male,Hyderabad,2026-07-03,1
C17548,25,Female,Kolkata,2023-09-05,36
C17549,42,Male,Kolkata,2024-11-10,21
C17550,51,Male,Ahmedabad,2024-06-30,26
C17551,38,Female,Bangalore,2025-03-13,17
C17552,54,Female,Delhi,2026-02-16,6
C17553,19,Female,Pune,2025-12-30,7
C17554,23,Male,Hyderabad,2026-01-30,6
C17555,43,Male,Ahmedabad,2025-09-11,11
C17556,37,Male,Noida,2025-01-14,19
C17557,48,Female,Mumbai,2025-10-31,9
C17558,34,Female,Delhi,2025-08-12,12
C17559,26,Female,Chennai,2025-03-16,17
C17560,32,Male,Mumbai,2026-02-19,6
C17561,19,Female,Mumbai,2025-10-10,10
C17562,23,Male,Bangalore,2024-12-01,20
C17563,44,Male,Gurgaon,2024-05-09,27
C17564,43,Male,Chennai,2025-09-09,11
C17565,38,Female,Delhi,2026-04-23,4
C17566,18,Male,Hyderabad,2024-10-24,22
C17567,31,Female,Chennai,2025-08-15,12
C17568,22,Female,Bangalore,2026-06-27,1
C17569,46,Male,Bangalore,2026-04-24,4
C17570,29,Female,Mumbai,2024-12-19,20
C17571,24,Male,Pune,2024-06-14,26
C17572,35,Male,Chennai,2026-01-31,6
C17573,28,Female,Bangalore,2024-11-04,21
C17574,49,Female,Chennai,2025-11-03,9
C17575,27,Male,Kolkata,2024-04-28,28
C17576,21,Female,Bangalore,2024-10-27,22
C17577,18,Female,Delhi,2025-03-11,17
C17578,34,Male,Bangalore,2024-07-13,25
C17579,29,Male,Hyderabad,2025-12-17,8
C17580,20,Female,Delhi,2026-05-07,3
C17581,46,Male,Noida,2025-07-03,13
C17582,41,Female,Bangalore,2025-04-18,16
C17583,34,Female,Bangalore,2025-04-24,16
C17584,48,Male,Chennai,2023-11-16,33
C17585,41,Other,Chennai,2023-10-15,34
C17586,26,Male,Hyderabad,2023-10-23,34
C17587,24,Female,Chennai,2024-06-24,26
C17588,43,Male,Pune,2025-12-29,7
C17589,38,Female,Kolkata,2025-02-16,18
C17590,36,Male,Ahmedabad,2026-04-19,4
C17591,26,Female,Mumbai,2024-11-08,21
C17592,41,Male,Pune,2024-01-13,31
C17593,27,Male,Noida,2024-05-10,27
C17594,33,Male,Gurgaon,2026-04-09,4
C17595,49,Female,Kolkata,2023-12-04,33
C17596,28,Male,Bangalore,2026-06-23,2
C17597,19,Female,Hyderabad,2024-05-09,27
C17598,24,Female,Kolkata,2025-04-30,15
C17599,44,Female,Noida,2026-07-14,1
C17600,37,Male,Chennai,2025-02-16,18
C17601,33,Female,Hyderabad,2026-01-26,6
C17602,29,Male,Hyderabad,2025-04-04,16
C17603,39,Female,Hyderabad,2025-12-07,8
C17604,26,Female,Ahmedabad,2024-12-06,20
C17605,38,Male,Noida,2024-05-10,27
C17606,27,Male,Bangalore,2024-02-20,30
C17607,26,Male,Gurgaon,2026-03-03,5
C17608,28,Male,Bangalore,2023-11-01,34
C17609,31,Female,Noida,2025-07-01,13
C17610,34,Male,Pune,2025-11-03,9
C17611,37,Female,Ahmedabad,2024-07-18,25
C17612,18,Male,Kolkata,2025-09-11,11
C17613,26,Female,Kolkata,2025-04-06,16
C17614,31,Female,Noida,2024-04-06,28
C17615,50,Female,Ahmedabad,2024-02-08,30
C17616,24,Male,Chennai,2026-05-28,2
C17617,36,Female,Bangalore,2026-08-19,0
C17618,49,Male,Pune,2024-01-13,31
C17619,21,Male,Bangalore,2025-01-06,19
C17620,38,Female,Mumbai,2025-09-13,11
C17621,26,Female,Bangalore,2026-08-20,0
C17622,29,Male,Ahmedabad,2026-04-20,4
C17623,26,Female,Noida,2023-12-08,32
C17624,27,Female,Noida,2025-02-08,18
C17625,62,Male,Kolkata,2025-03-26,17
C17626,43,Male,Chennai,2024-07-04,25
C17627,46,Female,Delhi,2024-09-01,24
C17628,39,Male,Noida,2025-06-12,14
C17629,18,Female,Ahmedabad,2023-10-11,34
C17630,38,Female,Mumbai,2025-01-22,19
C17631,45,Female,Hyderabad,2026-05-20,3
C17632,26,Male,Ahmedabad,2025-09-25,11
C17633,44,Female,Pune,2023-08-24,36
C17634,42,Male,Hyderabad,2026-03-31,4
C17635,53,Male,Kolkata,2024-12-14,20
C17636,30,Male,Kolkata,2026-02-19,6
C17637,24,Female,Ahmedabad,2024-06-03,27
C17638,31,Female,Mumbai,2025-12-13,8
C17639,49,Male,Chennai,2025-11-08,9
C17640,18,Male,Mumbai,2025-01-26,19
C17641,18,Male,Delhi,2024-03-20,29
C17642,35,Male,Kolkata,2025-06-16,14
C17643,30,Female,Noida,2023-10-23,34
C17644,35,Female,Chennai,2024-11-08,21
C17645,44,Female,Gurgaon,2024-09-19,23
C17646,29,Female,Chennai,2025-03-04,17
C17647,18,Female,Gurgaon,2024-02-06,30
C17648,55,Male,Chennai,2025-02-08,18
C17649,25,Male,Gurgaon,2025-04-05,16
C17650,24,Male,Noida,2024-11-01,21
C17651,46,Male,Pune,2024-09-21,23
C17652,31,Female,Chennai,2025-06-16,14
C17653,34,Female,Kolkata,2024-01-23,31
C17654,39,Female,Pune,2024-10-18,22
C17655,45,Male,Delhi,2026-07-20,1
C17656,31,Male,Gurgaon,2025-11-21,9
C17657,50,Female,Bangalore,2026-08-17,0
C17658,18,Female,Chennai,2023-12-20,32
C17659,42,Male,Hyderabad,2026-08-13,0
C17660,26,Female,Hyderabad,2026-08-02,0
C17661,48,Female,Mumbai,2025-08-31,11
C17662,36,Male,Hyderabad,2024-04-27,28
C17663,28,Male,Kolkata,2023-11-24,33
C17664,41,Female,Pune,2024-06-08,26
C17665,43,Female,Noida,2026-03-08,5
C17666,41,Male,Mumbai,2026-03-16,5
C17667,24,Female,Chennai,2026-06-19,2
C17668,30,Female,Hyderabad,2024-02-22,30
C17669,34,Female,Hyderabad,2025-12-12,8
C17670,34,Male,Gurgaon,2024-08-29,24
C17671,42,Other,Ahmedabad,2024-07-12,25
C17672,18,Male,Noida,2024-08-18,24
C17673,38,Female,Hyderabad,2024-06-20,26
C17674,32,Female,Kolkata,2025-08-24,12
C17675,26,Male,Kolkata,2026-08-04,0
C17676,27,Male,Gurgaon,2025-12-09,8
C17677,32,Female,Pune,2024-01-17,31
C17678,18,Female,Mumbai,2024-07-24,25
C17679,27,Male,Gurgaon,2025-07-22,13
C17680,26,Male,Hyderabad,2024-02-23,30
C17681,40,Male,Mumbai,2026-08-02,0
C17682,26,Male,Mumbai,2025-05-25,15
C17683,32,Female,Ahmedabad,2026-07-12,1
C17684,50,Female,Chennai,2025-01-23,19
C17685,44,Female,Ahmedabad,2024-08-19,24
C17686,44,Male,Pune,2025-07-25,13
C17687,30,Female,Bangalore,2026-02-18,6
C17688,40,Male,Bangalore,2024-12-09,20
C17689,32,Female,Chennai,2025-05-26,15
C17690,33,Male,Bangalore,2025-04-29,16
C17691,39,Male,Ahmedabad,2023-11-14,33
C17692,29,Female,Pune,2024-08-08,24
C17693,49,Male,Mumbai,2026-06-07,2
C17694,33,Female,Bangalore,2025-01-24,19
C17695,41,Female,Gurgaon,2023-11-16,33
C17696,49,Female,Delhi,2025-06-19,14
C17697,45,Other,Gurgaon,2026-08-07,0
C17698,20,Male,Gurgaon,2025-07-16,13
C17699,39,Male,Bangalore,2024-06-01,27
C17700,43,Female,Ahmedabad,2026-01-06,7
C17701,43,Female,Noida,2025-01-30,18
C17702,23,Male,Bangalore,2023-11-01,34
C17703,28,Female,Mumbai,2023-11-14,33
C17704,44,Male,Chennai,2025-09-06,11
C17705,27,Male,Noida,2025-07-21,13
C17706,32,Male,Hyderabad,2025-08-27,12
C17707,50,Male,Pune,2026-04-10,4
C17708,34,Male,Delhi,2025-12-02,8
C17709,27,Male,Bangalore,2026-04-10,4
C17710,26,Male,Noida,2025-12-04,8
C17711,38,Male,Kolkata,2025-03-08,17
C17712,21,Male,Noida,2025-05-12,15
C17713,32,Female,Kolkata,2023-09-15,35
C17714,38,Male,Delhi,2025-02-06,18
C17715,47,Male,Kolkata,2025-07-25,13
C17716,41,Male,Kolkata,2026-07-05,1
C17717,27,Male,Pune,2023-08-26,36
C17718,46,Male,Hyderabad,2025-03-22,17
C17719,32,Male,Mumbai,2024-02-04,31
C17720,22,Female,Delhi,2026-08-17,0
C17721,33,Female,Kolkata,2024-03-30,29
C17722,49,Female,Chennai,2026-05-07,3
C17723,36,Male,Gurgaon,2024-10-29,22
C17724,35,Male,Chennai,2024-03-19,29
C17725,51,Male,Mumbai,2024-05-10,27
C17726,20,Female,Mumbai,2025-02-06,18
C17727,22,Male,Chennai,2025-12-15,8
C17728,18,Male,Bangalore,2023-09-25,35
C17729,38,Male,Hyderabad,2024-01-09,31
C17730,36,Female,Chennai,2023-11-11,33
C17731,50,Female,Chennai,2024-08-11,24
C17732,37,Female,Ahmedabad,2023-09-27,35
C17733,30,Male,Gurgaon,2026-05-24,3
C17734,35,Male,Bangalore,2025-05-19,15
C17735,36,Female,Delhi,2026-05-17,3
C17736,18,Male,Chennai,2025-01-29,19
C17737,62,Male,Noida,2024-04-13,28
C17738,40,Female,Delhi,2023-08-27,36
C17739,37,Female,Pune,2024-02-14,30
C17740,41,Female,Gurgaon,2024-11-12,21
C17741,42,Female,Ahmedabad,2026-08-11,0
C17742,33,Male,Mumbai,2024-06-10,26
C17743,28,Female,Chennai,2025-07-19,13
C17744,40,Female,Chennai,2024-10-05,22
C17745,38,Female,Kolkata,2026-03-07,5
C17746,26,Female,Bangalore,2026-07-01,1
C17747,49,Female,Hyderabad,2025-05-16,15
C17748,37,Female,Gurgaon,2024-04-06,28
C17749,42,Male,Bangalore,2026-03-22,5
C17750,48,Female,Gurgaon,2025-03-28,17
C17751,35,Female,Delhi,2025-07-14,13
C17752,38,Male,Chennai,2025-09-19,11
C17753,43,Male,Chennai,2024-10-16,22
C17754,27,Female,Chennai,2024-11-23,21
C17755,35,Male,Mumbai,2026-04-15,4
C17756,36,Female,Delhi,2026-02-04,6
C17757,25,Male,Noida,2026-06-25,1
C17758,58,Other,Mumbai,2023-12-13,32
C17759,20,Male,Pune,2024-03-20,29
C17760,22,Male,Pune,2026-07-03,1
C17761,48,Male,Kolkata,2024-10-06,22
C17762,42,Female,Delhi,2025-03-27,17
C17763,24,Male,Chennai,2025-04-02,16
C17764,41,Male,Bangalore,2026-01-13,7
C17765,49,Female,Mumbai,2023-12-26,32
C17766,34,Male,Pune,2025-04-20,16
C17767,60,Female,Gurgaon,2024-09-23,23
C17768,18,Female,Noida,2026-05-02,3
C17769,41,Female,Delhi,2024-10-07,22
C17770,46,Male,Bangalore,2023-09-22,35
C17771,43,Female,Bangalore,2025-04-24,16
C17772,32,Male,Gurgaon,2026-03-25,5
C17773,32,Female,Chennai,2024-03-06,29
C17774,39,Female,Pune,2026-02-07,6
C17775,43,Male,Ahmedabad,2024-02-19,30
C17776,41,Male,Hyderabad,2025-12-09,8
C17777,45,Male,Bangalore,2026-02-27,5
C17778,24,Male,Pune,2026-04-19,4
C17779,32,Female,Mumbai,2026-06-14,2
C17780,25,Female,Gurgaon,2024-07-10,25
C17781,31,Male,Bangalore,2024-11-18,21
C17782,45,Female,Bangalore,2026-04-10,4
C17783,36,Female,Gurgaon,2025-12-03,8
C17784,61,Female,Kolkata,2026-04-17,4
C17785,36,Male,Kolkata,2024-02-28,30
C17786,35,Female,Delhi,2026-05-01,3
C17787,36,Female,Pune,2024-12-12,20
C17788,28,Female,Mumbai,2024-03-20,29
C17789,34,Male,Ahmedabad,2026-04-09,4
C17790,46,Male,Hyderabad,2026-01-25,6
C17791,36,Female,Bangalore,2026-04-29,3
C17792,27,Female,Ahmedabad,2026-05-07,3
C17793,25,Female,Ahmedabad,2024-12-26,20
C17794,30,Male,Noida,2024-07-01,26
C17795,35,Female,Noida,2024-05-21,27
C17796,46,Male,Kolkata,2026-02-06,6
C17797,21,Male,Mumbai,2024-05-02,28
C17798,31,Female,Mumbai,2025-05-01,15
C17799,36,Male,Mumbai,2026-07-31,0
C17800,18,Male,Pune,2024-02-05,30
C17801,26,Female,Ahmedabad,2024-06-26,26
C17802,28,Female,Noida,2024-01-14,31
C17803,27,Male,Chennai,2024-03-28,29
C17804,36,Female,Chennai,2026-01-26,6
C17805,33,Male,Bangalore,2024-09-25,23
C17806,29,Male,Bangalore,2026-06-29,1
C17807,39,Male,Ahmedabad,2024-02-04,31
C17808,52,Male,Bangalore,2023-09-27,35
C17809,51,Other,Delhi,2024-10-18,22
C17810,18,Male,Kolkata,2025-07-23,13
C17811,40,Female,Mumbai,2026-01-12,7
C17812,33,Female,Chennai,2026-01-23,7
C17813,36,Other,Noida,2026-07-27,0
C17814,31,Male,Mumbai,2026-04-05,4
C17815,36,Female,Delhi,2025-07-21,13
C17816,36,Female,Pune,2025-12-06,8
C17817,29,Male,Ahmedabad,2023-10-14,34
C17818,26,Male,Pune,2025-03-15,17
C17819,30,Male,Delhi,2024-08-24,24
C17820,37,Female,Noida,2024-04-11,28
C17821,40,Female,Bangalore,2023-12-10,32
C17822,43,Male,Mumbai,2024-02-23,30
C17823,30,Female,Chennai,2025-08-06,12
C17824,37,Male,Pune,2025-04-11,16
C17825,44,Female,Gurgaon,2025-11-13,9
C17826,46,Male,Gurgaon,2026-05-23,3
C17827,34,Female,Noida,2026-04-20,4
C17828,32,Male,Noida,2025-12-03,8
C17829,36,Male,Delhi,2024-11-21,21
C17830,23,Female,Ahmedabad,2024-03-12,29
C17831,33,Male,Chennai,2023-10-06,35
C17832,42,Male,Kolkata,2024-08-19,24
C17833,41,Female,Pune,2024-11-22,21
C17834,32,Male,Chennai,2025-10-27,9
C17835,37,Female,Kolkata,2025-10-24,10
C17836,26,Male,Kolkata,2024-01-03,32
C17837,42,Male,Noida,2024-11-27,21
C17838,34,Male,Pune,2024-09-18,23
C17839,32,Other,Mumbai,2025-01-02,19
C17840,31,Male,Hyderabad,2024-07-27,25
C17841,34,Female,Delhi,2026-08-05,0
C17842,30,Other,Ahmedabad,2023-09-26,35
C17843,41,Male,Hyderabad,2025-10-29,9
C17844,31,Female,Bangalore,2026-04-26,3
C17845,50,Female,Bangalore,2025-04-22,16
C17846,49,Male,Chennai,2023-10-18,34
C17847,26,Male,Gurgaon,2026-05-02,3
C17848,35,Male,Pune,2024-04-09,28
C17849,28,Female,Hyderabad,2024-09-16,23
C17850,31,Female,Ahmedabad,2025-07-17,13
C17851,55,Male,Hyderabad,2025-07-07,13
C17852,31,Male,Mumbai,2025-07-05,13
C17853,38,Female,Bangalore,2026-04-03,4
C17854,40,Male,Delhi,2024-09-21,23
C17855,24,Female,Bangalore,2025-07-30,12
C17856,26,Male,Kolkata,2023-12-21,32
C17857,22,Female,Gurgaon,2024-01-07,31
C17858,26,Female,Mumbai,2024-10-12,22
C17859,18,Male,Gurgaon,2024-10-03,22
C17860,40,Male,Chennai,2024-12-16,20
C17861,55,Male,Noida,2024-04-16,28
C17862,36,Male,Pune,2024-10-17,22
C17863,20,Male,Pune,2025-09-23,11
C17864,28,Female,Pune,2026-01-19,7
C17865,30,Male,Ahmedabad,2024-02-03,31
C17866,24,Male,Noida,2026-05-27,2
C17867,43,Female,Chennai,2023-11-10,33
C17868,43,Female,Bangalore,2025-05-29,15
C17869,23,Male,Mumbai,2026-08-14,0
C17870,42,Female,Noida,2025-05-22,15
C17871,50,Female,Bangalore,2025-05-07,15
C17872,54,Female,Kolkata,2024-01-09,31
C17873,63,Male,Gurgaon,2025-06-11,14
C17874,25,Male,Pune,2025-04-19,16
C17875,63,Female,Kolkata,2023-12-11,32
C17876,31,Female,Pune,2024-10-12,22
C17877,29,Female,Ahmedabad,2024-07-13,25
C17878,38,Male,Mumbai,2025-06-27,14
C17879,29,Female,Hyderabad,2024-05-24,27
C17880,38,Female,Chennai,2025-08-09,12
C17881,21,Male,Delhi,2026-08-08,0
C17882,32,Male,Ahmedabad,2024-08-08,24
C17883,47,Female,Noida,2026-08-01,0
C17884,34,Female,Hyderabad,2026-03-23,5
C17885,36,Male,Gurgaon,2024-08-19,24
C17886,39,Female,Mumbai,2026-06-21,2
C17887,46,Female,Noida,2025-12-29,7
C17888,18,Female,Hyderabad,2025-11-03,9
C17889,40,Female,Noida,2025-01-03,19
C17890,32,Female,Mumbai,2024-03-03,30
C17891,36,Male,Pune,2025-07-19,13
C17892,45,Male,Hyderabad,2024-08-14,24
C17893,23,Female,Pune,2026-05-24,3
C17894,24,Male,Hyderabad,2026-06-22,2
C17895,18,Female,Bangalore,2025-07-10,13
C17896,29,Female,Noida,2025-07-12,13
C17897,48,Male,Mumbai,2025-01-17,19
C17898,33,Female,Mumbai,2025-08-30,11
C17899,21,Female,Pune,2025-05-30,14
C17900,30,Male,Ahmedabad,2025-03-03,17
C17901,20,Male,Bangalore,2025-08-30,11
C17902,23,Female,Mumbai,2024-09-25,23
C17903,38,Male,Hyderabad,2025-04-05,16
C17904,23,Female,Hyderabad,2025-08-21,12
C17905,46,Male,Chennai,2025-07-16,13
C17906,34,Male,Gurgaon,2026-07-08,1
C17907,35,Male,Kolkata,2025-08-26,12
C17908,32,Female,Bangalore,2025-03-03,17
C17909,42,Male,Ahmedabad,2026-01-26,6
C17910,42,Male,Delhi,2026-07-10,1
C17911,38,Female,Pune,2025-11-13,9
C17912,40,Male,Hyderabad,2024-07-06,25
C17913,32,Male,Bangalore,2026-01-06,7
C17914,40,Male,Mumbai,2024-09-27,23
C17915,31,Male,Bangalore,2025-06-17,14
C17916,35,Female,Bangalore,2024-12-05,20
C17917,32,Male,Chennai,2024-01-30,31
C17918,30,Male,Delhi,2025-04-17,16
C17919,28,Female,Gurgaon,2024-07-25,25
C17920,39,Female,Bangalore,2024-07-20,25
C17921,48,Female,Ahmedabad,2025-09-05,11
C17922,46,Female,Chennai,2023-09-07,36
C17923,22,Female,Delhi,2024-03-16,29
C17924,47,Female,Kolkata,2026-04-10,4
C17925,31,Female,Ahmedabad,2025-12-22,8
C17926,41,Female,Chennai,2025-10-30,9
C17927,25,Female,Kolkata,2025-11-27,8
C17928,36,Male,Kolkata,2025-07-29,12
C17929,38,Female,Noida,2025-07-25,13
C17930,20,Female,Delhi,2023-08-27,36
C17931,41,Female,Noida,2024-07-08,25
C17932,48,Male,Delhi,2024-07-16,25
C17933,33,Male,Bangalore,2024-11-08,21
C17934,48,Male,Chennai,2024-03-25,29
C17935,33,Male,Kolkata,2025-04-08,16
C17936,43,Male,Pune,2026-05-19,3
C17937,18,Male,Delhi,2025-07-30,12
C17938,59,Male,Bangalore,2024-12-27,20
C17939,49,Male,Chennai,2025-10-21,10
C17940,32,Female,Mumbai,2024-10-19,22
C17941,18,Female,Mumbai,2025-04-02,16
C17942,37,Male,Noida,2026-05-04,3
C17943,20,Female,Hyderabad,2025-01-25,19
C17944,39,Male,Gurgaon,2025-12-06,8
C17945,39,Male,Ahmedabad,2023-10-16,34
C17946,25,Female,Noida,2023-11-24,33
C17947,46,Female,Chennai,2025-06-19,14
C17948,43,Female,Chennai,2026-03-08,5
C17949,44,Male,Kolkata,2024-01-01,32
C17950,35,Female,Bangalore,2026-04-11,4
C17951,20,Male,Mumbai,2025-09-13,11
C17952,44,Male,Delhi,2023-10-15,34
C17953,32,Male,Mumbai,2024-06-18,26
C17954,21,Female,Bangalore,2023-10-14,34
C17955,48,Male,Pune,2024-07-16,25
C17956,55,Male,Kolkata,2023-11-04,34
C17957,34,Female,Bangalore,2023-09-24,35
C17958,56,Male,Chennai,2024-01-14,31
C17959,35,Male,Pune,2025-08-20,12
C17960,31,Male,Pune,2024-10-31,22
C17961,28,Male,Kolkata,2024-07-17,25
C17962,51,Female,Ahmedabad,2023-09-10,35
C17963,27,Female,Pune,2023-12-06,33
C17964,42,Male,Ahmedabad,2023-11-12,33
C17965,29,Male,Chennai,2023-12-25,32
C17966,30,Female,Ahmedabad,2025-02-18,18
C17967,45,Male,Kolkata,2024-05-22,27
C17968,31,Female,Kolkata,2026-06-08,2
C17969,30,Male,Bangalore,2025-06-23,14
C17970,46,Male,Gurgaon,2025-05-29,15
C17971,50,Female,Kolkata,2025-07-02,13
C17972,41,Female,Pune,2024-02-08,30
C17973,28,Male,Delhi,2025-04-28,16
C17974,29,Male,Chennai,2024-06-02,27
C17975,35,Male,Bangalore,2025-05-31,14
C17976,38,Male,Mumbai,2024-12-03,20
C17977,25,Female,Ahmedabad,2024-04-03,29
C17978,42,Female,Pune,2024-07-10,25
C17979,35,Male,Delhi,2025-10-04,10
C17980,18,Male,Noida,2024-07-16,25
C17981,25,Female,Ahmedabad,2025-03-18,17
C17982,29,Male,Pune,2026-03-01,5
C17983,34,Female,Hyderabad,2025-11-19,9
C17984,53,Female,Chennai,2026-03-02,5
C17985,37,Female,Noida,2024-12-25,20
C17986,26,Female,Pune,2024-02-23,30
C17987,37,Female,Gurgaon,2023-09-24,35
C17988,31,Female,Bangalore,2024-08-31,24
C17989,38,Male,Pune,2025-05-07,15
C17990,40,Female,Ahmedabad,2026-05-29,2
C17991,47,Male,Ahmedabad,2024-01-12,31
C17992,34,Male,Bangalore,2023-10-07,35
C17993,51,Male,Pune,2024-10-02,22
C17994,44,Female,Kolkata,2024-04-01,29
C17995,27,Male,Mumbai,2024-02-10,30
C17996,57,Female,Gurgaon,2024-01-07,31
C17997,38,Female,Kolkata,2024-03-19,29
C17998,26,Male,Pune,2024-05-06,27
C17999,51,Female,Kolkata,2024-07-30,25
C18000,55,Female,Hyderabad,2023-11-07,33
C18001,34,Female,Delhi,2024-11-10,21
C18002,29,Male,Pune,2025-02-08,18
C18003,33,Female,Ahmedabad,2024-06-29,26
C18004,42,Female,Mumbai,2026-07-02,1
C18005,47,Male,Chennai,2025-08-19,12
C18006,40,Male,Ahmedabad,2024-02-29,30
C18007,36,Male,Gurgaon,2025-04-30,15
C18008,49,Female,Mumbai,2025-02-24,18
C18009,31,Male,Delhi,2026-03-19,5
C18010,45,Male,Pune,2024-08-16,24
C18011,32,Female,Ahmedabad,2026-03-06,5
C18012,39,Male,Kolkata,2024-12-26,20
C18013,33,Female,Kolkata,2023-10-29,34
C18014,34,Male,Ahmedabad,2023-10-06,35
C18015,31,Male,Mumbai,2026-03-14,5
C18016,48,Male,Hyderabad,2025-02-01,18
C18017,27,Female,Chennai,2025-05-12,15
C18018,27,Female,Ahmedabad,2026-02-01,6
C18019,56,Female,Delhi,2025-12-22,8
C18020,44,Female,Pune,2026-03-28,4
C18021,18,Male,Hyderabad,2024-08-14,24
C18022,29,Male,Chennai,2026-06-04,2
C18023,18,Male,Noida,2025-07-07,13
C18024,25,Female,Bangalore,2024-10-07,22
C18025,18,Female,Kolkata,2025-07-15,13
C18026,33,Male,Ahmedabad,2024-10-16,22
C18027,23,Female,Bangalore,2025-03-27,17
C18028,35,Female,Noida,2024-12-10,20
C18029,18,Male,Kolkata,2025-02-05,18
C18030,35,Female,Noida,2025-07-27,13
C18031,30,Male,Pune,2025-11-12,9
C18032,50,Female,Noida,2025-03-05,17
C18033,49,Male,Bangalore,2026-08-04,0
C18034,42,Male,Chennai,2024-12-16,20
C18035,31,Male,Bangalore,2025-01-21,19
C18036,54,Female,Hyderabad,2024-09-11,23
C18037,19,Female,Kolkata,2024-05-16,27
C18038,20,Male,Mumbai,2024-05-13,27
C18039,34,Other,Kolkata,2026-07-28,0
C18040,57,Female,Delhi,2023-12-29,32
C18041,32,Female,Gurgaon,2023-10-07,35
C18042,33,Male,Chennai,2025-10-20,10
C18043,20,Male,Delhi,2024-05-29,27
C18044,44,Female,Hyderabad,2025-05-12,15
C18045,44,Male,Ahmedabad,2025-05-14,15
C18046,42,Male,Hyderabad,2025-06-18,14
C18047,28,Male,Chennai,2023-12-24,32
C18048,27,Male,Noida,2025-04-30,15
C18049,22,Male,Chennai,2023-09-30,35
C18050,35,Female,Bangalore,2024-01-05,32
C18051,24,Male,Gurgaon,2024-01-20,31
C18052,23,Male,Delhi,2024-09-23,23
C18053,30,Female,Pune,2026-02-27,5
C18054,30,Female,Chennai,2024-11-18,21
C18055,29,Female,Bangalore,2025-08-02,12
C18056,39,Female,Hyderabad,2024-03-26,29
C18057,35,Male,Bangalore,2024-04-18,28
C18058,32,Male,Gurgaon,2025-06-18,14
C18059,36,Female,Pune,2024-03-06,29
C18060,25,Female,Hyderabad,2024-02-12,30
C18061,36,Female,Hyderabad,2026-06-21,2
C18062,36,Male,Delhi,2024-07-15,25
C18063,19,Male,Kolkata,2025-11-10,9
C18064,44,Male,Bangalore,2025-12-02,8
C18065,26,Female,Gurgaon,2024-12-04,20
C18066,35,Male,Kolkata,2026-08-02,0
C18067,46,Male,Pune,2023-11-02,34
C18068,44,Male,Hyderabad,2024-08-25,24
C18069,35,Male,Delhi,2024-09-25,23
C18070,31,Male,Kolkata,2025-05-17,15
C18071,44,Male,Pune,2024-04-15,28
C18072,41,Female,Delhi,2024-04-02,29
C18073,28,Male,Chennai,2024-05-17,27
C18074,27,Female,Mumbai,2024-12-16,20
C18075,18,Male,Hyderabad,2024-10-23,22
C18076,36,Male,Bangalore,2026-07-05,1
C18077,34,Female,Hyderabad,2026-06-17,2
C18078,46,Male,Noida,2025-11-10,9
C18079,38,Female,Hyderabad,2025-10-11,10
C18080,48,Female,Delhi,2024-10-14,22
C18081,28,Female,Hyderabad,2024-06-12,26
C18082,46,Male,Bangalore,2024-07-02,26
C18083,29,Male,Gurgaon,2025-06-29,13
C18084,42,Female,Gurgaon,2024-06-12,26
C18085,20,Male,Noida,2026-04-13,4
C18086,37,Male,Kolkata,2023-08-23,36
C18087,18,Female,Chennai,2024-06-21,26
C18088,32,Male,Pune,2025-08-01,12
C18089,39,Male,Ahmedabad,2023-12-23,32
C18090,29,Female,Gurgaon,2026-01-11,7
C18091,24,Female,Bangalore,2024-10-17,22
C18092,43,Female,Delhi,2024-02-09,30
C18093,33,Male,Noida,2024-12-06,20
C18094,30,Male,Kolkata,2026-02-12,6
C18095,35,Male,Delhi,2025-09-04,11
C18096,61,Male,Mumbai,2026-01-20,7
C18097,46,Female,Delhi,2025-08-23,12
C18098,46,Male,Delhi,2026-06-17,2
C18099,39,Male,Noida,2023-11-25,33
C18100,36,Female,Pune,2026-06-28,1
C18101,18,Female,Bangalore,2025-08-04,12
C18102,28,Female,Mumbai,2025-07-10,13
C18103,30,Female,Kolkata,2026-04-01,4
C18104,18,Female,Kolkata,2024-06-22,26
C18105,23,Male,Hyderabad,2025-01-17,19
C18106,18,Male,Mumbai,2025-06-26,14
C18107,34,Male,Delhi,2025-05-01,15
C18108,43,Male,Hyderabad,2025-01-02,19
C18109,46,Female,Delhi,2023-09-13,35
C18110,39,Male,Hyderabad,2026-03-31,4
C18111,25,Male,Ahmedabad,2024-02-02,31
C18112,18,Male,Mumbai,2026-04-26,3
C18113,18,Male,Chennai,2024-07-28,25
C18114,22,Female,Ahmedabad,2023-09-25,35
C18115,26,Female,Mumbai,2026-07-30,0
C18116,33,Female,Mumbai,2025-09-04,11
C18117,24,Male,Hyderabad,2024-10-21,22
C18118,38,Female,Gurgaon,2024-05-02,28
C18119,32,Female,Hyderabad,2024-06-12,26
C18120,35,Female,Kolkata,2025-10-04,10
C18121,46,Female,Ahmedabad,2026-01-07,7
C18122,23,Female,Bangalore,2025-11-30,8
C18123,39,Other,Pune,2024-04-17,28
C18124,34,Female,Pune,2023-12-16,32
C18125,31,Female,Ahmedabad,2026-04-03,4
C18126,43,Male,Noida,2024-06-16,26
C18127,43,Female,Chennai,2025-06-25,14
C18128,25,Female,Noida,2025-11-28,8
C18129,33,Female,Kolkata,2025-06-26,14
C18130,37,Female,Bangalore,2024-11-25,21
C18131,32,Male,Mumbai,2024-03-19,29
C18132,40,Male,Bangalore,2023-12-23,32
C18133,37,Male,Hyderabad,2025-09-30,10
C18134,53,Female,Ahmedabad,2024-11-24,21
C18135,19,Male,Gurgaon,2025-07-02,13
C18136,33,Male,Delhi,2023-10-27,34
C18137,25,Female,Ahmedabad,2024-01-25,31
C18138,41,Female,Ahmedabad,2025-02-03,18
C18139,18,Female,Noida,2025-07-04,13
C18140,38,Female,Hyderabad,2026-08-06,0
C18141,28,Female,Delhi,2025-11-02,9
C18142,27,Female,Bangalore,2024-02-21,30
C18143,20,Female,Delhi,2026-04-12,4
C18144,30,Male,Noida,2024-05-26,27
C18145,45,Male,Gurgaon,2025-04-03,16
C18146,34,Female,Mumbai,2023-09-10,35
C18147,41,Female,Gurgaon,2024-10-17,22
C18148,51,Female,Mumbai,2023-11-20,33
C18149,37,Male,Hyderabad,2024-01-22,31
C18150,29,Male,Hyderabad,2024-01-17,31
C18151,39,Female,Chennai,2026-06-02,2
C18152,29,Male,Noida,2026-02-16,6
C18153,29,Male,Noida,2025-01-09,19
C18154,19,Male,Gurgaon,2024-01-30,31
C18155,44,Female,Noida,2024-09-10,23
C18156,31,Female,Kolkata,2024-12-20,20
C18157,36,Female,Delhi,2024-06-12,26
C18158,24,Female,Chennai,2025-08-28,11
C18159,39,Female,Chennai,2024-04-23,28
C18160,27,Female,Ahmedabad,2025-03-29,17
C18161,33,Female,Gurgaon,2025-08-19,12
C18162,43,Male,Chennai,2024-03-20,29
C18163,42,Male,Ahmedabad,2024-01-27,31
C18164,34,Female,Ahmedabad,2024-06-25,26
C18165,18,Male,Pune,2025-08-11,12
C18166,64,Female,Pune,2026-02-07,6
C18167,52,Female,Pune,2024-06-07,26
C18168,42,Female,Hyderabad,2026-05-24,3
C18169,27,Female,Chennai,2025-04-18,16
C18170,33,Male,Pune,2025-10-02,10
C18171,29,Male,Noida,2025-02-07,18
C18172,47,Female,Noida,2025-01-01,19
C18173,37,Male,Chennai,2026-04-07,4
C18174,27,Male,Ahmedabad,2025-06-03,14
C18175,30,Female,Bangalore,2023-11-15,33
C18176,46,Other,Gurgaon,2024-05-01,28
C18177,51,Female,Gurgaon,2025-12-16,8
C18178,50,Female,Chennai,2024-07-27,25
C18179,42,Male,Mumbai,2026-03-18,5
C18180,32,Female,Pune,2026-01-18,7
C18181,18,Male,Gurgaon,2023-10-23,34
C18182,37,Male,Ahmedabad,2024-10-23,22
C18183,34,Male,Noida,2024-05-04,28
C18184,36,Female,Delhi,2024-02-10,30
C18185,35,Female,Ahmedabad,2025-09-18,11
C18186,21,Female,Bangalore,2025-03-22,17
C18187,40,Female,Hyderabad,2025-06-23,14
C18188,41,Male,Gurgaon,2023-10-20,34
C18189,41,Male,Bangalore,2026-05-22,3
C18190,44,Female,Hyderabad,2024-01-18,31
C18191,41,Other,Bangalore,2026-06-28,1
C18192,30,Female,Chennai,2026-03-25,5
C18193,34,Male,Delhi,2024-01-19,31
C18194,35,Female,Noida,2024-07-02,26
C18195,36,Male,Ahmedabad,2024-09-17,23
C18196,44,Female,Mumbai,2024-05-26,27
C18197,41,Male,Gurgaon,2025-07-19,13
C18198,55,Female,Hyderabad,2024-05-31,27
C18199,57,Male,Hyderabad,2026-06-05,2
C18200,35,Female,Kolkata,2026-07-31,0
C18201,18,Male,Kolkata,2025-03-26,17
C18202,47,Male,Gurgaon,2025-12-30,7
C18203,29,Female,Hyderabad,2025-11-15,9
C18204,26,Male,Noida,2024-10-21,22
C18205,31,Female,Chennai,2024-01-14,31
C18206,30,Male,Kolkata,2023-12-03,33
C18207,41,Female,Kolkata,2024-01-20,31
C18208,19,Male,Mumbai,2026-04-04,4
C18209,24,Male,Chennai,2026-03-05,5
C18210,38,Female,Bangalore,2025-04-12,16
C18211,41,Male,Chennai,2024-03-08,29
C18212,41,Male,Mumbai,2025-11-07,9
C18213,27,Female,Delhi,2023-12-31,32
C18214,25,Male,Noida,2025-01-27,19
C18215,29,Male,Ahmedabad,2025-09-25,11
C18216,37,Female,Ahmedabad,2025-09-06,11
C18217,49,Female,Delhi,2026-07-16,1
C18218,18,Male,Delhi,2026-01-28,6
C18219,32,Female,Bangalore,2025-08-24,12
C18220,21,Female,Delhi,2024-12-27,20
C18221,18,Male,Chennai,2025-12-10,8
C18222,44,Male,Chennai,2023-08-23,36
C18223,40,Male,Kolkata,2024-06-12,26
C18224,39,Female,Mumbai,2025-09-11,11
C18225,44,Male,Chennai,2026-03-16,5
C18226,30,Female,Noida,2026-07-30,0
C18227,30,Female,Ahmedabad,2025-02-08,18
C18228,56,Male,Pune,2025-10-11,10
C18229,32,Male,Ahmedabad,2024-03-02,30
C18230,42,Female,Bangalore,2024-08-18,24
C18231,35,Male,Noida,2025-08-22,12
C18232,18,Male,Delhi,2025-06-04,14
C18233,18,Female,Bangalore,2026-06-12,2
C18234,29,Male,Mumbai,2023-08-27,36
C18235,45,Male,Mumbai,2025-06-05,14
C18236,42,Male,Bangalore,2024-02-28,30
C18237,44,Male,Ahmedabad,2026-05-16,3
C18238,25,Male,Chennai,2023-09-16,35
C18239,51,Female,Hyderabad,2026-01-23,7
C18240,25,Other,Noida,2024-06-13,26
C18241,37,Male,Ahmedabad,2024-11-28,21
C18242,34,Male,Ahmedabad,2024-02-24,30
C18243,33,Male,Bangalore,2026-05-06,3
C18244,48,Male,Pune,2026-08-12,0
C18245,27,Male,Noida,2026-05-14,3
C18246,21,Male,Bangalore,2024-07-10,25
C18247,35,Female,Kolkata,2025-07-04,13
C18248,31,Male,Noida,2025-03-28,17
C18249,68,Male,Chennai,2024-07-15,25
C18250,41,Male,Hyderabad,2025-04-20,16
C18251,30,Male,Hyderabad,2025-07-08,13
C18252,24,Female,Hyderabad,2026-02-15,6
C18253,18,Male,Pune,2026-07-20,1
C18254,24,Female,Chennai,2024-04-10,28
C18255,36,Male,Chennai,2026-06-25,1
C18256,49,Female,Chennai,2026-07-23,1
C18257,46,Other,Bangalore,2024-09-30,23
C18258,37,Male,Hyderabad,2025-07-24,13
C18259,31,Male,Noida,2026-04-14,4
C18260,37,Female,Noida,2025-05-27,15
C18261,29,Male,Gurgaon,2026-02-05,6
C18262,52,Female,Noida,2025-09-12,11
C18263,33,Male,Mumbai,2025-09-13,11
C18264,34,Male,Kolkata,2026-05-23,3
C18265,18,Male,Mumbai,2024-04-22,28
C18266,33,Female,Pune,2023-10-07,35
C18267,43,Male,Hyderabad,2026-01-13,7
C18268,24,Male,Mumbai,2024-10-21,22
C18269,27,Female,Noida,2024-10-30,22
C18270,42,Male,Hyderabad,2025-07-29,12
C18271,20,Male,Kolkata,2025-06-23,14
C18272,45,Male,Gurgaon,2024-06-03,27
C18273,29,Female,Bangalore,2024-03-28,29
C18274,31,Female,Gurgaon,2025-12-17,8
C18275,23,Male,Delhi,2025-05-03,15
C18276,38,Male,Delhi,2025-06-10,14
C18277,59,Female,Kolkata,2026-01-17,7
C18278,42,Female,Delhi,2024-08-21,24
C18279,26,Male,Pune,2024-10-28,22
C18280,46,Male,Ahmedabad,2025-08-31,11
C18281,31,Male,Noida,2026-07-22,1
C18282,48,Female,Bangalore,2024-05-20,27
C18283,43,Other,Ahmedabad,2024-11-12,21
C18284,18,Male,Mumbai,2026-07-28,0
C18285,24,Male,Pune,2024-06-15,26
C18286,44,Male,Mumbai,2025-06-12,14
C18287,36,Male,Ahmedabad,2024-01-25,31
C18288,24,Male,Delhi,2025-05-28,15
C18289,28,Female,Noida,2026-04-08,4
C18290,18,Male,Ahmedabad,2025-01-28,19
C18291,34,Female,Noida,2024-07-27,25
C18292,57,Male,Delhi,2026-05-24,3
C18293,43,Female,Gurgaon,2026-04-06,4
C18294,56,Male,Pune,2025-05-31,14
C18295,43,Male,Mumbai,2024-05-02,28
C18296,45,Female,Noida,2024-12-12,20
C18297,54,Male,Noida,2023-11-02,34
C18298,38,Female,Noida,2026-01-25,6
C18299,33,Female,Kolkata,2025-09-04,11
C18300,45,Male,Hyderabad,2025-03-24,17
C18301,49,Female,Delhi,2026-02-08,6
C18302,30,Female,Ahmedabad,2024-10-26,22
C18303,27,Other,Pune,2024-06-17,26
C18304,36,Female,Kolkata,2025-11-22,9
C18305,43,Male,Gurgaon,2024-10-10,22
C18306,42,Female,Kolkata,2025-08-27,12
C18307,20,Female,Hyderabad,2024-11-08,21
C18308,54,Female,Delhi,2023-12-08,32
C18309,28,Female,Delhi,2026-04-05,4
C18310,32,Male,Bangalore,2024-10-04,22
C18311,25,Male,Delhi,2026-07-16,1
C18312,61,Female,Gurgaon,2024-02-14,30
C18313,37,Female,Bangalore,2024-06-29,26
C18314,26,Male,Chennai,2023-10-10,34
C18315,43,Female,Noida,2025-05-02,15
C18316,42,Female,Chennai,2023-10-25,34
C18317,33,Female,Pune,2026-07-25,0
C18318,43,Female,Delhi,2025-05-02,15
C18319,26,Female,Pune,2026-07-09,1
C18320,30,Female,Delhi,2025-12-10,8
C18321,18,Female,Hyderabad,2024-11-27,21
C18322,21,Male,Kolkata,2025-04-24,16
C18323,53,Male,Chennai,2024-03-27,29
C18324,51,Male,Delhi,2025-04-10,16
C18325,35,Male,Kolkata,2026-03-12,5
C18326,51,Male,Noida,2026-04-21,4
C18327,33,Female,Ahmedabad,2025-11-13,9
C18328,32,Female,Mumbai,2024-07-15,25
C18329,35,Male,Delhi,2023-11-04,34
C18330,33,Female,Hyderabad,2024-12-22,20
C18331,32,Male,Gurgaon,2025-07-04,13
C18332,46,Male,Chennai,2025-10-15,10
C18333,36,Female,Bangalore,2024-07-13,25
C18334,42,Male,Bangalore,2025-06-29,13
C18335,45,Female,Kolkata,2026-06-05,2
C18336,38,Male,Chennai,2025-04-21,16
C18337,25,Male,Pune,2024-02-25,30
C18338,21,Female,Bangalore,2024-10-17,22
C18339,36,Male,Delhi,2025-11-20,9
C18340,33,Female,Bangalore,2025-01-29,19
C18341,35,Male,Noida,2024-11-09,21
C18342,34,Female,Delhi,2026-06-01,2
C18343,60,Female,Pune,2023-09-20,35
C18344,21,Female,Gurgaon,2024-04-24,28
C18345,18,Male,Hyderabad,2025-01-08,19
C18346,38,Male,Mumbai,2026-07-04,1
C18347,31,Female,Gurgaon,2025-05-09,15
C18348,38,Male,Noida,2024-10-12,22
C18349,40,Male,Pune,2024-09-19,23
C18350,47,Female,Kolkata,2025-04-12,16
C18351,19,Female,Mumbai,2025-06-26,14
C18352,29,Male,Noida,2026-05-03,3
C18353,39,Male,Chennai,2025-03-31,16
C18354,42,Female,Chennai,2025-05-23,15
C18355,56,Female,Mumbai,2024-07-01,26
C18356,44,Female,Kolkata,2023-09-19,35
C18357,34,Male,Noida,2024-11-01,21
C18358,26,Male,Ahmedabad,2025-08-11,12
C18359,29,Male,Pune,2024-02-28,30
C18360,29,Female,Bangalore,2026-08-09,0
C18361,41,Male,Bangalore,2026-04-11,4
C18362,37,Female,Hyderabad,2023-11-19,33
C18363,21,Female,Delhi,2026-03-31,4
C18364,30,Female,Ahmedabad,2025-07-23,13
C18365,43,Male,Noida,2026-05-07,3
C18366,38,Female,Hyderabad,2025-11-05,9
C18367,40,Female,Noida,2025-06-29,13
C18368,38,Male,Bangalore,2025-12-07,8
C18369,51,Male,Ahmedabad,2026-02-15,6
C18370,37,Female,Bangalore,2025-08-31,11
C18371,31,Male,Ahmedabad,2025-06-29,13
C18372,25,Male,Chennai,2025-04-25,16
C18373,37,Male,Chennai,2023-10-17,34
C18374,18,Male,Gurgaon,2026-03-14,5
C18375,33,Female,Kolkata,2024-04-01,29
C18376,32,Female,Mumbai,2024-01-08,31
C18377,21,Female,Delhi,2024-11-22,21
C18378,25,Female,Delhi,2025-09-19,11
C18379,43,Female,Mumbai,2025-07-13,13
C18380,37,Female,Hyderabad,2025-04-07,16
C18381,36,Male,Kolkata,2024-04-05,28
C18382,38,Female,Bangalore,2025-08-25,12
C18383,35,Male,Hyderabad,2025-03-30,17
C18384,47,Male,Kolkata,2024-12-09,20
C18385,36,Male,Noida,2025-01-14,19
C18386,20,Male,Kolkata,2024-02-15,30
C18387,51,Male,Chennai,2025-07-05,13
C18388,38,Male,Gurgaon,2025-02-11,18
C18389,29,Female,Bangalore,2023-12-10,32
C18390,22,Male,Chennai,2026-03-11,5
C18391,38,Female,Delhi,2024-08-15,24
C18392,33,Female,Chennai,2024-05-28,27
C18393,50,Male,Hyderabad,2024-07-09,25
C18394,31,Male,Bangalore,2025-09-12,11
C18395,26,Female,Bangalore,2023-12-31,32
C18396,43,Male,Mumbai,2024-03-01,30
C18397,44,Female,Delhi,2024-04-08,28
C18398,36,Female,Pune,2023-10-22,34
C18399,41,Male,Chennai,2024-03-17,29
C18400,34,Male,Chennai,2025-10-06,10
C18401,37,Male,Hyderabad,2023-12-08,32
C18402,46,Female,Ahmedabad,2026-07-12,1
C18403,41,Female,Hyderabad,2024-07-01,26
C18404,33,Female,Chennai,2024-03-29,29
C18405,48,Male,Kolkata,2026-03-04,5
C18406,18,Male,Pune,2024-12-15,20
C18407,55,Male,Delhi,2025-10-13,10
C18408,18,Female,Chennai,2025-08-27,12
C18409,28,Male,Mumbai,2025-03-13,17
C18410,34,Male,Pune,2024-07-03,26
C18411,33,Female,Chennai,2024-01-15,31
C18412,45,Female,Chennai,2024-12-03,20
C18413,24,Female,Noida,2024-02-05,30
C18414,37,Male,Pune,2025-01-18,19
C18415,29,Male,Hyderabad,2024-07-14,25
C18416,37,Female,Ahmedabad,2023-12-11,32
C18417,34,Female,Hyderabad,2026-03-27,4
C18418,35,Male,Delhi,2024-10-08,22
C18419,29,Male,Ahmedabad,2025-11-15,9
C18420,29,Male,Chennai,2024-01-03,32
C18421,37,Female,Ahmedabad,2025-07-17,13
C18422,44,Male,Chennai,2025-10-09,10
C18423,29,Female,Gurgaon,2025-07-29,12
C18424,26,Female,Gurgaon,2026-08-13,0
C18425,41,Female,Hyderabad,2026-07-26,0
C18426,34,Male,Bangalore,2023-10-31,34
C18427,43,Female,Ahmedabad,2024-07-16,25
C18428,25,Female,Hyderabad,2023-11-19,33
C18429,18,Male,Gurgaon,2024-05-15,27
C18430,29,Female,Ahmedabad,2024-04-22,28
C18431,27,Male,Kolkata,2024-06-04,26
C18432,34,Female,Pune,2024-07-18,25
C18433,28,Male,Kolkata,2024-06-26,26
C18434,42,Female,Noida,2023-11-23,33
C18435,32,Female,Gurgaon,2024-11-29,21
C18436,36,Male,Delhi,2026-03-29,4
C18437,36,Female,Ahmedabad,2024-05-06,27
C18438,36,Female,Chennai,2026-06-03,2
C18439,34,Female,Chennai,2025-12-10,8
C18440,40,Male,Pune,2024-06-24,26
C18441,27,Male,Pune,2025-09-23,11
C18442,48,Female,Delhi,2025-07-20,13
C18443,32,Male,Bangalore,2024-03-11,29
C18444,21,Female,Delhi,2025-03-17,17
C18445,36,Male,Chennai,2024-09-07,23
C18446,26,Male,Pune,2023-10-13,34
C18447,41,Female,Gurgaon,2023-11-25,33
C18448,57,Female,Chennai,2024-07-28,25
C18449,27,Female,Noida,2026-04-25,3
C18450,38,Female,Hyderabad,2024-06-23,26
C18451,18,Female,Noida,2024-04-05,28
C18452,39,Male,Hyderabad,2025-04-03,16
C18453,26,Female,Ahmedabad,2025-04-12,16
C18454,28,Female,Noida,2023-12-17,32
C18455,23,Female,Hyderabad,2026-06-12,2
C18456,42,Male,Noida,2024-08-11,24
C18457,45,Female,Bangalore,2026-06-25,1
C18458,35,Male,Pune,2025-10-23,10
C18459,26,Male,Pune,2025-03-04,17
C18460,50,Male,Ahmedabad,2024-02-01,31
C18461,27,Male,Kolkata,2025-10-24,10
C18462,18,Male,Chennai,2025-03-19,17
C18463,39,Female,Mumbai,2025-04-02,16
C18464,23,Female,Mumbai,2025-09-25,11
C18465,44,Male,Chennai,2026-07-27,0
C18466,31,Female,Ahmedabad,2025-12-25,8
C18467,41,Male,Ahmedabad,2026-02-13,6
C18468,49,Male,Gurgaon,2024-06-25,26
C18469,22,Male,Hyderabad,2024-05-29,27
C18470,29,Female,Noida,2026-03-10,5
C18471,34,Male,Ahmedabad,2023-09-25,35
C18472,50,Male,Gurgaon,2025-07-31,12
C18473,28,Male,Chennai,2024-04-07,28
C18474,29,Female,Noida,2025-09-16,11
C18475,39,Female,Delhi,2024-03-30,29
C18476,29,Male,Ahmedabad,2025-03-22,17
C18477,36,Male,Mumbai,2024-12-11,20
C18478,19,Female,Noida,2023-10-31,34
C18479,57,Female,Pune,2023-08-26,36
C18480,21,Male,Gurgaon,2024-06-29,26
C18481,31,Female,Chennai,2024-11-29,21
C18482,34,Female,Pune,2024-05-01,28
C18483,54,Male,Delhi,2026-02-20,6
C18484,21,Female,Noida,2026-01-10,7
C18485,54,Male,Kolkata,2024-09-15,23
C18486,42,Female,Bangalore,2025-11-02,9
C18487,39,Male,Ahmedabad,2025-02-17,18
C18488,25,Male,Bangalore,2025-06-18,14
C18489,40,Female,Bangalore,2024-05-28,27
C18490,27,Female,Chennai,2024-11-29,21
C18491,47,Male,Mumbai,2026-08-08,0
C18492,25,Male,Noida,2025-09-11,11
C18493,33,Male,Gurgaon,2023-11-18,33
C18494,29,Female,Chennai,2026-08-18,0
C18495,25,Female,Kolkata,2026-02-04,6
C18496,42,Female,Pune,2026-03-31,4
C18497,40,Female,Kolkata,2024-04-18,28
C18498,47,Female,Gurgaon,2023-09-11,35
C18499,18,Female,Ahmedabad,2024-04-20,28
C18500,45,Female,Mumbai,2025-01-08,19
C18501,60,Male,Bangalore,2024-03-22,29
C18502,30,Female,Hyderabad,2025-09-06,11
C18503,53,Male,Ahmedabad,2025-08-25,12
C18504,32,Male,Hyderabad,2024-07-15,25
C18505,21,Male,Chennai,2025-08-05,12
C18506,31,Female,Gurgaon,2025-11-19,9
C18507,45,Male,Kolkata,2025-07-12,13
C18508,26,Male,Kolkata,2023-11-29,33
C18509,28,Other,Chennai,2025-08-14,12
C18510,40,Female,Bangalore,2023-10-27,34
C18511,35,Female,Bangalore,2026-01-08,7
C18512,40,Male,Mumbai,2024-02-11,30
C18513,37,Female,Chennai,2025-06-12,14
C18514,39,Male,Hyderabad,2025-08-06,12
C18515,30,Male,Chennai,2025-07-06,13
C18516,37,Male,Mumbai,2026-04-23,4
C18517,25,Male,Gurgaon,2025-08-12,12
C18518,47,Male,Delhi,2025-07-25,13
C18519,28,Female,Mumbai,2025-03-08,17
C18520,46,Female,Chennai,2024-05-06,27
C18521,32,Male,Pune,2024-03-02,30
C18522,37,Male,Ahmedabad,2026-01-10,7
C18523,30,Male,Bangalore,2025-09-15,11
C18524,24,Female,Mumbai,2026-03-11,5
C18525,18,Male,Bangalore,2024-12-29,20
C18526,24,Male,Gurgaon,2026-02-27,5
C18527,31,Male,Ahmedabad,2024-07-09,25
C18528,37,Female,Ahmedabad,2025-12-09,8
C18529,45,Male,Pune,2025-02-01,18
C18530,30,Male,Kolkata,2026-04-12,4
C18531,26,Male,Noida,2024-09-20,23
C18532,20,Female,Mumbai,2026-06-22,2
C18533,39,Male,Bangalore,2025-04-28,16
C18534,48,Female,Gurgaon,2023-12-17,32
C18535,47,Male,Chennai,2023-12-02,33
C18536,42,Female,Hyderabad,2026-01-27,6
C18537,41,Female,Hyderabad,2026-08-02,0
C18538,51,Female,Ahmedabad,2026-04-18,4
C18539,38,Male,Chennai,2025-02-23,18
C18540,41,Male,Delhi,2026-08-07,0
C18541,31,Male,Kolkata,2026-05-28,2
C18542,21,Female,Noida,2026-02-04,6
C18543,28,Female,Mumbai,2025-06-15,14
C18544,34,Male,Delhi,2023-09-17,35
C18545,35,Female,Gurgaon,2026-08-07,0
C18546,54,Male,Mumbai,2024-07-13,25
C18547,35,Female,Hyderabad,2023-09-21,35
C18548,46,Male,Bangalore,2025-02-23,18
C18549,30,Male,Noida,2023-11-30,33
C18550,31,Male,Kolkata,2023-12-26,32
C18551,21,Female,Chennai,2024-09-30,23
C18552,27,Female,Chennai,2024-03-25,29
C18553,40,Male,Chennai,2024-10-01,23
C18554,35,Female,Pune,2024-07-23,25
C18555,44,Male,Kolkata,2024-09-18,23
C18556,36,Male,Gurgaon,2024-11-14,21
C18557,31,Male,Pune,2025-04-18,16
C18558,56,Female,Bangalore,2024-08-12,24
C18559,34,Female,Bangalore,2024-05-27,27
C18560,46,Female,Mumbai,2024-07-07,25
C18561,30,Female,Pune,2026-04-26,3
C18562,42,Male,Mumbai,2024-08-22,24
C18563,44,Female,Ahmedabad,2024-10-14,22
C18564,37,Male,Gurgaon,2026-01-28,6
C18565,18,Female,Ahmedabad,2026-08-15,0
C18566,35,Male,Delhi,2024-01-29,31
C18567,47,Female,Mumbai,2024-05-21,27
C18568,40,Female,Delhi,2025-11-10,9
C18569,39,Male,Mumbai,2026-06-30,1
C18570,18,Female,Gurgaon,2025-12-13,8
C18571,27,Male,Delhi,2023-08-31,36
C18572,39,Male,Hyderabad,2025-01-26,19
C18573,39,Female,Delhi,2025-03-30,17
C18574,47,Female,Bangalore,2024-07-28,25
C18575,33,Male,Mumbai,2024-02-08,30
C18576,39,Male,Mumbai,2023-12-22,32
C18577,35,Male,Gurgaon,2023-10-02,35
C18578,25,Female,Noida,2024-04-27,28
C18579,18,Male,Bangalore,2025-08-02,12
C18580,39,Female,Hyderabad,2026-08-15,0
C18581,36,Female,Ahmedabad,2024-10-31,22
C18582,28,Male,Bangalore,2026-07-18,1
C18583,18,Male,Ahmedabad,2024-08-14,24
C18584,41,Male,Pune,2026-05-20,3
C18585,32,Female,Noida,2024-10-24,22
C18586,40,Male,Bangalore,2024-02-24,30
C18587,53,Female,Kolkata,2025-04-30,15
C18588,18,Male,Hyderabad,2023-12-03,33
C18589,28,Female,Kolkata,2024-05-24,27
C18590,32,Male,Mumbai,2026-03-08,5
C18591,49,Female,Noida,2024-09-07,23
C18592,18,Female,Delhi,2024-03-28,29
C18593,54,Male,Bangalore,2023-12-20,32
C18594,36,Female,Gurgaon,2026-01-28,6
C18595,34,Male,Hyderabad,2024-06-24,26
C18596,33,Female,Gurgaon,2024-12-28,20
C18597,30,Female,Mumbai,2025-07-18,13
C18598,45,Female,Bangalore,2025-11-01,9
C18599,24,Female,Bangalore,2023-09-21,35
C18600,38,Female,Hyderabad,2023-10-23,34
C18601,31,Other,Pune,2026-06-17,2
C18602,27,Male,Pune,2025-12-03,8
C18603,60,Male,Gurgaon,2023-11-06,34
C18604,39,Female,Gurgaon,2026-02-24,5
C18605,41,Female,Noida,2024-12-12,20
C18606,46,Female,Chennai,2024-01-08,31
C18607,20,Male,Kolkata,2025-09-11,11
C18608,52,Female,Gurgaon,2024-02-20,30
C18609,18,Female,Bangalore,2025-12-28,7
C18610,27,Male,Delhi,2023-12-08,32
C18611,30,Male,Noida,2025-04-15,16
C18612,40,Male,Noida,2025-04-10,16
C18613,37,Male,Mumbai,2025-06-14,14
C18614,33,Female,Gurgaon,2025-09-06,11
C18615,34,Female,Gurgaon,2026-02-19,6
C18616,25,Male,Delhi,2026-01-17,7
C18617,20,Female,Mumbai,2024-03-14,29
C18618,42,Female,Kolkata,2026-06-23,2
C18619,41,Male,Hyderabad,2025-09-27,10
C18620,50,Female,Delhi,2024-10-22,22
C18621,27,Female,Chennai,2024-06-27,26
C18622,41,Female,Chennai,2025-01-24,19
C18623,32,Male,Hyderabad,2025-05-27,15
C18624,46,Female,Kolkata,2025-03-12,17
C18625,45,Male,Pune,2023-12-20,32
C18626,37,Male,Mumbai,2025-12-12,8
C18627,31,Male,Gurgaon,2025-11-16,9
C18628,44,Male,Kolkata,2023-08-23,36
C18629,41,Male,Kolkata,2023-11-18,33
C18630,28,Male,Pune,2026-02-17,6
C18631,21,Female,Hyderabad,2024-10-09,22
C18632,32,Female,Noida,2025-05-20,15
C18633,50,Male,Ahmedabad,2026-04-11,4
C18634,46,Male,Ahmedabad,2024-09-18,23
C18635,23,Female,Ahmedabad,2024-07-10,25
C18636,23,Male,Mumbai,2024-07-01,26
C18637,47,Male,Pune,2024-03-10,29
C18638,23,Female,Noida,2025-05-01,15
C18639,40,Male,Bangalore,2025-05-21,15
C18640,28,Male,Hyderabad,2025-03-09,17
C18641,51,Male,Gurgaon,2025-12-28,7
C18642,27,Male,Gurgaon,2025-01-03,19
C18643,46,Female,Bangalore,2026-02-23,6
C18644,36,Male,Ahmedabad,2026-01-05,7
C18645,37,Female,Delhi,2026-02-20,6
C18646,18,Female,Kolkata,2024-09-24,23
C18647,18,Male,Pune,2025-08-01,12
C18648,32,Male,Mumbai,2025-12-27,7
C18649,37,Female,Delhi,2024-07-29,25
C18650,23,Female,Delhi,2025-12-04,8
C18651,24,Male,Gurgaon,2024-11-18,21
C18652,40,Male,Gurgaon,2024-07-04,25
C18653,40,Female,Hyderabad,2026-08-18,0
C18654,33,Male,Chennai,2024-11-23,21
C18655,42,Male,Delhi,2026-04-17,4
C18656,23,Male,Ahmedabad,2025-07-29,12
C18657,31,Male,Mumbai,2024-06-18,26
C18658,51,Male,Bangalore,2024-04-06,28
C18659,35,Male,Noida,2024-11-05,21
C18660,36,Female,Gurgaon,2024-08-04,24
C18661,58,Male,Hyderabad,2025-12-06,8
C18662,21,Male,Mumbai,2023-09-22,35
C18663,42,Male,Mumbai,2025-05-24,15
C18664,51,Female,Mumbai,2026-01-15,7
C18665,31,Male,Pune,2024-06-03,27
C18666,43,Male,Noida,2026-08-03,0
C18667,25,Male,Hyderabad,2024-01-21,31
C18668,28,Male,Noida,2024-11-12,21
C18669,38,Female,Hyderabad,2025-10-29,9
C18670,42,Female,Noida,2024-12-22,20
C18671,46,Male,Pune,2025-05-30,14
C18672,50,Female,Delhi,2023-11-02,34
C18673,34,Male,Hyderabad,2024-01-31,31
C18674,46,Male,Gurgaon,2025-10-24,10
C18675,31,Male,Noida,2025-01-18,19
C18676,44,Female,Hyderabad,2025-10-27,9
C18677,37,Male,Delhi,2026-06-12,2
C18678,39,Male,Hyderabad,2024-11-04,21
C18679,39,Male,Bangalore,2024-11-27,21
C18680,18,Male,Bangalore,2023-10-28,34
C18681,23,Female,Chennai,2025-12-12,8
C18682,36,Female,Mumbai,2025-02-07,18
C18683,18,Female,Noida,2023-12-16,32
C18684,43,Female,Noida,2025-06-06,14
C18685,43,Female,Chennai,2023-11-12,33
C18686,38,Male,Noida,2025-01-02,19
C18687,23,Male,Hyderabad,2024-07-11,25
C18688,48,Male,Noida,2026-04-23,4
C18689,55,Male,Ahmedabad,2024-10-08,22
C18690,36,Male,Mumbai,2025-10-13,10
C18691,40,Male,Pune,2025-06-16,14
C18692,37,Male,Hyderabad,2025-05-18,15
C18693,40,Male,Hyderabad,2026-05-06,3
C18694,33,Female,Gurgaon,2025-08-20,12
C18695,34,Male,Gurgaon,2023-11-27,33
C18696,44,Male,Pune,2024-06-10,26
C18697,58,Female,Hyderabad,2024-12-17,20
C18698,20,Male,Kolkata,2025-09-29,10
C18699,33,Male,Ahmedabad,2026-07-08,1
C18700,23,Male,Delhi,2024-06-09,26
C18701,50,Female,Kolkata,2024-09-29,23
C18702,29,Female,Mumbai,2024-04-08,28
C18703,20,Female,Chennai,2023-12-26,32
C18704,41,Male,Gurgaon,2024-09-07,23
C18705,52,Male,Kolkata,2024-06-11,26
C18706,41,Male,Hyderabad,2024-06-12,26
C18707,37,Female,Pune,2026-03-27,4
C18708,39,Female,Ahmedabad,2023-09-05,36
C18709,49,Male,Ahmedabad,2025-01-19,19
C18710,26,Female,Pune,2025-01-20,19
C18711,33,Male,Gurgaon,2025-07-18,13
C18712,30,Female,Bangalore,2024-06-06,26
C18713,23,Female,Bangalore,2026-02-03,6
C18714,31,Male,Bangalore,2025-11-26,8
C18715,46,Female,Chennai,2024-10-28,22
C18716,40,Male,Kolkata,2026-05-03,3
C18717,41,Male,Kolkata,2024-12-07,20
C18718,36,Female,Mumbai,2024-01-27,31
C18719,40,Female,Bangalore,2025-09-20,11
C18720,26,Male,Mumbai,2025-11-13,9
C18721,31,Female,Hyderabad,2024-02-29,30
C18722,36,Female,Bangalore,2023-12-07,32
C18723,37,Male,Hyderabad,2025-01-02,19
C18724,38,Male,Gurgaon,2025-10-29,9
C18725,33,Female,Ahmedabad,2025-06-18,14
C18726,31,Male,Ahmedabad,2025-06-01,14
C18727,66,Female,Hyderabad,2025-07-17,13
C18728,44,Male,Bangalore,2026-08-03,0
C18729,39,Male,Pune,2024-08-10,24
C18730,32,Male,Kolkata,2026-01-25,6
C18731,30,Female,Bangalore,2025-10-23,10
C18732,33,Female,Noida,2024-07-11,25
C18733,37,Male,Noida,2024-03-30,29
C18734,18,Male,Chennai,2025-09-11,11
C18735,19,Female,Kolkata,2026-04-28,3
C18736,28,Male,Noida,2026-02-06,6
C18737,37,Male,Delhi,2024-08-23,24
C18738,32,Male,Chennai,2023-12-25,32
C18739,49,Male,Ahmedabad,2025-08-19,12
C18740,20,Male,Bangalore,2026-05-06,3
C18741,27,Male,Hyderabad,2025-12-24,8
C18742,50,Male,Noida,2023-10-01,35
C18743,36,Female,Ahmedabad,2024-09-27,23
C18744,43,Male,Kolkata,2024-03-16,29
C18745,55,Female,Mumbai,2025-10-21,10
C18746,28,Female,Gurgaon,2024-05-16,27
C18747,34,Male,Pune,2025-04-07,16
C18748,32,Female,Ahmedabad,2026-06-13,2
C18749,18,Male,Hyderabad,2025-12-21,8
C18750,31,Male,Chennai,2025-04-15,16
C18751,43,Female,Gurgaon,2024-05-31,27
C18752,40,Female,Gurgaon,2023-11-25,33
C18753,41,Female,Pune,2024-12-10,20
C18754,31,Female,Noida,2025-09-02,11
C18755,28,Male,Noida,2024-07-14,25
C18756,47,Male,Delhi,2026-02-19,6
C18757,30,Male,Pune,2024-01-15,31
C18758,37,Female,Pune,2024-06-30,26
C18759,36,Female,Chennai,2025-02-04,18
C18760,49,Female,Kolkata,2024-02-22,30
C18761,44,Male,Bangalore,2024-07-30,25
C18762,22,Male,Delhi,2026-07-29,0
C18763,23,Female,Mumbai,2025-12-19,8
C18764,40,Female,Hyderabad,2025-12-26,7
C18765,34,Male,Hyderabad,2026-03-05,5
C18766,30,Male,Pune,2025-12-15,8
C18767,45,Male,Pune,2023-11-24,33
C18768,36,Male,Noida,2023-10-13,34
C18769,35,Female,Chennai,2025-05-18,15
C18770,42,Male,Hyderabad,2026-07-05,1
C18771,31,Female,Chennai,2023-12-13,32
C18772,50,Male,Bangalore,2025-02-07,18
C18773,27,Male,Chennai,2026-02-09,6
C18774,41,Male,Bangalore,2025-08-16,12
C18775,49,Female,Kolkata,2024-06-26,26
C18776,21,Female,Ahmedabad,2023-12-04,33
C18777,31,Male,Ahmedabad,2024-03-16,29
C18778,46,Male,Noida,2024-12-18,20
C18779,46,Male,Bangalore,2025-12-08,8
C18780,33,Male,Chennai,2026-01-30,6
C18781,27,Female,Kolkata,2024-10-24,22
C18782,44,Male,Bangalore,2026-04-13,4
C18783,46,Male,Hyderabad,2025-08-08,12
C18784,23,Female,Chennai,2024-05-13,27
C18785,22,Male,Gurgaon,2026-07-12,1
C18786,37,Male,Hyderabad,2024-06-06,26
C18787,41,Male,Chennai,2023-09-01,36
C18788,32,Female,Chennai,2023-11-25,33
C18789,41,Female,Delhi,2026-04-13,4
C18790,27,Male,Mumbai,2023-09-24,35
C18791,18,Female,Delhi,2025-12-10,8
C18792,30,Male,Noida,2025-06-23,14
C18793,35,Female,Chennai,2025-12-24,8
C18794,32,Female,Chennai,2025-08-16,12
C18795,23,Female,Bangalore,2025-08-18,12
C18796,18,Female,Pune,2026-08-11,0
C18797,29,Male,Mumbai,2024-02-18,30
C18798,43,Female,Pune,2024-11-16,21
C18799,47,Female,Kolkata,2025-12-13,8
C18800,46,Male,Ahmedabad,2026-06-02,2
C18801,26,Female,Bangalore,2025-12-01,8
C18802,23,Female,Gurgaon,2025-06-25,14
C18803,39,Male,Kolkata,2025-09-25,11
C18804,41,Male,Mumbai,2026-02-23,6
C18805,39,Female,Delhi,2025-03-14,17
C18806,18,Female,Bangalore,2026-06-11,2
C18807,26,Female,Mumbai,2026-03-01,5
C18808,34,Female,Ahmedabad,2025-12-09,8
C18809,39,Female,Mumbai,2023-10-20,34
C18810,42,Female,Gurgaon,2024-12-18,20
C18811,36,Male,Hyderabad,2024-08-07,24
C18812,38,Female,Ahmedabad,2025-09-04,11
C18813,35,Male,Ahmedabad,2024-04-07,28
C18814,41,Male,Pune,2026-08-21,0
C18815,38,Male,Gurgaon,2025-03-31,16
C18816,35,Male,Kolkata,2024-12-14,20
C18817,32,Male,Pune,2026-05-19,3
C18818,35,Male,Mumbai,2023-09-23,35
C18819,39,Male,Gurgaon,2024-12-29,20
C18820,37,Male,Chennai,2023-08-24,36
C18821,38,Male,Gurgaon,2024-02-22,30
C18822,48,Female,Hyderabad,2025-11-08,9
C18823,37,Female,Mumbai,2023-11-21,33
C18824,28,Female,Noida,2024-11-19,21
C18825,43,Male,Gurgaon,2023-09-16,35
C18826,21,Female,Delhi,2024-08-30,24
C18827,24,Male,Bangalore,2023-10-11,34
C18828,38,Male,Chennai,2025-06-18,14
C18829,40,Female,Ahmedabad,2026-01-31,6
C18830,22,Female,Noida,2026-05-22,3
C18831,31,Female,Hyderabad,2025-04-23,16
C18832,28,Female,Gurgaon,2026-06-07,2
C18833,30,Male,Mumbai,2025-08-01,12
C18834,44,Female,Noida,2025-11-04,9
C18835,42,Female,Kolkata,2024-12-16,20
C18836,34,Female,Chennai,2025-06-07,14
C18837,29,Female,Mumbai,2025-11-20,9
C18838,21,Male,Mumbai,2025-06-05,14
C18839,49,Male,Kolkata,2024-08-16,24
C18840,40,Male,Noida,2025-01-30,18
C18841,27,Male,Noida,2025-12-01,8
C18842,42,Male,Kolkata,2024-04-09,28
C18843,34,Male,Delhi,2026-03-22,5
C18844,32,Female,Pune,2025-03-17,17
C18845,39,Female,Chennai,2025-03-06,17
C18846,27,Female,Ahmedabad,2024-07-01,26
C18847,31,Male,Hyderabad,2025-09-21,11
C18848,36,Male,Delhi,2024-05-24,27
C18849,30,Female,Ahmedabad,2024-01-30,31
C18850,41,Male,Hyderabad,2026-03-04,5
C18851,53,Female,Gurgaon,2025-03-19,17
C18852,27,Female,Bangalore,2024-04-02,29
C18853,18,Male,Gurgaon,2025-11-01,9
C18854,18,Female,Kolkata,2025-06-30,13
C18855,33,Male,Hyderabad,2026-03-30,4
C18856,28,Female,Noida,2025-02-16,18
C18857,37,Male,Pune,2025-07-23,13
C18858,36,Male,Noida,2024-07-20,25
C18859,18,Female,Gurgaon,2023-10-09,34
C18860,18,Female,Gurgaon,2025-09-20,11
C18861,37,Female,Hyderabad,2024-04-14,28
C18862,36,Male,Ahmedabad,2025-10-11,10
C18863,30,Female,Chennai,2024-11-12,21
C18864,18,Female,Mumbai,2024-03-16,29
C18865,39,Female,Gurgaon,2024-07-06,25
C18866,47,Female,Kolkata,2026-06-29,1
C18867,37,Female,Noida,2025-04-02,16
C18868,26,Female,Pune,2026-03-16,5
C18869,35,Female,Hyderabad,2025-02-14,18
C18870,21,Male,Ahmedabad,2025-12-09,8
C18871,45,Male,Chennai,2023-08-29,36
C18872,35,Female,Chennai,2026-01-08,7
C18873,18,Female,Bangalore,2024-05-10,27
C18874,31,Female,Mumbai,2026-04-08,4
C18875,39,Male,Ahmedabad,2024-10-16,22
C18876,31,Male,Kolkata,2026-02-20,6
C18877,32,Male,Noida,2024-08-08,24
C18878,22,Male,Kolkata,2024-10-07,22
C18879,40,Male,Kolkata,2025-02-08,18
C18880,28,Female,Mumbai,2025-10-26,10
C18881,18,Male,Gurgaon,2025-05-16,15
C18882,31,Male,Hyderabad,2025-02-07,18
C18883,44,Male,Kolkata,2026-08-01,0
C18884,31,Other,Mumbai,2026-02-02,6
C18885,52,Female,Kolkata,2024-07-10,25
C18886,39,Male,Delhi,2025-05-23,15
C18887,38,Other,Hyderabad,2024-07-07,25
C18888,33,Male,Kolkata,2026-01-18,7
C18889,34,Male,Kolkata,2025-12-12,8
C18890,32,Female,Chennai,2025-08-27,12
C18891,31,Male,Chennai,2023-09-08,35
C18892,40,Female,Ahmedabad,2024-12-02,20
C18893,25,Female,Noida,2023-11-23,33
C18894,24,Female,Mumbai,2026-02-07,6
C18895,23,Male,Delhi,2023-09-03,36
C18896,55,Male,Mumbai,2024-09-06,23
C18897,40,Male,Bangalore,2025-01-21,19
C18898,38,Male,Noida,2025-02-12,18
C18899,24,Male,Ahmedabad,2026-01-31,6
C18900,41,Male,Chennai,2026-05-15,3
C18901,33,Female,Pune,2025-09-06,11
C18902,37,Female,Pune,2024-11-08,21
C18903,25,Male,Hyderabad,2024-06-15,26
C18904,36,Male,Mumbai,2025-08-16,12
C18905,30,Male,Delhi,2024-09-14,23
C18906,27,Male,Delhi,2023-08-29,36
C18907,42,Male,Bangalore,2024-05-19,27
C18908,19,Male,Delhi,2023-12-19,32
C18909,40,Female,Noida,2025-12-03,8
C18910,41,Female,Ahmedabad,2025-03-09,17
C18911,26,Male,Pune,2026-08-02,0
C18912,26,Female,Noida,2023-10-05,35
C18913,32,Male,Pune,2025-10-07,10
C18914,37,Female,Delhi,2025-12-06,8
C18915,33,Male,Chennai,2025-11-02,9
C18916,39,Male,Chennai,2024-07-07,25
C18917,52,Male,Gurgaon,2025-02-20,18
C18918,29,Male,Bangalore,2026-05-05,3
C18919,18,Female,Delhi,2024-07-24,25
C18920,43,Other,Chennai,2025-03-29,17
C18921,51,Female,Pune,2024-04-17,28
C18922,38,Male,Ahmedabad,2024-01-27,31
C18923,24,Female,Delhi,2025-08-12,12
C18924,33,Female,Delhi,2024-03-06,29
C18925,23,Female,Bangalore,2024-08-27,24
C18926,41,Female,Bangalore,2024-01-05,32
C18927,21,Female,Mumbai,2023-10-28,34
C18928,31,Female,Kolkata,2025-01-11,19
C18929,24,Female,Kolkata,2025-02-03,18
C18930,36,Male,Hyderabad,2024-03-28,29
C18931,31,Male,Pune,2023-09-20,35
C18932,36,Female,Hyderabad,2025-05-10,15
C18933,35,Female,Delhi,2024-12-04,20
C18934,25,Male,Mumbai,2026-02-24,5
C18935,41,Female,Chennai,2024-12-04,20
C18936,34,Male,Delhi,2024-05-11,27
C18937,25,Male,Kolkata,2024-11-19,21
C18938,57,Male,Bangalore,2026-02-18,6
C18939,39,Female,Gurgaon,2026-03-12,5
C18940,33,Male,Chennai,2026-03-17,5
C18941,49,Male,Ahmedabad,2025-04-17,16
C18942,53,Male,Chennai,2026-02-11,6
C18943,33,Female,Mumbai,2025-09-17,11
C18944,38,Female,Pune,2026-04-26,3
C18945,25,Male,Kolkata,2026-03-01,5
C18946,33,Female,Noida,2025-01-13,19
C18947,33,Female,Pune,2023-11-16,33
C18948,36,Male,Mumbai,2026-07-31,0
C18949,38,Female,Gurgaon,2024-04-05,28
C18950,40,Male,Pune,2023-10-15,34
C18951,37,Male,Hyderabad,2025-11-15,9
C18952,22,Female,Hyderabad,2023-12-13,32
C18953,25,Female,Delhi,2023-11-06,34
C18954,29,Male,Hyderabad,2023-10-02,35
C18955,32,Male,Ahmedabad,2023-08-27,36
C18956,45,Female,Delhi,2025-12-09,8
C18957,23,Female,Pune,2024-05-13,27
C18958,31,Male,Chennai,2026-07-24,0
C18959,44,Male,Kolkata,2025-07-28,13
C18960,32,Male,Pune,2026-08-07,0
C18961,39,Male,Mumbai,2024-04-03,29
C18962,33,Female,Bangalore,2023-08-23,36
C18963,37,Male,Chennai,2024-09-14,23
C18964,32,Male,Ahmedabad,2025-04-08,16
C18965,41,Female,Gurgaon,2023-09-05,36
C18966,19,Male,Delhi,2026-05-27,2
C18967,31,Female,Bangalore,2024-02-15,30
C18968,37,Male,Ahmedabad,2025-09-10,11
C18969,40,Male,Mumbai,2023-09-14,35
C18970,49,Male,Noida,2025-05-18,15
C18971,31,Female,Delhi,2025-08-28,11
C18972,49,Male,Noida,2026-03-21,5
C18973,28,Male,Ahmedabad,2024-07-31,25
C18974,48,Male,Pune,2025-11-21,9
C18975,43,Male,Hyderabad,2023-10-04,35
C18976,25,Male,Hyderabad,2024-08-28,24
C18977,38,Female,Hyderabad,2026-05-09,3
C18978,34,Male,Noida,2024-04-08,28
C18979,41,Female,Noida,2023-11-11,33
C18980,32,Female,Ahmedabad,2024-07-06,25
C18981,31,Female,Chennai,2025-09-06,11
C18982,48,Female,Bangalore,2024-07-18,25
C18983,34,Female,Chennai,2026-01-02,7
C18984,43,Female,Pune,2024-09-28,23
C18985,32,Male,Noida,2025-03-28,17
C18986,51,Female,Kolkata,2025-12-23,8
C18987,28,Female,Ahmedabad,2025-01-04,19
C18988,28,Male,Hyderabad,2024-12-17,20
C18989,50,Male,Pune,2023-12-06,33
C18990,30,Female,Ahmedabad,2024-12-28,20
C18991,51,Female,Mumbai,2025-02-25,18
C18992,43,Male,Bangalore,2025-06-11,14
C18993,33,Female,Bangalore,2026-08-17,0
C18994,18,Male,Gurgaon,2024-06-06,26
C18995,34,Male,Bangalore,2025-06-02,14
C18996,36,Female,Chennai,2024-12-05,20
C18997,46,Female,Hyderabad,2023-10-01,35
C18998,50,Female,Kolkata,2026-06-10,2
C18999,28,Male,Mumbai,2024-01-16,31
C19000,43,Female,Mumbai,2023-11-26,33
C19001,42,Male,Delhi,2026-04-26,3
C19002,45,Female,Pune,2024-08-23,24
C19003,39,Male,Chennai,2026-08-09,0
C19004,18,Male,Noida,2024-01-22,31
C19005,33,Female,Pune,2024-10-18,22
C19006,23,Male,Delhi,2024-12-18,20
C19007,32,Female,Bangalore,2024-08-27,24
C19008,44,Male,Kolkata,2026-01-14,7
C19009,38,Male,Bangalore,2026-08-11,0
C19010,46,Male,Chennai,2024-09-04,23
C19011,38,Female,Ahmedabad,2025-08-05,12
C19012,22,Male,Bangalore,2024-05-20,27
C19013,18,Female,Mumbai,2024-08-25,24
C19014,36,Female,Ahmedabad,2026-08-03,0
C19015,32,Male,Hyderabad,2026-01-26,6
C19016,25,Male,Mumbai,2024-03-22,29
C19017,18,Male,Ahmedabad,2023-11-18,33
C19018,27,Female,Pune,2025-07-13,13
C19019,33,Male,Pune,2026-03-01,5
C19020,41,Male,Pune,2023-09-03,36
C19021,36,Male,Hyderabad,2023-10-03,35
C19022,51,Female,Bangalore,2025-10-11,10
C19023,24,Female,Ahmedabad,2024-05-02,28
C19024,43,Female,Pune,2025-12-11,8
C19025,35,Female,Kolkata,2023-11-27,33
C19026,41,Male,Gurgaon,2026-08-07,0
C19027,30,Male,Pune,2025-10-07,10
C19028,45,Female,Delhi,2025-03-27,17
C19029,37,Female,Delhi,2025-05-15,15
C19030,28,Male,Kolkata,2024-01-01,32
C19031,34,Male,Mumbai,2024-06-03,27
C19032,32,Female,Ahmedabad,2024-07-16,25
C19033,39,Male,Ahmedabad,2024-12-17,20
C19034,23,Male,Chennai,2024-08-05,24
C19035,34,Female,Chennai,2024-03-27,29
C19036,38,Female,Noida,2025-08-13,12
C19037,35,Male,Delhi,2025-02-16,18
C19038,48,Male,Mumbai,2026-01-11,7
C19039,42,Male,Delhi,2024-03-06,29
C19040,34,Female,Delhi,2024-03-05,30
C19041,37,Other,Gurgaon,2025-09-24,11
C19042,37,Female,Kolkata,2025-11-08,9
C19043,39,Male,Ahmedabad,2024-08-27,24
C19044,18,Male,Kolkata,2024-03-16,29
C19045,31,Female,Noida,2026-08-10,0
C19046,20,Male,Mumbai,2024-08-16,24
C19047,47,Female,Chennai,2025-07-11,13
C19048,34,Female,Gurgaon,2026-01-07,7
C19049,33,Male,Bangalore,2025-07-29,12
C19050,43,Female,Gurgaon,2025-01-15,19
C19051,39,Male,Gurgaon,2026-05-31,2
C19052,23,Female,Bangalore,2025-11-21,9
C19053,34,Male,Noida,2024-06-04,26
C19054,31,Female,Kolkata,2024-04-11,28
C19055,18,Female,Ahmedabad,2024-10-12,22
C19056,28,Male,Mumbai,2026-06-18,2
C19057,33,Male,Bangalore,2025-09-27,10
C19058,33,Male,Ahmedabad,2025-07-10,13
C19059,20,Male,Chennai,2023-12-14,32
C19060,46,Female,Pune,2025-02-23,18
C19061,33,Male,Delhi,2025-12-21,8
C19062,35,Male,Delhi,2024-04-11,28
C19063,39,Male,Kolkata,2023-11-24,33
C19064,27,Female,Hyderabad,2023-11-11,33
C19065,39,Female,Gurgaon,2025-12-04,8
C19066,31,Male,Bangalore,2024-10-25,22
C19067,26,Female,Noida,2024-05-25,27
C19068,40,Female,Noida,2023-10-29,34
C19069,49,Male,Gurgaon,2024-06-16,26
C19070,42,Female,Kolkata,2025-11-25,9
C19071,44,Male,Gurgaon,2026-01-09,7
C19072,29,Male,Kolkata,2026-01-13,7
C19073,19,Female,Chennai,2026-07-09,1
C19074,49,Male,Hyderabad,2025-12-06,8
C19075,55,Female,Chennai,2025-10-07,10
C19076,50,Male,Hyderabad,2024-09-16,23
C19077,31,Male,Hyderabad,2023-11-01,34
C19078,23,Female,Chennai,2026-07-25,0
C19079,24,Female,Gurgaon,2025-04-24,16
C19080,18,Female,Pune,2026-05-07,3
C19081,33,Male,Noida,2024-09-20,23
C19082,51,Female,Mumbai,2024-03-25,29
C19083,33,Female,Noida,2026-08-05,0
C19084,38,Male,Pune,2024-03-15,29
C19085,48,Female,Ahmedabad,2023-12-12,32
C19086,30,Female,Delhi,2025-01-06,19
C19087,55,Male,Chennai,2025-01-21,19
C19088,54,Male,Pune,2023-11-30,33
C19089,33,Male,Bangalore,2026-03-05,5
C19090,29,Other,Bangalore,2024-03-26,29
C19091,41,Male,Delhi,2025-04-01,16
C19092,31,Female,Chennai,2025-10-13,10
C19093,23,Male,Mumbai,2023-10-09,34
C19094,47,Female,Kolkata,2025-08-04,12
C19095,47,Male,Gurgaon,2025-03-29,17
C19096,36,Female,Gurgaon,2025-01-23,19
C19097,22,Male,Pune,2025-12-29,7
C19098,22,Female,Noida,2025-02-28,18
C19099,36,Female,Chennai,2025-04-02,16
C19100,30,Female,Bangalore,2024-03-26,29
C19101,31,Male,Gurgaon,2025-07-11,13
C19102,45,Male,Noida,2023-12-25,32
C19103,42,Female,Delhi,2026-01-22,7
C19104,48,Male,Kolkata,2023-10-28,34
C19105,25,Male,Kolkata,2025-08-15,12
C19106,31,Female,Chennai,2025-07-31,12
C19107,42,Male,Hyderabad,2025-10-21,10
C19108,39,Male,Chennai,2025-05-09,15
C19109,50,Female,Ahmedabad,2025-12-18,8
C19110,39,Male,Gurgaon,2025-11-24,9
C19111,53,Male,Gurgaon,2024-05-22,27
C19112,40,Female,Pune,2026-06-04,2
C19113,45,Male,Gurgaon,2025-02-07,18
C19114,31,Female,Gurgaon,2025-07-24,13
C19115,35,Male,Noida,2025-10-26,10
C19116,44,Female,Hyderabad,2024-03-31,29
C19117,51,Male,Bangalore,2026-07-16,1
C19118,42,Male,Bangalore,2025-07-09,13
C19119,34,Male,Ahmedabad,2026-02-16,6
C19120,48,Male,Kolkata,2026-05-09,3
C19121,18,Female,Bangalore,2024-07-04,25
C19122,20,Male,Gurgaon,2024-05-09,27
C19123,41,Female,Hyderabad,2023-09-11,35
C19124,35,Female,Noida,2024-12-02,20
C19125,41,Female,Hyderabad,2025-05-05,15
C19126,35,Male,Bangalore,2025-05-24,15
C19127,40,Male,Hyderabad,2024-10-02,22
C19128,26,Female,Gurgaon,2024-04-01,29
C19129,40,Female,Pune,2023-12-14,32
C19130,44,Female,Pune,2026-04-18,4
C19131,47,Male,Bangalore,2023-10-12,34
C19132,55,Female,Pune,2024-03-30,29
C19133,37,Female,Pune,2026-05-08,3
C19134,37,Male,Chennai,2024-12-06,20
C19135,19,Female,Noida,2026-01-08,7
C19136,29,Male,Pune,2025-02-16,18
C19137,33,Male,Noida,2024-08-07,24
C19138,45,Female,Pune,2025-01-24,19
C19139,28,Male,Gurgaon,2024-09-02,23
C19140,42,Male,Hyderabad,2024-04-17,28
C19141,34,Male,Kolkata,2025-04-03,16
C19142,33,Male,Gurgaon,2024-11-04,21
C19143,37,Male,Pune,2026-05-16,3
C19144,31,Other,Ahmedabad,2025-08-14,12
C19145,30,Male,Delhi,2026-05-30,2
C19146,18,Male,Ahmedabad,2026-08-20,0
C19147,32,Female,Delhi,2026-05-07,3
C19148,30,Male,Kolkata,2024-11-01,21
C19149,29,Male,Chennai,2025-06-13,14
C19150,39,Male,Pune,2025-01-14,19
C19151,41,Male,Noida,2023-12-29,32
C19152,37,Male,Delhi,2025-01-25,19
C19153,44,Male,Bangalore,2026-01-27,6
C19154,40,Male,Hyderabad,2024-03-22,29
C19155,32,Female,Delhi,2025-08-08,12
C19156,30,Male,Hyderabad,2025-03-23,17
C19157,38,Female,Mumbai,2023-11-19,33
C19158,40,Female,Ahmedabad,2024-08-07,24
C19159,48,Male,Pune,2024-10-06,22
C19160,46,Female,Ahmedabad,2024-12-06,20
C19161,29,Male,Mumbai,2026-01-05,7
C19162,33,Male,Delhi,2026-02-04,6
C19163,41,Male,Gurgaon,2026-07-25,0
C19164,45,Female,Mumbai,2025-11-28,8
C19165,44,Male,Noida,2024-10-12,22
C19166,34,Male,Bangalore,2024-08-13,24
C19167,22,Male,Noida,2024-08-11,24
C19168,25,Female,Gurgaon,2023-09-03,36
C19169,37,Male,Ahmedabad,2024-07-21,25
C19170,38,Male,Chennai,2025-04-21,16
C19171,24,Male,Chennai,2025-02-02,18
C19172,35,Female,Hyderabad,2025-06-17,14
C19173,41,Male,Kolkata,2024-06-26,26
C19174,23,Male,Hyderabad,2026-02-24,5
C19175,46,Female,Noida,2026-01-16,7
C19176,31,Male,Pune,2025-11-27,8
C19177,47,Female,Bangalore,2025-12-18,8
C19178,29,Female,Pune,2026-05-29,2
C19179,24,Female,Gurgaon,2025-07-27,13
C19180,30,Male,Bangalore,2025-07-22,13
C19181,34,Male,Delhi,2024-02-21,30
C19182,31,Male,Kolkata,2026-01-31,6
C19183,32,Female,Gurgaon,2026-03-21,5
C19184,38,Other,Bangalore,2024-09-18,23
C19185,33,Male,Gurgaon,2024-12-12,20
C19186,34,Female,Delhi,2023-12-24,32
C19187,18,Female,Hyderabad,2025-07-04,13
C19188,38,Male,Bangalore,2023-08-25,36
C19189,34,Male,Kolkata,2025-10-11,10
C19190,51,Male,Ahmedabad,2026-05-24,3
C19191,25,Male,Pune,2025-12-03,8
C19192,18,Female,Noida,2025-07-25,13
C19193,41,Female,Noida,2024-04-17,28
C19194,38,Male,Mumbai,2025-03-22,17
C19195,24,Male,Pune,2024-09-09,23
C19196,19,Male,Chennai,2024-08-02,25
C19197,50,Female,Chennai,2024-02-15,30
C19198,49,Female,Ahmedabad,2025-12-24,8
C19199,18,Male,Bangalore,2024-03-11,29
C19200,30,Female,Chennai,2026-04-05,4
C19201,51,Male,Chennai,2023-12-07,32
C19202,30,Male,Gurgaon,2024-04-15,28
C19203,30,Other,Chennai,2023-09-14,35
C19204,32,Male,Kolkata,2023-10-25,34
C19205,23,Male,Bangalore,2026-07-08,1
C19206,18,Male,Mumbai,2025-09-14,11
C19207,45,Female,Noida,2025-02-06,18
C19208,18,Female,Chennai,2025-11-30,8
C19209,37,Female,Delhi,2025-01-05,19
C19210,43,Female,Ahmedabad,2026-05-20,3
C19211,20,Male,Ahmedabad,2026-04-19,4
C19212,25,Male,Noida,2025-07-28,13
C19213,47,Male,Pune,2024-05-29,27
C19214,40,Female,Mumbai,2023-11-12,33
C19215,28,Male,Chennai,2023-08-27,36
C19216,47,Female,Noida,2023-10-05,35
C19217,47,Male,Bangalore,2026-03-21,5
C19218,37,Male,Gurgaon,2025-09-17,11
C19219,25,Male,Noida,2024-03-08,29
C19220,30,Other,Mumbai,2023-10-13,34
C19221,37,Male,Gurgaon,2024-06-26,26
C19222,33,Male,Pune,2024-06-13,26
C19223,44,Male,Gurgaon,2024-05-23,27
C19224,19,Male,Chennai,2025-02-11,18
C19225,20,Male,Hyderabad,2025-06-24,14
C19226,36,Male,Noida,2025-08-10,12
C19227,30,Male,Gurgaon,2026-08-14,0
C19228,28,Male,Noida,2025-09-28,10
C19229,18,Male,Delhi,2025-06-01,14
C19230,35,Male,Hyderabad,2026-08-03,0
C19231,34,Female,Chennai,2023-10-06,35
C19232,41,Male,Noida,2024-02-01,31
C19233,35,Male,Delhi,2023-10-25,34
C19234,33,Male,Delhi,2023-09-11,35
C19235,46,Male,Mumbai,2025-03-09,17
C19236,21,Female,Hyderabad,2024-12-08,20
C19237,40,Female,Bangalore,2025-05-27,15
C19238,18,Female,Hyderabad,2024-12-23,20
C19239,26,Male,Mumbai,2025-02-18,18
C19240,22,Male,Ahmedabad,2025-12-21,8
C19241,42,Male,Hyderabad,2025-09-05,11
C19242,34,Female,Chennai,2025-05-20,15
C19243,34,Male,Hyderabad,2026-05-20,3
C19244,23,Male,Mumbai,2023-08-25,36
C19245,32,Female,Pune,2025-04-21,16
C19246,27,Male,Ahmedabad,2025-01-01,19
C19247,38,Female,Hyderabad,2026-06-02,2
C19248,25,Male,Kolkata,2025-10-22,10
C19249,48,Female,Noida,2025-01-30,18
C19250,18,Male,Pune,2025-11-22,9
C19251,26,Female,Chennai,2025-02-14,18
C19252,51,Male,Gurgaon,2026-05-08,3
C19253,30,Male,Ahmedabad,2025-03-30,17
C19254,21,Male,Pune,2025-06-17,14
C19255,37,Other,Delhi,2023-08-23,36
C19256,30,Other,Bangalore,2025-12-27,7
C19257,26,Male,Mumbai,2026-08-19,0
C19258,24,Female,Hyderabad,2024-09-09,23
C19259,62,Female,Noida,2024-07-27,25
C19260,32,Male,Ahmedabad,2024-10-26,22
C19261,18,Male,Bangalore,2026-03-04,5
C19262,49,Other,Mumbai,2025-02-27,18
C19263,41,Male,Mumbai,2025-11-21,9
C19264,27,Male,Hyderabad,2024-05-07,27
C19265,25,Male,Ahmedabad,2024-12-26,20
C19266,41,Male,Hyderabad,2024-10-26,22
C19267,32,Male,Pune,2026-04-26,3
C19268,18,Male,Noida,2026-07-31,0
C19269,52,Male,Chennai,2024-08-23,24
C19270,30,Male,Chennai,2025-05-29,15
C19271,49,Male,Delhi,2025-01-26,19
C19272,47,Male,Ahmedabad,2025-08-25,12
C19273,24,Female,Ahmedabad,2025-03-15,17
C19274,45,Male,Mumbai,2026-07-20,1
C19275,28,Female,Bangalore,2026-01-16,7
C19276,18,Male,Pune,2024-06-30,26
C19277,30,Male,Gurgaon,2025-03-12,17
C19278,38,Male,Kolkata,2025-06-25,14
C19279,30,Female,Gurgaon,2024-02-28,30
C19280,31,Female,Hyderabad,2025-05-27,15
C19281,46,Male,Noida,2024-10-26,22
C19282,36,Male,Mumbai,2025-02-17,18
C19283,26,Female,Kolkata,2025-06-30,13
C19284,42,Male,Pune,2024-06-03,27
C19285,36,Female,Ahmedabad,2025-10-07,10
C19286,18,Male,Hyderabad,2024-02-20,30
C19287,39,Female,Bangalore,2025-05-04,15
C19288,38,Male,Kolkata,2024-03-16,29
C19289,35,Male,Mumbai,2024-07-28,25
C19290,43,Female,Delhi,2025-10-22,10
C19291,28,Male,Delhi,2023-12-14,32
C19292,38,Male,Kolkata,2026-02-11,6
C19293,19,Male,Mumbai,2023-11-10,33
C19294,39,Male,Pune,2025-08-15,12
C19295,54,Male,Mumbai,2024-01-24,31
C19296,25,Female,Gurgaon,2025-08-08,12
C19297,27,Female,Noida,2025-08-26,12
C19298,27,Male,Mumbai,2025-07-31,12
C19299,36,Female,Gurgaon,2023-11-21,33
C19300,24,Male,Ahmedabad,2025-08-17,12
C19301,39,Female,Pune,2025-01-21,19
C19302,43,Male,Ahmedabad,2026-07-09,1
C19303,40,Female,Ahmedabad,2024-11-24,21
C19304,18,Female,Pune,2025-09-22,11
C19305,44,Female,Pune,2025-08-23,12
C19306,44,Male,Ahmedabad,2024-06-05,26
C19307,43,Male,Ahmedabad,2025-08-02,12
C19308,38,Male,Mumbai,2026-04-01,4
C19309,37,Male,Kolkata,2025-11-01,9
C19310,45,Male,Pune,2026-03-27,4
C19311,54,Female,Hyderabad,2024-03-31,29
C19312,25,Female,Kolkata,2025-04-06,16
C19313,45,Male,Kolkata,2024-02-02,31
C19314,34,Male,Ahmedabad,2024-05-19,27
C19315,33,Female,Chennai,2026-01-28,6
C19316,19,Female,Kolkata,2023-09-08,35
C19317,32,Male,Ahmedabad,2025-11-13,9
C19318,25,Male,Chennai,2026-07-28,0
C19319,30,Female,Ahmedabad,2026-01-29,6
C19320,24,Female,Hyderabad,2024-07-09,25
C19321,30,Male,Pune,2024-06-26,26
C19322,30,Female,Pune,2026-07-10,1
C19323,35,Female,Kolkata,2026-01-08,7
C19324,18,Male,Delhi,2026-07-25,0
C19325,20,Female,Mumbai,2026-05-24,3
C19326,38,Male,Delhi,2025-11-24,9
C19327,27,Female,Ahmedabad,2025-03-31,16
C19328,45,Male,Chennai,2026-03-03,5
C19329,37,Male,Noida,2025-02-19,18
C19330,41,Female,Chennai,2025-11-02,9
C19331,49,Female,Noida,2026-07-25,0
C19332,31,Female,Gurgaon,2026-08-02,0
C19333,29,Male,Chennai,2026-01-16,7
C19334,43,Male,Ahmedabad,2024-09-27,23
C19335,40,Other,Ahmedabad,2026-02-28,5
C19336,33,Female,Chennai,2025-07-03,13
C19337,48,Female,Ahmedabad,2025-11-09,9
C19338,32,Male,Ahmedabad,2023-12-12,32
C19339,35,Male,Mumbai,2024-02-24,30
C19340,35,Male,Mumbai,2025-09-21,11
C19341,25,Female,Kolkata,2024-11-30,21
C19342,35,Female,Mumbai,2024-10-11,22
C19343,48,Male,Delhi,2023-12-15,32
C19344,39,Male,Delhi,2025-10-09,10
C19345,35,Male,Delhi,2025-04-09,16
C19346,33,Female,Hyderabad,2026-04-29,3
C19347,38,Male,Pune,2025-02-20,18
C19348,42,Female,Chennai,2025-12-12,8
C19349,41,Male,Bangalore,2026-07-09,1
C19350,31,Male,Pune,2026-05-22,3
C19351,38,Male,Mumbai,2026-01-23,7
C19352,39,Female,Noida,2024-12-22,20
C19353,24,Male,Noida,2026-01-23,7
C19354,36,Female,Gurgaon,2023-10-09,34
C19355,18,Female,Mumbai,2024-04-23,28
C19356,39,Male,Ahmedabad,2025-11-04,9
C19357,41,Male,Kolkata,2026-08-19,0
C19358,42,Female,Gurgaon,2025-05-19,15
C19359,31,Male,Pune,2026-07-03,1
C19360,38,Male,Gurgaon,2025-05-14,15
C19361,49,Female,Mumbai,2024-03-30,29
C19362,49,Female,Hyderabad,2024-06-23,26
C19363,34,Female,Delhi,2025-10-24,10
C19364,36,Male,Kolkata,2024-08-28,24
C19365,46,Female,Delhi,2025-01-11,19
C19366,19,Male,Pune,2025-05-16,15
C19367,31,Male,Noida,2024-06-25,26
C19368,48,Male,Delhi,2026-01-03,7
C19369,44,Male,Ahmedabad,2023-11-18,33
C19370,38,Female,Chennai,2025-09-08,11
C19371,19,Female,Chennai,2026-01-08,7
C19372,34,Female,Pune,2025-05-19,15
C19373,29,Female,Gurgaon,2026-01-25,6
C19374,38,Male,Noida,2025-01-21,19
C19375,26,Male,Pune,2024-08-20,24
C19376,24,Female,Delhi,2026-03-18,5
C19377,18,Male,Noida,2024-10-07,22
C19378,47,Male,Pune,2025-12-22,8
C19379,31,Male,Noida,2024-08-13,24
C19380,36,Male,Kolkata,2026-03-01,5
C19381,34,Male,Ahmedabad,2026-05-25,2
C19382,24,Male,Chennai,2025-10-16,10
C19383,22,Male,Hyderabad,2025-08-22,12
C19384,24,Male,Noida,2024-03-27,29
C19385,27,Male,Gurgaon,2023-08-31,36
C19386,38,Male,Pune,2024-10-05,22
C19387,27,Female,Delhi,2025-08-15,12
C19388,52,Female,Chennai,2024-04-03,29
C19389,45,Female,Hyderabad,2025-10-18,10
C19390,43,Other,Chennai,2024-12-12,20
C19391,33,Other,Delhi,2025-01-11,19
C19392,50,Male,Chennai,2024-09-07,23
C19393,32,Male,Chennai,2026-01-21,7
C19394,34,Female,Kolkata,2025-02-12,18
C19395,36,Female,Mumbai,2023-11-03,34
C19396,42,Male,Delhi,2024-07-27,25
C19397,41,Female,Delhi,2025-02-24,18
C19398,30,Male,Kolkata,2026-03-18,5
C19399,29,Male,Chennai,2026-08-17,0
C19400,41,Male,Noida,2025-10-21,10
C19401,42,Male,Mumbai,2025-10-25,10
C19402,31,Male,Gurgaon,2024-11-04,21
C19403,19,Female,Kolkata,2025-10-23,10
C19404,32,Male,Hyderabad,2024-06-13,26
C19405,41,Male,Mumbai,2024-02-19,30
C19406,53,Male,Ahmedabad,2023-12-16,32
C19407,23,Female,Mumbai,2026-04-06,4
C19408,30,Other,Chennai,2026-01-02,7
C19409,31,Male,Noida,2024-03-29,29
C19410,48,Male,Kolkata,2025-01-28,19
C19411,34,Male,Mumbai,2025-10-29,9
C19412,25,Female,Bangalore,2026-02-17,6
C19413,40,Male,Kolkata,2024-10-29,22
C19414,30,Male,Gurgaon,2025-12-03,8
C19415,22,Male,Hyderabad,2025-08-14,12
C19416,26,Male,Mumbai,2024-06-24,26
C19417,52,Female,Delhi,2024-08-29,24
C19418,38,Male,Hyderabad,2024-11-06,21
C19419,36,Male,Kolkata,2023-11-13,33
C19420,32,Female,Pune,2024-04-05,28
C19421,37,Female,Delhi,2023-12-10,32
C19422,37,Male,Ahmedabad,2024-04-26,28
C19423,37,Female,Mumbai,2024-10-08,22
C19424,36,Female,Bangalore,2025-11-11,9
C19425,43,Male,Mumbai,2025-04-05,16
C19426,35,Male,Noida,2024-06-28,26
C19427,25,Male,Ahmedabad,2024-04-16,28
C19428,28,Male,Mumbai,2023-11-07,33
C19429,18,Male,Bangalore,2023-08-24,36
C19430,55,Female,Noida,2023-11-17,33
C19431,43,Female,Bangalore,2023-08-27,36
C19432,26,Male,Kolkata,2025-05-07,15
C19433,32,Male,Kolkata,2024-06-25,26
C19434,28,Male,Bangalore,2026-03-03,5
C19435,50,Female,Ahmedabad,2024-04-10,28
C19436,20,Female,Ahmedabad,2023-09-07,36
C19437,36,Male,Bangalore,2025-05-29,15
C19438,33,Female,Kolkata,2026-02-24,5
C19439,43,Male,Bangalore,2025-04-27,16
C19440,33,Female,Gurgaon,2024-08-11,24
C19441,18,Male,Pune,2026-08-16,0
C19442,32,Male,Chennai,2025-07-01,13
C19443,25,Male,Delhi,2026-07-17,1
C19444,35,Female,Kolkata,2024-08-09,24
C19445,49,Female,Bangalore,2023-12-25,32
C19446,18,Female,Chennai,2025-11-21,9
C19447,26,Male,Ahmedabad,2026-01-08,7
C19448,29,Male,Bangalore,2026-04-21,4
C19449,31,Male,Noida,2024-09-05,23
C19450,42,Female,Ahmedabad,2024-08-12,24
C19451,33,Female,Pune,2025-11-09,9
C19452,39,Female,Bangalore,2024-12-26,20
C19453,28,Female,Bangalore,2024-01-22,31
C19454,37,Female,Gurgaon,2025-10-30,9
C19455,42,Female,Pune,2024-04-11,28
C19456,27,Male,Pune,2025-04-12,16
C19457,42,Female,Kolkata,2025-06-16,14
C19458,35,Female,Ahmedabad,2025-05-19,15
C19459,45,Male,Hyderabad,2026-04-29,3
C19460,32,Female,Pune,2025-11-12,9
C19461,38,Male,Mumbai,2025-12-24,8
C19462,34,Male,Pune,2025-11-01,9
C19463,34,Female,Chennai,2024-07-09,25
C19464,37,Male,Bangalore,2026-06-29,1
C19465,40,Male,Chennai,2024-04-04,29
C19466,22,Female,Delhi,2024-07-21,25
C19467,49,Male,Hyderabad,2026-05-03,3
C19468,18,Male,Delhi,2026-01-16,7
C19469,28,Female,Chennai,2026-03-23,5
C19470,34,Male,Hyderabad,2023-12-19,32
C19471,39,Male,Ahmedabad,2025-10-02,10
C19472,50,Male,Delhi,2026-06-21,2
C19473,18,Male,Noida,2025-10-25,10
C19474,29,Male,Pune,2024-08-03,24
C19475,18,Female,Chennai,2025-11-05,9
C19476,35,Male,Delhi,2026-03-13,5
C19477,37,Male,Kolkata,2025-04-07,16
C19478,50,Female,Kolkata,2026-03-17,5
C19479,36,Female,Noida,2026-07-27,0
C19480,45,Male,Mumbai,2024-04-21,28
C19481,40,Male,Hyderabad,2025-10-19,10
C19482,30,Female,Ahmedabad,2025-08-13,12
C19483,20,Female,Pune,2024-01-02,32
C19484,37,Female,Hyderabad,2025-11-08,9
C19485,20,Male,Pune,2023-09-06,36
C19486,47,Male,Delhi,2024-12-16,20
C19487,33,Male,Mumbai,2024-01-02,32
C19488,46,Female,Bangalore,2024-05-01,28
C19489,30,Female,Chennai,2024-09-30,23
C19490,37,Male,Ahmedabad,2024-02-24,30
C19491,37,Male,Noida,2026-07-25,0
C19492,34,Female,Mumbai,2025-01-11,19
C19493,30,Male,Ahmedabad,2026-01-06,7
C19494,38,Male,Delhi,2025-10-06,10
C19495,25,Female,Delhi,2026-04-21,4
C19496,22,Male,Gurgaon,2026-06-17,2
C19497,47,Male,Noida,2025-08-31,11
C19498,42,Male,Gurgaon,2023-10-26,34
C19499,35,Female,Bangalore,2025-09-27,10
C19500,51,Male,Ahmedabad,2026-07-30,0
C19501,32,Female,Kolkata,2024-06-01,27
C19502,48,Male,Noida,2024-04-06,28
C19503,36,Female,Pune,2024-02-03,31
C19504,24,Male,Mumbai,2025-03-11,17
C19505,53,Male,Gurgaon,2023-10-29,34
C19506,44,Female,Ahmedabad,2024-12-03,20
C19507,33,Male,Kolkata,2025-05-13,15
C19508,42,Female,Mumbai,2024-04-06,28
C19509,30,Male,Noida,2025-10-04,10
C19510,43,Male,Pune,2025-02-11,18
C19511,18,Female,Chennai,2026-02-14,6
C19512,24,Female,Pune,2023-09-18,35
C19513,44,Male,Bangalore,2024-07-09,25
C19514,32,Female,Mumbai,2025-12-08,8
C19515,37,Male,Bangalore,2025-06-14,14
C19516,21,Male,Mumbai,2024-05-23,27
C19517,53,Male,Mumbai,2026-04-29,3
C19518,46,Male,Mumbai,2025-05-30,14
C19519,32,Male,Mumbai,2024-06-09,26
C19520,30,Female,Kolkata,2025-08-10,12
C19521,45,Male,Pune,2026-03-16,5
C19522,54,Male,Noida,2024-01-05,32
C19523,44,Female,Pune,2023-12-18,32
C19524,56,Male,Delhi,2024-11-18,21
C19525,25,Male,Kolkata,2024-05-14,27
C19526,26,Male,Bangalore,2024-07-03,26
C19527,23,Male,Ahmedabad,2025-09-18,11
C19528,39,Male,Ahmedabad,2026-05-02,3
C19529,36,Male,Mumbai,2024-07-22,25
C19530,33,Male,Hyderabad,2024-04-05,28
C19531,43,Female,Gurgaon,2025-07-19,13
C19532,47,Female,Gurgaon,2025-02-15,18
C19533,19,Female,Noida,2026-01-11,7
C19534,29,Male,Ahmedabad,2026-01-20,7
C19535,43,Male,Kolkata,2026-03-15,5
C19536,30,Female,Bangalore,2024-08-09,24
C19537,27,Male,Noida,2024-10-03,22
C19538,45,Male,Delhi,2026-06-25,1
C19539,22,Female,Chennai,2025-04-18,16
C19540,31,Male,Chennai,2025-01-21,19
C19541,38,Female,Mumbai,2025-09-22,11
C19542,29,Male,Chennai,2026-01-15,7
C19543,42,Female,Chennai,2026-04-10,4
C19544,29,Female,Noida,2025-06-14,14
C19545,49,Male,Hyderabad,2026-07-30,0
C19546,33,Male,Ahmedabad,2024-11-26,21
C19547,41,Female,Ahmedabad,2025-08-02,12
C19548,42,Female,Noida,2025-07-04,13
C19549,28,Male,Bangalore,2026-06-16,2
C19550,18,Male,Kolkata,2025-04-16,16
C19551,38,Male,Gurgaon,2025-02-16,18
C19552,35,Male,Delhi,2026-02-28,5
C19553,40,Female,Chennai,2026-05-22,3
C19554,32,Male,Bangalore,2023-12-05,33
C19555,30,Male,Gurgaon,2026-05-20,3
C19556,55,Male,Bangalore,2026-05-15,3
C19557,20,Female,Hyderabad,2024-11-15,21
C19558,42,Female,Ahmedabad,2026-02-12,6
C19559,29,Female,Delhi,2024-11-27,21
C19560,31,Female,Ahmedabad,2026-08-04,0
C19561,31,Female,Chennai,2024-08-21,24
C19562,26,Female,Ahmedabad,2025-01-20,19
C19563,40,Male,Kolkata,2024-05-28,27
C19564,48,Male,Bangalore,2023-11-01,34
C19565,39,Female,Noida,2025-07-18,13
C19566,36,Male,Mumbai,2024-11-15,21
C19567,25,Female,Ahmedabad,2024-06-12,26
C19568,40,Male,Ahmedabad,2024-08-23,24
C19569,56,Female,Noida,2025-11-29,8
C19570,31,Male,Pune,2026-02-03,6
C19571,31,Male,Hyderabad,2024-10-12,22
C19572,29,Female,Mumbai,2024-05-09,27
C19573,30,Male,Pune,2023-10-25,34
C19574,18,Female,Hyderabad,2026-01-27,6
C19575,39,Female,Pune,2023-10-28,34
C19576,26,Other,Gurgaon,2025-10-18,10
C19577,18,Female,Kolkata,2026-07-04,1
C19578,42,Male,Mumbai,2024-06-30,26
C19579,24,Female,Delhi,2023-12-19,32
C19580,31,Male,Mumbai,2026-06-06,2
C19581,49,Male,Gurgaon,2025-01-04,19
C19582,20,Female,Delhi,2025-09-25,11
C19583,19,Female,Noida,2025-10-15,10
C19584,37,Male,Delhi,2024-01-16,31
C19585,46,Male,Pune,2026-03-13,5
C19586,19,Female,Kolkata,2026-02-11,6
C19587,39,Male,Noida,2025-05-04,15
C19588,40,Female,Noida,2025-06-06,14
C19589,18,Female,Kolkata,2025-11-06,9
C19590,42,Male,Hyderabad,2025-09-26,11
C19591,43,Male,Hyderabad,2023-10-29,34
C19592,31,Male,Noida,2023-09-29,35
C19593,47,Female,Mumbai,2023-09-15,35
C19594,46,Female,Bangalore,2024-09-21,23
C19595,36,Female,Hyderabad,2024-02-17,30
C19596,30,Male,Kolkata,2025-11-26,8
C19597,25,Female,Chennai,2024-09-26,23
C19598,34,Male,Kolkata,2025-01-03,19
C19599,40,Female,Pune,2024-08-14,24
C19600,31,Male,Noida,2024-03-22,29
C19601,18,Female,Hyderabad,2026-06-01,2
C19602,47,Female,Ahmedabad,2024-06-19,26
C19603,36,Male,Mumbai,2025-04-19,16
C19604,31,Female,Hyderabad,2025-06-20,14
C19605,43,Male,Gurgaon,2026-03-21,5
C19606,50,Male,Pune,2025-10-13,10
C19607,18,Male,Pune,2023-11-07,33
C19608,39,Female,Delhi,2026-02-03,6
C19609,20,Female,Ahmedabad,2026-07-22,1
C19610,39,Female,Pune,2025-11-02,9
C19611,36,Female,Ahmedabad,2024-11-26,21
C19612,41,Male,Noida,2026-02-24,5
C19613,30,Male,Kolkata,2023-11-04,34
C19614,18,Male,Kolkata,2026-02-10,6
C19615,30,Female,Bangalore,2024-02-02,31
C19616,39,Female,Noida,2024-11-17,21
C19617,45,Male,Noida,2025-09-08,11
C19618,23,Female,Ahmedabad,2024-12-24,20
C19619,45,Female,Chennai,2025-09-25,11
C19620,28,Male,Hyderabad,2026-04-04,4
C19621,38,Female,Noida,2025-01-25,19
C19622,29,Female,Hyderabad,2024-08-07,24
C19623,36,Male,Bangalore,2024-08-28,24
C19624,43,Female,Hyderabad,2026-02-20,6
C19625,22,Male,Mumbai,2026-03-29,4
C19626,28,Male,Mumbai,2025-08-20,12
C19627,36,Male,Chennai,2024-01-21,31
C19628,59,Female,Kolkata,2025-03-11,17
C19629,26,Male,Chennai,2023-12-26,32
C19630,55,Female,Pune,2025-03-15,17
C19631,55,Female,Gurgaon,2024-02-28,30
C19632,34,Male,Kolkata,2025-11-07,9
C19633,32,Female,Noida,2025-12-11,8
C19634,28,Male,Chennai,2023-11-26,33
C19635,34,Female,Delhi,2026-06-01,2
C19636,20,Male,Gurgaon,2024-08-07,24
C19637,34,Female,Gurgaon,2025-01-11,19
C19638,49,Female,Ahmedabad,2024-05-22,27
C19639,28,Female,Bangalore,2024-05-06,27
C19640,32,Male,Gurgaon,2025-11-30,8
C19641,18,Female,Noida,2024-03-02,30
C19642,38,Male,Delhi,2024-07-31,25
C19643,37,Male,Mumbai,2023-10-07,35
C19644,35,Male,Chennai,2024-11-17,21
C19645,32,Male,Noida,2024-07-17,25
C19646,32,Female,Chennai,2026-03-04,5
C19647,40,Female,Delhi,2024-04-27,28
C19648,34,Male,Chennai,2023-10-20,34
C19649,38,Female,Hyderabad,2024-02-12,30
C19650,37,Male,Delhi,2025-03-01,17
C19651,46,Female,Delhi,2026-05-26,2
C19652,41,Female,Mumbai,2026-04-27,3
C19653,36,Female,Hyderabad,2025-04-07,16
C19654,50,Male,Gurgaon,2026-08-05,0
C19655,39,Female,Gurgaon,2025-10-09,10
C19656,48,Male,Hyderabad,2026-01-18,7
C19657,41,Female,Noida,2025-01-03,19
C19658,18,Female,Delhi,2024-07-13,25
C19659,48,Female,Mumbai,2025-10-01,10
C19660,36,Male,Kolkata,2024-05-26,27
C19661,34,Female,Kolkata,2026-03-25,5
C19662,37,Female,Hyderabad,2025-05-22,15
C19663,31,Female,Hyderabad,2024-06-17,26
C19664,37,Female,Kolkata,2024-01-18,31
C19665,29,Female,Mumbai,2026-02-11,6
C19666,47,Female,Mumbai,2024-09-06,23
C19667,33,Male,Delhi,2024-01-10,31
C19668,31,Female,Hyderabad,2024-01-05,32
C19669,25,Male,Hyderabad,2024-01-12,31
C19670,37,Female,Hyderabad,2026-01-10,7
C19671,36,Female,Mumbai,2026-02-27,5
C19672,38,Male,Chennai,2025-08-17,12
C19673,24,Female,Bangalore,2026-01-12,7
C19674,18,Female,Delhi,2024-05-31,27
C19675,41,Male,Delhi,2024-03-17,29
C19676,49,Male,Noida,2025-07-09,13
C19677,24,Male,Bangalore,2024-05-21,27
C19678,50,Female,Kolkata,2024-10-17,22
C19679,37,Male,Ahmedabad,2026-04-11,4
C19680,34,Female,Chennai,2024-11-10,21
C19681,31,Male,Mumbai,2024-09-19,23
C19682,21,Male,Mumbai,2023-11-30,33
C19683,44,Female,Gurgaon,2025-06-12,14
C19684,27,Male,Mumbai,2023-12-20,32
C19685,27,Other,Pune,2025-12-30,7
C19686,44,Male,Ahmedabad,2025-01-28,19
C19687,18,Male,Chennai,2024-02-03,31
C19688,19,Male,Mumbai,2026-06-04,2
C19689,34,Female,Noida,2025-10-07,10
C19690,37,Male,Delhi,2024-01-02,32
C19691,39,Female,Mumbai,2025-10-27,9
C19692,31,Male,Chennai,2025-06-10,14
C19693,60,Male,Pune,2024-11-04,21
C19694,32,Female,Delhi,2026-06-18,2
C19695,32,Female,Gurgaon,2024-07-04,25
C19696,27,Male,Kolkata,2026-04-16,4
C19697,36,Male,Pune,2024-08-11,24
C19698,41,Female,Mumbai,2024-03-24,29
C19699,47,Male,Noida,2023-12-26,32
C19700,20,Male,Delhi,2025-06-10,14
C19701,32,Male,Delhi,2026-05-03,3
C19702,39,Male,Ahmedabad,2025-06-14,14
C19703,40,Male,Pune,2026-07-06,1
C19704,35,Male,Noida,2024-04-07,28
C19705,40,Female,Hyderabad,2025-02-15,18
C19706,26,Male,Pune,2025-03-23,17
C19707,50,Female,Hyderabad,2025-08-26,12
C19708,44,Other,Hyderabad,2026-03-03,5
C19709,21,Female,Noida,2025-11-04,9
C19710,24,Female,Noida,2026-04-02,4
C19711,24,Male,Pune,2025-02-07,18
C19712,41,Male,Gurgaon,2024-05-14,27
C19713,22,Female,Delhi,2026-03-07,5
C19714,31,Male,Hyderabad,2024-12-19,20
C19715,39,Male,Chennai,2024-02-09,30
C19716,34,Female,Chennai,2024-04-14,28
C19717,37,Male,Delhi,2023-09-12,35
C19718,24,Female,Hyderabad,2025-06-09,14
C19719,40,Female,Kolkata,2025-03-08,17
C19720,28,Female,Bangalore,2025-08-10,12
C19721,31,Female,Delhi,2026-05-03,3
C19722,37,Male,Chennai,2026-02-13,6
C19723,36,Female,Gurgaon,2024-03-27,29
C19724,35,Male,Pune,2024-09-20,23
C19725,27,Female,Mumbai,2024-12-21,20
C19726,32,Male,Chennai,2025-09-19,11
C19727,35,Female,Delhi,2025-07-11,13
C19728,21,Female,Gurgaon,2024-09-05,23
C19729,30,Male,Kolkata,2024-04-15,28
C19730,38,Male,Chennai,2023-12-09,32
C19731,22,Male,Chennai,2023-12-22,32
C19732,46,Male,Chennai,2025-09-26,11
C19733,47,Male,Pune,2024-03-10,29
C19734,22,Female,Ahmedabad,2024-08-25,24
C19735,48,Male,Bangalore,2024-06-16,26
C19736,33,Male,Ahmedabad,2026-08-01,0
C19737,39,Female,Chennai,2025-07-11,13
C19738,30,Male,Kolkata,2026-03-15,5
C19739,44,Male,Chennai,2025-10-29,9
C19740,39,Female,Hyderabad,2024-10-27,22
C19741,26,Female,Noida,2024-11-11,21
C19742,23,Male,Hyderabad,2026-07-23,1
C19743,20,Male,Pune,2025-10-17,10
C19744,36,Male,Hyderabad,2024-01-25,31
C19745,40,Male,Ahmedabad,2025-10-23,10
C19746,41,Male,Gurgaon,2023-11-03,34
C19747,33,Female,Hyderabad,2024-11-11,21
C19748,23,Female,Gurgaon,2026-01-01,7
C19749,28,Male,Pune,2024-05-11,27
C19750,46,Female,Hyderabad,2025-03-01,17
C19751,30,Male,Delhi,2023-09-20,35
C19752,36,Male,Hyderabad,2026-08-14,0
C19753,24,Female,Hyderabad,2024-02-11,30
C19754,38,Female,Delhi,2025-12-07,8
C19755,30,Male,Chennai,2024-02-13,30
C19756,45,Male,Ahmedabad,2026-02-03,6
C19757,42,Female,Pune,2026-06-08,2
C19758,30,Male,Kolkata,2025-05-31,14
C19759,33,Male,Pune,2025-08-02,12
C19760,29,Male,Ahmedabad,2024-04-13,28
C19761,20,Female,Pune,2025-09-15,11
C19762,26,Male,Mumbai,2024-07-09,25
C19763,36,Other,Gurgaon,2025-06-05,14
C19764,38,Male,Gurgaon,2024-09-08,23
C19765,36,Male,Ahmedabad,2025-06-18,14
C19766,31,Female,Ahmedabad,2025-07-26,13
C19767,44,Male,Kolkata,2026-07-23,1
C19768,35,Male,Bangalore,2024-07-24,25
C19769,42,Male,Delhi,2024-08-06,24
C19770,18,Male,Chennai,2026-07-19,1
C19771,18,Female,Noida,2024-12-11,20
C19772,37,Male,Hyderabad,2024-12-01,20
C19773,20,Female,Mumbai,2023-10-28,34
C19774,32,Female,Mumbai,2025-12-09,8
C19775,31,Male,Delhi,2023-11-03,34
C19776,50,Male,Hyderabad,2024-01-31,31
C19777,38,Male,Kolkata,2024-04-26,28
C19778,36,Male,Delhi,2024-05-03,28
C19779,43,Female,Delhi,2024-08-31,24
C19780,38,Male,Delhi,2024-08-30,24
C19781,30,Female,Ahmedabad,2024-04-01,29
C19782,45,Male,Pune,2023-09-15,35
C19783,23,Male,Chennai,2024-10-03,22
C19784,38,Male,Gurgaon,2026-01-01,7
C19785,19,Male,Delhi,2025-08-26,12
C19786,37,Female,Delhi,2024-01-25,31
C19787,36,Female,Ahmedabad,2024-03-27,29
C19788,51,Male,Bangalore,2024-07-18,25
C19789,19,Female,Pune,2025-08-24,12
C19790,28,Female,Pune,2025-09-22,11
C19791,43,Female,Noida,2024-03-12,29
C19792,38,Female,Noida,2024-07-01,26
C19793,36,Female,Noida,2025-01-15,19
C19794,25,Male,Kolkata,2024-03-09,29
C19795,29,Male,Noida,2025-01-18,19
C19796,47,Male,Kolkata,2026-01-30,6
C19797,34,Female,Kolkata,2026-02-23,6
C19798,38,Female,Kolkata,2026-01-21,7
C19799,33,Female,Kolkata,2026-02-19,6
C19800,23,Female,Pune,2026-07-19,1
C19801,44,Male,Ahmedabad,2024-05-01,28
C19802,40,Female,Bangalore,2026-01-21,7
C19803,58,Female,Gurgaon,2023-11-09,33
C19804,24,Female,Noida,2026-01-29,6
C19805,43,Female,Chennai,2024-02-24,30
C19806,21,Male,Noida,2023-10-26,34
C19807,36,Male,Chennai,2026-06-16,2
C19808,44,Female,Kolkata,2025-01-05,19
C19809,18,Male,Bangalore,2024-04-12,28
C19810,32,Male,Kolkata,2025-06-14,14
C19811,29,Male,Gurgaon,2025-05-22,15
C19812,27,Male,Hyderabad,2024-02-02,31
C19813,38,Female,Delhi,2024-07-02,26
C19814,46,Female,Mumbai,2025-12-30,7
C19815,33,Female,Chennai,2025-07-17,13
C19816,37,Male,Hyderabad,2024-01-03,32
C19817,36,Female,Ahmedabad,2025-12-10,8
C19818,35,Female,Pune,2024-09-02,23
C19819,24,Other,Chennai,2024-01-14,31
C19820,46,Female,Mumbai,2024-04-28,28
C19821,37,Female,Ahmedabad,2024-06-02,27
C19822,38,Male,Gurgaon,2026-08-06,0
C19823,26,Male,Pune,2024-07-15,25
C19824,30,Female,Kolkata,2025-05-20,15
C19825,33,Female,Hyderabad,2023-10-17,34
C19826,19,Female,Hyderabad,2025-01-18,19
C19827,18,Male,Pune,2025-02-19,18
C19828,28,Female,Ahmedabad,2025-02-26,18
C19829,40,Male,Pune,2024-11-30,21
C19830,28,Male,Delhi,2024-04-24,28
C19831,24,Male,Gurgaon,2025-04-14,16
C19832,26,Female,Noida,2026-08-13,0
C19833,30,Male,Mumbai,2024-04-24,28
C19834,31,Female,Hyderabad,2026-06-16,2
C19835,56,Male,Mumbai,2026-07-21,1
C19836,45,Female,Noida,2026-06-29,1
C19837,45,Female,Pune,2025-10-11,10
C19838,46,Female,Noida,2024-07-16,25
C19839,25,Male,Ahmedabad,2023-09-24,35
C19840,22,Male,Pune,2024-11-09,21
C19841,23,Female,Noida,2024-10-04,22
C19842,48,Male,Mumbai,2025-09-06,11
C19843,29,Male,Chennai,2024-03-24,29
C19844,22,Male,Kolkata,2025-04-13,16
C19845,30,Female,Bangalore,2024-06-11,26
C19846,32,Male,Delhi,2025-07-23,13
C19847,37,Male,Mumbai,2024-06-07,26
C19848,37,Female,Ahmedabad,2026-05-08,3
C19849,26,Female,Pune,2024-03-26,29
C19850,41,Male,Noida,2025-12-01,8
C19851,28,Male,Pune,2024-06-13,26
C19852,33,Female,Delhi,2025-08-31,11
C19853,41,Male,Delhi,2024-05-18,27
C19854,28,Female,Mumbai,2024-11-08,21
C19855,29,Female,Delhi,2023-09-27,35
C19856,40,Male,Kolkata,2025-10-01,10
C19857,26,Female,Mumbai,2024-03-09,29
C19858,31,Male,Kolkata,2025-05-05,15
C19859,40,Male,Pune,2026-01-30,6
C19860,55,Female,Delhi,2025-12-06,8
C19861,41,Female,Gurgaon,2023-10-24,34
C19862,39,Male,Mumbai,2025-12-22,8
C19863,40,Male,Hyderabad,2024-06-10,26
C19864,24,Male,Pune,2025-03-07,17
C19865,36,Male,Noida,2025-09-30,10
C19866,34,Female,Bangalore,2024-10-30,22
C19867,38,Female,Pune,2025-06-30,13
C19868,36,Male,Ahmedabad,2026-02-12,6
C19869,38,Male,Chennai,2026-02-11,6
C19870,31,Male,Noida,2026-06-30,1
C19871,35,Male,Bangalore,2024-03-09,29
C19872,22,Male,Gurgaon,2026-07-29,0
C19873,31,Male,Delhi,2025-10-12,10
C19874,48,Male,Mumbai,2026-06-26,1
C19875,38,Female,Bangalore,2026-03-13,5
C19876,34,Female,Ahmedabad,2024-06-29,26
C19877,53,Male,Chennai,2026-07-01,1
C19878,21,Female,Chennai,2025-11-27,8
C19879,23,Female,Delhi,2024-02-04,31
C19880,52,Other,Noida,2024-08-18,24
C19881,35,Female,Bangalore,2025-08-04,12
C19882,32,Female,Bangalore,2025-04-18,16
C19883,23,Female,Mumbai,2025-05-24,15
C19884,39,Male,Bangalore,2024-12-21,20
C19885,40,Female,Hyderabad,2025-07-21,13
C19886,24,Female,Ahmedabad,2025-04-06,16
C19887,33,Male,Gurgaon,2024-07-08,25
C19888,31,Female,Mumbai,2025-03-06,17
C19889,37,Male,Kolkata,2026-05-08,3
C19890,23,Female,Delhi,2025-02-04,18
C19891,47,Male,Ahmedabad,2026-03-05,5
C19892,44,Female,Kolkata,2025-10-31,9
C19893,31,Female,Mumbai,2026-07-05,1
C19894,32,Female,Noida,2026-01-22,7
C19895,33,Female,Gurgaon,2026-01-06,7
C19896,27,Male,Gurgaon,2024-01-24,31
C19897,30,Female,Chennai,2025-12-13,8
C19898,32,Male,Bangalore,2026-01-14,7
C19899,51,Female,Ahmedabad,2025-11-04,9
C19900,44,Male,Bangalore,2025-01-20,19
C19901,44,Male,Gurgaon,2025-03-03,17
C19902,38,Female,Ahmedabad,2025-08-17,12
C19903,23,Female,Bangalore,2026-02-12,6
C19904,34,Male,Ahmedabad,2026-03-16,5
C19905,44,Female,Kolkata,2023-11-13,33
C19906,22,Female,Noida,2024-08-11,24
C19907,41,Male,Pune,2025-06-22,14
C19908,58,Female,Bangalore,2024-06-12,26
C19909,45,Male,Chennai,2026-01-27,6
C19910,49,Female,Bangalore,2023-11-20,33
C19911,37,Male,Hyderabad,2026-07-08,1
C19912,44,Female,Gurgaon,2024-04-26,28
C19913,27,Male,Chennai,2026-03-24,5
C19914,42,Male,Hyderabad,2023-11-29,33
C19915,41,Male,Chennai,2026-03-18,5
C19916,37,Female,Gurgaon,2025-06-17,14
C19917,48,Female,Hyderabad,2024-04-14,28
C19918,29,Female,Ahmedabad,2024-07-14,25
C19919,33,Female,Chennai,2024-11-17,21
C19920,35,Male,Ahmedabad,2024-02-10,30
C19921,24,Male,Kolkata,2025-09-26,11
C19922,37,Male,Ahmedabad,2025-08-18,12
C19923,18,Male,Noida,2024-12-18,20
C19924,45,Female,Bangalore,2026-08-01,0
C19925,35,Male,Pune,2025-08-21,12
C19926,29,Male,Ahmedabad,2026-06-18,2
C19927,26,Male,Bangalore,2025-12-24,8
C19928,32,Male,Pune,2024-09-18,23
C19929,41,Male,Mumbai,2024-09-10,23
C19930,40,Female,Bangalore,2023-12-04,33
C19931,27,Male,Chennai,2026-08-11,0
C19932,26,Female,Kolkata,2025-10-01,10
C19933,41,Female,Pune,2023-09-18,35
C19934,27,Female,Bangalore,2025-03-18,17
C19935,35,Female,Gurgaon,2025-12-15,8
C19936,36,Female,Bangalore,2025-07-23,13
C19937,38,Male,Bangalore,2026-06-22,2
C19938,43,Male,Noida,2026-07-05,1
C19939,22,Female,Gurgaon,2023-09-26,35
C19940,18,Male,Hyderabad,2023-10-08,34
C19941,29,Male,Bangalore,2025-10-13,10
C19942,53,Male,Kolkata,2025-06-05,14
C19943,55,Female,Gurgaon,2024-08-04,24
C19944,53,Male,Kolkata,2025-12-29,7
C19945,33,Female,Mumbai,2025-06-03,14
C19946,18,Female,Noida,2026-06-22,2
C19947,18,Male,Mumbai,2024-10-20,22
C19948,28,Male,Bangalore,2025-11-11,9
C19949,33,Male,Bangalore,2025-05-28,15
C19950,48,Male,Pune,2026-03-04,5
C19951,43,Male,Bangalore,2025-12-05,8
C19952,37,Male,Kolkata,2025-02-19,18
C19953,26,Female,Ahmedabad,2025-02-07,18
C19954,25,Female,Chennai,2023-12-09,32
C19955,37,Male,Delhi,2025-07-09,13
C19956,41,Female,Hyderabad,2026-02-14,6
C19957,38,Female,Mumbai,2024-09-07,23
C19958,24,Male,Kolkata,2024-12-27,20
C19959,41,Male,Ahmedabad,2024-01-08,31
C19960,39,Female,Kolkata,2023-11-10,33
C19961,24,Female,Chennai,2024-03-11,29
C19962,27,Female,Kolkata,2023-10-07,35
C19963,41,Male,Delhi,2024-05-24,27
C19964,32,Female,Kolkata,2025-07-22,13
C19965,50,Female,Delhi,2025-03-27,17
C19966,40,Male,Bangalore,2025-09-01,11
C19967,30,Female,Gurgaon,2025-07-12,13
C19968,34,Male,Bangalore,2025-01-23,19
C19969,35,Male,Mumbai,2024-06-08,26
C19970,27,Male,Bangalore,2026-01-23,7
C19971,25,Female,Noida,2024-11-21,21
C19972,42,Female,Mumbai,2025-09-16,11
C19973,43,Female,Pune,2025-06-26,14
C19974,41,Female,Bangalore,2023-11-26,33
C19975,50,Male,Noida,2024-03-17,29
C19976,29,Female,Chennai,2024-02-20,30
C19977,51,Female,Ahmedabad,2024-04-06,28
C19978,25,Female,Bangalore,2025-02-11,18
C19979,24,Male,Mumbai,2024-11-07,21
C19980,18,Female,Mumbai,2026-01-13,7
C19981,30,Male,Pune,2024-06-28,26
C19982,29,Female,Noida,2024-03-25,29
C19983,40,Female,Mumbai,2025-07-08,13
C19984,37,Female,Mumbai,2024-08-29,24
C19985,23,Male,Kolkata,2024-07-17,25
C19986,31,Male,Bangalore,2026-04-12,4
C19987,31,Male,Bangalore,2024-02-13,30
C19988,18,Female,Hyderabad,2025-09-13,11
C19989,25,Female,Hyderabad,2026-06-13,2
C19990,27,Female,Hyderabad,2023-10-09,34
C19991,49,Male,Pune,2025-03-21,17
C19992,36,Male,Gurgaon,2024-05-04,28
C19993,41,Male,Noida,2024-12-28,20
C19994,20,Male,Gurgaon,2023-08-31,36
C19995,46,Female,Delhi,2024-08-30,24
C19996,48,Female,Kolkata,2024-05-28,27
C19997,18,Other,Kolkata,2026-06-21,2
C19998,27,Male,Bangalore,2025-12-30,7
C19999,39,Male,Noida,2025-08-18,12
C20000,41,Male,Chennai,2024-10-30,22
C20001,28,Female,Chennai,2024-03-25,29
C20002,31,Female,Pune,2025-08-06,12
C20003,29,Male,Bangalore,2024-08-19,24
C20004,36,Male,Ahmedabad,2025-04-06,16
C20005,46,Female,Pune,2026-03-26,4
C20006,27,Female,Bangalore,2025-06-07,14
C20007,45,Male,Bangalore,2024-07-21,25
C20008,27,Female,Delhi,2024-07-21,25
C20009,26,Male,Gurgaon,2025-10-28,9
C20010,43,Female,Noida,2024-11-16,21
C20011,44,Male,Hyderabad,2025-12-14,8
C20012,43,Male,Hyderabad,2026-08-02,0
C20013,21,Male,Hyderabad,2024-11-07,21
C20014,30,Male,Pune,2026-07-30,0
C20015,43,Female,Mumbai,2024-10-17,22
C20016,35,Female,Pune,2025-06-10,14
C20017,24,Male,Ahmedabad,2024-01-11,31
C20018,39,Female,Bangalore,2024-11-01,21
C20019,27,Male,Ahmedabad,2025-05-02,15
C20020,52,Male,Mumbai,2026-04-08,4
C20021,50,Female,Gurgaon,2024-06-23,26
C20022,41,Female,Ahmedabad,2025-01-18,19
C20023,48,Male,Noida,2025-06-13,14
C20024,35,Male,Chennai,2023-09-07,36
C20025,42,Female,Ahmedabad,2025-06-02,14
C20026,49,Male,Noida,2026-01-23,7
C20027,37,Female,Bangalore,2025-01-29,19
C20028,32,Female,Mumbai,2026-03-21,5
C20029,18,Male,Noida,2024-04-10,28
C20030,34,Male,Hyderabad,2024-03-13,29
C20031,43,Female,Ahmedabad,2024-11-09,21
C20032,44,Male,Gurgaon,2024-11-04,21
C20033,40,Male,Gurgaon,2025-07-12,13
C20034,29,Female,Ahmedabad,2025-07-14,13
C20035,18,Female,Ahmedabad,2026-05-12,3
C20036,30,Male,Hyderabad,2023-11-14,33
C20037,31,Female,Chennai,2023-11-04,34
C20038,31,Female,Ahmedabad,2026-05-18,3
C20039,41,Male,Pune,2025-02-05,18
C20040,54,Male,Kolkata,2024-04-11,28
C20041,36,Female,Ahmedabad,2025-12-20,8
C20042,32,Male,Delhi,2025-12-10,8
C20043,32,Male,Delhi,2024-02-06,30
C20044,36,Female,Gurgaon,2025-09-05,11
C20045,26,Female,Kolkata,2024-10-21,22
C20046,36,Female,Kolkata,2024-06-28,26
C20047,39,Female,Hyderabad,2025-04-24,16
C20048,37,Male,Pune,2026-07-09,1
C20049,39,Male,Ahmedabad,2025-01-15,19
C20050,39,Female,Ahmedabad,2026-07-16,1
C20051,18,Female,Mumbai,2026-08-12,0
C20052,41,Female,Pune,2024-01-19,31
C20053,28,Male,Pune,2025-01-16,19
C20054,24,Female,Mumbai,2025-11-26,8
C20055,23,Male,Kolkata,2024-05-19,27
C20056,39,Male,Ahmedabad,2026-06-07,2
C20057,32,Male,Pune,2023-08-25,36
C20058,18,Male,Pune,2023-09-06,36
C20059,39,Female,Delhi,2026-06-02,2
C20060,20,Male,Delhi,2024-09-30,23
C20061,36,Male,Delhi,2026-07-19,1
C20062,37,Male,Kolkata,2026-04-01,4
C20063,43,Female,Ahmedabad,2024-01-02,32
C20064,52,Female,Mumbai,2026-02-08,6
C20065,21,Female,Kolkata,2024-04-23,28
C20066,34,Male,Hyderabad,2024-12-13,20
C20067,32,Female,Pune,2025-02-05,18
C20068,39,Male,Hyderabad,2024-11-10,21
C20069,37,Male,Gurgaon,2024-09-12,23
C20070,31,Female,Bangalore,2024-05-24,27
C20071,30,Male,Gurgaon,2026-03-11,5
C20072,23,Male,Noida,2024-11-18,21
C20073,44,Male,Kolkata,2023-11-14,33
C20074,39,Male,Kolkata,2026-05-17,3
C20075,44,Male,Delhi,2024-06-07,26
C20076,31,Male,Pune,2024-12-18,20
C20077,28,Male,Hyderabad,2024-02-03,31
C20078,24,Female,Noida,2023-11-15,33
C20079,38,Female,Ahmedabad,2025-12-16,8
C20080,24,Female,Ahmedabad,2024-07-17,25
C20081,53,Female,Hyderabad,2026-01-23,7
C20082,21,Female,Delhi,2026-06-23,2
C20083,37,Male,Delhi,2025-05-20,15
C20084,50,Male,Chennai,2026-05-16,3
C20085,40,Female,Bangalore,2026-07-31,0
C20086,36,Male,Chennai,2025-11-10,9
C20087,25,Male,Pune,2026-01-18,7
C20088,21,Male,Delhi,2024-10-29,22
C20089,42,Female,Kolkata,2024-03-12,29
C20090,50,Female,Noida,2025-05-15,15
C20091,30,Male,Hyderabad,2025-09-07,11
C20092,23,Female,Mumbai,2026-02-22,6
C20093,18,Female,Noida,2025-07-26,13
C20094,25,Male,Mumbai,2024-07-27,25
C20095,33,Male,Hyderabad,2026-08-11,0
C20096,50,Male,Ahmedabad,2026-05-06,3
C20097,41,Female,Gurgaon,2025-03-08,17
C20098,38,Male,Hyderabad,2026-05-25,2
C20099,30,Male,Gurgaon,2026-01-07,7
C20100,29,Male,Bangalore,2026-05-15,3
C20101,49,Female,Kolkata,2024-12-06,20
C20102,37,Female,Pune,2026-03-21,5
C20103,18,Male,Delhi,2025-02-27,18
C20104,28,Female,Kolkata,2024-10-16,22
C20105,26,Male,Bangalore,2024-07-05,25
C20106,29,Male,Gurgaon,2025-02-15,18
C20107,40,Female,Noida,2025-09-07,11
C20108,33,Male,Bangalore,2025-11-12,9
C20109,34,Male,Pune,2024-01-21,31
C20110,48,Male,Kolkata,2025-12-19,8
C20111,28,Female,Hyderabad,2025-12-06,8
C20112,53,Female,Bangalore,2024-11-06,21
C20113,28,Female,Kolkata,2025-10-22,10
C20114,35,Female,Pune,2024-04-27,28
C20115,32,Female,Hyderabad,2024-02-18,30
C20116,36,Male,Bangalore,2025-12-14,8
C20117,39,Female,Kolkata,2023-09-18,35
C20118,39,Female,Gurgaon,2023-09-06,36
C20119,27,Male,Noida,2025-04-16,16
C20120,23,Male,Pune,2023-12-17,32
C20121,60,Male,Delhi,2023-11-22,33
C20122,30,Female,Noida,2025-01-24,19
C20123,41,Male,Kolkata,2024-10-31,22
C20124,18,Male,Pune,2023-12-07,32
C20125,32,Male,Bangalore,2025-05-16,15
C20126,33,Male,Noida,2026-02-14,6
C20127,39,Female,Chennai,2025-02-27,18
C20128,18,Male,Kolkata,2024-12-23,20
C20129,36,Male,Bangalore,2026-03-05,5
C20130,23,Female,Hyderabad,2024-08-29,24
C20131,38,Female,Gurgaon,2025-04-12,16
C20132,24,Male,Bangalore,2025-06-26,14
C20133,26,Male,Gurgaon,2026-03-15,5
C20134,32,Female,Mumbai,2026-03-21,5
C20135,24,Male,Pune,2023-11-13,33
C20136,30,Female,Kolkata,2026-04-20,4
C20137,23,Male,Pune,2025-06-12,14
C20138,18,Male,Mumbai,2026-07-26,0
C20139,45,Male,Chennai,2025-06-05,14
C20140,22,Male,Kolkata,2024-01-06,31
C20141,33,Female,Gurgaon,2024-06-24,26
C20142,42,Female,Bangalore,2025-08-02,12
C20143,28,Female,Kolkata,2023-11-27,33
C20144,26,Female,Ahmedabad,2026-01-19,7
C20145,37,Female,Mumbai,2024-09-23,23
C20146,46,Female,Chennai,2025-06-20,14
C20147,23,Female,Ahmedabad,2023-09-06,36
C20148,33,Male,Kolkata,2023-10-04,35
C20149,18,Male,Pune,2024-11-18,21
C20150,31,Female,Chennai,2024-11-21,21
C20151,35,Female,Noida,2024-02-04,31
C20152,26,Female,Kolkata,2025-10-10,10
C20153,30,Female,Pune,2023-10-23,34
C20154,20,Male,Gurgaon,2026-01-17,7
C20155,35,Female,Bangalore,2025-11-28,8
C20156,45,Female,Hyderabad,2025-05-30,14
C20157,24,Male,Gurgaon,2024-08-07,24
C20158,28,Female,Gurgaon,2024-06-23,26
C20159,40,Female,Chennai,2024-02-07,30
C20160,47,Female,Ahmedabad,2023-10-05,35
C20161,20,Female,Pune,2025-07-02,13
C20162,33,Male,Delhi,2024-05-24,27
C20163,37,Male,Pune,2025-08-02,12
C20164,33,Female,Hyderabad,2026-04-03,4
C20165,18,Male,Delhi,2025-01-29,19
C20166,40,Male,Bangalore,2024-04-07,28
C20167,50,Male,Hyderabad,2025-09-19,11
C20168,36,Female,Chennai,2024-11-30,21
C20169,24,Male,Chennai,2026-01-24,7
C20170,29,Male,Chennai,2025-10-24,10
C20171,52,Female,Noida,2024-01-20,31
C20172,44,Female,Mumbai,2026-01-14,7
C20173,41,Female,Bangalore,2026-01-08,7
C20174,38,Female,Chennai,2025-04-16,16
C20175,28,Male,Hyderabad,2026-07-19,1
C20176,32,Male,Delhi,2024-01-21,31
C20177,34,Male,Ahmedabad,2025-08-03,12
C20178,40,Female,Chennai,2025-02-21,18
C20179,50,Male,Mumbai,2026-06-24,1
C20180,46,Female,Gurgaon,2023-12-20,32
C20181,20,Male,Chennai,2023-08-30,36
C20182,37,Male,Gurgaon,2024-02-06,30
C20183,42,Female,Hyderabad,2024-08-31,24
C20184,41,Female,Noida,2025-02-24,18
C20185,28,Male,Pune,2025-12-22,8
C20186,64,Male,Bangalore,2026-03-02,5
C20187,22,Male,Hyderabad,2024-08-26,24
C20188,24,Male,Gurgaon,2024-03-21,29
C20189,37,Female,Noida,2025-06-13,14
C20190,56,Male,Mumbai,2025-10-17,10
C20191,26,Male,Ahmedabad,2024-05-31,27
C20192,32,Female,Pune,2023-10-28,34
C20193,45,Female,Noida,2024-03-22,29
C20194,34,Male,Ahmedabad,2023-10-16,34
C20195,31,Male,Chennai,2024-10-07,22
C20196,40,Male,Pune,2026-05-05,3
C20197,37,Male,Kolkata,2024-03-01,30
C20198,45,Female,Mumbai,2025-02-09,18
C20199,47,Female,Gurgaon,2024-07-25,25
C20200,38,Male,Hyderabad,2026-02-02,6
C20201,37,Female,Chennai,2026-05-13,3
C20202,37,Male,Kolkata,2024-06-29,26
C20203,39,Male,Gurgaon,2024-04-08,28
C20204,35,Female,Noida,2025-07-20,13
C20205,34,Male,Chennai,2024-12-27,20
C20206,46,Male,Mumbai,2025-07-30,12
C20207,50,Female,Noida,2024-05-19,27
C20208,19,Male,Chennai,2025-08-25,12
C20209,35,Male,Pune,2025-02-02,18
C20210,28,Female,Bangalore,2023-09-02,36
C20211,31,Female,Noida,2023-11-15,33
C20212,39,Female,Chennai,2023-09-24,35
C20213,41,Male,Bangalore,2024-03-17,29
C20214,33,Male,Pune,2026-01-10,7
C20215,18,Male,Bangalore,2026-05-11,3
C20216,25,Female,Bangalore,2025-03-30,17
C20217,43,Male,Chennai,2026-01-06,7
C20218,18,Female,Noida,2025-05-29,15
C20219,46,Male,Pune,2025-12-29,7
C20220,40,Male,Gurgaon,2026-05-05,3
C20221,48,Male,Gurgaon,2026-06-09,2
C20222,33,Female,Bangalore,2025-02-22,18
C20223,18,Female,Kolkata,2025-04-20,16
C20224,39,Other,Ahmedabad,2026-04-09,4
C20225,47,Male,Delhi,2023-08-28,36
C20226,44,Male,Bangalore,2026-01-27,6
C20227,28,Male,Mumbai,2025-02-03,18
C20228,35,Female,Chennai,2025-05-15,15
C20229,29,Male,Hyderabad,2024-05-15,27
C20230,26,Male,Delhi,2024-06-10,26
C20231,44,Male,Bangalore,2024-06-08,26
C20232,23,Male,Gurgaon,2026-01-26,6
C20233,26,Male,Ahmedabad,2025-05-28,15
C20234,23,Male,Chennai,2025-02-18,18
C20235,20,Male,Bangalore,2023-11-11,33
C20236,36,Male,Gurgaon,2025-06-26,14
C20237,46,Female,Chennai,2025-09-05,11
C20238,33,Female,Gurgaon,2025-07-01,13
C20239,19,Male,Noida,2024-09-09,23
C20240,43,Female,Hyderabad,2025-01-09,19
C20241,51,Male,Mumbai,2025-01-09,19
C20242,28,Male,Delhi,2026-08-15,0
C20243,30,Female,Kolkata,2026-02-09,6
C20244,40,Female,Bangalore,2025-08-07,12
C20245,51,Female,Chennai,2023-10-26,34
C20246,29,Male,Gurgaon,2023-12-19,32
C20247,21,Male,Bangalore,2024-12-04,20
C20248,41,Male,Noida,2025-04-20,16
C20249,42,Male,Hyderabad,2025-09-07,11
C20250,35,Male,Hyderabad,2024-11-14,21
C20251,29,Male,Hyderabad,2026-04-01,4
C20252,44,Male,Bangalore,2025-09-14,11
C20253,40,Female,Hyderabad,2025-08-03,12
C20254,27,Female,Gurgaon,2024-10-10,22
C20255,35,Male,Mumbai,2024-02-01,31
C20256,21,Female,Bangalore,2025-11-04,9
C20257,41,Female,Gurgaon,2026-07-26,0
C20258,32,Male,Delhi,2023-12-24,32
C20259,30,Male,Chennai,2024-03-28,29
C20260,34,Female,Pune,2024-10-06,22
C20261,35,Male,Noida,2026-07-10,1
C20262,43,Female,Hyderabad,2025-08-23,12
C20263,40,Male,Kolkata,2025-02-27,18
C20264,33,Male,Noida,2026-03-17,5
C20265,42,Female,Hyderabad,2025-09-06,11
C20266,39,Female,Chennai,2026-08-02,0
C20267,30,Male,Hyderabad,2024-08-30,24
C20268,33,Female,Hyderabad,2023-12-25,32
C20269,33,Male,Mumbai,2026-08-19,0
C20270,40,Female,Pune,2023-11-25,33
C20271,31,Female,Hyderabad,2025-04-02,16
C20272,31,Male,Ahmedabad,2023-12-28,32
C20273,54,Male,Pune,2026-01-09,7
C20274,44,Male,Gurgaon,2026-05-21,3
C20275,27,Male,Hyderabad,2026-07-17,1
C20276,40,Male,Hyderabad,2025-01-03,19
C20277,36,Female,Kolkata,2025-05-11,15
C20278,38,Male,Kolkata,2023-09-11,35
C20279,36,Male,Ahmedabad,2023-10-26,34
C20280,46,Female,Delhi,2025-09-13,11
C20281,38,Male,Mumbai,2025-10-25,10
C20282,34,Male,Delhi,2026-02-10,6
C20283,45,Male,Ahmedabad,2026-01-29,6
C20284,37,Female,Chennai,2024-12-06,20
C20285,36,Male,Kolkata,2024-10-03,22
C20286,38,Female,Bangalore,2024-02-07,30
C20287,34,Male,Bangalore,2023-11-21,33
C20288,35,Female,Chennai,2024-09-02,23
C20289,29,Female,Kolkata,2025-03-12,17
C20290,27,Female,Hyderabad,2023-11-29,33
C20291,25,Male,Kolkata,2025-03-20,17
C20292,21,Male,Mumbai,2024-08-05,24
C20293,26,Female,Chennai,2024-01-25,31
C20294,33,Male,Pune,2026-07-25,0
C20295,36,Male,Hyderabad,2024-08-29,24
C20296,32,Female,Chennai,2024-12-13,20
C20297,18,Female,Noida,2024-10-07,22
C20298,50,Male,Chennai,2023-09-26,35
C20299,45,Female,Delhi,2023-12-04,33
C20300,39,Female,Pune,2026-01-03,7
C20301,54,Male,Gurgaon,2025-02-15,18
C20302,25,Female,Kolkata,2023-09-23,35
C20303,53,Female,Chennai,2026-07-10,1
C20304,25,Other,Gurgaon,2025-10-23,10
C20305,37,Male,Bangalore,2024-05-03,28
C20306,22,Female,Hyderabad,2025-05-27,15
C20307,35,Male,Kolkata,2025-11-04,9
C20308,38,Male,Bangalore,2024-08-20,24
C20309,33,Female,Pune,2023-11-06,34
C20310,42,Male,Ahmedabad,2026-06-19,2
C20311,35,Male,Delhi,2025-04-08,16
C20312,29,Male,Ahmedabad,2024-03-22,29
C20313,29,Male,Ahmedabad,2024-08-15,24
C20314,43,Male,Kolkata,2025-06-25,14
C20315,28,Male,Chennai,2026-02-20,6
C20316,44,Female,Kolkata,2025-07-21,13
C20317,47,Male,Mumbai,2024-07-09,25
C20318,18,Female,Chennai,2026-01-12,7
C20319,46,Female,Gurgaon,2025-02-07,18
C20320,55,Male,Mumbai,2024-02-13,30
C20321,37,Male,Noida,2023-09-07,36
C20322,40,Female,Pune,2025-08-28,11
C20323,45,Female,Chennai,2025-02-24,18
C20324,32,Male,Gurgaon,2024-09-06,23
C20325,36,Female,Ahmedabad,2024-10-12,22
C20326,21,Male,Gurgaon,2024-06-12,26
C20327,36,Male,Bangalore,2024-04-19,28
C20328,39,Female,Delhi,2025-02-02,18
C20329,40,Male,Mumbai,2024-11-26,21
C20330,45,Male,Noida,2025-07-27,13
C20331,27,Female,Delhi,2026-05-29,2
C20332,29,Female,Pune,2023-09-21,35
C20333,53,Male,Mumbai,2024-09-17,23
C20334,33,Other,Gurgaon,2025-12-13,8
C20335,37,Female,Chennai,2024-03-17,29
C20336,34,Male,Pune,2024-02-02,31
C20337,26,Male,Delhi,2024-09-10,23
C20338,51,Female,Bangalore,2025-01-08,19
C20339,29,Female,Ahmedabad,2026-01-08,7
C20340,23,Female,Noida,2026-08-04,0
C20341,30,Female,Delhi,2023-11-04,34
C20342,18,Male,Ahmedabad,2025-10-24,10
C20343,28,Male,Gurgaon,2024-01-09,31
C20344,25,Male,Pune,2025-10-18,10
C20345,41,Female,Ahmedabad,2023-09-15,35
C20346,28,Male,Bangalore,2025-01-05,19
C20347,43,Male,Bangalore,2025-09-22,11
C20348,48,Male,Delhi,2024-12-08,20
C20349,42,Female,Hyderabad,2023-11-28,33
C20350,32,Female,Gurgaon,2025-01-08,19
C20351,36,Male,Kolkata,2026-04-11,4
C20352,19,Female,Hyderabad,2024-12-26,20
C20353,33,Male,Bangalore,2026-07-21,1
C20354,26,Male,Chennai,2024-02-04,31
C20355,41,Male,Bangalore,2026-05-30,2
C20356,60,Male,Noida,2025-06-02,14
C20357,39,Male,Kolkata,2025-01-19,19
C20358,18,Female,Bangalore,2025-12-12,8
C20359,31,Female,Mumbai,2026-05-05,3
C20360,36,Female,Bangalore,2023-11-25,33
C20361,35,Female,Gurgaon,2024-12-03,20
C20362,27,Female,Bangalore,2026-08-11,0
C20363,37,Male,Noida,2024-03-23,29
C20364,22,Female,Ahmedabad,2024-08-30,24
C20365,25,Female,Mumbai,2026-08-20,0
C20366,41,Female,Kolkata,2026-05-11,3
C20367,24,Male,Chennai,2025-03-25,17
C20368,40,Male,Delhi,2025-11-12,9
C20369,21,Female,Hyderabad,2024-09-03,23
C20370,52,Female,Hyderabad,2025-01-18,19
C20371,27,Male,Noida,2023-10-28,34
C20372,32,Female,Ahmedabad,2025-10-08,10
C20373,38,Male,Kolkata,2026-02-26,5
C20374,29,Female,Chennai,2025-02-13,18
C20375,36,Male,Chennai,2025-11-02,9
C20376,40,Male,Pune,2025-07-15,13
C20377,44,Male,Mumbai,2024-03-20,29
C20378,42,Male,Ahmedabad,2026-03-09,5
C20379,33,Male,Pune,2025-01-03,19
C20380,33,Female,Delhi,2025-05-30,14
C20381,58,Female,Ahmedabad,2026-06-17,2
C20382,44,Male,Hyderabad,2023-12-26,32
C20383,25,Female,Mumbai,2024-08-25,24
C20384,35,Male,Delhi,2025-03-30,17
C20385,31,Male,Delhi,2024-06-21,26
C20386,33,Male,Delhi,2024-04-08,28
C20387,22,Male,Gurgaon,2024-05-26,27
C20388,30,Female,Pune,2026-02-02,6
C20389,53,Male,Pune,2025-03-04,17
C20390,40,Female,Delhi,2024-12-11,20
C20391,18,Female,Hyderabad,2024-11-23,21
C20392,47,Female,Bangalore,2025-09-01,11
C20393,45,Female,Gurgaon,2024-03-12,29
C20394,31,Female,Pune,2024-10-30,22
C20395,42,Female,Gurgaon,2025-11-09,9
C20396,26,Male,Gurgaon,2025-07-09,13
C20397,30,Male,Ahmedabad,2025-03-27,17
C20398,49,Female,Delhi,2025-11-17,9
C20399,32,Female,Mumbai,2024-04-21,28
C20400,18,Female,Mumbai,2025-07-09,13
C20401,34,Male,Mumbai,2024-12-13,20
C20402,34,Male,Ahmedabad,2024-12-05,20
C20403,46,Male,Delhi,2026-02-27,5
C20404,35,Female,Ahmedabad,2024-12-21,20
C20405,30,Male,Kolkata,2024-01-20,31
C20406,45,Male,Delhi,2025-08-11,12
C20407,36,Male,Kolkata,2024-07-13,25
C20408,27,Male,Delhi,2024-03-10,29
C20409,46,Male,Ahmedabad,2026-02-06,6
C20410,36,Male,Bangalore,2025-11-11,9
C20411,35,Male,Noida,2023-09-08,35
C20412,36,Male,Kolkata,2024-02-28,30
C20413,24,Female,Mumbai,2024-11-18,21
C20414,29,Female,Gurgaon,2023-10-25,34
C20415,35,Female,Kolkata,2024-08-19,24
C20416,33,Male,Noida,2024-01-05,32
C20417,47,Male,Chennai,2024-08-26,24
C20418,37,Other,Delhi,2024-03-29,29
C20419,43,Male,Kolkata,2024-01-09,31
C20420,35,Male,Delhi,2024-04-12,28
C20421,45,Male,Noida,2024-05-03,28
C20422,38,Male,Kolkata,2024-01-20,31
C20423,35,Male,Gurgaon,2026-06-26,1
C20424,34,Female,Ahmedabad,2026-06-28,1
C20425,25,Female,Gurgaon,2024-04-11,28
C20426,40,Female,Gurgaon,2026-02-21,6
C20427,34,Male,Hyderabad,2025-11-07,9
C20428,29,Female,Mumbai,2024-12-10,20
C20429,46,Male,Gurgaon,2025-04-12,16
C20430,22,Male,Gurgaon,2023-10-08,34
C20431,30,Female,Kolkata,2024-07-18,25
C20432,45,Female,Mumbai,2025-12-04,8
C20433,38,Male,Kolkata,2024-12-29,20
C20434,34,Female,Ahmedabad,2026-05-04,3
C20435,37,Female,Mumbai,2024-06-08,26
C20436,36,Female,Noida,2025-12-07,8
C20437,19,Male,Noida,2024-05-18,27
C20438,31,Male,Hyderabad,2026-08-09,0
C20439,51,Male,Ahmedabad,2024-01-17,31
C20440,28,Male,Pune,2023-09-26,35
C20441,31,Male,Chennai,2024-01-22,31
C20442,29,Female,Kolkata,2026-05-02,3
C20443,34,Male,Kolkata,2026-03-01,5
C20444,29,Female,Bangalore,2026-05-01,3
C20445,39,Male,Bangalore,2025-02-14,18
C20446,36,Female,Pune,2026-01-14,7
C20447,42,Female,Pune,2024-10-08,22
C20448,24,Male,Mumbai,2026-02-03,6
C20449,31,Female,Pune,2025-01-03,19
C20450,32,Male,Delhi,2023-12-09,32
C20451,39,Male,Chennai,2024-10-12,22
C20452,27,Male,Chennai,2026-04-19,4
C20453,44,Male,Delhi,2025-12-16,8
C20454,46,Female,Bangalore,2023-10-10,34
C20455,25,Female,Kolkata,2026-05-05,3
C20456,30,Male,Noida,2025-06-28,14
C20457,29,Female,Bangalore,2023-09-29,35
C20458,61,Female,Hyderabad,2025-10-30,9
C20459,30,Male,Hyderabad,2023-11-11,33
C20460,51,Male,Hyderabad,2025-11-15,9
C20461,22,Male,Pune,2025-05-21,15
C20462,25,Female,Hyderabad,2025-10-09,10
C20463,28,Male,Hyderabad,2024-12-13,20
C20464,26,Male,Ahmedabad,2024-11-23,21
C20465,32,Female,Hyderabad,2026-08-08,0
C20466,27,Female,Kolkata,2023-12-02,33
C20467,26,Male,Hyderabad,2025-07-06,13
C20468,46,Female,Bangalore,2025-12-30,7
C20469,47,Female,Chennai,2026-04-06,4
C20470,44,Male,Hyderabad,2026-08-21,0
C20471,40,Female,Noida,2025-10-12,10
C20472,35,Male,Gurgaon,2025-12-17,8
C20473,30,Male,Delhi,2023-09-22,35
C20474,25,Male,Hyderabad,2026-02-04,6
C20475,38,Male,Noida,2025-04-02,16
C20476,23,Male,Kolkata,2025-06-29,13
C20477,25,Male,Mumbai,2026-01-21,7
C20478,46,Female,Bangalore,2023-12-25,32
C20479,54,Female,Kolkata,2026-07-02,1
C20480,38,Male,Noida,2023-10-21,34
C20481,46,Male,Kolkata,2024-02-25,30
C20482,32,Female,Ahmedabad,2024-06-12,26
C20483,21,Male,Delhi,2026-04-30,3
C20484,41,Male,Bangalore,2025-12-15,8
C20485,40,Male,Kolkata,2024-12-15,20
C20486,35,Female,Delhi,2024-05-15,27
C20487,32,Female,Chennai,2023-12-05,33
C20488,44,Female,Gurgaon,2025-08-10,12
C20489,25,Male,Chennai,2025-04-27,16
C20490,27,Female,Gurgaon,2025-03-06,17
C20491,24,Male,Kolkata,2024-03-05,30
C20492,35,Male,Hyderabad,2025-12-12,8
C20493,24,Female,Ahmedabad,2024-03-19,29
C20494,28,Female,Ahmedabad,2025-10-26,10
C20495,27,Male,Kolkata,2026-07-08,1
C20496,32,Male,Delhi,2025-08-08,12
C20497,20,Female,Noida,2025-11-04,9
C20498,35,Female,Noida,2025-04-16,16
C20499,47,Female,Hyderabad,2025-09-06,11
C20500,36,Male,Noida,2023-10-09,34
C20501,50,Female,Hyderabad,2025-07-07,13
C20502,48,Female,Hyderabad,2023-12-20,32
C20503,42,Female,Gurgaon,2023-12-12,32
C20504,35,Male,Bangalore,2025-01-05,19
C20505,35,Male,Bangalore,2025-01-06,19
C20506,42,Male,Mumbai,2026-01-29,6
C20507,31,Male,Gurgaon,2023-11-16,33
C20508,18,Male,Noida,2024-07-30,25
C20509,39,Male,Chennai,2025-02-04,18
C20510,23,Male,Bangalore,2024-06-11,26
C20511,25,Female,Kolkata,2024-06-22,26
C20512,35,Male,Noida,2026-01-14,7
C20513,34,Male,Delhi,2024-01-14,31
C20514,20,Female,Delhi,2024-04-20,28
C20515,36,Male,Noida,2024-04-03,29
C20516,44,Male,Noida,2025-10-22,10
C20517,23,Male,Chennai,2026-06-25,1
C20518,47,Female,Bangalore,2025-01-18,19
C20519,19,Other,Gurgaon,2024-01-28,31
C20520,56,Female,Chennai,2025-12-18,8
C20521,30,Female,Noida,2024-06-15,26
C20522,36,Male,Kolkata,2026-07-30,0
C20523,18,Female,Kolkata,2024-12-09,20
C20524,34,Female,Delhi,2026-06-13,2
C20525,37,Female,Hyderabad,2024-02-23,30
C20526,34,Female,Hyderabad,2026-05-26,2
C20527,29,Male,Pune,2024-08-25,24
C20528,25,Male,Delhi,2025-11-09,9
C20529,46,Female,Bangalore,2024-01-06,31
C20530,35,Female,Gurgaon,2024-01-26,31
C20531,50,Female,Ahmedabad,2025-01-31,18
C20532,29,Female,Chennai,2026-08-03,0
C20533,30,Female,Pune,2025-10-01,10
C20534,43,Female,Mumbai,2024-08-19,24
C20535,18,Male,Bangalore,2023-10-31,34
C20536,22,Male,Delhi,2023-10-26,34
C20537,45,Other,Hyderabad,2025-06-16,14
C20538,23,Female,Kolkata,2024-09-06,23
C20539,18,Female,Gurgaon,2023-09-11,35
C20540,53,Female,Mumbai,2024-06-13,26
C20541,21,Female,Gurgaon,2023-10-06,35
C20542,36,Male,Ahmedabad,2026-04-15,4
C20543,35,Male,Gurgaon,2025-08-29,11
C20544,18,Female,Pune,2025-10-15,10
C20545,32,Male,Bangalore,2024-08-31,24
C20546,39,Female,Noida,2024-09-26,23
C20547,38,Female,Chennai,2024-01-23,31
C20548,44,Male,Noida,2025-11-08,9
C20549,31,Female,Chennai,2025-01-28,19
C20550,42,Male,Ahmedabad,2024-12-09,20
C20551,28,Male,Gurgaon,2024-06-06,26
C20552,20,Male,Pune,2026-04-04,4
C20553,22,Female,Chennai,2023-12-05,33
C20554,20,Male,Hyderabad,2024-07-11,25
C20555,45,Male,Noida,2023-12-29,32
C20556,19,Male,Bangalore,2025-08-17,12
C20557,37,Male,Kolkata,2023-10-18,34
C20558,32,Female,Ahmedabad,2023-09-10,35
C20559,33,Male,Gurgaon,2025-03-09,17
C20560,48,Female,Noida,2025-11-29,8
C20561,30,Male,Delhi,2024-10-27,22
C20562,41,Female,Pune,2024-09-08,23
C20563,35,Male,Gurgaon,2024-05-17,27
C20564,33,Female,Pune,2026-04-05,4
C20565,57,Male,Hyderabad,2026-05-21,3
C20566,20,Female,Delhi,2026-06-22,2
C20567,47,Female,Kolkata,2025-09-30,10
C20568,41,Female,Bangalore,2025-05-04,15
C20569,30,Female,Chennai,2026-02-05,6
C20570,51,Male,Chennai,2026-01-16,7
C20571,18,Female,Noida,2023-11-03,34
C20572,29,Male,Chennai,2023-12-20,32
C20573,22,Female,Kolkata,2024-10-28,22
C20574,39,Female,Gurgaon,2025-05-04,15
C20575,23,Female,Ahmedabad,2025-04-24,16
C20576,39,Male,Gurgaon,2026-01-18,7
C20577,33,Male,Ahmedabad,2025-08-30,11
C20578,30,Male,Kolkata,2024-06-26,26
C20579,38,Male,Gurgaon,2024-04-13,28
C20580,32,Male,Gurgaon,2026-04-12,4
C20581,24,Male,Ahmedabad,2026-04-17,4
C20582,63,Other,Bangalore,2025-03-27,17
C20583,30,Female,Bangalore,2025-12-30,7
C20584,18,Female,Gurgaon,2026-06-06,2
C20585,26,Male,Mumbai,2026-03-25,5
C20586,22,Female,Bangalore,2024-02-29,30
C20587,43,Female,Mumbai,2024-07-16,25
C20588,38,Female,Hyderabad,2026-06-22,2
C20589,38,Male,Bangalore,2025-08-30,11
C20590,31,Male,Mumbai,2024-11-02,21
C20591,32,Other,Noida,2026-01-13,7
C20592,31,Male,Kolkata,2024-02-13,30
C20593,34,Female,Pune,2024-07-09,25
C20594,43,Male,Noida,2025-11-22,9
C20595,38,Male,Pune,2025-07-08,13
C20596,40,Female,Pune,2025-07-17,13
C20597,39,Male,Gurgaon,2025-03-22,17
C20598,43,Male,Bangalore,2023-11-20,33
C20599,37,Male,Ahmedabad,2024-03-08,29
C20600,38,Female,Noida,2025-01-13,19
C20601,46,Male,Gurgaon,2025-05-17,15
C20602,28,Female,Chennai,2025-07-05,13
C20603,26,Male,Pune,2025-09-24,11
C20604,23,Female,Chennai,2024-03-16,29
C20605,36,Other,Kolkata,2023-09-04,36
C20606,18,Male,Kolkata,2025-07-24,13
C20607,39,Male,Ahmedabad,2026-02-26,5
C20608,33,Male,Hyderabad,2026-07-03,1
C20609,46,Female,Pune,2026-02-05,6
C20610,28,Male,Mumbai,2025-07-01,13
C20611,32,Male,Kolkata,2026-06-14,2
C20612,46,Male,Pune,2025-11-07,9
C20613,48,Male,Kolkata,2026-08-11,0
C20614,28,Male,Hyderabad,2024-08-15,24
C20615,36,Female,Kolkata,2024-05-08,27
C20616,37,Female,Delhi,2026-03-27,4
C20617,38,Male,Noida,2024-09-23,23
C20618,32,Female,Noida,2025-08-07,12
C20619,47,Female,Bangalore,2023-09-05,36
C20620,18,Female,Pune,2023-11-09,33
C20621,30,Female,Chennai,2025-07-28,13
C20622,39,Male,Kolkata,2025-06-23,14
C20623,39,Female,Chennai,2023-12-25,32
C20624,48,Female,Bangalore,2023-10-31,34
C20625,46,Male,Chennai,2024-08-30,24
C20626,32,Male,Delhi,2024-08-21,24
C20627,47,Male,Pune,2025-11-12,9
C20628,27,Female,Noida,2026-04-06,4
C20629,44,Male,Mumbai,2024-03-06,29
C20630,53,Female,Bangalore,2024-03-29,29
C20631,47,Male,Noida,2024-07-12,25
C20632,36,Female,Bangalore,2026-03-29,4
C20633,31,Male,Kolkata,2026-03-14,5
C20634,19,Female,Hyderabad,2025-12-04,8
C20635,38,Female,Chennai,2023-09-27,35
C20636,23,Male,Pune,2024-12-19,20
C20637,27,Male,Ahmedabad,2026-01-27,6
C20638,23,Female,Chennai,2025-12-23,8
C20639,30,Male,Ahmedabad,2023-11-04,34
C20640,34,Female,Ahmedabad,2025-05-06,15
C20641,37,Female,Bangalore,2026-05-08,3
C20642,28,Female,Pune,2024-10-13,22
C20643,45,Female,Hyderabad,2026-07-06,1
C20644,32,Female,Noida,2025-05-20,15
C20645,27,Female,Gurgaon,2025-01-05,19
C20646,37,Female,Kolkata,2025-03-25,17
C20647,54,Male,Kolkata,2024-06-13,26
C20648,38,Male,Ahmedabad,2024-08-19,24
C20649,31,Male,Hyderabad,2026-04-04,4
C20650,19,Female,Kolkata,2025-10-02,10
C20651,32,Male,Pune,2025-01-09,19
C20652,37,Female,Delhi,2026-03-21,5
C20653,31,Male,Gurgaon,2023-08-23,36
C20654,18,Female,Hyderabad,2025-04-14,16
C20655,26,Male,Noida,2023-09-26,35
C20656,49,Male,Gurgaon,2023-11-01,34
C20657,49,Male,Hyderabad,2024-11-20,21
C20658,26,Male,Ahmedabad,2024-05-26,27
C20659,41,Male,Pune,2026-04-27,3
C20660,23,Female,Noida,2026-01-06,7
C20661,49,Male,Ahmedabad,2023-12-31,32
C20662,37,Female,Hyderabad,2025-03-01,17
C20663,44,Male,Bangalore,2026-06-21,2
C20664,18,Male,Mumbai,2026-06-16,2
C20665,41,Male,Bangalore,2024-09-28,23
C20666,34,Male,Hyderabad,2024-04-10,28
C20667,43,Female,Ahmedabad,2025-03-05,17
C20668,44,Female,Kolkata,2025-07-07,13
C20669,35,Male,Kolkata,2024-10-05,22
C20670,28,Female,Pune,2026-04-22,4
C20671,42,Male,Delhi,2025-11-09,9
C20672,34,Female,Delhi,2025-06-29,13
C20673,26,Female,Chennai,2024-10-15,22
C20674,25,Female,Mumbai,2026-04-16,4
C20675,20,Male,Gurgaon,2025-04-26,16
C20676,29,Male,Ahmedabad,2023-11-15,33
C20677,46,Female,Pune,2026-03-25,5
C20678,36,Female,Kolkata,2026-06-10,2
C20679,29,Female,Ahmedabad,2024-09-12,23
C20680,43,Male,Noida,2026-03-30,4
C20681,26,Female,Delhi,2024-04-21,28
C20682,35,Female,Noida,2026-03-09,5
C20683,33,Male,Pune,2023-12-15,32
C20684,42,Female,Gurgaon,2025-11-29,8
C20685,19,Male,Ahmedabad,2025-02-13,18
C20686,26,Male,Pune,2026-05-28,2
C20687,18,Male,Noida,2026-01-20,7
C20688,32,Male,Kolkata,2026-06-10,2
C20689,47,Female,Ahmedabad,2023-11-08,33
C20690,29,Female,Pune,2023-10-17,34
C20691,29,Male,Ahmedabad,2025-05-17,15
C20692,43,Male,Pune,2024-09-03,23
C20693,45,Female,Delhi,2024-03-21,29
C20694,34,Female,Noida,2023-12-17,32
C20695,41,Female,Bangalore,2024-12-08,20
C20696,24,Male,Delhi,2025-05-12,15
C20697,48,Female,Pune,2026-07-09,1
C20698,56,Female,Ahmedabad,2026-04-30,3
C20699,40,Male,Bangalore,2026-06-29,1
C20700,18,Female,Hyderabad,2025-07-16,13
C20701,29,Female,Chennai,2023-08-23,36
C20702,41,Female,Gurgaon,2024-07-06,25
C20703,30,Female,Gurgaon,2026-07-15,1
C20704,47,Female,Mumbai,2023-12-08,32
C20705,40,Male,Mumbai,2026-05-07,3
C20706,27,Female,Chennai,2024-06-20,26
C20707,35,Female,Pune,2024-07-10,25
C20708,26,Male,Pune,2025-12-08,8
C20709,33,Female,Mumbai,2024-03-24,29
C20710,29,Female,Chennai,2024-03-30,29
C20711,46,Male,Mumbai,2025-11-12,9
C20712,56,Female,Pune,2025-12-28,7
C20713,20,Male,Pune,2024-03-08,29
C20714,18,Female,Bangalore,2025-12-23,8
C20715,32,Male,Mumbai,2024-07-29,25
C20716,19,Female,Bangalore,2024-08-31,24
C20717,35,Male,Pune,2025-07-21,13
C20718,42,Female,Hyderabad,2024-09-18,23
C20719,49,Other,Gurgaon,2024-03-10,29
C20720,37,Male,Chennai,2026-04-25,3
C20721,33,Female,Mumbai,2025-04-21,16
C20722,18,Male,Hyderabad,2025-05-03,15
C20723,35,Female,Noida,2026-02-14,6
C20724,35,Female,Ahmedabad,2026-08-01,0
C20725,41,Female,Pune,2025-05-13,15
C20726,27,Female,Gurgaon,2024-04-28,28
C20727,30,Male,Noida,2026-05-20,3
C20728,20,Male,Hyderabad,2026-07-22,1
C20729,18,Female,Gurgaon,2025-03-28,17
C20730,23,Male,Delhi,2026-04-27,3
C20731,19,Male,Noida,2026-03-18,5
C20732,38,Male,Ahmedabad,2026-04-27,3
C20733,29,Female,Bangalore,2025-12-05,8
C20734,29,Male,Hyderabad,2024-03-06,29
C20735,25,Female,Delhi,2025-08-17,12
C20736,18,Female,Hyderabad,2025-01-20,19
C20737,50,Female,Bangalore,2026-05-24,3
C20738,24,Male,Bangalore,2024-11-16,21
C20739,30,Male,Chennai,2024-09-04,23
C20740,20,Female,Noida,2025-04-08,16
C20741,44,Other,Hyderabad,2024-12-31,19
C20742,36,Male,Delhi,2025-11-29,8
C20743,26,Male,Noida,2024-05-29,27
C20744,31,Male,Pune,2023-12-15,32
C20745,51,Female,Mumbai,2025-12-14,8
C20746,34,Female,Bangalore,2026-03-17,5
C20747,33,Male,Pune,2026-03-18,5
C20748,25,Male,Mumbai,2025-03-27,17
C20749,18,Female,Bangalore,2025-06-26,14
C20750,33,Male,Kolkata,2023-11-12,33
C20751,38,Female,Hyderabad,2024-08-20,24
C20752,45,Female,Mumbai,2025-05-27,15
C20753,18,Female,Mumbai,2024-02-25,30
C20754,23,Female,Delhi,2024-12-10,20
C20755,29,Female,Chennai,2024-07-31,25
C20756,34,Female,Hyderabad,2024-12-30,20
C20757,33,Male,Hyderabad,2025-04-08,16
C20758,33,Male,Pune,2023-09-08,35
C20759,39,Female,Bangalore,2025-02-20,18
C20760,25,Male,Kolkata,2024-11-06,21
C20761,44,Female,Bangalore,2023-10-25,34
C20762,39,Male,Pune,2026-01-20,7
C20763,31,Female,Kolkata,2026-05-03,3
C20764,51,Female,Bangalore,2024-09-11,23
C20765,50,Female,Pune,2024-05-02,28
C20766,44,Male,Hyderabad,2023-11-30,33
C20767,18,Other,Delhi,2025-01-26,19
C20768,50,Male,Mumbai,2026-03-14,5
C20769,42,Male,Chennai,2025-07-01,13
C20770,55,Male,Noida,2025-11-14,9
C20771,47,Female,Ahmedabad,2023-09-20,35
C20772,50,Male,Gurgaon,2025-05-06,15
C20773,43,Female,Pune,2024-12-05,20
C20774,48,Female,Gurgaon,2025-06-16,14
C20775,54,Female,Bangalore,2025-12-13,8
C20776,37,Female,Ahmedabad,2024-07-20,25
C20777,19,Female,Mumbai,2025-11-04,9
C20778,31,Female,Bangalore,2026-06-09,2
C20779,38,Female,Mumbai,2025-04-27,16
C20780,35,Male,Kolkata,2024-03-03,30
C20781,22,Male,Delhi,2024-02-04,31
C20782,18,Male,Pune,2025-12-31,7
C20783,27,Male,Delhi,2026-07-09,1
C20784,43,Male,Pune,2023-11-04,34
C20785,50,Female,Bangalore,2026-06-13,2
C20786,44,Female,Noida,2025-02-14,18
C20787,45,Male,Delhi,2025-01-29,19
C20788,34,Female,Ahmedabad,2024-06-26,26
C20789,18,Female,Delhi,2024-12-14,20
C20790,30,Male,Kolkata,2026-03-01,5
C20791,32,Female,Bangalore,2026-04-21,4
C20792,30,Female,Chennai,2025-01-27,19
C20793,35,Male,Ahmedabad,2024-06-26,26
C20794,39,Male,Pune,2023-11-11,33
C20795,43,Male,Mumbai,2026-07-14,1
C20796,32,Male,Chennai,2024-06-29,26
C20797,18,Female,Chennai,2024-06-25,26
C20798,30,Female,Bangalore,2024-02-24,30
C20799,35,Female,Hyderabad,2026-05-23,3
C20800,47,Male,Pune,2025-05-19,15
C20801,29,Female,Delhi,2025-06-26,14
C20802,40,Male,Delhi,2024-07-06,25
C20803,37,Female,Mumbai,2025-08-09,12
C20804,35,Male,Chennai,2024-03-22,29
C20805,44,Female,Bangalore,2023-08-27,36
C20806,28,Female,Noida,2026-05-06,3
C20807,29,Female,Bangalore,2024-12-05,20
C20808,34,Male,Ahmedabad,2026-06-18,2
C20809,28,Female,Gurgaon,2024-09-08,23
C20810,40,Female,Kolkata,2026-06-29,1
C20811,27,Female,Gurgaon,2024-10-02,22
C20812,37,Male,Chennai,2025-03-02,17
C20813,33,Male,Pune,2025-06-04,14
C20814,37,Male,Hyderabad,2026-06-26,1
C20815,30,Male,Kolkata,2024-09-22,23
C20816,31,Female,Gurgaon,2024-03-16,29
C20817,35,Female,Hyderabad,2024-03-29,29
C20818,37,Male,Ahmedabad,2026-04-27,3
C20819,34,Female,Mumbai,2026-01-10,7
C20820,52,Male,Noida,2024-06-18,26
C20821,25,Male,Noida,2025-01-10,19
C20822,34,Male,Ahmedabad,2024-01-15,31
C20823,19,Female,Ahmedabad,2024-04-05,28
C20824,38,Female,Hyderabad,2023-09-24,35
C20825,23,Male,Hyderabad,2025-03-07,17
C20826,32,Female,Ahmedabad,2025-09-23,11
C20827,31,Male,Chennai,2024-07-02,26
C20828,37,Male,Gurgaon,2024-01-07,31
C20829,29,Male,Chennai,2025-04-21,16
C20830,29,Male,Ahmedabad,2025-11-24,9
C20831,49,Female,Delhi,2026-07-21,1
C20832,37,Female,Chennai,2025-01-24,19
C20833,29,Male,Delhi,2025-02-06,18
C20834,32,Male,Kolkata,2026-02-27,5
C20835,51,Male,Ahmedabad,2025-03-28,17
C20836,32,Male,Hyderabad,2024-12-24,20
C20837,28,Female,Delhi,2024-09-29,23
C20838,28,Male,Delhi,2024-06-04,26
C20839,29,Female,Gurgaon,2026-06-03,2
C20840,29,Male,Chennai,2025-02-06,18
C20841,22,Male,Pune,2024-08-11,24
C20842,23,Female,Pune,2025-02-17,18
C20843,26,Male,Kolkata,2025-03-26,17
C20844,40,Male,Mumbai,2026-07-27,0
C20845,31,Male,Gurgaon,2025-12-10,8
C20846,32,Male,Gurgaon,2024-12-01,20
C20847,47,Male,Kolkata,2024-11-02,21
C20848,47,Male,Hyderabad,2025-02-26,18
C20849,32,Female,Ahmedabad,2025-08-20,12
C20850,28,Female,Noida,2024-02-25,30
C20851,26,Female,Ahmedabad,2024-01-17,31
C20852,41,Male,Noida,2026-07-17,1
C20853,32,Male,Gurgaon,2024-03-04,30
C20854,31,Male,Ahmedabad,2026-08-03,0
C20855,26,Male,Chennai,2024-01-09,31
C20856,27,Male,Bangalore,2026-06-07,2
C20857,38,Male,Hyderabad,2024-08-17,24
C20858,21,Male,Delhi,2023-12-12,32
C20859,44,Male,Pune,2025-06-01,14
C20860,29,Male,Hyderabad,2024-05-07,27
C20861,33,Male,Pune,2026-04-24,4
C20862,21,Male,Chennai,2026-03-12,5
C20863,34,Male,Gurgaon,2025-02-01,18
C20864,31,Male,Pune,2024-11-16,21
C20865,34,Male,Gurgaon,2026-04-12,4
C20866,49,Male,Noida,2024-03-02,30
C20867,36,Male,Mumbai,2025-08-18,12
C20868,27,Male,Delhi,2025-03-11,17
C20869,27,Female,Gurgaon,2025-02-02,18
C20870,40,Male,Hyderabad,2025-03-08,17
C20871,47,Male,Ahmedabad,2023-11-12,33
C20872,37,Male,Kolkata,2025-12-04,8
C20873,41,Male,Gurgaon,2025-05-13,15
C20874,41,Male,Delhi,2025-08-29,11
C20875,49,Other,Noida,2025-10-25,10
C20876,18,Female,Bangalore,2026-05-12,3
C20877,41,Male,Hyderabad,2025-05-02,15
C20878,44,Female,Ahmedabad,2025-12-30,7
C20879,21,Male,Kolkata,2026-06-04,2
C20880,26,Male,Pune,2025-08-09,12
C20881,26,Female,Chennai,2023-10-19,34
C20882,27,Male,Ahmedabad,2024-03-03,30
C20883,30,Male,Noida,2024-11-10,21
C20884,37,Female,Delhi,2026-05-28,2
C20885,43,Female,Kolkata,2025-05-12,15
C20886,45,Female,Mumbai,2026-04-19,4
C20887,26,Female,Delhi,2025-03-09,17
C20888,26,Female,Gurgaon,2025-03-12,17
C20889,48,Male,Hyderabad,2026-07-19,1
C20890,41,Male,Kolkata,2024-08-28,24
C20891,35,Female,Delhi,2026-05-22,3
C20892,39,Other,Delhi,2025-04-28,16
C20893,34,Male,Ahmedabad,2024-09-04,23
C20894,40,Other,Mumbai,2026-01-10,7
C20895,31,Male,Noida,2026-03-16,5
C20896,37,Male,Gurgaon,2023-10-18,34
C20897,19,Male,Chennai,2024-02-25,30
C20898,28,Male,Bangalore,2026-01-02,7
C20899,28,Female,Delhi,2023-10-10,34
C20900,31,Male,Delhi,2026-03-16,5
C20901,25,Female,Noida,2025-04-23,16
C20902,29,Female,Gurgaon,2025-06-30,13
C20903,19,Male,Bangalore,2024-10-23,22
C20904,40,Female,Pune,2024-07-22,25
C20905,34,Male,Delhi,2024-04-22,28
C20906,18,Female,Bangalore,2026-03-28,4
C20907,26,Male,Gurgaon,2024-03-31,29
C20908,38,Male,Hyderabad,2025-01-19,19
C20909,29,Female,Noida,2025-11-01,9
C20910,28,Female,Bangalore,2026-07-02,1
C20911,34,Female,Gurgaon,2024-10-22,22
C20912,38,Female,Pune,2024-08-14,24
C20913,20,Female,Kolkata,2024-10-04,22
C20914,40,Male,Noida,2024-05-08,27
C20915,26,Female,Bangalore,2024-07-15,25
C20916,34,Male,Bangalore,2024-01-01,32
C20917,34,Male,Chennai,2024-12-27,20
C20918,29,Male,Noida,2026-06-19,2
C20919,24,Male,Delhi,2025-09-27,10
C20920,32,Male,Delhi,2024-07-28,25
C20921,51,Male,Mumbai,2026-05-22,3
C20922,21,Male,Hyderabad,2025-01-03,19
C20923,51,Female,Bangalore,2025-10-18,10
C20924,32,Female,Kolkata,2026-06-30,1
C20925,35,Female,Pune,2026-01-16,7
C20926,24,Male,Bangalore,2025-06-14,14
C20927,27,Female,Kolkata,2024-11-18,21
C20928,29,Male,Kolkata,2023-10-10,34
C20929,24,Female,Mumbai,2023-10-16,34
C20930,32,Male,Pune,2024-09-16,23
C20931,30,Female,Bangalore,2025-06-07,14
C20932,53,Male,Chennai,2024-07-07,25
C20933,23,Female,Mumbai,2026-06-16,2
C20934,36,Female,Noida,2025-10-18,10
C20935,37,Female,Mumbai,2024-07-02,26
C20936,24,Male,Mumbai,2026-03-14,5
C20937,41,Male,Hyderabad,2026-03-16,5
C20938,31,Female,Bangalore,2025-05-19,15
C20939,18,Male,Bangalore,2023-10-25,34
C20940,41,Female,Ahmedabad,2024-04-17,28
C20941,23,Male,Mumbai,2025-12-16,8
C20942,24,Female,Pune,2023-09-06,36
C20943,41,Female,Pune,2026-05-08,3
C20944,31,Female,Chennai,2023-12-28,32
C20945,44,Male,Kolkata,2023-09-12,35
C20946,47,Male,Kolkata,2023-09-21,35
C20947,28,Female,Bangalore,2024-03-01,30
C20948,42,Female,Hyderabad,2024-11-10,21
C20949,27,Male,Pune,2025-02-16,18
C20950,57,Male,Gurgaon,2025-07-18,13
C20951,28,Female,Ahmedabad,2024-12-29,20
C20952,45,Female,Hyderabad,2025-04-09,16
C20953,43,Female,Gurgaon,2024-10-17,22
C20954,38,Female,Kolkata,2025-04-11,16
C20955,28,Female,Noida,2024-08-10,24
C20956,33,Male,Delhi,2025-05-06,15
C20957,18,Male,Delhi,2024-01-31,31
C20958,37,Male,Gurgaon,2024-11-15,21
C20959,38,Female,Hyderabad,2025-12-28,7
C20960,36,Male,Kolkata,2025-04-15,16
C20961,18,Male,Delhi,2024-02-22,30
C20962,22,Male,Bangalore,2024-05-04,28
C20963,27,Male,Gurgaon,2024-08-10,24
C20964,37,Female,Ahmedabad,2026-03-11,5
C20965,37,Female,Mumbai,2024-08-31,24
C20966,33,Female,Noida,2023-10-21,34
C20967,41,Male,Bangalore,2026-03-18,5
C20968,24,Female,Gurgaon,2024-08-10,24
C20969,41,Male,Gurgaon,2023-12-04,33
C20970,39,Female,Delhi,2025-05-07,15
C20971,38,Male,Pune,2024-02-14,30
C20972,33,Male,Pune,2024-04-16,28
C20973,53,Male,Mumbai,2025-05-08,15
C20974,39,Female,Delhi,2025-12-08,8
C20975,25,Female,Pune,2025-04-07,16
C20976,37,Male,Pune,2024-05-09,27
C20977,42,Male,Chennai,2025-11-12,9
C20978,29,Female,Ahmedabad,2025-03-06,17
C20979,45,Male,Ahmedabad,2025-01-11,19
C20980,38,Male,Mumbai,2024-09-21,23
C20981,18,Male,Kolkata,2024-11-17,21
C20982,37,Female,Pune,2025-12-23,8
C20983,30,Male,Pune,2026-03-08,5
C20984,40,Other,Noida,2024-05-07,27
C20985,44,Male,Mumbai,2024-04-11,28
C20986,36,Male,Ahmedabad,2023-10-22,34
C20987,51,Male,Mumbai,2025-10-22,10
C20988,33,Female,Pune,2023-11-13,33
C20989,41,Male,Delhi,2025-07-12,13
C20990,43,Female,Pune,2025-08-18,12
C20991,34,Male,Pune,2024-02-04,31
C20992,42,Male,Kolkata,2026-07-21,1
C20993,29,Female,Hyderabad,2025-09-14,11
C20994,30,Female,Hyderabad,2025-12-17,8
C20995,21,Male,Pune,2024-04-16,28
C20996,37,Female,Pune,2025-02-28,18
C20997,38,Female,Kolkata,2024-01-02,32
C20998,46,Male,Delhi,2026-01-27,6
C20999,42,Male,Noida,2025-12-06,8
C21000,32,Male,Hyderabad,2026-06-13,2
C21001,23,Male,Noida,2024-03-21,29
C21002,39,Female,Mumbai,2026-07-03,1
C21003,46,Male,Bangalore,2025-09-14,11
C21004,42,Male,Delhi,2026-03-25,5
C21005,45,Male,Pune,2025-11-23,9
C21006,32,Female,Mumbai,2023-10-02,35
C21007,30,Female,Delhi,2023-09-02,36
C21008,27,Male,Noida,2024-06-18,26
C21009,34,Male,Noida,2024-04-09,28
C21010,34,Male,Hyderabad,2024-08-26,24
C21011,37,Female,Kolkata,2025-12-03,8
C21012,33,Male,Noida,2024-05-20,27
C21013,33,Female,Pune,2025-04-14,16
C21014,27,Male,Mumbai,2024-12-29,20
C21015,44,Female,Gurgaon,2025-12-21,8
C21016,35,Female,Bangalore,2024-10-01,23
C21017,33,Female,Ahmedabad,2024-10-01,23
C21018,27,Male,Chennai,2026-01-13,7
C21019,21,Female,Ahmedabad,2026-05-21,3
C21020,48,Male,Ahmedabad,2026-03-23,5
C21021,40,Male,Ahmedabad,2024-08-25,24
C21022,18,Female,Kolkata,2024-02-14,30
C21023,42,Female,Pune,2024-05-06,27
C21024,44,Female,Mumbai,2024-02-12,30
C21025,36,Male,Noida,2024-03-12,29
C21026,50,Female,Delhi,2025-01-06,19
C21027,37,Male,Pune,2023-12-18,32
C21028,20,Male,Bangalore,2025-11-19,9
C21029,38,Female,Kolkata,2025-08-11,12
C21030,37,Male,Kolkata,2023-10-13,34
C21031,28,Female,Delhi,2026-03-03,5
C21032,40,Male,Gurgaon,2025-10-14,10
C21033,18,Male,Ahmedabad,2026-08-06,0
C21034,44,Female,Kolkata,2024-07-25,25
C21035,26,Female,Noida,2024-02-05,30
C21036,25,Male,Noida,2024-07-06,25
C21037,33,Male,Mumbai,2024-11-03,21
C21038,39,Female,Noida,2024-03-06,29
C21039,36,Male,Kolkata,2025-08-25,12
C21040,27,Male,Noida,2023-10-15,34
C21041,29,Female,Noida,2025-01-26,19
C21042,23,Male,Bangalore,2026-02-04,6
C21043,32,Female,Pune,2025-05-03,15
C21044,45,Female,Bangalore,2024-12-21,20
C21045,34,Other,Hyderabad,2023-11-15,33
C21046,43,Male,Ahmedabad,2024-09-22,23
C21047,49,Female,Pune,2026-05-15,3
C21048,29,Male,Mumbai,2023-09-26,35
C21049,33,Male,Bangalore,2023-09-11,35
C21050,56,Male,Chennai,2023-10-16,34
C21051,49,Male,Ahmedabad,2024-03-31,29
C21052,18,Male,Ahmedabad,2025-01-14,19
C21053,38,Male,Pune,2024-10-29,22
C21054,35,Male,Bangalore,2024-06-26,26
C21055,43,Male,Gurgaon,2024-11-07,21
C21056,27,Female,Hyderabad,2025-08-21,12
C21057,26,Male,Kolkata,2025-11-01,9
C21058,28,Female,Chennai,2026-05-28,2
C21059,29,Female,Bangalore,2025-06-16,14
C21060,43,Female,Mumbai,2024-03-23,29
C21061,23,Male,Bangalore,2023-09-23,35
C21062,28,Other,Pune,2025-01-29,19
C21063,18,Female,Chennai,2024-11-16,21
C21064,45,Female,Kolkata,2026-01-30,6
C21065,47,Male,Hyderabad,2024-09-09,23
C21066,31,Female,Mumbai,2025-01-15,19
C21067,32,Female,Mumbai,2025-09-16,11
C21068,39,Male,Ahmedabad,2025-12-22,8
C21069,49,Female,Pune,2025-01-09,19
C21070,39,Female,Pune,2025-02-07,18
C21071,28,Female,Delhi,2023-11-29,33
C21072,18,Male,Delhi,2024-03-06,29
C21073,23,Female,Noida,2025-05-20,15
C21074,35,Male,Chennai,2025-09-09,11
C21075,28,Female,Kolkata,2025-01-08,19
C21076,36,Male,Pune,2025-03-08,17
C21077,29,Male,Bangalore,2026-01-16,7
C21078,24,Male,Bangalore,2025-05-04,15
C21079,23,Female,Bangalore,2025-01-28,19
C21080,50,Female,Delhi,2025-11-06,9
C21081,43,Male,Bangalore,2026-02-06,6
C21082,52,Male,Mumbai,2025-06-24,14
C21083,40,Male,Kolkata,2023-10-15,34
C21084,30,Female,Ahmedabad,2025-09-10,11
C21085,48,Male,Ahmedabad,2026-06-26,1
C21086,34,Male,Hyderabad,2026-06-01,2
C21087,37,Female,Pune,2025-07-18,13
C21088,34,Male,Delhi,2026-08-08,0
C21089,18,Male,Mumbai,2023-11-25,33
C21090,51,Male,Mumbai,2026-06-30,1
C21091,39,Female,Chennai,2024-07-26,25
C21092,38,Female,Chennai,2025-07-01,13
C21093,34,Female,Hyderabad,2025-01-21,19
C21094,36,Male,Kolkata,2024-03-31,29
C21095,29,Male,Gurgaon,2024-02-22,30
C21096,41,Male,Noida,2023-09-20,35
C21097,21,Female,Kolkata,2025-12-06,8
C21098,36,Female,Bangalore,2024-02-04,31
C21099,40,Female,Bangalore,2024-12-25,20
C21100,33,Male,Noida,2026-01-09,7
C21101,38,Female,Noida,2025-12-19,8
C21102,25,Female,Pune,2024-02-23,30
C21103,25,Male,Ahmedabad,2024-03-19,29
C21104,37,Female,Delhi,2023-11-15,33
C21105,41,Female,Bangalore,2025-03-01,17
C21106,18,Female,Pune,2026-02-25,5
C21107,40,Female,Gurgaon,2025-11-14,9
C21108,29,Male,Gurgaon,2025-01-28,19
C21109,33,Female,Delhi,2025-12-26,7
C21110,21,Female,Hyderabad,2024-08-27,24
C21111,26,Male,Ahmedabad,2026-03-13,5
C21112,44,Male,Gurgaon,2025-05-23,15
C21113,35,Male,Delhi,2026-03-22,5
C21114,31,Male,Ahmedabad,2024-10-21,22
C21115,33,Female,Hyderabad,2025-10-05,10
C21116,39,Male,Pune,2023-10-18,34
C21117,39,Male,Pune,2024-10-04,22
C21118,34,Male,Mumbai,2025-02-02,18
C21119,45,Male,Delhi,2024-02-05,30
C21120,44,Male,Chennai,2023-10-06,35
C21121,39,Male,Pune,2026-03-23,5
C21122,35,Male,Bangalore,2024-11-15,21
C21123,41,Female,Hyderabad,2026-06-04,2
C21124,38,Male,Bangalore,2024-03-17,29
C21125,45,Female,Hyderabad,2026-01-28,6
C21126,43,Male,Hyderabad,2023-09-19,35
C21127,24,Male,Noida,2024-11-09,21
C21128,24,Male,Kolkata,2025-07-28,13
C21129,27,Male,Delhi,2026-06-10,2
C21130,44,Male,Chennai,2026-08-05,0
C21131,19,Male,Noida,2025-04-05,16
C21132,38,Male,Mumbai,2025-11-14,9
C21133,38,Female,Noida,2024-07-12,25
C21134,46,Male,Hyderabad,2025-05-28,15
C21135,36,Female,Bangalore,2025-07-17,13
C21136,21,Female,Kolkata,2025-02-24,18
C21137,25,Female,Chennai,2024-01-02,32
C21138,23,Male,Kolkata,2025-10-15,10
C21139,29,Female,Kolkata,2023-12-03,33
C21140,33,Male,Chennai,2025-08-03,12
C21141,23,Male,Delhi,2023-11-08,33
C21142,49,Male,Ahmedabad,2025-01-20,19
C21143,21,Female,Ahmedabad,2025-11-25,9
C21144,48,Male,Ahmedabad,2025-07-11,13
C21145,46,Female,Kolkata,2026-02-21,6
C21146,43,Male,Pune,2023-09-29,35
C21147,28,Female,Mumbai,2025-06-09,14
C21148,38,Female,Mumbai,2026-08-15,0
C21149,22,Female,Mumbai,2024-03-15,29
C21150,44,Male,Noida,2026-04-06,4
C21151,34,Female,Pune,2023-11-21,33
C21152,30,Female,Bangalore,2025-06-20,14
C21153,22,Male,Hyderabad,2025-08-22,12
C21154,18,Male,Noida,2026-06-03,2
C21155,24,Female,Noida,2024-04-17,28
C21156,46,Male,Noida,2025-03-01,17
C21157,30,Female,Ahmedabad,2024-07-04,25
C21158,33,Male,Gurgaon,2025-04-28,16
C21159,41,Female,Pune,2024-09-06,23
C21160,53,Male,Delhi,2023-12-04,33
C21161,48,Male,Ahmedabad,2023-08-31,36
C21162,25,Male,Hyderabad,2025-08-18,12
C21163,18,Female,Mumbai,2024-12-15,20
C21164,58,Male,Chennai,2025-05-04,15
C21165,57,Female,Gurgaon,2024-12-31,19
C21166,36,Female,Gurgaon,2023-12-02,33
C21167,22,Male,Noida,2023-11-22,33
C21168,44,Male,Delhi,2024-06-09,26
C21169,33,Male,Hyderabad,2024-08-20,24
C21170,33,Male,Mumbai,2023-12-10,32
C21171,43,Male,Hyderabad,2024-12-24,20
C21172,38,Female,Chennai,2026-02-05,6
C21173,23,Female,Bangalore,2025-05-30,14
C21174,31,Male,Gurgaon,2026-01-03,7
C21175,41,Female,Mumbai,2025-01-10,19
C21176,40,Female,Chennai,2024-04-14,28
C21177,37,Female,Noida,2024-02-18,30
C21178,44,Female,Pune,2024-10-24,22
C21179,31,Female,Pune,2025-04-02,16
C21180,36,Male,Noida,2024-04-03,29
C21181,18,Female,Kolkata,2025-12-27,7
C21182,30,Female,Delhi,2025-08-26,12
C21183,42,Male,Mumbai,2024-01-13,31
C21184,31,Male,Chennai,2024-11-06,21
C21185,30,Male,Bangalore,2026-01-01,7
C21186,24,Male,Hyderabad,2024-09-09,23
C21187,45,Male,Delhi,2024-05-28,27
C21188,40,Female,Kolkata,2025-12-02,8
C21189,43,Female,Mumbai,2023-12-05,33
C21190,18,Male,Delhi,2023-11-24,33
C21191,33,Male,Mumbai,2024-04-30,28
C21192,32,Female,Kolkata,2025-04-28,16
C21193,32,Male,Ahmedabad,2026-06-23,2
C21194,28,Male,Pune,2025-01-03,19
C21195,31,Female,Noida,2025-02-19,18
C21196,43,Male,Bangalore,2023-10-17,34
C21197,18,Male,Kolkata,2025-06-07,14
C21198,52,Male,Gurgaon,2024-05-06,27
C21199,39,Female,Chennai,2026-04-19,4
C21200,34,Female,Ahmedabad,2024-10-29,22
C21201,44,Male,Ahmedabad,2025-03-04,17
C21202,20,Male,Kolkata,2024-11-09,21
C21203,28,Female,Bangalore,2024-05-01,28
C21204,33,Female,Bangalore,2024-06-11,26
C21205,48,Female,Delhi,2024-02-28,30
C21206,34,Female,Kolkata,2024-04-03,29
C21207,39,Female,Mumbai,2024-05-27,27
C21208,29,Female,Chennai,2025-03-06,17
C21209,39,Female,Chennai,2026-05-02,3
C21210,51,Female,Chennai,2025-02-18,18
C21211,44,Female,Gurgaon,2023-12-01,33
C21212,34,Male,Chennai,2025-05-30,14
C21213,41,Female,Ahmedabad,2024-09-25,23
C21214,40,Female,Kolkata,2026-05-20,3
C21215,40,Female,Noida,2024-11-28,21
C21216,46,Male,Chennai,2024-02-17,30
C21217,46,Female,Hyderabad,2024-05-04,28
C21218,33,Female,Pune,2025-05-25,15
C21219,41,Male,Ahmedabad,2025-09-14,11
C21220,31,Female,Ahmedabad,2025-06-25,14
C21221,25,Female,Chennai,2026-01-08,7
C21222,32,Male,Ahmedabad,2024-10-15,22
C21223,34,Male,Mumbai,2025-11-30,8
C21224,18,Female,Pune,2026-07-12,1
C21225,43,Male,Kolkata,2026-07-09,1
C21226,18,Male,Hyderabad,2024-07-06,25
C21227,62,Male,Hyderabad,2026-02-18,6
C21228,50,Male,Delhi,2024-10-08,22
C21229,32,Male,Mumbai,2024-08-29,24
C21230,35,Male,Bangalore,2026-04-14,4
C21231,38,Female,Chennai,2026-05-13,3
C21232,29,Female,Ahmedabad,2023-09-24,35
C21233,36,Female,Hyderabad,2025-06-16,14
C21234,33,Male,Pune,2024-08-10,24
C21235,34,Male,Noida,2025-07-11,13
C21236,36,Male,Ahmedabad,2025-10-04,10
C21237,21,Female,Chennai,2024-06-02,27
C21238,35,Female,Noida,2025-05-09,15
C21239,36,Female,Bangalore,2025-01-04,19
C21240,36,Male,Kolkata,2025-09-25,11
C21241,32,Female,Noida,2024-07-17,25
C21242,46,Female,Mumbai,2024-10-12,22
C21243,31,Female,Gurgaon,2024-04-27,28
C21244,37,Male,Mumbai,2025-06-06,14
C21245,47,Female,Chennai,2025-03-30,17
C21246,34,Male,Gurgaon,2026-07-25,0
C21247,37,Female,Hyderabad,2026-06-09,2
C21248,34,Male,Kolkata,2026-07-11,1
C21249,47,Male,Hyderabad,2023-09-08,35
C21250,32,Male,Gurgaon,2026-01-24,7
C21251,47,Female,Hyderabad,2023-10-29,34
C21252,33,Male,Delhi,2024-05-29,27
C21253,26,Female,Hyderabad,2023-12-02,33
C21254,41,Female,Ahmedabad,2026-05-27,2
C21255,31,Female,Kolkata,2025-10-04,10
C21256,41,Female,Gurgaon,2025-01-19,19
C21257,18,Female,Noida,2024-12-12,20
C21258,35,Male,Hyderabad,2026-07-03,1
C21259,30,Male,Hyderabad,2025-05-07,15
C21260,24,Female,Gurgaon,2025-04-02,16
C21261,29,Male,Kolkata,2026-06-13,2
C21262,29,Male,Pune,2025-02-10,18
C21263,34,Female,Delhi,2025-12-11,8
C21264,21,Female,Chennai,2024-07-09,25
C21265,38,Female,Kolkata,2024-05-23,27
C21266,48,Female,Hyderabad,2025-11-26,8
C21267,37,Female,Chennai,2025-02-15,18
C21268,43,Male,Chennai,2026-03-01,5
C21269,45,Male,Gurgaon,2026-03-18,5
C21270,47,Female,Gurgaon,2026-03-23,5
C21271,53,Male,Delhi,2023-10-23,34
C21272,30,Male,Mumbai,2024-04-23,28
C21273,27,Female,Bangalore,2026-07-11,1
C21274,42,Male,Pune,2026-07-22,1
C21275,42,Male,Ahmedabad,2025-10-15,10
C21276,42,Male,Noida,2026-02-07,6
C21277,53,Male,Pune,2024-06-11,26
C21278,35,Male,Hyderabad,2025-07-20,13
C21279,39,Female,Chennai,2024-11-20,21
C21280,25,Male,Gurgaon,2024-10-28,22
C21281,56,Male,Kolkata,2024-04-03,29
C21282,31,Male,Hyderabad,2023-10-07,35
C21283,31,Male,Delhi,2026-07-05,1
C21284,31,Female,Hyderabad,2024-12-11,20
C21285,28,Male,Mumbai,2025-02-06,18
C21286,27,Other,Gurgaon,2024-01-25,31
C21287,29,Male,Gurgaon,2025-07-02,13
C21288,21,Female,Ahmedabad,2026-01-29,6
C21289,27,Male,Ahmedabad,2025-02-26,18
C21290,54,Male,Pune,2023-12-30,32
C21291,42,Male,Ahmedabad,2024-07-11,25
C21292,44,Female,Mumbai,2025-01-02,19
C21293,46,Male,Hyderabad,2024-03-25,29
C21294,53,Male,Bangalore,2026-02-12,6
C21295,18,Female,Noida,2025-05-23,15
C21296,22,Male,Hyderabad,2024-05-11,27
C21297,26,Male,Bangalore,2025-01-28,19
C21298,30,Female,Bangalore,2023-12-06,33
C21299,31,Male,Pune,2025-01-16,19
C21300,30,Female,Hyderabad,2023-08-25,36
C21301,37,Male,Gurgaon,2023-10-19,34
C21302,35,Male,Pune,2025-04-08,16
C21303,27,Male,Bangalore,2024-06-29,26
C21304,18,Female,Ahmedabad,2026-07-17,1
C21305,25,Female,Gurgaon,2023-11-08,33
C21306,29,Other,Kolkata,2024-06-06,26
C21307,32,Male,Kolkata,2024-07-19,25
C21308,23,Female,Delhi,2026-01-12,7
C21309,30,Male,Gurgaon,2024-02-07,30
C21310,23,Male,Mumbai,2025-05-20,15
C21311,33,Female,Gurgaon,2026-07-02,1
C21312,24,Male,Pune,2024-05-30,27
C21313,26,Male,Delhi,2025-05-03,15
C21314,21,Male,Pune,2024-02-18,30
C21315,33,Female,Chennai,2024-07-25,25
C21316,26,Male,Pune,2023-12-19,32
C21317,44,Male,Chennai,2026-01-10,7
C21318,39,Other,Noida,2024-11-23,21
C21319,34,Male,Kolkata,2024-10-10,22
C21320,27,Male,Delhi,2025-10-31,9
C21321,38,Female,Ahmedabad,2026-03-03,5
C21322,41,Female,Ahmedabad,2026-02-07,6
C21323,36,Male,Mumbai,2025-09-09,11
C21324,51,Female,Hyderabad,2025-06-22,14
C21325,39,Male,Pune,2023-11-22,33
C21326,44,Female,Delhi,2025-03-28,17
C21327,36,Male,Mumbai,2026-03-03,5
C21328,41,Male,Bangalore,2025-11-05,9
C21329,27,Male,Ahmedabad,2024-05-18,27
C21330,30,Female,Pune,2023-12-26,32
C21331,38,Female,Chennai,2023-09-15,35
C21332,38,Female,Hyderabad,2025-05-02,15
C21333,40,Female,Bangalore,2026-04-23,4
C21334,46,Male,Hyderabad,2023-11-15,33
C21335,20,Male,Gurgaon,2025-03-23,17
C21336,25,Female,Bangalore,2024-04-30,28
C21337,37,Female,Gurgaon,2024-11-22,21
C21338,27,Other,Kolkata,2024-09-29,23
C21339,68,Male,Delhi,2025-10-17,10
C21340,40,Male,Bangalore,2026-06-08,2
C21341,34,Male,Ahmedabad,2024-11-01,21
C21342,29,Male,Kolkata,2024-05-11,27
C21343,30,Male,Ahmedabad,2026-08-10,0
C21344,35,Male,Noida,2025-02-18,18
C21345,36,Female,Bangalore,2025-06-19,14
C21346,30,Male,Noida,2023-11-25,33
C21347,32,Male,Ahmedabad,2023-11-02,34
C21348,48,Female,Ahmedabad,2024-11-18,21
C21349,48,Male,Gurgaon,2025-04-26,16
C21350,37,Female,Gurgaon,2024-10-31,22
C21351,21,Male,Chennai,2024-01-20,31
C21352,40,Female,Hyderabad,2023-12-06,33
C21353,50,Female,Ahmedabad,2023-10-03,35
C21354,48,Female,Bangalore,2026-03-08,5
C21355,42,Male,Kolkata,2026-01-18,7
C21356,49,Male,Pune,2024-04-02,29
C21357,35,Male,Mumbai,2026-03-16,5
C21358,41,Female,Ahmedabad,2024-07-13,25
C21359,28,Female,Bangalore,2025-12-04,8
C21360,37,Female,Chennai,2026-07-25,0
C21361,48,Male,Ahmedabad,2025-09-24,11
C21362,29,Female,Noida,2023-09-22,35
C21363,26,Female,Delhi,2025-12-16,8
C21364,35,Female,Hyderabad,2025-09-15,11
C21365,32,Male,Noida,2025-07-13,13
C21366,41,Other,Chennai,2024-03-08,29
C21367,30,Male,Bangalore,2026-01-01,7
C21368,52,Male,Chennai,2026-06-03,2
C21369,22,Female,Mumbai,2024-04-05,28
C21370,47,Male,Ahmedabad,2023-11-11,33
C21371,27,Female,Mumbai,2025-09-06,11
C21372,18,Male,Delhi,2023-09-12,35
C21373,37,Male,Bangalore,2023-11-28,33
C21374,32,Male,Delhi,2025-11-08,9
C21375,23,Male,Kolkata,2024-04-17,28
C21376,18,Male,Kolkata,2024-05-26,27
C21377,34,Male,Gurgaon,2026-08-03,0
C21378,44,Female,Delhi,2024-12-22,20
C21379,40,Female,Mumbai,2025-12-24,8
C21380,35,Female,Mumbai,2024-03-13,29
C21381,39,Female,Mumbai,2024-12-27,20
C21382,34,Male,Noida,2025-02-12,18
C21383,20,Female,Chennai,2023-09-16,35
C21384,20,Female,Noida,2024-10-30,22
C21385,32,Male,Ahmedabad,2024-07-21,25
C21386,33,Female,Ahmedabad,2025-09-16,11
C21387,43,Male,Mumbai,2025-11-05,9
C21388,42,Female,Pune,2025-01-04,19
C21389,41,Male,Delhi,2023-09-15,35
C21390,32,Male,Mumbai,2025-06-29,13
C21391,21,Male,Gurgaon,2024-07-22,25
C21392,39,Male,Ahmedabad,2023-09-23,35
C21393,40,Female,Delhi,2025-03-25,17
C21394,18,Other,Kolkata,2023-12-29,32
C21395,26,Male,Hyderabad,2024-01-17,31
C21396,28,Male,Delhi,2025-06-16,14
C21397,36,Male,Noida,2024-10-14,22
C21398,26,Female,Delhi,2025-11-17,9
C21399,34,Male,Gurgaon,2025-09-19,11
C21400,32,Female,Pune,2023-09-13,35
C21401,33,Female,Noida,2023-12-25,32
C21402,27,Female,Mumbai,2026-08-01,0
C21403,28,Female,Noida,2024-11-09,21
C21404,24,Female,Delhi,2024-04-21,28
C21405,38,Female,Gurgaon,2025-08-19,12
C21406,40,Female,Chennai,2025-10-18,10
C21407,27,Female,Gurgaon,2024-01-01,32
C21408,50,Female,Kolkata,2026-04-06,4
C21409,31,Female,Chennai,2026-08-10,0
C21410,50,Female,Hyderabad,2024-11-21,21
C21411,28,Female,Pune,2025-08-02,12
C21412,18,Female,Ahmedabad,2025-07-09,13
C21413,39,Male,Bangalore,2026-02-10,6
C21414,37,Male,Kolkata,2024-01-25,31
C21415,35,Female,Gurgaon,2024-10-13,22
C21416,28,Male,Kolkata,2026-02-09,6
C21417,34,Male,Delhi,2026-04-18,4
C21418,29,Male,Mumbai,2024-01-05,32
C21419,31,Female,Mumbai,2025-10-05,10
C21420,43,Female,Hyderabad,2026-04-07,4
C21421,36,Male,Pune,2024-09-03,23
C21422,41,Male,Ahmedabad,2025-05-16,15
C21423,32,Female,Ahmedabad,2024-09-14,23
C21424,31,Female,Chennai,2026-07-24,0
C21425,23,Male,Mumbai,2025-07-23,13
C21426,31,Male,Noida,2025-02-05,18
C21427,18,Female,Mumbai,2025-01-16,19
C21428,29,Female,Delhi,2024-04-01,29
C21429,34,Female,Mumbai,2024-12-03,20
C21430,40,Female,Bangalore,2024-07-30,25
C21431,32,Female,Hyderabad,2024-05-18,27
C21432,38,Male,Chennai,2025-03-18,17
C21433,18,Male,Hyderabad,2025-07-03,13
C21434,34,Female,Delhi,2026-03-16,5
C21435,18,Female,Noida,2025-10-13,10
C21436,22,Female,Kolkata,2026-01-23,7
C21437,33,Female,Mumbai,2025-06-04,14
C21438,47,Female,Delhi,2025-01-25,19
C21439,38,Female,Chennai,2025-08-21,12
C21440,35,Male,Bangalore,2025-03-01,17
C21441,34,Male,Bangalore,2026-01-24,7
C21442,27,Female,Ahmedabad,2025-12-05,8
C21443,29,Male,Noida,2023-09-17,35
C21444,39,Male,Mumbai,2024-06-28,26
C21445,21,Female,Pune,2024-10-14,22
C21446,40,Female,Gurgaon,2025-01-31,18
C21447,31,Male,Delhi,2023-12-26,32
C21448,43,Female,Hyderabad,2025-06-19,14
C21449,44,Male,Hyderabad,2025-09-11,11
C21450,18,Male,Delhi,2026-08-16,0
C21451,29,Female,Chennai,2025-05-04,15
C21452,26,Female,Hyderabad,2025-06-04,14
C21453,18,Male,Gurgaon,2026-02-15,6
C21454,24,Male,Chennai,2025-10-25,10
C21455,59,Male,Bangalore,2025-11-01,9
C21456,41,Other,Ahmedabad,2025-09-18,11
C21457,54,Female,Hyderabad,2023-12-22,32
C21458,43,Male,Hyderabad,2026-08-21,0
C21459,27,Male,Ahmedabad,2024-10-28,22
C21460,31,Female,Hyderabad,2026-03-15,5
C21461,40,Female,Bangalore,2026-05-07,3
C21462,39,Female,Ahmedabad,2025-11-14,9
C21463,29,Male,Pune,2023-10-09,34
C21464,19,Other,Delhi,2024-03-04,30
C21465,67,Male,Hyderabad,2024-04-02,29
C21466,33,Male,Chennai,2023-12-29,32
C21467,31,Male,Pune,2024-10-21,22
C21468,36,Male,Pune,2024-12-10,20
C21469,32,Female,Hyderabad,2023-11-01,34
C21470,36,Female,Chennai,2025-12-24,8
C21471,47,Female,Gurgaon,2025-04-15,16
C21472,33,Male,Chennai,2024-06-07,26
C21473,23,Male,Pune,2024-07-10,25
C21474,33,Male,Chennai,2024-06-23,26
C21475,30,Female,Delhi,2023-12-24,32
C21476,49,Female,Ahmedabad,2024-08-24,24
C21477,46,Male,Mumbai,2024-11-21,21
C21478,36,Male,Mumbai,2023-09-17,35
C21479,22,Male,Chennai,2024-11-10,21
C21480,22,Female,Noida,2023-08-31,36
C21481,35,Female,Chennai,2026-03-14,5
C21482,38,Male,Hyderabad,2025-06-09,14
C21483,31,Male,Bangalore,2025-09-15,11
C21484,30,Male,Pune,2025-01-30,18
C21485,29,Male,Ahmedabad,2025-11-02,9
C21486,34,Female,Mumbai,2024-03-09,29
C21487,18,Female,Noida,2024-02-29,30
C21488,23,Male,Hyderabad,2023-11-22,33
C21489,28,Male,Noida,2025-03-26,17
C21490,47,Female,Noida,2025-12-18,8
C21491,26,Female,Chennai,2024-03-13,29
C21492,36,Male,Pune,2024-09-07,23
C21493,37,Female,Gurgaon,2025-08-22,12
C21494,47,Female,Delhi,2026-07-01,1
C21495,47,Male,Noida,2024-08-03,24
C21496,34,Female,Hyderabad,2024-01-10,31
C21497,30,Female,Mumbai,2024-09-12,23
C21498,28,Female,Chennai,2024-04-05,28
C21499,32,Male,Hyderabad,2025-06-10,14
C21500,30,Male,Gurgaon,2025-07-26,13
C21501,40,Male,Hyderabad,2024-06-29,26
C21502,39,Female,Hyderabad,2024-07-16,25
C21503,40,Male,Pune,2025-08-20,12
C21504,47,Female,Delhi,2026-07-31,0
C21505,53,Female,Bangalore,2025-07-16,13
C21506,36,Male,Chennai,2024-02-28,30
C21507,45,Female,Mumbai,2024-08-12,24
C21508,31,Male,Ahmedabad,2023-09-09,35
C21509,46,Male,Ahmedabad,2025-07-18,13
C21510,45,Male,Delhi,2026-08-10,0
C21511,45,Female,Kolkata,2024-11-24,21
C21512,35,Female,Chennai,2024-10-18,22
C21513,28,Male,Hyderabad,2026-02-10,6
C21514,21,Female,Ahmedabad,2024-07-27,25
C21515,34,Female,Pune,2025-03-20,17
C21516,50,Male,Hyderabad,2023-10-27,34
C21517,31,Male,Delhi,2026-07-26,0
C21518,42,Male,Noida,2025-02-08,18
C21519,43,Female,Delhi,2026-06-14,2
C21520,32,Female,Gurgaon,2025-02-04,18
C21521,48,Male,Bangalore,2023-12-15,32
C21522,18,Male,Gurgaon,2024-05-28,27
C21523,22,Male,Delhi,2026-05-24,3
C21524,25,Male,Ahmedabad,2025-03-21,17
C21525,26,Male,Gurgaon,2025-02-06,18
C21526,38,Male,Gurgaon,2026-04-26,3
C21527,37,Female,Bangalore,2026-06-20,2
C21528,38,Female,Kolkata,2023-12-31,32
C21529,40,Male,Chennai,2024-02-03,31
C21530,25,Male,Noida,2023-11-21,33
C21531,22,Male,Mumbai,2025-08-31,11
C21532,38,Male,Ahmedabad,2023-12-26,32
C21533,28,Female,Bangalore,2026-01-21,7
C21534,19,Female,Hyderabad,2026-06-04,2
C21535,44,Male,Mumbai,2024-07-26,25
C21536,48,Male,Mumbai,2026-06-23,2
C21537,50,Male,Ahmedabad,2025-10-12,10
C21538,36,Male,Mumbai,2025-08-24,12
C21539,41,Female,Mumbai,2025-11-25,9
C21540,48,Male,Pune,2026-03-05,5
C21541,28,Female,Delhi,2024-04-14,28
C21542,46,Female,Chennai,2025-12-20,8
C21543,37,Male,Delhi,2026-04-29,3
C21544,44,Male,Delhi,2024-02-25,30
C21545,36,Female,Pune,2026-04-16,4
C21546,47,Male,Chennai,2024-11-16,21
C21547,37,Male,Bangalore,2026-02-03,6
C21548,20,Male,Chennai,2025-01-30,18
C21549,49,Female,Noida,2025-07-20,13
C21550,25,Male,Gurgaon,2026-07-18,1
C21551,47,Female,Pune,2024-10-09,22
C21552,34,Female,Kolkata,2024-11-11,21
C21553,46,Female,Noida,2025-09-09,11
C21554,46,Male,Pune,2024-08-01,25
C21555,39,Female,Pune,2023-09-29,35
C21556,40,Male,Mumbai,2026-07-23,1
C21557,39,Male,Noida,2024-05-18,27
C21558,18,Female,Hyderabad,2024-04-21,28
C21559,36,Male,Pune,2026-04-18,4
C21560,23,Female,Pune,2026-04-10,4
C21561,36,Male,Gurgaon,2025-07-22,13
C21562,23,Other,Delhi,2023-10-29,34
C21563,23,Female,Hyderabad,2025-10-23,10
C21564,51,Female,Delhi,2025-02-21,18
C21565,45,Male,Ahmedabad,2026-03-03,5
C21566,34,Male,Mumbai,2025-09-02,11
C21567,36,Female,Chennai,2024-02-25,30
C21568,32,Female,Delhi,2026-05-22,3
C21569,40,Male,Kolkata,2025-02-03,18
C21570,28,Male,Kolkata,2025-07-11,13
C21571,44,Male,Chennai,2023-10-21,34
C21572,32,Male,Chennai,2024-05-05,27
C21573,30,Male,Delhi,2025-09-01,11
C21574,35,Female,Bangalore,2026-08-15,0
C21575,29,Male,Noida,2024-11-22,21
C21576,38,Male,Pune,2025-02-07,18
C21577,29,Female,Pune,2024-09-02,23
C21578,39,Male,Chennai,2025-12-23,8
C21579,47,Female,Ahmedabad,2024-09-21,23
C21580,27,Female,Kolkata,2024-01-10,31
C21581,33,Female,Hyderabad,2026-02-26,5
C21582,39,Female,Pune,2024-01-16,31
C21583,30,Female,Delhi,2026-02-22,6
C21584,39,Male,Ahmedabad,2025-12-26,7
C21585,40,Female,Ahmedabad,2026-02-17,6
C21586,45,Female,Ahmedabad,2025-08-13,12
C21587,28,Male,Noida,2026-02-26,5
C21588,25,Male,Hyderabad,2025-08-06,12
C21589,31,Female,Bangalore,2024-11-09,21
C21590,25,Female,Ahmedabad,2026-07-11,1
C21591,40,Male,Chennai,2025-09-09,11
C21592,23,Female,Gurgaon,2026-07-31,0
C21593,58,Female,Bangalore,2025-06-02,14
C21594,47,Female,Chennai,2024-07-15,25
C21595,35,Female,Hyderabad,2024-01-22,31
C21596,43,Male,Gurgaon,2026-03-08,5
C21597,18,Female,Ahmedabad,2025-04-03,16
C21598,60,Female,Kolkata,2024-11-29,21
C21599,29,Female,Mumbai,2025-07-26,13
C21600,33,Female,Hyderabad,2025-11-23,9
C21601,18,Male,Bangalore,2024-11-24,21
C21602,39,Male,Kolkata,2026-05-04,3
C21603,23,Male,Kolkata,2024-07-06,25
C21604,36,Female,Delhi,2025-01-11,19
C21605,29,Female,Mumbai,2025-08-22,12
C21606,24,Male,Gurgaon,2025-01-27,19
C21607,26,Female,Delhi,2025-11-07,9
C21608,37,Female,Bangalore,2024-11-13,21
C21609,22,Male,Gurgaon,2024-04-26,28
C21610,27,Male,Ahmedabad,2025-05-16,15
C21611,41,Male,Bangalore,2025-08-01,12
C21612,61,Female,Pune,2025-02-09,18
C21613,39,Female,Ahmedabad,2025-07-09,13
C21614,25,Male,Chennai,2025-08-24,12
C21615,31,Male,Kolkata,2024-12-25,20
C21616,35,Female,Kolkata,2025-03-08,17
C21617,31,Female,Mumbai,2024-03-04,30
C21618,44,Female,Delhi,2025-02-26,18
C21619,37,Male,Hyderabad,2026-02-13,6
C21620,44,Male,Delhi,2023-11-22,33
C21621,31,Female,Hyderabad,2024-08-24,24
C21622,48,Male,Chennai,2024-08-07,24
C21623,33,Male,Noida,2024-09-06,23
C21624,25,Female,Ahmedabad,2023-09-15,35
C21625,56,Other,Ahmedabad,2024-02-13,30
C21626,18,Female,Delhi,2025-09-06,11
C21627,27,Female,Chennai,2026-06-07,2
C21628,28,Male,Gurgaon,2024-06-23,26
C21629,60,Male,Noida,2025-10-07,10
C21630,53,Male,Gurgaon,2025-06-16,14
C21631,49,Female,Mumbai,2024-03-16,29
C21632,31,Male,Delhi,2024-09-10,23
C21633,59,Female,Chennai,2025-01-07,19
C21634,38,Male,Chennai,2025-06-23,14
C21635,44,Female,Bangalore,2024-09-20,23
C21636,36,Male,Pune,2023-10-25,34
C21637,34,Female,Ahmedabad,2025-02-17,18
C21638,32,Male,Chennai,2026-02-17,6
C21639,32,Female,Kolkata,2023-10-05,35
C21640,41,Male,Noida,2025-06-16,14
C21641,38,Female,Ahmedabad,2025-03-11,17
C21642,34,Female,Ahmedabad,2025-06-01,14
C21643,50,Male,Delhi,2024-01-07,31
C21644,18,Female,Noida,2025-03-05,17
C21645,40,Female,Hyderabad,2026-06-18,2
C21646,42,Female,Hyderabad,2025-12-28,7
C21647,46,Female,Chennai,2023-09-28,35
C21648,34,Male,Noida,2025-08-05,12
C21649,37,Male,Chennai,2023-12-22,32
C21650,44,Male,Chennai,2025-11-08,9
C21651,49,Other,Bangalore,2024-01-08,31
C21652,31,Male,Ahmedabad,2024-10-29,22
C21653,37,Female,Noida,2024-07-20,25
C21654,51,Female,Gurgaon,2024-07-09,25
C21655,18,Female,Hyderabad,2026-06-13,2
C21656,28,Male,Chennai,2024-10-30,22
C21657,49,Male,Noida,2026-01-19,7
C21658,45,Male,Ahmedabad,2024-08-17,24
C21659,40,Male,Bangalore,2026-08-05,0
C21660,30,Male,Mumbai,2025-09-30,10
C21661,26,Male,Mumbai,2024-04-10,28
C21662,29,Female,Mumbai,2023-12-22,32
C21663,50,Male,Noida,2024-10-05,22
C21664,28,Male,Kolkata,2024-10-01,23
C21665,36,Male,Noida,2026-01-28,6
C21666,27,Male,Noida,2025-08-03,12
C21667,43,Male,Delhi,2024-08-18,24
C21668,29,Male,Ahmedabad,2024-12-02,20
C21669,34,Female,Ahmedabad,2025-09-22,11
C21670,18,Male,Noida,2024-01-08,31
C21671,18,Female,Delhi,2025-08-05,12
C21672,35,Male,Pune,2026-07-08,1
C21673,21,Female,Gurgaon,2024-03-05,30
C21674,56,Female,Kolkata,2024-01-30,31
C21675,18,Female,Pune,2024-03-14,29
C21676,26,Female,Noida,2024-05-26,27
C21677,35,Male,Delhi,2023-12-26,32
C21678,31,Male,Kolkata,2025-04-10,16
C21679,23,Male,Hyderabad,2025-03-22,17
C21680,25,Male,Delhi,2024-07-18,25
C21681,25,Male,Mumbai,2024-09-29,23
C21682,32,Female,Gurgaon,2023-12-07,32
C21683,54,Male,Pune,2024-05-22,27
C21684,35,Male,Delhi,2024-12-15,20
C21685,46,Male,Ahmedabad,2026-05-31,2
C21686,40,Female,Chennai,2025-04-29,16
C21687,46,Other,Gurgaon,2023-10-18,34
C21688,18,Male,Delhi,2026-01-13,7
C21689,31,Male,Hyderabad,2024-04-11,28
C21690,48,Male,Noida,2024-04-01,29
C21691,29,Female,Noida,2025-02-16,18
C21692,52,Male,Gurgaon,2024-05-23,27
C21693,49,Female,Chennai,2026-06-24,1
C21694,30,Male,Ahmedabad,2025-09-20,11
C21695,29,Male,Delhi,2023-10-08,34
C21696,24,Female,Ahmedabad,2025-09-15,11
C21697,28,Female,Noida,2024-12-14,20
C21698,22,Female,Delhi,2023-09-13,35
C21699,39,Male,Noida,2025-07-11,13
C21700,20,Female,Hyderabad,2025-11-09,9
C21701,41,Male,Ahmedabad,2025-11-28,8
C21702,41,Male,Chennai,2024-10-08,22
C21703,18,Male,Gurgaon,2026-05-03,3
C21704,50,Female,Noida,2026-02-17,6
C21705,40,Female,Hyderabad,2024-11-26,21
C21706,42,Male,Hyderabad,2025-11-05,9
C21707,27,Female,Ahmedabad,2024-09-12,23
C21708,41,Male,Hyderabad,2024-01-25,31
C21709,46,Male,Gurgaon,2024-06-02,27
C21710,34,Female,Chennai,2025-09-17,11
C21711,55,Female,Mumbai,2024-01-21,31
C21712,35,Female,Mumbai,2026-08-20,0
C21713,46,Female,Hyderabad,2025-10-23,10
C21714,37,Male,Noida,2025-07-07,13
C21715,40,Female,Bangalore,2025-09-03,11
C21716,18,Female,Chennai,2024-12-12,20
C21717,38,Male,Noida,2024-11-30,21
C21718,27,Female,Noida,2026-03-10,5
C21719,26,Female,Bangalore,2025-08-08,12
C21720,52,Male,Delhi,2025-04-25,16
C21721,32,Other,Mumbai,2025-07-01,13
C21722,24,Male,Kolkata,2024-03-10,29
C21723,31,Female,Chennai,2026-02-18,6
C21724,21,Male,Delhi,2025-04-07,16
C21725,49,Female,Bangalore,2025-10-10,10
C21726,28,Female,Kolkata,2024-07-16,25
C21727,40,Male,Chennai,2026-08-11,0
C21728,48,Male,Pune,2023-12-18,32
C21729,29,Female,Bangalore,2025-09-29,10
C21730,40,Female,Chennai,2024-09-15,23
C21731,24,Female,Pune,2026-01-29,6
C21732,59,Male,Delhi,2023-12-31,32
C21733,44,Male,Pune,2024-06-05,26
C21734,33,Female,Bangalore,2025-06-12,14
C21735,27,Female,Mumbai,2023-12-28,32
C21736,33,Male,Bangalore,2024-07-12,25
C21737,31,Female,Ahmedabad,2024-01-15,31
C21738,54,Male,Gurgaon,2025-04-11,16
C21739,22,Male,Delhi,2026-02-06,6
C21740,36,Female,Gurgaon,2024-06-19,26
C21741,34,Male,Noida,2025-12-01,8
C21742,33,Male,Delhi,2024-11-08,21
C21743,33,Female,Chennai,2025-11-21,9
C21744,33,Male,Kolkata,2024-05-25,27
C21745,43,Female,Noida,2024-10-21,22
C21746,41,Female,Chennai,2025-01-19,19
C21747,39,Female,Noida,2024-04-04,29
C21748,18,Male,Ahmedabad,2024-06-06,26
C21749,37,Male,Bangalore,2023-08-24,36
C21750,18,Female,Delhi,2026-03-28,4
C21751,41,Male,Mumbai,2024-09-10,23
C21752,49,Female,Ahmedabad,2023-11-25,33
C21753,25,Female,Delhi,2026-06-27,1
C21754,32,Male,Mumbai,2025-05-24,15
C21755,29,Female,Noida,2025-08-22,12
C21756,47,Female,Pune,2025-04-27,16
C21757,35,Male,Gurgaon,2024-07-27,25
C21758,52,Male,Mumbai,2024-08-10,24
C21759,39,Female,Bangalore,2024-09-24,23
C21760,37,Male,Noida,2023-10-30,34
C21761,35,Male,Bangalore,2026-08-18,0
C21762,43,Male,Kolkata,2024-05-28,27
C21763,18,Male,Delhi,2026-03-16,5
C21764,35,Female,Pune,2025-05-07,15
C21765,34,Male,Mumbai,2025-11-12,9
C21766,42,Female,Gurgaon,2023-11-02,34
C21767,33,Female,Mumbai,2025-08-02,12
C21768,24,Other,Bangalore,2026-05-23,3
C21769,35,Male,Pune,2025-06-15,14
C21770,24,Male,Mumbai,2024-12-11,20
C21771,18,Female,Noida,2024-03-13,29
C21772,42,Male,Kolkata,2026-02-12,6
C21773,40,Female,Pune,2024-09-25,23
C21774,39,Male,Delhi,2024-06-26,26
C21775,48,Female,Pune,2025-08-18,12
C21776,28,Female,Gurgaon,2024-04-02,29
C21777,20,Male,Noida,2025-10-17,10
C21778,34,Male,Mumbai,2025-01-15,19
C21779,31,Male,Chennai,2024-11-22,21
C21780,26,Male,Mumbai,2024-06-20,26
C21781,34,Male,Bangalore,2023-12-11,32
C21782,28,Female,Bangalore,2026-06-11,2
C21783,18,Male,Ahmedabad,2025-03-05,17
C21784,30,Male,Kolkata,2024-04-10,28
C21785,23,Male,Mumbai,2025-08-19,12
C21786,37,Female,Delhi,2025-09-21,11
C21787,28,Male,Hyderabad,2024-05-28,27
C21788,46,Female,Hyderabad,2023-09-27,35
C21789,51,Female,Delhi,2026-01-16,7
C21790,41,Male,Pune,2024-01-12,31
C21791,19,Male,Noida,2026-03-05,5
C21792,50,Female,Ahmedabad,2024-09-11,23
C21793,50,Male,Ahmedabad,2026-01-26,6
C21794,35,Male,Pune,2024-05-15,27
C21795,48,Female,Chennai,2026-07-27,0
C21796,29,Male,Hyderabad,2025-09-26,11
C21797,18,Male,Ahmedabad,2024-11-06,21
C21798,27,Other,Gurgaon,2025-12-01,8
C21799,52,Male,Mumbai,2023-10-18,34
C21800,20,Female,Ahmedabad,2024-06-26,26
C21801,34,Male,Pune,2024-02-02,31
C21802,35,Female,Ahmedabad,2026-07-29,0
C21803,29,Male,Noida,2023-11-30,33
C21804,30,Male,Bangalore,2024-05-21,27
C21805,35,Female,Bangalore,2024-04-08,28
C21806,29,Female,Chennai,2026-05-02,3
C21807,20,Male,Ahmedabad,2024-12-09,20
C21808,37,Female,Mumbai,2024-04-03,29
C21809,45,Male,Kolkata,2025-03-10,17
C21810,43,Female,Chennai,2025-12-27,7
C21811,26,Female,Kolkata,2024-02-11,30
C21812,22,Male,Ahmedabad,2023-10-28,34
C21813,32,Male,Hyderabad,2024-07-19,25
C21814,50,Male,Pune,2023-12-26,32
C21815,41,Female,Gurgaon,2024-10-04,22
C21816,42,Male,Kolkata,2024-08-04,24
C21817,43,Female,Mumbai,2026-01-05,7
C21818,39,Male,Hyderabad,2025-08-20,12
C21819,36,Female,Ahmedabad,2024-04-05,28
C21820,41,Female,Hyderabad,2023-08-29,36
C21821,29,Female,Pune,2024-06-27,26
C21822,20,Female,Mumbai,2026-03-11,5
C21823,42,Male,Pune,2025-10-18,10
C21824,47,Male,Bangalore,2026-08-07,0
C21825,23,Other,Chennai,2024-09-30,23
C21826,43,Male,Chennai,2025-03-11,17
C21827,51,Female,Kolkata,2025-07-13,13
C21828,34,Female,Ahmedabad,2023-10-02,35
C21829,26,Female,Noida,2024-02-02,31
C21830,36,Male,Delhi,2024-03-14,29
C21831,29,Male,Gurgaon,2026-05-14,3
C21832,28,Female,Hyderabad,2024-01-13,31
C21833,39,Male,Chennai,2025-01-22,19
C21834,18,Female,Pune,2026-06-01,2
C21835,20,Male,Hyderabad,2025-12-16,8
C21836,35,Male,Delhi,2023-11-23,33
C21837,34,Male,Pune,2024-01-22,31
C21838,38,Female,Mumbai,2024-07-31,25
C21839,53,Male,Mumbai,2026-05-11,3
C21840,36,Female,Delhi,2024-07-26,25
C21841,40,Female,Ahmedabad,2025-03-23,17
C21842,25,Female,Noida,2024-04-02,29
C21843,42,Female,Gurgaon,2024-09-29,23
C21844,29,Male,Gurgaon,2024-12-23,20
C21845,35,Female,Noida,2026-07-04,1
C21846,33,Male,Pune,2025-02-20,18
C21847,45,Female,Gurgaon,2025-08-20,12
C21848,21,Female,Chennai,2024-12-29,20
C21849,18,Male,Pune,2024-08-21,24
C21850,32,Male,Kolkata,2024-04-19,28
C21851,39,Female,Bangalore,2026-07-17,1
C21852,36,Male,Kolkata,2024-02-19,30
C21853,47,Female,Hyderabad,2024-10-26,22
C21854,39,Male,Noida,2024-12-20,20
C21855,29,Female,Hyderabad,2026-06-10,2
C21856,18,Male,Gurgaon,2026-01-05,7
C21857,32,Female,Mumbai,2024-08-20,24
C21858,45,Male,Bangalore,2026-06-08,2
C21859,31,Male,Chennai,2023-08-29,36
C21860,35,Male,Ahmedabad,2024-06-01,27
C21861,39,Male,Pune,2025-03-30,17
C21862,24,Male,Chennai,2025-08-28,11
C21863,41,Female,Chennai,2026-03-02,5
C21864,51,Male,Hyderabad,2026-02-09,6
C21865,33,Female,Mumbai,2025-12-06,8
C21866,23,Male,Pune,2025-10-29,9
C21867,34,Female,Ahmedabad,2023-11-15,33
C21868,18,Male,Hyderabad,2024-03-22,29
C21869,38,Female,Kolkata,2025-02-05,18
C21870,39,Female,Delhi,2024-09-13,23
C21871,51,Male,Ahmedabad,2024-01-26,31
C21872,33,Male,Chennai,2025-04-09,16
C21873,39,Male,Pune,2023-09-14,35
C21874,26,Male,Chennai,2024-01-26,31
C21875,31,Male,Bangalore,2026-05-30,2
C21876,19,Male,Gurgaon,2026-03-18,5
C21877,33,Female,Mumbai,2024-10-22,22
C21878,31,Male,Hyderabad,2024-07-19,25
C21879,37,Male,Pune,2026-06-04,2
C21880,28,Male,Delhi,2025-10-25,10
C21881,35,Female,Delhi,2026-01-26,6
C21882,31,Male,Kolkata,2024-06-30,26
C21883,31,Female,Kolkata,2023-10-07,35
C21884,35,Female,Hyderabad,2026-03-13,5
C21885,35,Female,Noida,2024-09-29,23
C21886,42,Male,Delhi,2024-12-11,20
C21887,33,Male,Ahmedabad,2024-04-08,28
C21888,31,Male,Kolkata,2024-05-23,27
C21889,33,Female,Mumbai,2026-07-07,1
C21890,27,Female,Kolkata,2025-08-10,12
C21891,31,Male,Bangalore,2025-03-13,17
C21892,55,Female,Hyderabad,2026-03-12,5
C21893,25,Female,Chennai,2024-03-17,29
C21894,32,Male,Bangalore,2025-12-26,7
C21895,31,Male,Mumbai,2025-07-25,13
C21896,32,Female,Delhi,2025-03-05,17
C21897,31,Female,Pune,2024-12-09,20
C21898,37,Female,Delhi,2023-10-04,35
C21899,18,Female,Delhi,2025-04-09,16
C21900,45,Male,Pune,2026-05-13,3
C21901,41,Female,Bangalore,2024-07-16,25
C21902,22,Female,Ahmedabad,2023-12-27,32
C21903,18,Male,Bangalore,2025-06-07,14
C21904,25,Male,Chennai,2024-03-10,29
C21905,32,Female,Bangalore,2025-02-05,18
C21906,60,Female,Mumbai,2025-08-06,12
C21907,40,Female,Bangalore,2025-02-01,18
C21908,18,Male,Gurgaon,2023-10-29,34
C21909,28,Male,Noida,2026-05-20,3
C21910,34,Female,Mumbai,2024-05-27,27
C21911,37,Female,Hyderabad,2025-08-15,12
C21912,21,Male,Pune,2025-01-15,19
C21913,33,Female,Hyderabad,2025-02-09,18
C21914,27,Female,Pune,2026-08-11,0
C21915,23,Female,Hyderabad,2024-05-10,27
C21916,37,Female,Gurgaon,2025-06-23,14
C21917,42,Male,Kolkata,2026-07-14,1
C21918,43,Female,Noida,2024-04-25,28
C21919,40,Male,Ahmedabad,2025-11-29,8
C21920,30,Female,Chennai,2025-02-05,18
C21921,42,Male,Delhi,2025-02-21,18
C21922,38,Female,Pune,2024-01-17,31
C21923,36,Female,Chennai,2024-11-08,21
C21924,28,Female,Pune,2026-02-04,6
C21925,30,Female,Pune,2025-05-25,15
C21926,35,Male,Pune,2025-05-18,15
C21927,59,Female,Pune,2026-07-15,1
C21928,38,Male,Pune,2024-10-26,22
C21929,28,Male,Delhi,2025-05-26,15
C21930,26,Other,Hyderabad,2026-04-13,4
C21931,30,Female,Hyderabad,2025-01-09,19
C21932,56,Female,Kolkata,2024-01-21,31
C21933,31,Female,Pune,2024-04-12,28
C21934,44,Female,Mumbai,2024-10-17,22
C21935,31,Female,Chennai,2024-06-16,26
C21936,37,Female,Delhi,2023-12-21,32
C21937,42,Other,Pune,2026-07-27,0
C21938,29,Male,Pune,2024-09-18,23
C21939,28,Female,Bangalore,2024-09-23,23
C21940,51,Female,Mumbai,2024-11-05,21
C21941,44,Male,Gurgaon,2024-09-11,23
C21942,42,Male,Chennai,2024-02-23,30
C21943,42,Female,Ahmedabad,2025-10-15,10
C21944,39,Male,Bangalore,2024-01-18,31
C21945,55,Male,Hyderabad,2023-11-04,34
C21946,35,Male,Chennai,2025-06-16,14
C21947,40,Male,Mumbai,2023-08-27,36
C21948,20,Female,Bangalore,2025-09-07,11
C21949,26,Male,Noida,2024-06-14,26
C21950,22,Male,Delhi,2025-03-16,17
C21951,47,Female,Kolkata,2024-05-18,27
C21952,18,Male,Delhi,2026-06-16,2
C21953,30,Female,Bangalore,2026-03-14,5
C21954,18,Female,Hyderabad,2023-11-29,33
C21955,26,Female,Kolkata,2024-09-13,23
C21956,30,Female,Chennai,2026-03-04,5
C21957,48,Male,Bangalore,2025-06-22,14
C21958,38,Male,Hyderabad,2023-09-02,36
C21959,26,Male,Delhi,2024-07-26,25
C21960,45,Male,Kolkata,2024-12-07,20
C21961,35,Male,Noida,2025-01-01,19
C21962,35,Male,Noida,2024-11-14,21
C21963,22,Female,Gurgaon,2024-02-09,30
C21964,25,Male,Gurgaon,2024-01-07,31
C21965,26,Male,Chennai,2026-06-22,2
C21966,35,Male,Chennai,2025-10-06,10
C21967,35,Male,Hyderabad,2025-09-14,11
C21968,50,Female,Chennai,2024-08-31,24
C21969,38,Female,Delhi,2024-03-21,29
C21970,18,Female,Noida,2024-04-23,28
C21971,37,Female,Hyderabad,2026-07-05,1
C21972,20,Female,Kolkata,2025-01-17,19
C21973,25,Female,Pune,2023-11-20,33
C21974,26,Male,Chennai,2025-04-28,16
C21975,28,Male,Bangalore,2024-07-14,25
C21976,21,Female,Ahmedabad,2025-11-25,9
C21977,37,Male,Delhi,2024-07-07,25
C21978,20,Male,Chennai,2025-12-12,8
C21979,38,Male,Pune,2026-02-04,6
C21980,57,Male,Delhi,2024-06-02,27
C21981,21,Female,Noida,2025-05-31,14
C21982,32,Male,Noida,2025-06-15,14
C21983,18,Male,Hyderabad,2026-01-07,7
C21984,31,Male,Noida,2025-01-06,19
C21985,41,Female,Chennai,2025-08-21,12
C21986,42,Female,Kolkata,2025-09-30,10
C21987,35,Male,Mumbai,2024-05-22,27
C21988,43,Female,Mumbai,2024-05-07,27
C21989,60,Male,Gurgaon,2024-08-31,24
C21990,52,Female,Delhi,2025-06-02,14
C21991,29,Female,Kolkata,2024-04-17,28
C21992,20,Female,Pune,2025-01-27,19
C21993,30,Male,Chennai,2024-11-05,21
C21994,25,Male,Mumbai,2024-08-08,24
C21995,39,Male,Pune,2026-01-17,7
C21996,23,Male,Noida,2024-11-09,21
C21997,34,Male,Noida,2023-10-28,34
C21998,43,Male,Mumbai,2023-08-27,36
C21999,33,Male,Mumbai,2024-06-09,26
C22000,25,Female,Pune,2025-05-17,15
C22001,46,Male,Bangalore,2024-05-16,27
C22002,18,Female,Delhi,2023-11-12,33
C22003,31,Female,Delhi,2024-01-14,31
C22004,34,Female,Pune,2025-01-12,19
C22005,35,Female,Bangalore,2024-02-13,30
C22006,36,Female,Noida,2025-10-04,10
C22007,41,Female,Bangalore,2025-08-23,12
C22008,34,Male,Bangalore,2024-05-24,27
C22009,31,Male,Bangalore,2025-01-08,19
C22010,30,Female,Delhi,2026-08-15,0
C22011,28,Male,Bangalore,2023-08-27,36
C22012,42,Male,Pune,2024-10-06,22
C22013,28,Female,Kolkata,2024-01-14,31
C22014,43,Female,Chennai,2025-09-03,11
C22015,35,Female,Gurgaon,2026-02-01,6
C22016,29,Male,Gurgaon,2024-06-27,26
C22017,41,Female,Gurgaon,2024-04-17,28
C22018,27,Male,Kolkata,2024-04-17,28
C22019,41,Female,Kolkata,2024-05-03,28
C22020,37,Male,Mumbai,2025-07-31,12
C22021,29,Female,Chennai,2026-06-23,2
C22022,40,Male,Pune,2025-05-19,15
C22023,40,Male,Mumbai,2025-11-11,9
C22024,46,Male,Bangalore,2023-10-26,34
C22025,44,Male,Chennai,2026-03-10,5
C22026,39,Female,Hyderabad,2024-05-06,27
C22027,23,Male,Hyderabad,2026-07-06,1
C22028,59,Male,Chennai,2024-10-25,22
C22029,20,Male,Hyderabad,2025-03-28,17
C22030,44,Female,Mumbai,2025-09-15,11
C22031,39,Male,Kolkata,2023-12-29,32
C22032,23,Male,Chennai,2026-02-16,6
C22033,33,Female,Hyderabad,2024-07-24,25
C22034,34,Female,Pune,2026-07-06,1
C22035,48,Female,Hyderabad,2024-06-15,26
C22036,27,Female,Bangalore,2023-10-09,34
C22037,32,Male,Mumbai,2025-07-22,13
C22038,18,Female,Noida,2025-09-25,11
C22039,52,Female,Delhi,2024-01-27,31
C22040,24,Female,Mumbai,2024-07-27,25
C22041,38,Male,Ahmedabad,2025-04-18,16
C22042,33,Female,Ahmedabad,2025-08-28,11
C22043,34,Male,Delhi,2023-12-28,32
C22044,43,Female,Kolkata,2025-07-08,13
C22045,51,Male,Gurgaon,2024-10-30,22
C22046,37,Male,Hyderabad,2025-11-23,9
C22047,41,Female,Pune,2024-12-29,20
C22048,38,Male,Kolkata,2026-04-11,4
C22049,45,Female,Ahmedabad,2026-06-19,2
C22050,30,Female,Chennai,2025-06-24,14
C22051,45,Female,Delhi,2024-01-20,31
C22052,46,Male,Kolkata,2024-01-24,31
C22053,45,Female,Gurgaon,2025-04-07,16
C22054,28,Female,Chennai,2024-02-25,30
C22055,33,Male,Bangalore,2025-04-13,16
C22056,37,Female,Mumbai,2025-08-24,12
C22057,21,Male,Delhi,2024-01-20,31
C22058,50,Male,Ahmedabad,2023-11-01,34
C22059,34,Female,Pune,2026-01-06,7
C22060,37,Female,Bangalore,2024-10-12,22
C22061,29,Male,Bangalore,2025-09-29,10
C22062,21,Male,Kolkata,2025-04-07,16
C22063,28,Female,Delhi,2024-01-18,31
C22064,37,Male,Mumbai,2026-03-31,4
C22065,41,Male,Delhi,2026-08-07,0
C22066,36,Other,Chennai,2026-06-16,2
C22067,38,Male,Gurgaon,2024-05-11,27
C22068,31,Female,Bangalore,2023-09-22,35
C22069,39,Male,Bangalore,2024-01-02,32
C22070,49,Female,Ahmedabad,2024-06-23,26
C22071,42,Male,Bangalore,2026-03-30,4
C22072,43,Female,Mumbai,2024-04-19,28
C22073,37,Male,Pune,2025-03-07,17
C22074,19,Female,Delhi,2025-12-17,8
C22075,24,Female,Pune,2023-08-24,36
C22076,39,Other,Ahmedabad,2026-07-04,1
C22077,34,Male,Kolkata,2024-03-06,29
C22078,39,Female,Chennai,2023-12-11,32
C22079,51,Male,Bangalore,2026-04-21,4
C22080,42,Female,Noida,2024-12-30,20
C22081,47,Male,Ahmedabad,2024-05-28,27
C22082,35,Male,Chennai,2026-06-01,2
C22083,26,Male,Delhi,2024-08-07,24
C22084,34,Female,Hyderabad,2024-05-25,27
C22085,26,Female,Gurgaon,2023-10-09,34
C22086,50,Male,Hyderabad,2024-03-03,30
C22087,42,Female,Bangalore,2024-03-27,29
C22088,40,Female,Pune,2025-12-10,8
C22089,47,Female,Bangalore,2026-01-21,7
C22090,18,Male,Chennai,2025-10-27,9
C22091,40,Female,Pune,2025-03-02,17
C22092,21,Female,Gurgaon,2026-01-05,7
C22093,34,Male,Ahmedabad,2025-09-09,11
C22094,31,Female,Chennai,2024-08-01,25
C22095,41,Male,Chennai,2024-04-28,28
C22096,37,Female,Ahmedabad,2024-09-25,23
C22097,48,Female,Noida,2025-11-04,9
C22098,28,Male,Bangalore,2025-04-11,16
C22099,42,Male,Ahmedabad,2023-12-07,32
C22100,36,Male,Kolkata,2025-06-17,14
C22101,18,Male,Chennai,2025-02-26,18
C22102,25,Female,Noida,2026-02-04,6
C22103,33,Female,Mumbai,2024-10-15,22
C22104,46,Male,Hyderabad,2026-03-23,5
C22105,39,Female,Pune,2024-01-26,31
C22106,23,Male,Bangalore,2023-11-19,33
C22107,33,Female,Chennai,2025-04-07,16
C22108,55,Male,Pune,2025-03-07,17
C22109,36,Female,Hyderabad,2024-09-19,23
C22110,31,Male,Gurgaon,2024-12-25,20
C22111,39,Male,Chennai,2024-02-23,30
C22112,42,Female,Chennai,2024-10-13,22
C22113,30,Male,Pune,2024-02-11,30
C22114,40,Female,Chennai,2025-03-11,17
C22115,31,Female,Chennai,2025-02-04,18
C22116,42,Female,Ahmedabad,2026-06-09,2
C22117,36,Other,Kolkata,2025-11-08,9
C22118,39,Male,Delhi,2025-10-22,10
C22119,27,Female,Gurgaon,2023-09-18,35
C22120,26,Female,Delhi,2025-01-08,19
C22121,44,Male,Bangalore,2026-06-29,1
C22122,34,Female,Kolkata,2025-05-26,15
C22123,37,Female,Chennai,2024-07-23,25
C22124,31,Female,Bangalore,2024-08-09,24
C22125,43,Male,Gurgaon,2025-01-02,19
C22126,28,Female,Mumbai,2024-12-01,20
C22127,33,Male,Mumbai,2025-10-01,10
C22128,42,Female,Pune,2024-12-05,20
C22129,46,Male,Mumbai,2023-12-22,32
C22130,29,Male,Chennai,2024-03-04,30
C22131,54,Female,Delhi,2024-12-26,20
C22132,38,Female,Noida,2025-10-09,10
C22133,24,Other,Ahmedabad,2025-12-01,8
C22134,38,Male,Delhi,2025-10-25,10
C22135,31,Female,Delhi,2024-12-31,19
C22136,39,Female,Noida,2024-06-26,26
C22137,34,Female,Chennai,2025-03-13,17
C22138,35,Male,Ahmedabad,2025-05-12,15
C22139,25,Male,Gurgaon,2026-06-25,1
C22140,44,Female,Bangalore,2025-06-14,14
C22141,23,Male,Pune,2024-12-09,20
C22142,23,Female,Mumbai,2025-10-22,10
C22143,38,Male,Hyderabad,2026-07-28,0
C22144,51,Other,Hyderabad,2025-03-08,17
C22145,31,Female,Delhi,2024-08-06,24
C22146,42,Female,Ahmedabad,2023-10-15,34
C22147,45,Male,Noida,2023-09-28,35
C22148,43,Female,Delhi,2024-05-12,27
C22149,31,Female,Hyderabad,2023-12-19,32
C22150,24,Female,Chennai,2025-09-07,11
C22151,18,Male,Kolkata,2024-09-16,23
C22152,32,Female,Mumbai,2025-10-06,10
C22153,46,Female,Kolkata,2023-10-30,34
C22154,23,Male,Ahmedabad,2024-11-16,21
C22155,42,Female,Mumbai,2023-09-15,35
C22156,25,Male,Mumbai,2024-07-16,25
C22157,36,Female,Noida,2024-07-08,25
C22158,42,Other,Chennai,2023-12-02,33
C22159,28,Male,Kolkata,2025-09-09,11
C22160,36,Male,Delhi,2023-09-11,35
C22161,30,Female,Ahmedabad,2023-12-08,32
C22162,42,Male,Hyderabad,2025-08-27,12
C22163,37,Male,Delhi,2023-12-04,33
C22164,35,Male,Pune,2024-07-05,25
C22165,50,Male,Mumbai,2026-07-23,1
C22166,41,Male,Noida,2026-04-11,4
C22167,28,Male,Bangalore,2024-09-19,23
C22168,34,Male,Ahmedabad,2025-05-18,15
C22169,34,Female,Chennai,2024-11-26,21
C22170,35,Female,Mumbai,2025-06-25,14
C22171,60,Male,Ahmedabad,2025-05-19,15
C22172,38,Female,Gurgaon,2025-10-18,10
C22173,18,Female,Ahmedabad,2025-01-29,19
C22174,29,Male,Bangalore,2025-12-20,8
C22175,18,Female,Delhi,2025-07-14,13
C22176,31,Female,Ahmedabad,2024-08-21,24
C22177,18,Male,Hyderabad,2023-11-04,34
C22178,26,Male,Pune,2024-01-24,31
C22179,19,Male,Hyderabad,2026-07-28,0
C22180,38,Female,Delhi,2023-09-13,35
C22181,35,Male,Kolkata,2025-05-11,15
C22182,38,Other,Gurgaon,2025-07-03,13
C22183,33,Female,Chennai,2024-08-07,24
C22184,21,Male,Kolkata,2026-06-15,2
C22185,40,Male,Bangalore,2024-05-27,27
C22186,54,Male,Gurgaon,2026-01-31,6
C22187,39,Male,Noida,2024-10-16,22
C22188,30,Male,Noida,2023-10-17,34
C22189,20,Female,Chennai,2026-04-06,4
C22190,25,Female,Bangalore,2025-02-12,18
C22191,39,Male,Gurgaon,2026-03-12,5
C22192,45,Female,Chennai,2026-04-29,3
C22193,37,Male,Hyderabad,2024-02-19,30
C22194,42,Male,Hyderabad,2023-09-16,35
C22195,42,Female,Gurgaon,2025-04-01,16
C22196,40,Male,Ahmedabad,2025-04-07,16
C22197,28,Female,Kolkata,2025-03-15,17
C22198,36,Female,Noida,2025-08-12,12
C22199,26,Female,Ahmedabad,2025-04-07,16
C22200,35,Male,Chennai,2025-05-11,15
C22201,38,Male,Kolkata,2024-01-30,31
C22202,51,Male,Ahmedabad,2025-08-23,12
C22203,21,Female,Mumbai,2026-05-31,2
C22204,39,Female,Gurgaon,2025-02-23,18
C22205,49,Female,Bangalore,2025-01-30,18
C22206,42,Female,Hyderabad,2026-02-15,6
C22207,43,Female,Mumbai,2025-07-28,13
C22208,40,Female,Chennai,2026-04-13,4
C22209,47,Male,Kolkata,2025-11-23,9
C22210,24,Female,Gurgaon,2023-09-16,35
C22211,21,Female,Kolkata,2024-12-09,20
C22212,34,Male,Kolkata,2026-04-19,4
C22213,18,Other,Bangalore,2025-06-22,14
C22214,47,Female,Delhi,2025-05-12,15
C22215,47,Female,Bangalore,2025-04-09,16
C22216,30,Female,Ahmedabad,2023-12-18,32
C22217,31,Male,Delhi,2024-01-14,31
C22218,34,Male,Mumbai,2026-02-01,6
C22219,35,Male,Kolkata,2026-05-09,3
C22220,36,Female,Gurgaon,2024-11-06,21
C22221,40,Male,Noida,2026-03-25,5
C22222,33,Male,Chennai,2025-07-15,13
C22223,44,Female,Bangalore,2023-12-16,32
C22224,39,Male,Delhi,2025-12-26,7
C22225,28,Male,Delhi,2024-02-28,30
C22226,48,Male,Delhi,2026-03-04,5
C22227,21,Male,Ahmedabad,2023-12-21,32
C22228,34,Male,Bangalore,2025-07-13,13
C22229,44,Male,Pune,2026-01-29,6
C22230,27,Male,Kolkata,2025-06-07,14
C22231,38,Male,Kolkata,2023-11-28,33
C22232,40,Male,Mumbai,2024-12-15,20
C22233,26,Female,Noida,2026-08-02,0
C22234,34,Male,Noida,2024-03-24,29
C22235,33,Female,Chennai,2026-01-05,7
C22236,29,Male,Ahmedabad,2024-02-27,30
C22237,58,Male,Pune,2025-07-19,13
C22238,27,Male,Pune,2024-01-30,31
C22239,45,Female,Kolkata,2026-08-20,0
C22240,31,Male,Kolkata,2025-03-24,17
C22241,24,Female,Pune,2024-05-10,27
C22242,36,Female,Hyderabad,2025-02-13,18
C22243,41,Male,Hyderabad,2023-11-17,33
C22244,44,Female,Hyderabad,2025-08-25,12
C22245,50,Male,Pune,2024-10-17,22
C22246,64,Male,Noida,2023-10-18,34
C22247,37,Male,Delhi,2023-12-06,33
C22248,28,Male,Ahmedabad,2023-10-03,35
C22249,39,Male,Bangalore,2025-01-17,19
C22250,32,Female,Chennai,2024-12-16,20
C22251,44,Male,Noida,2025-02-26,18
C22252,22,Female,Mumbai,2023-08-28,36
C22253,58,Male,Gurgaon,2025-03-30,17
C22254,43,Other,Kolkata,2024-09-22,23
C22255,18,Male,Pune,2025-02-04,18
C22256,27,Female,Kolkata,2023-10-26,34
C22257,43,Female,Mumbai,2024-11-27,21
C22258,46,Male,Kolkata,2024-03-03,30
C22259,22,Male,Hyderabad,2026-01-05,7
C22260,42,Male,Pune,2025-08-13,12
C22261,18,Male,Mumbai,2023-11-27,33
C22262,34,Male,Chennai,2026-08-08,0
C22263,46,Female,Delhi,2024-11-06,21
C22264,29,Male,Hyderabad,2023-10-13,34
C22265,19,Female,Bangalore,2024-01-01,32
C22266,36,Male,Hyderabad,2023-11-10,33
C22267,28,Female,Delhi,2025-09-21,11
C22268,41,Male,Delhi,2025-08-20,12
C22269,26,Male,Mumbai,2026-04-09,4
C22270,27,Male,Ahmedabad,2024-03-20,29
C22271,18,Male,Chennai,2024-12-06,20
C22272,36,Female,Gurgaon,2026-02-09,6
C22273,33,Female,Gurgaon,2024-02-26,30
C22274,23,Female,Gurgaon,2024-09-19,23
C22275,36,Female,Pune,2025-08-12,12
C22276,45,Female,Mumbai,2025-07-21,13
C22277,32,Male,Chennai,2026-01-11,7
C22278,37,Male,Bangalore,2025-05-04,15
C22279,37,Male,Bangalore,2025-06-11,14
C22280,22,Male,Mumbai,2024-11-30,21
C22281,55,Female,Hyderabad,2023-10-29,34
C22282,30,Male,Gurgaon,2024-12-04,20
C22283,41,Female,Gurgaon,2024-11-04,21
C22284,42,Male,Kolkata,2023-08-31,36
C22285,33,Female,Mumbai,2023-12-29,32
C22286,41,Other,Chennai,2026-01-23,7
C22287,37,Male,Mumbai,2024-12-15,20
C22288,20,Female,Hyderabad,2025-06-17,14
C22289,31,Female,Pune,2025-10-09,10
C22290,28,Other,Kolkata,2024-10-27,22
C22291,30,Male,Hyderabad,2025-10-05,10
C22292,21,Female,Chennai,2025-07-24,13
C22293,46,Male,Hyderabad,2024-06-01,27
C22294,51,Female,Kolkata,2025-09-04,11
C22295,44,Female,Mumbai,2025-10-02,10
C22296,47,Female,Chennai,2025-10-04,10
C22297,31,Male,Pune,2024-10-24,22
C22298,28,Female,Noida,2023-09-29,35
C22299,27,Male,Noida,2023-12-25,32
C22300,41,Male,Kolkata,2024-04-20,28
C22301,37,Female,Kolkata,2025-02-16,18
C22302,34,Female,Gurgaon,2025-05-10,15
C22303,47,Female,Kolkata,2025-03-01,17
C22304,39,Female,Mumbai,2023-12-29,32
C22305,26,Male,Pune,2024-12-08,20
C22306,28,Male,Gurgaon,2024-07-23,25
C22307,41,Male,Pune,2025-10-29,9
C22308,45,Male,Pune,2024-12-02,20
C22309,40,Male,Pune,2024-10-07,22
C22310,53,Male,Chennai,2024-08-27,24
C22311,51,Male,Delhi,2024-11-14,21
C22312,39,Female,Mumbai,2024-02-12,30
C22313,26,Female,Chennai,2024-11-29,21
C22314,21,Female,Delhi,2024-04-02,29
C22315,31,Male,Noida,2024-06-07,26
C22316,42,Male,Bangalore,2024-04-19,28
C22317,53,Male,Hyderabad,2026-08-10,0
C22318,39,Male,Gurgaon,2024-05-16,27
C22319,46,Female,Bangalore,2026-04-30,3
C22320,32,Male,Kolkata,2024-05-06,27
C22321,41,Female,Mumbai,2024-08-27,24
C22322,43,Female,Bangalore,2025-11-08,9
C22323,18,Male,Kolkata,2024-01-29,31
C22324,30,Male,Bangalore,2025-02-06,18
C22325,44,Female,Kolkata,2026-07-13,1
C22326,37,Female,Chennai,2025-07-03,13
C22327,23,Female,Mumbai,2025-06-20,14
C22328,18,Female,Delhi,2025-03-15,17
C22329,31,Male,Delhi,2024-12-26,20
C22330,34,Male,Mumbai,2024-07-18,25
C22331,26,Male,Chennai,2026-07-04,1
C22332,36,Male,Noida,2024-10-31,22
C22333,40,Male,Chennai,2024-03-29,29
C22334,41,Male,Bangalore,2024-06-29,26
C22335,18,Female,Kolkata,2024-10-23,22
C22336,21,Female,Kolkata,2025-07-09,13
C22337,31,Male,Noida,2025-06-07,14
C22338,40,Male,Noida,2023-10-26,34
C22339,39,Female,Noida,2024-03-03,30
C22340,39,Male,Gurgaon,2025-02-06,18
C22341,31,Female,Ahmedabad,2026-01-15,7
C22342,31,Female,Gurgaon,2026-03-22,5
C22343,27,Female,Mumbai,2025-04-11,16
C22344,42,Male,Kolkata,2025-09-27,10
C22345,25,Female,Mumbai,2024-10-24,22
C22346,43,Male,Bangalore,2023-12-13,32
C22347,37,Male,Noida,2024-01-02,32
C22348,34,Male,Mumbai,2026-05-19,3
C22349,28,Female,Delhi,2024-06-14,26
C22350,21,Male,Pune,2023-11-28,33
C22351,28,Female,Chennai,2025-03-28,17
C22352,31,Male,Gurgaon,2025-01-25,19
C22353,18,Male,Gurgaon,2024-07-14,25
C22354,33,Female,Bangalore,2026-04-22,4
C22355,44,Male,Hyderabad,2026-01-26,6
C22356,40,Male,Kolkata,2026-04-29,3
C22357,30,Male,Mumbai,2024-09-19,23
C22358,35,Male,Hyderabad,2025-02-02,18
C22359,29,Male,Kolkata,2024-07-26,25
C22360,36,Female,Delhi,2024-03-07,29
C22361,50,Female,Gurgaon,2025-01-16,19
C22362,44,Female,Delhi,2026-01-06,7
C22363,40,Female,Gurgaon,2023-12-29,32
C22364,30,Female,Noida,2025-11-19,9
C22365,42,Female,Hyderabad,2026-03-23,5
C22366,18,Female,Hyderabad,2024-10-26,22
C22367,32,Male,Pune,2024-04-26,28
C22368,40,Male,Bangalore,2025-10-15,10
C22369,42,Female,Mumbai,2025-10-17,10
C22370,41,Male,Noida,2024-12-17,20
C22371,37,Female,Noida,2025-07-08,13
C22372,33,Female,Chennai,2026-02-22,6
C22373,40,Male,Mumbai,2024-03-07,29
C22374,25,Female,Gurgaon,2025-04-06,16
C22375,26,Male,Kolkata,2024-10-19,22
C22376,35,Female,Ahmedabad,2025-03-06,17
C22377,36,Other,Hyderabad,2023-08-30,36
C22378,18,Female,Pune,2025-01-02,19
C22379,39,Male,Ahmedabad,2026-07-08,1
C22380,42,Male,Mumbai,2025-11-07,9
C22381,34,Male,Delhi,2026-04-04,4
C22382,58,Female,Delhi,2024-11-17,21
C22383,28,Male,Delhi,2024-08-12,24
C22384,31,Male,Hyderabad,2024-02-20,30
C22385,31,Male,Gurgaon,2025-06-08,14
C22386,34,Male,Noida,2025-08-09,12
C22387,31,Female,Noida,2024-11-02,21
C22388,20,Male,Bangalore,2024-01-05,32
C22389,29,Male,Hyderabad,2025-05-12,15
C22390,34,Female,Hyderabad,2024-01-21,31
C22391,47,Female,Ahmedabad,2024-08-10,24
C22392,57,Female,Ahmedabad,2024-10-08,22
C22393,48,Female,Delhi,2025-07-10,13
C22394,27,Male,Noida,2025-03-09,17
C22395,28,Male,Gurgaon,2025-03-17,17
C22396,33,Other,Hyderabad,2026-07-05,1
C22397,52,Other,Ahmedabad,2025-11-07,9
C22398,33,Female,Kolkata,2025-12-20,8
C22399,21,Female,Delhi,2024-05-02,28
C22400,29,Female,Kolkata,2024-03-29,29
C22401,42,Male,Hyderabad,2024-06-01,27
C22402,41,Male,Delhi,2023-11-29,33
C22403,32,Female,Noida,2026-05-15,3
C22404,41,Female,Noida,2023-09-04,36
C22405,18,Female,Ahmedabad,2026-04-20,4
C22406,36,Female,Kolkata,2023-10-07,35
C22407,43,Male,Chennai,2024-07-18,25
C22408,26,Male,Delhi,2026-07-19,1
C22409,26,Male,Delhi,2024-03-09,29
C22410,18,Other,Kolkata,2026-06-17,2
C22411,50,Male,Ahmedabad,2023-10-24,34
C22412,27,Male,Kolkata,2024-10-21,22
C22413,37,Female,Delhi,2023-11-18,33
C22414,41,Male,Kolkata,2025-01-20,19
C22415,50,Female,Kolkata,2024-10-07,22
C22416,33,Female,Ahmedabad,2026-04-06,4
C22417,29,Male,Ahmedabad,2026-03-20,5
C22418,36,Female,Bangalore,2026-02-14,6
C22419,47,Other,Delhi,2026-01-03,7
C22420,33,Male,Bangalore,2023-08-28,36
C22421,25,Female,Kolkata,2025-10-01,10
C22422,19,Male,Kolkata,2023-10-05,35
C22423,22,Male,Chennai,2026-02-23,6
C22424,43,Male,Mumbai,2024-01-05,32
C22425,31,Female,Pune,2025-07-27,13
C22426,28,Male,Ahmedabad,2026-03-25,5
C22427,27,Male,Kolkata,2024-03-22,29
C22428,35,Female,Bangalore,2025-01-31,18
C22429,32,Male,Hyderabad,2024-01-11,31
C22430,32,Male,Mumbai,2024-02-09,30
C22431,48,Male,Kolkata,2025-10-14,10
C22432,50,Female,Noida,2024-10-14,22
C22433,18,Female,Delhi,2026-03-25,5
C22434,38,Female,Gurgaon,2025-08-14,12
C22435,27,Male,Hyderabad,2024-09-25,23
C22436,32,Male,Mumbai,2024-02-04,31
C22437,38,Female,Hyderabad,2023-09-06,36
C22438,32,Male,Chennai,2024-03-19,29
C22439,37,Female,Hyderabad,2026-07-09,1
C22440,41,Male,Ahmedabad,2024-05-21,27
C22441,37,Male,Ahmedabad,2024-12-28,20
C22442,28,Male,Kolkata,2026-08-08,0
C22443,28,Male,Pune,2024-06-14,26
C22444,20,Male,Bangalore,2026-07-14,1
C22445,26,Male,Mumbai,2026-08-04,0
C22446,54,Male,Mumbai,2025-05-17,15
C22447,27,Male,Mumbai,2024-10-30,22
C22448,23,Male,Ahmedabad,2024-03-30,29
C22449,38,Male,Pune,2025-10-17,10
C22450,33,Male,Ahmedabad,2025-03-09,17
C22451,33,Male,Gurgaon,2025-05-22,15
C22452,49,Female,Mumbai,2024-10-22,22
C22453,40,Female,Pune,2023-08-27,36
C22454,29,Female,Chennai,2024-01-27,31
C22455,30,Male,Pune,2025-07-07,13
C22456,29,Male,Kolkata,2024-08-25,24
C22457,43,Male,Hyderabad,2025-10-13,10
C22458,31,Female,Noida,2025-07-31,12
C22459,18,Male,Ahmedabad,2025-10-22,10
C22460,34,Male,Pune,2025-06-25,14
C22461,19,Male,Kolkata,2024-11-28,21
C22462,56,Female,Hyderabad,2025-08-15,12
C22463,25,Female,Chennai,2026-01-27,6
C22464,33,Male,Kolkata,2026-06-29,1
C22465,37,Male,Gurgaon,2023-08-25,36
C22466,32,Female,Gurgaon,2026-06-02,2
C22467,32,Male,Hyderabad,2025-12-04,8
C22468,39,Female,Mumbai,2024-09-07,23
C22469,50,Female,Noida,2026-04-02,4
C22470,42,Male,Kolkata,2024-10-20,22
C22471,49,Male,Mumbai,2024-11-14,21
C22472,24,Male,Delhi,2025-05-07,15
C22473,38,Female,Ahmedabad,2025-06-20,14
C22474,36,Female,Gurgaon,2025-07-04,13
C22475,38,Female,Gurgaon,2024-12-09,20
C22476,48,Female,Mumbai,2025-09-21,11
C22477,32,Female,Pune,2024-04-05,28
C22478,30,Female,Bangalore,2025-02-12,18
C22479,40,Male,Bangalore,2025-05-01,15
C22480,18,Male,Ahmedabad,2025-06-03,14
C22481,32,Female,Bangalore,2024-08-24,24
C22482,33,Female,Gurgaon,2026-06-27,1
C22483,25,Male,Pune,2025-11-13,9
C22484,45,Female,Gurgaon,2024-03-04,30
C22485,24,Male,Noida,2025-12-12,8
C22486,33,Male,Gurgaon,2024-07-14,25
C22487,37,Female,Chennai,2026-06-30,1
C22488,48,Male,Ahmedabad,2024-02-24,30
C22489,34,Male,Pune,2025-06-20,14
C22490,44,Female,Ahmedabad,2024-07-03,26
C22491,42,Female,Noida,2026-05-13,3
C22492,36,Female,Noida,2024-02-18,30
C22493,24,Female,Kolkata,2024-03-06,29
C22494,20,Female,Hyderabad,2024-05-26,27
C22495,36,Female,Hyderabad,2025-07-11,13
C22496,29,Male,Mumbai,2025-06-26,14
C22497,44,Male,Chennai,2024-07-03,26
C22498,42,Male,Noida,2025-12-09,8
C22499,33,Other,Noida,2026-02-12,6
C22500,23,Male,Mumbai,2025-08-28,11
C22501,40,Male,Noida,2023-10-19,34
C22502,24,Female,Chennai,2023-09-29,35
C22503,27,Male,Pune,2025-12-15,8
C22504,25,Male,Pune,2025-09-22,11
C22505,33,Male,Hyderabad,2025-06-18,14
C22506,46,Female,Kolkata,2025-12-18,8
C22507,34,Male,Mumbai,2023-11-24,33
C22508,30,Male,Bangalore,2024-08-18,24
C22509,19,Male,Ahmedabad,2024-11-11,21
C22510,40,Male,Chennai,2024-04-23,28
C22511,27,Male,Bangalore,2025-07-26,13
C22512,36,Female,Delhi,2025-06-17,14
C22513,31,Male,Hyderabad,2026-02-17,6
C22514,43,Male,Chennai,2023-10-18,34
C22515,33,Female,Noida,2024-08-15,24
C22516,34,Female,Delhi,2023-12-17,32
C22517,39,Male,Noida,2025-03-17,17
C22518,56,Male,Ahmedabad,2023-10-15,34
C22519,43,Female,Chennai,2026-01-04,7
C22520,34,Male,Kolkata,2024-01-29,31
C22521,35,Female,Bangalore,2026-07-19,1
C22522,29,Female,Pune,2026-08-07,0
C22523,25,Male,Bangalore,2024-07-04,25
C22524,29,Female,Chennai,2024-04-13,28
C22525,27,Male,Mumbai,2024-05-24,27
C22526,41,Male,Hyderabad,2026-01-29,6
C22527,24,Female,Ahmedabad,2024-08-25,24
C22528,48,Male,Mumbai,2024-08-13,24
C22529,42,Male,Noida,2024-11-25,21
C22530,35,Female,Hyderabad,2026-04-10,4
C22531,35,Female,Pune,2024-03-15,29
C22532,29,Male,Hyderabad,2024-12-14,20
C22533,37,Female,Hyderabad,2025-05-09,15
C22534,45,Male,Hyderabad,2026-03-02,5
C22535,27,Female,Ahmedabad,2024-06-14,26
C22536,19,Female,Hyderabad,2023-12-30,32
C22537,42,Female,Noida,2026-07-20,1
C22538,38,Female,Chennai,2025-02-05,18
C22539,23,Male,Delhi,2024-10-28,22
C22540,27,Male,Ahmedabad,2026-05-21,3
C22541,26,Male,Noida,2025-11-06,9
C22542,27,Female,Hyderabad,2025-03-30,17
C22543,31,Male,Ahmedabad,2025-08-23,12
C22544,32,Female,Kolkata,2026-08-03,0
C22545,28,Female,Bangalore,2025-12-02,8
C22546,27,Male,Bangalore,2023-09-24,35
C22547,32,Female,Noida,2025-10-07,10
C22548,36,Female,Noida,2025-11-07,9
C22549,31,Male,Pune,2024-01-02,32
C22550,46,Female,Pune,2026-06-03,2
C22551,40,Male,Bangalore,2026-04-18,4
C22552,19,Male,Chennai,2025-06-18,14
C22553,40,Female,Chennai,2024-12-29,20
C22554,41,Other,Bangalore,2024-07-21,25
C22555,30,Male,Kolkata,2024-04-24,28
C22556,20,Female,Hyderabad,2025-10-03,10
C22557,35,Male,Bangalore,2024-04-15,28
C22558,34,Female,Hyderabad,2025-09-02,11
C22559,23,Female,Delhi,2025-08-29,11
C22560,20,Male,Hyderabad,2023-09-24,35
C22561,34,Female,Chennai,2025-10-15,10
C22562,32,Male,Gurgaon,2025-08-15,12
C22563,30,Male,Gurgaon,2024-08-04,24
C22564,34,Female,Bangalore,2026-01-09,7
C22565,23,Male,Pune,2025-09-23,11
C22566,30,Female,Delhi,2026-06-21,2
C22567,40,Female,Hyderabad,2023-11-07,33
C22568,31,Male,Mumbai,2025-06-30,13
C22569,18,Male,Gurgaon,2024-12-03,20
C22570,30,Male,Hyderabad,2024-05-17,27
C22571,24,Male,Hyderabad,2024-07-18,25
C22572,37,Male,Ahmedabad,2025-02-24,18
C22573,38,Male,Chennai,2024-11-02,21
C22574,18,Female,Delhi,2026-06-24,1
C22575,42,Female,Hyderabad,2026-06-30,1
C22576,23,Male,Noida,2024-10-11,22
C22577,50,Male,Kolkata,2026-06-24,1
C22578,34,Female,Kolkata,2024-01-01,32
C22579,22,Female,Hyderabad,2026-06-12,2
C22580,23,Male,Gurgaon,2025-10-30,9
C22581,38,Female,Delhi,2024-05-09,27
C22582,31,Male,Pune,2026-05-18,3
C22583,34,Female,Pune,2024-07-10,25
C22584,51,Male,Chennai,2023-09-11,35
C22585,28,Female,Delhi,2025-09-08,11
C22586,35,Male,Hyderabad,2025-10-02,10
C22587,49,Female,Chennai,2026-01-28,6
C22588,37,Male,Delhi,2026-07-22,1
C22589,18,Female,Bangalore,2024-09-06,23
C22590,40,Female,Ahmedabad,2025-05-22,15
C22591,23,Female,Noida,2026-02-14,6
C22592,49,Female,Kolkata,2024-04-14,28
C22593,26,Male,Ahmedabad,2026-04-08,4
C22594,64,Female,Hyderabad,2026-01-03,7
C22595,49,Female,Kolkata,2023-12-21,32
C22596,27,Male,Mumbai,2024-01-13,31
C22597,35,Female,Chennai,2024-04-23,28
C22598,42,Female,Mumbai,2024-03-03,30
C22599,42,Female,Bangalore,2025-11-19,9
C22600,39,Female,Mumbai,2026-08-20,0
C22601,47,Female,Pune,2024-11-22,21
C22602,33,Female,Ahmedabad,2023-12-20,32
C22603,31,Female,Pune,2024-01-03,32
C22604,31,Female,Hyderabad,2025-03-13,17
C22605,43,Female,Hyderabad,2025-12-02,8
C22606,38,Female,Chennai,2024-10-29,22
C22607,37,Male,Kolkata,2024-08-03,24
C22608,42,Male,Gurgaon,2026-02-05,6
C22609,18,Female,Noida,2023-12-17,32
C22610,38,Female,Bangalore,2023-11-16,33
C22611,37,Male,Pune,2025-07-16,13
C22612,51,Male,Bangalore,2025-12-07,8
C22613,19,Male,Mumbai,2025-05-29,15
C22614,50,Female,Pune,2023-10-02,35
C22615,35,Female,Noida,2025-11-29,8
C22616,39,Female,Hyderabad,2025-11-02,9
C22617,51,Male,Gurgaon,2025-05-17,15
C22618,40,Male,Chennai,2026-03-06,5
C22619,39,Male,Ahmedabad,2026-02-08,6
C22620,37,Male,Pune,2024-05-16,27
C22621,30,Female,Chennai,2025-01-20,19
C22622,34,Male,Mumbai,2026-01-18,7
C22623,27,Male,Mumbai,2025-03-28,17
C22624,34,Male,Noida,2025-05-15,15
C22625,18,Male,Gurgaon,2025-03-26,17
C22626,39,Male,Delhi,2025-08-08,12
C22627,33,Male,Noida,2024-12-13,20
C22628,31,Male,Delhi,2024-10-17,22
C22629,37,Male,Mumbai,2024-01-18,31
C22630,20,Male,Noida,2023-09-22,35
C22631,54,Female,Bangalore,2023-09-28,35
C22632,33,Other,Delhi,2025-02-21,18
C22633,33,Female,Bangalore,2025-11-25,9
C22634,25,Female,Noida,2024-10-19,22
C22635,35,Female,Mumbai,2024-04-09,28
C22636,48,Male,Pune,2024-07-15,25
C22637,45,Male,Delhi,2025-10-28,9
C22638,43,Male,Ahmedabad,2026-06-12,2
C22639,40,Male,Delhi,2024-06-24,26
C22640,31,Female,Chennai,2026-05-15,3
C22641,20,Male,Ahmedabad,2025-07-12,13
C22642,32,Female,Ahmedabad,2025-08-13,12
C22643,32,Male,Bangalore,2026-07-23,1
C22644,45,Female,Delhi,2025-11-02,9
C22645,38,Female,Delhi,2026-06-13,2
C22646,51,Other,Pune,2025-04-21,16
C22647,46,Female,Bangalore,2025-09-24,11
C22648,30,Male,Gurgaon,2024-05-31,27
C22649,18,Female,Hyderabad,2024-10-30,22
C22650,48,Male,Mumbai,2026-07-29,0
C22651,48,Female,Chennai,2023-12-11,32
C22652,21,Male,Pune,2023-12-05,33
C22653,50,Male,Kolkata,2024-09-16,23
C22654,38,Female,Gurgaon,2025-08-02,12
C22655,36,Male,Kolkata,2024-05-13,27
C22656,51,Male,Gurgaon,2024-02-08,30
C22657,48,Male,Pune,2025-06-08,14
C22658,41,Female,Bangalore,2024-02-05,30
C22659,39,Female,Gurgaon,2025-03-01,17
C22660,41,Female,Noida,2024-03-04,30
C22661,30,Female,Pune,2025-12-23,8
C22662,34,Male,Gurgaon,2025-01-26,19
C22663,25,Female,Gurgaon,2023-10-03,35
C22664,31,Female,Chennai,2024-09-30,23
C22665,31,Female,Mumbai,2024-09-30,23
C22666,28,Male,Gurgaon,2025-08-05,12
C22667,36,Male,Bangalore,2025-03-17,17
C22668,31,Male,Chennai,2024-09-22,23
C22669,40,Male,Gurgaon,2023-11-27,33
C22670,18,Male,Kolkata,2024-01-30,31
C22671,33,Male,Pune,2026-02-05,6
C22672,36,Male,Noida,2024-09-19,23
C22673,31,Male,Noida,2023-09-23,35
C22674,33,Female,Bangalore,2025-03-01,17
C22675,19,Female,Noida,2026-04-14,4
C22676,38,Male,Gurgaon,2024-08-03,24
C22677,41,Male,Noida,2024-03-31,29
C22678,39,Female,Mumbai,2026-06-30,1
C22679,45,Female,Pune,2025-12-06,8
C22680,37,Other,Hyderabad,2026-02-09,6
C22681,39,Male,Bangalore,2025-05-13,15
C22682,36,Female,Mumbai,2024-01-28,31
C22683,41,Male,Delhi,2026-01-06,7
C22684,19,Male,Chennai,2025-12-18,8
C22685,26,Female,Gurgaon,2024-12-24,20
C22686,50,Female,Kolkata,2025-12-06,8
C22687,18,Male,Kolkata,2024-09-09,23
C22688,33,Female,Kolkata,2024-12-01,20
C22689,46,Male,Mumbai,2024-02-07,30
C22690,34,Female,Pune,2024-03-11,29
C22691,30,Male,Kolkata,2026-03-05,5
C22692,36,Male,Ahmedabad,2023-10-23,34
C22693,31,Female,Mumbai,2025-08-13,12
C22694,35,Male,Mumbai,2024-05-29,27
C22695,28,Male,Delhi,2023-10-10,34
C22696,46,Male,Hyderabad,2025-07-18,13
C22697,49,Male,Pune,2025-11-04,9
C22698,33,Female,Delhi,2025-05-24,15
C22699,21,Male,Kolkata,2026-07-18,1
C22700,29,Female,Kolkata,2025-07-11,13
C22701,33,Male,Pune,2024-08-27,24
C22702,40,Male,Bangalore,2023-09-10,35
C22703,24,Male,Kolkata,2025-10-15,10
C22704,27,Female,Bangalore,2023-08-31,36
C22705,40,Male,Gurgaon,2023-09-11,35
C22706,44,Male,Chennai,2026-05-17,3
C22707,28,Male,Chennai,2023-08-26,36
C22708,21,Female,Gurgaon,2024-08-09,24
C22709,67,Male,Noida,2025-05-07,15
C22710,42,Female,Hyderabad,2023-08-30,36
C22711,32,Male,Kolkata,2025-09-14,11
C22712,43,Male,Chennai,2024-07-16,25
C22713,33,Male,Gurgaon,2025-09-30,10
C22714,43,Male,Mumbai,2026-01-28,6
C22715,36,Female,Mumbai,2025-09-16,11
C22716,35,Other,Kolkata,2025-05-15,15
C22717,33,Male,Kolkata,2025-10-14,10
C22718,20,Male,Delhi,2024-04-05,28
C22719,54,Male,Delhi,2025-07-03,13
C22720,25,Male,Gurgaon,2025-01-28,19
C22721,21,Male,Delhi,2026-05-13,3
C22722,32,Female,Ahmedabad,2024-05-23,27
C22723,25,Male,Delhi,2024-12-22,20
C22724,34,Female,Ahmedabad,2024-06-14,26
C22725,41,Male,Pune,2023-09-18,35
C22726,44,Male,Delhi,2024-04-11,28
C22727,43,Male,Ahmedabad,2023-12-20,32
C22728,31,Male,Hyderabad,2024-01-06,31
C22729,35,Male,Gurgaon,2024-10-31,22
C22730,39,Male,Ahmedabad,2025-11-16,9
C22731,18,Male,Pune,2024-12-15,20
C22732,40,Female,Noida,2026-08-21,0
C22733,20,Male,Mumbai,2026-03-21,5
C22734,55,Female,Bangalore,2025-03-25,17
C22735,30,Male,Bangalore,2024-11-21,21
C22736,33,Female,Noida,2025-06-20,14
C22737,27,Male,Bangalore,2026-04-07,4
C22738,28,Male,Ahmedabad,2026-04-22,4
C22739,57,Other,Pune,2024-05-03,28
C22740,44,Male,Hyderabad,2025-11-07,9
C22741,19,Female,Hyderabad,2025-10-31,9
C22742,50,Female,Hyderabad,2023-12-11,32
C22743,46,Male,Delhi,2025-09-27,10
C22744,32,Female,Hyderabad,2025-04-12,16
C22745,38,Female,Delhi,2024-06-11,26
C22746,34,Female,Hyderabad,2025-09-29,10
C22747,54,Female,Ahmedabad,2024-04-15,28
C22748,27,Male,Hyderabad,2024-06-12,26
C22749,36,Male,Bangalore,2025-07-21,13
C22750,30,Female,Bangalore,2025-03-30,17
C22751,20,Male,Hyderabad,2024-09-03,23
C22752,56,Male,Mumbai,2026-03-30,4
C22753,23,Male,Pune,2025-05-15,15
C22754,37,Female,Ahmedabad,2025-02-02,18
C22755,18,Male,Bangalore,2025-11-07,9
C22756,31,Female,Pune,2024-05-21,27
C22757,39,Male,Bangalore,2025-12-12,8
C22758,26,Male,Mumbai,2025-10-15,10
C22759,40,Female,Gurgaon,2025-06-26,14
C22760,32,Female,Pune,2024-02-25,30
C22761,46,Male,Hyderabad,2025-11-03,9
C22762,48,Male,Mumbai,2025-02-03,18
C22763,29,Male,Bangalore,2024-10-20,22
C22764,35,Female,Bangalore,2026-07-30,0
C22765,36,Male,Hyderabad,2025-12-24,8
C22766,41,Male,Delhi,2023-09-20,35
C22767,35,Female,Chennai,2024-11-22,21
C22768,36,Male,Kolkata,2023-09-13,35
C22769,32,Male,Chennai,2026-01-23,7
C22770,36,Female,Gurgaon,2023-12-31,32
C22771,47,Female,Chennai,2025-05-03,15
C22772,41,Female,Delhi,2024-03-07,29
C22773,42,Male,Kolkata,2024-12-18,20
C22774,42,Female,Ahmedabad,2025-12-09,8
C22775,33,Female,Ahmedabad,2024-02-03,31
C22776,38,Male,Bangalore,2025-10-11,10
C22777,24,Female,Noida,2026-03-30,4
C22778,47,Male,Delhi,2024-09-21,23
C22779,18,Female,Hyderabad,2025-02-10,18
C22780,34,Female,Delhi,2026-05-30,2
C22781,46,Female,Kolkata,2024-07-01,26
C22782,21,Male,Bangalore,2025-03-16,17
C22783,38,Female,Gurgaon,2026-01-02,7
C22784,28,Male,Hyderabad,2024-01-09,31
C22785,31,Female,Gurgaon,2024-04-01,29
C22786,44,Female,Kolkata,2025-09-11,11
C22787,36,Male,Noida,2023-11-28,33
C22788,18,Male,Pune,2025-01-02,19
C22789,25,Female,Delhi,2025-05-18,15
C22790,44,Male,Kolkata,2023-09-16,35
C22791,39,Female,Mumbai,2026-01-22,7
C22792,52,Male,Hyderabad,2026-02-21,6
C22793,51,Female,Hyderabad,2024-08-09,24
C22794,31,Male,Chennai,2025-04-14,16
C22795,60,Female,Noida,2023-11-13,33
C22796,35,Female,Delhi,2024-03-19,29
C22797,25,Female,Ahmedabad,2024-04-10,28
C22798,28,Male,Kolkata,2026-04-27,3
C22799,18,Other,Pune,2026-01-18,7
C22800,51,Male,Hyderabad,2025-01-25,19
C22801,50,Female,Kolkata,2025-02-03,18
C22802,24,Female,Kolkata,2025-03-24,17
C22803,32,Male,Chennai,2023-10-16,34
C22804,35,Male,Chennai,2024-10-17,22
C22805,25,Male,Delhi,2024-04-14,28
C22806,18,Female,Kolkata,2025-03-25,17
C22807,32,Female,Bangalore,2024-08-21,24
C22808,31,Male,Pune,2026-03-04,5
C22809,31,Male,Gurgaon,2026-07-26,0
C22810,37,Female,Ahmedabad,2026-01-26,6
C22811,49,Male,Bangalore,2023-12-01,33
C22812,31,Male,Ahmedabad,2025-04-11,16
C22813,36,Male,Pune,2023-11-12,33
C22814,42,Male,Bangalore,2025-05-25,15
C22815,40,Female,Noida,2024-03-16,29
C22816,28,Female,Noida,2025-02-23,18
C22817,35,Male,Hyderabad,2026-01-21,7
C22818,40,Female,Bangalore,2023-11-26,33
C22819,23,Male,Pune,2024-07-13,25
C22820,47,Female,Kolkata,2023-09-24,35
C22821,49,Male,Noida,2024-06-29,26
C22822,27,Female,Bangalore,2026-05-27,2
C22823,36,Male,Pune,2026-01-13,7
C22824,41,Male,Mumbai,2026-02-01,6
C22825,29,Female,Mumbai,2026-02-08,6
C22826,39,Male,Mumbai,2025-12-24,8
C22827,36,Female,Hyderabad,2025-04-20,16
C22828,20,Female,Bangalore,2024-08-13,24
C22829,39,Female,Ahmedabad,2024-04-10,28
C22830,23,Male,Pune,2024-06-06,26
C22831,44,Male,Kolkata,2026-06-01,2
C22832,28,Female,Pune,2024-09-09,23
C22833,33,Male,Mumbai,2024-03-03,30
C22834,48,Female,Hyderabad,2024-01-21,31
C22835,39,Female,Mumbai,2023-09-16,35
C22836,24,Male,Kolkata,2026-06-06,2
C22837,24,Female,Mumbai,2024-05-27,27
C22838,29,Male,Chennai,2024-03-20,29
C22839,38,Male,Gurgaon,2026-06-30,1
C22840,38,Female,Gurgaon,2025-06-05,14
C22841,26,Male,Kolkata,2025-08-16,12
C22842,23,Male,Gurgaon,2026-07-03,1
C22843,37,Female,Kolkata,2024-10-17,22
C22844,33,Female,Noida,2026-01-31,6
C22845,56,Male,Kolkata,2024-12-31,19
C22846,35,Female,Gurgaon,2024-04-29,28
C22847,53,Male,Pune,2026-06-24,1
C22848,23,Female,Hyderabad,2024-01-29,31
C22849,19,Female,Noida,2025-03-20,17
C22850,23,Male,Pune,2024-08-17,24
C22851,46,Male,Mumbai,2024-09-16,23
C22852,52,Female,Chennai,2024-08-30,24
C22853,27,Female,Hyderabad,2025-03-30,17
C22854,30,Male,Bangalore,2025-02-01,18
C22855,23,Male,Kolkata,2024-02-20,30
C22856,18,Male,Bangalore,2026-05-16,3
C22857,42,Male,Ahmedabad,2024-10-26,22
C22858,37,Female,Gurgaon,2024-01-26,31
C22859,35,Male,Noida,2025-03-01,17
C22860,20,Female,Gurgaon,2025-09-27,10
C22861,51,Female,Mumbai,2025-06-19,14
C22862,29,Female,Noida,2024-10-31,22
C22863,40,Male,Ahmedabad,2024-05-22,27
C22864,20,Female,Kolkata,2024-09-07,23
C22865,33,Female,Gurgaon,2025-09-03,11
C22866,37,Male,Hyderabad,2023-11-02,34
C22867,38,Male,Hyderabad,2026-02-20,6
C22868,36,Female,Mumbai,2024-10-07,22
C22869,39,Male,Noida,2024-08-31,24
C22870,23,Female,Hyderabad,2025-05-12,15
C22871,36,Female,Pune,2024-11-11,21
C22872,36,Male,Mumbai,2024-12-03,20
C22873,37,Male,Ahmedabad,2026-01-26,6
C22874,35,Male,Delhi,2026-02-17,6
C22875,22,Male,Chennai,2024-05-12,27
C22876,21,Female,Gurgaon,2024-11-19,21
C22877,18,Male,Chennai,2023-11-07,33
C22878,43,Male,Pune,2025-08-05,12
C22879,43,Male,Delhi,2024-06-29,26
C22880,43,Female,Pune,2025-07-03,13
C22881,38,Male,Gurgaon,2025-02-25,18
C22882,18,Female,Delhi,2023-12-01,33
C22883,24,Female,Ahmedabad,2024-09-02,23
C22884,36,Male,Mumbai,2024-09-30,23
C22885,36,Male,Noida,2024-03-08,29
C22886,32,Female,Delhi,2024-08-11,24
C22887,38,Female,Ahmedabad,2025-09-29,10
C22888,35,Male,Gurgaon,2025-09-10,11
C22889,36,Female,Kolkata,2024-10-29,22
C22890,28,Male,Pune,2026-07-20,1
C22891,44,Male,Ahmedabad,2026-01-05,7
C22892,30,Female,Chennai,2025-07-29,12
C22893,21,Male,Mumbai,2024-11-24,21
C22894,27,Female,Gurgaon,2023-10-20,34
C22895,31,Female,Gurgaon,2024-12-23,20
C22896,44,Female,Delhi,2025-08-22,12
C22897,34,Male,Kolkata,2024-05-28,27
C22898,33,Male,Bangalore,2026-03-19,5
C22899,22,Male,Gurgaon,2025-07-11,13
C22900,42,Male,Mumbai,2026-02-11,6
C22901,28,Male,Ahmedabad,2026-02-17,6
C22902,33,Female,Pune,2024-05-15,27
C22903,49,Male,Pune,2025-02-28,18
C22904,40,Female,Bangalore,2025-10-27,9
C22905,18,Female,Kolkata,2024-09-24,23
C22906,18,Female,Delhi,2023-08-26,36
C22907,34,Female,Mumbai,2024-08-27,24
C22908,22,Male,Delhi,2024-05-31,27
C22909,41,Male,Hyderabad,2025-11-22,9
C22910,35,Female,Gurgaon,2024-06-24,26
C22911,36,Female,Ahmedabad,2026-01-21,7
C22912,27,Male,Delhi,2024-12-28,20
C22913,52,Female,Chennai,2026-03-06,5
C22914,63,Female,Noida,2024-10-27,22
C22915,32,Male,Pune,2025-05-18,15
C22916,38,Male,Chennai,2024-02-27,30
C22917,35,Female,Gurgaon,2026-05-30,2
C22918,32,Male,Gurgaon,2025-04-05,16
C22919,26,Male,Gurgaon,2025-10-08,10
C22920,24,Male,Pune,2025-02-07,18
C22921,23,Female,Kolkata,2026-06-29,1
C22922,39,Female,Gurgaon,2023-11-13,33
C22923,29,Male,Chennai,2025-05-19,15
C22924,18,Male,Noida,2025-05-30,14
C22925,39,Male,Hyderabad,2025-04-06,16
C22926,34,Male,Gurgaon,2025-05-16,15
C22927,48,Male,Pune,2024-03-03,30
C22928,38,Male,Kolkata,2025-06-05,14
C22929,20,Male,Gurgaon,2025-10-28,9
C22930,18,Female,Gurgaon,2026-07-27,0
C22931,27,Male,Chennai,2024-12-22,20
C22932,28,Male,Hyderabad,2025-04-09,16
C22933,44,Male,Delhi,2026-07-10,1
C22934,34,Female,Noida,2023-12-06,33
C22935,46,Male,Pune,2024-03-06,29
C22936,21,Female,Ahmedabad,2024-04-25,28
C22937,44,Female,Mumbai,2025-07-24,13
C22938,42,Female,Pune,2024-04-29,28
C22939,18,Female,Kolkata,2025-08-05,12
C22940,48,Male,Hyderabad,2023-09-24,35
C22941,35,Male,Kolkata,2024-05-25,27
C22942,38,Female,Pune,2024-06-20,26
C22943,26,Male,Gurgaon,2025-03-04,17
C22944,47,Male,Ahmedabad,2024-08-06,24
C22945,23,Female,Bangalore,2025-02-28,18
C22946,43,Female,Mumbai,2024-03-21,29
C22947,43,Female,Noida,2024-07-24,25
C22948,25,Female,Delhi,2024-08-05,24
C22949,54,Female,Ahmedabad,2025-04-28,16
C22950,37,Female,Mumbai,2024-11-04,21
C22951,41,Male,Hyderabad,2024-08-20,24
C22952,19,Other,Hyderabad,2026-03-17,5
C22953,56,Male,Delhi,2025-11-19,9
C22954,22,Female,Kolkata,2024-11-01,21
C22955,45,Male,Gurgaon,2025-04-03,16
C22956,25,Male,Chennai,2025-12-01,8
C22957,28,Female,Ahmedabad,2026-02-05,6
C22958,42,Male,Noida,2023-10-17,34
C22959,45,Female,Mumbai,2023-12-21,32
C22960,22,Female,Chennai,2024-11-17,21
C22961,45,Female,Delhi,2026-01-19,7
C22962,45,Male,Bangalore,2025-05-12,15
C22963,25,Male,Gurgaon,2024-09-07,23
C22964,50,Female,Bangalore,2025-05-20,15
C22965,20,Male,Kolkata,2024-01-12,31
C22966,28,Male,Chennai,2025-02-16,18
C22967,39,Male,Bangalore,2026-05-05,3
C22968,26,Female,Chennai,2024-01-22,31
C22969,37,Female,Mumbai,2024-03-08,29
C22970,37,Male,Bangalore,2023-11-07,33
C22971,33,Female,Chennai,2024-03-11,29
C22972,43,Female,Ahmedabad,2026-04-11,4
C22973,32,Female,Pune,2025-09-05,11
C22974,37,Male,Noida,2026-07-07,1
C22975,46,Female,Kolkata,2024-02-15,30
C22976,42,Male,Hyderabad,2026-04-26,3
C22977,42,Female,Gurgaon,2024-09-09,23
C22978,23,Female,Bangalore,2023-12-19,32
C22979,40,Female,Hyderabad,2025-10-23,10
C22980,26,Male,Noida,2026-04-13,4
C22981,22,Female,Pune,2024-08-26,24
C22982,34,Male,Chennai,2026-04-10,4
C22983,25,Male,Chennai,2025-02-02,18
C22984,42,Female,Chennai,2025-03-23,17
C22985,43,Female,Noida,2026-06-26,1
C22986,18,Male,Mumbai,2023-11-20,33
C22987,26,Male,Kolkata,2024-03-22,29
C22988,20,Male,Mumbai,2025-11-21,9
C22989,30,Female,Delhi,2024-06-01,27
C22990,39,Female,Ahmedabad,2025-06-07,14
C22991,32,Female,Hyderabad,2024-02-08,30
C22992,29,Male,Mumbai,2024-11-25,21
C22993,48,Other,Pune,2024-12-06,20
C22994,18,Female,Delhi,2024-10-14,22
C22995,47,Female,Chennai,2025-05-02,15
C22996,29,Female,Delhi,2023-10-16,34
C22997,34,Other,Kolkata,2024-05-10,27
C22998,29,Female,Pune,2025-10-30,9
C22999,50,Male,Pune,2024-11-15,21
C23000,22,Male,Bangalore,2026-08-08,0
C23001,35,Female,Mumbai,2026-05-05,3
C23002,40,Female,Hyderabad,2024-08-18,24
C23003,18,Female,Gurgaon,2025-12-19,8
C23004,25,Male,Ahmedabad,2026-03-29,4
C23005,33,Male,Gurgaon,2026-04-13,4
C23006,26,Female,Hyderabad,2023-09-02,36
C23007,26,Female,Mumbai,2024-04-26,28
C23008,31,Female,Mumbai,2025-09-25,11
C23009,41,Male,Ahmedabad,2025-07-19,13
C23010,31,Male,Ahmedabad,2025-03-30,17
C23011,45,Male,Gurgaon,2025-08-19,12
C23012,25,Male,Hyderabad,2025-08-15,12
C23013,22,Male,Mumbai,2026-06-22,2
C23014,54,Female,Chennai,2023-11-12,33
C23015,28,Female,Kolkata,2025-12-20,8
C23016,21,Male,Noida,2024-10-11,22
C23017,18,Female,Hyderabad,2026-02-20,6
C23018,45,Female,Mumbai,2026-02-10,6
C23019,31,Female,Hyderabad,2024-05-17,27
C23020,32,Female,Kolkata,2024-06-19,26
C23021,33,Male,Ahmedabad,2024-05-09,27
C23022,45,Male,Delhi,2024-07-02,26
C23023,33,Male,Hyderabad,2023-12-24,32
C23024,58,Female,Delhi,2025-11-11,9
C23025,36,Female,Hyderabad,2024-09-17,23
C23026,45,Male,Ahmedabad,2025-08-12,12
C23027,43,Female,Gurgaon,2026-02-06,6
C23028,34,Male,Bangalore,2024-11-22,21
C23029,29,Other,Bangalore,2024-08-24,24
C23030,38,Male,Gurgaon,2025-08-23,12
C23031,40,Male,Bangalore,2024-03-23,29
C23032,29,Male,Noida,2025-03-23,17
C23033,36,Male,Gurgaon,2023-11-02,34
C23034,47,Female,Delhi,2026-02-17,6
C23035,55,Male,Gurgaon,2025-08-09,12
C23036,43,Female,Delhi,2025-03-06,17
C23037,53,Male,Ahmedabad,2024-05-21,27
C23038,28,Male,Ahmedabad,2025-07-07,13
C23039,42,Female,Bangalore,2025-05-14,15
C23040,48,Female,Gurgaon,2024-09-01,24
C23041,26,Male,Gurgaon,2026-03-07,5
C23042,30,Female,Noida,2024-09-25,23
C23043,52,Female,Hyderabad,2024-02-08,30
C23044,25,Male,Bangalore,2026-02-10,6
C23045,21,Female,Chennai,2023-09-14,35
C23046,50,Male,Gurgaon,2025-03-12,17
C23047,46,Male,Chennai,2026-07-11,1
C23048,39,Female,Mumbai,2026-04-19,4
C23049,34,Male,Chennai,2026-04-22,4
C23050,30,Male,Kolkata,2024-07-18,25
C23051,37,Male,Chennai,2026-02-07,6
C23052,50,Female,Hyderabad,2025-09-10,11
C23053,37,Female,Gurgaon,2026-08-18,0
C23054,56,Male,Noida,2023-09-03,36
C23055,26,Female,Delhi,2026-07-27,0
C23056,34,Male,Pune,2026-08-12,0
C23057,31,Female,Delhi,2024-10-21,22
C23058,24,Female,Ahmedabad,2024-06-25,26
C23059,33,Female,Delhi,2024-12-02,20
C23060,39,Male,Hyderabad,2026-06-26,1
C23061,40,Female,Hyderabad,2024-07-15,25
C23062,56,Male,Chennai,2026-04-01,4
C23063,39,Female,Ahmedabad,2025-09-02,11
C23064,46,Male,Noida,2025-07-31,12
C23065,35,Male,Hyderabad,2023-11-05,34
C23066,51,Male,Mumbai,2025-08-14,12
C23067,58,Male,Gurgaon,2025-05-31,14
C23068,40,Female,Noida,2024-09-13,23
C23069,25,Female,Mumbai,2026-02-04,6
C23070,29,Male,Chennai,2025-10-09,10
C23071,37,Male,Gurgaon,2024-07-16,25
C23072,39,Male,Ahmedabad,2025-08-24,12
C23073,41,Female,Hyderabad,2024-03-02,30
C23074,39,Male,Delhi,2025-08-23,12
C23075,35,Male,Kolkata,2023-10-17,34
C23076,28,Male,Hyderabad,2025-10-21,10
C23077,39,Female,Chennai,2024-02-22,30
C23078,53,Male,Hyderabad,2026-06-20,2
C23079,45,Male,Chennai,2026-06-03,2
C23080,40,Female,Pune,2025-12-18,8
C23081,45,Male,Bangalore,2024-11-21,21
C23082,31,Male,Hyderabad,2025-01-02,19
C23083,29,Female,Ahmedabad,2026-01-13,7
C23084,27,Female,Noida,2024-09-06,23
C23085,33,Male,Hyderabad,2025-08-17,12
C23086,30,Male,Noida,2023-09-25,35
C23087,47,Male,Mumbai,2025-09-13,11
C23088,30,Female,Delhi,2026-01-29,6
C23089,26,Male,Gurgaon,2023-11-06,34
C23090,54,Female,Pune,2025-07-22,13
C23091,30,Female,Ahmedabad,2025-10-08,10
C23092,36,Other,Chennai,2024-09-30,23
C23093,39,Female,Kolkata,2024-02-02,31
C23094,23,Male,Delhi,2024-06-16,26
C23095,47,Male,Hyderabad,2024-02-16,30
C23096,41,Male,Delhi,2025-12-26,7
C23097,50,Female,Kolkata,2026-04-09,4
C23098,28,Female,Delhi,2024-09-28,23
C23099,35,Female,Gurgaon,2025-04-04,16
C23100,35,Male,Bangalore,2024-08-03,24
C23101,37,Female,Mumbai,2025-11-05,9
C23102,20,Female,Kolkata,2025-04-18,16
C23103,36,Female,Hyderabad,2023-11-20,33
C23104,20,Female,Gurgaon,2025-08-01,12
C23105,38,Female,Bangalore,2024-05-16,27
C23106,18,Female,Hyderabad,2026-05-28,2
C23107,18,Male,Hyderabad,2024-08-18,24
C23108,43,Male,Pune,2026-04-23,4
C23109,29,Male,Bangalore,2023-12-12,32
C23110,25,Male,Ahmedabad,2026-01-31,6
C23111,47,Female,Noida,2023-09-22,35
C23112,38,Female,Hyderabad,2026-02-16,6
C23113,43,Female,Pune,2024-11-03,21
C23114,33,Male,Chennai,2023-09-07,36
C23115,61,Male,Delhi,2023-08-28,36
C23116,28,Male,Chennai,2023-09-18,35
C23117,52,Male,Delhi,2024-06-05,26
C23118,34,Other,Noida,2025-07-06,13
C23119,18,Male,Hyderabad,2025-01-20,19
C23120,39,Male,Chennai,2024-11-03,21
C23121,38,Male,Chennai,2025-11-17,9
C23122,24,Female,Delhi,2024-02-16,30
C23123,25,Female,Mumbai,2025-07-12,13
C23124,34,Male,Ahmedabad,2024-12-30,20
C23125,38,Female,Bangalore,2024-03-31,29
C23126,18,Female,Kolkata,2024-05-16,27
C23127,45,Male,Noida,2024-03-13,29
C23128,30,Male,Kolkata,2024-07-10,25
C23129,21,Male,Hyderabad,2026-03-06,5
C23130,44,Male,Mumbai,2023-11-21,33
C23131,34,Female,Mumbai,2026-07-04,1
C23132,47,Male,Ahmedabad,2023-11-19,33
C23133,39,Male,Chennai,2026-01-20,7
C23134,34,Male,Noida,2024-11-01,21
C23135,33,Male,Hyderabad,2023-12-04,33
C23136,39,Female,Delhi,2024-06-16,26
C23137,30,Male,Noida,2024-12-03,20
C23138,26,Male,Chennai,2023-11-06,34
C23139,41,Female,Bangalore,2025-01-10,19
C23140,33,Male,Mumbai,2026-05-01,3
C23141,35,Male,Bangalore,2023-09-06,36
C23142,45,Male,Mumbai,2026-05-28,2
C23143,33,Male,Ahmedabad,2025-08-01,12
C23144,35,Male,Mumbai,2026-02-20,6
C23145,29,Male,Gurgaon,2024-12-01,20
C23146,39,Male,Hyderabad,2025-08-31,11
C23147,38,Female,Bangalore,2024-11-17,21
C23148,44,Male,Noida,2026-05-15,3
C23149,29,Female,Pune,2023-08-23,36
C23150,30,Male,Pune,2026-06-25,1
C23151,42,Female,Chennai,2026-05-17,3
C23152,37,Female,Noida,2024-12-09,20
C23153,25,Male,Delhi,2024-06-24,26
C23154,48,Female,Noida,2025-08-01,12
C23155,18,Female,Mumbai,2024-08-31,24
C23156,42,Male,Bangalore,2026-05-06,3
C23157,22,Other,Pune,2024-03-16,29
C23158,53,Male,Ahmedabad,2023-10-15,34
C23159,19,Male,Gurgaon,2023-09-13,35
C23160,46,Female,Pune,2025-08-21,12
C23161,34,Male,Ahmedabad,2023-10-15,34
C23162,31,Female,Pune,2024-07-23,25
C23163,36,Female,Pune,2026-05-22,3
C23164,41,Female,Ahmedabad,2025-06-08,14
C23165,25,Male,Ahmedabad,2026-01-31,6
C23166,26,Female,Ahmedabad,2024-01-28,31
C23167,41,Male,Pune,2025-08-06,12
C23168,18,Male,Mumbai,2025-05-25,15
C23169,29,Male,Delhi,2024-11-04,21
C23170,65,Female,Ahmedabad,2026-03-25,5
C23171,25,Male,Kolkata,2025-07-01,13
C23172,46,Female,Bangalore,2023-11-11,33
C23173,29,Male,Chennai,2025-06-24,14
C23174,40,Female,Kolkata,2026-07-21,1
C23175,41,Female,Hyderabad,2026-05-21,3
C23176,46,Male,Hyderabad,2024-07-01,26
C23177,32,Male,Bangalore,2025-06-26,14
C23178,54,Female,Noida,2025-12-26,7
C23179,29,Male,Bangalore,2025-01-04,19
C23180,37,Female,Pune,2026-08-12,0
C23181,37,Male,Hyderabad,2025-04-16,16
C23182,23,Male,Delhi,2024-10-13,22
C23183,32,Male,Noida,2025-08-24,12
C23184,36,Male,Chennai,2024-06-14,26
C23185,30,Female,Delhi,2025-05-11,15
C23186,59,Male,Hyderabad,2024-07-21,25
C23187,26,Female,Chennai,2024-05-20,27
C23188,46,Male,Pune,2026-05-22,3
C23189,43,Male,Pune,2025-10-06,10
C23190,34,Female,Chennai,2025-11-04,9
C23191,26,Female,Bangalore,2025-04-04,16
C23192,27,Female,Bangalore,2025-03-11,17
C23193,29,Female,Delhi,2024-04-08,28
C23194,18,Male,Kolkata,2024-11-25,21
C23195,24,Female,Mumbai,2025-06-28,14
C23196,20,Male,Bangalore,2025-02-09,18
C23197,48,Male,Chennai,2024-05-05,27
C23198,41,Female,Ahmedabad,2026-08-01,0
C23199,42,Male,Ahmedabad,2024-04-22,28
C23200,40,Female,Kolkata,2024-04-26,28
C23201,36,Male,Noida,2024-07-10,25
C23202,49,Male,Kolkata,2025-01-29,19
C23203,28,Male,Chennai,2025-07-29,12
C23204,36,Female,Ahmedabad,2023-11-26,33
C23205,42,Male,Delhi,2025-03-20,17
C23206,21,Male,Delhi,2026-07-31,0
C23207,65,Female,Kolkata,2024-06-03,27
C23208,35,Male,Chennai,2026-05-28,2
C23209,36,Male,Mumbai,2024-02-14,30
C23210,47,Female,Noida,2025-12-01,8
C23211,44,Female,Ahmedabad,2025-05-22,15
C23212,35,Male,Chennai,2026-03-30,4
C23213,36,Female,Noida,2025-12-30,7
C23214,19,Male,Delhi,2025-12-28,7
C23215,29,Male,Bangalore,2025-09-30,10
C23216,40,Female,Ahmedabad,2023-11-25,33
C23217,39,Female,Mumbai,2026-04-07,4
C23218,47,Male,Hyderabad,2025-08-11,12
C23219,33,Male,Ahmedabad,2024-10-20,22
C23220,21,Male,Gurgaon,2025-09-13,11
C23221,45,Male,Mumbai,2025-03-14,17
C23222,49,Female,Mumbai,2024-05-28,27
C23223,43,Male,Hyderabad,2025-01-15,19
C23224,33,Male,Noida,2025-01-12,19
C23225,45,Female,Hyderabad,2025-01-15,19
C23226,69,Female,Gurgaon,2025-03-04,17
C23227,36,Male,Noida,2026-01-11,7
C23228,21,Female,Mumbai,2025-12-20,8
C23229,29,Female,Hyderabad,2024-06-04,26
C23230,41,Male,Chennai,2025-07-04,13
C23231,18,Female,Bangalore,2026-02-25,5
C23232,36,Female,Gurgaon,2023-11-06,34
C23233,38,Male,Chennai,2025-07-06,13
C23234,50,Male,Noida,2025-12-04,8
C23235,48,Female,Pune,2023-09-25,35
C23236,43,Male,Mumbai,2026-06-09,2
C23237,18,Female,Kolkata,2024-01-04,32
C23238,44,Male,Noida,2023-12-15,32
C23239,42,Female,Mumbai,2026-01-10,7
C23240,37,Male,Ahmedabad,2026-01-05,7
C23241,18,Male,Ahmedabad,2025-05-10,15
C23242,27,Male,Delhi,2026-06-05,2
C23243,23,Female,Gurgaon,2024-06-18,26
C23244,18,Male,Delhi,2025-08-09,12
C23245,34,Male,Delhi,2026-03-03,5
C23246,27,Male,Pune,2026-04-05,4
C23247,61,Male,Chennai,2025-04-13,16
C23248,33,Male,Bangalore,2024-03-12,29
C23249,47,Female,Chennai,2024-07-23,25
C23250,19,Female,Pune,2024-03-07,29
C23251,29,Female,Ahmedabad,2025-11-02,9
C23252,35,Male,Kolkata,2024-02-28,30
C23253,25,Male,Chennai,2026-05-29,2
C23254,30,Female,Delhi,2023-10-25,34
C23255,32,Male,Delhi,2025-07-30,12
C23256,32,Female,Chennai,2025-06-17,14
C23257,53,Female,Hyderabad,2024-11-08,21
C23258,38,Female,Noida,2026-05-24,3
C23259,39,Male,Kolkata,2026-07-23,1
C23260,40,Male,Hyderabad,2025-10-13,10
C23261,41,Male,Hyderabad,2024-09-21,23
C23262,34,Female,Noida,2025-03-26,17
C23263,31,Female,Gurgaon,2025-08-27,12
C23264,36,Female,Noida,2024-09-03,23
C23265,46,Male,Kolkata,2024-01-18,31
C23266,46,Female,Bangalore,2025-07-07,13
C23267,32,Female,Gurgaon,2026-04-28,3
C23268,42,Male,Chennai,2024-06-11,26
C23269,33,Male,Bangalore,2024-07-04,25
C23270,35,Female,Bangalore,2025-10-12,10
C23271,30,Male,Kolkata,2025-01-01,19
C23272,33,Male,Pune,2023-10-21,34
C23273,48,Male,Pune,2026-04-13,4
C23274,35,Female,Kolkata,2025-05-17,15
C23275,36,Male,Hyderabad,2025-08-10,12
C23276,20,Male,Pune,2025-07-19,13
C23277,31,Female,Delhi,2024-10-03,22
C23278,32,Female,Pune,2024-03-06,29
C23279,26,Female,Kolkata,2026-07-01,1
C23280,35,Male,Noida,2024-03-02,30
C23281,30,Female,Hyderabad,2026-04-01,4
C23282,35,Female,Ahmedabad,2025-04-05,16
C23283,36,Female,Bangalore,2023-09-04,36
C23284,25,Male,Kolkata,2025-01-09,19
C23285,31,Male,Pune,2025-09-26,11
C23286,35,Male,Mumbai,2025-11-01,9
C23287,46,Female,Delhi,2024-11-09,21
C23288,37,Female,Kolkata,2026-04-27,3
C23289,28,Male,Mumbai,2026-01-05,7
C23290,38,Male,Bangalore,2026-04-10,4
C23291,52,Male,Noida,2024-05-04,28
C23292,44,Male,Delhi,2023-09-26,35
C23293,40,Female,Kolkata,2023-08-23,36
C23294,42,Female,Mumbai,2026-07-17,1
C23295,49,Male,Kolkata,2025-09-08,11
C23296,45,Male,Mumbai,2024-11-01,21
C23297,40,Male,Chennai,2024-07-24,25
C23298,45,Female,Bangalore,2026-06-04,2
C23299,24,Male,Gurgaon,2025-11-01,9
C23300,19,Other,Delhi,2026-01-21,7
C23301,36,Female,Ahmedabad,2025-04-30,15
C23302,35,Male,Delhi,2026-08-09,0
C23303,29,Female,Ahmedabad,2024-07-02,26
C23304,43,Female,Kolkata,2026-08-14,0
C23305,18,Male,Kolkata,2026-04-24,4
C23306,29,Female,Mumbai,2024-06-19,26
C23307,30,Female,Gurgaon,2025-12-19,8
C23308,18,Male,Mumbai,2025-05-19,15
C23309,49,Male,Kolkata,2026-06-10,2
C23310,21,Male,Chennai,2026-03-23,5
C23311,29,Male,Chennai,2026-07-12,1
C23312,44,Male,Ahmedabad,2023-12-20,32
C23313,41,Female,Bangalore,2024-06-22,26
C23314,23,Female,Pune,2025-01-20,19
C23315,41,Female,Delhi,2024-06-20,26
C23316,37,Female,Ahmedabad,2024-02-13,30
C23317,58,Female,Gurgaon,2025-04-22,16
C23318,39,Other,Gurgaon,2023-11-21,33
C23319,33,Male,Delhi,2025-03-27,17
C23320,26,Female,Chennai,2024-09-14,23
C23321,27,Male,Pune,2024-02-02,31
C23322,26,Female,Delhi,2023-12-14,32
C23323,48,Female,Pune,2025-10-12,10
C23324,35,Female,Kolkata,2024-02-03,31
C23325,40,Male,Ahmedabad,2024-08-14,24
C23326,50,Male,Kolkata,2025-05-20,15
C23327,18,Male,Mumbai,2025-10-30,9
C23328,47,Male,Delhi,2025-01-11,19
C23329,35,Male,Mumbai,2025-08-29,11
C23330,39,Male,Hyderabad,2024-06-17,26
C23331,26,Female,Pune,2025-03-13,17
C23332,27,Male,Gurgaon,2025-09-27,10
C23333,39,Female,Kolkata,2024-07-29,25
C23334,58,Male,Pune,2026-07-10,1
C23335,45,Male,Gurgaon,2024-03-20,29
C23336,47,Female,Kolkata,2024-12-15,20
C23337,33,Female,Delhi,2025-10-31,9
C23338,28,Male,Noida,2026-05-26,2
C23339,27,Female,Mumbai,2024-01-23,31
C23340,30,Female,Kolkata,2024-05-03,28
C23341,18,Female,Noida,2025-05-14,15
C23342,27,Female,Ahmedabad,2024-05-20,27
C23343,29,Female,Kolkata,2025-12-08,8
C23344,33,Female,Noida,2024-08-29,24
C23345,36,Female,Gurgaon,2025-06-21,14
C23346,38,Female,Mumbai,2024-05-12,27
C23347,34,Female,Bangalore,2024-04-11,28
C23348,29,Female,Kolkata,2024-04-18,28
C23349,18,Male,Pune,2024-01-21,31
C23350,29,Male,Gurgaon,2024-02-07,30
C23351,25,Female,Bangalore,2024-02-24,30
C23352,39,Female,Bangalore,2024-06-17,26
C23353,44,Male,Ahmedabad,2024-01-15,31
C23354,44,Male,Ahmedabad,2024-08-07,24
C23355,42,Female,Chennai,2024-09-29,23
C23356,33,Male,Kolkata,2024-10-23,22
C23357,29,Male,Pune,2024-05-27,27
C23358,27,Male,Kolkata,2025-11-22,9
C23359,19,Female,Noida,2023-09-01,36
C23360,44,Male,Gurgaon,2025-06-26,14
C23361,33,Male,Mumbai,2025-04-05,16
C23362,22,Female,Pune,2025-06-03,14
C23363,26,Female,Mumbai,2025-07-26,13
C23364,26,Male,Ahmedabad,2025-07-19,13
C23365,35,Male,Mumbai,2024-08-07,24
C23366,45,Female,Hyderabad,2024-01-16,31
C23367,31,Female,Ahmedabad,2024-05-07,27
C23368,18,Male,Ahmedabad,2024-07-15,25
C23369,33,Male,Delhi,2024-12-01,20
C23370,33,Female,Mumbai,2025-06-10,14
C23371,32,Female,Pune,2024-06-08,26
C23372,28,Male,Ahmedabad,2025-11-05,9
C23373,37,Male,Pune,2024-01-01,32
C23374,35,Male,Ahmedabad,2026-01-11,7
C23375,34,Male,Bangalore,2024-02-07,30
C23376,39,Male,Pune,2024-12-14,20
C23377,30,Male,Noida,2024-04-29,28
C23378,30,Female,Mumbai,2026-05-09,3
C23379,48,Male,Hyderabad,2025-07-09,13
C23380,40,Female,Kolkata,2025-06-03,14
C23381,43,Female,Bangalore,2024-09-29,23
C23382,47,Female,Mumbai,2025-10-05,10
C23383,40,Other,Delhi,2024-06-25,26
C23384,44,Female,Delhi,2023-09-27,35
C23385,19,Female,Gurgaon,2024-03-20,29
C23386,37,Male,Hyderabad,2025-08-17,12
C23387,33,Male,Chennai,2024-02-26,30
C23388,51,Male,Kolkata,2026-07-04,1
C23389,44,Male,Kolkata,2025-06-25,14
C23390,28,Male,Ahmedabad,2024-06-22,26
C23391,38,Female,Delhi,2025-09-03,11
C23392,36,Male,Kolkata,2025-02-08,18
C23393,39,Female,Ahmedabad,2025-10-06,10
C23394,24,Male,Delhi,2024-05-20,27
C23395,38,Female,Bangalore,2025-07-12,13
C23396,32,Male,Pune,2025-10-17,10
C23397,37,Female,Ahmedabad,2024-05-01,28
C23398,27,Male,Ahmedabad,2024-11-11,21
C23399,29,Other,Kolkata,2024-01-05,32
C23400,46,Male,Kolkata,2025-04-05,16
C23401,24,Female,Hyderabad,2025-11-27,8
C23402,25,Male,Gurgaon,2023-11-29,33
C23403,34,Female,Gurgaon,2024-11-12,21
C23404,27,Female,Kolkata,2023-08-31,36
C23405,26,Female,Bangalore,2026-06-10,2
C23406,36,Male,Kolkata,2026-02-04,6
C23407,19,Female,Gurgaon,2026-04-10,4
C23408,24,Male,Ahmedabad,2026-02-27,5
C23409,55,Male,Noida,2026-07-09,1
C23410,39,Male,Mumbai,2026-08-04,0
C23411,27,Male,Ahmedabad,2026-05-05,3
C23412,39,Female,Delhi,2024-10-12,22
C23413,40,Male,Gurgaon,2026-02-18,6
C23414,44,Male,Noida,2024-11-18,21
C23415,33,Female,Chennai,2024-08-21,24
C23416,44,Other,Noida,2025-07-02,13
C23417,18,Female,Noida,2025-10-17,10
C23418,24,Female,Ahmedabad,2025-06-11,14
C23419,36,Female,Noida,2024-11-30,21
C23420,38,Female,Noida,2026-04-08,4
C23421,25,Female,Chennai,2024-08-08,24
C23422,37,Female,Kolkata,2024-11-13,21
C23423,28,Male,Mumbai,2024-02-19,30
C23424,32,Female,Noida,2023-12-23,32
C23425,45,Female,Mumbai,2024-09-27,23
C23426,44,Male,Kolkata,2025-08-28,11
C23427,25,Female,Mumbai,2025-01-05,19
C23428,24,Female,Kolkata,2024-12-08,20
C23429,30,Female,Bangalore,2026-01-26,6
C23430,34,Male,Mumbai,2025-09-28,10
C23431,28,Female,Hyderabad,2025-10-14,10
C23432,45,Male,Hyderabad,2025-09-21,11
C23433,38,Male,Delhi,2024-04-23,28
C23434,39,Other,Chennai,2025-12-22,8
C23435,22,Female,Delhi,2023-08-27,36
C23436,46,Female,Gurgaon,2024-05-04,28
C23437,18,Female,Hyderabad,2025-10-01,10
C23438,43,Female,Kolkata,2024-01-03,32
C23439,44,Female,Kolkata,2025-01-23,19
C23440,30,Male,Ahmedabad,2025-03-29,17
C23441,47,Female,Chennai,2026-01-01,7
C23442,34,Female,Pune,2025-10-25,10
C23443,35,Female,Hyderabad,2024-02-22,30
C23444,38,Male,Kolkata,2026-02-04,6
C23445,66,Male,Bangalore,2026-06-02,2
C23446,48,Male,Hyderabad,2025-11-17,9
C23447,42,Female,Gurgaon,2024-07-02,26
C23448,25,Female,Bangalore,2023-12-27,32
C23449,36,Female,Bangalore,2024-07-06,25
C23450,26,Male,Gurgaon,2023-12-19,32
C23451,43,Male,Hyderabad,2025-09-06,11
C23452,36,Male,Delhi,2026-07-12,1
C23453,23,Male,Mumbai,2024-08-09,24
C23454,35,Female,Gurgaon,2024-03-01,30
C23455,26,Female,Ahmedabad,2025-08-14,12
C23456,36,Male,Noida,2024-02-17,30
C23457,26,Male,Kolkata,2026-07-12,1
C23458,35,Male,Ahmedabad,2023-11-18,33
C23459,42,Male,Kolkata,2024-09-16,23
C23460,34,Female,Chennai,2024-09-25,23
C23461,31,Female,Hyderabad,2026-02-28,5
C23462,37,Female,Chennai,2024-07-25,25
C23463,41,Female,Hyderabad,2026-04-02,4
C23464,23,Male,Bangalore,2025-08-24,12
C23465,37,Male,Hyderabad,2025-11-18,9
C23466,48,Male,Chennai,2024-12-15,20
C23467,40,Female,Hyderabad,2024-06-06,26
C23468,35,Female,Mumbai,2025-10-19,10
C23469,41,Female,Hyderabad,2026-01-06,7
C23470,39,Male,Mumbai,2025-07-14,13
C23471,42,Female,Delhi,2024-11-03,21
C23472,18,Male,Ahmedabad,2024-12-31,19
C23473,19,Male,Ahmedabad,2026-03-04,5
C23474,45,Male,Ahmedabad,2024-08-25,24
C23475,19,Male,Pune,2023-11-12,33
C23476,39,Female,Gurgaon,2026-07-20,1
C23477,31,Female,Noida,2024-04-18,28
C23478,25,Male,Noida,2025-09-09,11
C23479,38,Male,Noida,2024-08-04,24
C23480,37,Male,Bangalore,2025-03-22,17
C23481,56,Male,Ahmedabad,2025-07-24,13
C23482,28,Male,Bangalore,2023-10-05,35
C23483,49,Female,Bangalore,2025-01-25,19
C23484,38,Male,Ahmedabad,2023-09-21,35
C23485,28,Female,Pune,2026-07-04,1
C23486,42,Male,Hyderabad,2023-11-23,33
C23487,40,Male,Hyderabad,2024-11-07,21
C23488,35,Male,Bangalore,2025-09-14,11
C23489,37,Female,Mumbai,2026-05-07,3
C23490,29,Male,Hyderabad,2025-04-19,16
C23491,26,Male,Gurgaon,2024-12-02,20
C23492,42,Female,Noida,2025-03-01,17
C23493,32,Male,Mumbai,2024-02-14,30
C23494,34,Female,Gurgaon,2024-03-18,29
C23495,37,Male,Mumbai,2024-09-29,23
C23496,37,Female,Pune,2026-05-31,2
C23497,20,Female,Bangalore,2025-02-09,18
C23498,47,Male,Gurgaon,2024-01-26,31
C23499,36,Male,Noida,2026-03-10,5
C23500,32,Male,Ahmedabad,2024-10-09,22
C23501,39,Female,Pune,2026-06-18,2
C23502,37,Female,Noida,2025-11-27,8
C23503,42,Female,Pune,2026-07-31,0
C23504,40,Male,Ahmedabad,2026-07-13,1
C23505,42,Male,Noida,2024-12-10,20
C23506,48,Female,Kolkata,2024-07-03,26
C23507,43,Male,Delhi,2025-07-09,13
C23508,33,Male,Bangalore,2024-01-02,32
C23509,23,Female,Pune,2024-07-04,25
C23510,51,Male,Bangalore,2024-06-17,26
C23511,32,Male,Ahmedabad,2026-06-09,2
C23512,30,Male,Delhi,2025-02-14,18
C23513,18,Female,Mumbai,2024-07-14,25
C23514,38,Male,Mumbai,2024-10-03,22
C23515,36,Female,Gurgaon,2024-07-31,25
C23516,19,Male,Hyderabad,2023-10-07,35
C23517,39,Male,Mumbai,2024-04-04,29
C23518,30,Female,Hyderabad,2024-05-10,27
C23519,61,Female,Delhi,2024-09-20,23
C23520,29,Male,Kolkata,2025-11-23,9
C23521,30,Male,Bangalore,2024-09-11,23
C23522,26,Male,Kolkata,2025-03-04,17
C23523,47,Female,Bangalore,2025-07-22,13
C23524,31,Male,Delhi,2023-11-24,33
C23525,27,Female,Gurgaon,2025-01-22,19
C23526,42,Female,Bangalore,2025-02-21,18
C23527,21,Female,Kolkata,2026-03-04,5
C23528,41,Female,Delhi,2024-02-12,30
C23529,52,Female,Noida,2026-03-01,5
C23530,40,Male,Noida,2024-11-07,21
C23531,41,Male,Hyderabad,2023-10-14,34
C23532,43,Male,Pune,2026-01-01,7
C23533,52,Female,Pune,2026-07-05,1
C23534,47,Female,Hyderabad,2025-12-01,8
C23535,39,Male,Chennai,2026-01-14,7
C23536,44,Female,Kolkata,2025-04-11,16
C23537,26,Female,Bangalore,2026-03-22,5
C23538,42,Male,Ahmedabad,2025-08-24,12
C23539,24,Male,Delhi,2024-07-18,25
C23540,31,Male,Pune,2026-04-10,4
C23541,18,Female,Delhi,2025-10-10,10
C23542,39,Male,Mumbai,2025-04-23,16
C23543,28,Male,Kolkata,2026-02-24,5
C23544,46,Other,Bangalore,2026-03-20,5
C23545,38,Female,Ahmedabad,2026-08-02,0
C23546,46,Female,Gurgaon,2026-07-25,0
C23547,24,Female,Hyderabad,2024-09-22,23
C23548,45,Male,Kolkata,2026-03-30,4
C23549,56,Female,Delhi,2025-10-06,10
C23550,42,Female,Mumbai,2024-01-21,31
C23551,42,Female,Hyderabad,2024-10-13,22
C23552,36,Male,Kolkata,2026-01-17,7
C23553,29,Male,Kolkata,2025-12-15,8
C23554,42,Male,Bangalore,2026-04-28,3
C23555,19,Male,Gurgaon,2025-11-10,9
C23556,30,Male,Ahmedabad,2025-07-09,13
C23557,18,Female,Gurgaon,2026-03-08,5
C23558,27,Female,Gurgaon,2025-08-06,12
C23559,41,Male,Mumbai,2026-02-15,6
C23560,40,Female,Hyderabad,2026-02-15,6
C23561,35,Male,Kolkata,2026-08-14,0
C23562,36,Female,Noida,2024-03-18,29
C23563,18,Male,Delhi,2025-05-01,15
C23564,31,Male,Delhi,2025-06-17,14
C23565,28,Male,Noida,2026-05-11,3
C23566,28,Other,Gurgaon,2026-03-12,5
C23567,40,Female,Chennai,2024-06-20,26
C23568,26,Male,Mumbai,2024-11-03,21
C23569,28,Male,Ahmedabad,2023-09-02,36
C23570,18,Female,Delhi,2025-07-23,13
C23571,32,Male,Chennai,2023-12-21,32
C23572,24,Other,Hyderabad,2025-07-13,13
C23573,35,Female,Bangalore,2023-11-11,33
C23574,25,Female,Ahmedabad,2025-08-05,12
C23575,36,Female,Gurgaon,2024-01-04,32
C23576,33,Male,Delhi,2025-01-09,19
C23577,51,Male,Chennai,2026-04-18,4
C23578,39,Male,Noida,2024-02-27,30
C23579,18,Male,Delhi,2025-08-08,12
C23580,22,Female,Mumbai,2023-10-17,34
C23581,35,Male,Mumbai,2026-08-09,0
C23582,25,Female,Hyderabad,2026-03-12,5
C23583,18,Female,Pune,2025-08-26,12
C23584,48,Male,Hyderabad,2025-07-13,13
C23585,42,Male,Delhi,2025-02-28,18
C23586,40,Male,Hyderabad,2025-10-31,9
C23587,28,Male,Hyderabad,2025-07-30,12
C23588,39,Male,Chennai,2025-12-11,8
C23589,27,Male,Mumbai,2026-03-19,5
C23590,37,Female,Hyderabad,2025-08-01,12
C23591,25,Female,Noida,2025-08-03,12
C23592,50,Male,Noida,2024-11-01,21
C23593,19,Male,Mumbai,2025-05-12,15
C23594,47,Female,Pune,2025-09-23,11
C23595,35,Male,Chennai,2024-06-04,26
C23596,30,Male,Pune,2024-12-22,20
C23597,36,Female,Bangalore,2024-04-29,28
C23598,42,Female,Delhi,2023-10-19,34
C23599,48,Female,Chennai,2025-01-14,19
C23600,38,Male,Kolkata,2025-06-01,14
C23601,26,Male,Hyderabad,2024-03-31,29
C23602,35,Male,Chennai,2025-03-26,17
C23603,53,Female,Noida,2024-09-14,23
C23604,48,Male,Mumbai,2025-04-15,16
C23605,44,Male,Pune,2023-08-31,36
C23606,42,Female,Bangalore,2026-08-07,0
C23607,41,Female,Mumbai,2025-03-24,17
C23608,46,Female,Bangalore,2025-01-22,19
C23609,30,Male,Gurgaon,2025-09-25,11
C23610,21,Male,Mumbai,2026-04-11,4
C23611,35,Female,Mumbai,2026-04-17,4
C23612,26,Female,Kolkata,2026-04-15,4
C23613,24,Male,Bangalore,2023-11-14,33
C23614,27,Male,Bangalore,2024-09-16,23
C23615,59,Female,Gurgaon,2026-04-20,4
C23616,36,Female,Pune,2024-03-24,29
C23617,38,Female,Bangalore,2026-03-11,5
C23618,22,Male,Hyderabad,2024-02-20,30
C23619,18,Female,Ahmedabad,2026-07-28,0
C23620,26,Female,Bangalore,2026-02-22,6
C23621,49,Male,Kolkata,2024-11-07,21
C23622,38,Female,Gurgaon,2024-08-11,24
C23623,40,Male,Pune,2026-04-09,4
C23624,42,Male,Bangalore,2025-03-02,17
C23625,29,Female,Pune,2024-11-06,21
C23626,48,Female,Chennai,2024-02-10,30
C23627,28,Female,Bangalore,2024-08-18,24
C23628,49,Male,Bangalore,2023-12-12,32
C23629,39,Male,Delhi,2024-07-24,25
C23630,18,Female,Mumbai,2023-11-02,34
C23631,27,Male,Gurgaon,2024-12-15,20
C23632,18,Female,Noida,2023-11-24,33
C23633,46,Male,Bangalore,2024-11-18,21
C23634,34,Female,Ahmedabad,2025-07-28,13
C23635,18,Female,Pune,2025-05-11,15
C23636,38,Male,Noida,2025-09-06,11
C23637,29,Female,Gurgaon,2026-05-26,2
C23638,20,Male,Gurgaon,2024-08-29,24
C23639,51,Male,Hyderabad,2024-05-04,28
C23640,36,Male,Chennai,2024-01-12,31
C23641,32,Female,Hyderabad,2024-01-19,31
C23642,31,Male,Gurgaon,2024-10-26,22
C23643,19,Female,Chennai,2024-05-18,27
C23644,21,Male,Ahmedabad,2024-01-15,31
C23645,47,Male,Bangalore,2024-01-13,31
C23646,30,Female,Bangalore,2024-02-07,30
C23647,35,Male,Chennai,2025-10-13,10
C23648,18,Female,Hyderabad,2025-11-04,9
C23649,21,Female,Mumbai,2024-06-23,26
C23650,41,Female,Delhi,2024-04-14,28
C23651,38,Male,Hyderabad,2026-07-02,1
C23652,52,Male,Noida,2025-11-09,9
C23653,48,Female,Bangalore,2024-11-11,21
C23654,32,Female,Noida,2024-07-01,26
C23655,39,Female,Hyderabad,2025-10-20,10
C23656,31,Female,Gurgaon,2024-05-25,27
C23657,55,Male,Ahmedabad,2024-08-03,24
C23658,46,Male,Ahmedabad,2026-07-24,0
C23659,36,Female,Ahmedabad,2024-03-15,29
C23660,37,Male,Mumbai,2025-09-02,11
C23661,49,Male,Noida,2025-10-16,10
C23662,40,Male,Pune,2025-08-10,12
C23663,50,Male,Pune,2025-06-03,14
C23664,18,Female,Mumbai,2026-02-08,6
C23665,39,Male,Pune,2026-07-19,1
C23666,29,Other,Hyderabad,2024-06-11,26
C23667,52,Female,Mumbai,2023-12-28,32
C23668,50,Male,Delhi,2025-10-19,10
C23669,35,Male,Hyderabad,2025-02-13,18
C23670,50,Male,Noida,2024-09-30,23
C23671,52,Female,Noida,2025-07-12,13
C23672,35,Male,Noida,2026-07-08,1
C23673,59,Male,Pune,2023-11-07,33
C23674,34,Male,Ahmedabad,2024-06-09,26
C23675,32,Female,Delhi,2025-10-01,10
C23676,43,Female,Bangalore,2024-12-08,20
C23677,31,Female,Kolkata,2025-01-30,18
C23678,35,Female,Noida,2025-05-12,15
C23679,49,Male,Gurgaon,2025-07-28,13
C23680,35,Female,Bangalore,2023-11-29,33
C23681,18,Male,Mumbai,2023-11-03,34
C23682,38,Female,Pune,2024-03-18,29
C23683,28,Female,Mumbai,2024-03-13,29
C23684,43,Male,Noida,2025-09-28,10
C23685,41,Male,Ahmedabad,2023-11-27,33
C23686,49,Female,Noida,2026-04-21,4
C23687,44,Male,Bangalore,2024-08-28,24
C23688,45,Male,Gurgaon,2026-01-16,7
C23689,28,Female,Noida,2026-04-06,4
C23690,43,Male,Delhi,2024-10-28,22
C23691,54,Female,Chennai,2023-12-19,32
C23692,28,Female,Mumbai,2025-01-06,19
C23693,52,Male,Noida,2025-11-05,9
C23694,29,Male,Bangalore,2025-04-27,16
C23695,26,Female,Hyderabad,2023-09-24,35
C23696,37,Female,Pune,2023-11-13,33
C23697,42,Male,Mumbai,2025-06-04,14
C23698,44,Male,Noida,2024-04-21,28
C23699,25,Male,Bangalore,2023-11-21,33
C23700,39,Female,Hyderabad,2026-07-26,0
C23701,28,Male,Noida,2024-11-29,21
C23702,20,Female,Kolkata,2025-10-01,10
C23703,25,Other,Ahmedabad,2024-09-27,23
C23704,27,Female,Pune,2024-11-23,21
C23705,40,Female,Hyderabad,2024-03-26,29
C23706,46,Male,Bangalore,2025-12-15,8
C23707,20,Male,Pune,2025-11-29,8
C23708,38,Female,Hyderabad,2023-09-02,36
C23709,23,Male,Bangalore,2025-01-21,19
C23710,41,Male,Ahmedabad,2024-09-22,23
C23711,28,Female,Mumbai,2024-07-18,25
C23712,24,Male,Ahmedabad,2025-12-02,8
C23713,42,Female,Noida,2024-07-26,25
C23714,29,Male,Chennai,2023-12-26,32
C23715,31,Male,Gurgaon,2026-04-14,4
C23716,18,Male,Bangalore,2026-07-16,1
C23717,44,Female,Gurgaon,2024-02-18,30
C23718,43,Female,Noida,2024-07-25,25
C23719,35,Male,Noida,2024-04-19,28
C23720,19,Male,Hyderabad,2025-04-04,16
C23721,47,Female,Noida,2025-06-19,14
C23722,28,Male,Noida,2024-10-22,22
C23723,30,Male,Hyderabad,2025-04-30,15
C23724,58,Male,Pune,2024-11-19,21
C23725,27,Female,Bangalore,2023-12-20,32
C23726,42,Male,Delhi,2025-01-24,19
C23727,40,Male,Gurgaon,2024-09-23,23
C23728,38,Female,Delhi,2024-10-12,22
C23729,37,Male,Delhi,2025-07-19,13
C23730,38,Female,Hyderabad,2025-12-04,8
C23731,37,Male,Pune,2024-10-31,22
C23732,34,Male,Chennai,2025-05-10,15
C23733,50,Male,Delhi,2025-04-23,16
C23734,21,Female,Delhi,2025-03-29,17
C23735,45,Male,Kolkata,2023-11-25,33
C23736,43,Male,Hyderabad,2024-01-02,32
C23737,41,Female,Kolkata,2026-07-13,1
C23738,46,Female,Hyderabad,2024-11-18,21
C23739,34,Male,Hyderabad,2023-10-10,34
C23740,18,Male,Ahmedabad,2026-02-07,6
C23741,34,Male,Chennai,2024-06-26,26
C23742,25,Female,Mumbai,2025-10-22,10
C23743,27,Female,Bangalore,2024-11-01,21
C23744,22,Female,Gurgaon,2026-03-08,5
C23745,30,Female,Delhi,2023-09-03,36
C23746,29,Female,Noida,2023-11-20,33
C23747,18,Male,Noida,2024-01-17,31
C23748,42,Male,Gurgaon,2025-02-23,18
C23749,57,Female,Delhi,2026-04-06,4
C23750,41,Male,Delhi,2024-02-13,30
C23751,32,Male,Hyderabad,2024-06-15,26
C23752,34,Male,Mumbai,2025-07-22,13
C23753,30,Female,Delhi,2025-02-02,18
C23754,35,Male,Ahmedabad,2025-11-01,9
C23755,34,Male,Mumbai,2024-08-06,24
C23756,26,Female,Chennai,2026-04-23,4
C23757,51,Male,Gurgaon,2023-12-25,32
C23758,20,Female,Chennai,2025-04-03,16
C23759,42,Male,Chennai,2025-05-21,15
C23760,33,Female,Gurgaon,2026-08-15,0
C23761,54,Male,Mumbai,2024-10-20,22
C23762,38,Female,Noida,2024-08-22,24
C23763,31,Female,Ahmedabad,2023-12-07,32
C23764,32,Female,Ahmedabad,2025-10-26,10
C23765,35,Female,Bangalore,2025-02-09,18
C23766,23,Male,Delhi,2024-11-04,21
C23767,27,Female,Kolkata,2023-12-03,33
C23768,18,Female,Gurgaon,2024-11-16,21
C23769,25,Female,Noida,2025-07-08,13
C23770,35,Female,Kolkata,2025-08-01,12
C23771,38,Male,Chennai,2025-12-18,8
C23772,18,Female,Noida,2024-12-24,20
C23773,33,Male,Mumbai,2026-04-19,4
C23774,40,Female,Gurgaon,2025-07-18,13
C23775,33,Male,Pune,2023-09-14,35
C23776,28,Male,Pune,2023-10-24,34
C23777,30,Female,Delhi,2025-01-20,19
C23778,29,Female,Noida,2025-03-31,16
C23779,28,Female,Noida,2024-07-12,25
C23780,36,Female,Pune,2024-04-07,28
C23781,58,Female,Ahmedabad,2026-07-30,0
C23782,27,Female,Bangalore,2024-12-19,20
C23783,31,Male,Kolkata,2025-03-05,17
C23784,34,Female,Chennai,2025-06-29,13
C23785,28,Female,Pune,2025-10-30,9
C23786,45,Female,Delhi,2024-12-23,20
C23787,18,Female,Chennai,2026-07-01,1
C23788,29,Female,Delhi,2026-06-23,2
C23789,43,Male,Delhi,2024-04-10,28
C23790,32,Female,Noida,2026-03-13,5
C23791,26,Male,Hyderabad,2024-07-28,25
C23792,39,Female,Chennai,2024-01-12,31
C23793,44,Male,Mumbai,2025-10-23,10
C23794,37,Female,Kolkata,2024-02-19,30
C23795,26,Female,Chennai,2024-06-30,26
C23796,39,Female,Pune,2025-10-04,10
C23797,30,Male,Kolkata,2024-02-24,30
C23798,42,Male,Mumbai,2024-11-16,21
C23799,49,Female,Hyderabad,2026-01-13,7
C23800,18,Female,Gurgaon,2025-02-07,18
C23801,36,Male,Chennai,2024-01-31,31
C23802,18,Male,Hyderabad,2025-02-02,18
C23803,59,Male,Hyderabad,2025-07-12,13
C23804,30,Female,Pune,2024-02-05,30
C23805,42,Female,Pune,2025-01-15,19
C23806,34,Female,Mumbai,2025-09-22,11
C23807,26,Female,Chennai,2025-12-01,8
C23808,25,Male,Chennai,2024-10-29,22
C23809,50,Female,Kolkata,2026-07-18,1
C23810,44,Male,Gurgaon,2025-12-11,8
C23811,54,Male,Noida,2026-05-06,3
C23812,35,Male,Ahmedabad,2024-10-22,22
C23813,37,Male,Bangalore,2023-12-18,32
C23814,32,Male,Bangalore,2024-07-27,25
C23815,32,Male,Mumbai,2025-11-04,9
C23816,24,Male,Ahmedabad,2024-11-14,21
C23817,35,Male,Chennai,2024-07-14,25
C23818,27,Female,Ahmedabad,2026-06-30,1
C23819,39,Male,Mumbai,2024-03-15,29
C23820,36,Male,Chennai,2024-10-27,22
C23821,37,Male,Bangalore,2024-06-02,27
C23822,51,Female,Delhi,2025-08-22,12
C23823,34,Female,Kolkata,2024-10-22,22
C23824,42,Female,Kolkata,2026-06-12,2
C23825,55,Female,Ahmedabad,2025-01-19,19
C23826,48,Male,Delhi,2024-10-27,22
C23827,46,Male,Hyderabad,2026-06-02,2
C23828,31,Male,Gurgaon,2023-10-09,34
C23829,37,Female,Pune,2026-04-29,3
C23830,21,Female,Kolkata,2025-11-24,9
C23831,39,Male,Kolkata,2023-11-08,33
C23832,37,Male,Chennai,2026-04-13,4
C23833,35,Male,Pune,2026-04-04,4
C23834,45,Male,Hyderabad,2025-11-08,9
C23835,22,Female,Kolkata,2025-10-15,10
C23836,51,Female,Pune,2026-01-24,7
C23837,44,Female,Bangalore,2023-09-16,35
C23838,34,Male,Noida,2025-09-21,11
C23839,33,Male,Noida,2025-04-27,16
C23840,39,Female,Ahmedabad,2026-02-14,6
C23841,50,Female,Delhi,2024-08-14,24
C23842,36,Male,Chennai,2024-08-20,24
C23843,36,Male,Gurgaon,2024-09-28,23
C23844,35,Female,Hyderabad,2026-03-08,5
C23845,52,Male,Chennai,2024-04-28,28
C23846,31,Female,Kolkata,2024-09-17,23
C23847,34,Male,Pune,2026-04-01,4
C23848,49,Female,Pune,2023-11-17,33
C23849,36,Male,Hyderabad,2024-05-23,27
C23850,46,Female,Chennai,2026-04-16,4
C23851,25,Male,Pune,2023-09-12,35
C23852,32,Male,Pune,2024-04-21,28
C23853,49,Female,Gurgaon,2024-06-02,27
C23854,28,Female,Delhi,2025-10-08,10
C23855,33,Female,Chennai,2026-02-19,6
C23856,37,Male,Chennai,2025-06-23,14
C23857,25,Female,Hyderabad,2024-02-15,30
C23858,30,Female,Ahmedabad,2025-09-30,10
C23859,36,Male,Mumbai,2025-12-28,7
C23860,35,Male,Mumbai,2025-03-05,17
C23861,47,Male,Hyderabad,2025-05-13,15
C23862,50,Male,Noida,2025-04-18,16
C23863,26,Male,Pune,2026-04-28,3
C23864,36,Female,Chennai,2026-07-03,1
C23865,41,Female,Mumbai,2026-05-06,3
C23866,50,Female,Hyderabad,2025-05-17,15
C23867,42,Other,Hyderabad,2023-12-15,32
C23868,37,Male,Ahmedabad,2026-05-27,2
C23869,41,Male,Hyderabad,2026-05-27,2
C23870,41,Female,Hyderabad,2025-05-30,14
C23871,25,Female,Gurgaon,2025-05-02,15
C23872,36,Male,Pune,2025-10-13,10
C23873,49,Male,Gurgaon,2025-11-13,9
C23874,32,Male,Hyderabad,2023-10-31,34
C23875,36,Male,Noida,2024-11-05,21
C23876,32,Male,Pune,2024-10-29,22
C23877,18,Male,Pune,2024-06-19,26
C23878,35,Female,Bangalore,2024-06-02,27
C23879,38,Male,Chennai,2026-07-13,1
C23880,29,Female,Pune,2023-10-12,34
C23881,23,Male,Mumbai,2025-01-05,19
C23882,26,Female,Noida,2023-11-17,33
C23883,42,Female,Pune,2026-07-04,1
C23884,54,Female,Chennai,2024-04-24,28
C23885,48,Male,Chennai,2026-04-04,4
C23886,21,Female,Ahmedabad,2026-05-31,2
C23887,43,Female,Kolkata,2025-07-08,13
C23888,28,Male,Gurgaon,2026-06-09,2
C23889,29,Male,Chennai,2025-06-20,14
C23890,30,Male,Bangalore,2025-05-08,15
C23891,42,Male,Noida,2023-11-19,33
C23892,44,Male,Kolkata,2026-08-07,0
C23893,34,Female,Ahmedabad,2024-09-05,23
C23894,34,Male,Noida,2026-03-09,5
C23895,39,Female,Mumbai,2024-07-29,25
C23896,40,Female,Gurgaon,2023-10-14,34
C23897,46,Female,Delhi,2025-09-19,11
C23898,22,Male,Kolkata,2024-05-30,27
C23899,35,Female,Gurgaon,2025-06-12,14
C23900,24,Male,Gurgaon,2025-10-14,10
C23901,34,Male,Chennai,2026-08-06,0
C23902,32,Male,Hyderabad,2025-01-22,19
C23903,34,Female,Bangalore,2025-02-23,18
C23904,27,Female,Kolkata,2024-07-16,25
C23905,20,Male,Mumbai,2023-10-10,34
C23906,18,Male,Delhi,2024-06-17,26
C23907,33,Male,Mumbai,2025-09-28,10
C23908,30,Female,Noida,2025-07-05,13
C23909,28,Female,Pune,2025-03-15,17
C23910,48,Male,Pune,2024-10-05,22
C23911,26,Male,Hyderabad,2025-07-17,13
C23912,49,Female,Bangalore,2024-10-21,22
C23913,51,Male,Delhi,2025-03-06,17
C23914,18,Male,Kolkata,2024-06-08,26
C23915,35,Female,Chennai,2025-12-20,8
C23916,31,Male,Kolkata,2025-01-14,19
C23917,18,Female,Noida,2024-02-09,30
C23918,20,Male,Mumbai,2026-06-23,2
C23919,42,Female,Pune,2024-02-21,30
C23920,55,Female,Mumbai,2023-10-08,34
C23921,44,Male,Kolkata,2024-05-13,27
C23922,38,Female,Gurgaon,2025-06-28,14
C23923,34,Male,Gurgaon,2025-08-08,12
C23924,51,Male,Ahmedabad,2026-01-03,7
C23925,56,Male,Kolkata,2026-05-28,2
C23926,29,Male,Chennai,2024-06-19,26
C23927,18,Male,Delhi,2026-01-15,7
C23928,18,Female,Chennai,2025-06-26,14
C23929,48,Male,Ahmedabad,2025-07-08,13
C23930,34,Male,Bangalore,2024-12-18,20
C23931,36,Female,Pune,2025-06-09,14
C23932,18,Female,Kolkata,2024-12-08,20
C23933,27,Male,Hyderabad,2024-08-12,24
C23934,32,Male,Kolkata,2024-01-15,31
C23935,37,Male,Pune,2026-05-02,3
C23936,31,Male,Ahmedabad,2025-05-08,15
C23937,24,Female,Noida,2025-03-23,17
C23938,27,Male,Hyderabad,2025-06-03,14
C23939,47,Female,Noida,2023-10-10,34
C23940,37,Female,Gurgaon,2026-07-04,1
C23941,41,Female,Mumbai,2024-11-25,21
C23942,26,Male,Kolkata,2026-07-27,0
C23943,18,Female,Pune,2025-06-04,14
C23944,29,Female,Mumbai,2025-08-16,12
C23945,26,Female,Hyderabad,2024-10-07,22
C23946,38,Female,Bangalore,2025-06-25,14
C23947,67,Male,Delhi,2023-11-02,34
C23948,41,Female,Hyderabad,2024-06-17,26
C23949,62,Female,Kolkata,2024-10-20,22
C23950,40,Male,Delhi,2024-01-27,31
C23951,28,Female,Bangalore,2024-06-12,26
C23952,38,Female,Hyderabad,2025-09-17,11
C23953,52,Female,Ahmedabad,2023-11-19,33
C23954,53,Female,Bangalore,2023-12-12,32
C23955,29,Male,Chennai,2025-01-14,19
C23956,37,Female,Hyderabad,2025-03-31,16
C23957,20,Female,Noida,2026-03-15,5
C23958,43,Female,Hyderabad,2026-01-14,7
C23959,50,Female,Chennai,2026-08-21,0
C23960,35,Male,Mumbai,2026-06-19,2
C23961,28,Male,Ahmedabad,2026-05-11,3
C23962,38,Female,Gurgaon,2026-07-30,0
C23963,39,Female,Pune,2025-02-06,18
C23964,35,Male,Mumbai,2026-08-21,0
C23965,36,Female,Ahmedabad,2024-12-08,20
C23966,33,Female,Ahmedabad,2024-02-22,30
C23967,44,Female,Ahmedabad,2024-07-01,26
C23968,42,Female,Chennai,2025-09-29,10
C23969,25,Male,Gurgaon,2026-02-03,6
C23970,24,Female,Noida,2026-05-04,3
C23971,32,Female,Kolkata,2024-07-29,25
C23972,42,Female,Ahmedabad,2025-06-07,14
C23973,36,Female,Noida,2025-07-27,13
C23974,28,Male,Kolkata,2024-04-07,28
C23975,37,Other,Pune,2024-07-19,25
C23976,31,Female,Noida,2026-03-19,5
C23977,43,Female,Pune,2025-01-25,19
C23978,38,Female,Kolkata,2024-04-18,28
C23979,31,Female,Gurgaon,2026-07-07,1
C23980,37,Female,Pune,2024-12-20,20
C23981,48,Female,Gurgaon,2026-06-11,2
C23982,29,Female,Mumbai,2025-12-19,8
C23983,39,Male,Gurgaon,2024-12-11,20
C23984,34,Male,Pune,2025-11-04,9
C23985,39,Male,Hyderabad,2025-03-01,17
C23986,28,Female,Gurgaon,2024-01-29,31
C23987,36,Male,Ahmedabad,2025-06-28,14
C23988,46,Female,Gurgaon,2025-12-18,8
C23989,25,Female,Hyderabad,2026-06-20,2
C23990,21,Female,Chennai,2023-12-20,32
C23991,22,Male,Chennai,2025-08-29,11
C23992,23,Male,Gurgaon,2026-07-23,1
C23993,40,Female,Pune,2026-01-03,7
C23994,20,Male,Bangalore,2026-02-26,5
C23995,32,Female,Pune,2025-04-28,16
C23996,41,Female,Ahmedabad,2024-02-01,31
C23997,39,Female,Pune,2025-02-08,18
C23998,31,Female,Gurgaon,2025-02-14,18
C23999,36,Male,Hyderabad,2026-07-06,1
C24000,36,Male,Pune,2023-12-13,32
C24001,32,Female,Kolkata,2026-04-14,4
C24002,32,Female,Mumbai,2025-10-12,10
C24003,57,Male,Hyderabad,2025-06-06,14
C24004,43,Male,Mumbai,2026-04-10,4
C24005,59,Male,Hyderabad,2024-05-29,27
C24006,30,Female,Gurgaon,2024-07-10,25
C24007,34,Male,Delhi,2026-06-21,2
C24008,21,Male,Hyderabad,2026-06-06,2
C24009,26,Female,Bangalore,2023-11-07,33
C24010,54,Male,Chennai,2024-03-19,29
C24011,29,Male,Bangalore,2024-01-11,31
C24012,54,Male,Ahmedabad,2024-04-29,28
C24013,22,Female,Gurgaon,2025-08-28,11
C24014,24,Male,Noida,2026-07-25,0
C24015,31,Male,Chennai,2026-05-23,3
C24016,34,Female,Gurgaon,2026-04-14,4
C24017,44,Male,Mumbai,2025-01-23,19
C24018,39,Female,Pune,2025-01-22,19
C24019,30,Male,Kolkata,2023-12-14,32
C24020,33,Male,Mumbai,2025-07-02,13
C24021,31,Female,Noida,2025-02-20,18
C24022,25,Female,Pune,2026-07-03,1
C24023,26,Male,Hyderabad,2025-02-11,18
C24024,45,Female,Chennai,2025-08-01,12
C24025,18,Female,Noida,2025-04-28,16
C24026,51,Male,Chennai,2024-02-16,30
C24027,31,Female,Gurgaon,2026-08-18,0
C24028,27,Male,Pune,2026-05-23,3
C24029,42,Male,Bangalore,2024-03-13,29
C24030,49,Male,Delhi,2023-11-25,33
C24031,46,Female,Bangalore,2025-05-04,15
C24032,40,Male,Delhi,2026-05-17,3
C24033,45,Female,Pune,2025-01-12,19
C24034,18,Male,Chennai,2024-08-06,24
C24035,29,Male,Noida,2026-02-21,6
C24036,25,Female,Gurgaon,2024-07-30,25
C24037,47,Female,Ahmedabad,2024-01-30,31
C24038,31,Male,Ahmedabad,2023-12-28,32
C24039,43,Male,Delhi,2025-09-20,11
C24040,40,Female,Chennai,2024-07-18,25
C24041,26,Male,Bangalore,2024-07-22,25
C24042,29,Female,Delhi,2025-10-27,9
C24043,47,Female,Gurgaon,2024-11-03,21
C24044,27,Female,Noida,2024-09-10,23
C24045,36,Female,Hyderabad,2024-05-10,27
C24046,27,Female,Hyderabad,2025-08-30,11
C24047,31,Male,Chennai,2024-05-21,27
C24048,34,Male,Delhi,2024-07-20,25
C24049,27,Male,Pune,2024-01-07,31
C24050,25,Male,Gurgaon,2024-09-09,23
C24051,37,Female,Gurgaon,2024-12-31,19
C24052,26,Male,Chennai,2025-10-23,10
C24053,26,Female,Mumbai,2023-11-13,33
C24054,25,Female,Pune,2024-05-08,27
C24055,34,Female,Chennai,2024-08-14,24
C24056,44,Female,Bangalore,2024-03-20,29
C24057,50,Female,Mumbai,2026-02-25,5
C24058,27,Male,Delhi,2025-03-21,17
C24059,56,Female,Pune,2025-11-13,9
C24060,24,Male,Pune,2024-10-09,22
C24061,45,Female,Gurgaon,2024-08-17,24
C24062,27,Male,Kolkata,2024-01-09,31
C24063,26,Male,Mumbai,2024-02-10,30
C24064,27,Male,Gurgaon,2025-09-19,11
C24065,34,Female,Pune,2026-05-26,2
C24066,40,Female,Noida,2024-09-17,23
C24067,41,Male,Bangalore,2023-10-19,34
C24068,25,Male,Delhi,2025-10-28,9
C24069,25,Male,Gurgaon,2024-09-21,23
C24070,25,Male,Ahmedabad,2025-09-29,10
C24071,33,Female,Hyderabad,2025-11-09,9
C24072,32,Male,Chennai,2025-06-26,14
C24073,25,Female,Gurgaon,2024-06-01,27
C24074,37,Male,Gurgaon,2026-03-07,5
C24075,57,Female,Hyderabad,2024-04-15,28
C24076,29,Male,Delhi,2026-01-04,7
C24077,30,Female,Pune,2023-10-30,34
C24078,40,Female,Bangalore,2026-05-28,2
C24079,29,Male,Kolkata,2023-09-22,35
C24080,41,Male,Pune,2026-01-21,7
C24081,27,Male,Chennai,2026-08-13,0
C24082,53,Male,Kolkata,2025-03-18,17
C24083,38,Male,Kolkata,2025-09-18,11
C24084,28,Male,Mumbai,2025-05-14,15
C24085,29,Male,Mumbai,2024-10-05,22
C24086,29,Male,Ahmedabad,2023-11-24,33
C24087,48,Male,Pune,2025-12-25,8
C24088,22,Male,Bangalore,2024-10-24,22
C24089,28,Male,Ahmedabad,2024-07-18,25
C24090,29,Female,Delhi,2024-06-04,26
C24091,34,Female,Kolkata,2023-09-15,35
C24092,32,Female,Hyderabad,2024-06-08,26
C24093,20,Male,Bangalore,2025-05-30,14
C24094,31,Male,Kolkata,2024-09-01,24
C24095,34,Male,Delhi,2024-05-08,27
C24096,28,Female,Bangalore,2026-01-16,7
C24097,41,Female,Noida,2025-05-16,15
C24098,44,Male,Hyderabad,2024-02-04,31
C24099,34,Female,Delhi,2025-10-07,10
C24100,37,Female,Noida,2025-08-01,12
C24101,18,Other,Chennai,2026-08-20,0
C24102,30,Male,Delhi,2023-10-23,34
C24103,45,Male,Delhi,2026-01-13,7
C24104,30,Male,Pune,2023-11-11,33
C24105,27,Male,Gurgaon,2025-10-30,9
C24106,57,Female,Kolkata,2026-03-27,4
C24107,53,Male,Mumbai,2024-12-02,20
C24108,39,Female,Hyderabad,2025-04-13,16
C24109,46,Male,Kolkata,2024-05-12,27
C24110,18,Male,Delhi,2024-12-09,20
C24111,27,Male,Bangalore,2025-06-19,14
C24112,30,Male,Delhi,2026-02-05,6
C24113,32,Female,Chennai,2025-07-26,13
C24114,30,Female,Delhi,2026-07-04,1
C24115,18,Female,Noida,2026-07-19,1
C24116,38,Female,Kolkata,2026-06-19,2
C24117,40,Male,Bangalore,2024-12-24,20
C24118,51,Female,Gurgaon,2025-12-17,8
C24119,27,Male,Noida,2025-06-23,14
C24120,26,Female,Ahmedabad,2025-08-06,12
C24121,18,Female,Hyderabad,2026-03-28,4
C24122,32,Male,Pune,2026-04-06,4
C24123,44,Male,Pune,2025-03-20,17
C24124,28,Other,Delhi,2024-02-07,30
C24125,56,Male,Delhi,2025-12-21,8
C24126,32,Male,Bangalore,2024-04-09,28
C24127,36,Male,Mumbai,2024-08-19,24
C24128,21,Female,Ahmedabad,2024-05-18,27
C24129,37,Male,Delhi,2026-07-31,0
C24130,18,Female,Pune,2024-12-15,20
C24131,41,Female,Bangalore,2024-09-18,23
C24132,42,Female,Chennai,2024-06-18,26
C24133,48,Male,Kolkata,2024-07-15,25
C24134,24,Female,Ahmedabad,2025-06-21,14
C24135,36,Male,Hyderabad,2024-12-07,20
C24136,40,Female,Pune,2024-03-27,29
C24137,39,Female,Ahmedabad,2023-12-16,32
C24138,26,Female,Pune,2026-05-28,2
C24139,18,Female,Delhi,2023-11-19,33
C24140,38,Female,Hyderabad,2026-06-18,2
C24141,33,Male,Hyderabad,2023-11-02,34
C24142,29,Female,Bangalore,2024-11-05,21
C24143,42,Male,Gurgaon,2024-09-01,24
C24144,34,Male,Gurgaon,2026-06-19,2
C24145,21,Male,Hyderabad,2025-03-16,17
C24146,18,Female,Kolkata,2023-12-26,32
C24147,23,Male,Noida,2024-06-27,26
C24148,58,Female,Noida,2026-02-02,6
C24149,42,Female,Pune,2024-04-08,28
C24150,36,Female,Kolkata,2024-09-02,23
C24151,33,Female,Kolkata,2023-11-21,33
C24152,32,Male,Ahmedabad,2026-06-27,1
C24153,46,Female,Gurgaon,2024-07-04,25
C24154,30,Female,Gurgaon,2026-06-03,2
C24155,40,Female,Bangalore,2023-11-27,33
C24156,31,Male,Pune,2026-02-25,5
C24157,54,Male,Kolkata,2023-12-23,32
C24158,42,Female,Kolkata,2025-03-23,17
C24159,47,Male,Noida,2026-02-14,6
C24160,29,Male,Delhi,2026-03-05,5
C24161,45,Male,Gurgaon,2025-04-06,16
C24162,31,Male,Hyderabad,2026-02-10,6
C24163,36,Male,Pune,2024-02-02,31
C24164,51,Female,Gurgaon,2024-07-05,25
C24165,24,Female,Bangalore,2024-09-30,23
C24166,37,Male,Mumbai,2025-04-14,16
C24167,39,Male,Noida,2024-01-03,32
C24168,40,Female,Ahmedabad,2026-06-12,2
C24169,30,Male,Bangalore,2024-10-29,22
C24170,55,Female,Gurgaon,2024-11-25,21
C24171,22,Male,Delhi,2024-02-09,30
C24172,49,Male,Delhi,2025-06-04,14
C24173,47,Female,Ahmedabad,2024-05-03,28
C24174,54,Female,Noida,2026-02-08,6
C24175,19,Female,Gurgaon,2026-07-31,0
C24176,26,Male,Ahmedabad,2025-12-02,8
C24177,49,Male,Gurgaon,2026-06-25,1
C24178,18,Female,Hyderabad,2023-10-20,34
C24179,18,Female,Mumbai,2024-02-23,30
C24180,30,Male,Hyderabad,2026-04-02,4
C24181,36,Female,Chennai,2023-10-28,34
C24182,50,Female,Delhi,2025-08-15,12
C24183,33,Male,Kolkata,2024-01-16,31
C24184,28,Male,Hyderabad,2025-02-05,18
C24185,38,Female,Noida,2024-06-18,26
C24186,39,Male,Gurgaon,2026-05-14,3
C24187,39,Female,Mumbai,2025-03-21,17
C24188,33,Male,Noida,2025-12-24,8
C24189,18,Female,Kolkata,2023-09-28,35
C24190,25,Male,Mumbai,2023-11-20,33
C24191,49,Male,Kolkata,2025-08-30,11
C24192,36,Male,Kolkata,2024-02-08,30
C24193,31,Male,Pune,2024-12-29,20
C24194,46,Male,Chennai,2025-09-22,11
C24195,23,Male,Chennai,2026-06-01,2
C24196,32,Other,Gurgaon,2025-01-04,19
C24197,36,Female,Hyderabad,2024-10-12,22
C24198,30,Female,Ahmedabad,2024-03-31,29
C24199,36,Male,Hyderabad,2026-01-09,7
C24200,33,Male,Hyderabad,2025-10-08,10
C24201,21,Male,Noida,2026-03-17,5
C24202,36,Female,Mumbai,2025-07-10,13
C24203,21,Male,Ahmedabad,2023-12-08,32
C24204,36,Female,Kolkata,2023-11-30,33
C24205,48,Male,Kolkata,2025-03-29,17
C24206,32,Other,Delhi,2026-08-10,0
C24207,23,Male,Mumbai,2024-06-19,26
C24208,33,Male,Gurgaon,2025-08-25,12
C24209,26,Female,Pune,2024-07-11,25
C24210,40,Female,Pune,2026-05-24,3
C24211,33,Female,Hyderabad,2024-12-10,20
C24212,52,Male,Chennai,2025-08-12,12
C24213,46,Female,Delhi,2025-05-21,15
C24214,33,Female,Chennai,2024-09-24,23
C24215,42,Male,Hyderabad,2023-11-15,33
C24216,31,Male,Pune,2025-05-10,15
C24217,35,Female,Hyderabad,2024-02-23,30
C24218,31,Female,Kolkata,2025-12-27,7
C24219,42,Female,Hyderabad,2026-01-26,6
C24220,49,Other,Pune,2025-09-19,11
C24221,42,Male,Hyderabad,2025-11-09,9
C24222,44,Female,Noida,2025-11-24,9
C24223,44,Female,Delhi,2026-07-04,1
C24224,40,Female,Bangalore,2024-03-07,29
C24225,23,Female,Bangalore,2023-11-09,33
C24226,52,Female,Noida,2024-08-01,25
C24227,53,Male,Bangalore,2024-03-24,29
C24228,32,Male,Hyderabad,2026-07-10,1
C24229,31,Male,Noida,2023-09-11,35
C24230,41,Female,Ahmedabad,2024-07-28,25
C24231,40,Male,Pune,2026-01-16,7
C24232,32,Female,Ahmedabad,2024-04-16,28
C24233,22,Male,Noida,2023-12-25,32
C24234,38,Male,Noida,2026-06-14,2
C24235,40,Male,Hyderabad,2025-01-27,19
C24236,42,Female,Kolkata,2024-03-11,29
C24237,38,Male,Noida,2024-04-09,28
C24238,32,Female,Noida,2026-04-06,4
C24239,44,Male,Kolkata,2026-04-10,4
C24240,35,Male,Gurgaon,2026-02-24,5
C24241,30,Male,Kolkata,2025-03-01,17
C24242,33,Female,Mumbai,2024-08-19,24
C24243,18,Male,Bangalore,2023-12-23,32
C24244,33,Female,Noida,2024-05-22,27
C24245,41,Female,Ahmedabad,2023-10-18,34
C24246,38,Male,Gurgaon,2025-04-10,16
C24247,50,Male,Mumbai,2025-11-13,9
C24248,32,Male,Bangalore,2025-12-17,8
C24249,39,Female,Chennai,2026-07-03,1
C24250,42,Female,Noida,2025-09-24,11
C24251,58,Female,Chennai,2026-02-26,5
C24252,36,Male,Kolkata,2025-08-04,12
C24253,24,Male,Bangalore,2025-07-15,13
C24254,43,Male,Chennai,2024-02-20,30
C24255,53,Male,Delhi,2024-07-18,25
C24256,31,Male,Hyderabad,2025-03-01,17
C24257,43,Female,Bangalore,2023-12-17,32
C24258,47,Female,Mumbai,2026-04-07,4
C24259,45,Female,Gurgaon,2025-08-07,12
C24260,36,Male,Noida,2024-04-27,28
C24261,28,Male,Hyderabad,2025-12-27,7
C24262,34,Male,Noida,2026-06-01,2
C24263,39,Male,Kolkata,2025-05-03,15
C24264,44,Female,Pune,2025-07-03,13
C24265,38,Male,Kolkata,2025-10-24,10
C24266,31,Female,Mumbai,2024-12-14,20
C24267,40,Other,Kolkata,2025-11-22,9
C24268,43,Male,Delhi,2024-06-12,26
C24269,38,Female,Bangalore,2026-07-30,0
C24270,26,Female,Chennai,2024-07-21,25
C24271,33,Male,Gurgaon,2026-04-21,4
C24272,44,Female,Chennai,2023-10-12,34
C24273,21,Male,Delhi,2026-07-28,0
C24274,18,Female,Chennai,2026-01-03,7
C24275,50,Male,Bangalore,2023-09-12,35
C24276,40,Male,Mumbai,2025-02-23,18
C24277,41,Male,Noida,2023-08-31,36
C24278,24,Female,Mumbai,2026-08-03,0
C24279,42,Male,Bangalore,2024-12-08,20
C24280,37,Male,Bangalore,2025-11-14,9
C24281,19,Male,Gurgaon,2024-11-05,21
C24282,49,Male,Chennai,2025-04-09,16
C24283,36,Female,Chennai,2023-12-12,32
C24284,31,Female,Noida,2025-06-10,14
C24285,31,Female,Ahmedabad,2025-07-31,12
C24286,18,Female,Kolkata,2023-12-23,32
C24287,40,Female,Hyderabad,2023-12-16,32
C24288,37,Female,Hyderabad,2023-12-15,32
C24289,33,Female,Pune,2025-06-09,14
C24290,47,Male,Mumbai,2026-01-31,6
C24291,21,Male,Hyderabad,2025-09-02,11
C24292,29,Other,Hyderabad,2024-06-18,26
C24293,26,Female,Pune,2026-03-29,4
C24294,32,Female,Hyderabad,2025-10-26,10
C24295,35,Male,Pune,2025-12-04,8
C24296,39,Female,Gurgaon,2023-10-12,34
C24297,31,Female,Bangalore,2025-10-28,9
C24298,26,Male,Delhi,2026-04-04,4
C24299,51,Male,Gurgaon,2023-12-17,32
C24300,59,Male,Noida,2023-10-05,35
C24301,36,Female,Chennai,2026-03-26,4
C24302,27,Female,Chennai,2025-09-18,11
C24303,49,Female,Chennai,2025-04-03,16
C24304,20,Male,Gurgaon,2024-04-27,28
C24305,31,Female,Chennai,2024-08-11,24
C24306,28,Male,Mumbai,2025-05-17,15
C24307,23,Male,Kolkata,2025-03-02,17
C24308,32,Male,Ahmedabad,2024-05-11,27
C24309,26,Other,Kolkata,2026-04-21,4
C24310,35,Male,Noida,2024-03-20,29
C24311,35,Male,Pune,2026-05-26,2
C24312,28,Male,Ahmedabad,2024-11-03,21
C24313,31,Male,Kolkata,2024-06-04,26
C24314,32,Female,Mumbai,2026-06-26,1
C24315,43,Female,Ahmedabad,2025-07-23,13
C24316,33,Female,Ahmedabad,2024-07-17,25
C24317,43,Female,Kolkata,2024-06-12,26
C24318,40,Male,Ahmedabad,2024-02-12,30
C24319,40,Female,Noida,2025-05-18,15
C24320,48,Male,Hyderabad,2025-12-04,8
C24321,23,Female,Hyderabad,2023-12-14,32
C24322,30,Male,Gurgaon,2023-10-13,34
C24323,52,Female,Kolkata,2024-05-11,27
C24324,32,Female,Chennai,2025-10-03,10
C24325,18,Male,Noida,2025-04-14,16
C24326,32,Male,Delhi,2023-09-19,35
C24327,36,Male,Ahmedabad,2025-01-09,19
C24328,18,Male,Kolkata,2023-11-07,33
C24329,48,Female,Kolkata,2026-03-21,5
C24330,27,Other,Noida,2024-03-18,29
C24331,38,Female,Chennai,2026-06-19,2
C24332,32,Female,Noida,2024-04-19,28
C24333,22,Male,Ahmedabad,2026-04-08,4
C24334,24,Male,Kolkata,2026-03-01,5
C24335,25,Male,Noida,2025-10-27,9
C24336,45,Other,Noida,2026-06-01,2
C24337,33,Female,Delhi,2024-07-26,25
C24338,29,Male,Bangalore,2025-01-30,18
C24339,25,Female,Hyderabad,2024-06-07,26
C24340,46,Female,Chennai,2025-01-23,19
C24341,49,Female,Gurgaon,2024-01-13,31
C24342,46,Female,Ahmedabad,2024-09-21,23
C24343,39,Female,Mumbai,2024-12-08,20
C24344,37,Male,Gurgaon,2024-10-21,22
C24345,22,Female,Hyderabad,2024-11-28,21
C24346,32,Male,Gurgaon,2024-01-02,32
C24347,28,Male,Ahmedabad,2023-10-09,34
C24348,18,Female,Mumbai,2023-11-27,33
C24349,45,Male,Noida,2024-06-22,26
C24350,28,Male,Delhi,2025-11-13,9
C24351,46,Male,Ahmedabad,2024-01-03,32
C24352,43,Female,Chennai,2024-09-30,23
C24353,40,Male,Noida,2026-02-16,6
C24354,41,Male,Bangalore,2023-11-23,33
C24355,28,Male,Hyderabad,2024-09-19,23
C24356,53,Female,Noida,2023-08-26,36
C24357,35,Male,Noida,2023-09-28,35
C24358,38,Female,Gurgaon,2026-04-15,4
C24359,28,Male,Kolkata,2025-03-24,17
C24360,25,Female,Kolkata,2025-02-18,18
C24361,39,Male,Chennai,2025-02-12,18
C24362,37,Female,Hyderabad,2025-01-07,19
C24363,27,Female,Bangalore,2023-10-05,35
C24364,20,Male,Gurgaon,2025-05-12,15
C24365,22,Female,Noida,2024-11-18,21
C24366,46,Female,Ahmedabad,2024-10-27,22
C24367,28,Male,Chennai,2025-04-18,16
C24368,31,Female,Kolkata,2025-07-26,13
C24369,49,Female,Hyderabad,2024-09-07,23
C24370,23,Male,Delhi,2024-12-02,20
C24371,27,Male,Noida,2025-07-25,13
C24372,27,Female,Bangalore,2024-10-04,22
C24373,51,Female,Bangalore,2023-09-26,35
C24374,54,Female,Noida,2024-05-01,28
C24375,42,Female,Gurgaon,2025-01-28,19
C24376,42,Male,Kolkata,2025-02-27,18
C24377,29,Male,Gurgaon,2024-04-05,28
C24378,54,Female,Mumbai,2025-08-01,12
C24379,37,Female,Pune,2025-11-09,9
C24380,43,Male,Bangalore,2024-12-25,20
C24381,33,Female,Gurgaon,2025-07-28,13
C24382,32,Female,Bangalore,2024-08-11,24
C24383,51,Female,Delhi,2024-11-02,21
C24384,40,Male,Gurgaon,2025-06-29,13
C24385,49,Male,Noida,2024-01-17,31
C24386,37,Female,Chennai,2023-09-21,35
C24387,26,Female,Hyderabad,2025-08-31,11
C24388,29,Male,Ahmedabad,2025-12-24,8
C24389,36,Female,Noida,2025-01-02,19
C24390,28,Male,Gurgaon,2025-04-03,16
C24391,23,Male,Hyderabad,2025-06-26,14
C24392,47,Male,Bangalore,2024-09-30,23
C24393,29,Male,Bangalore,2025-08-12,12
C24394,36,Female,Ahmedabad,2023-11-08,33
C24395,37,Female,Ahmedabad,2024-07-15,25
C24396,29,Male,Kolkata,2025-04-05,16
C24397,49,Female,Pune,2024-06-10,26
C24398,23,Female,Kolkata,2023-12-04,33
C24399,37,Male,Noida,2025-02-13,18
C24400,37,Female,Mumbai,2024-01-24,31
C24401,34,Female,Chennai,2024-09-21,23
C24402,22,Female,Mumbai,2025-10-26,10
C24403,43,Female,Chennai,2025-03-18,17
C24404,42,Male,Bangalore,2026-03-27,4
C24405,28,Male,Kolkata,2025-03-22,17
C24406,42,Female,Gurgaon,2025-12-10,8
C24407,38,Female,Noida,2024-07-11,25
C24408,22,Male,Gurgaon,2024-06-07,26
C24409,26,Male,Mumbai,2026-08-15,0
C24410,46,Female,Gurgaon,2026-04-07,4
C24411,38,Male,Pune,2025-07-31,12
C24412,29,Male,Kolkata,2025-03-18,17
C24413,26,Male,Bangalore,2023-11-12,33
C24414,29,Male,Noida,2024-02-02,31
C24415,30,Male,Noida,2025-01-31,18
C24416,26,Female,Ahmedabad,2023-10-10,34
C24417,18,Male,Bangalore,2024-04-12,28
C24418,46,Female,Kolkata,2025-07-10,13
C24419,44,Female,Hyderabad,2025-02-23,18
C24420,22,Female,Hyderabad,2026-05-09,3
C24421,36,Female,Mumbai,2024-03-29,29
C24422,25,Female,Kolkata,2023-11-23,33
C24423,32,Male,Chennai,2026-01-12,7
C24424,31,Male,Mumbai,2023-12-20,32
C24425,30,Male,Gurgaon,2024-03-09,29
C24426,55,Male,Pune,2024-06-20,26
C24427,30,Male,Noida,2024-11-18,21
C24428,26,Other,Ahmedabad,2025-12-20,8
C24429,27,Male,Mumbai,2025-11-08,9
C24430,45,Female,Chennai,2025-08-16,12
C24431,18,Female,Pune,2025-12-13,8
C24432,27,Male,Mumbai,2024-08-11,24
C24433,49,Female,Ahmedabad,2026-05-02,3
C24434,37,Female,Bangalore,2026-05-29,2
C24435,36,Male,Pune,2026-03-31,4
C24436,56,Female,Ahmedabad,2025-01-30,18
C24437,37,Female,Delhi,2026-01-13,7
C24438,27,Male,Chennai,2025-02-18,18
C24439,32,Female,Delhi,2025-12-04,8
C24440,23,Female,Hyderabad,2026-02-06,6
C24441,47,Male,Hyderabad,2024-04-07,28
C24442,40,Female,Delhi,2025-06-28,14
C24443,46,Female,Chennai,2026-06-01,2
C24444,47,Female,Kolkata,2026-04-21,4
C24445,30,Female,Bangalore,2026-08-01,0
C24446,25,Female,Ahmedabad,2026-01-05,7
C24447,34,Male,Delhi,2024-09-29,23
C24448,26,Other,Mumbai,2025-01-31,18
C24449,36,Female,Delhi,2025-01-16,19
C24450,46,Male,Noida,2024-03-24,29
C24451,33,Female,Gurgaon,2025-04-16,16
C24452,36,Female,Chennai,2025-05-06,15
C24453,34,Male,Pune,2025-05-27,15
C24454,43,Female,Noida,2025-02-21,18
C24455,28,Female,Noida,2024-08-27,24
C24456,18,Female,Hyderabad,2025-04-24,16
C24457,39,Male,Pune,2025-10-15,10
C24458,44,Female,Ahmedabad,2026-07-05,1
C24459,39,Female,Delhi,2024-11-11,21
C24460,28,Other,Gurgaon,2025-05-28,15
C24461,23,Female,Pune,2025-09-04,11
C24462,39,Female,Noida,2024-06-28,26
C24463,36,Male,Mumbai,2025-07-01,13
C24464,33,Female,Mumbai,2026-07-17,1
C24465,53,Male,Bangalore,2025-09-27,10
C24466,25,Male,Bangalore,2026-02-16,6
C24467,52,Male,Chennai,2025-02-15,18
C24468,35,Female,Delhi,2023-11-30,33
C24469,18,Male,Mumbai,2025-12-09,8
C24470,33,Male,Delhi,2026-02-07,6
C24471,44,Male,Noida,2025-04-04,16
C24472,31,Female,Ahmedabad,2024-05-11,27
C24473,20,Female,Noida,2025-05-26,15
C24474,33,Male,Bangalore,2025-04-13,16
C24475,26,Female,Bangalore,2024-01-23,31
C24476,39,Male,Delhi,2025-09-16,11
C24477,42,Male,Pune,2025-08-31,11
C24478,24,Male,Bangalore,2025-05-27,15
C24479,27,Male,Mumbai,2025-01-26,19
C24480,42,Female,Bangalore,2026-01-14,7
C24481,26,Male,Kolkata,2026-08-15,0
C24482,24,Female,Kolkata,2025-04-19,16
C24483,23,Other,Delhi,2024-11-28,21
C24484,38,Male,Mumbai,2024-03-13,29
C24485,38,Male,Delhi,2024-06-21,26
C24486,28,Female,Kolkata,2024-02-20,30
C24487,35,Male,Delhi,2025-06-10,14
C24488,50,Male,Hyderabad,2025-05-03,15
C24489,25,Male,Ahmedabad,2026-01-28,6
C24490,18,Female,Kolkata,2026-03-07,5
C24491,39,Female,Kolkata,2024-05-07,27
C24492,33,Male,Chennai,2024-02-24,30
C24493,27,Male,Kolkata,2024-02-27,30
C24494,41,Male,Kolkata,2025-10-18,10
C24495,43,Male,Ahmedabad,2024-06-25,26
C24496,18,Male,Bangalore,2024-07-04,25
C24497,28,Female,Mumbai,2026-07-05,1
C24498,58,Male,Gurgaon,2025-02-11,18
C24499,40,Male,Pune,2025-06-27,14
C24500,41,Male,Mumbai,2023-11-19,33
C24501,46,Male,Kolkata,2024-03-10,29
C24502,35,Female,Kolkata,2023-09-13,35
C24503,42,Male,Gurgaon,2024-09-19,23
C24504,42,Male,Pune,2024-10-31,22
C24505,40,Male,Pune,2026-07-10,1
C24506,31,Male,Pune,2023-11-03,34
C24507,36,Female,Noida,2023-10-17,34
C24508,29,Male,Noida,2024-06-18,26
C24509,35,Male,Gurgaon,2024-02-28,30
C24510,23,Male,Delhi,2025-06-27,14
C24511,27,Female,Kolkata,2024-07-19,25
C24512,32,Female,Delhi,2025-10-30,9
C24513,25,Female,Chennai,2026-03-16,5
C24514,29,Male,Gurgaon,2024-07-09,25
C24515,33,Female,Delhi,2025-09-11,11
C24516,39,Male,Gurgaon,2024-05-16,27
C24517,44,Male,Chennai,2025-06-23,14
C24518,30,Female,Kolkata,2025-06-01,14
C24519,48,Female,Mumbai,2024-11-16,21
C24520,44,Male,Noida,2024-08-28,24
C24521,40,Male,Pune,2024-05-14,27
C24522,36,Male,Kolkata,2025-02-06,18
C24523,38,Male,Mumbai,2025-03-30,17
C24524,46,Female,Mumbai,2025-01-03,19
C24525,47,Male,Gurgaon,2025-05-06,15
C24526,48,Female,Gurgaon,2024-07-05,25
C24527,35,Female,Bangalore,2024-01-03,32
C24528,40,Male,Pune,2026-07-03,1
C24529,48,Male,Mumbai,2025-04-09,16
C24530,28,Female,Delhi,2026-04-11,4
C24531,31,Female,Gurgaon,2024-02-07,30
C24532,35,Male,Hyderabad,2026-07-08,1
C24533,43,Male,Hyderabad,2024-06-16,26
C24534,44,Female,Mumbai,2024-09-14,23
C24535,32,Female,Hyderabad,2024-08-15,24
C24536,19,Female,Gurgaon,2024-07-02,26
C24537,37,Female,Ahmedabad,2026-07-11,1
C24538,25,Female,Delhi,2023-11-20,33
C24539,20,Male,Delhi,2024-03-11,29
C24540,22,Female,Mumbai,2024-02-21,30
C24541,38,Other,Gurgaon,2024-04-05,28
C24542,48,Male,Kolkata,2026-02-19,6
C24543,35,Female,Bangalore,2024-03-09,29
C24544,37,Male,Pune,2025-03-17,17
C24545,46,Male,Bangalore,2024-09-07,23
C24546,19,Female,Kolkata,2025-05-10,15
C24547,40,Male,Gurgaon,2025-02-16,18
C24548,34,Male,Kolkata,2024-08-01,25
C24549,40,Male,Kolkata,2025-03-07,17
C24550,30,Male,Noida,2023-12-15,32
C24551,26,Female,Mumbai,2025-10-02,10
C24552,36,Male,Ahmedabad,2025-09-10,11
C24553,51,Male,Chennai,2025-05-30,14
C24554,43,Male,Ahmedabad,2023-09-27,35
C24555,29,Female,Delhi,2023-08-30,36
C24556,21,Female,Gurgaon,2025-07-17,13
C24557,18,Female,Gurgaon,2026-06-08,2
C24558,48,Female,Gurgaon,2024-07-01,26
C24559,25,Male,Chennai,2024-08-05,24
C24560,31,Female,Pune,2026-05-15,3
C24561,48,Male,Pune,2025-05-10,15
C24562,18,Male,Bangalore,2026-02-18,6
C24563,49,Female,Ahmedabad,2025-09-30,10
C24564,32,Male,Pune,2026-02-13,6
C24565,23,Male,Pune,2026-05-11,3
C24566,32,Male,Kolkata,2025-03-27,17
C24567,27,Male,Mumbai,2026-03-12,5
C24568,39,Male,Kolkata,2023-09-11,35
C24569,28,Other,Gurgaon,2025-03-17,17
C24570,18,Male,Noida,2024-02-06,30
C24571,32,Female,Kolkata,2025-10-20,10
C24572,21,Female,Pune,2024-12-29,20
C24573,37,Female,Pune,2025-11-04,9
C24574,23,Female,Noida,2024-03-12,29
C24575,30,Female,Pune,2025-01-28,19
C24576,36,Male,Noida,2025-08-06,12
C24577,32,Female,Hyderabad,2025-05-09,15
C24578,37,Male,Delhi,2024-05-05,27
C24579,41,Female,Kolkata,2024-11-21,21
C24580,23,Female,Delhi,2025-09-14,11
C24581,34,Female,Mumbai,2023-09-20,35
C24582,18,Male,Hyderabad,2026-04-07,4
C24583,37,Female,Pune,2025-05-04,15
C24584,31,Male,Mumbai,2026-02-14,6
C24585,25,Female,Hyderabad,2026-05-07,3
C24586,38,Male,Chennai,2025-08-26,12
C24587,46,Female,Bangalore,2025-01-08,19
C24588,30,Female,Kolkata,2024-01-01,32
C24589,25,Male,Gurgaon,2024-04-07,28
C24590,36,Male,Ahmedabad,2025-09-12,11
C24591,21,Male,Noida,2025-04-25,16
C24592,28,Female,Chennai,2026-07-17,1
C24593,47,Female,Bangalore,2025-07-17,13
C24594,35,Male,Pune,2026-03-17,5
C24595,18,Male,Noida,2026-04-06,4
C24596,18,Female,Noida,2026-01-26,6
C24597,36,Male,Kolkata,2025-02-16,18
C24598,43,Female,Kolkata,2025-08-20,12
C24599,18,Female,Noida,2023-08-24,36
C24600,39,Male,Pune,2025-12-10,8
C24601,48,Male,Noida,2024-01-17,31
C24602,53,Female,Hyderabad,2024-07-27,25
C24603,38,Male,Hyderabad,2025-08-20,12
C24604,40,Male,Ahmedabad,2025-10-13,10
C24605,18,Male,Hyderabad,2023-08-25,36
C24606,55,Female,Chennai,2025-08-04,12
C24607,29,Female,Noida,2025-04-05,16
C24608,25,Male,Bangalore,2026-08-04,0
C24609,32,Female,Hyderabad,2024-10-24,22
C24610,50,Female,Ahmedabad,2025-09-04,11
C24611,57,Female,Pune,2025-02-10,18
C24612,36,Female,Gurgaon,2023-10-05,35
C24613,44,Female,Kolkata,2026-07-10,1
C24614,35,Male,Bangalore,2023-10-31,34
C24615,24,Male,Mumbai,2023-10-23,34
C24616,49,Male,Gurgaon,2026-04-27,3
C24617,28,Female,Bangalore,2024-06-06,26
C24618,50,Female,Chennai,2025-11-18,9
C24619,47,Male,Gurgaon,2025-09-13,11
C24620,41,Male,Ahmedabad,2026-05-14,3
C24621,53,Female,Noida,2024-01-04,32
C24622,57,Male,Pune,2025-10-06,10
C24623,33,Male,Bangalore,2025-11-24,9
C24624,26,Male,Mumbai,2025-04-13,16
C24625,18,Other,Hyderabad,2024-07-30,25
C24626,57,Male,Hyderabad,2025-01-27,19
C24627,30,Female,Delhi,2024-01-17,31
C24628,46,Male,Chennai,2025-04-05,16
C24629,27,Male,Pune,2024-02-02,31
C24630,50,Male,Chennai,2025-08-28,11
C24631,27,Male,Gurgaon,2026-01-08,7
C24632,23,Male,Pune,2025-03-31,16
C24633,32,Male,Chennai,2025-09-24,11
C24634,29,Female,Hyderabad,2026-05-27,2
C24635,40,Male,Delhi,2026-04-06,4
C24636,34,Female,Delhi,2024-07-10,25
C24637,41,Male,Mumbai,2025-11-16,9
C24638,32,Male,Bangalore,2026-08-20,0
C24639,28,Female,Delhi,2025-01-10,19
C24640,29,Male,Ahmedabad,2024-01-21,31
C24641,55,Male,Mumbai,2023-09-03,36
C24642,37,Male,Mumbai,2023-11-22,33
C24643,18,Female,Chennai,2024-06-04,26
C24644,29,Female,Hyderabad,2024-05-16,27
C24645,35,Male,Noida,2023-09-11,35
C24646,53,Female,Ahmedabad,2024-01-09,31
C24647,45,Male,Pune,2023-09-22,35
C24648,25,Female,Bangalore,2024-08-27,24
C24649,59,Male,Delhi,2024-05-14,27
C24650,34,Female,Delhi,2025-03-25,17
C24651,47,Male,Mumbai,2023-09-14,35
C24652,23,Male,Bangalore,2024-05-09,27
C24653,18,Male,Ahmedabad,2025-09-14,11
C24654,20,Female,Ahmedabad,2023-10-26,34
C24655,18,Female,Pune,2023-11-02,34
C24656,56,Female,Chennai,2025-12-06,8
C24657,37,Female,Gurgaon,2026-06-08,2
C24658,25,Female,Ahmedabad,2025-06-24,14
C24659,39,Female,Hyderabad,2026-03-24,5
C24660,36,Male,Hyderabad,2024-07-30,25
C24661,41,Male,Mumbai,2024-12-18,20
C24662,47,Male,Hyderabad,2025-12-28,7
C24663,32,Male,Pune,2024-04-29,28
C24664,26,Female,Hyderabad,2024-06-29,26
C24665,43,Female,Gurgaon,2024-07-13,25
C24666,43,Female,Delhi,2024-12-16,20
C24667,36,Male,Noida,2024-07-17,25
C24668,56,Female,Bangalore,2026-07-04,1
C24669,30,Male,Delhi,2024-11-15,21
C24670,26,Female,Gurgaon,2023-11-28,33
C24671,39,Male,Chennai,2025-07-11,13
C24672,28,Female,Gurgaon,2026-07-20,1
C24673,39,Female,Gurgaon,2025-06-06,14
C24674,26,Female,Noida,2024-03-13,29
C24675,30,Male,Hyderabad,2025-10-24,10
C24676,53,Male,Noida,2024-02-12,30
C24677,30,Male,Mumbai,2025-11-08,9
C24678,27,Male,Chennai,2024-12-11,20
C24679,46,Female,Chennai,2024-06-01,27
C24680,24,Female,Kolkata,2025-04-08,16
C24681,28,Male,Ahmedabad,2025-11-03,9
C24682,40,Female,Noida,2026-07-19,1
C24683,44,Female,Kolkata,2025-05-13,15
C24684,47,Male,Mumbai,2024-03-05,30
C24685,27,Male,Bangalore,2025-03-22,17
C24686,40,Female,Mumbai,2023-11-29,33
C24687,30,Female,Delhi,2024-05-26,27
C24688,28,Male,Chennai,2024-01-09,31
C24689,47,Male,Kolkata,2024-01-12,31
C24690,29,Male,Pune,2024-07-22,25
C24691,37,Female,Ahmedabad,2025-06-28,14
C24692,36,Male,Noida,2024-01-16,31
C24693,24,Male,Gurgaon,2025-11-27,8
C24694,44,Female,Delhi,2024-04-22,28
C24695,40,Female,Gurgaon,2026-05-08,3
C24696,18,Female,Pune,2025-04-06,16
C24697,37,Male,Kolkata,2025-10-27,9
C24698,27,Male,Pune,2026-01-26,6
C24699,45,Female,Ahmedabad,2024-12-24,20
C24700,20,Female,Noida,2024-07-16,25
C24701,31,Female,Hyderabad,2026-05-05,3
C24702,38,Other,Kolkata,2024-09-03,23
C24703,35,Female,Bangalore,2024-01-12,31
C24704,42,Female,Bangalore,2024-06-21,26
C24705,19,Male,Noida,2024-03-17,29
C24706,51,Female,Hyderabad,2026-03-15,5
C24707,40,Female,Gurgaon,2024-12-27,20
C24708,48,Male,Kolkata,2024-08-25,24
C24709,43,Female,Gurgaon,2023-10-07,35
C24710,34,Male,Gurgaon,2023-12-18,32
C24711,22,Female,Chennai,2026-05-31,2
C24712,29,Male,Chennai,2023-12-14,32
C24713,50,Male,Kolkata,2026-04-05,4
C24714,48,Female,Ahmedabad,2024-08-30,24
C24715,28,Male,Chennai,2024-10-12,22
C24716,18,Male,Kolkata,2025-07-21,13
C24717,32,Male,Kolkata,2024-11-24,21
C24718,32,Female,Chennai,2023-10-19,34
C24719,32,Female,Delhi,2025-09-16,11
C24720,40,Female,Gurgaon,2026-07-30,0
C24721,43,Female,Bangalore,2026-01-26,6
C24722,44,Female,Noida,2025-10-27,9
C24723,39,Male,Ahmedabad,2025-02-15,18
C24724,18,Male,Kolkata,2026-04-21,4
C24725,31,Male,Noida,2026-07-02,1
C24726,58,Female,Pune,2023-10-13,34
C24727,38,Female,Pune,2025-05-31,14
C24728,38,Male,Ahmedabad,2023-09-19,35
C24729,38,Male,Pune,2024-07-22,25
C24730,39,Male,Mumbai,2026-07-03,1
C24731,18,Male,Chennai,2024-02-15,30
C24732,32,Female,Kolkata,2024-05-17,27
C24733,34,Female,Pune,2024-10-06,22
C24734,47,Female,Kolkata,2024-01-22,31
C24735,35,Male,Hyderabad,2024-09-10,23
C24736,18,Female,Gurgaon,2024-10-22,22
C24737,39,Male,Chennai,2025-01-15,19
C24738,26,Male,Kolkata,2024-07-29,25
C24739,22,Female,Noida,2026-05-09,3
C24740,26,Male,Pune,2023-09-28,35
C24741,40,Male,Noida,2025-12-12,8
C24742,47,Male,Kolkata,2024-03-07,29
C24743,39,Female,Delhi,2023-11-27,33
C24744,41,Female,Kolkata,2024-03-17,29
C24745,39,Female,Kolkata,2023-10-04,35
C24746,36,Female,Chennai,2026-06-08,2
C24747,41,Male,Delhi,2023-10-20,34
C24748,18,Male,Hyderabad,2026-04-06,4
C24749,36,Male,Mumbai,2025-10-11,10
C24750,24,Female,Hyderabad,2024-07-09,25
C24751,46,Male,Mumbai,2024-10-14,22
C24752,33,Other,Mumbai,2024-03-04,30
C24753,35,Male,Chennai,2025-02-20,18
C24754,19,Female,Ahmedabad,2025-10-31,9
C24755,45,Female,Delhi,2025-11-03,9
C24756,41,Male,Pune,2025-07-15,13
C24757,40,Female,Delhi,2026-02-12,6
C24758,26,Male,Noida,2024-06-26,26
C24759,27,Male,Pune,2025-02-03,18
C24760,37,Male,Pune,2024-06-05,26
C24761,28,Female,Gurgaon,2025-05-27,15
C24762,39,Male,Bangalore,2026-05-28,2
C24763,18,Male,Kolkata,2026-05-23,3
C24764,30,Other,Chennai,2024-12-09,20
C24765,52,Male,Noida,2026-07-28,0
C24766,39,Male,Hyderabad,2025-11-22,9
C24767,36,Other,Delhi,2025-07-19,13
C24768,54,Male,Pune,2024-04-17,28
C24769,18,Male,Pune,2025-07-21,13
C24770,26,Female,Chennai,2024-04-18,28
C24771,30,Male,Ahmedabad,2025-10-15,10
C24772,43,Male,Delhi,2024-03-30,29
C24773,43,Male,Delhi,2025-03-17,17
C24774,26,Female,Hyderabad,2025-06-16,14
C24775,44,Male,Hyderabad,2026-08-20,0
C24776,30,Male,Noida,2026-04-08,4
C24777,47,Male,Bangalore,2025-09-21,11
C24778,24,Male,Pune,2026-06-06,2
C24779,33,Female,Pune,2025-02-24,18
C24780,30,Male,Delhi,2023-12-07,32
C24781,45,Female,Hyderabad,2026-04-08,4
C24782,29,Male,Gurgaon,2025-05-30,14
C24783,34,Male,Hyderabad,2024-01-05,32
C24784,40,Male,Kolkata,2025-09-16,11
C24785,40,Male,Kolkata,2023-11-15,33
C24786,43,Male,Bangalore,2025-12-31,7
C24787,37,Female,Noida,2026-03-11,5
C24788,30,Female,Gurgaon,2024-01-23,31
C24789,31,Male,Delhi,2024-09-19,23
C24790,35,Female,Noida,2024-07-20,25
C24791,37,Other,Pune,2024-01-04,32
C24792,33,Male,Kolkata,2025-03-11,17
C24793,35,Male,Chennai,2024-10-13,22
C24794,19,Female,Pune,2024-10-22,22
C24795,41,Male,Kolkata,2023-09-08,35
C24796,36,Female,Delhi,2025-10-07,10
C24797,45,Female,Gurgaon,2023-09-21,35
C24798,35,Male,Pune,2025-01-27,19
C24799,18,Female,Gurgaon,2025-04-06,16
C24800,31,Male,Hyderabad,2025-05-15,15
C24801,33,Male,Noida,2026-07-07,1
C24802,42,Male,Delhi,2024-03-16,29
C24803,18,Male,Ahmedabad,2023-12-06,33
C24804,35,Female,Mumbai,2025-02-10,18
C24805,40,Male,Delhi,2024-10-18,22
C24806,28,Female,Chennai,2023-10-14,34
C24807,35,Male,Mumbai,2024-12-14,20
C24808,28,Male,Noida,2023-11-04,34
C24809,27,Male,Kolkata,2024-05-15,27
C24810,30,Male,Ahmedabad,2026-05-08,3
C24811,27,Male,Delhi,2024-12-14,20
C24812,41,Female,Bangalore,2025-03-12,17
C24813,27,Male,Hyderabad,2026-01-15,7
C24814,25,Female,Bangalore,2025-10-22,10
C24815,52,Male,Noida,2025-05-21,15
C24816,44,Female,Ahmedabad,2025-05-30,14
C24817,18,Female,Ahmedabad,2025-03-30,17
C24818,27,Male,Mumbai,2024-01-14,31
C24819,37,Female,Hyderabad,2025-10-12,10
C24820,38,Male,Mumbai,2026-02-01,6
C24821,20,Female,Bangalore,2023-10-21,34
C24822,46,Female,Ahmedabad,2024-08-08,24
C24823,43,Female,Noida,2024-04-28,28
C24824,39,Female,Noida,2024-05-25,27
C24825,48,Female,Mumbai,2024-04-15,28
C24826,39,Female,Kolkata,2024-10-12,22
C24827,39,Male,Bangalore,2024-12-17,20
C24828,50,Female,Mumbai,2026-03-08,5
C24829,46,Male,Ahmedabad,2025-04-12,16
C24830,26,Female,Kolkata,2025-09-23,11
C24831,41,Female,Bangalore,2023-12-10,32
C24832,28,Female,Kolkata,2026-04-08,4
C24833,40,Female,Hyderabad,2024-11-17,21
C24834,39,Female,Delhi,2026-04-27,3
C24835,21,Male,Mumbai,2024-03-12,29
C24836,33,Male,Mumbai,2024-05-12,27
C24837,37,Female,Chennai,2024-03-19,29
C24838,30,Male,Hyderabad,2025-10-10,10
C24839,38,Female,Mumbai,2024-04-25,28
C24840,43,Male,Delhi,2023-12-26,32
C24841,34,Male,Pune,2026-06-20,2
C24842,37,Female,Mumbai,2024-10-07,22
C24843,48,Male,Ahmedabad,2024-07-24,25
C24844,39,Male,Ahmedabad,2025-12-22,8
C24845,37,Male,Hyderabad,2024-11-29,21
C24846,25,Male,Mumbai,2025-04-26,16
C24847,41,Male,Noida,2023-11-29,33
C24848,38,Male,Pune,2023-11-18,33
C24849,47,Female,Chennai,2024-06-01,27
C24850,35,Female,Gurgaon,2025-06-09,14
C24851,18,Male,Mumbai,2024-05-13,27
C24852,18,Male,Bangalore,2024-03-24,29
C24853,42,Female,Pune,2025-04-27,16
C24854,29,Female,Delhi,2025-01-12,19
C24855,39,Male,Gurgaon,2025-04-10,16
C24856,36,Male,Gurgaon,2025-09-18,11
C24857,33,Male,Mumbai,2024-10-02,22
C24858,34,Male,Noida,2025-09-29,10
C24859,26,Female,Hyderabad,2024-10-21,22
C24860,34,Female,Noida,2024-07-11,25
C24861,29,Female,Hyderabad,2026-03-05,5
C24862,31,Other,Mumbai,2026-01-27,6
C24863,31,Male,Delhi,2026-03-06,5
C24864,32,Female,Gurgaon,2026-03-06,5
C24865,44,Male,Delhi,2026-08-04,0
C24866,33,Male,Kolkata,2025-10-18,10
C24867,45,Female,Delhi,2024-03-27,29
C24868,50,Male,Pune,2023-11-17,33
C24869,43,Male,Noida,2026-02-13,6
C24870,40,Female,Delhi,2025-10-14,10
C24871,38,Male,Gurgaon,2026-05-08,3
C24872,43,Female,Kolkata,2026-08-17,0
C24873,35,Male,Kolkata,2023-12-30,32
C24874,44,Female,Delhi,2025-08-23,12
C24875,41,Male,Kolkata,2026-06-16,2
C24876,31,Female,Bangalore,2025-11-21,9
C24877,43,Male,Chennai,2025-01-02,19
C24878,35,Female,Ahmedabad,2024-07-31,25
C24879,33,Female,Delhi,2024-08-20,24
C24880,30,Male,Pune,2026-02-23,6
C24881,36,Male,Gurgaon,2026-05-31,2
C24882,44,Male,Gurgaon,2025-09-17,11
C24883,43,Female,Pune,2024-11-25,21
C24884,38,Female,Bangalore,2024-10-14,22
C24885,40,Male,Chennai,2026-01-29,6
C24886,47,Female,Mumbai,2026-06-03,2
C24887,33,Female,Delhi,2026-03-06,5
C24888,23,Male,Hyderabad,2026-06-02,2
C24889,48,Male,Delhi,2026-08-21,0
C24890,29,Female,Chennai,2025-07-24,13
C24891,28,Female,Kolkata,2025-09-07,11
C24892,18,Male,Mumbai,2024-06-12,26
C24893,40,Male,Gurgaon,2023-11-21,33
C24894,18,Male,Chennai,2026-01-13,7
C24895,27,Female,Hyderabad,2025-02-20,18
C24896,40,Female,Mumbai,2025-01-02,19
C24897,42,Male,Gurgaon,2023-09-09,35
C24898,28,Male,Bangalore,2026-03-28,4
C24899,33,Male,Noida,2025-01-16,19
C24900,26,Female,Hyderabad,2025-11-11,9
C24901,29,Male,Mumbai,2026-04-10,4
C24902,37,Female,Mumbai,2024-01-18,31
C24903,29,Female,Bangalore,2025-03-07,17
C24904,32,Female,Pune,2025-10-03,10
C24905,20,Female,Hyderabad,2023-10-02,35
C24906,46,Male,Pune,2026-02-06,6
C24907,40,Female,Delhi,2023-11-09,33
C24908,42,Female,Delhi,2025-05-20,15
C24909,47,Female,Chennai,2025-01-17,19
C24910,26,Male,Ahmedabad,2026-06-17,2
C24911,31,Male,Chennai,2024-06-07,26
C24912,18,Female,Ahmedabad,2024-09-27,23
C24913,66,Female,Hyderabad,2025-09-22,11
C24914,33,Female,Noida,2023-12-27,32
C24915,45,Female,Mumbai,2024-02-07,30
C24916,22,Female,Delhi,2024-08-17,24
C24917,44,Male,Hyderabad,2023-10-14,34
C24918,53,Female,Hyderabad,2024-12-02,20
C24919,34,Female,Noida,2024-12-28,20
C24920,24,Female,Ahmedabad,2024-05-22,27
C24921,33,Female,Delhi,2024-04-17,28
C24922,18,Male,Delhi,2025-04-27,16
C24923,34,Male,Ahmedabad,2024-11-26,21
C24924,43,Female,Hyderabad,2024-10-22,22
C24925,34,Male,Pune,2025-06-16,14
C24926,32,Female,Hyderabad,2025-04-16,16
C24927,40,Female,Hyderabad,2024-01-20,31
C24928,41,Male,Gurgaon,2025-10-21,10
C24929,18,Female,Ahmedabad,2025-10-08,10
C24930,35,Male,Kolkata,2026-06-07,2
C24931,59,Female,Pune,2026-03-12,5
C24932,21,Male,Hyderabad,2026-04-23,4
C24933,34,Female,Mumbai,2025-12-23,8
C24934,54,Female,Delhi,2025-10-23,10
C24935,46,Male,Kolkata,2026-01-13,7
C24936,29,Female,Hyderabad,2024-02-14,30
C24937,37,Female,Noida,2025-12-06,8
C24938,34,Female,Pune,2025-10-20,10
C24939,27,Female,Kolkata,2026-03-24,5
C24940,34,Male,Chennai,2025-01-20,19
C24941,32,Female,Ahmedabad,2024-10-09,22
C24942,36,Male,Delhi,2024-11-04,21
C24943,27,Other,Chennai,2025-04-19,16
C24944,22,Male,Gurgaon,2023-12-09,32
C24945,34,Male,Hyderabad,2024-03-13,29
C24946,52,Male,Noida,2024-05-04,28
C24947,35,Male,Noida,2025-12-13,8
C24948,31,Female,Noida,2024-12-10,20
C24949,42,Male,Pune,2025-06-18,14
C24950,33,Female,Gurgaon,2023-12-26,32
C24951,53,Male,Hyderabad,2026-06-13,2
C24952,34,Female,Ahmedabad,2024-08-06,24
C24953,42,Female,Pune,2025-10-05,10
C24954,27,Male,Ahmedabad,2024-06-12,26
C24955,40,Male,Pune,2025-07-25,13
C24956,37,Male,Kolkata,2024-09-14,23
C24957,34,Male,Ahmedabad,2026-04-08,4
C24958,29,Male,Pune,2026-05-13,3
C24959,28,Male,Delhi,2026-06-18,2
C24960,37,Male,Pune,2025-03-23,17
C24961,41,Female,Pune,2024-06-15,26
C24962,33,Male,Pune,2025-08-04,12
C24963,37,Female,Bangalore,2023-11-06,34
C24964,34,Other,Noida,2024-01-15,31
C24965,35,Male,Pune,2024-05-29,27
C24966,32,Male,Mumbai,2024-10-28,22
C24967,35,Male,Pune,2024-02-13,30
C24968,61,Male,Noida,2025-11-22,9
C24969,38,Female,Kolkata,2024-10-21,22
C24970,41,Male,Hyderabad,2024-04-09,28
C24971,39,Male,Noida,2024-11-15,21
C24972,32,Male,Chennai,2025-08-10,12
C24973,47,Female,Mumbai,2026-08-06,0
C24974,32,Female,Delhi,2025-09-19,11
C24975,45,Female,Bangalore,2025-03-26,17
C24976,31,Female,Gurgaon,2024-04-22,28
C24977,25,Male,Noida,2026-02-12,6
C24978,38,Male,Pune,2023-11-28,33
C24979,23,Male,Mumbai,2024-10-05,22
C24980,40,Female,Ahmedabad,2025-10-22,10
C24981,23,Male,Pune,2026-05-27,2
C24982,31,Male,Mumbai,2025-11-07,9
C24983,20,Male,Noida,2025-04-17,16
C24984,63,Male,Hyderabad,2023-10-06,35
C24985,18,Female,Pune,2023-11-11,33
C24986,35,Female,Mumbai,2025-01-29,19
C24987,46,Male,Chennai,2025-07-03,13
C24988,45,Male,Chennai,2025-08-17,12
C24989,43,Male,Mumbai,2024-04-18,28
C24990,31,Female,Ahmedabad,2026-06-04,2
C24991,48,Female,Hyderabad,2026-08-03,0
C24992,44,Male,Ahmedabad,2024-08-13,24
C24993,37,Male,Ahmedabad,2024-09-18,23
C24994,37,Male,Bangalore,2024-07-19,25
C24995,31,Male,Kolkata,2024-09-30,23
C24996,25,Female,Pune,2026-08-16,0
C24997,47,Male,Kolkata,2026-01-19,7
C24998,48,Female,Chennai,2023-12-07,32
C24999,26,Male,Kolkata,2023-10-30,34
C25000,33,Female,Delhi,2025-07-04,13
