customer_id,tenure_months,login_frequency,monthly_charges,R_score,F_score,M_score,RFM_score,customer_segment
C10002,24,6,378.74,4,1,1,6,At Risk
C10004,3,21,1304.09,1,4,5,10,Loyal
C10005,34,10,1425.37,5,2,5,12,Loyal
C10007,15,30,693.01,2,5,3,10,Loyal
C10008,19,25,328.82,3,5,1,9,Potential Loyal
C10009,33,6,1260.08,5,1,5,11,Loyal
C10012,29,15,648.45,4,3,3,10,Loyal
C10013,4,15,326.6,1,3,1,5,At Risk
C10015,13,22,407.22,2,4,2,8,Potential Loyal
C10016,11,20,1018.8,2,4,5,11,Loyal
C10018,30,11,893.55,5,2,4,11,Loyal
C10019,25,18,308.73,4,3,1,8,Potential Loyal
C10021,32,0,829.78,5,1,4,10,Loyal
C10024,27,27,816.67,4,5,4,13,High Value
C10025,28,21,864.25,4,4,4,12,Loyal
C10026,14,9,422.23,2,1,2,5,At Risk
C10027,4,21,1378.85,1,4,5,10,Loyal
C10028,29,14,334.74,4,2,1,7,Potential Loyal
C10030,20,16,1170.26,3,3,5,11,Loyal
C10032,7,26,393.02,1,5,2,8,Potential Loyal
C10034,18,11,468.38,3,2,2,7,Potential Loyal
C10036,25,8,306.54,4,1,1,6,At Risk
C10037,15,13,492.47,2,2,3,7,Potential Loyal
C10038,28,24,752.68,4,5,4,13,High Value
C10039,5,19,315.25,1,4,1,6,At Risk
C10040,27,23,454.19,4,5,2,11,Loyal
C10041,28,6,621.11,4,1,3,8,Potential Loyal
C10043,31,22,371.46,5,4,1,10,Loyal
C10044,14,2,347.37,2,1,1,4,Low Engagement
C10045,6,14,688.86,1,2,3,6,At Risk
C10048,25,14,1238.89,4,2,5,11,Loyal
C10049,24,19,1183.23,4,4,5,13,High Value
C10053,2,22,443.95,1,4,2,7,Potential Loyal
C10054,29,28,386.09,4,5,1,10,Loyal
C10055,12,16,413.65,2,3,2,7,Potential Loyal
C10056,18,0,1180.64,3,1,5,9,Potential Loyal
C10058,10,20,445.88,2,4,2,8,Potential Loyal
C10060,24,19,341.82,4,4,1,9,Potential Loyal
C10061,32,18,1088.04,5,3,5,13,High Value
C10063,34,12,333.29,5,2,1,8,Potential Loyal
C10064,34,19,863.58,5,4,4,13,High Value
C10065,21,20,1458.49,3,4,5,12,Loyal
C10066,12,14,655.45,2,2,3,7,Potential Loyal
C10067,36,0,713.11,5,1,3,9,Potential Loyal
C10068,0,10,802.97,1,2,4,7,Potential Loyal
C10069,5,9,305.56,1,1,1,3,Low Engagement
C10070,4,17,748.73,1,3,4,8,Potential Loyal
C10071,2,33,1055.11,1,5,5,11,Loyal
C10073,36,21,410.72,5,4,2,11,Loyal
C10074,30,20,877.25,5,4,4,13,High Value
C10075,8,7,854.84,2,1,4,7,Potential Loyal
C10076,31,23,849.4,5,5,4,14,High Value
C10078,12,12,436.99,2,2,2,6,At Risk
C10082,5,18,419.04,1,3,2,6,At Risk
C10083,10,24,1021.61,2,5,5,12,Loyal
C10085,23,1,371.52,4,1,1,6,At Risk
C10086,25,9,1470.12,4,1,5,10,Loyal
C10087,4,5,749.55,1,1,4,6,At Risk
C10088,4,20,1352.83,1,4,5,10,Loyal
C10089,23,27,327.94,4,5,1,10,Loyal
C10090,31,26,1374.13,5,5,5,15,High Value
C10091,3,8,690.51,1,1,3,5,At Risk
C10092,13,16,393.09,2,3,2,7,Potential Loyal
C10093,19,15,894.05,3,3,4,10,Loyal
C10094,22,6,855.86,3,1,4,8,Potential Loyal
C10095,6,20,812.29,1,4,4,9,Potential Loyal
C10096,19,17,686.4,3,3,3,9,Potential Loyal
C10097,10,23,378.86,2,5,1,8,Potential Loyal
C10098,17,11,765.17,3,2,4,9,Potential Loyal
C10099,31,1,1300.16,5,1,5,11,Loyal
C10100,13,0,1128.2,2,1,5,8,Potential Loyal
C10101,29,13,308.66,4,2,1,7,Potential Loyal
C10102,7,13,383.86,1,2,1,4,Low Engagement
C10103,35,13,1261.54,5,2,5,12,Loyal
C10104,21,27,446.75,3,5,2,10,Loyal
C10105,16,23,474.32,3,5,2,10,Loyal
C10107,19,14,352.6,3,2,1,6,At Risk
C10110,0,22,349.74,1,4,1,6,At Risk
C10111,27,12,495.73,4,2,3,9,Potential Loyal
C10112,31,8,672.13,5,1,3,9,Potential Loyal
C10113,3,9,481.75,1,1,3,5,At Risk
C10114,23,19,752.93,4,4,4,12,Loyal
C10118,13,6,1053.82,2,1,5,8,Potential Loyal
C10119,21,13,682.35,3,2,3,8,Potential Loyal
C10121,1,19,1379.45,1,4,5,10,Loyal
C10122,9,19,1059.46,2,4,5,11,Loyal
C10123,19,13,775.48,3,2,4,9,Potential Loyal
C10124,23,7,484.36,4,1,3,8,Potential Loyal
C10125,24,7,683.37,4,1,3,8,Potential Loyal
C10126,27,25,470.71,4,5,2,11,Loyal
C10128,3,13,307.83,1,2,1,4,Low Engagement
C10129,15,6,440.28,2,1,2,5,At Risk
C10130,35,16,392.19,5,3,2,10,Loyal
C10131,4,28,465.88,1,5,2,8,Potential Loyal
C10132,14,11,422.26,2,2,2,6,At Risk
C10134,8,24,824.22,2,5,4,11,Loyal
C10135,9,19,809.95,2,4,4,10,Loyal
C10138,25,26,1302.0,4,5,5,14,High Value
C10139,1,6,429.58,1,1,2,4,Low Engagement
C10140,30,24,346.99,5,5,1,11,Loyal
C10141,13,12,1415.81,2,2,5,9,Potential Loyal
C10142,24,29,396.83,4,5,2,11,Loyal
C10143,35,22,494.94,5,4,3,12,Loyal
C10145,8,8,448.46,2,1,2,5,At Risk
C10146,31,6,1022.68,5,1,5,11,Loyal
C10147,21,14,618.34,3,2,3,8,Potential Loyal
C10149,20,17,360.92,3,3,1,7,Potential Loyal
C10150,17,12,318.23,3,2,1,6,At Risk
C10151,16,22,380.16,3,4,1,8,Potential Loyal
C10153,13,30,449.18,2,5,2,9,Potential Loyal
C10155,20,10,623.85,3,2,3,8,Potential Loyal
C10156,2,16,496.94,1,3,3,7,Potential Loyal
C10157,16,13,1448.14,3,2,5,10,Loyal
C10158,3,22,887.34,1,4,4,9,Potential Loyal
C10159,23,14,441.94,4,2,2,8,Potential Loyal
C10160,29,23,714.3,4,5,3,12,Loyal
C10161,29,1,430.54,4,1,2,7,Potential Loyal
C10162,3,17,483.69,1,3,3,7,Potential Loyal
C10163,18,5,338.88,3,1,1,5,At Risk
C10164,13,17,359.78,2,3,1,6,At Risk
C10165,2,24,488.18,1,5,3,9,Potential Loyal
C10166,31,22,1288.53,5,4,5,14,High Value
C10167,4,16,732.56,1,3,4,8,Potential Loyal
C10168,0,15,706.4,1,3,3,7,Potential Loyal
C10169,28,15,307.13,4,3,1,8,Potential Loyal
C10170,30,27,831.65,5,5,4,14,High Value
C10172,9,19,473.62,2,4,2,8,Potential Loyal
C10173,33,8,441.62,5,1,2,8,Potential Loyal
C10174,4,24,684.18,1,5,3,9,Potential Loyal
C10175,2,19,622.18,1,4,3,8,Potential Loyal
C10176,18,17,880.37,3,3,4,10,Loyal
C10177,8,23,1049.23,2,5,5,12,Loyal
C10179,30,10,690.86,5,2,3,10,Loyal
C10180,23,22,498.06,4,4,3,11,Loyal
C10181,35,23,1106.88,5,5,5,15,High Value
C10182,4,23,731.68,1,5,4,10,Loyal
C10183,10,22,1350.68,2,4,5,11,Loyal
C10184,32,23,616.32,5,5,3,13,High Value
C10185,28,1,1130.27,4,1,5,10,Loyal
C10186,7,13,345.38,1,2,1,4,Low Engagement
C10187,18,24,381.85,3,5,1,9,Potential Loyal
C10189,16,13,349.21,3,2,1,6,At Risk
C10195,13,6,450.92,2,1,2,5,At Risk
C10197,11,25,472.03,2,5,2,9,Potential Loyal
C10198,13,14,605.28,2,2,3,7,Potential Loyal
C10200,9,27,1164.58,2,5,5,12,Loyal
C10202,12,24,459.95,2,5,2,9,Potential Loyal
C10203,35,8,688.27,5,1,3,9,Potential Loyal
C10204,34,21,417.67,5,4,2,11,Loyal
C10206,7,24,746.29,1,5,4,10,Loyal
C10207,36,18,490.84,5,3,3,11,Loyal
C10209,22,16,313.62,3,3,1,7,Potential Loyal
C10210,34,11,434.22,5,2,2,9,Potential Loyal
C10211,8,24,362.59,2,5,1,8,Potential Loyal
C10213,8,26,368.2,2,5,1,8,Potential Loyal
C10214,7,17,422.38,1,3,2,6,At Risk
C10215,7,2,383.08,1,1,1,3,Low Engagement
C10216,2,21,330.59,1,4,1,6,At Risk
C10217,30,20,1135.92,5,4,5,14,High Value
C10218,6,6,845.41,1,1,4,6,At Risk
C10220,27,16,346.67,4,3,1,8,Potential Loyal
C10221,9,22,654.93,2,4,3,9,Potential Loyal
C10222,4,5,809.42,1,1,4,6,At Risk
C10223,7,5,896.36,1,1,4,6,At Risk
C10226,4,12,873.93,1,2,4,7,Potential Loyal
C10228,20,22,847.19,3,4,4,11,Loyal
C10229,19,24,409.2,3,5,2,10,Loyal
C10231,11,29,478.15,2,5,3,10,Loyal
C10233,25,18,358.66,4,3,1,8,Potential Loyal
C10235,22,0,1347.25,3,1,5,9,Potential Loyal
C10237,16,14,417.98,3,2,2,7,Potential Loyal
C10238,20,14,1469.1,3,2,5,10,Loyal
C10239,26,9,490.29,4,1,3,8,Potential Loyal
C10240,16,3,307.46,3,1,1,5,At Risk
C10241,32,9,673.48,5,1,3,9,Potential Loyal
C10242,16,9,460.28,3,1,2,6,At Risk
C10243,13,20,1367.37,2,4,5,11,Loyal
C10244,27,21,411.65,4,4,2,10,Loyal
C10245,10,25,726.71,2,5,3,10,Loyal
C10247,33,20,697.54,5,4,3,12,Loyal
C10249,33,10,1050.94,5,2,5,12,Loyal
C10250,13,4,616.97,2,1,3,6,At Risk
C10251,18,14,365.7,3,2,1,6,At Risk
C10252,1,27,471.52,1,5,2,8,Potential Loyal
C10253,13,18,459.43,2,3,2,7,Potential Loyal
C10254,22,23,459.61,3,5,2,10,Loyal
C10255,2,24,1095.8,1,5,5,11,Loyal
C10256,15,12,1489.07,2,2,5,9,Potential Loyal
C10258,35,16,1034.91,5,3,5,13,High Value
C10259,18,13,1425.49,3,2,5,10,Loyal
C10260,2,28,791.35,1,5,4,10,Loyal
C10261,25,20,432.07,4,4,2,10,Loyal
C10262,8,14,804.17,2,2,4,8,Potential Loyal
C10263,17,31,375.2,3,5,1,9,Potential Loyal
C10264,25,6,1008.9,4,1,5,10,Loyal
C10265,31,15,357.36,5,3,1,9,Potential Loyal
C10266,18,5,388.71,3,1,2,6,At Risk
C10267,3,14,675.68,1,2,3,6,At Risk
C10268,30,25,1001.37,5,5,4,14,High Value
C10269,20,18,616.0,3,3,3,9,Potential Loyal
C10272,1,15,351.26,1,3,1,5,At Risk
C10274,32,15,456.57,5,3,2,10,Loyal
C10275,3,25,881.9,1,5,4,10,Loyal
C10276,26,22,670.42,4,4,3,11,Loyal
C10277,3,18,816.7,1,3,4,8,Potential Loyal
C10278,24,11,690.23,4,2,3,9,Potential Loyal
C10279,3,20,325.58,1,4,1,6,At Risk
C10280,15,17,775.0,2,3,4,9,Potential Loyal
C10283,8,13,1439.44,2,2,5,9,Potential Loyal
C10284,33,29,334.74,5,5,1,11,Loyal
C10285,26,16,319.24,4,3,1,8,Potential Loyal
C10288,28,21,440.63,4,4,2,10,Loyal
C10289,29,18,776.86,4,3,4,11,Loyal
C10290,18,5,832.41,3,1,4,8,Potential Loyal
C10291,25,6,780.53,4,1,4,9,Potential Loyal
C10292,14,13,613.89,2,2,3,7,Potential Loyal
C10293,19,5,401.66,3,1,2,6,At Risk
C10294,27,12,890.2,4,2,4,10,Loyal
C10295,9,22,1226.59,2,4,5,11,Loyal
C10296,11,23,1034.41,2,5,5,12,Loyal
C10298,33,15,767.2,5,3,4,12,Loyal
C10299,20,12,1283.17,3,2,5,10,Loyal
C10301,28,22,628.84,4,4,3,11,Loyal
C10302,35,25,1081.31,5,5,5,15,High Value
C10303,3,17,1004.98,1,3,4,8,Potential Loyal
C10304,3,25,472.04,1,5,2,8,Potential Loyal
C10305,36,16,893.18,5,3,4,12,Loyal
C10306,7,18,403.3,1,3,2,6,At Risk
C10307,0,17,385.56,1,3,1,5,At Risk
C10309,19,21,1345.91,3,4,5,12,Loyal
C10310,31,8,353.41,5,1,1,7,Potential Loyal
C10313,9,17,1097.97,2,3,5,10,Loyal
C10314,24,8,351.02,4,1,1,6,At Risk
C10316,16,21,300.16,3,4,1,8,Potential Loyal
C10318,30,10,847.34,5,2,4,11,Loyal
C10319,4,10,1460.48,1,2,5,8,Potential Loyal
C10321,6,12,360.46,1,2,1,4,Low Engagement
C10323,6,5,484.6,1,1,3,5,At Risk
C10325,31,2,1279.11,5,1,5,11,Loyal
C10328,26,12,457.04,4,2,2,8,Potential Loyal
C10331,15,18,459.37,2,3,2,7,Potential Loyal
C10332,34,15,1385.17,5,3,5,13,High Value
C10333,28,22,614.17,4,4,3,11,Loyal
C10334,28,25,425.1,4,5,2,11,Loyal
C10335,11,24,393.54,2,5,2,9,Potential Loyal
C10339,0,24,422.23,1,5,2,8,Potential Loyal
C10340,11,5,317.03,2,1,1,4,Low Engagement
C10341,17,9,692.12,3,1,3,7,Potential Loyal
C10342,10,2,449.6,2,1,2,5,At Risk
C10343,36,17,364.57,5,3,1,9,Potential Loyal
C10344,8,18,831.05,2,3,4,9,Potential Loyal
C10345,19,15,369.86,3,3,1,7,Potential Loyal
C10349,13,14,331.35,2,2,1,5,At Risk
C10351,3,15,413.81,1,3,2,6,At Risk
C10352,12,17,326.66,2,3,1,6,At Risk
C10353,32,18,385.22,5,3,1,9,Potential Loyal
C10355,10,7,344.3,2,1,1,4,Low Engagement
C10356,32,27,896.04,5,5,4,14,High Value
C10358,20,11,1003.64,3,2,4,9,Potential Loyal
C10359,12,25,805.79,2,5,4,11,Loyal
C10360,9,10,799.37,2,2,4,8,Potential Loyal
C10361,12,28,301.51,2,5,1,8,Potential Loyal
C10362,10,26,649.63,2,5,3,10,Loyal
C10363,34,3,1060.94,5,1,5,11,Loyal
C10364,29,23,1360.67,4,5,5,14,High Value
C10365,32,22,387.02,5,4,1,10,Loyal
C10367,11,14,380.33,2,2,1,5,At Risk
C10372,0,2,339.39,1,1,1,3,Low Engagement
C10373,0,22,372.99,1,4,1,6,At Risk
C10375,2,12,322.46,1,2,1,4,Low Engagement
C10376,10,15,1048.42,2,3,5,10,Loyal
C10377,18,29,479.62,3,5,3,11,Loyal
C10378,15,10,749.82,2,2,4,8,Potential Loyal
C10379,10,21,397.55,2,4,2,8,Potential Loyal
C10380,27,5,462.03,4,1,2,7,Potential Loyal
C10381,16,12,357.16,3,2,1,6,At Risk
C10382,13,16,670.53,2,3,3,8,Potential Loyal
C10383,21,17,420.08,3,3,2,8,Potential Loyal
C10384,10,7,306.59,2,1,1,4,Low Engagement
C10385,22,1,642.16,3,1,3,7,Potential Loyal
C10386,23,24,825.55,4,5,4,13,High Value
C10387,26,9,1362.71,4,1,5,10,Loyal
C10388,21,24,892.9,3,5,4,12,Loyal
C10389,15,11,1184.87,2,2,5,9,Potential Loyal
C10391,20,21,609.41,3,4,3,10,Loyal
C10395,10,8,363.34,2,1,1,4,Low Engagement
C10396,9,27,350.45,2,5,1,8,Potential Loyal
C10398,25,12,665.39,4,2,3,9,Potential Loyal
C10399,7,12,329.14,1,2,1,4,Low Engagement
C10400,36,1,870.46,5,1,4,10,Loyal
C10401,29,21,433.76,4,4,2,10,Loyal
C10402,12,9,632.01,2,1,3,6,At Risk
C10403,17,16,1436.19,3,3,5,11,Loyal
C10404,14,0,304.41,2,1,1,4,Low Engagement
C10405,30,12,709.98,5,2,3,10,Loyal
C10406,33,11,320.51,5,2,1,8,Potential Loyal
C10407,14,6,1263.0,2,1,5,8,Potential Loyal
C10410,5,17,416.43,1,3,2,6,At Risk
C10412,27,3,864.04,4,1,4,9,Potential Loyal
C10414,20,10,458.38,3,2,2,7,Potential Loyal
C10415,12,22,459.15,2,4,2,8,Potential Loyal
C10416,8,27,650.57,2,5,3,10,Loyal
C10417,34,19,728.2,5,4,3,12,Loyal
C10418,27,13,1216.3,4,2,5,11,Loyal
C10419,4,22,801.86,1,4,4,9,Potential Loyal
C10421,5,0,897.55,1,1,4,6,At Risk
C10423,14,14,453.7,2,2,2,6,At Risk
C10424,21,17,431.79,3,3,2,8,Potential Loyal
C10425,0,20,869.87,1,4,4,9,Potential Loyal
C10427,3,12,1122.43,1,2,5,8,Potential Loyal
C10428,26,15,469.79,4,3,2,9,Potential Loyal
C10429,24,11,411.15,4,2,2,8,Potential Loyal
C10430,34,30,666.03,5,5,3,13,High Value
C10432,36,28,498.53,5,5,3,13,High Value
C10433,33,12,1285.54,5,2,5,12,Loyal
C10434,10,15,1017.68,2,3,5,10,Loyal
C10435,15,20,1368.45,2,4,5,11,Loyal
C10436,24,6,378.26,4,1,1,6,At Risk
C10437,11,14,1472.91,2,2,5,9,Potential Loyal
C10439,33,4,1149.57,5,1,5,11,Loyal
C10440,31,20,1228.8,5,4,5,14,High Value
C10441,16,11,397.47,3,2,2,7,Potential Loyal
C10442,21,15,498.6,3,3,3,9,Potential Loyal
C10443,30,9,416.55,5,1,2,8,Potential Loyal
C10444,21,4,874.17,3,1,4,8,Potential Loyal
C10445,4,31,305.17,1,5,1,7,Potential Loyal
C10446,28,23,331.49,4,5,1,10,Loyal
C10447,29,22,757.32,4,4,4,12,Loyal
C10448,24,14,411.11,4,2,2,8,Potential Loyal
C10449,2,17,316.83,1,3,1,5,At Risk
C10450,23,28,1172.92,4,5,5,14,High Value
C10451,33,11,382.84,5,2,1,8,Potential Loyal
C10452,2,21,404.01,1,4,2,7,Potential Loyal
C10453,4,24,1400.44,1,5,5,11,Loyal
C10454,25,20,418.84,4,4,2,10,Loyal
C10455,23,18,459.14,4,3,2,9,Potential Loyal
C10456,22,23,1384.85,3,5,5,13,High Value
C10457,4,12,718.32,1,2,3,6,At Risk
C10458,4,14,756.48,1,2,4,7,Potential Loyal
C10459,5,9,315.41,1,1,1,3,Low Engagement
C10460,32,11,458.14,5,2,2,9,Potential Loyal
C10462,20,0,349.5,3,1,1,5,At Risk
C10463,15,19,363.17,2,4,1,7,Potential Loyal
C10464,18,11,877.49,3,2,4,9,Potential Loyal
C10465,14,24,841.4,2,5,4,11,Loyal
C10466,11,16,842.96,2,3,4,9,Potential Loyal
C10468,9,8,806.03,2,1,4,7,Potential Loyal
C10469,35,18,382.23,5,3,1,9,Potential Loyal
C10471,19,11,419.52,3,2,2,7,Potential Loyal
C10474,9,20,664.16,2,4,3,9,Potential Loyal
C10475,24,21,827.65,4,4,4,12,Loyal
C10476,1,11,667.71,1,2,3,6,At Risk
C10477,12,27,1181.1,2,5,5,12,Loyal
C10479,21,29,643.18,3,5,3,11,Loyal
C10480,19,24,853.53,3,5,4,12,Loyal
C10481,25,8,398.97,4,1,2,7,Potential Loyal
C10482,23,13,498.8,4,2,3,9,Potential Loyal
C10483,9,2,437.6,2,1,2,5,At Risk
C10484,28,5,719.28,4,1,3,8,Potential Loyal
C10486,35,24,462.64,5,5,2,12,Loyal
C10487,15,18,1092.39,2,3,5,10,Loyal
C10490,1,16,658.52,1,3,3,7,Potential Loyal
C10492,25,17,482.62,4,3,3,10,Loyal
C10493,13,13,327.31,2,2,1,5,At Risk
C10494,16,18,866.94,3,3,4,10,Loyal
C10495,22,14,1317.16,3,2,5,10,Loyal
C10496,11,4,390.67,2,1,2,5,At Risk
C10497,5,23,600.92,1,5,3,9,Potential Loyal
C10499,5,16,450.92,1,3,2,6,At Risk
C10500,21,8,388.72,3,1,2,6,At Risk
C10501,18,11,1391.05,3,2,5,10,Loyal
C10502,10,26,417.56,2,5,2,9,Potential Loyal
C10503,23,3,631.6,4,1,3,8,Potential Loyal
C10507,2,0,656.73,1,1,3,5,At Risk
C10508,36,6,1068.07,5,1,5,11,Loyal
C10511,27,22,357.12,4,4,1,9,Potential Loyal
C10513,31,12,809.18,5,2,4,11,Loyal
C10516,27,15,457.69,4,3,2,9,Potential Loyal
C10517,26,16,659.88,4,3,3,10,Loyal
C10518,26,14,463.75,4,2,2,8,Potential Loyal
C10520,28,19,466.12,4,4,2,10,Loyal
C10521,4,16,786.15,1,3,4,8,Potential Loyal
C10522,7,19,658.45,1,4,3,8,Potential Loyal
C10523,17,8,624.34,3,1,3,7,Potential Loyal
C10524,20,18,403.15,3,3,2,8,Potential Loyal
C10526,5,9,700.85,1,1,3,5,At Risk
C10529,10,15,896.48,2,3,4,9,Potential Loyal
C10530,1,16,885.89,1,3,4,8,Potential Loyal
C10531,15,14,1308.85,2,2,5,9,Potential Loyal
C10532,33,0,439.57,5,1,2,8,Potential Loyal
C10534,7,8,313.33,1,1,1,3,Low Engagement
C10535,5,15,382.76,1,3,1,5,At Risk
C10536,35,18,776.18,5,3,4,12,Loyal
C10537,11,18,347.46,2,3,1,6,At Risk
C10538,35,23,863.61,5,5,4,14,High Value
C10539,19,20,385.3,3,4,1,8,Potential Loyal
C10541,26,30,337.5,4,5,1,10,Loyal
C10542,31,10,704.42,5,2,3,10,Loyal
C10543,5,17,1193.87,1,3,5,9,Potential Loyal
C10544,10,34,1222.17,2,5,5,12,Loyal
C10545,19,21,351.61,3,4,1,8,Potential Loyal
C10546,22,14,342.36,3,2,1,6,At Risk
C10547,10,10,384.91,2,2,1,5,At Risk
C10548,5,11,429.19,1,2,2,5,At Risk
C10549,13,11,708.93,2,2,3,7,Potential Loyal
C10550,19,22,658.11,3,4,3,10,Loyal
C10551,2,17,1477.33,1,3,5,9,Potential Loyal
C10552,12,30,875.95,2,5,4,11,Loyal
C10553,23,14,415.19,4,2,2,8,Potential Loyal
C10554,3,10,715.72,1,2,3,6,At Risk
C10555,27,7,1498.43,4,1,5,10,Loyal
C10556,2,12,358.13,1,2,1,4,Low Engagement
C10558,28,10,720.23,4,2,3,9,Potential Loyal
C10559,36,28,894.45,5,5,4,14,High Value
C10561,13,23,325.94,2,5,1,8,Potential Loyal
C10563,13,13,350.99,2,2,1,5,At Risk
C10564,33,17,1276.73,5,3,5,13,High Value
C10566,26,24,756.45,4,5,4,13,High Value
C10568,28,18,401.95,4,3,2,9,Potential Loyal
C10569,12,7,743.39,2,1,4,7,Potential Loyal
C10570,25,20,604.41,4,4,3,11,Loyal
C10571,35,3,417.8,5,1,2,8,Potential Loyal
C10572,22,8,1180.97,3,1,5,9,Potential Loyal
C10573,34,7,461.04,5,1,2,8,Potential Loyal
C10576,35,12,329.57,5,2,1,8,Potential Loyal
C10577,1,24,602.97,1,5,3,9,Potential Loyal
C10578,27,19,760.83,4,4,4,12,Loyal
C10580,31,5,335.5,5,1,1,7,Potential Loyal
C10581,10,17,682.26,2,3,3,8,Potential Loyal
C10583,35,10,312.49,5,2,1,8,Potential Loyal
C10585,8,17,861.83,2,3,4,9,Potential Loyal
C10587,7,20,1258.53,1,4,5,10,Loyal
C10588,30,27,465.01,5,5,2,12,Loyal
C10589,12,30,358.93,2,5,1,8,Potential Loyal
C10591,15,12,404.23,2,2,2,6,At Risk
C10592,3,29,773.74,1,5,4,10,Loyal
C10594,0,3,1053.67,1,1,5,7,Potential Loyal
C10595,8,22,1253.96,2,4,5,11,Loyal
C10596,21,21,369.03,3,4,1,8,Potential Loyal
C10597,13,22,371.64,2,4,1,7,Potential Loyal
C10598,22,13,332.69,3,2,1,6,At Risk
C10599,16,13,309.9,3,2,1,6,At Risk
C10602,8,18,1371.36,2,3,5,10,Loyal
C10603,3,23,305.26,1,5,1,7,Potential Loyal
C10604,14,25,790.41,2,5,4,11,Loyal
C10605,17,5,673.96,3,1,3,7,Potential Loyal
C10606,33,16,455.75,5,3,2,10,Loyal
C10607,30,6,355.36,5,1,1,7,Potential Loyal
C10609,24,14,718.86,4,2,3,9,Potential Loyal
C10610,4,18,651.39,1,3,3,7,Potential Loyal
C10612,21,0,861.42,3,1,4,8,Potential Loyal
C10613,20,17,1271.4,3,3,5,11,Loyal
C10615,3,10,1497.22,1,2,5,8,Potential Loyal
C10616,30,21,790.23,5,4,4,13,High Value
C10618,18,21,650.91,3,4,3,10,Loyal
C10619,5,1,753.29,1,1,4,6,At Risk
C10620,0,9,470.26,1,1,2,4,Low Engagement
C10622,8,9,1376.16,2,1,5,8,Potential Loyal
C10626,27,13,433.27,4,2,2,8,Potential Loyal
C10627,19,11,1387.19,3,2,5,10,Loyal
C10628,3,15,1301.7,1,3,5,9,Potential Loyal
C10629,4,11,423.99,1,2,2,5,At Risk
C10630,8,29,610.97,2,5,3,10,Loyal
C10632,33,1,360.77,5,1,1,7,Potential Loyal
C10633,29,17,601.98,4,3,3,10,Loyal
C10634,18,10,1069.09,3,2,5,10,Loyal
C10635,7,0,310.79,1,1,1,3,Low Engagement
C10636,33,9,649.69,5,1,3,9,Potential Loyal
C10638,10,12,384.55,2,2,1,5,At Risk
C10641,16,31,601.53,3,5,3,11,Loyal
C10642,21,19,826.71,3,4,4,11,Loyal
C10643,10,5,350.33,2,1,1,4,Low Engagement
C10645,30,22,410.85,5,4,2,11,Loyal
C10646,29,12,754.96,4,2,4,10,Loyal
C10648,2,16,343.12,1,3,1,5,At Risk
C10649,15,13,1098.64,2,2,5,9,Potential Loyal
C10650,13,18,454.86,2,3,2,7,Potential Loyal
C10651,2,17,492.63,1,3,3,7,Potential Loyal
C10652,12,8,1249.34,2,1,5,8,Potential Loyal
C10653,30,17,804.07,5,3,4,12,Loyal
C10655,22,16,350.24,3,3,1,7,Potential Loyal
C10656,19,8,1385.03,3,1,5,9,Potential Loyal
C10657,7,13,720.01,1,2,3,6,At Risk
C10658,31,18,864.76,5,3,4,12,Loyal
C10659,19,26,475.34,3,5,2,10,Loyal
C10660,24,22,1221.23,4,4,5,13,High Value
C10661,18,19,489.76,3,4,3,10,Loyal
C10662,17,0,440.21,3,1,2,6,At Risk
C10663,28,22,455.97,4,4,2,10,Loyal
C10664,16,10,437.6,3,2,2,7,Potential Loyal
C10665,28,15,1112.46,4,3,5,12,Loyal
C10667,14,13,745.81,2,2,4,8,Potential Loyal
C10668,23,5,325.73,4,1,1,6,At Risk
C10669,1,16,800.14,1,3,4,8,Potential Loyal
C10670,35,17,858.46,5,3,4,12,Loyal
C10671,12,9,448.23,2,1,2,5,At Risk
C10672,21,17,838.33,3,3,4,10,Loyal
C10673,15,15,410.16,2,3,2,7,Potential Loyal
C10675,27,30,488.95,4,5,3,12,Loyal
C10677,34,13,1408.69,5,2,5,12,Loyal
C10678,33,14,800.21,5,2,4,11,Loyal
C10679,12,27,446.82,2,5,2,9,Potential Loyal
C10680,22,10,1188.6,3,2,5,10,Loyal
C10681,17,21,482.65,3,4,3,10,Loyal
C10682,16,19,785.59,3,4,4,11,Loyal
C10684,2,11,464.38,1,2,2,5,At Risk
C10685,1,11,382.84,1,2,1,4,Low Engagement
C10686,25,16,1432.43,4,3,5,12,Loyal
C10688,28,8,462.38,4,1,2,7,Potential Loyal
C10689,35,11,449.08,5,2,2,9,Potential Loyal
C10691,17,13,393.11,3,2,2,7,Potential Loyal
C10692,12,22,429.9,2,4,2,8,Potential Loyal
C10695,19,17,1349.9,3,3,5,11,Loyal
C10696,9,16,427.41,2,3,2,7,Potential Loyal
C10697,26,13,421.53,4,2,2,8,Potential Loyal
C10698,19,19,835.88,3,4,4,11,Loyal
C10699,4,8,669.96,1,1,3,5,At Risk
C10700,7,5,432.07,1,1,2,4,Low Engagement
C10701,19,11,336.17,3,2,1,6,At Risk
C10702,9,15,488.94,2,3,3,8,Potential Loyal
C10703,0,18,734.0,1,3,4,8,Potential Loyal
C10704,12,27,310.41,2,5,1,8,Potential Loyal
C10705,33,28,418.51,5,5,2,12,Loyal
C10706,5,17,898.62,1,3,4,8,Potential Loyal
C10707,16,29,710.06,3,5,3,11,Loyal
C10710,18,23,413.2,3,5,2,10,Loyal
C10712,33,23,808.92,5,5,4,14,High Value
C10713,4,19,495.13,1,4,3,8,Potential Loyal
C10714,15,17,379.87,2,3,1,6,At Risk
C10715,33,7,361.26,5,1,1,7,Potential Loyal
C10716,31,17,408.78,5,3,2,10,Loyal
C10717,28,4,740.47,4,1,4,9,Potential Loyal
C10718,10,16,1497.91,2,3,5,10,Loyal
C10719,13,28,382.23,2,5,1,8,Potential Loyal
C10720,18,9,459.62,3,1,2,6,At Risk
C10721,27,10,370.34,4,2,1,7,Potential Loyal
C10722,23,22,439.66,4,4,2,10,Loyal
C10724,28,21,1486.23,4,4,5,13,High Value
C10725,33,20,311.51,5,4,1,10,Loyal
C10727,16,20,307.36,3,4,1,8,Potential Loyal
C10728,25,10,873.68,4,2,4,10,Loyal
C10729,25,18,1343.52,4,3,5,12,Loyal
C10730,34,27,1393.26,5,5,5,15,High Value
C10731,31,10,709.17,5,2,3,10,Loyal
C10732,6,22,433.67,1,4,2,7,Potential Loyal
C10733,1,11,313.2,1,2,1,4,Low Engagement
C10735,29,26,470.92,4,5,2,11,Loyal
C10736,32,13,308.96,5,2,1,8,Potential Loyal
C10737,21,22,1447.03,3,4,5,12,Loyal
C10738,25,28,776.66,4,5,4,13,High Value
C10739,33,9,1304.4,5,1,5,11,Loyal
C10740,12,13,457.19,2,2,2,6,At Risk
C10741,21,10,414.28,3,2,2,7,Potential Loyal
C10742,9,6,1258.5,2,1,5,8,Potential Loyal
C10744,20,16,621.07,3,3,3,9,Potential Loyal
C10745,10,21,399.73,2,4,2,8,Potential Loyal
C10746,28,11,784.96,4,2,4,10,Loyal
C10747,32,11,1081.07,5,2,5,12,Loyal
C10748,17,27,1228.57,3,5,5,13,High Value
C10749,20,15,710.51,3,3,3,9,Potential Loyal
C10750,35,19,326.45,5,4,1,10,Loyal
C10751,8,17,750.72,2,3,4,9,Potential Loyal
C10753,32,12,1003.04,5,2,4,11,Loyal
C10754,4,6,1254.8,1,1,5,7,Potential Loyal
C10756,25,11,866.33,4,2,4,10,Loyal
C10757,22,7,455.25,3,1,2,6,At Risk
C10759,31,12,1070.24,5,2,5,12,Loyal
C10760,17,4,1482.27,3,1,5,9,Potential Loyal
C10761,18,24,876.91,3,5,4,12,Loyal
C10762,21,14,498.82,3,2,3,8,Potential Loyal
C10763,30,26,307.84,5,5,1,11,Loyal
C10764,25,14,734.58,4,2,4,10,Loyal
C10766,4,10,658.46,1,2,3,6,At Risk
C10767,35,14,757.04,5,2,4,11,Loyal
C10768,25,3,407.74,4,1,2,7,Potential Loyal
C10769,36,14,377.55,5,2,1,8,Potential Loyal
C10770,25,7,1268.91,4,1,5,10,Loyal
C10771,10,14,419.36,2,2,2,6,At Risk
C10774,25,15,1358.29,4,3,5,12,Loyal
C10777,26,30,1370.1,4,5,5,14,High Value
C10778,33,15,857.98,5,3,4,12,Loyal
C10780,33,14,365.51,5,2,1,8,Potential Loyal
C10781,34,17,494.3,5,3,3,11,Loyal
C10782,36,18,638.1,5,3,3,11,Loyal
C10783,27,13,702.51,4,2,3,9,Potential Loyal
C10784,5,27,802.75,1,5,4,10,Loyal
C10785,8,13,375.11,2,2,1,5,At Risk
C10788,6,25,811.85,1,5,4,10,Loyal
C10790,32,21,775.65,5,4,4,13,High Value
C10791,15,2,678.46,2,1,3,6,At Risk
C10792,22,5,390.85,3,1,2,6,At Risk
C10794,4,11,864.44,1,2,4,7,Potential Loyal
C10795,0,7,359.03,1,1,1,3,Low Engagement
C10796,15,23,465.66,2,5,2,9,Potential Loyal
C10797,3,16,775.07,1,3,4,8,Potential Loyal
C10798,16,24,1045.47,3,5,5,13,High Value
C10801,17,19,1207.75,3,4,5,12,Loyal
C10802,17,20,399.01,3,4,2,9,Potential Loyal
C10803,29,12,470.91,4,2,2,8,Potential Loyal
C10804,5,9,867.0,1,1,4,6,At Risk
C10807,9,14,812.64,2,2,4,8,Potential Loyal
C10808,36,9,405.63,5,1,2,8,Potential Loyal
C10809,3,14,1017.33,1,2,5,8,Potential Loyal
C10810,33,26,1401.6,5,5,5,15,High Value
C10811,10,24,342.46,2,5,1,8,Potential Loyal
C10812,4,19,383.95,1,4,1,6,At Risk
C10813,28,15,439.04,4,3,2,9,Potential Loyal
C10814,32,25,833.82,5,5,4,14,High Value
C10815,27,18,431.66,4,3,2,9,Potential Loyal
C10817,36,8,681.67,5,1,3,9,Potential Loyal
C10818,3,7,385.14,1,1,1,3,Low Engagement
C10819,14,3,719.75,2,1,3,6,At Risk
C10820,11,26,424.34,2,5,2,9,Potential Loyal
C10822,10,8,677.76,2,1,3,6,At Risk
C10823,20,32,694.93,3,5,3,11,Loyal
C10824,34,26,1049.56,5,5,5,15,High Value
C10825,13,22,736.81,2,4,4,10,Loyal
C10827,28,14,356.6,4,2,1,7,Potential Loyal
C10828,16,23,390.11,3,5,2,10,Loyal
C10829,11,16,349.59,2,3,1,6,At Risk
C10830,4,7,719.33,1,1,3,5,At Risk
C10831,28,16,887.69,4,3,4,11,Loyal
C10832,15,8,330.8,2,1,1,4,Low Engagement
C10833,33,10,1247.41,5,2,5,12,Loyal
C10834,10,23,756.28,2,5,4,11,Loyal
C10835,32,18,423.75,5,3,2,10,Loyal
C10836,31,8,1481.19,5,1,5,11,Loyal
C10837,25,8,897.76,4,1,4,9,Potential Loyal
C10838,21,13,1149.7,3,2,5,10,Loyal
C10841,19,20,492.33,3,4,3,10,Loyal
C10842,23,19,1110.42,4,4,5,13,High Value
C10843,18,28,443.92,3,5,2,10,Loyal
C10845,35,23,663.82,5,5,3,13,High Value
C10846,17,15,460.28,3,3,2,8,Potential Loyal
C10847,34,26,777.05,5,5,4,14,High Value
C10848,13,9,403.79,2,1,2,5,At Risk
C10849,36,16,325.01,5,3,1,9,Potential Loyal
C10850,33,17,396.87,5,3,2,10,Loyal
C10851,13,12,483.09,2,2,3,7,Potential Loyal
C10852,28,13,379.79,4,2,1,7,Potential Loyal
C10853,3,5,745.77,1,1,4,6,At Risk
C10854,28,12,1056.15,4,2,5,11,Loyal
C10855,4,24,605.27,1,5,3,9,Potential Loyal
C10856,30,9,1089.94,5,1,5,11,Loyal
C10857,5,23,1430.35,1,5,5,11,Loyal
C10858,0,22,649.77,1,4,3,8,Potential Loyal
C10860,30,26,632.66,5,5,3,13,High Value
C10861,22,15,609.71,3,3,3,9,Potential Loyal
C10862,27,25,395.69,4,5,2,11,Loyal
C10863,15,8,660.61,2,1,3,6,At Risk
C10864,19,20,351.24,3,4,1,8,Potential Loyal
C10866,19,25,1271.51,3,5,5,13,High Value
C10867,15,19,462.45,2,4,2,8,Potential Loyal
C10868,1,11,483.39,1,2,3,6,At Risk
C10869,23,2,611.0,4,1,3,8,Potential Loyal
C10870,13,13,355.69,2,2,1,5,At Risk
C10872,33,14,442.22,5,2,2,9,Potential Loyal
C10873,15,25,475.55,2,5,3,10,Loyal
C10874,35,18,443.5,5,3,2,10,Loyal
C10875,4,10,376.97,1,2,1,4,Low Engagement
C10876,19,23,696.61,3,5,3,11,Loyal
C10877,34,19,384.13,5,4,1,10,Loyal
C10878,24,22,359.83,4,4,1,9,Potential Loyal
C10879,32,12,813.86,5,2,4,11,Loyal
C10880,12,13,467.62,2,2,2,6,At Risk
C10881,10,9,1201.14,2,1,5,8,Potential Loyal
C10882,11,6,386.25,2,1,1,4,Low Engagement
C10883,8,11,380.85,2,2,1,5,At Risk
C10884,3,18,327.87,1,3,1,5,At Risk
C10887,34,28,460.58,5,5,2,12,Loyal
C10888,24,26,301.37,4,5,1,10,Loyal
C10889,22,2,1055.59,3,1,5,9,Potential Loyal
C10890,24,31,1099.99,4,5,5,14,High Value
C10891,8,14,311.83,2,2,1,5,At Risk
C10893,9,4,390.01,2,1,2,5,At Risk
C10894,24,18,800.36,4,3,4,11,Loyal
C10897,34,4,490.65,5,1,3,9,Potential Loyal
C10898,12,12,652.85,2,2,3,7,Potential Loyal
C10899,28,5,882.09,4,1,4,9,Potential Loyal
C10900,29,18,610.95,4,3,3,10,Loyal
C10901,0,27,404.0,1,5,2,8,Potential Loyal
C10904,1,12,331.56,1,2,1,4,Low Engagement
C10905,19,23,611.01,3,5,3,11,Loyal
C10906,24,26,441.64,4,5,2,11,Loyal
C10907,25,23,1190.51,4,5,5,14,High Value
C10908,35,16,416.2,5,3,2,10,Loyal
C10910,29,5,1189.85,4,1,5,10,Loyal
C10913,31,24,1193.79,5,5,5,15,High Value
C10914,30,22,428.55,5,4,2,11,Loyal
C10915,6,15,446.7,1,3,2,6,At Risk
C10916,6,15,315.94,1,3,1,5,At Risk
C10918,30,9,801.04,5,1,4,10,Loyal
C10919,24,29,787.13,4,5,4,13,High Value
C10920,2,23,433.39,1,5,2,8,Potential Loyal
C10922,22,18,392.18,3,3,2,8,Potential Loyal
C10924,30,5,412.33,5,1,2,8,Potential Loyal
C10925,26,12,407.94,4,2,2,8,Potential Loyal
C10926,18,2,1216.81,3,1,5,9,Potential Loyal
C10928,3,9,461.03,1,1,2,4,Low Engagement
C10929,2,10,404.33,1,2,2,5,At Risk
C10930,6,14,466.89,1,2,2,5,At Risk
C10932,27,10,351.41,4,2,1,7,Potential Loyal
C10933,27,0,404.52,4,1,2,7,Potential Loyal
C10934,4,5,438.2,1,1,2,4,Low Engagement
C10935,15,21,355.49,2,4,1,7,Potential Loyal
C10936,5,14,479.26,1,2,3,6,At Risk
C10937,8,16,379.38,2,3,1,6,At Risk
C10938,23,25,446.42,4,5,2,11,Loyal
C10939,16,13,1165.8,3,2,5,10,Loyal
C10941,6,7,448.97,1,1,2,4,Low Engagement
C10944,23,8,306.42,4,1,1,6,At Risk
C10945,28,22,665.11,4,4,3,11,Loyal
C10947,5,10,1451.37,1,2,5,8,Potential Loyal
C10948,16,18,391.43,3,3,2,8,Potential Loyal
C10950,34,19,763.42,5,4,4,13,High Value
C10951,1,18,319.0,1,3,1,5,At Risk
C10952,35,9,299.98,5,1,1,7,Potential Loyal
C10954,29,18,439.17,4,3,2,9,Potential Loyal
C10956,16,12,626.15,3,2,3,8,Potential Loyal
C10960,7,14,329.03,1,2,1,4,Low Engagement
C10961,15,11,444.92,2,2,2,6,At Risk
C10962,7,12,626.32,1,2,3,6,At Risk
C10963,27,0,341.58,4,1,1,6,At Risk
C10964,26,23,659.8,4,5,3,12,Loyal
C10966,24,23,311.73,4,5,1,10,Loyal
C10967,17,6,323.47,3,1,1,5,At Risk
C10968,16,8,688.02,3,1,3,7,Potential Loyal
C10969,9,15,851.08,2,3,4,9,Potential Loyal
C10971,6,18,413.96,1,3,2,6,At Risk
C10972,30,20,771.35,5,4,4,13,High Value
C10975,26,7,1330.31,4,1,5,10,Loyal
C10976,7,15,466.69,1,3,2,6,At Risk
C10977,17,14,1053.68,3,2,5,10,Loyal
C10979,26,11,620.03,4,2,3,9,Potential Loyal
C10980,5,15,451.79,1,3,2,6,At Risk
C10982,22,23,1044.84,3,5,5,13,High Value
C10983,23,15,1063.8,4,3,5,12,Loyal
C10984,30,20,345.43,5,4,1,10,Loyal
C10985,18,21,302.69,3,4,1,8,Potential Loyal
C10986,27,11,322.16,4,2,1,7,Potential Loyal
C10988,19,26,641.19,3,5,3,11,Loyal
C10989,23,0,1195.15,4,1,5,10,Loyal
C10993,29,19,492.77,4,4,3,11,Loyal
C10994,5,3,361.52,1,1,1,3,Low Engagement
C10995,29,12,1358.2,4,2,5,11,Loyal
C10997,16,29,398.05,3,5,2,10,Loyal
C10998,0,19,712.06,1,4,3,8,Potential Loyal
C11000,20,10,1380.59,3,2,5,10,Loyal
C11001,17,16,1041.14,3,3,5,11,Loyal
C11002,15,5,423.44,2,1,2,5,At Risk
C11003,23,17,345.39,4,3,1,8,Potential Loyal
C11004,13,15,665.71,2,3,3,8,Potential Loyal
C11006,7,15,400.82,1,3,2,6,At Risk
C11007,21,22,791.5,3,4,4,11,Loyal
C11008,22,6,369.43,3,1,1,5,At Risk
C11009,36,5,453.39,5,1,2,8,Potential Loyal
C11010,0,9,740.11,1,1,4,6,At Risk
C11012,28,18,445.67,4,3,2,9,Potential Loyal
C11013,15,14,646.49,2,2,3,7,Potential Loyal
C11014,22,23,768.21,3,5,4,12,Loyal
C11015,21,18,1251.18,3,3,5,11,Loyal
C11016,1,17,1174.54,1,3,5,9,Potential Loyal
C11017,20,7,400.46,3,1,2,6,At Risk
C11020,9,6,609.52,2,1,3,6,At Risk
C11021,8,12,381.57,2,2,1,5,At Risk
C11023,26,12,1279.9,4,2,5,11,Loyal
C11024,26,26,888.52,4,5,4,13,High Value
C11025,20,17,743.99,3,3,4,10,Loyal
C11026,20,10,825.94,3,2,4,9,Potential Loyal
C11027,10,14,710.99,2,2,3,7,Potential Loyal
C11029,0,6,694.23,1,1,3,5,At Risk
C11030,32,25,420.4,5,5,2,12,Loyal
C11032,5,10,668.02,1,2,3,6,At Risk
C11033,36,20,415.51,5,4,2,11,Loyal
C11034,4,19,372.92,1,4,1,6,At Risk
C11035,1,25,455.88,1,5,2,8,Potential Loyal
C11037,24,11,1134.45,4,2,5,11,Loyal
C11038,23,31,408.65,4,5,2,11,Loyal
C11039,17,14,312.75,3,2,1,6,At Risk
C11040,25,18,311.71,4,3,1,8,Potential Loyal
C11041,1,28,886.18,1,5,4,10,Loyal
C11042,12,11,757.38,2,2,4,8,Potential Loyal
C11043,10,14,407.27,2,2,2,6,At Risk
C11044,35,2,450.72,5,1,2,8,Potential Loyal
C11045,7,28,344.24,1,5,1,7,Potential Loyal
C11048,30,21,661.37,5,4,3,12,Loyal
C11049,13,25,1485.88,2,5,5,12,Loyal
C11052,17,20,1361.55,3,4,5,12,Loyal
C11053,22,7,354.82,3,1,1,5,At Risk
C11054,16,19,447.23,3,4,2,9,Potential Loyal
C11055,8,24,720.35,2,5,3,10,Loyal
C11057,16,18,805.03,3,3,4,10,Loyal
C11059,20,28,418.56,3,5,2,10,Loyal
C11060,17,23,808.59,3,5,4,12,Loyal
C11061,27,5,425.06,4,1,2,7,Potential Loyal
C11062,4,13,341.74,1,2,1,4,Low Engagement
C11063,3,14,653.4,1,2,3,6,At Risk
C11065,19,16,393.32,3,3,2,8,Potential Loyal
C11066,23,10,784.71,4,2,4,10,Loyal
C11067,27,19,664.04,4,4,3,11,Loyal
C11069,31,22,414.27,5,4,2,11,Loyal
C11070,11,15,422.06,2,3,2,7,Potential Loyal
C11072,23,14,345.35,4,2,1,7,Potential Loyal
C11074,18,8,340.09,3,1,1,5,At Risk
C11075,35,23,345.27,5,5,1,11,Loyal
C11076,30,19,886.18,5,4,4,13,High Value
C11077,34,16,432.61,5,3,2,10,Loyal
C11078,34,24,621.7,5,5,3,13,High Value
C11081,9,14,759.12,2,2,4,8,Potential Loyal
C11082,0,12,1272.31,1,2,5,8,Potential Loyal
C11083,6,21,406.4,1,4,2,7,Potential Loyal
C11084,14,18,1121.55,2,3,5,10,Loyal
C11086,19,6,727.75,3,1,3,7,Potential Loyal
C11087,34,5,1137.64,5,1,5,11,Loyal
C11088,36,20,429.83,5,4,2,11,Loyal
C11089,29,24,1470.89,4,5,5,14,High Value
C11091,23,16,488.37,4,3,3,10,Loyal
C11092,24,13,623.91,4,2,3,9,Potential Loyal
C11094,34,7,389.71,5,1,2,8,Potential Loyal
C11095,16,19,436.1,3,4,2,9,Potential Loyal
C11096,25,18,1387.33,4,3,5,12,Loyal
C11098,27,12,629.79,4,2,3,9,Potential Loyal
C11099,32,16,380.9,5,3,1,9,Potential Loyal
C11100,2,26,1210.92,1,5,5,11,Loyal
C11101,33,11,687.06,5,2,3,10,Loyal
C11102,17,17,1381.51,3,3,5,11,Loyal
C11103,12,15,682.8,2,3,3,8,Potential Loyal
C11104,22,14,429.45,3,2,2,7,Potential Loyal
C11105,36,21,490.18,5,4,3,12,Loyal
C11108,25,24,348.43,4,5,1,10,Loyal
C11109,5,23,1222.07,1,5,5,11,Loyal
C11110,5,21,317.31,1,4,1,6,At Risk
C11111,29,14,1199.88,4,2,5,11,Loyal
C11112,11,16,313.79,2,3,1,6,At Risk
C11114,17,12,1008.61,3,2,5,10,Loyal
C11115,27,4,392.62,4,1,2,7,Potential Loyal
C11117,6,13,714.46,1,2,3,6,At Risk
C11118,18,13,441.36,3,2,2,7,Potential Loyal
C11119,10,16,342.23,2,3,1,6,At Risk
C11120,7,18,1180.23,1,3,5,9,Potential Loyal
C11122,32,14,318.36,5,2,1,8,Potential Loyal
C11123,16,7,896.63,3,1,4,8,Potential Loyal
C11124,4,7,428.55,1,1,2,4,Low Engagement
C11125,13,8,759.65,2,1,4,7,Potential Loyal
C11126,33,22,348.75,5,4,1,10,Loyal
C11128,22,14,496.2,3,2,3,8,Potential Loyal
C11129,2,11,1342.73,1,2,5,8,Potential Loyal
C11130,24,13,733.25,4,2,4,10,Loyal
C11132,34,11,656.67,5,2,3,10,Loyal
C11133,35,23,360.1,5,5,1,11,Loyal
C11134,33,17,1243.28,5,3,5,13,High Value
C11135,22,8,754.5,3,1,4,8,Potential Loyal
C11138,36,11,1373.62,5,2,5,12,Loyal
C11139,4,22,1300.9,1,4,5,10,Loyal
C11140,33,24,1070.15,5,5,5,15,High Value
C11141,18,15,813.0,3,3,4,10,Loyal
C11142,23,13,747.84,4,2,4,10,Loyal
C11143,11,9,600.43,2,1,3,6,At Risk
C11144,12,21,694.66,2,4,3,9,Potential Loyal
C11145,7,22,335.13,1,4,1,6,At Risk
C11146,27,6,872.29,4,1,4,9,Potential Loyal
C11147,1,16,1134.42,1,3,5,9,Potential Loyal
C11148,3,18,1283.42,1,3,5,9,Potential Loyal
C11149,30,14,438.66,5,2,2,9,Potential Loyal
C11150,12,21,447.06,2,4,2,8,Potential Loyal
C11152,0,19,1377.11,1,4,5,10,Loyal
C11153,14,14,1219.0,2,2,5,9,Potential Loyal
C11154,31,19,311.46,5,4,1,10,Loyal
C11156,18,14,369.64,3,2,1,6,At Risk
C11157,4,21,408.06,1,4,2,7,Potential Loyal
C11158,16,2,304.88,3,1,1,5,At Risk
C11159,28,3,1368.64,4,1,5,10,Loyal
C11160,23,12,317.0,4,2,1,7,Potential Loyal
C11162,30,15,1146.17,5,3,5,13,High Value
C11163,35,28,637.02,5,5,3,13,High Value
C11164,6,23,313.54,1,5,1,7,Potential Loyal
C11167,27,5,863.72,4,1,4,9,Potential Loyal
C11168,25,25,317.17,4,5,1,10,Loyal
C11169,21,2,1264.8,3,1,5,9,Potential Loyal
C11171,10,23,1445.67,2,5,5,12,Loyal
C11172,35,30,314.33,5,5,1,11,Loyal
C11173,35,17,436.41,5,3,2,10,Loyal
C11174,27,23,1111.0,4,5,5,14,High Value
C11176,22,10,684.18,3,2,3,8,Potential Loyal
C11177,32,20,809.42,5,4,4,13,High Value
C11178,24,6,787.81,4,1,4,9,Potential Loyal
C11179,0,12,460.09,1,2,2,5,At Risk
C11180,8,13,423.26,2,2,2,6,At Risk
C11182,3,21,371.22,1,4,1,6,At Risk
C11183,29,21,799.92,4,4,4,12,Loyal
C11187,17,20,756.72,3,4,4,11,Loyal
C11189,6,8,1462.54,1,1,5,7,Potential Loyal
C11190,22,2,439.23,3,1,2,6,At Risk
C11193,25,4,662.63,4,1,3,8,Potential Loyal
C11194,32,29,431.8,5,5,2,12,Loyal
C11195,11,22,871.59,2,4,4,10,Loyal
C11196,19,10,303.68,3,2,1,6,At Risk
C11197,7,12,464.17,1,2,2,5,At Risk
C11200,3,19,396.9,1,4,2,7,Potential Loyal
C11201,25,22,675.27,4,4,3,11,Loyal
C11202,7,16,736.1,1,3,4,8,Potential Loyal
C11203,2,17,493.65,1,3,3,7,Potential Loyal
C11204,10,12,798.48,2,2,4,8,Potential Loyal
C11206,7,19,777.07,1,4,4,9,Potential Loyal
C11207,27,27,672.61,4,5,3,12,Loyal
C11208,1,23,836.24,1,5,4,10,Loyal
C11210,32,20,388.85,5,4,2,11,Loyal
C11211,8,9,1305.95,2,1,5,8,Potential Loyal
C11212,16,24,486.43,3,5,3,11,Loyal
C11214,33,23,405.68,5,5,2,12,Loyal
C11215,15,12,447.02,2,2,2,6,At Risk
C11216,33,23,305.76,5,5,1,11,Loyal
C11217,18,7,1187.68,3,1,5,9,Potential Loyal
C11218,2,22,851.87,1,4,4,9,Potential Loyal
C11219,17,9,339.86,3,1,1,5,At Risk
C11220,12,17,390.1,2,3,2,7,Potential Loyal
C11221,13,24,455.69,2,5,2,9,Potential Loyal
C11222,28,6,455.7,4,1,2,7,Potential Loyal
C11223,6,18,807.66,1,3,4,8,Potential Loyal
C11226,35,12,1404.3,5,2,5,12,Loyal
C11227,22,24,848.48,3,5,4,12,Loyal
C11232,24,20,1217.43,4,4,5,13,High Value
C11233,19,17,459.54,3,3,2,8,Potential Loyal
C11234,34,29,1134.22,5,5,5,15,High Value
C11235,3,11,859.8,1,2,4,7,Potential Loyal
C11236,11,22,438.94,2,4,2,8,Potential Loyal
C11237,1,12,372.14,1,2,1,4,Low Engagement
C11238,26,24,1403.25,4,5,5,14,High Value
C11239,31,25,452.32,5,5,2,12,Loyal
C11240,26,10,414.55,4,2,2,8,Potential Loyal
C11242,1,7,465.0,1,1,2,4,Low Engagement
C11243,25,14,868.47,4,2,4,10,Loyal
C11244,12,18,404.04,2,3,2,7,Potential Loyal
C11245,16,7,431.22,3,1,2,6,At Risk
C11246,6,4,1279.56,1,1,5,7,Potential Loyal
C11247,20,15,879.82,3,3,4,10,Loyal
C11248,31,14,1249.07,5,2,5,12,Loyal
C11249,22,10,328.83,3,2,1,6,At Risk
C11252,16,12,1256.09,3,2,5,10,Loyal
C11253,23,14,360.68,4,2,1,7,Potential Loyal
C11254,30,8,1174.44,5,1,5,11,Loyal
C11255,29,12,337.54,4,2,1,7,Potential Loyal
C11256,32,25,366.69,5,5,1,11,Loyal
C11257,26,13,388.18,4,2,2,8,Potential Loyal
C11260,33,22,304.62,5,4,1,10,Loyal
C11261,12,23,697.53,2,5,3,10,Loyal
C11262,27,23,1285.6,4,5,5,14,High Value
C11263,7,22,779.88,1,4,4,9,Potential Loyal
C11264,32,9,620.49,5,1,3,9,Potential Loyal
C11265,23,14,797.15,4,2,4,10,Loyal
C11267,31,10,1405.72,5,2,5,12,Loyal
C11269,16,25,478.53,3,5,3,11,Loyal
C11270,17,8,402.06,3,1,2,6,At Risk
C11271,27,14,356.08,4,2,1,7,Potential Loyal
C11275,6,11,657.74,1,2,3,6,At Risk
C11277,26,19,696.5,4,4,3,11,Loyal
C11279,22,19,1001.91,3,4,4,11,Loyal
C11280,7,17,359.33,1,3,1,5,At Risk
C11283,27,8,416.86,4,1,2,7,Potential Loyal
C11284,16,11,446.01,3,2,2,7,Potential Loyal
C11285,8,13,363.72,2,2,1,5,At Risk
C11286,16,16,441.34,3,3,2,8,Potential Loyal
C11287,21,12,352.63,3,2,1,6,At Risk
C11289,6,28,680.63,1,5,3,9,Potential Loyal
C11290,34,13,728.89,5,2,3,10,Loyal
C11292,22,5,454.81,3,1,2,6,At Risk
C11294,28,25,884.08,4,5,4,13,High Value
C11295,36,15,837.66,5,3,4,12,Loyal
C11297,20,7,1278.41,3,1,5,9,Potential Loyal
C11299,20,18,1075.58,3,3,5,11,Loyal
C11300,1,10,394.26,1,2,2,5,At Risk
C11301,20,24,1323.33,3,5,5,13,High Value
C11302,16,3,355.77,3,1,1,5,At Risk
C11303,35,24,1120.42,5,5,5,15,High Value
C11304,24,23,320.19,4,5,1,10,Loyal
C11305,7,18,1440.6,1,3,5,9,Potential Loyal
C11306,34,10,1080.62,5,2,5,12,Loyal
C11307,12,24,1006.74,2,5,5,12,Loyal
C11309,18,27,766.9,3,5,4,12,Loyal
C11313,27,21,430.48,4,4,2,10,Loyal
C11314,7,20,478.73,1,4,3,8,Potential Loyal
C11315,5,7,348.38,1,1,1,3,Low Engagement
C11316,15,21,351.12,2,4,1,7,Potential Loyal
C11318,2,25,868.18,1,5,4,10,Loyal
C11319,33,24,1051.3,5,5,5,15,High Value
C11320,35,19,304.3,5,4,1,10,Loyal
C11322,16,29,310.86,3,5,1,9,Potential Loyal
C11323,6,6,864.75,1,1,4,6,At Risk
C11324,5,13,479.26,1,2,3,6,At Risk
C11325,28,25,431.71,4,5,2,11,Loyal
C11326,12,15,891.28,2,3,4,9,Potential Loyal
C11327,29,0,357.13,4,1,1,6,At Risk
C11328,8,21,484.88,2,4,3,9,Potential Loyal
C11329,16,16,434.13,3,3,2,8,Potential Loyal
C11330,26,20,419.38,4,4,2,10,Loyal
C11331,12,17,418.12,2,3,2,7,Potential Loyal
C11332,0,16,313.03,1,3,1,5,At Risk
C11333,21,14,327.53,3,2,1,6,At Risk
C11336,34,21,451.06,5,4,2,11,Loyal
C11337,34,17,893.64,5,3,4,12,Loyal
C11338,3,23,864.98,1,5,4,10,Loyal
C11339,22,9,358.56,3,1,1,5,At Risk
C11340,35,20,362.59,5,4,1,10,Loyal
C11341,29,8,410.76,4,1,2,7,Potential Loyal
C11342,3,17,723.31,1,3,3,7,Potential Loyal
C11343,28,7,442.74,4,1,2,7,Potential Loyal
C11345,31,15,385.28,5,3,1,9,Potential Loyal
C11346,32,23,830.05,5,5,4,14,High Value
C11347,12,17,823.85,2,3,4,9,Potential Loyal
C11348,34,12,307.51,5,2,1,8,Potential Loyal
C11350,29,20,389.47,4,4,2,10,Loyal
C11351,23,26,860.87,4,5,4,13,High Value
C11352,19,17,451.92,3,3,2,8,Potential Loyal
C11353,8,17,459.77,2,3,2,7,Potential Loyal
C11356,12,24,454.58,2,5,2,9,Potential Loyal
C11358,33,26,615.48,5,5,3,13,High Value
C11359,10,13,854.38,2,2,4,8,Potential Loyal
C11360,6,4,1165.22,1,1,5,7,Potential Loyal
C11362,13,22,1042.16,2,4,5,11,Loyal
C11363,17,15,691.07,3,3,3,9,Potential Loyal
C11364,20,22,653.19,3,4,3,10,Loyal
C11365,6,11,877.54,1,2,4,7,Potential Loyal
C11367,3,30,345.39,1,5,1,7,Potential Loyal
C11368,26,16,384.1,4,3,1,8,Potential Loyal
C11369,35,26,1094.38,5,5,5,15,High Value
C11371,6,10,1203.59,1,2,5,8,Potential Loyal
C11372,11,15,1033.27,2,3,5,10,Loyal
C11375,26,13,478.99,4,2,3,9,Potential Loyal
C11376,3,12,366.61,1,2,1,4,Low Engagement
C11378,28,21,1201.92,4,4,5,13,High Value
C11379,14,12,416.79,2,2,2,6,At Risk
C11380,25,17,782.98,4,3,4,11,Loyal
C11381,33,18,339.15,5,3,1,9,Potential Loyal
C11382,16,20,330.45,3,4,1,8,Potential Loyal
C11383,29,30,653.61,4,5,3,12,Loyal
C11384,12,16,309.86,2,3,1,6,At Risk
C11385,18,23,383.28,3,5,1,9,Potential Loyal
C11386,33,17,329.34,5,3,1,9,Potential Loyal
C11387,30,15,379.93,5,3,1,9,Potential Loyal
C11389,6,14,1084.98,1,2,5,8,Potential Loyal
C11390,27,10,463.12,4,2,2,8,Potential Loyal
C11392,30,23,473.06,5,5,2,12,Loyal
C11393,31,8,454.53,5,1,2,8,Potential Loyal
C11394,1,26,461.28,1,5,2,8,Potential Loyal
C11397,30,10,322.16,5,2,1,8,Potential Loyal
C11398,35,26,376.26,5,5,1,11,Loyal
C11401,12,13,443.22,2,2,2,6,At Risk
C11402,12,11,375.88,2,2,1,5,At Risk
C11404,4,26,1032.58,1,5,5,11,Loyal
C11405,7,10,362.52,1,2,1,4,Low Engagement
C11409,27,18,346.75,4,3,1,8,Potential Loyal
C11410,9,13,469.8,2,2,2,6,At Risk
C11411,35,10,307.15,5,2,1,8,Potential Loyal
C11418,16,12,660.72,3,2,3,8,Potential Loyal
C11420,1,27,777.82,1,5,4,10,Loyal
C11421,27,15,676.09,4,3,3,10,Loyal
C11423,16,12,300.07,3,2,1,6,At Risk
C11424,26,13,819.93,4,2,4,10,Loyal
C11427,31,18,432.58,5,3,2,10,Loyal
C11428,9,18,463.62,2,3,2,7,Potential Loyal
C11430,27,21,455.42,4,4,2,10,Loyal
C11432,4,19,705.6,1,4,3,8,Potential Loyal
C11433,3,25,831.61,1,5,4,10,Loyal
C11434,15,11,1298.41,2,2,5,9,Potential Loyal
C11435,35,18,793.04,5,3,4,12,Loyal
C11436,33,31,659.31,5,5,3,13,High Value
C11437,36,22,480.34,5,4,3,12,Loyal
C11438,16,7,480.91,3,1,3,7,Potential Loyal
C11441,25,5,1035.9,4,1,5,10,Loyal
C11443,23,26,644.29,4,5,3,12,Loyal
C11444,19,18,345.12,3,3,1,7,Potential Loyal
C11445,4,12,753.13,1,2,4,7,Potential Loyal
C11446,16,17,828.58,3,3,4,10,Loyal
C11447,35,10,848.44,5,2,4,11,Loyal
C11448,25,28,402.25,4,5,2,11,Loyal
C11449,5,18,457.6,1,3,2,6,At Risk
C11450,33,0,466.3,5,1,2,8,Potential Loyal
C11451,2,1,606.31,1,1,3,5,At Risk
C11452,15,22,799.49,2,4,4,10,Loyal
C11453,2,21,374.33,1,4,1,6,At Risk
C11454,25,20,1327.48,4,4,5,13,High Value
C11455,24,15,888.72,4,3,4,11,Loyal
C11456,33,20,788.73,5,4,4,13,High Value
C11458,19,18,317.16,3,3,1,7,Potential Loyal
C11460,22,13,358.32,3,2,1,6,At Risk
C11461,14,9,1496.17,2,1,5,8,Potential Loyal
C11462,15,24,441.62,2,5,2,9,Potential Loyal
C11463,30,16,731.53,5,3,4,12,Loyal
C11465,29,22,1190.06,4,4,5,13,High Value
C11468,17,17,1427.65,3,3,5,11,Loyal
C11472,9,17,1419.88,2,3,5,10,Loyal
C11473,26,16,660.83,4,3,3,10,Loyal
C11474,30,27,299.6,5,5,1,11,Loyal
C11475,10,6,395.99,2,1,2,5,At Risk
C11477,25,13,674.9,4,2,3,9,Potential Loyal
C11478,5,17,798.61,1,3,4,8,Potential Loyal
C11479,27,13,494.25,4,2,3,9,Potential Loyal
C11480,17,17,399.81,3,3,2,8,Potential Loyal
C11481,15,17,1049.15,2,3,5,10,Loyal
C11482,13,11,637.36,2,2,3,7,Potential Loyal
C11483,18,15,1399.11,3,3,5,11,Loyal
C11486,10,8,613.37,2,1,3,6,At Risk
C11487,5,17,1381.51,1,3,5,9,Potential Loyal
C11488,27,6,428.39,4,1,2,7,Potential Loyal
C11489,9,9,611.04,2,1,3,6,At Risk
C11490,10,9,734.27,2,1,4,7,Potential Loyal
C11491,30,10,1302.15,5,2,5,12,Loyal
C11492,31,14,680.19,5,2,3,10,Loyal
C11493,19,21,1253.31,3,4,5,12,Loyal
C11495,29,7,304.64,4,1,1,6,At Risk
C11496,5,9,493.27,1,1,3,5,At Risk
C11497,27,15,301.69,4,3,1,8,Potential Loyal
C11498,24,22,846.5,4,4,4,12,Loyal
C11499,1,18,1337.56,1,3,5,9,Potential Loyal
C11500,35,9,377.19,5,1,1,7,Potential Loyal
C11501,32,7,300.9,5,1,1,7,Potential Loyal
C11502,32,12,461.39,5,2,2,9,Potential Loyal
C11503,19,13,675.81,3,2,3,8,Potential Loyal
C11504,25,21,798.03,4,4,4,12,Loyal
C11505,12,7,333.44,2,1,1,4,Low Engagement
C11506,29,9,1341.17,4,1,5,10,Loyal
C11508,4,25,796.21,1,5,4,10,Loyal
C11509,13,9,1277.87,2,1,5,8,Potential Loyal
C11510,2,21,310.16,1,4,1,6,At Risk
C11511,1,25,477.99,1,5,3,9,Potential Loyal
C11512,10,8,1231.42,2,1,5,8,Potential Loyal
C11513,7,4,429.12,1,1,2,4,Low Engagement
C11515,30,14,474.1,5,2,2,9,Potential Loyal
C11516,7,7,352.12,1,1,1,3,Low Engagement
C11518,20,9,1259.3,3,1,5,9,Potential Loyal
C11519,31,19,807.98,5,4,4,13,High Value
C11523,15,13,841.68,2,2,4,8,Potential Loyal
C11524,32,24,647.82,5,5,3,13,High Value
C11525,26,16,667.69,4,3,3,10,Loyal
C11526,30,14,475.13,5,2,2,9,Potential Loyal
C11528,10,12,1400.11,2,2,5,9,Potential Loyal
C11530,22,14,889.91,3,2,4,9,Potential Loyal
C11531,36,20,778.52,5,4,4,13,High Value
C11532,12,21,475.16,2,4,2,8,Potential Loyal
C11533,28,21,398.29,4,4,2,10,Loyal
C11534,32,27,1463.15,5,5,5,15,High Value
C11537,29,27,492.54,4,5,3,12,Loyal
C11538,5,22,828.19,1,4,4,9,Potential Loyal
C11539,0,22,1269.66,1,4,5,10,Loyal
C11541,12,1,454.72,2,1,2,5,At Risk
C11542,15,30,397.97,2,5,2,9,Potential Loyal
C11543,34,16,386.91,5,3,1,9,Potential Loyal
C11544,33,12,863.93,5,2,4,11,Loyal
C11546,28,13,394.88,4,2,2,8,Potential Loyal
C11549,8,12,414.05,2,2,2,6,At Risk
C11553,33,22,1082.75,5,4,5,14,High Value
C11554,24,5,736.91,4,1,4,9,Potential Loyal
C11555,10,2,466.55,2,1,2,5,At Risk
C11557,9,14,824.53,2,2,4,8,Potential Loyal
C11561,27,4,379.23,4,1,1,6,At Risk
C11562,0,14,1091.03,1,2,5,8,Potential Loyal
C11563,31,0,810.86,5,1,4,10,Loyal
C11564,17,11,865.19,3,2,4,9,Potential Loyal
C11565,3,7,629.07,1,1,3,5,At Risk
C11566,9,21,400.85,2,4,2,8,Potential Loyal
C11567,8,20,1121.73,2,4,5,11,Loyal
C11570,28,20,724.35,4,4,3,11,Loyal
C11571,23,19,1243.44,4,4,5,13,High Value
C11573,25,19,817.19,4,4,4,12,Loyal
C11574,2,22,497.59,1,4,3,8,Potential Loyal
C11576,29,19,734.23,4,4,4,12,Loyal
C11577,28,9,1411.79,4,1,5,10,Loyal
C11579,24,10,699.63,4,2,3,9,Potential Loyal
C11581,29,5,461.6,4,1,2,7,Potential Loyal
C11582,27,0,479.86,4,1,3,8,Potential Loyal
C11583,13,9,657.72,2,1,3,6,At Risk
C11584,24,5,871.84,4,1,4,9,Potential Loyal
C11585,34,20,1186.58,5,4,5,14,High Value
C11586,9,7,466.71,2,1,2,5,At Risk
C11587,2,20,882.05,1,4,4,9,Potential Loyal
C11590,23,22,1408.22,4,4,5,13,High Value
C11591,11,4,714.92,2,1,3,6,At Risk
C11592,6,26,455.78,1,5,2,8,Potential Loyal
C11593,13,21,687.28,2,4,3,9,Potential Loyal
C11596,25,21,1236.01,4,4,5,13,High Value
C11597,13,11,428.03,2,2,2,6,At Risk
C11598,18,9,643.26,3,1,3,7,Potential Loyal
C11599,1,18,706.79,1,3,3,7,Potential Loyal
C11600,7,20,1006.79,1,4,5,10,Loyal
C11602,8,16,1157.53,2,3,5,10,Loyal
C11603,26,8,361.51,4,1,1,6,At Risk
C11604,25,28,402.24,4,5,2,11,Loyal
C11605,16,0,640.64,3,1,3,7,Potential Loyal
C11606,6,12,378.56,1,2,1,4,Low Engagement
C11607,23,24,778.17,4,5,4,13,High Value
C11608,2,5,644.59,1,1,3,5,At Risk
C11611,9,9,792.24,2,1,4,7,Potential Loyal
C11612,4,2,887.16,1,1,4,6,At Risk
C11613,13,10,343.27,2,2,1,5,At Risk
C11614,15,17,689.69,2,3,3,8,Potential Loyal
C11615,17,3,639.28,3,1,3,7,Potential Loyal
C11616,7,14,683.78,1,2,3,6,At Risk
C11618,17,22,461.6,3,4,2,9,Potential Loyal
C11619,5,16,758.76,1,3,4,8,Potential Loyal
C11620,16,8,447.23,3,1,2,6,At Risk
C11622,32,22,463.98,5,4,2,11,Loyal
C11623,8,11,770.36,2,2,4,8,Potential Loyal
C11624,9,20,793.82,2,4,4,10,Loyal
C11625,14,30,359.92,2,5,1,8,Potential Loyal
C11626,25,8,1206.43,4,1,5,10,Loyal
C11627,29,27,1415.17,4,5,5,14,High Value
C11628,11,10,317.48,2,2,1,5,At Risk
C11629,32,20,483.14,5,4,3,12,Loyal
C11631,1,20,377.01,1,4,1,6,At Risk
C11633,24,6,761.52,4,1,4,9,Potential Loyal
C11634,8,20,486.8,2,4,3,9,Potential Loyal
C11635,5,22,460.66,1,4,2,7,Potential Loyal
C11636,31,25,713.52,5,5,3,13,High Value
C11638,30,17,319.73,5,3,1,9,Potential Loyal
C11639,14,23,1226.57,2,5,5,12,Loyal
C11640,23,20,380.55,4,4,1,9,Potential Loyal
C11641,24,25,375.98,4,5,1,10,Loyal
C11642,12,13,299.4,2,2,1,5,At Risk
C11643,8,24,695.95,2,5,3,10,Loyal
C11644,5,8,1478.0,1,1,5,7,Potential Loyal
C11645,29,24,360.63,4,5,1,10,Loyal
C11647,10,12,393.35,2,2,2,6,At Risk
C11648,22,2,399.47,3,1,2,6,At Risk
C11649,16,15,867.0,3,3,4,10,Loyal
C11650,17,12,488.99,3,2,3,8,Potential Loyal
C11651,19,9,421.03,3,1,2,6,At Risk
C11652,0,22,836.82,1,4,4,9,Potential Loyal
C11653,16,10,300.07,3,2,1,6,At Risk
C11656,6,7,379.33,1,1,1,3,Low Engagement
C11657,14,25,457.17,2,5,2,9,Potential Loyal
C11658,33,13,768.23,5,2,4,11,Loyal
C11659,3,21,759.06,1,4,4,9,Potential Loyal
C11660,26,17,1435.58,4,3,5,12,Loyal
C11661,26,1,348.65,4,1,1,6,At Risk
C11662,16,14,835.58,3,2,4,9,Potential Loyal
C11663,8,10,1106.62,2,2,5,9,Potential Loyal
C11665,3,18,355.31,1,3,1,5,At Risk
C11666,21,7,1149.19,3,1,5,9,Potential Loyal
C11667,4,11,630.93,1,2,3,6,At Risk
C11668,11,16,1196.94,2,3,5,10,Loyal
C11669,7,10,831.18,1,2,4,7,Potential Loyal
C11671,33,23,493.97,5,5,3,13,High Value
C11672,36,17,860.06,5,3,4,12,Loyal
C11674,33,15,730.12,5,3,4,12,Loyal
C11675,4,25,1050.61,1,5,5,11,Loyal
C11676,24,25,425.84,4,5,2,11,Loyal
C11677,1,25,1191.1,1,5,5,11,Loyal
C11678,27,17,784.41,4,3,4,11,Loyal
C11679,27,20,369.21,4,4,1,9,Potential Loyal
C11681,10,0,452.41,2,1,2,5,At Risk
C11682,29,12,858.35,4,2,4,10,Loyal
C11684,5,16,378.51,1,3,1,5,At Risk
C11686,28,22,749.94,4,4,4,12,Loyal
C11687,22,10,304.5,3,2,1,6,At Risk
C11689,28,15,375.86,4,3,1,8,Potential Loyal
C11691,3,5,1027.98,1,1,5,7,Potential Loyal
C11692,1,10,828.06,1,2,4,7,Potential Loyal
C11693,29,21,682.81,4,4,3,11,Loyal
C11694,23,5,346.76,4,1,1,6,At Risk
C11695,22,0,812.82,3,1,4,8,Potential Loyal
C11696,0,17,347.1,1,3,1,5,At Risk
C11697,3,19,1271.62,1,4,5,10,Loyal
C11698,19,30,451.27,3,5,2,10,Loyal
C11700,14,15,686.16,2,3,3,8,Potential Loyal
C11701,19,27,1314.22,3,5,5,13,High Value
C11702,14,7,845.11,2,1,4,7,Potential Loyal
C11703,9,19,768.25,2,4,4,10,Loyal
C11704,25,8,474.82,4,1,2,7,Potential Loyal
C11705,13,10,483.74,2,2,3,7,Potential Loyal
C11706,25,11,869.07,4,2,4,10,Loyal
C11707,3,15,1065.83,1,3,5,9,Potential Loyal
C11708,24,22,737.4,4,4,4,12,Loyal
C11709,33,13,859.98,5,2,4,11,Loyal
C11711,16,24,362.46,3,5,1,9,Potential Loyal
C11713,31,19,619.54,5,4,3,12,Loyal
C11714,21,25,1038.42,3,5,5,13,High Value
C11715,21,20,1431.71,3,4,5,12,Loyal
C11716,30,12,766.68,5,2,4,11,Loyal
C11717,19,28,355.59,3,5,1,9,Potential Loyal
C11719,10,11,849.26,2,2,4,8,Potential Loyal
C11720,7,10,877.9,1,2,4,7,Potential Loyal
C11722,31,1,385.2,5,1,1,7,Potential Loyal
C11723,35,25,489.96,5,5,3,13,High Value
C11724,30,13,1420.56,5,2,5,12,Loyal
C11725,23,6,660.02,4,1,3,8,Potential Loyal
C11726,18,21,372.68,3,4,1,8,Potential Loyal
C11727,3,12,1258.3,1,2,5,8,Potential Loyal
C11728,19,22,1248.09,3,4,5,12,Loyal
C11729,15,18,1109.34,2,3,5,10,Loyal
C11732,26,16,745.81,4,3,4,11,Loyal
C11733,29,23,390.25,4,5,2,11,Loyal
C11734,35,9,640.02,5,1,3,9,Potential Loyal
C11735,15,24,398.9,2,5,2,9,Potential Loyal
C11736,10,17,1482.38,2,3,5,10,Loyal
C11739,1,8,1092.67,1,1,5,7,Potential Loyal
C11740,22,17,321.1,3,3,1,7,Potential Loyal
C11742,18,4,771.12,3,1,4,8,Potential Loyal
C11743,9,22,306.47,2,4,1,7,Potential Loyal
C11748,32,10,1051.12,5,2,5,12,Loyal
C11749,20,29,714.72,3,5,3,11,Loyal
C11750,27,9,1167.58,4,1,5,10,Loyal
C11753,32,23,1272.38,5,5,5,15,High Value
C11754,29,6,439.86,4,1,2,7,Potential Loyal
C11755,17,5,738.69,3,1,4,8,Potential Loyal
C11756,2,30,690.83,1,5,3,9,Potential Loyal
C11757,33,14,360.76,5,2,1,8,Potential Loyal
C11760,13,16,328.0,2,3,1,6,At Risk
C11762,24,17,452.34,4,3,2,9,Potential Loyal
C11763,22,13,341.67,3,2,1,6,At Risk
C11766,17,20,721.6,3,4,3,10,Loyal
C11768,5,7,339.06,1,1,1,3,Low Engagement
C11769,12,18,652.0,2,3,3,8,Potential Loyal
C11770,2,14,409.03,1,2,2,5,At Risk
C11772,11,20,377.11,2,4,1,7,Potential Loyal
C11773,26,11,354.25,4,2,1,7,Potential Loyal
C11774,27,16,437.82,4,3,2,9,Potential Loyal
C11775,20,13,838.39,3,2,4,9,Potential Loyal
C11776,27,15,1266.66,4,3,5,12,Loyal
C11777,20,11,451.56,3,2,2,7,Potential Loyal
C11778,29,24,473.82,4,5,2,11,Loyal
C11779,26,12,381.32,4,2,1,7,Potential Loyal
C11781,27,8,784.59,4,1,4,9,Potential Loyal
C11782,2,1,1168.47,1,1,5,7,Potential Loyal
C11783,16,14,352.46,3,2,1,6,At Risk
C11784,32,13,618.14,5,2,3,10,Loyal
C11786,31,19,1426.27,5,4,5,14,High Value
C11787,18,8,1367.21,3,1,5,9,Potential Loyal
C11788,4,9,1188.67,1,1,5,7,Potential Loyal
C11789,14,13,374.5,2,2,1,5,At Risk
C11790,3,17,794.64,1,3,4,8,Potential Loyal
C11791,15,22,487.78,2,4,3,9,Potential Loyal
C11792,16,12,621.12,3,2,3,8,Potential Loyal
C11794,27,22,426.03,4,4,2,10,Loyal
C11797,35,10,303.67,5,2,1,8,Potential Loyal
C11798,17,7,614.38,3,1,3,7,Potential Loyal
C11799,12,7,318.73,2,1,1,4,Low Engagement
C11801,15,17,601.32,2,3,3,8,Potential Loyal
C11802,23,13,331.66,4,2,1,7,Potential Loyal
C11804,24,18,322.8,4,3,1,8,Potential Loyal
C11805,22,17,426.62,3,3,2,8,Potential Loyal
C11806,36,29,453.13,5,5,2,12,Loyal
C11807,23,3,1114.21,4,1,5,10,Loyal
C11808,11,1,494.88,2,1,3,6,At Risk
C11809,32,19,667.61,5,4,3,12,Loyal
C11810,20,19,724.28,3,4,3,10,Loyal
C11811,15,9,1313.0,2,1,5,8,Potential Loyal
C11812,33,20,1057.38,5,4,5,14,High Value
C11813,29,7,891.71,4,1,4,9,Potential Loyal
C11814,19,19,614.85,3,4,3,10,Loyal
C11815,29,12,335.71,4,2,1,7,Potential Loyal
C11816,36,10,443.68,5,2,2,9,Potential Loyal
C11817,21,16,1457.79,3,3,5,11,Loyal
C11818,5,13,629.39,1,2,3,6,At Risk
C11819,3,22,348.95,1,4,1,6,At Risk
C11820,5,2,454.67,1,1,2,4,Low Engagement
C11822,8,24,1077.71,2,5,5,12,Loyal
C11823,32,6,626.19,5,1,3,9,Potential Loyal
C11824,8,7,1282.47,2,1,5,8,Potential Loyal
C11825,28,18,1457.1,4,3,5,12,Loyal
C11827,14,6,752.0,2,1,4,7,Potential Loyal
C11828,22,5,1280.11,3,1,5,9,Potential Loyal
C11829,27,0,401.58,4,1,2,7,Potential Loyal
C11831,11,20,450.86,2,4,2,8,Potential Loyal
C11833,23,23,1405.55,4,5,5,14,High Value
C11837,7,24,607.93,1,5,3,9,Potential Loyal
C11838,26,22,383.38,4,4,1,9,Potential Loyal
C11839,34,23,371.22,5,5,1,11,Loyal
C11840,28,22,803.62,4,4,4,12,Loyal
C11841,29,9,843.57,4,1,4,9,Potential Loyal
C11842,3,12,1334.92,1,2,5,8,Potential Loyal
C11844,14,1,601.58,2,1,3,6,At Risk
C11847,15,18,837.33,2,3,4,9,Potential Loyal
C11848,33,25,428.18,5,5,2,12,Loyal
C11849,27,13,394.21,4,2,2,8,Potential Loyal
C11850,2,12,717.61,1,2,3,6,At Risk
C11851,32,0,400.23,5,1,2,8,Potential Loyal
C11852,27,9,1020.04,4,1,5,10,Loyal
C11853,25,24,299.82,4,5,1,10,Loyal
C11854,24,21,349.25,4,4,1,9,Potential Loyal
C11855,29,9,602.47,4,1,3,8,Potential Loyal
C11856,28,18,895.27,4,3,4,11,Loyal
C11857,10,29,361.46,2,5,1,8,Potential Loyal
C11858,25,30,334.08,4,5,1,10,Loyal
C11859,7,11,385.76,1,2,1,4,Low Engagement
C11860,32,25,1090.85,5,5,5,15,High Value
C11863,26,26,395.21,4,5,2,11,Loyal
C11864,10,27,1055.85,2,5,5,12,Loyal
C11865,20,10,474.39,3,2,2,7,Potential Loyal
C11866,11,9,1254.11,2,1,5,8,Potential Loyal
C11867,17,16,318.64,3,3,1,7,Potential Loyal
C11868,19,23,341.97,3,5,1,9,Potential Loyal
C11869,36,8,379.61,5,1,1,7,Potential Loyal
C11870,10,13,741.78,2,2,4,8,Potential Loyal
C11871,13,14,408.2,2,2,2,6,At Risk
C11872,9,3,445.83,2,1,2,5,At Risk
C11876,16,4,624.93,3,1,3,7,Potential Loyal
C11878,18,31,1451.86,3,5,5,13,High Value
C11880,8,11,1098.09,2,2,5,9,Potential Loyal
C11881,22,5,637.08,3,1,3,7,Potential Loyal
C11882,29,28,331.65,4,5,1,10,Loyal
C11884,16,2,691.07,3,1,3,7,Potential Loyal
C11886,17,3,336.47,3,1,1,5,At Risk
C11887,13,19,600.44,2,4,3,9,Potential Loyal
C11889,13,12,319.09,2,2,1,5,At Risk
C11893,29,29,853.59,4,5,4,13,High Value
C11894,2,31,751.36,1,5,4,10,Loyal
C11896,23,29,757.33,4,5,4,13,High Value
C11897,25,18,498.3,4,3,3,10,Loyal
C11898,5,21,1380.24,1,4,5,10,Loyal
C11899,23,15,654.22,4,3,3,10,Loyal
C11900,0,19,652.59,1,4,3,8,Potential Loyal
C11902,18,22,450.42,3,4,2,9,Potential Loyal
C11903,21,18,381.94,3,3,1,7,Potential Loyal
C11906,31,9,697.35,5,1,3,9,Potential Loyal
C11907,34,20,415.64,5,4,2,11,Loyal
C11908,19,25,439.91,3,5,2,10,Loyal
C11909,12,9,765.1,2,1,4,7,Potential Loyal
C11911,6,10,892.03,1,2,4,7,Potential Loyal
C11914,27,16,1167.16,4,3,5,12,Loyal
C11915,23,19,340.94,4,4,1,9,Potential Loyal
C11916,20,13,352.61,3,2,1,6,At Risk
C11917,28,5,844.75,4,1,4,9,Potential Loyal
C11918,11,6,320.87,2,1,1,4,Low Engagement
C11919,15,14,778.86,2,2,4,8,Potential Loyal
C11920,36,1,649.53,5,1,3,9,Potential Loyal
C11921,16,24,405.38,3,5,2,10,Loyal
C11923,7,12,329.06,1,2,1,4,Low Engagement
C11924,8,15,612.96,2,3,3,8,Potential Loyal
C11925,6,19,1462.06,1,4,5,10,Loyal
C11927,5,0,487.25,1,1,3,5,At Risk
C11929,3,24,445.68,1,5,2,8,Potential Loyal
C11931,26,14,403.78,4,2,2,8,Potential Loyal
C11933,36,15,422.63,5,3,2,10,Loyal
C11935,23,14,1409.45,4,2,5,11,Loyal
C11936,26,15,453.57,4,3,2,9,Potential Loyal
C11937,16,11,450.33,3,2,2,7,Potential Loyal
C11939,27,17,366.49,4,3,1,8,Potential Loyal
C11941,17,25,723.96,3,5,3,11,Loyal
C11945,30,20,458.0,5,4,2,11,Loyal
C11946,27,5,398.33,4,1,2,7,Potential Loyal
C11947,30,25,1122.89,5,5,5,15,High Value
C11948,3,12,1282.42,1,2,5,8,Potential Loyal
C11949,33,14,760.47,5,2,4,11,Loyal
C11950,28,24,445.09,4,5,2,11,Loyal
C11952,24,21,788.47,4,4,4,12,Loyal
C11953,5,14,611.41,1,2,3,6,At Risk
C11955,24,16,780.85,4,3,4,11,Loyal
C11957,29,7,382.5,4,1,1,6,At Risk
C11958,34,9,308.13,5,1,1,7,Potential Loyal
C11959,35,25,1057.15,5,5,5,15,High Value
C11960,6,18,299.46,1,3,1,5,At Risk
C11961,20,14,345.19,3,2,1,6,At Risk
C11962,26,15,750.6,4,3,4,11,Loyal
C11963,7,18,871.5,1,3,4,8,Potential Loyal
C11965,12,12,449.64,2,2,2,6,At Risk
C11966,6,25,1009.94,1,5,5,11,Loyal
C11967,13,12,391.23,2,2,2,6,At Risk
C11971,34,10,730.66,5,2,4,11,Loyal
C11972,16,9,371.01,3,1,1,5,At Risk
C11974,8,23,819.86,2,5,4,11,Loyal
C11976,32,12,797.94,5,2,4,11,Loyal
C11978,5,22,734.87,1,4,4,9,Potential Loyal
C11979,1,25,648.86,1,5,3,9,Potential Loyal
C11980,15,5,1393.19,2,1,5,8,Potential Loyal
C11982,4,18,672.57,1,3,3,7,Potential Loyal
C11983,15,14,477.34,2,2,3,7,Potential Loyal
C11984,34,23,304.34,5,5,1,11,Loyal
C11985,25,32,424.03,4,5,2,11,Loyal
C11987,6,23,895.18,1,5,4,10,Loyal
C11988,12,10,896.53,2,2,4,8,Potential Loyal
C11992,5,6,482.23,1,1,3,5,At Risk
C11993,16,10,784.05,3,2,4,9,Potential Loyal
C11995,12,17,1396.4,2,3,5,10,Loyal
C11996,20,23,393.54,3,5,2,10,Loyal
C11997,19,4,356.5,3,1,1,5,At Risk
C12000,20,17,701.78,3,3,3,9,Potential Loyal
C12001,22,11,615.92,3,2,3,8,Potential Loyal
C12002,13,12,345.61,2,2,1,5,At Risk
C12003,35,19,376.61,5,4,1,10,Loyal
C12004,29,16,744.8,4,3,4,11,Loyal
C12006,17,22,1381.05,3,4,5,12,Loyal
C12009,2,21,639.81,1,4,3,8,Potential Loyal
C12010,19,20,1260.18,3,4,5,12,Loyal
C12012,22,9,834.87,3,1,4,8,Potential Loyal
C12013,29,15,603.62,4,3,3,10,Loyal
C12015,24,12,408.42,4,2,2,8,Potential Loyal
C12016,35,3,688.49,5,1,3,9,Potential Loyal
C12017,17,19,349.64,3,4,1,8,Potential Loyal
C12018,21,7,1398.66,3,1,5,9,Potential Loyal
C12019,22,14,855.03,3,2,4,9,Potential Loyal
C12020,13,10,318.39,2,2,1,5,At Risk
C12021,16,14,1099.62,3,2,5,10,Loyal
C12022,29,17,692.74,4,3,3,10,Loyal
C12023,1,17,494.35,1,3,3,7,Potential Loyal
C12024,3,22,878.14,1,4,4,9,Potential Loyal
C12025,8,13,458.65,2,2,2,6,At Risk
C12026,35,19,360.91,5,4,1,10,Loyal
C12028,12,14,1425.31,2,2,5,9,Potential Loyal
C12029,28,10,1403.48,4,2,5,11,Loyal
C12030,11,7,383.22,2,1,1,4,Low Engagement
C12031,5,19,423.58,1,4,2,7,Potential Loyal
C12033,1,6,1445.15,1,1,5,7,Potential Loyal
C12035,20,32,1191.77,3,5,5,13,High Value
C12036,1,23,715.21,1,5,3,9,Potential Loyal
C12038,7,16,751.6,1,3,4,8,Potential Loyal
C12039,7,7,1119.34,1,1,5,7,Potential Loyal
C12040,7,25,649.28,1,5,3,9,Potential Loyal
C12045,28,21,622.54,4,4,3,11,Loyal
C12046,22,23,864.55,3,5,4,12,Loyal
C12048,4,2,1368.43,1,1,5,7,Potential Loyal
C12051,21,14,323.88,3,2,1,6,At Risk
C12052,26,22,885.14,4,4,4,12,Loyal
C12053,6,16,365.88,1,3,1,5,At Risk
C12054,20,20,330.17,3,4,1,8,Potential Loyal
C12055,9,22,324.85,2,4,1,7,Potential Loyal
C12056,26,24,423.61,4,5,2,11,Loyal
C12057,36,25,729.12,5,5,3,13,High Value
C12060,30,25,426.39,5,5,2,12,Loyal
C12061,19,14,447.1,3,2,2,7,Potential Loyal
C12063,24,14,828.49,4,2,4,10,Loyal
C12066,32,20,440.11,5,4,2,11,Loyal
C12067,3,21,299.78,1,4,1,6,At Risk
C12068,14,19,724.17,2,4,3,9,Potential Loyal
C12070,32,12,416.56,5,2,2,9,Potential Loyal
C12071,17,21,766.31,3,4,4,11,Loyal
C12073,7,26,378.38,1,5,1,7,Potential Loyal
C12074,0,4,654.03,1,1,3,5,At Risk
C12075,18,18,437.41,3,3,2,8,Potential Loyal
C12076,34,3,440.57,5,1,2,8,Potential Loyal
C12077,1,10,694.43,1,2,3,6,At Risk
C12078,19,12,707.8,3,2,3,8,Potential Loyal
C12081,28,19,1257.44,4,4,5,13,High Value
C12084,2,26,413.15,1,5,2,8,Potential Loyal
C12085,15,15,1473.94,2,3,5,10,Loyal
C12086,29,14,631.05,4,2,3,9,Potential Loyal
C12088,12,5,1456.1,2,1,5,8,Potential Loyal
C12089,11,21,666.05,2,4,3,9,Potential Loyal
C12090,19,23,482.91,3,5,3,11,Loyal
C12092,19,20,658.38,3,4,3,10,Loyal
C12093,8,11,893.72,2,2,4,8,Potential Loyal
C12094,4,16,326.17,1,3,1,5,At Risk
C12095,3,11,377.7,1,2,1,4,Low Engagement
C12096,18,22,1242.99,3,4,5,12,Loyal
C12097,25,18,729.48,4,3,4,11,Loyal
C12098,15,0,455.42,2,1,2,5,At Risk
C12099,28,17,361.13,4,3,1,8,Potential Loyal
C12100,15,14,343.75,2,2,1,5,At Risk
C12102,25,11,386.01,4,2,1,7,Potential Loyal
C12103,8,2,448.34,2,1,2,5,At Risk
C12104,23,7,350.44,4,1,1,6,At Risk
C12108,15,20,457.94,2,4,2,8,Potential Loyal
C12111,6,22,885.23,1,4,4,9,Potential Loyal
C12112,27,19,460.51,4,4,2,10,Loyal
C12113,32,27,895.56,5,5,4,14,High Value
C12114,12,18,729.99,2,3,4,9,Potential Loyal
C12115,2,12,453.6,1,2,2,5,At Risk
C12116,6,15,1242.62,1,3,5,9,Potential Loyal
C12117,25,26,768.14,4,5,4,13,High Value
C12118,33,21,621.94,5,4,3,12,Loyal
C12119,2,11,1215.76,1,2,5,8,Potential Loyal
C12120,7,15,1467.27,1,3,5,9,Potential Loyal
C12122,19,4,1300.9,3,1,5,9,Potential Loyal
C12123,18,21,1134.37,3,4,5,12,Loyal
C12125,19,23,812.22,3,5,4,12,Loyal
C12126,36,10,470.35,5,2,2,9,Potential Loyal
C12128,10,16,441.55,2,3,2,7,Potential Loyal
C12131,13,14,388.01,2,2,2,6,At Risk
C12133,23,18,1410.87,4,3,5,12,Loyal
C12135,12,14,415.34,2,2,2,6,At Risk
C12137,0,24,463.67,1,5,2,8,Potential Loyal
C12138,25,18,315.91,4,3,1,8,Potential Loyal
C12139,25,24,698.35,4,5,3,12,Loyal
C12142,27,18,299.16,4,3,1,8,Potential Loyal
C12143,35,8,626.32,5,1,3,9,Potential Loyal
C12144,8,11,605.96,2,2,3,7,Potential Loyal
C12145,30,18,837.09,5,3,4,12,Loyal
C12146,22,16,821.76,3,3,4,10,Loyal
C12149,23,7,666.88,4,1,3,8,Potential Loyal
C12150,33,19,421.77,5,4,2,11,Loyal
C12152,31,21,625.98,5,4,3,12,Loyal
C12153,2,8,344.95,1,1,1,3,Low Engagement
C12154,16,20,603.77,3,4,3,10,Loyal
C12155,1,16,681.24,1,3,3,7,Potential Loyal
C12156,22,12,429.87,3,2,2,7,Potential Loyal
C12157,14,23,1054.71,2,5,5,12,Loyal
C12158,34,28,1197.48,5,5,5,15,High Value
C12159,8,3,1193.06,2,1,5,8,Potential Loyal
C12160,26,7,357.25,4,1,1,6,At Risk
C12161,35,14,1186.86,5,2,5,12,Loyal
C12162,23,17,301.47,4,3,1,8,Potential Loyal
C12163,31,9,347.21,5,1,1,7,Potential Loyal
C12164,36,18,837.18,5,3,4,12,Loyal
C12165,26,12,339.48,4,2,1,7,Potential Loyal
C12166,35,19,469.02,5,4,2,11,Loyal
C12167,20,18,604.51,3,3,3,9,Potential Loyal
C12168,13,10,468.02,2,2,2,6,At Risk
C12169,3,21,713.47,1,4,3,8,Potential Loyal
C12170,34,15,1287.87,5,3,5,13,High Value
C12171,8,4,482.35,2,1,3,6,At Risk
C12172,0,26,416.56,1,5,2,8,Potential Loyal
C12173,17,16,350.49,3,3,1,7,Potential Loyal
C12174,6,10,1116.36,1,2,5,8,Potential Loyal
C12175,18,20,1435.42,3,4,5,12,Loyal
C12176,5,17,870.8,1,3,4,8,Potential Loyal
C12178,27,16,659.57,4,3,3,10,Loyal
C12179,31,11,607.18,5,2,3,10,Loyal
C12180,3,19,447.24,1,4,2,7,Potential Loyal
C12182,21,10,410.48,3,2,2,7,Potential Loyal
C12184,15,18,772.99,2,3,4,9,Potential Loyal
C12185,33,19,828.68,5,4,4,13,High Value
C12189,9,29,416.35,2,5,2,9,Potential Loyal
C12190,30,7,339.06,5,1,1,7,Potential Loyal
C12191,0,13,710.4,1,2,3,6,At Risk
C12193,24,10,1069.88,4,2,5,11,Loyal
C12194,17,19,473.93,3,4,2,9,Potential Loyal
C12195,12,7,852.22,2,1,4,7,Potential Loyal
C12196,8,4,608.94,2,1,3,6,At Risk
C12197,16,4,798.37,3,1,4,8,Potential Loyal
C12198,22,6,1146.36,3,1,5,9,Potential Loyal
C12200,23,9,818.49,4,1,4,9,Potential Loyal
C12201,30,31,858.24,5,5,4,14,High Value
C12202,25,13,883.11,4,2,4,10,Loyal
C12204,18,24,605.44,3,5,3,11,Loyal
C12206,13,20,817.55,2,4,4,10,Loyal
C12207,19,24,472.94,3,5,2,10,Loyal
C12209,16,13,408.19,3,2,2,7,Potential Loyal
C12210,1,18,1447.38,1,3,5,9,Potential Loyal
C12211,19,13,731.47,3,2,4,9,Potential Loyal
C12216,28,24,492.06,4,5,3,12,Loyal
C12219,13,10,828.01,2,2,4,8,Potential Loyal
C12220,16,5,618.08,3,1,3,7,Potential Loyal
C12221,21,25,778.62,3,5,4,12,Loyal
C12222,19,20,796.74,3,4,4,11,Loyal
C12224,12,23,1392.14,2,5,5,12,Loyal
C12225,6,13,635.75,1,2,3,6,At Risk
C12226,1,27,464.87,1,5,2,8,Potential Loyal
C12227,33,0,469.26,5,1,2,8,Potential Loyal
C12228,10,0,399.24,2,1,2,5,At Risk
C12229,22,32,409.44,3,5,2,10,Loyal
C12231,20,15,403.42,3,3,2,8,Potential Loyal
C12233,2,16,691.23,1,3,3,7,Potential Loyal
C12234,26,4,323.78,4,1,1,6,At Risk
C12235,20,12,1004.37,3,2,4,9,Potential Loyal
C12236,9,19,381.3,2,4,1,7,Potential Loyal
C12237,3,18,1438.89,1,3,5,9,Potential Loyal
C12238,20,14,448.48,3,2,2,7,Potential Loyal
C12239,20,5,838.27,3,1,4,8,Potential Loyal
C12240,29,18,768.32,4,3,4,11,Loyal
C12241,17,13,344.2,3,2,1,6,At Risk
C12242,8,15,607.2,2,3,3,8,Potential Loyal
C12243,32,18,465.79,5,3,2,10,Loyal
C12244,14,18,1489.99,2,3,5,10,Loyal
C12245,20,17,381.15,3,3,1,7,Potential Loyal
C12246,27,7,893.71,4,1,4,9,Potential Loyal
C12247,27,30,1423.11,4,5,5,14,High Value
C12248,30,28,1496.0,5,5,5,15,High Value
C12249,11,14,307.21,2,2,1,5,At Risk
C12250,10,23,662.96,2,5,3,10,Loyal
C12252,24,12,496.99,4,2,3,9,Potential Loyal
C12253,7,9,599.3,1,1,3,5,At Risk
C12254,5,14,814.76,1,2,4,7,Potential Loyal
C12255,16,17,427.15,3,3,2,8,Potential Loyal
C12256,18,14,299.12,3,2,1,6,At Risk
C12257,8,9,397.43,2,1,2,5,At Risk
C12258,33,10,622.61,5,2,3,10,Loyal
C12263,22,13,892.76,3,2,4,9,Potential Loyal
C12264,22,9,1472.11,3,1,5,9,Potential Loyal
C12267,5,23,421.35,1,5,2,8,Potential Loyal
C12268,7,5,721.69,1,1,3,5,At Risk
C12270,20,16,321.97,3,3,1,7,Potential Loyal
C12271,22,9,788.2,3,1,4,8,Potential Loyal
C12272,26,0,349.91,4,1,1,6,At Risk
C12273,28,14,755.81,4,2,4,10,Loyal
C12274,11,24,346.86,2,5,1,8,Potential Loyal
C12276,0,8,637.53,1,1,3,5,At Risk
C12277,21,14,347.76,3,2,1,6,At Risk
C12278,17,23,495.61,3,5,3,11,Loyal
C12279,34,11,404.91,5,2,2,9,Potential Loyal
C12280,33,9,1217.93,5,1,5,11,Loyal
C12281,17,10,350.78,3,2,1,6,At Risk
C12282,12,16,1490.47,2,3,5,10,Loyal
C12284,0,10,347.71,1,2,1,4,Low Engagement
C12286,30,22,851.07,5,4,4,13,High Value
C12287,23,17,1061.3,4,3,5,12,Loyal
C12288,27,6,879.74,4,1,4,9,Potential Loyal
C12289,23,11,866.98,4,2,4,10,Loyal
C12290,12,17,1097.77,2,3,5,10,Loyal
C12291,33,19,1370.23,5,4,5,14,High Value
C12292,33,29,787.6,5,5,4,14,High Value
C12293,35,21,348.34,5,4,1,10,Loyal
C12294,14,5,408.14,2,1,2,5,At Risk
C12295,13,23,638.64,2,5,3,10,Loyal
C12296,17,28,822.94,3,5,4,12,Loyal
C12297,30,15,688.05,5,3,3,11,Loyal
C12298,11,15,442.53,2,3,2,7,Potential Loyal
C12299,8,21,467.24,2,4,2,8,Potential Loyal
C12300,27,14,1363.68,4,2,5,11,Loyal
C12301,10,10,318.79,2,2,1,5,At Risk
C12302,16,18,882.94,3,3,4,10,Loyal
C12303,7,6,456.12,1,1,2,4,Low Engagement
C12304,21,13,382.09,3,2,1,6,At Risk
C12305,8,16,336.93,2,3,1,6,At Risk
C12307,23,20,431.0,4,4,2,10,Loyal
C12308,2,12,1297.0,1,2,5,8,Potential Loyal
C12309,34,24,776.96,5,5,4,14,High Value
C12310,35,20,461.8,5,4,2,11,Loyal
C12311,0,28,834.94,1,5,4,10,Loyal
C12313,9,23,622.19,2,5,3,10,Loyal
C12314,1,15,393.21,1,3,2,6,At Risk
C12315,30,14,1248.31,5,2,5,12,Loyal
C12317,21,12,1192.19,3,2,5,10,Loyal
C12318,7,12,369.91,1,2,1,4,Low Engagement
C12320,35,4,1496.94,5,1,5,11,Loyal
C12321,5,22,405.52,1,4,2,7,Potential Loyal
C12322,30,21,708.84,5,4,3,12,Loyal
C12323,6,16,372.06,1,3,1,5,At Risk
C12324,11,8,1231.41,2,1,5,8,Potential Loyal
C12325,7,1,803.61,1,1,4,6,At Risk
C12326,18,18,1446.68,3,3,5,11,Loyal
C12327,21,20,629.27,3,4,3,10,Loyal
C12328,32,3,1402.56,5,1,5,11,Loyal
C12329,32,27,768.3,5,5,4,14,High Value
C12330,8,5,716.19,2,1,3,6,At Risk
C12331,34,12,1381.16,5,2,5,12,Loyal
C12332,31,9,864.3,5,1,4,10,Loyal
C12333,15,22,859.22,2,4,4,10,Loyal
C12334,22,16,859.89,3,3,4,10,Loyal
C12336,0,20,413.41,1,4,2,7,Potential Loyal
C12338,26,28,1292.59,4,5,5,14,High Value
C12340,16,9,370.81,3,1,1,5,At Risk
C12341,34,13,1429.39,5,2,5,12,Loyal
C12342,19,26,1291.98,3,5,5,13,High Value
C12343,28,8,1397.04,4,1,5,10,Loyal
C12344,13,19,1139.98,2,4,5,11,Loyal
C12345,19,17,1400.55,3,3,5,11,Loyal
C12346,21,5,1114.52,3,1,5,9,Potential Loyal
C12347,8,9,636.64,2,1,3,6,At Risk
C12349,25,8,648.16,4,1,3,8,Potential Loyal
C12350,2,17,893.84,1,3,4,8,Potential Loyal
C12351,10,3,452.86,2,1,2,5,At Risk
C12352,26,28,395.76,4,5,2,11,Loyal
C12353,26,10,458.29,4,2,2,8,Potential Loyal
C12355,19,12,1195.63,3,2,5,10,Loyal
C12356,10,4,773.84,2,1,4,7,Potential Loyal
C12357,11,17,804.41,2,3,4,9,Potential Loyal
C12358,24,11,600.41,4,2,3,9,Potential Loyal
C12362,15,0,448.81,2,1,2,5,At Risk
C12363,31,4,302.1,5,1,1,7,Potential Loyal
C12365,9,9,877.3,2,1,4,7,Potential Loyal
C12366,16,27,1218.05,3,5,5,13,High Value
C12367,30,10,1311.39,5,2,5,12,Loyal
C12368,4,12,355.19,1,2,1,4,Low Engagement
C12369,2,24,1125.47,1,5,5,11,Loyal
C12370,26,25,1045.1,4,5,5,14,High Value
C12373,27,7,480.9,4,1,3,8,Potential Loyal
C12374,18,16,316.59,3,3,1,7,Potential Loyal
C12376,3,13,750.25,1,2,4,7,Potential Loyal
C12377,33,24,421.55,5,5,2,12,Loyal
C12378,35,10,1380.63,5,2,5,12,Loyal
C12379,18,26,333.26,3,5,1,9,Potential Loyal
C12380,30,18,403.53,5,3,2,10,Loyal
C12382,14,9,473.36,2,1,2,5,At Risk
C12383,33,26,459.5,5,5,2,12,Loyal
C12384,18,4,1042.94,3,1,5,9,Potential Loyal
C12385,34,7,799.11,5,1,4,10,Loyal
C12387,14,21,1260.49,2,4,5,11,Loyal
C12388,19,16,690.36,3,3,3,9,Potential Loyal
C12389,30,18,599.81,5,3,3,11,Loyal
C12390,5,6,735.01,1,1,4,6,At Risk
C12391,21,6,443.12,3,1,2,6,At Risk
C12392,23,25,798.19,4,5,4,13,High Value
C12393,22,12,343.36,3,2,1,6,At Risk
C12394,32,26,313.61,5,5,1,11,Loyal
C12395,25,12,1124.93,4,2,5,11,Loyal
C12399,1,14,680.88,1,2,3,6,At Risk
C12400,36,13,682.99,5,2,3,10,Loyal
C12401,20,19,371.91,3,4,1,8,Potential Loyal
C12402,28,20,1330.31,4,4,5,13,High Value
C12403,30,20,852.36,5,4,4,13,High Value
C12404,26,16,461.25,4,3,2,9,Potential Loyal
C12405,7,6,410.11,1,1,2,4,Low Engagement
C12406,31,23,377.61,5,5,1,11,Loyal
C12407,22,29,1368.53,3,5,5,13,High Value
C12408,10,3,1426.07,2,1,5,8,Potential Loyal
C12409,27,18,859.83,4,3,4,11,Loyal
C12410,23,14,896.16,4,2,4,10,Loyal
C12411,27,28,1238.65,4,5,5,14,High Value
C12413,12,25,779.34,2,5,4,11,Loyal
C12414,21,21,318.64,3,4,1,8,Potential Loyal
C12415,30,8,495.69,5,1,3,9,Potential Loyal
C12416,26,11,691.81,4,2,3,9,Potential Loyal
C12417,26,1,309.84,4,1,1,6,At Risk
C12418,16,15,427.96,3,3,2,8,Potential Loyal
C12419,12,14,838.6,2,2,4,8,Potential Loyal
C12420,24,16,842.3,4,3,4,11,Loyal
C12421,35,14,1136.93,5,2,5,12,Loyal
C12424,35,22,1310.29,5,4,5,14,High Value
C12425,25,11,495.78,4,2,3,9,Potential Loyal
C12427,31,13,836.92,5,2,4,11,Loyal
C12428,6,10,328.39,1,2,1,4,Low Engagement
C12429,19,14,442.98,3,2,2,7,Potential Loyal
C12430,21,8,346.51,3,1,1,5,At Risk
C12431,25,14,427.15,4,2,2,8,Potential Loyal
C12432,6,4,305.85,1,1,1,3,Low Engagement
C12434,12,9,770.4,2,1,4,7,Potential Loyal
C12435,10,23,851.08,2,5,4,11,Loyal
C12436,25,8,658.38,4,1,3,8,Potential Loyal
C12437,4,27,859.6,1,5,4,10,Loyal
C12440,9,20,455.01,2,4,2,8,Potential Loyal
C12442,10,8,1458.88,2,1,5,8,Potential Loyal
C12443,28,16,1042.83,4,3,5,12,Loyal
C12444,8,19,803.96,2,4,4,10,Loyal
C12445,5,21,861.51,1,4,4,9,Potential Loyal
C12446,1,16,470.66,1,3,2,6,At Risk
C12447,17,13,334.7,3,2,1,6,At Risk
C12449,4,18,629.07,1,3,3,7,Potential Loyal
C12450,26,30,1239.1,4,5,5,14,High Value
C12451,14,11,705.21,2,2,3,7,Potential Loyal
C12454,16,22,401.59,3,4,2,9,Potential Loyal
C12456,29,7,369.66,4,1,1,6,At Risk
C12459,13,6,302.78,2,1,1,4,Low Engagement
C12460,34,4,309.32,5,1,1,7,Potential Loyal
C12463,23,19,323.27,4,4,1,9,Potential Loyal
C12465,27,10,412.18,4,2,2,8,Potential Loyal
C12466,20,19,1069.88,3,4,5,12,Loyal
C12467,10,25,1382.7,2,5,5,12,Loyal
C12468,29,22,836.25,4,4,4,12,Loyal
C12470,32,12,482.31,5,2,3,10,Loyal
C12472,4,25,1272.59,1,5,5,11,Loyal
C12473,36,10,652.54,5,2,3,10,Loyal
C12474,23,25,408.21,4,5,2,11,Loyal
C12475,0,14,1085.34,1,2,5,8,Potential Loyal
C12477,12,16,345.53,2,3,1,6,At Risk
C12478,9,15,754.62,2,3,4,9,Potential Loyal
C12479,25,0,698.53,4,1,3,8,Potential Loyal
C12481,27,15,478.87,4,3,3,10,Loyal
C12482,29,29,454.04,4,5,2,11,Loyal
C12483,25,18,1207.34,4,3,5,12,Loyal
C12484,3,15,705.57,1,3,3,7,Potential Loyal
C12486,18,29,770.16,3,5,4,12,Loyal
C12488,5,20,327.18,1,4,1,6,At Risk
C12489,0,14,329.4,1,2,1,4,Low Engagement
C12491,29,12,1334.34,4,2,5,11,Loyal
C12493,13,16,682.29,2,3,3,8,Potential Loyal
C12494,4,12,1339.55,1,2,5,8,Potential Loyal
C12495,23,17,635.5,4,3,3,10,Loyal
C12496,9,17,851.78,2,3,4,9,Potential Loyal
C12497,10,15,427.49,2,3,2,7,Potential Loyal
C12498,17,25,637.02,3,5,3,11,Loyal
C12499,31,8,1454.47,5,1,5,11,Loyal
C12500,25,2,731.8,4,1,4,9,Potential Loyal
C12501,11,19,1355.49,2,4,5,11,Loyal
C12502,29,17,1370.69,4,3,5,12,Loyal
C12503,4,11,758.02,1,2,4,7,Potential Loyal
C12504,16,11,840.38,3,2,4,9,Potential Loyal
C12505,10,14,1130.91,2,2,5,9,Potential Loyal
C12506,32,5,465.94,5,1,2,8,Potential Loyal
C12507,11,16,1242.76,2,3,5,10,Loyal
C12508,15,3,333.16,2,1,1,4,Low Engagement
C12510,34,25,1432.1,5,5,5,15,High Value
C12511,21,21,822.64,3,4,4,11,Loyal
C12512,28,21,469.64,4,4,2,10,Loyal
C12513,3,13,866.81,1,2,4,7,Potential Loyal
C12515,22,15,725.49,3,3,3,9,Potential Loyal
C12516,34,27,369.11,5,5,1,11,Loyal
C12517,17,7,721.23,3,1,3,7,Potential Loyal
C12518,28,23,741.17,4,5,4,13,High Value
C12519,8,3,638.05,2,1,3,6,At Risk
C12520,1,11,351.46,1,2,1,4,Low Engagement
C12522,25,14,809.65,4,2,4,10,Loyal
C12524,5,17,420.56,1,3,2,6,At Risk
C12525,35,4,1377.83,5,1,5,11,Loyal
C12526,33,23,789.04,5,5,4,14,High Value
C12527,34,23,805.23,5,5,4,14,High Value
C12528,23,23,1179.43,4,5,5,14,High Value
C12529,10,27,1312.74,2,5,5,12,Loyal
C12530,23,11,826.27,4,2,4,10,Loyal
C12531,21,0,344.64,3,1,1,5,At Risk
C12532,21,24,341.8,3,5,1,9,Potential Loyal
C12533,11,21,678.95,2,4,3,9,Potential Loyal
C12534,36,10,1152.14,5,2,5,12,Loyal
C12535,12,8,443.6,2,1,2,5,At Risk
C12537,15,22,480.07,2,4,3,9,Potential Loyal
C12538,17,18,426.82,3,3,2,8,Potential Loyal
C12539,34,17,459.38,5,3,2,10,Loyal
C12540,8,24,321.94,2,5,1,8,Potential Loyal
C12541,15,17,1217.79,2,3,5,10,Loyal
C12542,18,7,332.51,3,1,1,5,At Risk
C12543,27,10,1236.4,4,2,5,11,Loyal
C12544,8,5,379.18,2,1,1,4,Low Engagement
C12547,17,11,629.12,3,2,3,8,Potential Loyal
C12548,24,12,773.6,4,2,4,10,Loyal
C12549,22,16,351.74,3,3,1,7,Potential Loyal
C12551,29,13,1099.18,4,2,5,11,Loyal
C12552,9,21,449.08,2,4,2,8,Potential Loyal
C12553,6,29,461.14,1,5,2,8,Potential Loyal
C12555,21,13,371.3,3,2,1,6,At Risk
C12556,20,19,752.03,3,4,4,11,Loyal
C12557,26,3,827.51,4,1,4,9,Potential Loyal
C12558,1,12,334.21,1,2,1,4,Low Engagement
C12561,1,4,1058.07,1,1,5,7,Potential Loyal
C12562,13,29,605.04,2,5,3,10,Loyal
C12563,31,24,475.92,5,5,3,13,High Value
C12564,20,5,1057.76,3,1,5,9,Potential Loyal
C12566,24,24,886.22,4,5,4,13,High Value
C12567,10,11,436.8,2,2,2,6,At Risk
C12568,20,7,329.96,3,1,1,5,At Risk
C12570,20,26,678.57,3,5,3,11,Loyal
C12571,19,15,336.66,3,3,1,7,Potential Loyal
C12573,5,8,388.47,1,1,2,4,Low Engagement
C12574,28,25,1064.06,4,5,5,14,High Value
C12577,26,21,475.47,4,4,3,11,Loyal
C12578,21,21,299.36,3,4,1,8,Potential Loyal
C12580,32,24,757.24,5,5,4,14,High Value
C12582,2,4,481.23,1,1,3,5,At Risk
C12583,16,11,697.87,3,2,3,8,Potential Loyal
C12584,36,27,605.48,5,5,3,13,High Value
C12585,0,18,637.92,1,3,3,7,Potential Loyal
C12586,12,24,876.38,2,5,4,11,Loyal
C12588,29,24,1203.79,4,5,5,14,High Value
C12589,35,30,457.54,5,5,2,12,Loyal
C12590,6,17,732.94,1,3,4,8,Potential Loyal
C12591,24,25,383.5,4,5,1,10,Loyal
C12592,36,11,736.47,5,2,4,11,Loyal
C12593,30,4,1290.23,5,1,5,11,Loyal
C12594,35,8,793.78,5,1,4,10,Loyal
C12595,30,20,439.53,5,4,2,11,Loyal
C12596,1,4,491.31,1,1,3,5,At Risk
C12597,35,22,805.47,5,4,4,13,High Value
C12598,7,26,1309.25,1,5,5,11,Loyal
C12599,15,11,1394.29,2,2,5,9,Potential Loyal
C12600,28,18,498.02,4,3,3,10,Loyal
C12601,9,30,382.04,2,5,1,8,Potential Loyal
C12602,17,13,420.06,3,2,2,7,Potential Loyal
C12605,19,20,356.55,3,4,1,8,Potential Loyal
C12606,20,8,1299.55,3,1,5,9,Potential Loyal
C12607,16,21,381.09,3,4,1,8,Potential Loyal
C12608,34,8,891.24,5,1,4,10,Loyal
C12610,31,34,797.72,5,5,4,14,High Value
C12611,16,26,1050.21,3,5,5,13,High Value
C12613,19,14,354.05,3,2,1,6,At Risk
C12614,18,26,1082.52,3,5,5,13,High Value
C12615,5,13,368.75,1,2,1,4,Low Engagement
C12616,9,12,604.2,2,2,3,7,Potential Loyal
C12617,30,8,405.51,5,1,2,8,Potential Loyal
C12618,17,4,492.68,3,1,3,7,Potential Loyal
C12619,35,20,848.39,5,4,4,13,High Value
C12620,18,19,498.84,3,4,3,10,Loyal
C12621,31,15,888.03,5,3,4,12,Loyal
C12626,3,11,849.82,1,2,4,7,Potential Loyal
C12628,34,16,816.9,5,3,4,12,Loyal
C12629,11,26,378.75,2,5,1,8,Potential Loyal
C12630,33,15,733.52,5,3,4,12,Loyal
C12632,15,9,876.88,2,1,4,7,Potential Loyal
C12633,12,0,1472.1,2,1,5,8,Potential Loyal
C12634,10,19,828.81,2,4,4,10,Loyal
C12635,15,1,885.01,2,1,4,7,Potential Loyal
C12636,30,8,419.17,5,1,2,8,Potential Loyal
C12638,19,15,754.49,3,3,4,10,Loyal
C12639,21,18,704.47,3,3,3,9,Potential Loyal
C12640,9,22,824.99,2,4,4,10,Loyal
C12641,24,12,799.45,4,2,4,10,Loyal
C12642,33,11,406.36,5,2,2,9,Potential Loyal
C12643,33,0,1218.8,5,1,5,11,Loyal
C12644,34,14,649.93,5,2,3,10,Loyal
C12645,33,19,358.79,5,4,1,10,Loyal
C12646,14,23,1162.7,2,5,5,12,Loyal
C12648,3,6,396.2,1,1,2,4,Low Engagement
C12649,34,11,385.12,5,2,1,8,Potential Loyal
C12650,28,10,485.09,4,2,3,9,Potential Loyal
C12651,10,17,462.73,2,3,2,7,Potential Loyal
C12652,13,0,1365.3,2,1,5,8,Potential Loyal
C12653,7,12,793.37,1,2,4,7,Potential Loyal
C12655,6,7,879.61,1,1,4,6,At Risk
C12657,28,12,1400.25,4,2,5,11,Loyal
C12658,27,22,386.14,4,4,1,9,Potential Loyal
C12659,0,7,379.61,1,1,1,3,Low Engagement
C12660,33,5,466.47,5,1,2,8,Potential Loyal
C12661,26,21,458.96,4,4,2,10,Loyal
C12663,9,14,637.34,2,2,3,7,Potential Loyal
C12664,8,4,1405.27,2,1,5,8,Potential Loyal
C12665,32,7,1155.93,5,1,5,11,Loyal
C12666,5,29,417.33,1,5,2,8,Potential Loyal
C12668,27,26,442.96,4,5,2,11,Loyal
C12669,8,18,308.02,2,3,1,6,At Risk
C12670,15,1,472.0,2,1,2,5,At Risk
C12671,10,7,381.7,2,1,1,4,Low Engagement
C12672,28,6,671.09,4,1,3,8,Potential Loyal
C12673,20,12,307.22,3,2,1,6,At Risk
C12674,30,20,782.34,5,4,4,13,High Value
C12676,16,14,869.99,3,2,4,9,Potential Loyal
C12679,23,19,765.93,4,4,4,12,Loyal
C12683,23,19,1228.87,4,4,5,13,High Value
C12684,30,13,846.56,5,2,4,11,Loyal
C12686,0,22,776.97,1,4,4,9,Potential Loyal
C12687,25,11,438.15,4,2,2,8,Potential Loyal
C12688,36,8,823.8,5,1,4,10,Loyal
C12690,7,31,700.35,1,5,3,9,Potential Loyal
C12691,34,18,891.47,5,3,4,12,Loyal
C12692,8,7,1136.96,2,1,5,8,Potential Loyal
C12693,27,24,676.84,4,5,3,12,Loyal
C12695,1,14,1043.57,1,2,5,8,Potential Loyal
C12696,31,6,1099.31,5,1,5,11,Loyal
C12697,7,16,409.99,1,3,2,6,At Risk
C12699,15,20,694.49,2,4,3,9,Potential Loyal
C12700,2,29,470.98,1,5,2,8,Potential Loyal
C12701,27,17,1030.45,4,3,5,12,Loyal
C12702,24,14,841.51,4,2,4,10,Loyal
C12704,31,19,429.63,5,4,2,11,Loyal
C12705,15,11,475.94,2,2,3,7,Potential Loyal
C12706,18,17,442.31,3,3,2,8,Potential Loyal
C12707,1,20,401.09,1,4,2,7,Potential Loyal
C12708,15,19,702.22,2,4,3,9,Potential Loyal
C12709,12,19,328.68,2,4,1,7,Potential Loyal
C12711,10,15,1326.58,2,3,5,10,Loyal
C12712,32,31,863.76,5,5,4,14,High Value
C12713,27,14,371.28,4,2,1,7,Potential Loyal
C12714,15,14,302.94,2,2,1,5,At Risk
C12715,7,19,1423.98,1,4,5,10,Loyal
C12717,25,19,370.64,4,4,1,9,Potential Loyal
C12719,25,16,388.5,4,3,2,9,Potential Loyal
C12720,20,15,886.46,3,3,4,10,Loyal
C12721,5,9,888.38,1,1,4,6,At Risk
C12722,22,4,1197.94,3,1,5,9,Potential Loyal
C12723,3,15,639.63,1,3,3,7,Potential Loyal
C12725,2,25,1189.92,1,5,5,11,Loyal
C12729,12,11,495.18,2,2,3,7,Potential Loyal
C12730,31,5,456.84,5,1,2,8,Potential Loyal
C12731,12,25,1301.14,2,5,5,12,Loyal
C12732,10,25,437.79,2,5,2,9,Potential Loyal
C12733,6,15,342.4,1,3,1,5,At Risk
C12734,5,6,656.49,1,1,3,5,At Risk
C12735,7,20,1284.16,1,4,5,10,Loyal
C12736,13,6,492.13,2,1,3,6,At Risk
C12737,30,5,1146.06,5,1,5,11,Loyal
C12738,29,16,474.59,4,3,2,9,Potential Loyal
C12739,34,29,339.08,5,5,1,11,Loyal
C12740,29,17,368.98,4,3,1,8,Potential Loyal
C12742,22,13,764.61,3,2,4,9,Potential Loyal
C12743,11,19,459.47,2,4,2,8,Potential Loyal
C12748,28,12,1373.59,4,2,5,11,Loyal
C12749,11,25,418.5,2,5,2,9,Potential Loyal
C12750,9,22,620.62,2,4,3,9,Potential Loyal
C12751,31,21,485.54,5,4,3,12,Loyal
C12752,29,25,1017.98,4,5,5,14,High Value
C12753,30,23,306.65,5,5,1,11,Loyal
C12754,33,19,828.77,5,4,4,13,High Value
C12755,12,18,791.64,2,3,4,9,Potential Loyal
C12756,6,13,1403.93,1,2,5,8,Potential Loyal
C12757,7,25,894.26,1,5,4,10,Loyal
C12758,4,17,362.24,1,3,1,5,At Risk
C12759,17,10,717.79,3,2,3,8,Potential Loyal
C12760,4,21,488.23,1,4,3,8,Potential Loyal
C12761,8,23,377.47,2,5,1,8,Potential Loyal
C12762,32,8,469.28,5,1,2,8,Potential Loyal
C12763,1,13,767.57,1,2,4,7,Potential Loyal
C12765,31,13,351.34,5,2,1,8,Potential Loyal
C12766,29,16,665.53,4,3,3,10,Loyal
C12768,3,11,1058.77,1,2,5,8,Potential Loyal
C12769,17,4,1015.02,3,1,5,9,Potential Loyal
C12771,4,7,349.71,1,1,1,3,Low Engagement
C12773,33,18,654.47,5,3,3,11,Loyal
C12774,4,13,786.66,1,2,4,7,Potential Loyal
C12775,29,23,875.45,4,5,4,13,High Value
C12776,2,20,326.92,1,4,1,6,At Risk
C12777,8,5,495.08,2,1,3,6,At Risk
C12778,34,22,403.9,5,4,2,11,Loyal
C12779,18,22,756.06,3,4,4,11,Loyal
C12780,1,21,366.65,1,4,1,6,At Risk
C12781,18,15,433.39,3,3,2,8,Potential Loyal
C12783,26,7,343.37,4,1,1,6,At Risk
C12784,8,7,884.94,2,1,4,7,Potential Loyal
C12785,11,5,486.18,2,1,3,6,At Risk
C12786,30,21,637.21,5,4,3,12,Loyal
C12788,30,3,491.05,5,1,3,9,Potential Loyal
C12789,29,6,370.84,4,1,1,6,At Risk
C12790,7,12,299.98,1,2,1,4,Low Engagement
C12791,15,16,1253.47,2,3,5,10,Loyal
C12795,17,10,442.08,3,2,2,7,Potential Loyal
C12796,30,15,343.38,5,3,1,9,Potential Loyal
C12798,26,10,1198.94,4,2,5,11,Loyal
C12799,20,21,353.06,3,4,1,8,Potential Loyal
C12800,23,10,749.84,4,2,4,10,Loyal
C12804,2,23,659.34,1,5,3,9,Potential Loyal
C12805,32,16,689.12,5,3,3,11,Loyal
C12806,34,5,1219.7,5,1,5,11,Loyal
C12807,10,27,1187.52,2,5,5,12,Loyal
C12808,20,26,678.33,3,5,3,11,Loyal
C12809,10,14,431.7,2,2,2,6,At Risk
C12810,22,13,688.86,3,2,3,8,Potential Loyal
C12811,15,17,628.12,2,3,3,8,Potential Loyal
C12812,5,26,466.58,1,5,2,8,Potential Loyal
C12813,26,25,392.42,4,5,2,11,Loyal
C12817,5,23,368.69,1,5,1,7,Potential Loyal
C12818,18,12,695.5,3,2,3,8,Potential Loyal
C12819,22,1,1482.4,3,1,5,9,Potential Loyal
C12820,10,10,332.76,2,2,1,5,At Risk
C12821,28,14,1467.54,4,2,5,11,Loyal
C12823,23,4,376.82,4,1,1,6,At Risk
C12824,35,6,319.77,5,1,1,7,Potential Loyal
C12825,21,19,326.72,3,4,1,8,Potential Loyal
C12828,9,7,498.56,2,1,3,6,At Risk
C12829,34,17,613.71,5,3,3,11,Loyal
C12830,19,22,1123.32,3,4,5,12,Loyal
C12831,34,12,1144.73,5,2,5,12,Loyal
C12832,17,11,320.89,3,2,1,6,At Risk
C12834,26,14,862.8,4,2,4,10,Loyal
C12835,5,16,358.49,1,3,1,5,At Risk
C12836,11,15,1170.84,2,3,5,10,Loyal
C12837,21,10,611.15,3,2,3,8,Potential Loyal
C12838,26,26,332.39,4,5,1,10,Loyal
C12839,24,17,452.72,4,3,2,9,Potential Loyal
C12840,25,20,838.81,4,4,4,12,Loyal
C12841,8,6,320.42,2,1,1,4,Low Engagement
C12842,1,16,353.67,1,3,1,5,At Risk
C12843,0,21,753.81,1,4,4,9,Potential Loyal
C12844,32,5,1166.04,5,1,5,11,Loyal
C12845,17,15,439.89,3,3,2,8,Potential Loyal
C12846,18,11,1180.09,3,2,5,10,Loyal
C12848,13,29,870.35,2,5,4,11,Loyal
C12849,35,3,889.15,5,1,4,10,Loyal
C12851,29,22,1378.03,4,4,5,13,High Value
C12852,5,14,1434.65,1,2,5,8,Potential Loyal
C12853,16,18,340.9,3,3,1,7,Potential Loyal
C12854,5,22,336.06,1,4,1,6,At Risk
C12855,6,2,881.2,1,1,4,6,At Risk
C12856,5,20,313.91,1,4,1,6,At Risk
C12857,34,4,322.04,5,1,1,7,Potential Loyal
C12859,13,3,482.96,2,1,3,6,At Risk
C12860,23,31,426.16,4,5,2,11,Loyal
C12861,9,13,634.74,2,2,3,7,Potential Loyal
C12862,9,29,1388.32,2,5,5,12,Loyal
C12865,10,21,461.37,2,4,2,8,Potential Loyal
C12866,27,16,1440.17,4,3,5,12,Loyal
C12867,31,10,1210.66,5,2,5,12,Loyal
C12868,10,21,769.81,2,4,4,10,Loyal
C12869,27,28,410.97,4,5,2,11,Loyal
C12870,1,3,800.84,1,1,4,6,At Risk
C12871,9,20,314.98,2,4,1,7,Potential Loyal
C12872,15,15,347.45,2,3,1,6,At Risk
C12873,22,17,822.2,3,3,4,10,Loyal
C12874,7,19,800.19,1,4,4,9,Potential Loyal
C12877,33,22,1449.91,5,4,5,14,High Value
C12878,12,4,310.78,2,1,1,4,Low Engagement
C12879,1,5,463.32,1,1,2,4,Low Engagement
C12880,1,13,659.94,1,2,3,6,At Risk
C12882,8,10,833.44,2,2,4,8,Potential Loyal
C12883,20,18,379.07,3,3,1,7,Potential Loyal
C12884,27,14,1197.41,4,2,5,11,Loyal
C12885,19,25,337.67,3,5,1,9,Potential Loyal
C12886,8,18,1463.71,2,3,5,10,Loyal
C12887,11,21,706.33,2,4,3,9,Potential Loyal
C12888,28,25,421.5,4,5,2,11,Loyal
C12889,35,16,495.9,5,3,3,11,Loyal
C12891,34,11,1341.12,5,2,5,12,Loyal
C12892,26,17,393.33,4,3,2,9,Potential Loyal
C12893,29,15,1376.67,4,3,5,12,Loyal
C12894,25,22,1002.02,4,4,4,12,Loyal
C12895,25,7,1418.56,4,1,5,10,Loyal
C12896,14,4,359.87,2,1,1,4,Low Engagement
C12897,8,27,394.33,2,5,2,9,Potential Loyal
C12898,29,11,767.88,4,2,4,10,Loyal
C12899,15,15,705.19,2,3,3,8,Potential Loyal
C12900,10,27,1429.38,2,5,5,12,Loyal
C12901,9,31,669.48,2,5,3,10,Loyal
C12903,23,10,364.34,4,2,1,7,Potential Loyal
C12904,27,28,471.74,4,5,2,11,Loyal
C12905,32,8,768.04,5,1,4,10,Loyal
C12907,12,18,651.6,2,3,3,8,Potential Loyal
C12908,1,28,454.78,1,5,2,8,Potential Loyal
C12910,15,11,754.36,2,2,4,8,Potential Loyal
C12912,23,22,676.64,4,4,3,11,Loyal
C12913,29,5,425.61,4,1,2,7,Potential Loyal
C12915,19,8,480.55,3,1,3,7,Potential Loyal
C12916,33,21,1453.04,5,4,5,14,High Value
C12917,19,8,455.84,3,1,2,6,At Risk
C12918,10,20,607.04,2,4,3,9,Potential Loyal
C12919,8,16,304.45,2,3,1,6,At Risk
C12920,23,26,352.54,4,5,1,10,Loyal
C12921,3,22,344.89,1,4,1,6,At Risk
C12922,10,13,377.98,2,2,1,5,At Risk
C12923,10,10,770.75,2,2,4,8,Potential Loyal
C12924,8,17,1263.99,2,3,5,10,Loyal
C12925,32,9,741.81,5,1,4,10,Loyal
C12926,16,17,848.54,3,3,4,10,Loyal
C12927,1,15,630.16,1,3,3,7,Potential Loyal
C12929,24,16,350.07,4,3,1,8,Potential Loyal
C12930,11,5,300.97,2,1,1,4,Low Engagement
C12931,28,5,876.31,4,1,4,9,Potential Loyal
C12933,12,10,339.0,2,2,1,5,At Risk
C12934,36,24,390.35,5,5,2,12,Loyal
C12935,21,10,706.74,3,2,3,8,Potential Loyal
C12937,30,29,639.39,5,5,3,13,High Value
C12939,2,16,460.46,1,3,2,6,At Risk
C12940,15,26,480.42,2,5,3,10,Loyal
C12942,13,10,1423.46,2,2,5,9,Potential Loyal
C12943,19,1,420.85,3,1,2,6,At Risk
C12944,35,9,301.38,5,1,1,7,Potential Loyal
C12945,35,15,1412.01,5,3,5,13,High Value
C12946,24,23,894.78,4,5,4,13,High Value
C12947,16,17,1097.06,3,3,5,11,Loyal
C12950,5,17,446.73,1,3,2,6,At Risk
C12952,28,14,1477.87,4,2,5,11,Loyal
C12953,12,16,673.7,2,3,3,8,Potential Loyal
C12954,24,13,763.98,4,2,4,10,Loyal
C12958,6,18,429.92,1,3,2,6,At Risk
C12959,10,18,449.42,2,3,2,7,Potential Loyal
C12962,15,0,842.57,2,1,4,7,Potential Loyal
C12963,36,27,616.76,5,5,3,13,High Value
C12964,30,5,416.76,5,1,2,8,Potential Loyal
C12965,19,4,693.78,3,1,3,7,Potential Loyal
C12966,26,5,635.76,4,1,3,8,Potential Loyal
C12967,15,19,706.89,2,4,3,9,Potential Loyal
C12969,15,13,732.53,2,2,4,8,Potential Loyal
C12970,22,11,894.4,3,2,4,9,Potential Loyal
C12971,26,13,604.52,4,2,3,9,Potential Loyal
C12973,31,18,343.24,5,3,1,9,Potential Loyal
C12974,28,20,747.53,4,4,4,12,Loyal
C12975,26,26,1227.3,4,5,5,14,High Value
C12978,12,10,412.39,2,2,2,6,At Risk
C12979,24,19,668.57,4,4,3,11,Loyal
C12981,31,18,474.86,5,3,2,10,Loyal
C12982,5,13,330.03,1,2,1,4,Low Engagement
C12983,30,25,712.08,5,5,3,13,High Value
C12984,8,8,625.14,2,1,3,6,At Risk
C12985,23,10,470.96,4,2,2,8,Potential Loyal
C12986,15,12,661.78,2,2,3,7,Potential Loyal
C12988,15,9,1414.57,2,1,5,8,Potential Loyal
C12991,17,17,856.43,3,3,4,10,Loyal
C12992,24,12,355.24,4,2,1,7,Potential Loyal
C12993,8,8,383.7,2,1,1,4,Low Engagement
C12994,17,15,371.82,3,3,1,7,Potential Loyal
C12995,22,13,1157.8,3,2,5,10,Loyal
C12996,6,19,407.02,1,4,2,7,Potential Loyal
C12997,29,2,325.24,4,1,1,6,At Risk
C12999,28,11,354.57,4,2,1,7,Potential Loyal
C13000,31,16,434.23,5,3,2,10,Loyal
C13001,22,10,710.29,3,2,3,8,Potential Loyal
C13002,1,19,657.67,1,4,3,8,Potential Loyal
C13003,29,16,1130.5,4,3,5,12,Loyal
C13004,23,11,385.71,4,2,1,7,Potential Loyal
C13005,20,11,751.7,3,2,4,9,Potential Loyal
C13006,12,17,869.7,2,3,4,9,Potential Loyal
C13007,28,1,346.67,4,1,1,6,At Risk
C13011,31,14,402.26,5,2,2,9,Potential Loyal
C13013,29,16,845.29,4,3,4,11,Loyal
C13015,6,18,421.72,1,3,2,6,At Risk
C13017,22,8,377.56,3,1,1,5,At Risk
C13018,33,18,794.46,5,3,4,12,Loyal
C13019,35,0,878.76,5,1,4,10,Loyal
C13021,29,22,1468.49,4,4,5,13,High Value
C13022,4,9,410.48,1,1,2,4,Low Engagement
C13023,24,11,375.53,4,2,1,7,Potential Loyal
C13024,16,1,740.85,3,1,4,8,Potential Loyal
C13025,9,14,373.4,2,2,1,5,At Risk
C13026,1,7,353.84,1,1,1,3,Low Engagement
C13027,25,4,624.16,4,1,3,8,Potential Loyal
C13028,19,27,862.17,3,5,4,12,Loyal
C13030,32,7,1415.05,5,1,5,11,Loyal
C13032,31,16,308.88,5,3,1,9,Potential Loyal
C13033,21,21,695.58,3,4,3,10,Loyal
C13034,13,11,1006.71,2,2,5,9,Potential Loyal
C13035,34,9,464.69,5,1,2,8,Potential Loyal
C13036,12,23,788.87,2,5,4,11,Loyal
C13038,14,23,496.4,2,5,3,10,Loyal
C13040,9,17,1246.6,2,3,5,10,Loyal
C13041,1,18,847.63,1,3,4,8,Potential Loyal
C13042,29,26,389.38,4,5,2,11,Loyal
C13043,22,16,809.12,3,3,4,10,Loyal
C13044,26,23,301.49,4,5,1,10,Loyal
C13045,26,27,707.69,4,5,3,12,Loyal
C13047,34,5,422.91,5,1,2,8,Potential Loyal
C13048,23,9,420.73,4,1,2,7,Potential Loyal
C13049,0,16,358.55,1,3,1,5,At Risk
C13050,21,2,840.33,3,1,4,8,Potential Loyal
C13052,24,10,845.59,4,2,4,10,Loyal
C13054,15,13,685.66,2,2,3,7,Potential Loyal
C13055,29,5,399.73,4,1,2,7,Potential Loyal
C13056,14,23,1193.54,2,5,5,12,Loyal
C13057,26,23,404.46,4,5,2,11,Loyal
C13058,18,6,889.73,3,1,4,8,Potential Loyal
C13060,16,21,1396.68,3,4,5,12,Loyal
C13061,30,21,451.71,5,4,2,11,Loyal
C13063,2,25,849.3,1,5,4,10,Loyal
C13066,5,17,299.5,1,3,1,5,At Risk
C13068,14,18,706.17,2,3,3,8,Potential Loyal
C13069,33,3,462.66,5,1,2,8,Potential Loyal
C13070,33,3,1359.57,5,1,5,11,Loyal
C13071,13,17,1268.7,2,3,5,10,Loyal
C13072,20,17,357.13,3,3,1,7,Potential Loyal
C13074,13,20,774.62,2,4,4,10,Loyal
C13075,20,16,475.75,3,3,3,9,Potential Loyal
C13076,7,27,310.24,1,5,1,7,Potential Loyal
C13077,0,16,423.3,1,3,2,6,At Risk
C13081,23,4,323.87,4,1,1,6,At Risk
C13082,22,4,391.51,3,1,2,6,At Risk
C13083,11,8,796.92,2,1,4,7,Potential Loyal
C13084,17,25,1415.58,3,5,5,13,High Value
C13086,10,12,391.9,2,2,2,6,At Risk
C13087,18,3,641.89,3,1,3,7,Potential Loyal
C13088,1,16,418.14,1,3,2,6,At Risk
C13089,8,9,380.8,2,1,1,4,Low Engagement
C13090,30,15,301.18,5,3,1,9,Potential Loyal
C13091,22,17,786.17,3,3,4,10,Loyal
C13092,6,21,302.49,1,4,1,6,At Risk
C13093,24,26,677.16,4,5,3,12,Loyal
C13094,16,25,665.43,3,5,3,11,Loyal
C13095,23,14,399.21,4,2,2,8,Potential Loyal
C13096,33,12,717.43,5,2,3,10,Loyal
C13097,11,18,479.0,2,3,3,8,Potential Loyal
C13098,23,7,828.46,4,1,4,9,Potential Loyal
C13099,19,10,400.99,3,2,2,7,Potential Loyal
C13100,10,13,470.33,2,2,2,6,At Risk
C13102,25,10,314.35,4,2,1,7,Potential Loyal
C13103,25,14,745.93,4,2,4,10,Loyal
C13104,1,7,1197.61,1,1,5,7,Potential Loyal
C13106,5,16,814.52,1,3,4,8,Potential Loyal
C13107,3,20,441.1,1,4,2,7,Potential Loyal
C13108,10,17,834.05,2,3,4,9,Potential Loyal
C13109,26,13,721.19,4,2,3,9,Potential Loyal
C13111,16,17,326.77,3,3,1,7,Potential Loyal
C13113,22,3,376.7,3,1,1,5,At Risk
C13114,16,20,313.53,3,4,1,8,Potential Loyal
C13115,29,26,702.96,4,5,3,12,Loyal
C13116,18,16,463.61,3,3,2,8,Potential Loyal
C13117,26,22,396.85,4,4,2,10,Loyal
C13118,25,27,333.89,4,5,1,10,Loyal
C13119,20,11,758.65,3,2,4,9,Potential Loyal
C13121,13,24,422.19,2,5,2,9,Potential Loyal
C13122,32,13,313.95,5,2,1,8,Potential Loyal
C13123,14,3,1442.13,2,1,5,8,Potential Loyal
C13124,30,9,453.69,5,1,2,8,Potential Loyal
C13126,35,2,442.82,5,1,2,8,Potential Loyal
C13127,22,19,810.14,3,4,4,11,Loyal
C13128,14,20,761.06,2,4,4,10,Loyal
C13129,28,14,304.56,4,2,1,7,Potential Loyal
C13130,1,15,387.66,1,3,2,6,At Risk
C13131,9,20,467.65,2,4,2,8,Potential Loyal
C13133,22,21,788.79,3,4,4,11,Loyal
C13134,5,9,409.01,1,1,2,4,Low Engagement
C13135,31,18,863.02,5,3,4,12,Loyal
C13136,11,2,471.15,2,1,2,5,At Risk
C13138,21,9,377.52,3,1,1,5,At Risk
C13139,34,8,729.03,5,1,3,9,Potential Loyal
C13140,0,20,830.54,1,4,4,9,Potential Loyal
C13142,10,3,1121.72,2,1,5,8,Potential Loyal
C13143,10,14,347.02,2,2,1,5,At Risk
C13144,29,18,1102.56,4,3,5,12,Loyal
C13146,15,0,427.7,2,1,2,5,At Risk
C13147,33,0,391.78,5,1,2,8,Potential Loyal
C13149,22,20,609.34,3,4,3,10,Loyal
C13150,14,2,1398.2,2,1,5,8,Potential Loyal
C13151,18,19,351.85,3,4,1,8,Potential Loyal
C13152,2,6,804.96,1,1,4,6,At Risk
C13155,12,14,346.01,2,2,1,5,At Risk
C13158,15,26,477.64,2,5,3,10,Loyal
C13159,30,19,1339.62,5,4,5,14,High Value
C13160,9,12,446.04,2,2,2,6,At Risk
C13161,19,2,1209.7,3,1,5,9,Potential Loyal
C13162,8,16,770.84,2,3,4,9,Potential Loyal
C13163,30,20,629.77,5,4,3,12,Loyal
C13166,21,12,821.21,3,2,4,9,Potential Loyal
C13167,17,9,439.88,3,1,2,6,At Risk
C13168,1,22,397.35,1,4,2,7,Potential Loyal
C13172,15,13,445.3,2,2,2,6,At Risk
C13173,20,15,348.47,3,3,1,7,Potential Loyal
C13174,12,12,870.79,2,2,4,8,Potential Loyal
C13175,27,24,317.89,4,5,1,10,Loyal
C13176,24,16,861.0,4,3,4,11,Loyal
C13177,21,9,386.8,3,1,1,5,At Risk
C13179,26,25,401.36,4,5,2,11,Loyal
C13182,5,18,737.23,1,3,4,8,Potential Loyal
C13183,17,16,495.87,3,3,3,9,Potential Loyal
C13185,19,19,860.38,3,4,4,11,Loyal
C13188,0,13,299.98,1,2,1,4,Low Engagement
C13189,21,16,408.49,3,3,2,8,Potential Loyal
C13191,29,15,849.8,4,3,4,11,Loyal
C13193,32,22,670.75,5,4,3,12,Loyal
C13194,18,1,868.5,3,1,4,8,Potential Loyal
C13197,26,22,1313.42,4,4,5,13,High Value
C13198,13,22,401.09,2,4,2,8,Potential Loyal
C13200,12,19,1060.35,2,4,5,11,Loyal
C13201,13,14,377.75,2,2,1,5,At Risk
C13202,32,26,410.26,5,5,2,12,Loyal
C13203,3,29,459.71,1,5,2,8,Potential Loyal
C13204,18,24,1295.88,3,5,5,13,High Value
C13205,10,13,449.97,2,2,2,6,At Risk
C13206,21,10,629.74,3,2,3,8,Potential Loyal
C13207,13,14,300.3,2,2,1,5,At Risk
C13208,29,12,402.64,4,2,2,8,Potential Loyal
C13210,31,12,1416.45,5,2,5,12,Loyal
C13211,1,8,740.12,1,1,4,6,At Risk
C13212,8,16,1183.01,2,3,5,10,Loyal
C13213,25,11,376.05,4,2,1,7,Potential Loyal
C13214,27,25,618.32,4,5,3,12,Loyal
C13217,25,22,412.77,4,4,2,10,Loyal
C13218,8,3,867.72,2,1,4,7,Potential Loyal
C13220,30,26,745.28,5,5,4,14,High Value
C13221,1,21,406.22,1,4,2,7,Potential Loyal
C13223,31,11,470.74,5,2,2,9,Potential Loyal
C13224,21,8,627.53,3,1,3,7,Potential Loyal
C13225,23,14,607.42,4,2,3,9,Potential Loyal
C13227,19,18,458.81,3,3,2,8,Potential Loyal
C13229,35,7,334.73,5,1,1,7,Potential Loyal
C13230,13,12,1484.99,2,2,5,9,Potential Loyal
C13231,6,6,1254.56,1,1,5,7,Potential Loyal
C13232,20,15,1388.21,3,3,5,11,Loyal
C13233,16,23,339.98,3,5,1,9,Potential Loyal
C13235,23,1,831.92,4,1,4,9,Potential Loyal
C13236,27,6,396.78,4,1,2,7,Potential Loyal
C13238,20,16,403.92,3,3,2,8,Potential Loyal
C13240,21,24,1130.2,3,5,5,13,High Value
C13241,12,28,667.01,2,5,3,10,Loyal
C13242,24,24,352.03,4,5,1,10,Loyal
C13244,30,16,332.06,5,3,1,9,Potential Loyal
C13246,18,6,864.85,3,1,4,8,Potential Loyal
C13247,22,30,369.98,3,5,1,9,Potential Loyal
C13248,29,17,713.23,4,3,3,10,Loyal
C13250,8,10,449.47,2,2,2,6,At Risk
C13251,27,23,326.78,4,5,1,10,Loyal
C13252,4,3,737.08,1,1,4,6,At Risk
C13253,5,26,448.01,1,5,2,8,Potential Loyal
C13254,30,27,881.34,5,5,4,14,High Value
C13255,17,18,445.83,3,3,2,8,Potential Loyal
C13256,10,20,808.96,2,4,4,10,Loyal
C13257,14,17,317.11,2,3,1,6,At Risk
C13259,33,17,1176.52,5,3,5,13,High Value
C13260,22,14,599.1,3,2,3,8,Potential Loyal
C13262,31,11,1327.91,5,2,5,12,Loyal
C13263,33,6,447.11,5,1,2,8,Potential Loyal
C13264,24,17,816.19,4,3,4,11,Loyal
C13265,25,8,683.32,4,1,3,8,Potential Loyal
C13267,33,9,468.81,5,1,2,8,Potential Loyal
C13268,9,8,362.23,2,1,1,4,Low Engagement
C13269,26,14,1163.0,4,2,5,11,Loyal
C13273,31,23,879.92,5,5,4,14,High Value
C13274,5,13,1467.15,1,2,5,8,Potential Loyal
C13275,35,8,438.43,5,1,2,8,Potential Loyal
C13276,1,1,330.74,1,1,1,3,Low Engagement
C13278,25,7,813.63,4,1,4,9,Potential Loyal
C13280,30,28,309.78,5,5,1,11,Loyal
C13281,13,26,337.83,2,5,1,8,Potential Loyal
C13282,29,11,1291.92,4,2,5,11,Loyal
C13283,34,14,1453.64,5,2,5,12,Loyal
C13284,18,28,699.33,3,5,3,11,Loyal
C13285,25,21,757.11,4,4,4,12,Loyal
C13286,14,20,381.04,2,4,1,7,Potential Loyal
C13288,34,2,1277.63,5,1,5,11,Loyal
C13289,21,6,490.32,3,1,3,7,Potential Loyal
C13290,22,26,435.23,3,5,2,10,Loyal
C13291,25,12,444.17,4,2,2,8,Potential Loyal
C13292,21,16,407.8,3,3,2,8,Potential Loyal
C13293,17,23,467.48,3,5,2,10,Loyal
C13294,24,16,326.03,4,3,1,8,Potential Loyal
C13296,13,0,1267.42,2,1,5,8,Potential Loyal
C13298,3,11,342.91,1,2,1,4,Low Engagement
C13299,20,14,345.47,3,2,1,6,At Risk
C13302,19,15,480.94,3,3,3,9,Potential Loyal
C13303,26,17,486.05,4,3,3,10,Loyal
C13304,1,28,759.56,1,5,4,10,Loyal
C13305,7,19,302.35,1,4,1,6,At Risk
C13306,9,9,858.55,2,1,4,7,Potential Loyal
C13307,1,20,664.76,1,4,3,8,Potential Loyal
C13308,29,25,364.42,4,5,1,10,Loyal
C13309,21,25,396.35,3,5,2,10,Loyal
C13310,13,22,414.64,2,4,2,8,Potential Loyal
C13311,9,32,605.67,2,5,3,10,Loyal
C13312,35,15,320.7,5,3,1,9,Potential Loyal
C13313,19,16,828.28,3,3,4,10,Loyal
C13314,24,21,743.83,4,4,4,12,Loyal
C13315,6,19,460.12,1,4,2,7,Potential Loyal
C13316,24,7,311.19,4,1,1,6,At Risk
C13319,35,14,1079.02,5,2,5,12,Loyal
C13320,27,16,709.89,4,3,3,10,Loyal
C13322,26,14,614.21,4,2,3,9,Potential Loyal
C13323,34,20,1109.69,5,4,5,14,High Value
C13324,22,10,701.28,3,2,3,8,Potential Loyal
C13326,22,15,1433.27,3,3,5,11,Loyal
C13328,17,18,1166.31,3,3,5,11,Loyal
C13329,15,6,492.89,2,1,3,6,At Risk
C13330,31,18,1367.26,5,3,5,13,High Value
C13331,35,26,355.83,5,5,1,11,Loyal
C13332,26,24,755.87,4,5,4,13,High Value
C13333,1,15,756.38,1,3,4,8,Potential Loyal
C13336,36,14,380.75,5,2,1,8,Potential Loyal
C13338,0,13,1324.06,1,2,5,8,Potential Loyal
C13339,19,4,1156.18,3,1,5,9,Potential Loyal
C13340,33,13,1251.82,5,2,5,12,Loyal
C13343,0,8,1215.99,1,1,5,7,Potential Loyal
C13344,9,1,1114.06,2,1,5,8,Potential Loyal
C13345,8,13,1120.0,2,2,5,9,Potential Loyal
C13346,3,21,682.2,1,4,3,8,Potential Loyal
C13347,25,12,482.81,4,2,3,9,Potential Loyal
C13348,27,17,318.2,4,3,1,8,Potential Loyal
C13350,23,5,442.15,4,1,2,7,Potential Loyal
C13352,18,5,420.03,3,1,2,6,At Risk
C13353,25,16,1402.75,4,3,5,12,Loyal
C13355,19,9,389.45,3,1,2,6,At Risk
C13357,12,20,1459.08,2,4,5,11,Loyal
C13358,9,21,426.31,2,4,2,8,Potential Loyal
C13360,2,13,689.58,1,2,3,6,At Risk
C13362,3,8,382.32,1,1,1,3,Low Engagement
C13363,30,8,822.19,5,1,4,10,Loyal
C13365,9,7,441.02,2,1,2,5,At Risk
C13367,26,27,355.93,4,5,1,10,Loyal
C13368,32,6,402.34,5,1,2,8,Potential Loyal
C13369,30,24,634.63,5,5,3,13,High Value
C13370,6,27,456.63,1,5,2,8,Potential Loyal
C13372,2,28,397.8,1,5,2,8,Potential Loyal
C13373,3,33,742.77,1,5,4,10,Loyal
C13374,12,19,449.1,2,4,2,8,Potential Loyal
C13376,1,26,626.29,1,5,3,9,Potential Loyal
C13377,5,7,704.24,1,1,3,5,At Risk
C13378,1,14,1328.86,1,2,5,8,Potential Loyal
C13379,15,14,483.38,2,2,3,7,Potential Loyal
C13380,29,6,630.91,4,1,3,8,Potential Loyal
C13381,2,9,447.08,1,1,2,4,Low Engagement
C13382,7,20,462.78,1,4,2,7,Potential Loyal
C13383,15,26,451.27,2,5,2,9,Potential Loyal
C13384,7,0,894.17,1,1,4,6,At Risk
C13385,24,4,1331.49,4,1,5,10,Loyal
C13386,23,16,487.28,4,3,3,10,Loyal
C13387,25,20,885.49,4,4,4,12,Loyal
C13389,27,21,317.21,4,4,1,9,Potential Loyal
C13390,28,29,313.74,4,5,1,10,Loyal
C13391,10,9,789.74,2,1,4,7,Potential Loyal
C13394,34,4,759.72,5,1,4,10,Loyal
C13395,28,29,1045.73,4,5,5,14,High Value
C13396,27,11,320.28,4,2,1,7,Potential Loyal
C13397,27,23,714.8,4,5,3,12,Loyal
C13398,30,8,765.89,5,1,4,10,Loyal
C13401,19,25,303.31,3,5,1,9,Potential Loyal
C13402,18,29,379.73,3,5,1,9,Potential Loyal
C13403,15,24,343.32,2,5,1,8,Potential Loyal
C13405,2,11,1472.96,1,2,5,8,Potential Loyal
C13406,9,14,1427.53,2,2,5,9,Potential Loyal
C13407,5,25,384.36,1,5,1,7,Potential Loyal
C13408,35,6,709.76,5,1,3,9,Potential Loyal
C13409,0,21,896.15,1,4,4,9,Potential Loyal
C13410,33,25,369.08,5,5,1,11,Loyal
C13411,22,5,465.51,3,1,2,6,At Risk
C13414,24,20,376.63,4,4,1,9,Potential Loyal
C13415,0,5,464.5,1,1,2,4,Low Engagement
C13416,30,24,810.81,5,5,4,14,High Value
C13418,19,16,831.26,3,3,4,10,Loyal
C13419,32,24,684.39,5,5,3,13,High Value
C13421,19,7,1150.81,3,1,5,9,Potential Loyal
C13422,22,6,425.22,3,1,2,6,At Risk
C13423,26,13,1190.22,4,2,5,11,Loyal
C13426,5,14,847.89,1,2,4,7,Potential Loyal
C13427,15,16,454.87,2,3,2,7,Potential Loyal
C13428,24,15,1369.55,4,3,5,12,Loyal
C13429,27,3,797.92,4,1,4,9,Potential Loyal
C13430,35,9,1297.34,5,1,5,11,Loyal
C13431,8,21,484.88,2,4,3,9,Potential Loyal
C13433,12,9,1044.46,2,1,5,8,Potential Loyal
C13434,17,32,302.54,3,5,1,9,Potential Loyal
C13436,15,17,423.46,2,3,2,7,Potential Loyal
C13437,34,21,494.43,5,4,3,12,Loyal
C13438,17,11,1397.69,3,2,5,10,Loyal
C13439,1,10,1269.6,1,2,5,8,Potential Loyal
C13444,28,12,830.63,4,2,4,10,Loyal
C13446,27,5,791.17,4,1,4,9,Potential Loyal
C13450,2,8,1431.74,1,1,5,7,Potential Loyal
C13451,0,7,721.83,1,1,3,5,At Risk
C13452,22,19,411.81,3,4,2,9,Potential Loyal
C13453,5,19,891.3,1,4,4,9,Potential Loyal
C13455,23,12,493.71,4,2,3,9,Potential Loyal
C13456,1,22,1376.68,1,4,5,10,Loyal
C13457,14,10,830.57,2,2,4,8,Potential Loyal
C13458,23,4,826.48,4,1,4,9,Potential Loyal
C13459,32,5,1323.31,5,1,5,11,Loyal
C13460,13,17,772.08,2,3,4,9,Potential Loyal
C13461,10,10,1350.12,2,2,5,9,Potential Loyal
C13463,17,18,784.45,3,3,4,10,Loyal
C13464,6,25,413.88,1,5,2,8,Potential Loyal
C13465,3,24,458.64,1,5,2,8,Potential Loyal
C13466,14,17,1003.71,2,3,4,9,Potential Loyal
C13468,18,17,679.13,3,3,3,9,Potential Loyal
C13469,14,25,310.52,2,5,1,8,Potential Loyal
C13471,0,7,680.99,1,1,3,5,At Risk
C13472,10,30,1323.07,2,5,5,12,Loyal
C13473,25,17,1215.75,4,3,5,12,Loyal
C13474,4,10,788.45,1,2,4,7,Potential Loyal
C13476,8,18,801.78,2,3,4,9,Potential Loyal
C13477,2,18,386.6,1,3,1,5,At Risk
C13478,11,25,460.33,2,5,2,9,Potential Loyal
C13479,28,3,336.02,4,1,1,6,At Risk
C13480,4,9,324.63,1,1,1,3,Low Engagement
C13481,32,14,644.29,5,2,3,10,Loyal
C13483,19,21,1123.76,3,4,5,12,Loyal
C13484,0,23,466.02,1,5,2,8,Potential Loyal
C13486,9,2,373.41,2,1,1,4,Low Engagement
C13487,26,6,449.02,4,1,2,7,Potential Loyal
C13488,8,25,349.86,2,5,1,8,Potential Loyal
C13492,22,17,1423.36,3,3,5,11,Loyal
C13493,28,16,323.72,4,3,1,8,Potential Loyal
C13494,34,8,719.57,5,1,3,9,Potential Loyal
C13495,23,19,420.8,4,4,2,10,Loyal
C13497,7,18,359.52,1,3,1,5,At Risk
C13498,11,10,818.87,2,2,4,8,Potential Loyal
C13500,12,20,707.86,2,4,3,9,Potential Loyal
C13501,33,29,490.81,5,5,3,13,High Value
C13502,13,10,831.89,2,2,4,8,Potential Loyal
C13503,16,3,708.85,3,1,3,7,Potential Loyal
C13504,15,13,379.97,2,2,1,5,At Risk
C13507,23,8,307.07,4,1,1,6,At Risk
C13508,19,23,1039.8,3,5,5,13,High Value
C13509,11,23,486.83,2,5,3,10,Loyal
C13510,27,9,1203.35,4,1,5,10,Loyal
C13511,14,9,302.12,2,1,1,4,Low Engagement
C13512,11,4,671.97,2,1,3,6,At Risk
C13514,23,7,1426.61,4,1,5,10,Loyal
C13515,6,7,1427.91,1,1,5,7,Potential Loyal
C13516,36,5,319.21,5,1,1,7,Potential Loyal
C13518,20,10,856.94,3,2,4,9,Potential Loyal
C13519,0,15,481.65,1,3,3,7,Potential Loyal
C13520,24,21,401.62,4,4,2,10,Loyal
C13521,14,7,388.32,2,1,2,5,At Risk
C13522,19,17,873.11,3,3,4,10,Loyal
C13524,7,14,772.38,1,2,4,7,Potential Loyal
C13527,29,11,490.83,4,2,3,9,Potential Loyal
C13528,35,4,840.4,5,1,4,10,Loyal
C13530,32,20,343.41,5,4,1,10,Loyal
C13532,28,26,683.79,4,5,3,12,Loyal
C13533,11,28,713.85,2,5,3,10,Loyal
C13534,36,13,1051.27,5,2,5,12,Loyal
C13537,12,27,735.72,2,5,4,11,Loyal
C13538,4,9,444.3,1,1,2,4,Low Engagement
C13539,23,21,824.15,4,4,4,12,Loyal
C13540,35,5,773.09,5,1,4,10,Loyal
C13541,30,10,493.6,5,2,3,10,Loyal
C13542,8,21,805.25,2,4,4,10,Loyal
C13544,1,23,408.3,1,5,2,8,Potential Loyal
C13545,14,10,858.72,2,2,4,8,Potential Loyal
C13548,11,14,477.07,2,2,3,7,Potential Loyal
C13549,21,20,496.85,3,4,3,10,Loyal
C13550,33,0,454.94,5,1,2,8,Potential Loyal
C13551,22,24,396.54,3,5,2,10,Loyal
C13552,25,22,383.25,4,4,1,9,Potential Loyal
C13553,5,16,1326.47,1,3,5,9,Potential Loyal
C13554,34,20,1274.91,5,4,5,14,High Value
C13555,8,21,465.64,2,4,2,8,Potential Loyal
C13557,13,15,1148.85,2,3,5,10,Loyal
C13558,36,0,372.31,5,1,1,7,Potential Loyal
C13560,23,14,464.31,4,2,2,8,Potential Loyal
C13562,31,4,306.07,5,1,1,7,Potential Loyal
C13563,26,19,677.11,4,4,3,11,Loyal
C13564,32,19,397.39,5,4,2,11,Loyal
C13565,26,32,380.18,4,5,1,10,Loyal
C13566,31,17,607.42,5,3,3,11,Loyal
C13569,17,17,319.67,3,3,1,7,Potential Loyal
C13570,7,16,349.38,1,3,1,5,At Risk
C13572,26,26,761.48,4,5,4,13,High Value
C13577,0,13,305.02,1,2,1,4,Low Engagement
C13579,27,27,882.02,4,5,4,13,High Value
C13581,7,20,397.34,1,4,2,7,Potential Loyal
C13582,30,21,1222.44,5,4,5,14,High Value
C13584,2,10,678.25,1,2,3,6,At Risk
C13585,20,10,748.74,3,2,4,9,Potential Loyal
C13587,23,13,344.55,4,2,1,7,Potential Loyal
C13588,3,11,313.8,1,2,1,4,Low Engagement
C13589,18,28,811.04,3,5,4,12,Loyal
C13590,30,18,440.42,5,3,2,10,Loyal
C13592,19,18,896.97,3,3,4,10,Loyal
C13593,21,13,794.64,3,2,4,9,Potential Loyal
C13594,3,10,414.18,1,2,2,5,At Risk
C13595,34,23,1086.01,5,5,5,15,High Value
C13596,4,21,352.26,1,4,1,6,At Risk
C13597,33,4,759.68,5,1,4,10,Loyal
C13600,21,21,407.75,3,4,2,9,Potential Loyal
C13601,7,5,390.59,1,1,2,4,Low Engagement
C13604,13,19,765.36,2,4,4,10,Loyal
C13607,1,14,490.16,1,2,3,6,At Risk
C13608,17,10,440.37,3,2,2,7,Potential Loyal
C13609,31,11,477.96,5,2,3,10,Loyal
C13610,19,14,454.71,3,2,2,7,Potential Loyal
C13611,21,24,1247.55,3,5,5,13,High Value
C13612,22,8,402.73,3,1,2,6,At Risk
C13613,13,20,376.29,2,4,1,7,Potential Loyal
C13614,18,17,1111.34,3,3,5,11,Loyal
C13615,35,19,776.07,5,4,4,13,High Value
C13616,0,25,1293.68,1,5,5,11,Loyal
C13617,7,7,403.09,1,1,2,4,Low Engagement
C13618,15,13,686.59,2,2,3,7,Potential Loyal
C13621,4,1,401.15,1,1,2,4,Low Engagement
C13624,34,5,475.36,5,1,2,8,Potential Loyal
C13625,19,6,304.57,3,1,1,5,At Risk
C13626,24,20,686.45,4,4,3,11,Loyal
C13627,25,9,486.79,4,1,3,8,Potential Loyal
C13630,6,10,485.15,1,2,3,6,At Risk
C13631,6,10,1193.09,1,2,5,8,Potential Loyal
C13632,19,22,371.37,3,4,1,8,Potential Loyal
C13633,29,26,354.39,4,5,1,10,Loyal
C13635,3,17,349.58,1,3,1,5,At Risk
C13636,28,19,746.46,4,4,4,12,Loyal
C13637,35,17,620.05,5,3,3,11,Loyal
C13638,11,17,772.79,2,3,4,9,Potential Loyal
C13640,15,14,310.8,2,2,1,5,At Risk
C13643,28,5,420.26,4,1,2,7,Potential Loyal
C13645,5,27,314.72,1,5,1,7,Potential Loyal
C13646,19,10,430.2,3,2,2,7,Potential Loyal
C13647,3,5,421.35,1,1,2,4,Low Engagement
C13648,24,27,712.86,4,5,3,12,Loyal
C13650,27,8,397.05,4,1,2,7,Potential Loyal
C13654,4,11,417.5,1,2,2,5,At Risk
C13655,17,16,798.17,3,3,4,10,Loyal
C13656,3,17,432.85,1,3,2,6,At Risk
C13657,20,11,498.71,3,2,3,8,Potential Loyal
C13658,22,20,790.13,3,4,4,11,Loyal
C13659,21,17,436.58,3,3,2,8,Potential Loyal
C13661,27,3,1224.09,4,1,5,10,Loyal
C13662,33,12,436.35,5,2,2,9,Potential Loyal
C13664,17,21,316.85,3,4,1,8,Potential Loyal
C13665,11,25,760.23,2,5,4,11,Loyal
C13667,28,19,409.14,4,4,2,10,Loyal
C13670,9,17,826.41,2,3,4,9,Potential Loyal
C13671,29,25,683.47,4,5,3,12,Loyal
C13673,10,11,308.02,2,2,1,5,At Risk
C13674,19,6,479.88,3,1,3,7,Potential Loyal
C13676,27,14,444.76,4,2,2,8,Potential Loyal
C13677,34,13,1475.85,5,2,5,12,Loyal
C13678,4,9,700.94,1,1,3,5,At Risk
C13679,14,5,417.51,2,1,2,5,At Risk
C13680,5,30,311.85,1,5,1,7,Potential Loyal
C13684,25,7,387.16,4,1,1,6,At Risk
C13685,20,15,463.65,3,3,2,8,Potential Loyal
C13688,32,19,692.74,5,4,3,12,Loyal
C13691,18,11,360.87,3,2,1,6,At Risk
C13692,16,9,406.38,3,1,2,6,At Risk
C13693,31,24,1123.87,5,5,5,15,High Value
C13694,6,19,398.61,1,4,2,7,Potential Loyal
C13695,32,23,432.16,5,5,2,12,Loyal
C13696,25,9,1380.57,4,1,5,10,Loyal
C13697,18,12,686.88,3,2,3,8,Potential Loyal
C13698,23,21,385.98,4,4,1,9,Potential Loyal
C13701,16,10,730.48,3,2,4,9,Potential Loyal
C13702,11,19,360.62,2,4,1,7,Potential Loyal
C13703,26,3,338.41,4,1,1,6,At Risk
C13704,11,17,836.74,2,3,4,9,Potential Loyal
C13705,14,21,371.33,2,4,1,7,Potential Loyal
C13706,8,15,416.12,2,3,2,7,Potential Loyal
C13708,31,16,1293.67,5,3,5,13,High Value
C13709,36,12,322.31,5,2,1,8,Potential Loyal
C13712,5,22,1476.49,1,4,5,10,Loyal
C13713,32,4,1163.09,5,1,5,11,Loyal
C13714,13,16,615.96,2,3,3,8,Potential Loyal
C13715,9,17,804.87,2,3,4,9,Potential Loyal
C13716,29,11,377.36,4,2,1,7,Potential Loyal
C13717,13,13,478.64,2,2,3,7,Potential Loyal
C13719,9,22,1485.56,2,4,5,11,Loyal
C13720,31,13,615.67,5,2,3,10,Loyal
C13721,12,17,386.93,2,3,1,6,At Risk
C13723,11,24,891.04,2,5,4,11,Loyal
C13724,7,25,1062.42,1,5,5,11,Loyal
C13726,16,18,628.85,3,3,3,9,Potential Loyal
C13727,20,4,861.01,3,1,4,8,Potential Loyal
C13728,4,7,1461.99,1,1,5,7,Potential Loyal
C13729,1,14,356.9,1,2,1,4,Low Engagement
C13730,25,21,856.4,4,4,4,12,Loyal
C13731,8,21,395.54,2,4,2,8,Potential Loyal
C13733,3,11,1418.93,1,2,5,8,Potential Loyal
C13734,11,11,1063.91,2,2,5,9,Potential Loyal
C13735,12,6,341.21,2,1,1,4,Low Engagement
C13739,14,24,750.28,2,5,4,11,Loyal
C13740,21,5,754.17,3,1,4,8,Potential Loyal
C13741,17,19,1430.29,3,4,5,12,Loyal
C13742,9,22,324.5,2,4,1,7,Potential Loyal
C13743,21,16,479.8,3,3,3,9,Potential Loyal
C13744,7,25,839.67,1,5,4,10,Loyal
C13745,25,4,307.84,4,1,1,6,At Risk
C13746,0,26,1452.32,1,5,5,11,Loyal
C13747,27,4,466.17,4,1,2,7,Potential Loyal
C13748,12,8,339.63,2,1,1,4,Low Engagement
C13749,29,13,1236.26,4,2,5,11,Loyal
C13750,34,28,302.26,5,5,1,11,Loyal
C13751,26,10,1451.62,4,2,5,11,Loyal
C13752,4,18,319.12,1,3,1,5,At Risk
C13753,18,10,475.85,3,2,3,8,Potential Loyal
C13754,4,9,881.86,1,1,4,6,At Risk
C13755,16,19,668.18,3,4,3,10,Loyal
C13756,26,13,358.83,4,2,1,7,Potential Loyal
C13757,7,23,485.99,1,5,3,9,Potential Loyal
C13759,16,9,809.53,3,1,4,8,Potential Loyal
C13760,10,20,491.35,2,4,3,9,Potential Loyal
C13762,9,13,744.84,2,2,4,8,Potential Loyal
C13764,13,17,688.55,2,3,3,8,Potential Loyal
C13765,14,20,442.33,2,4,2,8,Potential Loyal
C13767,34,6,1397.28,5,1,5,11,Loyal
C13768,31,19,409.86,5,4,2,11,Loyal
C13770,17,9,1343.44,3,1,5,9,Potential Loyal
C13771,26,14,311.28,4,2,1,7,Potential Loyal
C13772,3,5,1308.45,1,1,5,7,Potential Loyal
C13773,28,26,809.39,4,5,4,13,High Value
C13774,3,9,411.31,1,1,2,4,Low Engagement
C13775,26,15,386.58,4,3,1,8,Potential Loyal
C13777,8,22,424.65,2,4,2,8,Potential Loyal
C13778,18,7,881.84,3,1,4,8,Potential Loyal
C13779,30,6,362.73,5,1,1,7,Potential Loyal
C13782,25,23,395.3,4,5,2,11,Loyal
C13783,26,30,401.59,4,5,2,11,Loyal
C13784,12,16,486.15,2,3,3,8,Potential Loyal
C13785,15,21,427.17,2,4,2,8,Potential Loyal
C13786,24,2,459.72,4,1,2,7,Potential Loyal
C13789,8,32,1405.77,2,5,5,12,Loyal
C13790,15,25,852.63,2,5,4,11,Loyal
C13791,35,22,1009.05,5,4,5,14,High Value
C13792,30,13,1088.86,5,2,5,12,Loyal
C13795,20,16,413.19,3,3,2,8,Potential Loyal
C13798,10,2,645.69,2,1,3,6,At Risk
C13799,13,15,777.27,2,3,4,9,Potential Loyal
C13800,11,16,780.68,2,3,4,9,Potential Loyal
C13802,19,17,345.61,3,3,1,7,Potential Loyal
C13804,13,13,395.52,2,2,2,6,At Risk
C13806,10,16,387.26,2,3,1,6,At Risk
C13807,35,5,1123.46,5,1,5,11,Loyal
C13808,20,22,438.64,3,4,2,9,Potential Loyal
C13809,4,23,434.3,1,5,2,8,Potential Loyal
C13811,10,26,434.27,2,5,2,9,Potential Loyal
C13812,16,17,767.31,3,3,4,10,Loyal
C13815,35,24,768.16,5,5,4,14,High Value
C13817,7,3,355.21,1,1,1,3,Low Engagement
C13818,4,17,471.98,1,3,2,6,At Risk
C13820,26,18,1231.29,4,3,5,12,Loyal
C13821,3,15,1071.3,1,3,5,9,Potential Loyal
C13822,7,13,391.72,1,2,2,5,At Risk
C13823,30,10,459.43,5,2,2,9,Potential Loyal
C13825,32,23,359.61,5,5,1,11,Loyal
C13826,4,22,327.77,1,4,1,6,At Risk
C13830,35,20,1078.44,5,4,5,14,High Value
C13832,30,7,767.33,5,1,4,10,Loyal
C13836,15,20,762.86,2,4,4,10,Loyal
C13837,1,1,486.4,1,1,3,5,At Risk
C13838,16,19,729.89,3,4,4,11,Loyal
C13839,29,16,795.6,4,3,4,11,Loyal
C13840,10,19,1364.15,2,4,5,11,Loyal
C13841,1,6,838.28,1,1,4,6,At Risk
C13842,25,26,661.63,4,5,3,12,Loyal
C13844,10,12,376.98,2,2,1,5,At Risk
C13845,10,11,798.42,2,2,4,8,Potential Loyal
C13846,22,6,452.39,3,1,2,6,At Risk
C13847,7,30,363.27,1,5,1,7,Potential Loyal
C13848,24,10,621.14,4,2,3,9,Potential Loyal
C13849,6,14,422.33,1,2,2,5,At Risk
C13850,6,7,826.13,1,1,4,6,At Risk
C13851,24,15,653.8,4,3,3,10,Loyal
C13853,36,4,382.24,5,1,1,7,Potential Loyal
C13854,6,31,1085.58,1,5,5,11,Loyal
C13856,29,26,715.09,4,5,3,12,Loyal
C13857,13,8,1438.81,2,1,5,8,Potential Loyal
C13860,16,23,399.85,3,5,2,10,Loyal
C13861,12,13,754.67,2,2,4,8,Potential Loyal
C13862,19,24,405.87,3,5,2,10,Loyal
C13863,32,17,1304.65,5,3,5,13,High Value
C13864,10,21,1106.54,2,4,5,11,Loyal
C13865,19,30,381.97,3,5,1,9,Potential Loyal
C13866,21,14,602.15,3,2,3,8,Potential Loyal
C13868,22,22,1219.82,3,4,5,12,Loyal
C13870,24,11,1299.9,4,2,5,11,Loyal
C13871,17,17,658.17,3,3,3,9,Potential Loyal
C13872,29,8,708.02,4,1,3,8,Potential Loyal
C13873,31,9,366.28,5,1,1,7,Potential Loyal
C13874,6,19,414.32,1,4,2,7,Potential Loyal
C13875,15,11,476.8,2,2,3,7,Potential Loyal
C13876,29,8,426.96,4,1,2,7,Potential Loyal
C13877,24,24,328.95,4,5,1,10,Loyal
C13879,19,16,835.25,3,3,4,10,Loyal
C13880,32,9,663.03,5,1,3,9,Potential Loyal
C13881,18,28,340.97,3,5,1,9,Potential Loyal
C13882,5,12,854.46,1,2,4,7,Potential Loyal
C13883,10,17,715.66,2,3,3,8,Potential Loyal
C13884,30,16,739.54,5,3,4,12,Loyal
C13885,32,3,474.92,5,1,2,8,Potential Loyal
C13888,34,10,301.59,5,2,1,8,Potential Loyal
C13889,31,9,778.29,5,1,4,10,Loyal
C13891,27,20,349.57,4,4,1,9,Potential Loyal
C13892,11,8,640.94,2,1,3,6,At Risk
C13894,36,7,621.66,5,1,3,9,Potential Loyal
C13895,3,21,443.04,1,4,2,7,Potential Loyal
C13896,28,7,393.45,4,1,2,7,Potential Loyal
C13897,2,26,436.69,1,5,2,8,Potential Loyal
C13898,17,2,1391.87,3,1,5,9,Potential Loyal
C13900,25,8,479.42,4,1,3,8,Potential Loyal
C13901,4,12,654.98,1,2,3,6,At Risk
C13902,7,6,764.0,1,1,4,6,At Risk
C13904,33,16,633.47,5,3,3,11,Loyal
C13905,0,15,447.44,1,3,2,6,At Risk
C13906,22,18,445.35,3,3,2,8,Potential Loyal
C13908,20,11,807.22,3,2,4,9,Potential Loyal
C13909,11,7,862.28,2,1,4,7,Potential Loyal
C13911,30,12,861.22,5,2,4,11,Loyal
C13912,24,10,797.22,4,2,4,10,Loyal
C13916,17,17,713.55,3,3,3,9,Potential Loyal
C13918,32,6,306.29,5,1,1,7,Potential Loyal
C13919,32,8,345.45,5,1,1,7,Potential Loyal
C13920,30,18,1322.71,5,3,5,13,High Value
C13921,32,24,620.53,5,5,3,13,High Value
C13922,15,26,342.61,2,5,1,8,Potential Loyal
C13923,2,10,687.03,1,2,3,6,At Risk
C13924,28,22,1229.05,4,4,5,13,High Value
C13925,29,14,655.53,4,2,3,9,Potential Loyal
C13926,7,11,737.25,1,2,4,7,Potential Loyal
C13927,2,9,680.6,1,1,3,5,At Risk
C13928,27,8,311.85,4,1,1,6,At Risk
C13929,3,22,395.53,1,4,2,7,Potential Loyal
C13930,25,12,346.04,4,2,1,7,Potential Loyal
C13931,19,24,328.5,3,5,1,9,Potential Loyal
C13932,2,24,759.28,1,5,4,10,Loyal
C13934,2,24,1234.81,1,5,5,11,Loyal
C13935,34,7,465.86,5,1,2,8,Potential Loyal
C13936,13,14,318.0,2,2,1,5,At Risk
C13937,13,9,1209.57,2,1,5,8,Potential Loyal
C13938,29,11,369.21,4,2,1,7,Potential Loyal
C13939,25,27,323.52,4,5,1,10,Loyal
C13940,22,26,658.41,3,5,3,11,Loyal
C13941,5,14,740.97,1,2,4,7,Potential Loyal
C13942,11,23,452.74,2,5,2,9,Potential Loyal
C13943,27,25,450.19,4,5,2,11,Loyal
C13944,27,2,354.77,4,1,1,6,At Risk
C13946,24,4,886.62,4,1,4,9,Potential Loyal
C13947,26,18,481.48,4,3,3,10,Loyal
C13948,23,29,735.27,4,5,4,13,High Value
C13949,19,9,1119.95,3,1,5,9,Potential Loyal
C13950,33,10,447.72,5,2,2,9,Potential Loyal
C13955,11,26,498.24,2,5,3,10,Loyal
C13956,26,22,832.84,4,4,4,12,Loyal
C13957,29,10,1140.89,4,2,5,11,Loyal
C13958,20,15,453.84,3,3,2,8,Potential Loyal
C13960,12,23,1395.39,2,5,5,12,Loyal
C13961,4,27,447.43,1,5,2,8,Potential Loyal
C13962,6,6,1362.89,1,1,5,7,Potential Loyal
C13963,32,8,386.03,5,1,1,7,Potential Loyal
C13964,27,19,729.92,4,4,4,12,Loyal
C13966,29,6,427.65,4,1,2,7,Potential Loyal
C13967,23,1,1464.45,4,1,5,10,Loyal
C13969,24,7,717.09,4,1,3,8,Potential Loyal
C13972,11,10,452.44,2,2,2,6,At Risk
C13973,17,27,866.75,3,5,4,12,Loyal
C13974,21,12,435.34,3,2,2,7,Potential Loyal
C13975,9,17,865.94,2,3,4,9,Potential Loyal
C13976,35,21,737.9,5,4,4,13,High Value
C13978,5,17,385.23,1,3,1,5,At Risk
C13980,26,5,781.63,4,1,4,9,Potential Loyal
C13981,9,24,471.48,2,5,2,9,Potential Loyal
C13983,31,8,1461.08,5,1,5,11,Loyal
C13984,26,27,869.18,4,5,4,13,High Value
C13985,28,7,862.66,4,1,4,9,Potential Loyal
C13986,5,20,861.06,1,4,4,9,Potential Loyal
C13989,27,22,694.41,4,4,3,11,Loyal
C13991,4,12,808.17,1,2,4,7,Potential Loyal
C13992,16,28,466.57,3,5,2,10,Loyal
C13993,1,23,1356.56,1,5,5,11,Loyal
C13994,26,22,672.29,4,4,3,11,Loyal
C13995,1,7,421.41,1,1,2,4,Low Engagement
C13997,15,27,488.23,2,5,3,10,Loyal
C13998,21,25,888.09,3,5,4,12,Loyal
C14003,34,6,871.3,5,1,4,10,Loyal
C14004,25,14,1357.69,4,2,5,11,Loyal
C14005,33,17,779.36,5,3,4,12,Loyal
C14006,12,16,871.32,2,3,4,9,Potential Loyal
C14007,31,8,415.84,5,1,2,8,Potential Loyal
C14008,20,21,314.98,3,4,1,8,Potential Loyal
C14009,22,8,766.8,3,1,4,8,Potential Loyal
C14010,15,23,764.33,2,5,4,11,Loyal
C14011,26,16,607.99,4,3,3,10,Loyal
C14014,29,26,673.03,4,5,3,12,Loyal
C14017,35,12,661.8,5,2,3,10,Loyal
C14018,32,26,889.53,5,5,4,14,High Value
C14019,13,12,724.12,2,2,3,7,Potential Loyal
C14020,18,18,689.4,3,3,3,9,Potential Loyal
C14021,27,29,379.12,4,5,1,10,Loyal
C14022,0,24,1311.55,1,5,5,11,Loyal
C14023,29,9,1225.92,4,1,5,10,Loyal
C14025,28,14,1423.71,4,2,5,11,Loyal
C14027,33,8,359.51,5,1,1,7,Potential Loyal
C14029,5,17,379.92,1,3,1,5,At Risk
C14030,23,20,411.12,4,4,2,10,Loyal
C14031,0,12,359.94,1,2,1,4,Low Engagement
C14033,27,16,301.79,4,3,1,8,Potential Loyal
C14034,5,21,350.37,1,4,1,6,At Risk
C14035,35,14,805.17,5,2,4,11,Loyal
C14036,14,13,806.04,2,2,4,8,Potential Loyal
C14038,30,24,697.57,5,5,3,13,High Value
C14039,34,15,1252.68,5,3,5,13,High Value
C14040,7,20,824.46,1,4,4,9,Potential Loyal
C14041,30,26,688.43,5,5,3,13,High Value
C14042,10,11,347.06,2,2,1,5,At Risk
C14043,33,25,791.42,5,5,4,14,High Value
C14044,27,20,1056.97,4,4,5,13,High Value
C14045,22,16,625.13,3,3,3,9,Potential Loyal
C14048,22,22,1399.38,3,4,5,12,Loyal
C14049,35,21,1158.97,5,4,5,14,High Value
C14050,9,14,773.94,2,2,4,8,Potential Loyal
C14051,31,20,759.67,5,4,4,13,High Value
C14053,35,17,483.33,5,3,3,11,Loyal
C14054,32,17,361.42,5,3,1,9,Potential Loyal
C14055,33,11,381.69,5,2,1,8,Potential Loyal
C14056,26,7,325.92,4,1,1,6,At Risk
C14058,19,22,382.2,3,4,1,8,Potential Loyal
C14059,32,9,497.95,5,1,3,9,Potential Loyal
C14060,1,14,744.23,1,2,4,7,Potential Loyal
C14061,22,25,765.61,3,5,4,12,Loyal
C14062,11,4,823.16,2,1,4,7,Potential Loyal
C14063,20,25,468.63,3,5,2,10,Loyal
C14065,33,14,418.24,5,2,2,9,Potential Loyal
C14067,3,19,1406.56,1,4,5,10,Loyal
C14068,34,14,328.72,5,2,1,8,Potential Loyal
C14069,7,18,857.09,1,3,4,8,Potential Loyal
C14070,28,8,1237.62,4,1,5,10,Loyal
C14071,22,6,441.84,3,1,2,6,At Risk
C14072,33,9,1060.35,5,1,5,11,Loyal
C14073,34,21,1122.88,5,4,5,14,High Value
C14074,32,15,691.48,5,3,3,11,Loyal
C14075,1,9,674.95,1,1,3,5,At Risk
C14076,15,13,496.58,2,2,3,7,Potential Loyal
C14077,9,32,744.33,2,5,4,11,Loyal
C14078,9,4,389.77,2,1,2,5,At Risk
C14080,5,22,348.44,1,4,1,6,At Risk
C14081,2,11,1277.8,1,2,5,8,Potential Loyal
C14085,32,14,422.16,5,2,2,9,Potential Loyal
C14086,33,25,426.07,5,5,2,12,Loyal
C14087,22,18,314.97,3,3,1,7,Potential Loyal
C14088,35,22,487.56,5,4,3,12,Loyal
C14089,13,8,393.37,2,1,2,5,At Risk
C14090,30,15,748.64,5,3,4,12,Loyal
C14091,25,16,373.08,4,3,1,8,Potential Loyal
C14093,20,11,331.1,3,2,1,6,At Risk
C14095,9,24,1400.89,2,5,5,12,Loyal
C14096,5,0,1314.51,1,1,5,7,Potential Loyal
C14097,25,18,313.5,4,3,1,8,Potential Loyal
C14098,28,16,1423.02,4,3,5,12,Loyal
C14099,17,17,341.68,3,3,1,7,Potential Loyal
C14101,34,5,433.09,5,1,2,8,Potential Loyal
C14102,13,25,801.26,2,5,4,11,Loyal
C14103,35,10,769.77,5,2,4,11,Loyal
C14104,21,18,790.94,3,3,4,10,Loyal
C14105,5,1,394.05,1,1,2,4,Low Engagement
C14106,24,9,1301.01,4,1,5,10,Loyal
C14107,35,3,889.53,5,1,4,10,Loyal
C14109,21,15,1491.1,3,3,5,11,Loyal
C14110,22,17,631.79,3,3,3,9,Potential Loyal
C14111,0,28,720.18,1,5,3,9,Potential Loyal
C14112,27,26,303.29,4,5,1,10,Loyal
C14113,23,19,438.15,4,4,2,10,Loyal
C14114,1,18,1429.89,1,3,5,9,Potential Loyal
C14115,35,19,377.71,5,4,1,10,Loyal
C14116,17,16,667.2,3,3,3,9,Potential Loyal
C14117,27,17,1098.3,4,3,5,12,Loyal
C14118,29,9,384.11,4,1,1,6,At Risk
C14119,35,7,368.91,5,1,1,7,Potential Loyal
C14120,27,16,481.73,4,3,3,10,Loyal
C14122,28,4,348.0,4,1,1,6,At Risk
C14123,20,13,712.23,3,2,3,8,Potential Loyal
C14124,30,16,444.88,5,3,2,10,Loyal
C14126,6,23,390.27,1,5,2,8,Potential Loyal
C14128,17,16,427.35,3,3,2,8,Potential Loyal
C14129,0,18,704.02,1,3,3,7,Potential Loyal
C14130,35,29,306.87,5,5,1,11,Loyal
C14131,1,19,492.14,1,4,3,8,Potential Loyal
C14132,19,19,347.7,3,4,1,8,Potential Loyal
C14133,19,19,417.22,3,4,2,9,Potential Loyal
C14134,10,21,801.07,2,4,4,10,Loyal
C14135,9,30,798.4,2,5,4,11,Loyal
C14136,7,7,1354.33,1,1,5,7,Potential Loyal
C14137,11,21,398.77,2,4,2,8,Potential Loyal
C14138,25,27,897.61,4,5,4,13,High Value
C14139,14,20,325.27,2,4,1,7,Potential Loyal
C14141,29,12,449.15,4,2,2,8,Potential Loyal
C14143,7,16,1288.66,1,3,5,9,Potential Loyal
C14144,32,28,1111.57,5,5,5,15,High Value
C14145,30,2,1382.69,5,1,5,11,Loyal
C14146,25,19,372.05,4,4,1,9,Potential Loyal
C14148,17,27,421.74,3,5,2,10,Loyal
C14149,8,14,879.69,2,2,4,8,Potential Loyal
C14150,32,21,425.65,5,4,2,11,Loyal
C14151,31,6,327.17,5,1,1,7,Potential Loyal
C14154,32,20,492.86,5,4,3,12,Loyal
C14155,30,18,1292.65,5,3,5,13,High Value
C14156,2,6,696.31,1,1,3,5,At Risk
C14158,19,17,865.89,3,3,4,10,Loyal
C14160,18,5,897.31,3,1,4,8,Potential Loyal
C14161,31,19,436.32,5,4,2,11,Loyal
C14164,4,10,867.28,1,2,4,7,Potential Loyal
C14165,21,1,383.88,3,1,1,5,At Risk
C14166,0,19,1216.23,1,4,5,10,Loyal
C14170,11,15,380.49,2,3,1,6,At Risk
C14171,33,14,1152.87,5,2,5,12,Loyal
C14173,23,27,608.85,4,5,3,12,Loyal
C14174,6,14,377.0,1,2,1,4,Low Engagement
C14175,17,16,686.23,3,3,3,9,Potential Loyal
C14176,11,4,300.76,2,1,1,4,Low Engagement
C14177,16,22,843.83,3,4,4,11,Loyal
C14178,7,16,1374.96,1,3,5,9,Potential Loyal
C14179,35,24,411.42,5,5,2,12,Loyal
C14181,0,30,347.9,1,5,1,7,Potential Loyal
C14182,21,6,419.26,3,1,2,6,At Risk
C14183,27,18,640.51,4,3,3,10,Loyal
C14184,2,26,438.28,1,5,2,8,Potential Loyal
C14185,25,23,606.74,4,5,3,12,Loyal
C14188,5,12,1483.11,1,2,5,8,Potential Loyal
C14189,18,9,437.31,3,1,2,6,At Risk
C14192,5,11,687.35,1,2,3,6,At Risk
C14193,18,25,747.03,3,5,4,12,Loyal
C14194,16,7,652.04,3,1,3,7,Potential Loyal
C14195,10,22,651.07,2,4,3,9,Potential Loyal
C14196,7,6,348.18,1,1,1,3,Low Engagement
C14197,20,15,852.31,3,3,4,10,Loyal
C14199,3,14,390.64,1,2,2,5,At Risk
C14200,15,27,1242.23,2,5,5,12,Loyal
C14201,24,13,622.22,4,2,3,9,Potential Loyal
C14205,14,15,469.91,2,3,2,7,Potential Loyal
C14206,4,22,828.51,1,4,4,9,Potential Loyal
C14207,29,16,478.24,4,3,3,10,Loyal
C14208,19,25,340.73,3,5,1,9,Potential Loyal
C14211,35,9,440.55,5,1,2,8,Potential Loyal
C14212,14,14,495.19,2,2,3,7,Potential Loyal
C14213,25,8,344.87,4,1,1,6,At Risk
C14215,18,21,389.24,3,4,2,9,Potential Loyal
C14216,6,2,399.59,1,1,2,4,Low Engagement
C14217,15,17,482.93,2,3,3,8,Potential Loyal
C14218,27,20,1283.47,4,4,5,13,High Value
C14219,1,27,397.05,1,5,2,8,Potential Loyal
C14220,29,21,766.32,4,4,4,12,Loyal
C14221,19,10,495.39,3,2,3,8,Potential Loyal
C14222,29,17,300.78,4,3,1,8,Potential Loyal
C14223,24,15,649.21,4,3,3,10,Loyal
C14226,24,8,351.55,4,1,1,6,At Risk
C14227,14,15,310.97,2,3,1,6,At Risk
C14228,13,25,1016.32,2,5,5,12,Loyal
C14229,31,15,843.41,5,3,4,12,Loyal
C14232,6,1,1047.49,1,1,5,7,Potential Loyal
C14234,25,18,653.06,4,3,3,10,Loyal
C14235,31,13,385.08,5,2,1,8,Potential Loyal
C14237,34,10,787.18,5,2,4,11,Loyal
C14238,21,3,330.71,3,1,1,5,At Risk
C14239,31,13,1180.53,5,2,5,12,Loyal
C14240,22,23,397.01,3,5,2,10,Loyal
C14242,27,16,348.83,4,3,1,8,Potential Loyal
C14243,36,15,809.7,5,3,4,12,Loyal
C14244,20,18,739.59,3,3,4,10,Loyal
C14246,22,16,780.87,3,3,4,10,Loyal
C14247,10,0,1253.45,2,1,5,8,Potential Loyal
C14248,22,19,466.39,3,4,2,9,Potential Loyal
C14249,10,1,415.74,2,1,2,5,At Risk
C14250,10,10,791.32,2,2,4,8,Potential Loyal
C14251,16,2,379.63,3,1,1,5,At Risk
C14252,33,4,441.58,5,1,2,8,Potential Loyal
C14253,10,6,1119.13,2,1,5,8,Potential Loyal
C14254,26,16,410.47,4,3,2,9,Potential Loyal
C14255,27,0,831.09,4,1,4,9,Potential Loyal
C14256,7,13,1106.13,1,2,5,8,Potential Loyal
C14257,4,15,394.88,1,3,2,6,At Risk
C14258,14,19,1063.62,2,4,5,11,Loyal
C14259,29,20,369.35,4,4,1,9,Potential Loyal
C14260,35,1,763.66,5,1,4,10,Loyal
C14262,18,34,1143.66,3,5,5,13,High Value
C14264,0,24,450.1,1,5,2,8,Potential Loyal
C14266,25,15,1185.42,4,3,5,12,Loyal
C14267,15,11,1103.13,2,2,5,9,Potential Loyal
C14268,0,16,324.66,1,3,1,5,At Risk
C14269,35,12,782.21,5,2,4,11,Loyal
C14270,0,17,1340.37,1,3,5,9,Potential Loyal
C14271,27,16,497.2,4,3,3,10,Loyal
C14272,11,21,321.14,2,4,1,7,Potential Loyal
C14273,20,10,400.45,3,2,2,7,Potential Loyal
C14274,7,16,1246.93,1,3,5,9,Potential Loyal
C14275,6,23,1221.67,1,5,5,11,Loyal
C14277,5,22,781.34,1,4,4,9,Potential Loyal
C14278,33,20,641.91,5,4,3,12,Loyal
C14280,14,18,428.7,2,3,2,7,Potential Loyal
C14281,24,23,767.27,4,5,4,13,High Value
C14282,0,21,355.4,1,4,1,6,At Risk
C14283,17,12,1169.79,3,2,5,10,Loyal
C14284,5,0,310.81,1,1,1,3,Low Engagement
C14285,22,25,386.69,3,5,1,9,Potential Loyal
C14286,0,21,852.87,1,4,4,9,Potential Loyal
C14287,33,14,462.18,5,2,2,9,Potential Loyal
C14288,1,16,714.96,1,3,3,7,Potential Loyal
C14289,0,25,774.29,1,5,4,10,Loyal
C14290,31,0,1311.26,5,1,5,11,Loyal
C14291,24,1,1104.87,4,1,5,10,Loyal
C14292,0,19,461.15,1,4,2,7,Potential Loyal
C14293,20,30,458.75,3,5,2,10,Loyal
C14295,22,5,1216.19,3,1,5,9,Potential Loyal
C14298,22,7,842.32,3,1,4,8,Potential Loyal
C14299,28,0,299.13,4,1,1,6,At Risk
C14300,33,19,793.58,5,4,4,13,High Value
C14301,23,6,469.82,4,1,2,7,Potential Loyal
C14302,34,13,410.81,5,2,2,9,Potential Loyal
C14304,19,0,1327.14,3,1,5,9,Potential Loyal
C14305,22,6,1219.02,3,1,5,9,Potential Loyal
C14306,26,22,444.29,4,4,2,10,Loyal
C14307,5,18,1349.94,1,3,5,9,Potential Loyal
C14308,0,10,420.67,1,2,2,5,At Risk
C14309,36,8,405.55,5,1,2,8,Potential Loyal
C14310,18,17,346.58,3,3,1,7,Potential Loyal
C14311,10,14,454.82,2,2,2,6,At Risk
C14312,21,7,885.03,3,1,4,8,Potential Loyal
C14313,3,14,875.3,1,2,4,7,Potential Loyal
C14314,25,21,754.54,4,4,4,12,Loyal
C14315,28,23,599.27,4,5,3,12,Loyal
C14316,3,4,492.92,1,1,3,5,At Risk
C14317,12,19,695.17,2,4,3,9,Potential Loyal
C14318,35,16,326.99,5,3,1,9,Potential Loyal
C14319,27,11,888.92,4,2,4,10,Loyal
C14320,23,28,819.71,4,5,4,13,High Value
C14321,1,21,601.11,1,4,3,8,Potential Loyal
C14322,17,5,458.51,3,1,2,6,At Risk
C14324,33,11,850.1,5,2,4,11,Loyal
C14326,24,13,835.47,4,2,4,10,Loyal
C14327,15,9,374.03,2,1,1,4,Low Engagement
C14328,6,8,315.21,1,1,1,3,Low Engagement
C14329,27,18,1064.5,4,3,5,12,Loyal
C14331,28,18,438.0,4,3,2,9,Potential Loyal
C14332,9,16,352.8,2,3,1,6,At Risk
C14334,26,26,685.41,4,5,3,12,Loyal
C14335,14,8,349.68,2,1,1,4,Low Engagement
C14336,26,9,752.55,4,1,4,9,Potential Loyal
C14338,33,19,321.48,5,4,1,10,Loyal
C14339,12,10,356.77,2,2,1,5,At Risk
C14340,2,20,1274.76,1,4,5,10,Loyal
C14341,34,3,751.34,5,1,4,10,Loyal
C14342,22,27,444.97,3,5,2,10,Loyal
C14345,14,20,359.32,2,4,1,7,Potential Loyal
C14346,33,21,804.84,5,4,4,13,High Value
C14348,4,28,370.51,1,5,1,7,Potential Loyal
C14350,12,22,461.13,2,4,2,8,Potential Loyal
C14351,19,24,1320.24,3,5,5,13,High Value
C14356,30,12,665.32,5,2,3,10,Loyal
C14359,15,23,1085.83,2,5,5,12,Loyal
C14360,17,13,442.64,3,2,2,7,Potential Loyal
C14361,6,10,368.53,1,2,1,4,Low Engagement
C14362,24,20,467.14,4,4,2,10,Loyal
C14364,30,16,726.87,5,3,3,11,Loyal
C14365,32,15,465.8,5,3,2,10,Loyal
C14367,27,19,866.62,4,4,4,12,Loyal
C14368,2,19,303.18,1,4,1,6,At Risk
C14369,20,14,393.39,3,2,2,7,Potential Loyal
C14370,20,21,419.7,3,4,2,9,Potential Loyal
C14371,21,15,388.28,3,3,2,8,Potential Loyal
C14372,13,16,322.03,2,3,1,6,At Risk
C14373,9,24,843.07,2,5,4,11,Loyal
C14374,33,25,307.97,5,5,1,11,Loyal
C14376,9,8,405.44,2,1,2,5,At Risk
C14377,1,15,377.66,1,3,1,5,At Risk
C14378,2,18,615.58,1,3,3,7,Potential Loyal
C14379,5,9,746.19,1,1,4,6,At Risk
C14381,36,10,1364.6,5,2,5,12,Loyal
C14382,30,11,446.24,5,2,2,9,Potential Loyal
C14383,14,20,759.6,2,4,4,10,Loyal
C14385,11,24,855.15,2,5,4,11,Loyal
C14387,18,14,305.01,3,2,1,6,At Risk
C14392,31,15,467.14,5,3,2,10,Loyal
C14393,0,13,486.76,1,2,3,6,At Risk
C14395,1,9,737.24,1,1,4,6,At Risk
C14397,35,25,1222.14,5,5,5,15,High Value
C14398,19,18,1071.28,3,3,5,11,Loyal
C14399,32,7,891.81,5,1,4,10,Loyal
C14401,22,7,418.23,3,1,2,6,At Risk
C14402,29,17,466.48,4,3,2,9,Potential Loyal
C14403,33,21,353.1,5,4,1,10,Loyal
C14404,32,8,493.02,5,1,3,9,Potential Loyal
C14405,9,10,763.06,2,2,4,8,Potential Loyal
C14406,25,16,373.55,4,3,1,8,Potential Loyal
C14408,19,8,1031.94,3,1,5,9,Potential Loyal
C14410,1,26,1171.32,1,5,5,11,Loyal
C14411,25,26,641.37,4,5,3,12,Loyal
C14412,24,8,1461.23,4,1,5,10,Loyal
C14413,9,25,438.75,2,5,2,9,Potential Loyal
C14415,12,8,718.73,2,1,3,6,At Risk
C14417,13,32,451.1,2,5,2,9,Potential Loyal
C14418,9,18,462.17,2,3,2,7,Potential Loyal
C14419,32,13,829.78,5,2,4,11,Loyal
C14421,13,25,437.04,2,5,2,9,Potential Loyal
C14422,18,27,881.12,3,5,4,12,Loyal
C14423,4,24,491.98,1,5,3,9,Potential Loyal
C14425,29,10,367.97,4,2,1,7,Potential Loyal
C14426,8,12,754.45,2,2,4,8,Potential Loyal
C14428,26,20,351.41,4,4,1,9,Potential Loyal
C14430,0,15,724.18,1,3,3,7,Potential Loyal
C14431,14,13,323.23,2,2,1,5,At Risk
C14433,9,10,1331.54,2,2,5,9,Potential Loyal
C14434,25,10,894.37,4,2,4,10,Loyal
C14435,29,15,1125.82,4,3,5,12,Loyal
C14436,27,2,304.69,4,1,1,6,At Risk
C14437,9,21,355.47,2,4,1,7,Potential Loyal
C14438,3,16,1327.85,1,3,5,9,Potential Loyal
C14439,36,13,340.93,5,2,1,8,Potential Loyal
C14440,23,9,434.53,4,1,2,7,Potential Loyal
C14441,19,22,343.8,3,4,1,8,Potential Loyal
C14442,28,16,630.04,4,3,3,10,Loyal
C14443,33,18,1206.75,5,3,5,13,High Value
C14444,6,21,1248.66,1,4,5,10,Loyal
C14445,7,21,419.24,1,4,2,7,Potential Loyal
C14446,1,17,417.76,1,3,2,6,At Risk
C14448,30,16,1239.26,5,3,5,13,High Value
C14449,36,15,1477.47,5,3,5,13,High Value
C14450,27,20,746.37,4,4,4,12,Loyal
C14452,15,9,1273.71,2,1,5,8,Potential Loyal
C14453,22,15,754.08,3,3,4,10,Loyal
C14455,24,7,429.71,4,1,2,7,Potential Loyal
C14456,15,14,741.52,2,2,4,8,Potential Loyal
C14457,9,16,1161.68,2,3,5,10,Loyal
C14458,24,0,335.87,4,1,1,6,At Risk
C14459,14,9,1161.67,2,1,5,8,Potential Loyal
C14461,32,25,1173.22,5,5,5,15,High Value
C14463,11,20,367.92,2,4,1,7,Potential Loyal
C14466,24,18,1213.91,4,3,5,12,Loyal
C14467,26,13,326.7,4,2,1,7,Potential Loyal
C14468,4,13,606.05,1,2,3,6,At Risk
C14469,17,12,460.53,3,2,2,7,Potential Loyal
C14471,17,6,466.77,3,1,2,6,At Risk
C14473,12,18,637.97,2,3,3,8,Potential Loyal
C14475,15,21,1355.58,2,4,5,11,Loyal
C14476,27,20,897.88,4,4,4,12,Loyal
C14477,28,13,1128.44,4,2,5,11,Loyal
C14478,28,13,1190.26,4,2,5,11,Loyal
C14479,12,16,357.01,2,3,1,6,At Risk
C14480,0,18,773.77,1,3,4,8,Potential Loyal
C14481,4,16,376.93,1,3,1,5,At Risk
C14482,34,23,824.3,5,5,4,14,High Value
C14483,4,21,686.04,1,4,3,8,Potential Loyal
C14484,19,27,455.33,3,5,2,10,Loyal
C14488,33,22,1111.81,5,4,5,14,High Value
C14489,8,29,870.18,2,5,4,11,Loyal
C14490,30,15,689.78,5,3,3,11,Loyal
C14492,7,12,823.76,1,2,4,7,Potential Loyal
C14494,21,13,688.26,3,2,3,8,Potential Loyal
C14497,22,2,417.99,3,1,2,6,At Risk
C14499,25,21,600.15,4,4,3,11,Loyal
C14502,11,22,454.22,2,4,2,8,Potential Loyal
C14504,12,28,454.81,2,5,2,9,Potential Loyal
C14505,35,30,808.74,5,5,4,14,High Value
C14507,24,13,1302.02,4,2,5,11,Loyal
C14508,23,16,828.38,4,3,4,11,Loyal
C14509,13,11,1294.04,2,2,5,9,Potential Loyal
C14510,27,27,814.9,4,5,4,13,High Value
C14511,21,4,1023.41,3,1,5,9,Potential Loyal
C14513,6,14,460.12,1,2,2,5,At Risk
C14515,9,19,483.64,2,4,3,9,Potential Loyal
C14517,9,10,364.89,2,2,1,5,At Risk
C14518,8,21,768.38,2,4,4,10,Loyal
C14519,12,29,472.32,2,5,2,9,Potential Loyal
C14520,10,20,321.69,2,4,1,7,Potential Loyal
C14523,30,12,887.68,5,2,4,11,Loyal
C14524,9,26,653.23,2,5,3,10,Loyal
C14525,31,4,309.75,5,1,1,7,Potential Loyal
C14526,36,9,426.01,5,1,2,8,Potential Loyal
C14527,32,29,367.17,5,5,1,11,Loyal
C14528,7,9,340.61,1,1,1,3,Low Engagement
C14529,2,8,1244.39,1,1,5,7,Potential Loyal
C14532,35,9,696.08,5,1,3,9,Potential Loyal
C14535,1,0,382.24,1,1,1,3,Low Engagement
C14536,6,28,1018.68,1,5,5,11,Loyal
C14537,12,11,337.51,2,2,1,5,At Risk
C14539,7,9,666.94,1,1,3,5,At Risk
C14540,31,22,450.33,5,4,2,11,Loyal
C14542,35,15,1495.76,5,3,5,13,High Value
C14543,17,11,326.51,3,2,1,6,At Risk
C14544,21,13,488.06,3,2,3,8,Potential Loyal
C14545,33,13,493.7,5,2,3,10,Loyal
C14546,33,15,321.65,5,3,1,9,Potential Loyal
C14548,27,15,867.64,4,3,4,11,Loyal
C14551,20,17,382.29,3,3,1,7,Potential Loyal
C14553,22,0,1329.21,3,1,5,9,Potential Loyal
C14554,32,18,320.72,5,3,1,9,Potential Loyal
C14555,0,18,671.09,1,3,3,7,Potential Loyal
C14557,2,9,773.23,1,1,4,6,At Risk
C14561,12,22,303.43,2,4,1,7,Potential Loyal
C14562,10,24,354.93,2,5,1,8,Potential Loyal
C14563,35,19,778.34,5,4,4,13,High Value
C14564,3,19,655.79,1,4,3,8,Potential Loyal
C14565,0,13,479.72,1,2,3,6,At Risk
C14566,2,16,476.87,1,3,3,7,Potential Loyal
C14567,27,8,999.27,4,1,4,9,Potential Loyal
C14569,24,15,474.57,4,3,2,9,Potential Loyal
C14570,34,3,1380.32,5,1,5,11,Loyal
C14572,19,15,815.24,3,3,4,10,Loyal
C14573,31,19,375.39,5,4,1,10,Loyal
C14576,8,26,365.26,2,5,1,8,Potential Loyal
C14577,25,21,479.9,4,4,3,11,Loyal
C14578,25,21,878.0,4,4,4,12,Loyal
C14579,7,23,459.19,1,5,2,8,Potential Loyal
C14580,26,19,395.4,4,4,2,10,Loyal
C14583,6,15,438.76,1,3,2,6,At Risk
C14584,6,10,1169.91,1,2,5,8,Potential Loyal
C14585,20,11,731.5,3,2,4,9,Potential Loyal
C14586,11,19,415.86,2,4,2,8,Potential Loyal
C14587,5,15,1136.23,1,3,5,9,Potential Loyal
C14588,5,6,437.18,1,1,2,4,Low Engagement
C14589,15,21,654.08,2,4,3,9,Potential Loyal
C14590,1,9,318.09,1,1,1,3,Low Engagement
C14591,18,8,486.46,3,1,3,7,Potential Loyal
C14592,33,21,1425.56,5,4,5,14,High Value
C14593,17,17,807.82,3,3,4,10,Loyal
C14594,3,18,883.33,1,3,4,8,Potential Loyal
C14595,30,29,478.27,5,5,3,13,High Value
C14596,12,16,353.49,2,3,1,6,At Risk
C14598,15,14,317.43,2,2,1,5,At Risk
C14599,30,21,1204.84,5,4,5,14,High Value
C14600,23,28,687.66,4,5,3,12,Loyal
C14601,33,19,701.5,5,4,3,12,Loyal
C14603,30,7,655.86,5,1,3,9,Potential Loyal
C14604,8,25,489.53,2,5,3,10,Loyal
C14605,33,17,833.12,5,3,4,12,Loyal
C14607,1,9,306.03,1,1,1,3,Low Engagement
C14610,7,0,376.3,1,1,1,3,Low Engagement
C14611,36,23,625.49,5,5,3,13,High Value
C14612,31,29,1042.74,5,5,5,15,High Value
C14615,14,12,894.1,2,2,4,8,Potential Loyal
C14616,19,28,1365.94,3,5,5,13,High Value
C14617,21,16,1245.84,3,3,5,11,Loyal
C14619,17,11,1269.81,3,2,5,10,Loyal
C14620,9,13,1265.02,2,2,5,9,Potential Loyal
C14621,35,23,414.28,5,5,2,12,Loyal
C14623,0,10,1444.79,1,2,5,8,Potential Loyal
C14624,12,12,396.61,2,2,2,6,At Risk
C14625,19,11,734.71,3,2,4,9,Potential Loyal
C14626,9,15,612.48,2,3,3,8,Potential Loyal
C14628,16,14,793.29,3,2,4,9,Potential Loyal
C14629,9,24,1215.93,2,5,5,12,Loyal
C14630,12,15,615.99,2,3,3,8,Potential Loyal
C14631,6,7,422.71,1,1,2,4,Low Engagement
C14632,18,22,474.72,3,4,2,9,Potential Loyal
C14633,28,12,1110.68,4,2,5,11,Loyal
C14634,33,19,680.76,5,4,3,12,Loyal
C14635,10,6,693.25,2,1,3,6,At Risk
C14636,7,29,405.18,1,5,2,8,Potential Loyal
C14637,30,13,431.72,5,2,2,9,Potential Loyal
C14639,31,12,680.14,5,2,3,10,Loyal
C14640,2,6,872.52,1,1,4,6,At Risk
C14641,13,9,456.79,2,1,2,5,At Risk
C14642,36,0,1263.29,5,1,5,11,Loyal
C14643,24,20,1146.69,4,4,5,13,High Value
C14644,29,29,418.43,4,5,2,11,Loyal
C14645,23,24,794.48,4,5,4,13,High Value
C14646,30,21,453.47,5,4,2,11,Loyal
C14647,35,17,472.12,5,3,2,10,Loyal
C14648,34,19,419.97,5,4,2,11,Loyal
C14650,13,12,349.21,2,2,1,5,At Risk
C14651,15,15,312.62,2,3,1,6,At Risk
C14654,28,28,880.73,4,5,4,13,High Value
C14656,5,31,1282.94,1,5,5,11,Loyal
C14657,8,4,325.4,2,1,1,4,Low Engagement
C14659,21,6,427.6,3,1,2,6,At Risk
C14661,23,15,1056.94,4,3,5,12,Loyal
C14662,36,19,1005.65,5,4,5,14,High Value
C14663,19,17,795.01,3,3,4,10,Loyal
C14666,19,19,340.38,3,4,1,8,Potential Loyal
C14667,23,21,364.73,4,4,1,9,Potential Loyal
C14669,22,21,407.27,3,4,2,9,Potential Loyal
C14670,34,12,677.78,5,2,3,10,Loyal
C14672,31,14,344.71,5,2,1,8,Potential Loyal
C14673,14,11,415.27,2,2,2,6,At Risk
C14674,12,15,703.13,2,3,3,8,Potential Loyal
C14675,32,10,475.22,5,2,2,9,Potential Loyal
C14678,35,22,788.33,5,4,4,13,High Value
C14680,27,12,671.6,4,2,3,9,Potential Loyal
C14681,23,4,811.08,4,1,4,9,Potential Loyal
C14682,0,25,700.18,1,5,3,9,Potential Loyal
C14685,27,14,683.71,4,2,3,9,Potential Loyal
C14686,13,13,1386.5,2,2,5,9,Potential Loyal
C14687,5,29,344.93,1,5,1,7,Potential Loyal
C14688,36,14,640.51,5,2,3,10,Loyal
C14689,35,15,627.92,5,3,3,11,Loyal
C14691,5,18,663.63,1,3,3,7,Potential Loyal
C14692,18,22,405.11,3,4,2,9,Potential Loyal
C14693,14,9,749.05,2,1,4,7,Potential Loyal
C14695,32,25,430.07,5,5,2,12,Loyal
C14696,7,10,492.38,1,2,3,6,At Risk
C14697,5,0,613.79,1,1,3,5,At Risk
C14698,11,20,329.52,2,4,1,7,Potential Loyal
C14699,10,12,323.7,2,2,1,5,At Risk
C14700,34,7,435.25,5,1,2,8,Potential Loyal
C14703,18,25,392.8,3,5,2,10,Loyal
C14704,33,14,409.45,5,2,2,9,Potential Loyal
C14705,9,9,381.23,2,1,1,4,Low Engagement
C14706,30,14,1148.14,5,2,5,12,Loyal
C14707,17,21,415.76,3,4,2,9,Potential Loyal
C14708,7,15,466.73,1,3,2,6,At Risk
C14709,4,16,877.65,1,3,4,8,Potential Loyal
C14711,20,7,1442.08,3,1,5,9,Potential Loyal
C14712,20,11,645.01,3,2,3,8,Potential Loyal
C14713,1,15,1079.78,1,3,5,9,Potential Loyal
C14715,25,13,726.8,4,2,3,9,Potential Loyal
C14716,16,9,429.63,3,1,2,6,At Risk
C14717,21,18,1240.76,3,3,5,11,Loyal
C14720,16,21,795.0,3,4,4,11,Loyal
C14723,20,19,757.16,3,4,4,11,Loyal
C14724,3,16,1281.57,1,3,5,9,Potential Loyal
C14725,17,27,327.33,3,5,1,9,Potential Loyal
C14726,31,15,752.15,5,3,4,12,Loyal
C14728,15,6,332.0,2,1,1,4,Low Engagement
C14730,4,12,789.26,1,2,4,7,Potential Loyal
C14735,20,4,374.87,3,1,1,5,At Risk
C14736,24,9,869.07,4,1,4,9,Potential Loyal
C14737,3,7,475.78,1,1,3,5,At Risk
C14739,19,8,1469.27,3,1,5,9,Potential Loyal
C14743,31,20,1223.9,5,4,5,14,High Value
C14744,27,21,483.22,4,4,3,11,Loyal
C14745,23,18,1124.87,4,3,5,12,Loyal
C14746,6,20,1438.34,1,4,5,10,Loyal
C14747,9,15,838.93,2,3,4,9,Potential Loyal
C14748,5,25,754.57,1,5,4,10,Loyal
C14749,20,13,750.73,3,2,4,9,Potential Loyal
C14750,11,17,853.77,2,3,4,9,Potential Loyal
C14751,29,19,716.84,4,4,3,11,Loyal
C14752,21,9,1365.95,3,1,5,9,Potential Loyal
C14753,1,0,458.39,1,1,2,4,Low Engagement
C14754,16,15,412.66,3,3,2,8,Potential Loyal
C14756,15,3,821.12,2,1,4,7,Potential Loyal
C14757,11,4,496.06,2,1,3,6,At Risk
C14760,5,10,644.3,1,2,3,6,At Risk
C14761,23,12,438.9,4,2,2,8,Potential Loyal
C14762,0,23,840.55,1,5,4,10,Loyal
C14763,14,20,353.57,2,4,1,7,Potential Loyal
C14764,20,2,679.31,3,1,3,7,Potential Loyal
C14765,2,2,796.52,1,1,4,6,At Risk
C14766,27,23,647.46,4,5,3,12,Loyal
C14767,2,13,732.22,1,2,4,7,Potential Loyal
C14768,24,20,801.92,4,4,4,12,Loyal
C14770,9,21,616.58,2,4,3,9,Potential Loyal
C14772,18,18,443.76,3,3,2,8,Potential Loyal
C14773,1,19,1335.7,1,4,5,10,Loyal
C14774,0,22,1264.16,1,4,5,10,Loyal
C14777,28,24,496.94,4,5,3,12,Loyal
C14780,4,16,663.52,1,3,3,7,Potential Loyal
C14781,22,9,350.89,3,1,1,5,At Risk
C14783,0,23,403.84,1,5,2,8,Potential Loyal
C14784,14,0,1306.71,2,1,5,8,Potential Loyal
C14785,6,10,1363.29,1,2,5,8,Potential Loyal
C14788,24,20,395.31,4,4,2,10,Loyal
C14793,32,3,1337.44,5,1,5,11,Loyal
C14794,9,2,327.83,2,1,1,4,Low Engagement
C14795,32,14,694.95,5,2,3,10,Loyal
C14796,35,4,844.07,5,1,4,10,Loyal
C14797,1,9,329.8,1,1,1,3,Low Engagement
C14799,15,7,339.68,2,1,1,4,Low Engagement
C14800,5,10,449.91,1,2,2,5,At Risk
C14802,24,18,416.44,4,3,2,9,Potential Loyal
C14803,12,25,784.08,2,5,4,11,Loyal
C14804,27,17,765.92,4,3,4,11,Loyal
C14805,0,0,383.17,1,1,1,3,Low Engagement
C14806,23,22,300.76,4,4,1,9,Potential Loyal
C14808,4,12,329.39,1,2,1,4,Low Engagement
C14809,26,23,666.97,4,5,3,12,Loyal
C14812,3,17,477.42,1,3,3,7,Potential Loyal
C14813,12,2,1227.89,2,1,5,8,Potential Loyal
C14814,17,13,1084.0,3,2,5,10,Loyal
C14815,17,7,456.13,3,1,2,6,At Risk
C14817,34,23,1174.44,5,5,5,15,High Value
C14818,30,5,464.03,5,1,2,8,Potential Loyal
C14819,12,28,360.61,2,5,1,8,Potential Loyal
C14820,23,32,885.63,4,5,4,13,High Value
C14821,23,24,1414.93,4,5,5,14,High Value
C14822,8,16,840.09,2,3,4,9,Potential Loyal
C14823,8,17,434.62,2,3,2,7,Potential Loyal
C14825,10,18,423.73,2,3,2,7,Potential Loyal
C14826,15,11,637.94,2,2,3,7,Potential Loyal
C14828,27,25,1227.71,4,5,5,14,High Value
C14830,23,24,411.66,4,5,2,11,Loyal
C14832,10,11,443.47,2,2,2,6,At Risk
C14834,25,4,1391.38,4,1,5,10,Loyal
C14835,25,10,826.2,4,2,4,10,Loyal
C14836,1,19,1066.78,1,4,5,10,Loyal
C14837,12,11,300.53,2,2,1,5,At Risk
C14838,36,18,350.88,5,3,1,9,Potential Loyal
C14839,4,13,419.79,1,2,2,5,At Risk
C14840,26,13,612.65,4,2,3,9,Potential Loyal
C14841,3,11,1260.51,1,2,5,8,Potential Loyal
C14842,19,19,855.26,3,4,4,11,Loyal
C14843,12,27,680.17,2,5,3,10,Loyal
C14846,30,2,775.87,5,1,4,10,Loyal
C14847,18,15,1490.85,3,3,5,11,Loyal
C14848,22,20,693.32,3,4,3,10,Loyal
C14849,18,6,493.94,3,1,3,7,Potential Loyal
C14851,32,28,619.84,5,5,3,13,High Value
C14852,32,16,1190.41,5,3,5,13,High Value
C14853,9,25,383.52,2,5,1,8,Potential Loyal
C14854,17,20,669.93,3,4,3,10,Loyal
C14855,16,15,827.54,3,3,4,10,Loyal
C14857,20,19,722.97,3,4,3,10,Loyal
C14858,20,13,1264.03,3,2,5,10,Loyal
C14859,12,16,816.26,2,3,4,9,Potential Loyal
C14861,15,23,355.02,2,5,1,8,Potential Loyal
C14862,25,0,480.49,4,1,3,8,Potential Loyal
C14863,24,14,1072.14,4,2,5,11,Loyal
C14864,24,6,450.81,4,1,2,7,Potential Loyal
C14865,20,12,1366.51,3,2,5,10,Loyal
C14866,9,9,486.83,2,1,3,6,At Risk
C14868,24,8,475.93,4,1,3,8,Potential Loyal
C14869,14,12,1249.7,2,2,5,9,Potential Loyal
C14870,23,15,485.57,4,3,3,10,Loyal
C14871,13,25,352.66,2,5,1,8,Potential Loyal
C14872,24,12,451.88,4,2,2,8,Potential Loyal
C14873,2,10,791.49,1,2,4,7,Potential Loyal
C14874,33,18,362.94,5,3,1,9,Potential Loyal
C14875,20,14,353.45,3,2,1,6,At Risk
C14876,15,10,369.13,2,2,1,5,At Risk
C14877,25,9,637.43,4,1,3,8,Potential Loyal
C14879,31,14,355.95,5,2,1,8,Potential Loyal
C14880,33,21,446.39,5,4,2,11,Loyal
C14883,14,0,423.0,2,1,2,5,At Risk
C14884,24,1,353.0,4,1,1,6,At Risk
C14885,24,15,1030.5,4,3,5,12,Loyal
C14886,22,14,1347.04,3,2,5,10,Loyal
C14887,15,20,1310.51,2,4,5,11,Loyal
C14888,14,5,1176.48,2,1,5,8,Potential Loyal
C14889,24,8,700.08,4,1,3,8,Potential Loyal
C14890,9,15,300.84,2,3,1,6,At Risk
C14893,17,4,743.83,3,1,4,8,Potential Loyal
C14895,5,21,680.35,1,4,3,8,Potential Loyal
C14896,25,7,452.04,4,1,2,7,Potential Loyal
C14897,13,22,447.53,2,4,2,8,Potential Loyal
C14898,31,14,1294.16,5,2,5,12,Loyal
C14899,34,8,726.19,5,1,3,9,Potential Loyal
C14900,34,9,478.25,5,1,3,9,Potential Loyal
C14903,25,0,393.17,4,1,2,7,Potential Loyal
C14905,18,9,318.89,3,1,1,5,At Risk
C14906,25,28,823.63,4,5,4,13,High Value
C14908,23,10,424.62,4,2,2,8,Potential Loyal
C14909,5,21,414.62,1,4,2,7,Potential Loyal
C14914,24,17,1430.76,4,3,5,12,Loyal
C14915,32,18,362.22,5,3,1,9,Potential Loyal
C14916,12,12,1214.87,2,2,5,9,Potential Loyal
C14917,21,12,730.58,3,2,4,9,Potential Loyal
C14918,16,7,722.38,3,1,3,7,Potential Loyal
C14920,32,24,448.97,5,5,2,12,Loyal
C14921,26,23,1127.45,4,5,5,14,High Value
C14923,5,29,634.63,1,5,3,9,Potential Loyal
C14924,4,22,447.4,1,4,2,7,Potential Loyal
C14925,15,23,365.19,2,5,1,8,Potential Loyal
C14926,17,10,643.92,3,2,3,8,Potential Loyal
C14927,15,10,327.32,2,2,1,5,At Risk
C14928,3,11,371.76,1,2,1,4,Low Engagement
C14929,9,23,835.19,2,5,4,11,Loyal
C14931,11,21,817.23,2,4,4,10,Loyal
C14932,32,18,615.87,5,3,3,11,Loyal
C14934,18,22,299.93,3,4,1,8,Potential Loyal
C14935,28,25,1356.27,4,5,5,14,High Value
C14937,24,18,342.74,4,3,1,8,Potential Loyal
C14938,15,17,1347.13,2,3,5,10,Loyal
C14939,18,24,1275.86,3,5,5,13,High Value
C14942,18,13,405.69,3,2,2,7,Potential Loyal
C14943,32,3,667.81,5,1,3,9,Potential Loyal
C14946,24,25,889.18,4,5,4,13,High Value
C14949,24,22,712.42,4,4,3,11,Loyal
C14950,5,19,463.38,1,4,2,7,Potential Loyal
C14951,24,9,343.51,4,1,1,6,At Risk
C14952,27,15,647.98,4,3,3,10,Loyal
C14953,2,11,757.23,1,2,4,7,Potential Loyal
C14955,23,25,474.5,4,5,2,11,Loyal
C14959,0,8,790.48,1,1,4,6,At Risk
C14960,13,4,490.43,2,1,3,6,At Risk
C14961,5,13,1362.0,1,2,5,8,Potential Loyal
C14962,26,13,1025.41,4,2,5,11,Loyal
C14963,24,19,484.38,4,4,3,11,Loyal
C14964,17,11,836.86,3,2,4,9,Potential Loyal
C14965,33,28,676.37,5,5,3,13,High Value
C14969,31,17,316.86,5,3,1,9,Potential Loyal
C14970,29,3,1300.74,4,1,5,10,Loyal
C14971,12,18,827.74,2,3,4,9,Potential Loyal
C14973,20,21,434.89,3,4,2,9,Potential Loyal
C14974,16,1,397.94,3,1,2,6,At Risk
C14975,31,16,380.69,5,3,1,9,Potential Loyal
C14976,13,10,453.59,2,2,2,6,At Risk
C14977,18,7,1108.57,3,1,5,9,Potential Loyal
C14978,6,25,347.1,1,5,1,7,Potential Loyal
C14979,28,22,677.87,4,4,3,11,Loyal
C14980,24,23,1023.98,4,5,5,14,High Value
C14981,3,8,626.62,1,1,3,5,At Risk
C14982,32,22,333.43,5,4,1,10,Loyal
C14983,15,8,725.65,2,1,3,6,At Risk
C14985,7,23,446.47,1,5,2,8,Potential Loyal
C14986,11,21,865.37,2,4,4,10,Loyal
C14987,25,4,445.24,4,1,2,7,Potential Loyal
C14988,13,16,417.16,2,3,2,7,Potential Loyal
C14989,25,21,1304.39,4,4,5,13,High Value
C14990,19,19,323.56,3,4,1,8,Potential Loyal
C14991,3,25,790.49,1,5,4,10,Loyal
C14993,14,18,827.0,2,3,4,9,Potential Loyal
C14994,30,21,1326.58,5,4,5,14,High Value
C14995,26,4,429.42,4,1,2,7,Potential Loyal
C14996,23,10,869.56,4,2,4,10,Loyal
C14998,34,25,365.59,5,5,1,11,Loyal
C14999,6,19,809.34,1,4,4,9,Potential Loyal
C15000,24,19,301.56,4,4,1,9,Potential Loyal
C15001,10,16,376.27,2,3,1,6,At Risk
C15002,10,9,646.3,2,1,3,6,At Risk
C15004,1,9,700.15,1,1,3,5,At Risk
C15005,4,19,1266.7,1,4,5,10,Loyal
C15006,5,14,1323.92,1,2,5,8,Potential Loyal
C15008,35,18,320.44,5,3,1,9,Potential Loyal
C15009,23,30,406.11,4,5,2,11,Loyal
C15010,24,9,807.73,4,1,4,9,Potential Loyal
C15011,20,14,460.34,3,2,2,7,Potential Loyal
C15012,16,27,324.66,3,5,1,9,Potential Loyal
C15013,25,20,381.51,4,4,1,9,Potential Loyal
C15014,15,0,1218.86,2,1,5,8,Potential Loyal
C15015,4,20,887.22,1,4,4,9,Potential Loyal
C15016,1,25,769.47,1,5,4,10,Loyal
C15017,21,21,761.6,3,4,4,11,Loyal
C15018,12,20,1350.4,2,4,5,11,Loyal
C15019,3,15,471.34,1,3,2,6,At Risk
C15021,8,22,1217.59,2,4,5,11,Loyal
C15022,23,24,855.1,4,5,4,13,High Value
C15023,35,8,347.03,5,1,1,7,Potential Loyal
C15025,3,10,348.94,1,2,1,4,Low Engagement
C15028,23,23,380.59,4,5,1,10,Loyal
C15030,3,27,308.46,1,5,1,7,Potential Loyal
C15032,11,29,740.53,2,5,4,11,Loyal
C15033,6,5,324.9,1,1,1,3,Low Engagement
C15035,12,13,1359.95,2,2,5,9,Potential Loyal
C15036,20,21,1196.81,3,4,5,12,Loyal
C15037,19,28,889.95,3,5,4,12,Loyal
C15038,26,10,318.0,4,2,1,7,Potential Loyal
C15040,13,27,1302.01,2,5,5,12,Loyal
C15041,23,3,475.84,4,1,3,8,Potential Loyal
C15042,32,26,895.22,5,5,4,14,High Value
C15043,5,10,883.61,1,2,4,7,Potential Loyal
C15044,24,23,671.25,4,5,3,12,Loyal
C15045,12,27,310.5,2,5,1,8,Potential Loyal
C15046,33,23,863.1,5,5,4,14,High Value
C15048,14,15,1391.21,2,3,5,10,Loyal
C15050,11,21,1052.94,2,4,5,11,Loyal
C15052,32,1,637.09,5,1,3,9,Potential Loyal
C15053,19,26,868.75,3,5,4,12,Loyal
C15057,5,18,359.43,1,3,1,5,At Risk
C15059,21,0,357.33,3,1,1,5,At Risk
C15060,16,0,483.67,3,1,3,7,Potential Loyal
C15061,6,9,427.75,1,1,2,4,Low Engagement
C15062,23,18,464.71,4,3,2,9,Potential Loyal
C15064,28,13,850.14,4,2,4,10,Loyal
C15065,15,18,319.19,2,3,1,6,At Risk
C15066,5,21,1113.34,1,4,5,10,Loyal
C15067,16,0,421.02,3,1,2,6,At Risk
C15068,3,5,498.78,1,1,3,5,At Risk
C15070,23,11,393.45,4,2,2,8,Potential Loyal
C15071,24,8,883.59,4,1,4,9,Potential Loyal
C15073,20,22,1400.64,3,4,5,12,Loyal
C15074,2,16,401.35,1,3,2,6,At Risk
C15075,36,15,730.65,5,3,4,12,Loyal
C15077,34,17,810.51,5,3,4,12,Loyal
C15079,2,1,498.36,1,1,3,5,At Risk
C15080,4,20,471.37,1,4,2,7,Potential Loyal
C15081,35,6,492.7,5,1,3,9,Potential Loyal
C15082,21,13,1199.97,3,2,5,10,Loyal
C15083,19,18,485.84,3,3,3,9,Potential Loyal
C15085,14,11,350.29,2,2,1,5,At Risk
C15086,17,26,456.73,3,5,2,10,Loyal
C15087,7,13,368.69,1,2,1,4,Low Engagement
C15088,31,13,1085.05,5,2,5,12,Loyal
C15089,3,14,310.66,1,2,1,4,Low Engagement
C15090,14,18,885.0,2,3,4,9,Potential Loyal
C15091,7,4,412.12,1,1,2,4,Low Engagement
C15092,11,18,642.44,2,3,3,8,Potential Loyal
C15093,33,21,456.51,5,4,2,11,Loyal
C15095,16,25,641.45,3,5,3,11,Loyal
C15096,0,16,848.76,1,3,4,8,Potential Loyal
C15098,9,14,812.85,2,2,4,8,Potential Loyal
C15099,21,11,308.22,3,2,1,6,At Risk
C15100,33,14,1051.69,5,2,5,12,Loyal
C15101,32,15,343.02,5,3,1,9,Potential Loyal
C15103,34,19,490.28,5,4,3,12,Loyal
C15104,23,15,441.47,4,3,2,9,Potential Loyal
C15105,8,0,886.3,2,1,4,7,Potential Loyal
C15106,25,24,325.93,4,5,1,10,Loyal
C15107,9,8,356.66,2,1,1,4,Low Engagement
C15112,6,20,1296.68,1,4,5,10,Loyal
C15113,33,24,898.15,5,5,4,14,High Value
C15114,17,21,630.4,3,4,3,10,Loyal
C15117,28,21,673.33,4,4,3,11,Loyal
C15118,24,20,1358.72,4,4,5,13,High Value
C15119,9,12,1211.28,2,2,5,9,Potential Loyal
C15121,1,11,445.78,1,2,2,5,At Risk
C15122,32,3,1031.0,5,1,5,11,Loyal
C15123,35,14,1314.26,5,2,5,12,Loyal
C15124,31,8,444.86,5,1,2,8,Potential Loyal
C15125,15,3,1227.93,2,1,5,8,Potential Loyal
C15126,0,24,1420.87,1,5,5,11,Loyal
C15127,32,26,342.53,5,5,1,11,Loyal
C15128,4,13,659.54,1,2,3,6,At Risk
C15129,0,23,432.57,1,5,2,8,Potential Loyal
C15130,15,11,453.28,2,2,2,6,At Risk
C15131,2,10,339.98,1,2,1,4,Low Engagement
C15132,8,16,1221.45,2,3,5,10,Loyal
C15133,33,19,361.43,5,4,1,10,Loyal
C15134,6,13,353.41,1,2,1,4,Low Engagement
C15135,6,9,374.31,1,1,1,3,Low Engagement
C15136,17,20,862.2,3,4,4,11,Loyal
C15137,18,15,1383.63,3,3,5,11,Loyal
C15138,25,10,369.11,4,2,1,7,Potential Loyal
C15139,35,22,329.35,5,4,1,10,Loyal
C15140,16,8,414.34,3,1,2,6,At Risk
C15141,32,7,309.64,5,1,1,7,Potential Loyal
C15143,5,21,848.39,1,4,4,9,Potential Loyal
C15144,26,22,373.61,4,4,1,9,Potential Loyal
C15145,24,22,624.74,4,4,3,11,Loyal
C15146,31,19,1152.96,5,4,5,14,High Value
C15148,6,8,1205.95,1,1,5,7,Potential Loyal
C15149,13,10,486.85,2,2,3,7,Potential Loyal
C15150,21,3,735.02,3,1,4,8,Potential Loyal
C15151,35,10,1411.24,5,2,5,12,Loyal
C15152,12,21,599.88,2,4,3,9,Potential Loyal
C15153,21,3,744.99,3,1,4,8,Potential Loyal
C15154,29,18,814.53,4,3,4,11,Loyal
C15155,25,23,827.35,4,5,4,13,High Value
C15156,13,16,805.19,2,3,4,9,Potential Loyal
C15159,14,6,1227.96,2,1,5,8,Potential Loyal
C15162,21,28,347.66,3,5,1,9,Potential Loyal
C15163,26,11,778.14,4,2,4,10,Loyal
C15164,8,4,694.33,2,1,3,6,At Risk
C15165,28,17,833.3,4,3,4,11,Loyal
C15166,26,25,885.16,4,5,4,13,High Value
C15167,13,7,808.7,2,1,4,7,Potential Loyal
C15169,23,23,758.49,4,5,4,13,High Value
C15170,25,19,484.2,4,4,3,11,Loyal
C15174,24,31,302.42,4,5,1,10,Loyal
C15175,9,22,682.04,2,4,3,9,Potential Loyal
C15177,34,23,390.62,5,5,2,12,Loyal
C15178,2,6,771.37,1,1,4,6,At Risk
C15179,13,14,304.08,2,2,1,5,At Risk
C15182,14,12,1011.48,2,2,5,9,Potential Loyal
C15183,22,18,1212.81,3,3,5,11,Loyal
C15184,21,12,865.14,3,2,4,9,Potential Loyal
C15185,7,7,645.83,1,1,3,5,At Risk
C15186,24,21,1396.83,4,4,5,13,High Value
C15187,31,14,1345.19,5,2,5,12,Loyal
C15188,28,4,408.61,4,1,2,7,Potential Loyal
C15189,26,19,603.85,4,4,3,11,Loyal
C15192,21,18,318.94,3,3,1,7,Potential Loyal
C15193,9,21,1099.39,2,4,5,11,Loyal
C15194,17,0,763.21,3,1,4,8,Potential Loyal
C15195,7,16,1204.4,1,3,5,9,Potential Loyal
C15197,0,19,866.65,1,4,4,9,Potential Loyal
C15199,10,24,669.04,2,5,3,10,Loyal
C15200,9,16,1170.23,2,3,5,10,Loyal
C15201,9,6,760.7,2,1,4,7,Potential Loyal
C15202,30,17,405.91,5,3,2,10,Loyal
C15203,22,16,830.04,3,3,4,10,Loyal
C15204,8,12,474.75,2,2,2,6,At Risk
C15205,7,8,1095.3,1,1,5,7,Potential Loyal
C15206,3,19,1026.12,1,4,5,10,Loyal
C15209,34,21,811.48,5,4,4,13,High Value
C15210,33,18,409.74,5,3,2,10,Loyal
C15211,28,0,1411.05,4,1,5,10,Loyal
C15212,8,22,431.99,2,4,2,8,Potential Loyal
C15213,24,4,1300.24,4,1,5,10,Loyal
C15214,14,14,1365.85,2,2,5,9,Potential Loyal
C15215,28,13,442.44,4,2,2,8,Potential Loyal
C15217,27,19,301.8,4,4,1,9,Potential Loyal
C15218,9,22,1338.39,2,4,5,11,Loyal
C15220,8,11,848.43,2,2,4,8,Potential Loyal
C15222,10,21,1309.69,2,4,5,11,Loyal
C15223,7,18,430.92,1,3,2,6,At Risk
C15224,13,20,1401.9,2,4,5,11,Loyal
C15225,23,14,321.18,4,2,1,7,Potential Loyal
C15227,18,7,414.33,3,1,2,6,At Risk
C15229,7,28,462.71,1,5,2,8,Potential Loyal
C15230,11,6,376.63,2,1,1,4,Low Engagement
C15231,3,18,1319.33,1,3,5,9,Potential Loyal
C15232,29,27,864.11,4,5,4,13,High Value
C15233,22,21,450.12,3,4,2,9,Potential Loyal
C15234,1,10,603.28,1,2,3,6,At Risk
C15235,0,25,889.73,1,5,4,10,Loyal
C15236,25,24,389.23,4,5,2,11,Loyal
C15237,33,3,315.05,5,1,1,7,Potential Loyal
C15238,17,13,715.33,3,2,3,8,Potential Loyal
C15240,35,11,398.94,5,2,2,9,Potential Loyal
C15241,15,12,625.54,2,2,3,7,Potential Loyal
C15242,24,9,366.46,4,1,1,6,At Risk
C15245,24,12,498.8,4,2,3,9,Potential Loyal
C15249,24,27,697.54,4,5,3,12,Loyal
C15250,29,21,463.56,4,4,2,10,Loyal
C15253,6,24,497.66,1,5,3,9,Potential Loyal
C15254,16,26,323.64,3,5,1,9,Potential Loyal
C15255,26,7,313.76,4,1,1,6,At Risk
C15257,16,26,861.55,3,5,4,12,Loyal
C15258,29,5,755.14,4,1,4,9,Potential Loyal
C15259,33,6,405.36,5,1,2,8,Potential Loyal
C15261,5,5,1459.37,1,1,5,7,Potential Loyal
C15262,5,17,364.2,1,3,1,5,At Risk
C15263,1,21,1203.13,1,4,5,10,Loyal
C15265,21,11,1314.21,3,2,5,10,Loyal
C15266,25,25,383.11,4,5,1,10,Loyal
C15267,30,14,822.01,5,2,4,11,Loyal
C15271,30,10,830.87,5,2,4,11,Loyal
C15272,9,16,376.37,2,3,1,6,At Risk
C15273,5,19,467.86,1,4,2,7,Potential Loyal
C15274,14,16,449.75,2,3,2,7,Potential Loyal
C15275,13,6,1343.37,2,1,5,8,Potential Loyal
C15276,33,26,402.19,5,5,2,12,Loyal
C15277,30,18,445.6,5,3,2,10,Loyal
C15280,7,28,651.88,1,5,3,9,Potential Loyal
C15281,11,14,304.62,2,2,1,5,At Risk
C15282,35,15,652.06,5,3,3,11,Loyal
C15283,24,18,898.49,4,3,4,11,Loyal
C15284,29,8,750.21,4,1,4,9,Potential Loyal
C15286,11,22,436.84,2,4,2,8,Potential Loyal
C15287,7,4,834.15,1,1,4,6,At Risk
C15289,28,21,362.89,4,4,1,9,Potential Loyal
C15290,4,9,1047.27,1,1,5,7,Potential Loyal
C15292,0,7,766.54,1,1,4,6,At Risk
C15294,30,10,461.79,5,2,2,9,Potential Loyal
C15295,2,24,626.04,1,5,3,9,Potential Loyal
C15296,7,8,404.37,1,1,2,4,Low Engagement
C15297,32,15,457.7,5,3,2,10,Loyal
C15298,23,8,647.19,4,1,3,8,Potential Loyal
C15299,2,19,881.64,1,4,4,9,Potential Loyal
C15300,2,23,427.33,1,5,2,8,Potential Loyal
C15301,21,28,844.8,3,5,4,12,Loyal
C15303,14,4,824.05,2,1,4,7,Potential Loyal
C15304,19,13,1186.58,3,2,5,10,Loyal
C15305,3,13,456.56,1,2,2,5,At Risk
C15306,19,13,332.7,3,2,1,6,At Risk
C15307,15,25,1280.2,2,5,5,12,Loyal
C15308,31,7,440.31,5,1,2,8,Potential Loyal
C15309,8,29,337.6,2,5,1,8,Potential Loyal
C15310,15,23,1057.31,2,5,5,12,Loyal
C15311,11,10,1033.93,2,2,5,9,Potential Loyal
C15312,18,22,446.62,3,4,2,9,Potential Loyal
C15313,32,18,614.4,5,3,3,11,Loyal
C15314,19,23,866.6,3,5,4,12,Loyal
C15315,29,0,889.98,4,1,4,9,Potential Loyal
C15316,4,12,1257.0,1,2,5,8,Potential Loyal
C15318,8,15,1045.31,2,3,5,10,Loyal
C15319,3,6,1335.79,1,1,5,7,Potential Loyal
C15321,19,19,300.13,3,4,1,8,Potential Loyal
C15323,20,5,607.79,3,1,3,7,Potential Loyal
C15324,0,17,458.08,1,3,2,6,At Risk
C15325,23,34,895.36,4,5,4,13,High Value
C15326,33,9,312.31,5,1,1,7,Potential Loyal
C15327,16,16,1130.9,3,3,5,11,Loyal
C15328,19,0,1082.09,3,1,5,9,Potential Loyal
C15329,19,17,1004.77,3,3,4,10,Loyal
C15330,14,19,1254.6,2,4,5,11,Loyal
C15331,0,9,1358.1,1,1,5,7,Potential Loyal
C15332,20,10,1155.48,3,2,5,10,Loyal
C15333,33,22,364.99,5,4,1,10,Loyal
C15334,35,20,333.16,5,4,1,10,Loyal
C15335,0,6,438.61,1,1,2,4,Low Engagement
C15336,12,21,354.24,2,4,1,7,Potential Loyal
C15337,29,15,728.91,4,3,3,10,Loyal
C15338,22,18,310.47,3,3,1,7,Potential Loyal
C15339,23,17,782.78,4,3,4,11,Loyal
C15340,5,21,898.2,1,4,4,9,Potential Loyal
C15341,28,26,604.66,4,5,3,12,Loyal
C15342,25,20,1221.76,4,4,5,13,High Value
C15343,18,20,750.08,3,4,4,11,Loyal
C15344,31,9,328.73,5,1,1,7,Potential Loyal
C15346,32,13,354.45,5,2,1,8,Potential Loyal
C15347,1,15,481.77,1,3,3,7,Potential Loyal
C15348,3,6,684.34,1,1,3,5,At Risk
C15349,20,3,330.73,3,1,1,5,At Risk
C15352,20,16,440.79,3,3,2,8,Potential Loyal
C15354,25,12,488.24,4,2,3,9,Potential Loyal
C15355,9,24,728.25,2,5,3,10,Loyal
C15356,2,23,412.99,1,5,2,8,Potential Loyal
C15357,10,23,468.89,2,5,2,9,Potential Loyal
C15358,32,24,825.79,5,5,4,14,High Value
C15359,16,10,491.57,3,2,3,8,Potential Loyal
C15360,26,13,1226.62,4,2,5,11,Loyal
C15361,19,14,1479.67,3,2,5,10,Loyal
C15363,20,24,386.76,3,5,1,9,Potential Loyal
C15364,14,20,481.69,2,4,3,9,Potential Loyal
C15365,3,13,810.23,1,2,4,7,Potential Loyal
C15366,13,19,1235.75,2,4,5,11,Loyal
C15367,5,7,1209.72,1,1,5,7,Potential Loyal
C15368,1,22,1387.43,1,4,5,10,Loyal
C15370,10,25,304.91,2,5,1,8,Potential Loyal
C15371,7,15,1095.41,1,3,5,9,Potential Loyal
C15373,6,11,1325.67,1,2,5,8,Potential Loyal
C15374,27,6,451.25,4,1,2,7,Potential Loyal
C15376,17,3,479.33,3,1,3,7,Potential Loyal
C15377,22,2,299.44,3,1,1,5,At Risk
C15378,25,22,663.56,4,4,3,11,Loyal
C15379,18,20,409.86,3,4,2,9,Potential Loyal
C15380,17,9,333.11,3,1,1,5,At Risk
C15381,26,20,430.33,4,4,2,10,Loyal
C15382,20,21,637.32,3,4,3,10,Loyal
C15383,5,25,361.31,1,5,1,7,Potential Loyal
C15384,17,16,1231.61,3,3,5,11,Loyal
C15385,33,7,1012.09,5,1,5,11,Loyal
C15386,9,21,312.05,2,4,1,7,Potential Loyal
C15387,2,1,754.31,1,1,4,6,At Risk
C15388,0,9,401.71,1,1,2,4,Low Engagement
C15390,1,7,1272.7,1,1,5,7,Potential Loyal
C15392,26,7,803.86,4,1,4,9,Potential Loyal
C15393,18,7,640.91,3,1,3,7,Potential Loyal
C15395,0,20,304.92,1,4,1,6,At Risk
C15397,14,21,309.94,2,4,1,7,Potential Loyal
C15398,1,4,601.03,1,1,3,5,At Risk
C15399,15,23,492.68,2,5,3,10,Loyal
C15400,30,8,813.9,5,1,4,10,Loyal
C15402,31,23,806.76,5,5,4,14,High Value
C15404,20,9,454.9,3,1,2,6,At Risk
C15405,16,4,479.01,3,1,3,7,Potential Loyal
C15407,9,16,377.64,2,3,1,6,At Risk
C15408,25,15,885.63,4,3,4,11,Loyal
C15410,11,20,371.71,2,4,1,7,Potential Loyal
C15411,4,14,354.98,1,2,1,4,Low Engagement
C15412,17,9,391.39,3,1,2,6,At Risk
C15413,10,18,618.06,2,3,3,8,Potential Loyal
C15415,17,19,688.83,3,4,3,10,Loyal
C15416,34,5,1283.33,5,1,5,11,Loyal
C15417,4,22,1168.01,1,4,5,10,Loyal
C15420,1,26,449.17,1,5,2,8,Potential Loyal
C15422,18,3,1383.63,3,1,5,9,Potential Loyal
C15423,25,8,611.09,4,1,3,8,Potential Loyal
C15424,28,21,435.27,4,4,2,10,Loyal
C15427,13,16,1128.4,2,3,5,10,Loyal
C15431,30,21,727.9,5,4,3,12,Loyal
C15432,19,14,604.98,3,2,3,8,Potential Loyal
C15433,13,17,1164.97,2,3,5,10,Loyal
C15434,33,27,799.68,5,5,4,14,High Value
C15435,20,10,843.47,3,2,4,9,Potential Loyal
C15436,35,12,322.55,5,2,1,8,Potential Loyal
C15438,13,20,358.89,2,4,1,7,Potential Loyal
C15439,16,24,344.03,3,5,1,9,Potential Loyal
C15440,4,36,808.67,1,5,4,10,Loyal
C15441,11,8,644.12,2,1,3,6,At Risk
C15443,35,23,352.15,5,5,1,11,Loyal
C15444,18,22,365.01,3,4,1,8,Potential Loyal
C15445,22,17,303.39,3,3,1,7,Potential Loyal
C15446,0,2,329.14,1,1,1,3,Low Engagement
C15447,1,24,606.67,1,5,3,9,Potential Loyal
C15448,16,9,627.19,3,1,3,7,Potential Loyal
C15450,3,21,486.27,1,4,3,8,Potential Loyal
C15456,31,10,497.44,5,2,3,10,Loyal
C15457,27,10,632.43,4,2,3,9,Potential Loyal
C15458,13,19,492.83,2,4,3,9,Potential Loyal
C15459,3,21,699.69,1,4,3,8,Potential Loyal
C15461,27,7,728.47,4,1,3,8,Potential Loyal
C15463,19,30,408.08,3,5,2,10,Loyal
C15464,3,12,894.72,1,2,4,7,Potential Loyal
C15465,25,5,737.72,4,1,4,9,Potential Loyal
C15467,16,24,328.62,3,5,1,9,Potential Loyal
C15468,31,20,449.31,5,4,2,11,Loyal
C15469,5,23,451.2,1,5,2,8,Potential Loyal
C15472,8,19,715.16,2,4,3,9,Potential Loyal
C15473,0,29,731.24,1,5,4,10,Loyal
C15474,22,22,1456.29,3,4,5,12,Loyal
C15475,20,9,820.96,3,1,4,8,Potential Loyal
C15477,28,23,345.2,4,5,1,10,Loyal
C15478,25,20,398.74,4,4,2,10,Loyal
C15479,17,19,664.81,3,4,3,10,Loyal
C15482,3,22,1493.42,1,4,5,10,Loyal
C15483,15,24,1107.21,2,5,5,12,Loyal
C15484,14,19,319.28,2,4,1,7,Potential Loyal
C15485,35,20,342.84,5,4,1,10,Loyal
C15486,29,22,443.33,4,4,2,10,Loyal
C15488,21,19,787.76,3,4,4,11,Loyal
C15489,0,17,436.62,1,3,2,6,At Risk
C15490,24,33,323.74,4,5,1,10,Loyal
C15493,25,24,1328.8,4,5,5,14,High Value
C15494,18,7,492.52,3,1,3,7,Potential Loyal
C15495,18,14,394.0,3,2,2,7,Potential Loyal
C15500,4,10,657.06,1,2,3,6,At Risk
C15503,36,7,813.08,5,1,4,10,Loyal
C15504,28,15,326.04,4,3,1,8,Potential Loyal
C15506,0,18,363.21,1,3,1,5,At Risk
C15507,21,8,401.99,3,1,2,6,At Risk
C15509,23,27,896.16,4,5,4,13,High Value
C15510,27,15,1412.12,4,3,5,12,Loyal
C15511,5,0,1178.66,1,1,5,7,Potential Loyal
C15512,3,22,801.17,1,4,4,9,Potential Loyal
C15513,23,10,1227.11,4,2,5,11,Loyal
C15514,12,21,468.44,2,4,2,8,Potential Loyal
C15515,4,20,791.25,1,4,4,9,Potential Loyal
C15516,13,12,1432.92,2,2,5,9,Potential Loyal
C15517,23,8,612.4,4,1,3,8,Potential Loyal
C15518,6,3,491.07,1,1,3,5,At Risk
C15520,0,16,1280.25,1,3,5,9,Potential Loyal
C15521,34,4,1187.99,5,1,5,11,Loyal
C15522,24,24,316.62,4,5,1,10,Loyal
C15523,26,22,1011.8,4,4,5,13,High Value
C15524,2,19,1470.52,1,4,5,10,Loyal
C15525,19,20,823.25,3,4,4,11,Loyal
C15526,2,13,859.81,1,2,4,7,Potential Loyal
C15527,25,15,468.04,4,3,2,9,Potential Loyal
C15528,15,7,424.46,2,1,2,5,At Risk
C15529,14,11,411.36,2,2,2,6,At Risk
C15530,32,27,1246.42,5,5,5,15,High Value
C15531,21,4,865.44,3,1,4,8,Potential Loyal
C15532,27,9,365.31,4,1,1,6,At Risk
C15535,25,17,1116.66,4,3,5,12,Loyal
C15536,31,9,345.01,5,1,1,7,Potential Loyal
C15537,18,27,305.83,3,5,1,9,Potential Loyal
C15538,31,20,376.85,5,4,1,10,Loyal
C15539,22,24,843.13,3,5,4,12,Loyal
C15540,18,7,625.42,3,1,3,7,Potential Loyal
C15541,29,18,639.45,4,3,3,10,Loyal
C15542,10,11,449.68,2,2,2,6,At Risk
C15543,6,23,357.0,1,5,1,7,Potential Loyal
C15544,10,24,442.02,2,5,2,9,Potential Loyal
C15545,16,17,1300.84,3,3,5,11,Loyal
C15546,24,23,639.0,4,5,3,12,Loyal
C15547,4,21,737.71,1,4,4,9,Potential Loyal
C15548,10,6,421.47,2,1,2,5,At Risk
C15549,20,30,407.97,3,5,2,10,Loyal
C15550,19,18,666.17,3,3,3,9,Potential Loyal
C15551,9,13,849.25,2,2,4,8,Potential Loyal
C15552,32,0,637.51,5,1,3,9,Potential Loyal
C15554,5,8,379.35,1,1,1,3,Low Engagement
C15555,14,7,1395.08,2,1,5,8,Potential Loyal
C15557,5,4,396.86,1,1,2,4,Low Engagement
C15559,6,0,735.25,1,1,4,6,At Risk
C15560,4,8,1182.97,1,1,5,7,Potential Loyal
C15565,18,2,377.86,3,1,1,5,At Risk
C15566,15,0,687.83,2,1,3,6,At Risk
C15567,22,2,469.01,3,1,2,6,At Risk
C15571,31,16,1124.37,5,3,5,13,High Value
C15572,1,21,668.24,1,4,3,8,Potential Loyal
C15574,11,18,1093.62,2,3,5,10,Loyal
C15576,28,19,436.36,4,4,2,10,Loyal
C15577,26,11,1428.47,4,2,5,11,Loyal
C15580,16,8,441.47,3,1,2,6,At Risk
C15581,4,14,441.94,1,2,2,5,At Risk
C15582,5,12,704.42,1,2,3,6,At Risk
C15584,20,6,1112.04,3,1,5,9,Potential Loyal
C15585,16,6,716.05,3,1,3,7,Potential Loyal
C15586,9,2,827.09,2,1,4,7,Potential Loyal
C15587,34,23,818.57,5,5,4,14,High Value
C15588,29,12,403.65,4,2,2,8,Potential Loyal
C15590,11,5,1402.58,2,1,5,8,Potential Loyal
C15591,32,19,359.3,5,4,1,10,Loyal
C15593,23,25,872.0,4,5,4,13,High Value
C15596,36,25,606.77,5,5,3,13,High Value
C15597,12,12,768.23,2,2,4,8,Potential Loyal
C15598,36,14,1355.55,5,2,5,12,Loyal
C15600,29,11,829.21,4,2,4,10,Loyal
C15602,22,12,1211.69,3,2,5,10,Loyal
C15603,13,13,689.1,2,2,3,7,Potential Loyal
C15604,26,15,382.31,4,3,1,8,Potential Loyal
C15607,19,4,384.9,3,1,1,5,At Risk
C15608,9,17,350.27,2,3,1,6,At Risk
C15609,4,13,364.27,1,2,1,4,Low Engagement
C15611,31,13,1114.01,5,2,5,12,Loyal
C15612,13,1,326.22,2,1,1,4,Low Engagement
C15613,33,15,318.86,5,3,1,9,Potential Loyal
C15615,26,13,824.95,4,2,4,10,Loyal
C15616,19,14,888.79,3,2,4,9,Potential Loyal
C15617,4,9,393.51,1,1,2,4,Low Engagement
C15618,28,10,1049.65,4,2,5,11,Loyal
C15619,5,2,408.08,1,1,2,4,Low Engagement
C15620,1,7,835.44,1,1,4,6,At Risk
C15621,22,18,458.91,3,3,2,8,Potential Loyal
C15622,32,20,425.28,5,4,2,11,Loyal
C15624,7,26,1328.07,1,5,5,11,Loyal
C15625,8,14,336.17,2,2,1,5,At Risk
C15626,15,25,747.49,2,5,4,11,Loyal
C15627,17,10,331.39,3,2,1,6,At Risk
C15628,19,22,341.77,3,4,1,8,Potential Loyal
C15631,9,20,809.25,2,4,4,10,Loyal
C15632,0,11,464.28,1,2,2,5,At Risk
C15636,7,19,1301.13,1,4,5,10,Loyal
C15637,26,9,306.37,4,1,1,6,At Risk
C15639,30,7,825.38,5,1,4,10,Loyal
C15640,21,14,408.93,3,2,2,7,Potential Loyal
C15641,27,17,762.72,4,3,4,11,Loyal
C15645,30,13,321.88,5,2,1,8,Potential Loyal
C15646,27,24,451.07,4,5,2,11,Loyal
C15649,29,20,792.79,4,4,4,12,Loyal
C15651,33,5,716.78,5,1,3,9,Potential Loyal
C15652,15,18,749.59,2,3,4,9,Potential Loyal
C15653,26,23,319.34,4,5,1,10,Loyal
C15654,36,19,807.52,5,4,4,13,High Value
C15655,1,17,819.59,1,3,4,8,Potential Loyal
C15656,10,8,470.24,2,1,2,5,At Risk
C15657,11,15,480.18,2,3,3,8,Potential Loyal
C15658,20,9,624.78,3,1,3,7,Potential Loyal
C15659,15,13,356.6,2,2,1,5,At Risk
C15660,19,9,330.31,3,1,1,5,At Risk
C15661,29,3,448.18,4,1,2,7,Potential Loyal
C15664,36,23,825.5,5,5,4,14,High Value
C15667,11,11,405.04,2,2,2,6,At Risk
C15668,14,18,1486.54,2,3,5,10,Loyal
C15670,35,19,610.33,5,4,3,12,Loyal
C15673,25,8,1082.08,4,1,5,10,Loyal
C15674,10,11,415.66,2,2,2,6,At Risk
C15676,32,15,1228.08,5,3,5,13,High Value
C15677,16,22,400.59,3,4,2,9,Potential Loyal
C15678,22,30,428.27,3,5,2,10,Loyal
C15679,4,14,740.25,1,2,4,7,Potential Loyal
C15680,30,23,494.99,5,5,3,13,High Value
C15683,11,9,448.3,2,1,2,5,At Risk
C15684,2,21,831.52,1,4,4,9,Potential Loyal
C15686,10,4,485.26,2,1,3,6,At Risk
C15687,14,13,406.02,2,2,2,6,At Risk
C15688,2,20,455.81,1,4,2,7,Potential Loyal
C15689,17,16,1475.53,3,3,5,11,Loyal
C15690,4,21,327.9,1,4,1,6,At Risk
C15692,0,19,751.01,1,4,4,9,Potential Loyal
C15694,19,14,858.57,3,2,4,9,Potential Loyal
C15695,17,17,735.15,3,3,4,10,Loyal
C15696,36,27,631.83,5,5,3,13,High Value
C15697,22,19,391.68,3,4,2,9,Potential Loyal
C15698,15,24,391.3,2,5,2,9,Potential Loyal
C15699,5,18,1104.32,1,3,5,9,Potential Loyal
C15701,33,22,1467.34,5,4,5,14,High Value
C15703,34,13,302.06,5,2,1,8,Potential Loyal
C15704,33,23,852.8,5,5,4,14,High Value
C15706,34,4,1428.39,5,1,5,11,Loyal
C15707,34,7,428.86,5,1,2,8,Potential Loyal
C15708,25,14,634.49,4,2,3,9,Potential Loyal
C15709,18,29,398.72,3,5,2,10,Loyal
C15710,17,7,404.77,3,1,2,6,At Risk
C15711,35,17,803.79,5,3,4,12,Loyal
C15712,30,10,466.39,5,2,2,9,Potential Loyal
C15715,24,12,1451.42,4,2,5,11,Loyal
C15717,7,3,1310.73,1,1,5,7,Potential Loyal
C15718,15,11,651.15,2,2,3,7,Potential Loyal
C15720,6,18,782.94,1,3,4,8,Potential Loyal
C15723,21,14,1113.88,3,2,5,10,Loyal
C15724,7,25,660.39,1,5,3,9,Potential Loyal
C15725,22,25,890.57,3,5,4,12,Loyal
C15727,8,16,1237.28,2,3,5,10,Loyal
C15728,33,11,482.74,5,2,3,10,Loyal
C15729,35,22,637.99,5,4,3,12,Loyal
C15730,32,17,806.92,5,3,4,12,Loyal
C15731,15,19,725.75,2,4,3,9,Potential Loyal
C15732,26,15,1439.89,4,3,5,12,Loyal
C15734,25,19,474.72,4,4,2,10,Loyal
C15735,12,17,323.9,2,3,1,6,At Risk
C15737,27,24,682.65,4,5,3,12,Loyal
C15738,10,17,413.86,2,3,2,7,Potential Loyal
C15740,16,23,749.84,3,5,4,12,Loyal
C15742,5,26,328.55,1,5,1,7,Potential Loyal
C15743,24,19,1448.72,4,4,5,13,High Value
C15744,35,2,485.22,5,1,3,9,Potential Loyal
C15745,27,17,1363.03,4,3,5,12,Loyal
C15746,9,8,445.9,2,1,2,5,At Risk
C15748,33,32,806.94,5,5,4,14,High Value
C15749,25,10,437.1,4,2,2,8,Potential Loyal
C15750,35,15,843.17,5,3,4,12,Loyal
C15751,15,17,800.77,2,3,4,9,Potential Loyal
C15753,29,19,722.94,4,4,3,11,Loyal
C15754,8,17,341.63,2,3,1,6,At Risk
C15755,8,7,1174.45,2,1,5,8,Potential Loyal
C15757,4,16,783.79,1,3,4,8,Potential Loyal
C15758,12,18,625.39,2,3,3,8,Potential Loyal
C15759,28,19,717.23,4,4,3,11,Loyal
C15761,7,12,877.76,1,2,4,7,Potential Loyal
C15762,23,5,443.76,4,1,2,7,Potential Loyal
C15763,7,13,1170.28,1,2,5,8,Potential Loyal
C15765,16,5,1317.18,3,1,5,9,Potential Loyal
C15766,12,6,441.74,2,1,2,5,At Risk
C15768,27,11,892.38,4,2,4,10,Loyal
C15769,24,13,423.61,4,2,2,8,Potential Loyal
C15770,4,0,1287.06,1,1,5,7,Potential Loyal
C15771,11,12,1217.63,2,2,5,9,Potential Loyal
C15772,19,14,1311.5,3,2,5,10,Loyal
C15775,22,8,1028.87,3,1,5,9,Potential Loyal
C15776,27,21,1373.6,4,4,5,13,High Value
C15777,19,17,686.36,3,3,3,9,Potential Loyal
C15778,14,20,487.39,2,4,3,9,Potential Loyal
C15779,12,13,1191.94,2,2,5,9,Potential Loyal
C15780,5,20,632.91,1,4,3,8,Potential Loyal
C15781,21,13,734.09,3,2,4,9,Potential Loyal
C15783,10,16,766.66,2,3,4,9,Potential Loyal
C15786,24,3,786.02,4,1,4,9,Potential Loyal
C15787,14,8,787.11,2,1,4,7,Potential Loyal
C15788,28,19,882.38,4,4,4,12,Loyal
C15789,25,23,1084.63,4,5,5,14,High Value
C15790,6,14,471.03,1,2,2,5,At Risk
C15791,35,12,774.67,5,2,4,11,Loyal
C15792,18,12,342.72,3,2,1,6,At Risk
C15793,4,11,797.15,1,2,4,7,Potential Loyal
C15796,34,16,343.68,5,3,1,9,Potential Loyal
C15797,2,26,895.41,1,5,4,10,Loyal
C15799,17,18,423.6,3,3,2,8,Potential Loyal
C15801,6,12,685.49,1,2,3,6,At Risk
C15803,12,18,1116.43,2,3,5,10,Loyal
C15804,20,17,329.04,3,3,1,7,Potential Loyal
C15806,22,21,350.33,3,4,1,8,Potential Loyal
C15808,7,22,352.76,1,4,1,6,At Risk
C15811,28,7,1276.89,4,1,5,10,Loyal
C15812,1,11,425.01,1,2,2,5,At Risk
C15813,20,10,442.44,3,2,2,7,Potential Loyal
C15814,16,22,336.56,3,4,1,8,Potential Loyal
C15815,21,12,763.39,3,2,4,9,Potential Loyal
C15816,2,17,664.65,1,3,3,7,Potential Loyal
C15817,10,17,757.35,2,3,4,9,Potential Loyal
C15818,7,15,1363.39,1,3,5,9,Potential Loyal
C15821,17,14,1046.24,3,2,5,10,Loyal
C15822,7,29,693.32,1,5,3,9,Potential Loyal
C15823,25,7,497.91,4,1,3,8,Potential Loyal
C15824,21,19,764.17,3,4,4,11,Loyal
C15825,29,22,1197.55,4,4,5,13,High Value
C15827,15,0,804.36,2,1,4,7,Potential Loyal
C15829,12,19,887.42,2,4,4,10,Loyal
C15833,19,23,1260.09,3,5,5,13,High Value
C15834,5,16,796.68,1,3,4,8,Potential Loyal
C15835,33,13,442.21,5,2,2,9,Potential Loyal
C15836,11,24,1424.05,2,5,5,12,Loyal
C15837,23,16,489.78,4,3,3,10,Loyal
C15838,16,17,1190.45,3,3,5,11,Loyal
C15840,0,20,460.65,1,4,2,7,Potential Loyal
C15841,24,26,426.55,4,5,2,11,Loyal
C15842,5,19,487.27,1,4,3,8,Potential Loyal
C15843,8,16,1013.7,2,3,5,10,Loyal
C15847,19,18,452.2,3,3,2,8,Potential Loyal
C15851,22,1,826.83,3,1,4,8,Potential Loyal
C15852,13,24,828.58,2,5,4,11,Loyal
C15855,8,7,345.67,2,1,1,4,Low Engagement
C15858,10,30,363.24,2,5,1,8,Potential Loyal
C15859,33,12,303.19,5,2,1,8,Potential Loyal
C15860,19,9,756.76,3,1,4,8,Potential Loyal
C15862,15,6,315.01,2,1,1,4,Low Engagement
C15863,32,22,334.65,5,4,1,10,Loyal
C15864,32,25,330.68,5,5,1,11,Loyal
C15865,26,21,1087.41,4,4,5,13,High Value
C15866,33,29,797.89,5,5,4,14,High Value
C15869,7,15,739.42,1,3,4,8,Potential Loyal
C15870,32,19,486.9,5,4,3,12,Loyal
C15871,20,18,783.71,3,3,4,10,Loyal
C15873,12,12,452.14,2,2,2,6,At Risk
C15874,2,17,1378.42,1,3,5,9,Potential Loyal
C15875,32,3,788.81,5,1,4,10,Loyal
C15876,12,12,763.59,2,2,4,8,Potential Loyal
C15877,1,22,847.85,1,4,4,9,Potential Loyal
C15879,30,17,419.21,5,3,2,10,Loyal
C15881,35,7,693.5,5,1,3,9,Potential Loyal
C15883,28,12,711.82,4,2,3,9,Potential Loyal
C15885,17,15,1486.36,3,3,5,11,Loyal
C15886,6,12,1408.33,1,2,5,8,Potential Loyal
C15888,30,13,1391.9,5,2,5,12,Loyal
C15889,24,17,469.36,4,3,2,9,Potential Loyal
C15890,19,21,857.97,3,4,4,11,Loyal
C15893,33,24,476.42,5,5,3,13,High Value
C15894,21,9,384.29,3,1,1,5,At Risk
C15895,28,14,394.45,4,2,2,8,Potential Loyal
C15896,0,25,434.93,1,5,2,8,Potential Loyal
C15897,2,15,666.98,1,3,3,7,Potential Loyal
C15898,2,23,880.05,1,5,4,10,Loyal
C15899,18,21,620.75,3,4,3,10,Loyal
C15900,23,16,425.09,4,3,2,9,Potential Loyal
C15902,6,16,1375.29,1,3,5,9,Potential Loyal
C15903,19,12,427.79,3,2,2,7,Potential Loyal
C15904,6,26,464.95,1,5,2,8,Potential Loyal
C15905,14,32,750.37,2,5,4,11,Loyal
C15907,6,10,337.1,1,2,1,4,Low Engagement
C15908,12,18,626.36,2,3,3,8,Potential Loyal
C15911,22,4,1427.4,3,1,5,9,Potential Loyal
C15912,31,12,356.38,5,2,1,8,Potential Loyal
C15913,17,17,693.57,3,3,3,9,Potential Loyal
C15914,7,11,346.67,1,2,1,4,Low Engagement
C15915,26,4,323.3,4,1,1,6,At Risk
C15916,14,11,732.16,2,2,4,8,Potential Loyal
C15917,7,24,482.12,1,5,3,9,Potential Loyal
C15918,28,14,311.22,4,2,1,7,Potential Loyal
C15919,15,14,414.39,2,2,2,6,At Risk
C15920,7,18,1038.3,1,3,5,9,Potential Loyal
C15922,6,9,436.96,1,1,2,4,Low Engagement
C15923,22,10,411.51,3,2,2,7,Potential Loyal
C15924,30,18,315.44,5,3,1,9,Potential Loyal
C15925,30,14,851.61,5,2,4,11,Loyal
C15926,10,25,467.83,2,5,2,9,Potential Loyal
C15927,2,19,1261.92,1,4,5,10,Loyal
C15928,4,27,468.85,1,5,2,8,Potential Loyal
C15929,34,8,455.86,5,1,2,8,Potential Loyal
C15930,1,21,494.57,1,4,3,8,Potential Loyal
C15931,20,22,1465.8,3,4,5,12,Loyal
C15932,33,19,384.95,5,4,1,10,Loyal
C15934,4,26,495.42,1,5,3,9,Potential Loyal
C15935,22,18,480.99,3,3,3,9,Potential Loyal
C15936,13,0,377.17,2,1,1,4,Low Engagement
C15937,35,14,605.58,5,2,3,10,Loyal
C15938,30,8,1264.46,5,1,5,11,Loyal
C15939,35,21,342.67,5,4,1,10,Loyal
C15940,10,8,881.64,2,1,4,7,Potential Loyal
C15941,7,15,342.36,1,3,1,5,At Risk
C15942,15,23,435.35,2,5,2,9,Potential Loyal
C15943,25,21,778.03,4,4,4,12,Loyal
C15944,0,6,473.4,1,1,2,4,Low Engagement
C15945,0,4,1043.09,1,1,5,7,Potential Loyal
C15946,25,8,809.99,4,1,4,9,Potential Loyal
C15947,5,2,692.8,1,1,3,5,At Risk
C15948,27,13,410.63,4,2,2,8,Potential Loyal
C15949,6,4,468.53,1,1,2,4,Low Engagement
C15951,27,15,416.07,4,3,2,9,Potential Loyal
C15952,9,23,390.85,2,5,2,9,Potential Loyal
C15953,31,17,361.14,5,3,1,9,Potential Loyal
C15954,0,17,475.39,1,3,3,7,Potential Loyal
C15955,11,19,315.78,2,4,1,7,Potential Loyal
C15956,29,17,438.96,4,3,2,9,Potential Loyal
C15957,35,21,303.06,5,4,1,10,Loyal
C15958,7,16,663.51,1,3,3,7,Potential Loyal
C15959,24,12,858.63,4,2,4,10,Loyal
C15960,33,27,655.48,5,5,3,13,High Value
C15962,2,11,809.64,1,2,4,7,Potential Loyal
C15965,7,14,418.34,1,2,2,5,At Risk
C15966,22,9,1101.52,3,1,5,9,Potential Loyal
C15967,15,24,1292.05,2,5,5,12,Loyal
C15968,25,15,467.2,4,3,2,9,Potential Loyal
C15969,7,7,607.9,1,1,3,5,At Risk
C15970,19,13,669.37,3,2,3,8,Potential Loyal
C15971,2,2,786.06,1,1,4,6,At Risk
C15972,29,20,1264.42,4,4,5,13,High Value
C15975,5,14,387.5,1,2,1,4,Low Engagement
C15978,18,14,1240.38,3,2,5,10,Loyal
C15979,30,19,811.94,5,4,4,13,High Value
C15981,22,26,797.23,3,5,4,12,Loyal
C15982,28,18,726.34,4,3,3,10,Loyal
C15983,1,12,1441.59,1,2,5,8,Potential Loyal
C15984,32,12,453.69,5,2,2,9,Potential Loyal
C15985,11,4,1080.47,2,1,5,8,Potential Loyal
C15986,14,20,359.67,2,4,1,7,Potential Loyal
C15988,20,30,475.3,3,5,2,10,Loyal
C15989,7,21,1238.93,1,4,5,10,Loyal
C15990,19,28,422.22,3,5,2,10,Loyal
C15991,29,5,359.62,4,1,1,6,At Risk
C15992,34,15,348.96,5,3,1,9,Potential Loyal
C15993,20,18,786.26,3,3,4,10,Loyal
C15994,19,15,645.68,3,3,3,9,Potential Loyal
C15996,35,17,1236.54,5,3,5,13,High Value
C15997,31,6,677.61,5,1,3,9,Potential Loyal
C15998,15,17,330.32,2,3,1,6,At Risk
C16000,21,3,1275.69,3,1,5,9,Potential Loyal
C16001,32,15,880.57,5,3,4,12,Loyal
C16002,25,31,699.14,4,5,3,12,Loyal
C16003,5,27,410.5,1,5,2,8,Potential Loyal
C16004,35,26,754.9,5,5,4,14,High Value
C16005,8,10,1306.37,2,2,5,9,Potential Loyal
C16006,28,2,342.41,4,1,1,6,At Risk
C16008,27,24,887.73,4,5,4,13,High Value
C16009,1,18,309.73,1,3,1,5,At Risk
C16010,18,17,1351.63,3,3,5,11,Loyal
C16011,1,15,497.42,1,3,3,7,Potential Loyal
C16012,7,17,1411.82,1,3,5,9,Potential Loyal
C16014,28,16,1387.69,4,3,5,12,Loyal
C16015,0,15,731.04,1,3,4,8,Potential Loyal
C16017,35,22,481.39,5,4,3,12,Loyal
C16019,1,0,1214.32,1,1,5,7,Potential Loyal
C16020,5,20,360.9,1,4,1,6,At Risk
C16021,28,25,712.45,4,5,3,12,Loyal
C16022,23,19,786.4,4,4,4,12,Loyal
C16023,29,20,439.82,4,4,2,10,Loyal
C16024,13,16,303.6,2,3,1,6,At Risk
C16025,31,15,889.08,5,3,4,12,Loyal
C16028,35,27,816.48,5,5,4,14,High Value
C16029,9,19,483.77,2,4,3,9,Potential Loyal
C16030,9,18,1051.89,2,3,5,10,Loyal
C16031,18,19,428.34,3,4,2,9,Potential Loyal
C16032,5,26,630.42,1,5,3,9,Potential Loyal
C16034,19,22,1480.0,3,4,5,12,Loyal
C16035,30,9,659.43,5,1,3,9,Potential Loyal
C16038,4,12,422.95,1,2,2,5,At Risk
C16039,35,18,845.43,5,3,4,12,Loyal
C16042,8,3,628.93,2,1,3,6,At Risk
C16043,11,23,403.46,2,5,2,9,Potential Loyal
C16044,0,28,393.95,1,5,2,8,Potential Loyal
C16045,23,15,708.7,4,3,3,10,Loyal
C16046,22,21,420.24,3,4,2,9,Potential Loyal
C16047,25,2,611.98,4,1,3,8,Potential Loyal
C16050,32,3,1309.68,5,1,5,11,Loyal
C16052,31,20,307.75,5,4,1,10,Loyal
C16055,4,17,698.2,1,3,3,7,Potential Loyal
C16056,26,11,402.49,4,2,2,8,Potential Loyal
C16057,26,22,1031.57,4,4,5,13,High Value
C16058,18,21,745.17,3,4,4,11,Loyal
C16059,35,15,1441.78,5,3,5,13,High Value
C16060,31,34,448.51,5,5,2,12,Loyal
C16061,17,13,734.13,3,2,4,9,Potential Loyal
C16063,21,25,484.56,3,5,3,11,Loyal
C16064,13,5,307.37,2,1,1,4,Low Engagement
C16065,24,18,1150.72,4,3,5,12,Loyal
C16066,5,21,855.71,1,4,4,9,Potential Loyal
C16067,4,8,322.64,1,1,1,3,Low Engagement
C16068,24,20,645.01,4,4,3,11,Loyal
C16070,26,14,422.3,4,2,2,8,Potential Loyal
C16074,28,17,662.08,4,3,3,10,Loyal
C16075,19,25,822.82,3,5,4,12,Loyal
C16076,15,17,644.41,2,3,3,8,Potential Loyal
C16078,24,7,1388.97,4,1,5,10,Loyal
C16079,4,28,471.88,1,5,2,8,Potential Loyal
C16080,19,0,723.53,3,1,3,7,Potential Loyal
C16082,19,20,345.44,3,4,1,8,Potential Loyal
C16083,19,26,884.79,3,5,4,12,Loyal
C16084,18,23,736.95,3,5,4,12,Loyal
C16085,13,26,1299.7,2,5,5,12,Loyal
C16087,8,21,462.2,2,4,2,8,Potential Loyal
C16089,13,8,386.64,2,1,1,4,Low Engagement
C16090,4,23,463.79,1,5,2,8,Potential Loyal
C16091,14,18,310.36,2,3,1,6,At Risk
C16094,33,16,672.76,5,3,3,11,Loyal
C16095,30,24,441.09,5,5,2,12,Loyal
C16097,5,26,835.64,1,5,4,10,Loyal
C16098,20,16,1370.87,3,3,5,11,Loyal
C16100,34,10,333.4,5,2,1,8,Potential Loyal
C16102,0,17,885.0,1,3,4,8,Potential Loyal
C16103,12,13,487.63,2,2,3,7,Potential Loyal
C16104,34,30,415.23,5,5,2,12,Loyal
C16106,34,15,874.99,5,3,4,12,Loyal
C16107,8,14,378.33,2,2,1,5,At Risk
C16108,29,15,1426.83,4,3,5,12,Loyal
C16109,17,15,319.83,3,3,1,7,Potential Loyal
C16110,13,12,874.96,2,2,4,8,Potential Loyal
C16112,25,19,662.74,4,4,3,11,Loyal
C16113,10,4,1237.08,2,1,5,8,Potential Loyal
C16117,5,19,442.33,1,4,2,7,Potential Loyal
C16120,36,23,371.64,5,5,1,11,Loyal
C16126,34,10,356.65,5,2,1,8,Potential Loyal
C16127,4,9,357.31,1,1,1,3,Low Engagement
C16128,24,16,444.21,4,3,2,9,Potential Loyal
C16129,5,25,1459.4,1,5,5,11,Loyal
C16130,19,23,377.12,3,5,1,9,Potential Loyal
C16131,19,14,677.61,3,2,3,8,Potential Loyal
C16132,1,20,406.74,1,4,2,7,Potential Loyal
C16133,10,23,393.11,2,5,2,9,Potential Loyal
C16134,16,17,640.96,3,3,3,9,Potential Loyal
C16135,30,23,1228.58,5,5,5,15,High Value
C16137,32,13,426.47,5,2,2,9,Potential Loyal
C16138,23,5,777.42,4,1,4,9,Potential Loyal
C16139,17,10,667.93,3,2,3,8,Potential Loyal
C16140,3,20,1342.56,1,4,5,10,Loyal
C16141,25,15,816.37,4,3,4,11,Loyal
C16142,4,26,368.23,1,5,1,7,Potential Loyal
C16143,29,12,420.96,4,2,2,8,Potential Loyal
C16144,20,17,1291.51,3,3,5,11,Loyal
C16145,34,12,327.87,5,2,1,8,Potential Loyal
C16147,13,4,827.83,2,1,4,7,Potential Loyal
C16148,30,6,1101.75,5,1,5,11,Loyal
C16149,32,18,1118.67,5,3,5,13,High Value
C16150,22,6,1360.5,3,1,5,9,Potential Loyal
C16151,35,17,778.9,5,3,4,12,Loyal
C16152,27,32,826.95,4,5,4,13,High Value
C16154,6,5,1073.56,1,1,5,7,Potential Loyal
C16155,10,17,1358.98,2,3,5,10,Loyal
C16156,22,16,643.04,3,3,3,9,Potential Loyal
C16157,34,25,636.61,5,5,3,13,High Value
C16158,1,11,1106.04,1,2,5,8,Potential Loyal
C16159,28,28,1367.58,4,5,5,14,High Value
C16161,29,20,869.28,4,4,4,12,Loyal
C16163,16,16,302.98,3,3,1,7,Potential Loyal
C16164,26,14,863.18,4,2,4,10,Loyal
C16165,7,22,1464.97,1,4,5,10,Loyal
C16166,12,18,1498.48,2,3,5,10,Loyal
C16169,15,9,744.84,2,1,4,7,Potential Loyal
C16170,31,13,1370.55,5,2,5,12,Loyal
C16171,4,23,1179.32,1,5,5,11,Loyal
C16172,13,15,328.08,2,3,1,6,At Risk
C16173,33,8,812.12,5,1,4,10,Loyal
C16174,31,16,1467.68,5,3,5,13,High Value
C16175,29,17,780.64,4,3,4,11,Loyal
C16177,2,16,329.44,1,3,1,5,At Risk
C16179,34,26,493.9,5,5,3,13,High Value
C16180,17,11,1112.69,3,2,5,10,Loyal
C16181,32,21,1411.55,5,4,5,14,High Value
C16184,3,23,802.47,1,5,4,10,Loyal
C16185,27,25,443.62,4,5,2,11,Loyal
C16186,24,7,750.77,4,1,4,9,Potential Loyal
C16187,18,22,328.44,3,4,1,8,Potential Loyal
C16190,25,7,743.84,4,1,4,9,Potential Loyal
C16191,18,35,497.73,3,5,3,11,Loyal
C16192,26,7,448.49,4,1,2,7,Potential Loyal
C16193,8,9,673.51,2,1,3,6,At Risk
C16194,22,16,722.34,3,3,3,9,Potential Loyal
C16195,33,14,685.62,5,2,3,10,Loyal
C16196,0,21,703.19,1,4,3,8,Potential Loyal
C16197,34,22,465.03,5,4,2,11,Loyal
C16198,16,21,422.31,3,4,2,9,Potential Loyal
C16199,10,7,360.13,2,1,1,4,Low Engagement
C16200,28,23,1422.04,4,5,5,14,High Value
C16202,14,27,655.21,2,5,3,10,Loyal
C16203,27,30,323.76,4,5,1,10,Loyal
C16204,3,20,358.28,1,4,1,6,At Risk
C16205,28,12,399.01,4,2,2,8,Potential Loyal
C16206,26,9,333.34,4,1,1,6,At Risk
C16209,32,16,780.66,5,3,4,12,Loyal
C16211,13,7,347.3,2,1,1,4,Low Engagement
C16212,26,21,628.16,4,4,3,11,Loyal
C16213,8,19,429.74,2,4,2,8,Potential Loyal
C16216,6,23,1101.04,1,5,5,11,Loyal
C16217,26,25,475.69,4,5,3,12,Loyal
C16222,28,8,415.32,4,1,2,7,Potential Loyal
C16223,11,17,447.11,2,3,2,7,Potential Loyal
C16224,7,6,751.58,1,1,4,6,At Risk
C16227,21,3,1105.05,3,1,5,9,Potential Loyal
C16228,18,19,336.01,3,4,1,8,Potential Loyal
C16229,11,9,390.67,2,1,2,5,At Risk
C16231,25,8,353.82,4,1,1,6,At Risk
C16232,35,27,732.82,5,5,4,14,High Value
C16233,34,14,315.32,5,2,1,8,Potential Loyal
C16235,27,12,1451.32,4,2,5,11,Loyal
C16236,31,18,429.39,5,3,2,10,Loyal
C16237,35,22,389.46,5,4,2,11,Loyal
C16238,3,18,841.5,1,3,4,8,Potential Loyal
C16239,10,13,424.7,2,2,2,6,At Risk
C16240,31,16,474.45,5,3,2,10,Loyal
C16241,30,9,461.52,5,1,2,8,Potential Loyal
C16242,1,11,406.21,1,2,2,5,At Risk
C16243,0,20,462.04,1,4,2,7,Potential Loyal
C16244,23,15,465.63,4,3,2,9,Potential Loyal
C16246,27,2,844.2,4,1,4,9,Potential Loyal
C16248,7,10,379.07,1,2,1,4,Low Engagement
C16249,36,9,309.7,5,1,1,7,Potential Loyal
C16254,11,26,829.11,2,5,4,11,Loyal
C16256,31,15,1016.15,5,3,5,13,High Value
C16257,14,10,468.2,2,2,2,6,At Risk
C16258,23,15,440.94,4,3,2,9,Potential Loyal
C16259,10,18,674.12,2,3,3,8,Potential Loyal
C16260,22,19,450.82,3,4,2,9,Potential Loyal
C16261,10,12,477.75,2,2,3,7,Potential Loyal
C16263,33,8,1149.53,5,1,5,11,Loyal
C16264,25,15,782.99,4,3,4,11,Loyal
C16265,7,2,854.87,1,1,4,6,At Risk
C16266,28,12,635.01,4,2,3,9,Potential Loyal
C16267,1,12,1153.01,1,2,5,8,Potential Loyal
C16271,7,12,1214.42,1,2,5,8,Potential Loyal
C16272,9,10,472.44,2,2,2,6,At Risk
C16273,14,9,442.49,2,1,2,5,At Risk
C16274,14,19,702.72,2,4,3,9,Potential Loyal
C16275,16,19,338.72,3,4,1,8,Potential Loyal
C16277,33,5,812.69,5,1,4,10,Loyal
C16278,15,18,370.4,2,3,1,6,At Risk
C16279,33,9,745.88,5,1,4,10,Loyal
C16280,28,5,654.92,4,1,3,8,Potential Loyal
C16281,24,5,1049.58,4,1,5,10,Loyal
C16282,18,20,396.25,3,4,2,9,Potential Loyal
C16283,32,31,424.7,5,5,2,12,Loyal
C16284,5,11,713.39,1,2,3,6,At Risk
C16285,2,28,871.3,1,5,4,10,Loyal
C16286,29,13,1427.32,4,2,5,11,Loyal
C16287,0,19,716.66,1,4,3,8,Potential Loyal
C16288,10,5,356.22,2,1,1,4,Low Engagement
C16289,15,20,394.37,2,4,2,8,Potential Loyal
C16290,21,27,703.34,3,5,3,11,Loyal
C16291,29,18,389.52,4,3,2,9,Potential Loyal
C16293,22,23,1056.64,3,5,5,13,High Value
C16295,16,25,1013.63,3,5,5,13,High Value
C16296,18,24,321.01,3,5,1,9,Potential Loyal
C16297,26,15,389.28,4,3,2,9,Potential Loyal
C16298,16,10,364.33,3,2,1,6,At Risk
C16299,31,25,850.84,5,5,4,14,High Value
C16300,33,22,1428.23,5,4,5,14,High Value
C16301,13,17,1211.8,2,3,5,10,Loyal
C16302,19,2,1236.08,3,1,5,9,Potential Loyal
C16303,14,27,348.18,2,5,1,8,Potential Loyal
C16307,36,7,691.91,5,1,3,9,Potential Loyal
C16308,12,16,1004.24,2,3,4,9,Potential Loyal
C16310,11,5,843.96,2,1,4,7,Potential Loyal
C16316,10,15,347.43,2,3,1,6,At Risk
C16317,31,21,813.06,5,4,4,13,High Value
C16319,21,12,693.59,3,2,3,8,Potential Loyal
C16320,7,6,829.9,1,1,4,6,At Risk
C16321,4,18,827.2,1,3,4,8,Potential Loyal
C16324,19,26,1346.04,3,5,5,13,High Value
C16326,10,18,1091.83,2,3,5,10,Loyal
C16327,2,15,649.28,1,3,3,7,Potential Loyal
C16328,16,3,492.69,3,1,3,7,Potential Loyal
C16329,30,10,495.05,5,2,3,10,Loyal
C16330,26,16,304.0,4,3,1,8,Potential Loyal
C16331,25,13,362.89,4,2,1,7,Potential Loyal
C16332,16,17,496.46,3,3,3,9,Potential Loyal
C16334,9,12,1119.47,2,2,5,9,Potential Loyal
C16335,12,25,474.93,2,5,2,9,Potential Loyal
C16336,21,3,677.45,3,1,3,7,Potential Loyal
C16338,20,20,389.29,3,4,2,9,Potential Loyal
C16339,22,5,894.86,3,1,4,8,Potential Loyal
C16340,0,14,325.95,1,2,1,4,Low Engagement
C16341,8,9,423.94,2,1,2,5,At Risk
C16342,12,6,467.97,2,1,2,5,At Risk
C16345,0,0,746.98,1,1,4,6,At Risk
C16347,1,16,1186.37,1,3,5,9,Potential Loyal
C16348,36,6,496.53,5,1,3,9,Potential Loyal
C16350,22,20,332.29,3,4,1,8,Potential Loyal
C16352,3,24,877.51,1,5,4,10,Loyal
C16353,35,22,635.75,5,4,3,12,Loyal
C16354,0,14,357.66,1,2,1,4,Low Engagement
C16356,29,15,339.71,4,3,1,8,Potential Loyal
C16360,5,0,456.98,1,1,2,4,Low Engagement
C16361,29,12,806.0,4,2,4,10,Loyal
C16362,24,12,1288.39,4,2,5,11,Loyal
C16363,5,3,345.69,1,1,1,3,Low Engagement
C16364,20,1,635.39,3,1,3,7,Potential Loyal
C16366,32,27,410.07,5,5,2,12,Loyal
C16367,17,7,602.57,3,1,3,7,Potential Loyal
C16368,18,17,436.31,3,3,2,8,Potential Loyal
C16369,4,17,889.42,1,3,4,8,Potential Loyal
C16370,8,16,418.85,2,3,2,7,Potential Loyal
C16371,30,16,376.62,5,3,1,9,Potential Loyal
C16372,30,8,446.51,5,1,2,8,Potential Loyal
C16375,22,11,1068.71,3,2,5,10,Loyal
C16378,34,8,442.78,5,1,2,8,Potential Loyal
C16379,4,27,1463.59,1,5,5,11,Loyal
C16380,29,20,416.26,4,4,2,10,Loyal
C16381,30,21,403.72,5,4,2,11,Loyal
C16383,10,15,809.82,2,3,4,9,Potential Loyal
C16384,5,26,1118.54,1,5,5,11,Loyal
C16385,21,21,609.25,3,4,3,10,Loyal
C16386,2,9,416.99,1,1,2,4,Low Engagement
C16387,15,19,353.3,2,4,1,7,Potential Loyal
C16388,21,23,339.52,3,5,1,9,Potential Loyal
C16390,34,21,641.76,5,4,3,12,Loyal
C16392,20,8,330.53,3,1,1,5,At Risk
C16394,17,26,308.32,3,5,1,9,Potential Loyal
C16395,15,10,1335.34,2,2,5,9,Potential Loyal
C16397,4,9,1395.77,1,1,5,7,Potential Loyal
C16398,18,15,656.92,3,3,3,9,Potential Loyal
C16399,20,24,631.48,3,5,3,11,Loyal
C16400,24,26,724.1,4,5,3,12,Loyal
C16401,3,19,425.63,1,4,2,7,Potential Loyal
C16402,30,21,462.35,5,4,2,11,Loyal
C16403,35,26,774.82,5,5,4,14,High Value
C16404,32,16,329.7,5,3,1,9,Potential Loyal
C16405,11,10,447.65,2,2,2,6,At Risk
C16406,21,18,892.66,3,3,4,10,Loyal
C16407,35,8,632.51,5,1,3,9,Potential Loyal
C16408,28,16,641.16,4,3,3,10,Loyal
C16409,8,3,638.13,2,1,3,6,At Risk
C16411,9,14,1269.14,2,2,5,9,Potential Loyal
C16413,16,18,419.68,3,3,2,8,Potential Loyal
C16415,20,3,736.15,3,1,4,8,Potential Loyal
C16416,11,0,396.65,2,1,2,5,At Risk
C16417,36,24,1386.04,5,5,5,15,High Value
C16420,18,9,1106.81,3,1,5,9,Potential Loyal
C16421,9,14,866.01,2,2,4,8,Potential Loyal
C16422,31,7,1498.37,5,1,5,11,Loyal
C16424,34,6,362.5,5,1,1,7,Potential Loyal
C16425,29,16,1330.95,4,3,5,12,Loyal
C16426,28,5,328.92,4,1,1,6,At Risk
C16427,16,7,627.49,3,1,3,7,Potential Loyal
C16428,18,27,373.39,3,5,1,9,Potential Loyal
C16429,5,15,738.67,1,3,4,8,Potential Loyal
C16431,29,10,329.63,4,2,1,7,Potential Loyal
C16432,12,28,848.66,2,5,4,11,Loyal
C16434,7,20,781.02,1,4,4,9,Potential Loyal
C16435,8,20,821.37,2,4,4,10,Loyal
C16436,16,13,857.83,3,2,4,9,Potential Loyal
C16439,23,25,634.42,4,5,3,12,Loyal
C16440,1,14,682.32,1,2,3,6,At Risk
C16441,35,26,1397.78,5,5,5,15,High Value
C16443,28,17,606.45,4,3,3,10,Loyal
C16445,2,7,455.03,1,1,2,4,Low Engagement
C16446,30,12,1232.32,5,2,5,12,Loyal
C16447,36,11,605.71,5,2,3,10,Loyal
C16448,13,18,1136.86,2,3,5,10,Loyal
C16449,18,12,719.19,3,2,3,8,Potential Loyal
C16450,15,17,322.75,2,3,1,6,At Risk
C16451,3,3,857.88,1,1,4,6,At Risk
C16453,11,10,329.5,2,2,1,5,At Risk
C16454,31,5,1493.85,5,1,5,11,Loyal
C16455,29,16,843.66,4,3,4,11,Loyal
C16456,5,13,406.04,1,2,2,5,At Risk
C16457,25,20,331.38,4,4,1,9,Potential Loyal
C16458,35,4,651.49,5,1,3,9,Potential Loyal
C16459,34,27,828.64,5,5,4,14,High Value
C16460,7,30,368.93,1,5,1,7,Potential Loyal
C16461,13,4,1018.53,2,1,5,8,Potential Loyal
C16463,34,20,698.83,5,4,3,12,Loyal
C16464,26,27,1144.02,4,5,5,14,High Value
C16465,7,21,714.56,1,4,3,8,Potential Loyal
C16466,4,13,357.37,1,2,1,4,Low Engagement
C16467,35,27,823.4,5,5,4,14,High Value
C16469,0,22,864.72,1,4,4,9,Potential Loyal
C16471,26,0,851.81,4,1,4,9,Potential Loyal
C16472,11,20,324.06,2,4,1,7,Potential Loyal
C16473,10,7,785.21,2,1,4,7,Potential Loyal
C16474,34,18,377.98,5,3,1,9,Potential Loyal
C16475,31,13,1368.4,5,2,5,12,Loyal
C16476,13,15,895.69,2,3,4,9,Potential Loyal
C16480,21,14,796.93,3,2,4,9,Potential Loyal
C16481,24,8,364.9,4,1,1,6,At Risk
C16482,4,21,827.22,1,4,4,9,Potential Loyal
C16483,36,20,480.96,5,4,3,12,Loyal
C16484,33,24,462.73,5,5,2,12,Loyal
C16485,1,9,1092.72,1,1,5,7,Potential Loyal
C16486,23,8,436.92,4,1,2,7,Potential Loyal
C16487,10,16,685.81,2,3,3,8,Potential Loyal
C16488,21,5,755.14,3,1,4,8,Potential Loyal
C16489,13,27,340.61,2,5,1,8,Potential Loyal
C16490,35,4,439.01,5,1,2,8,Potential Loyal
C16491,12,18,333.38,2,3,1,6,At Risk
C16493,33,18,607.59,5,3,3,11,Loyal
C16494,14,14,450.01,2,2,2,6,At Risk
C16495,25,9,1019.26,4,1,5,10,Loyal
C16496,36,18,767.46,5,3,4,12,Loyal
C16497,29,18,876.8,4,3,4,11,Loyal
C16498,13,24,625.53,2,5,3,10,Loyal
C16499,27,19,1106.8,4,4,5,13,High Value
C16500,5,16,379.78,1,3,1,5,At Risk
C16501,21,22,1169.55,3,4,5,12,Loyal
C16503,33,16,831.64,5,3,4,12,Loyal
C16504,0,13,350.26,1,2,1,4,Low Engagement
C16505,19,11,729.85,3,2,4,9,Potential Loyal
C16508,0,10,1176.19,1,2,5,8,Potential Loyal
C16509,17,20,1022.65,3,4,5,12,Loyal
C16512,31,11,879.74,5,2,4,11,Loyal
C16513,25,29,323.44,4,5,1,10,Loyal
C16514,29,14,618.94,4,2,3,9,Potential Loyal
C16515,20,8,423.8,3,1,2,6,At Risk
C16516,13,20,719.1,2,4,3,9,Potential Loyal
C16517,20,11,618.08,3,2,3,8,Potential Loyal
C16518,7,18,300.4,1,3,1,5,At Risk
C16519,33,19,1061.98,5,4,5,14,High Value
C16520,4,1,338.38,1,1,1,3,Low Engagement
C16522,30,22,411.21,5,4,2,11,Loyal
C16523,6,14,303.32,1,2,1,4,Low Engagement
C16524,30,19,1391.22,5,4,5,14,High Value
C16525,18,10,410.06,3,2,2,7,Potential Loyal
C16526,2,25,440.95,1,5,2,8,Potential Loyal
C16527,33,14,437.44,5,2,2,9,Potential Loyal
C16528,12,11,865.62,2,2,4,8,Potential Loyal
C16531,0,7,731.38,1,1,4,6,At Risk
C16532,33,16,424.34,5,3,2,10,Loyal
C16534,21,10,481.76,3,2,3,8,Potential Loyal
C16535,1,27,1329.07,1,5,5,11,Loyal
C16537,31,13,642.47,5,2,3,10,Loyal
C16538,20,0,618.9,3,1,3,7,Potential Loyal
C16540,29,9,432.82,4,1,2,7,Potential Loyal
C16541,32,11,357.57,5,2,1,8,Potential Loyal
C16542,15,11,1396.15,2,2,5,9,Potential Loyal
C16543,30,13,360.2,5,2,1,8,Potential Loyal
C16544,25,18,1266.01,4,3,5,12,Loyal
C16546,17,25,683.4,3,5,3,11,Loyal
C16547,21,13,368.6,3,2,1,6,At Risk
C16549,17,1,407.21,3,1,2,6,At Risk
C16550,28,29,350.82,4,5,1,10,Loyal
C16552,15,9,677.77,2,1,3,6,At Risk
C16554,12,23,392.68,2,5,2,9,Potential Loyal
C16555,27,17,458.19,4,3,2,9,Potential Loyal
C16556,25,26,712.76,4,5,3,12,Loyal
C16558,19,3,314.71,3,1,1,5,At Risk
C16559,14,18,1238.03,2,3,5,10,Loyal
C16560,2,22,861.87,1,4,4,9,Potential Loyal
C16561,18,13,319.06,3,2,1,6,At Risk
C16563,13,10,409.72,2,2,2,6,At Risk
C16564,18,8,379.13,3,1,1,5,At Risk
C16565,5,13,346.35,1,2,1,4,Low Engagement
C16567,17,8,858.13,3,1,4,8,Potential Loyal
C16568,13,6,447.65,2,1,2,5,At Risk
C16570,24,19,493.31,4,4,3,11,Loyal
C16571,10,9,663.56,2,1,3,6,At Risk
C16572,10,29,313.82,2,5,1,8,Potential Loyal
C16573,10,8,793.89,2,1,4,7,Potential Loyal
C16574,12,5,1209.54,2,1,5,8,Potential Loyal
C16576,21,20,444.06,3,4,2,9,Potential Loyal
C16577,28,30,344.24,4,5,1,10,Loyal
C16578,26,14,824.03,4,2,4,10,Loyal
C16579,13,28,328.9,2,5,1,8,Potential Loyal
C16580,25,26,1187.55,4,5,5,14,High Value
C16581,32,17,378.08,5,3,1,9,Potential Loyal
C16582,21,24,1434.1,3,5,5,13,High Value
C16583,11,7,306.0,2,1,1,4,Low Engagement
C16584,26,12,648.08,4,2,3,9,Potential Loyal
C16585,17,19,391.29,3,4,2,9,Potential Loyal
C16587,35,7,470.61,5,1,2,8,Potential Loyal
C16588,2,12,770.12,1,2,4,7,Potential Loyal
C16589,9,19,871.23,2,4,4,10,Loyal
C16590,15,13,844.79,2,2,4,8,Potential Loyal
C16591,27,9,365.08,4,1,1,6,At Risk
C16592,19,1,1042.81,3,1,5,9,Potential Loyal
C16593,15,6,403.5,2,1,2,5,At Risk
C16595,23,16,318.77,4,3,1,8,Potential Loyal
C16596,22,7,369.84,3,1,1,5,At Risk
C16597,30,6,1012.22,5,1,5,11,Loyal
C16599,11,11,335.54,2,2,1,5,At Risk
C16600,29,10,1003.71,4,2,4,10,Loyal
C16601,23,4,362.2,4,1,1,6,At Risk
C16602,3,15,472.23,1,3,2,6,At Risk
C16603,2,25,382.91,1,5,1,7,Potential Loyal
C16604,19,22,672.79,3,4,3,10,Loyal
C16605,25,22,726.71,4,4,3,11,Loyal
C16607,9,23,787.2,2,5,4,11,Loyal
C16608,13,5,489.89,2,1,3,6,At Risk
C16609,10,14,419.68,2,2,2,6,At Risk
C16610,13,28,777.55,2,5,4,11,Loyal
C16611,11,14,616.63,2,2,3,7,Potential Loyal
C16612,17,19,818.22,3,4,4,11,Loyal
C16613,21,11,342.69,3,2,1,6,At Risk
C16614,26,21,315.63,4,4,1,9,Potential Loyal
C16615,16,2,838.29,3,1,4,8,Potential Loyal
C16616,17,21,330.85,3,4,1,8,Potential Loyal
C16617,20,20,488.57,3,4,3,10,Loyal
C16618,25,8,331.64,4,1,1,6,At Risk
C16619,7,23,397.74,1,5,2,8,Potential Loyal
C16620,5,20,868.88,1,4,4,9,Potential Loyal
C16621,34,12,681.08,5,2,3,10,Loyal
C16622,19,22,681.09,3,4,3,10,Loyal
C16624,12,8,491.41,2,1,3,6,At Risk
C16625,10,10,359.82,2,2,1,5,At Risk
C16627,26,4,415.95,4,1,2,7,Potential Loyal
C16630,2,20,840.58,1,4,4,9,Potential Loyal
C16632,16,15,688.1,3,3,3,9,Potential Loyal
C16633,16,8,384.06,3,1,1,5,At Risk
C16634,8,12,407.14,2,2,2,6,At Risk
C16635,11,21,1268.1,2,4,5,11,Loyal
C16636,7,17,430.19,1,3,2,6,At Risk
C16637,29,16,602.77,4,3,3,10,Loyal
C16639,10,18,638.85,2,3,3,8,Potential Loyal
C16640,12,29,486.66,2,5,3,10,Loyal
C16641,20,17,441.07,3,3,2,8,Potential Loyal
C16642,17,18,484.27,3,3,3,9,Potential Loyal
C16643,7,4,678.57,1,1,3,5,At Risk
C16645,14,23,309.28,2,5,1,8,Potential Loyal
C16646,19,17,488.16,3,3,3,9,Potential Loyal
C16647,12,10,697.52,2,2,3,7,Potential Loyal
C16648,15,19,428.43,2,4,2,8,Potential Loyal
C16651,27,19,775.77,4,4,4,12,Loyal
C16652,26,19,1142.08,4,4,5,13,High Value
C16653,23,6,410.28,4,1,2,7,Potential Loyal
C16654,1,8,836.69,1,1,4,6,At Risk
C16655,9,14,727.01,2,2,3,7,Potential Loyal
C16656,25,28,669.69,4,5,3,12,Loyal
C16657,35,17,721.43,5,3,3,11,Loyal
C16658,23,23,316.81,4,5,1,10,Loyal
C16659,31,18,409.66,5,3,2,10,Loyal
C16660,9,26,683.89,2,5,3,10,Loyal
C16661,26,4,1232.42,4,1,5,10,Loyal
C16662,26,22,453.36,4,4,2,10,Loyal
C16663,19,11,1469.76,3,2,5,10,Loyal
C16664,10,2,300.32,2,1,1,4,Low Engagement
C16666,2,9,847.95,1,1,4,6,At Risk
C16667,4,11,625.71,1,2,3,6,At Risk
C16668,28,20,478.27,4,4,3,11,Loyal
C16669,17,8,384.76,3,1,1,5,At Risk
C16670,9,20,415.28,2,4,2,8,Potential Loyal
C16671,9,8,620.24,2,1,3,6,At Risk
C16674,35,22,1232.97,5,4,5,14,High Value
C16676,23,2,742.73,4,1,4,9,Potential Loyal
C16677,25,16,775.29,4,3,4,11,Loyal
C16678,8,1,492.64,2,1,3,6,At Risk
C16679,13,9,366.6,2,1,1,4,Low Engagement
C16681,16,19,835.01,3,4,4,11,Loyal
C16682,9,4,324.67,2,1,1,4,Low Engagement
C16685,26,25,711.59,4,5,3,12,Loyal
C16686,29,31,403.51,4,5,2,11,Loyal
C16687,15,17,817.28,2,3,4,9,Potential Loyal
C16688,8,27,685.01,2,5,3,10,Loyal
C16689,10,12,832.91,2,2,4,8,Potential Loyal
C16692,0,9,807.14,1,1,4,6,At Risk
C16693,24,11,1244.28,4,2,5,11,Loyal
C16694,11,26,646.81,2,5,3,10,Loyal
C16695,24,12,1139.27,4,2,5,11,Loyal
C16698,31,16,359.91,5,3,1,9,Potential Loyal
C16700,9,22,498.78,2,4,3,9,Potential Loyal
C16701,14,26,1050.37,2,5,5,12,Loyal
C16703,0,18,894.74,1,3,4,8,Potential Loyal
C16704,25,25,447.71,4,5,2,11,Loyal
C16706,31,9,1002.37,5,1,4,10,Loyal
C16707,27,16,399.23,4,3,2,9,Potential Loyal
C16710,2,20,1104.93,1,4,5,10,Loyal
C16711,7,7,787.35,1,1,4,6,At Risk
C16712,8,16,392.9,2,3,2,7,Potential Loyal
C16713,12,6,427.64,2,1,2,5,At Risk
C16714,35,11,1333.14,5,2,5,12,Loyal
C16715,11,13,418.23,2,2,2,6,At Risk
C16716,9,8,490.47,2,1,3,6,At Risk
C16720,25,12,394.04,4,2,2,8,Potential Loyal
C16721,6,20,721.03,1,4,3,8,Potential Loyal
C16722,7,15,661.07,1,3,3,7,Potential Loyal
C16723,1,31,374.11,1,5,1,7,Potential Loyal
C16724,10,10,492.51,2,2,3,7,Potential Loyal
C16725,26,16,333.41,4,3,1,8,Potential Loyal
C16728,6,15,438.32,1,3,2,6,At Risk
C16729,9,6,778.24,2,1,4,7,Potential Loyal
C16731,24,26,896.67,4,5,4,13,High Value
C16732,8,24,455.88,2,5,2,9,Potential Loyal
C16733,30,13,1136.73,5,2,5,12,Loyal
C16735,3,27,856.88,1,5,4,10,Loyal
C16736,8,21,623.25,2,4,3,9,Potential Loyal
C16737,0,23,418.39,1,5,2,8,Potential Loyal
C16738,0,23,306.73,1,5,1,7,Potential Loyal
C16739,18,3,637.59,3,1,3,7,Potential Loyal
C16740,0,16,785.01,1,3,4,8,Potential Loyal
C16742,33,25,391.9,5,5,2,12,Loyal
C16743,30,8,764.1,5,1,4,10,Loyal
C16745,24,15,680.05,4,3,3,10,Loyal
C16748,28,5,454.87,4,1,2,7,Potential Loyal
C16750,33,35,489.96,5,5,3,13,High Value
C16751,25,25,895.08,4,5,4,13,High Value
C16752,15,9,636.86,2,1,3,6,At Risk
C16753,25,16,1101.9,4,3,5,12,Loyal
C16754,0,12,497.85,1,2,3,6,At Risk
C16755,31,23,331.13,5,5,1,11,Loyal
C16756,9,3,621.89,2,1,3,6,At Risk
C16757,10,4,747.19,2,1,4,7,Potential Loyal
C16758,19,14,414.77,3,2,2,7,Potential Loyal
C16759,17,11,602.01,3,2,3,8,Potential Loyal
C16762,31,17,645.56,5,3,3,11,Loyal
C16764,35,13,809.42,5,2,4,11,Loyal
C16765,11,28,434.99,2,5,2,9,Potential Loyal
C16766,7,26,1343.05,1,5,5,11,Loyal
C16767,16,20,490.98,3,4,3,10,Loyal
C16768,7,13,374.19,1,2,1,4,Low Engagement
C16771,14,10,446.09,2,2,2,6,At Risk
C16772,27,25,446.17,4,5,2,11,Loyal
C16773,15,5,1121.95,2,1,5,8,Potential Loyal
C16775,31,16,1342.53,5,3,5,13,High Value
C16776,33,28,789.95,5,5,4,14,High Value
C16778,23,4,787.63,4,1,4,9,Potential Loyal
C16779,25,15,330.06,4,3,1,8,Potential Loyal
C16780,15,29,1361.12,2,5,5,12,Loyal
C16783,16,20,1250.1,3,4,5,12,Loyal
C16784,9,4,389.48,2,1,2,5,At Risk
C16785,19,19,617.1,3,4,3,10,Loyal
C16786,10,11,1183.69,2,2,5,9,Potential Loyal
C16789,23,20,672.27,4,4,3,11,Loyal
C16790,13,20,703.42,2,4,3,9,Potential Loyal
C16791,31,6,431.12,5,1,2,8,Potential Loyal
C16792,0,18,424.38,1,3,2,6,At Risk
C16793,20,21,316.85,3,4,1,8,Potential Loyal
C16795,16,25,680.81,3,5,3,11,Loyal
C16796,30,9,1129.77,5,1,5,11,Loyal
C16798,19,23,322.37,3,5,1,9,Potential Loyal
C16799,6,23,1474.29,1,5,5,11,Loyal
C16802,13,13,412.9,2,2,2,6,At Risk
C16803,23,22,425.59,4,4,2,10,Loyal
C16804,22,9,610.31,3,1,3,7,Potential Loyal
C16805,13,8,419.25,2,1,2,5,At Risk
C16806,31,31,410.84,5,5,2,12,Loyal
C16807,7,10,667.33,1,2,3,6,At Risk
C16808,19,12,635.73,3,2,3,8,Potential Loyal
C16809,16,4,619.35,3,1,3,7,Potential Loyal
C16810,33,28,323.95,5,5,1,11,Loyal
C16811,28,15,1243.15,4,3,5,12,Loyal
C16812,18,10,463.62,3,2,2,7,Potential Loyal
C16813,11,11,803.25,2,2,4,8,Potential Loyal
C16814,24,13,402.46,4,2,2,8,Potential Loyal
C16816,25,25,1346.26,4,5,5,14,High Value
C16817,14,15,1090.98,2,3,5,10,Loyal
C16818,11,19,355.01,2,4,1,7,Potential Loyal
C16819,3,21,1086.81,1,4,5,10,Loyal
C16820,23,20,375.99,4,4,1,9,Potential Loyal
C16821,12,33,1130.66,2,5,5,12,Loyal
C16822,13,8,1469.68,2,1,5,8,Potential Loyal
C16823,21,19,491.77,3,4,3,10,Loyal
C16824,7,28,410.94,1,5,2,8,Potential Loyal
C16825,8,11,314.7,2,2,1,5,At Risk
C16827,25,18,738.49,4,3,4,11,Loyal
C16828,16,17,300.12,3,3,1,7,Potential Loyal
C16829,24,22,1338.94,4,4,5,13,High Value
C16830,29,15,1369.39,4,3,5,12,Loyal
C16831,6,1,787.08,1,1,4,6,At Risk
C16832,25,4,1469.32,4,1,5,10,Loyal
C16834,30,20,422.34,5,4,2,11,Loyal
C16835,35,12,605.68,5,2,3,10,Loyal
C16836,14,12,390.88,2,2,2,6,At Risk
C16837,26,19,1309.08,4,4,5,13,High Value
C16838,12,20,355.26,2,4,1,7,Potential Loyal
C16839,28,30,740.97,4,5,4,13,High Value
C16840,0,17,398.32,1,3,2,6,At Risk
C16841,33,14,447.79,5,2,2,9,Potential Loyal
C16842,25,9,470.12,4,1,2,7,Potential Loyal
C16843,27,19,1144.53,4,4,5,13,High Value
C16846,12,10,822.36,2,2,4,8,Potential Loyal
C16847,20,14,429.28,3,2,2,7,Potential Loyal
C16849,34,20,310.34,5,4,1,10,Loyal
C16850,1,8,777.47,1,1,4,6,At Risk
C16851,6,15,313.91,1,3,1,5,At Risk
C16852,24,2,660.46,4,1,3,8,Potential Loyal
C16855,13,11,381.61,2,2,1,5,At Risk
C16856,15,22,1153.54,2,4,5,11,Loyal
C16857,35,27,328.59,5,5,1,11,Loyal
C16858,27,19,464.47,4,4,2,10,Loyal
C16859,31,11,481.02,5,2,3,10,Loyal
C16860,5,10,1457.64,1,2,5,8,Potential Loyal
C16861,25,10,1328.35,4,2,5,11,Loyal
C16862,24,20,702.65,4,4,3,11,Loyal
C16863,5,25,1261.91,1,5,5,11,Loyal
C16865,2,27,1280.88,1,5,5,11,Loyal
C16866,14,20,323.5,2,4,1,7,Potential Loyal
C16867,34,14,1146.47,5,2,5,12,Loyal
C16870,24,12,353.36,4,2,1,7,Potential Loyal
C16871,14,17,303.1,2,3,1,6,At Risk
C16872,22,20,877.35,3,4,4,11,Loyal
C16873,31,8,1200.2,5,1,5,11,Loyal
C16874,9,20,782.19,2,4,4,10,Loyal
C16876,32,4,766.52,5,1,4,10,Loyal
C16877,32,27,637.91,5,5,3,13,High Value
C16878,17,30,448.23,3,5,2,10,Loyal
C16879,16,1,629.82,3,1,3,7,Potential Loyal
C16880,13,30,361.81,2,5,1,8,Potential Loyal
C16881,5,15,1270.31,1,3,5,9,Potential Loyal
C16884,14,5,1334.24,2,1,5,8,Potential Loyal
C16886,2,10,702.74,1,2,3,6,At Risk
C16887,15,27,340.82,2,5,1,8,Potential Loyal
C16888,25,25,358.28,4,5,1,10,Loyal
C16890,29,11,1353.09,4,2,5,11,Loyal
C16894,15,26,421.89,2,5,2,9,Potential Loyal
C16896,10,7,1130.44,2,1,5,8,Potential Loyal
C16898,3,9,720.17,1,1,3,5,At Risk
C16900,36,29,1441.14,5,5,5,15,High Value
C16901,24,16,761.28,4,3,4,11,Loyal
C16902,6,22,721.46,1,4,3,8,Potential Loyal
C16903,4,13,1386.96,1,2,5,8,Potential Loyal
C16904,3,13,406.32,1,2,2,5,At Risk
C16905,18,20,413.18,3,4,2,9,Potential Loyal
C16906,35,9,411.96,5,1,2,8,Potential Loyal
C16907,26,26,1409.4,4,5,5,14,High Value
C16908,30,24,340.81,5,5,1,11,Loyal
C16909,8,19,1346.07,2,4,5,11,Loyal
C16911,7,25,1281.62,1,5,5,11,Loyal
C16912,21,27,397.43,3,5,2,10,Loyal
C16913,5,19,313.16,1,4,1,6,At Risk
C16914,4,25,306.91,1,5,1,7,Potential Loyal
C16915,21,10,805.44,3,2,4,9,Potential Loyal
C16916,30,24,1214.36,5,5,5,15,High Value
C16917,22,14,456.94,3,2,2,7,Potential Loyal
C16919,12,17,332.04,2,3,1,6,At Risk
C16924,25,18,353.18,4,3,1,8,Potential Loyal
C16926,5,11,331.63,1,2,1,4,Low Engagement
C16927,0,13,775.89,1,2,4,7,Potential Loyal
C16929,15,19,1054.11,2,4,5,11,Loyal
C16931,6,17,468.22,1,3,2,6,At Risk
C16932,6,12,663.05,1,2,3,6,At Risk
C16934,15,10,419.07,2,2,2,6,At Risk
C16935,33,7,476.79,5,1,3,9,Potential Loyal
C16936,33,13,783.35,5,2,4,11,Loyal
C16937,26,20,890.13,4,4,4,12,Loyal
C16938,13,9,1323.19,2,1,5,8,Potential Loyal
C16941,13,8,466.16,2,1,2,5,At Risk
C16943,35,17,1392.86,5,3,5,13,High Value
C16944,32,20,425.5,5,4,2,11,Loyal
C16945,27,21,1217.13,4,4,5,13,High Value
C16947,35,27,395.07,5,5,2,12,Loyal
C16948,33,24,1392.24,5,5,5,15,High Value
C16949,9,29,478.9,2,5,3,10,Loyal
C16950,0,6,377.51,1,1,1,3,Low Engagement
C16951,32,21,387.5,5,4,1,10,Loyal
C16952,1,22,403.82,1,4,2,7,Potential Loyal
C16953,33,15,480.7,5,3,3,11,Loyal
C16954,3,16,830.16,1,3,4,8,Potential Loyal
C16955,5,20,896.92,1,4,4,9,Potential Loyal
C16956,1,8,1362.35,1,1,5,7,Potential Loyal
C16958,8,7,708.79,2,1,3,6,At Risk
C16959,33,3,458.39,5,1,2,8,Potential Loyal
C16960,26,14,615.21,4,2,3,9,Potential Loyal
C16961,14,25,389.9,2,5,2,9,Potential Loyal
C16962,10,23,783.7,2,5,4,11,Loyal
C16963,36,12,400.76,5,2,2,9,Potential Loyal
C16964,9,0,429.77,2,1,2,5,At Risk
C16965,10,15,1386.1,2,3,5,10,Loyal
C16966,4,18,1042.02,1,3,5,9,Potential Loyal
C16967,21,24,764.35,3,5,4,12,Loyal
C16968,23,18,360.36,4,3,1,8,Potential Loyal
C16969,4,24,437.17,1,5,2,8,Potential Loyal
C16970,1,16,1356.66,1,3,5,9,Potential Loyal
C16971,14,26,428.7,2,5,2,9,Potential Loyal
C16972,3,18,454.83,1,3,2,6,At Risk
C16974,2,12,1133.93,1,2,5,8,Potential Loyal
C16977,7,18,867.42,1,3,4,8,Potential Loyal
C16979,30,14,463.92,5,2,2,9,Potential Loyal
C16980,35,11,676.44,5,2,3,10,Loyal
C16982,30,6,1269.82,5,1,5,11,Loyal
C16983,22,20,785.62,3,4,4,11,Loyal
C16984,14,15,878.24,2,3,4,9,Potential Loyal
C16985,5,11,1029.49,1,2,5,8,Potential Loyal
C16986,1,23,334.64,1,5,1,7,Potential Loyal
C16987,31,6,1199.1,5,1,5,11,Loyal
C16988,15,22,308.24,2,4,1,7,Potential Loyal
C16989,21,13,1348.85,3,2,5,10,Loyal
C16990,27,17,466.3,4,3,2,9,Potential Loyal
C16991,24,9,331.94,4,1,1,6,At Risk
C16992,22,18,1137.53,3,3,5,11,Loyal
C16993,29,19,1497.66,4,4,5,13,High Value
C16994,23,19,1349.16,4,4,5,13,High Value
C16995,11,12,1461.78,2,2,5,9,Potential Loyal
C16996,21,24,605.64,3,5,3,11,Loyal
C16997,35,11,401.83,5,2,2,9,Potential Loyal
C16999,23,6,374.6,4,1,1,6,At Risk
C17000,28,14,737.46,4,2,4,10,Loyal
C17001,34,13,423.75,5,2,2,9,Potential Loyal
C17002,17,28,461.61,3,5,2,10,Loyal
C17004,2,17,360.08,1,3,1,5,At Risk
C17005,31,19,605.87,5,4,3,12,Loyal
C17006,24,23,706.7,4,5,3,12,Loyal
C17007,12,17,713.03,2,3,3,8,Potential Loyal
C17009,0,17,658.77,1,3,3,7,Potential Loyal
C17010,21,14,1372.91,3,2,5,10,Loyal
C17011,29,2,1330.85,4,1,5,10,Loyal
C17012,10,13,1239.3,2,2,5,9,Potential Loyal
C17014,29,14,364.73,4,2,1,7,Potential Loyal
C17015,28,12,376.61,4,2,1,7,Potential Loyal
C17016,9,22,1274.11,2,4,5,11,Loyal
C17017,23,13,1401.29,4,2,5,11,Loyal
C17018,32,17,427.49,5,3,2,10,Loyal
C17020,28,7,357.9,4,1,1,6,At Risk
C17021,35,25,1419.67,5,5,5,15,High Value
C17022,25,9,378.72,4,1,1,6,At Risk
C17023,33,12,749.0,5,2,4,11,Loyal
C17024,27,20,776.45,4,4,4,12,Loyal
C17025,5,16,704.36,1,3,3,7,Potential Loyal
C17026,10,28,611.34,2,5,3,10,Loyal
C17027,26,8,669.11,4,1,3,8,Potential Loyal
C17028,0,25,478.59,1,5,3,9,Potential Loyal
C17030,33,20,1470.8,5,4,5,14,High Value
C17031,4,16,1049.44,1,3,5,9,Potential Loyal
C17032,20,4,1390.29,3,1,5,9,Potential Loyal
C17034,21,10,452.1,3,2,2,7,Potential Loyal
C17035,36,13,427.74,5,2,2,9,Potential Loyal
C17037,15,13,346.93,2,2,1,5,At Risk
C17038,21,4,845.61,3,1,4,8,Potential Loyal
C17039,7,11,1074.48,1,2,5,8,Potential Loyal
C17041,16,9,829.11,3,1,4,8,Potential Loyal
C17044,35,17,326.52,5,3,1,9,Potential Loyal
C17046,1,25,402.04,1,5,2,8,Potential Loyal
C17047,6,10,496.52,1,2,3,6,At Risk
C17048,2,4,1419.08,1,1,5,7,Potential Loyal
C17051,11,15,343.84,2,3,1,6,At Risk
C17054,23,10,418.17,4,2,2,8,Potential Loyal
C17055,33,22,1065.99,5,4,5,14,High Value
C17056,19,12,602.54,3,2,3,8,Potential Loyal
C17057,31,18,393.75,5,3,2,10,Loyal
C17058,29,13,497.51,4,2,3,9,Potential Loyal
C17059,35,5,1150.34,5,1,5,11,Loyal
C17060,24,4,1422.09,4,1,5,10,Loyal
C17061,29,13,413.47,4,2,2,8,Potential Loyal
C17063,24,15,634.94,4,3,3,10,Loyal
C17064,14,9,400.92,2,1,2,5,At Risk
C17065,27,2,806.88,4,1,4,9,Potential Loyal
C17066,6,21,860.82,1,4,4,9,Potential Loyal
C17068,2,15,455.31,1,3,2,6,At Risk
C17069,16,20,1263.75,3,4,5,12,Loyal
C17072,24,11,615.99,4,2,3,9,Potential Loyal
C17073,22,11,363.17,3,2,1,6,At Risk
C17074,7,13,335.3,1,2,1,4,Low Engagement
C17076,35,16,1241.13,5,3,5,13,High Value
C17077,22,11,357.95,3,2,1,6,At Risk
C17078,34,19,358.77,5,4,1,10,Loyal
C17079,14,17,358.71,2,3,1,6,At Risk
C17081,8,11,770.15,2,2,4,8,Potential Loyal
C17082,32,30,1124.81,5,5,5,15,High Value
C17083,11,12,484.43,2,2,3,7,Potential Loyal
C17084,25,8,363.06,4,1,1,6,At Risk
C17086,36,16,375.77,5,3,1,9,Potential Loyal
C17087,25,28,821.92,4,5,4,13,High Value
C17088,30,19,1326.17,5,4,5,14,High Value
C17089,25,11,843.25,4,2,4,10,Loyal
C17090,28,22,457.74,4,4,2,10,Loyal
C17091,3,13,785.14,1,2,4,7,Potential Loyal
C17092,1,12,867.87,1,2,4,7,Potential Loyal
C17093,29,9,1072.87,4,1,5,10,Loyal
C17094,26,25,456.66,4,5,2,11,Loyal
C17095,18,21,387.06,3,4,1,8,Potential Loyal
C17096,5,11,612.21,1,2,3,6,At Risk
C17097,27,22,621.05,4,4,3,11,Loyal
C17098,8,13,688.27,2,2,3,7,Potential Loyal
C17099,3,23,359.8,1,5,1,7,Potential Loyal
C17100,35,27,466.6,5,5,2,12,Loyal
C17101,28,19,710.36,4,4,3,11,Loyal
C17102,30,1,388.98,5,1,2,8,Potential Loyal
C17105,20,20,452.8,3,4,2,9,Potential Loyal
C17106,19,5,889.25,3,1,4,8,Potential Loyal
C17107,18,0,485.31,3,1,3,7,Potential Loyal
C17108,33,14,614.19,5,2,3,10,Loyal
C17109,13,17,326.12,2,3,1,6,At Risk
C17110,34,16,365.84,5,3,1,9,Potential Loyal
C17113,2,13,413.6,1,2,2,5,At Risk
C17114,29,11,883.3,4,2,4,10,Loyal
C17115,2,22,315.27,1,4,1,6,At Risk
C17116,8,15,448.82,2,3,2,7,Potential Loyal
C17117,1,18,463.75,1,3,2,6,At Risk
C17118,16,28,473.83,3,5,2,10,Loyal
C17119,14,14,472.42,2,2,2,6,At Risk
C17120,31,19,635.39,5,4,3,12,Loyal
C17121,10,23,1123.29,2,5,5,12,Loyal
C17122,2,25,363.2,1,5,1,7,Potential Loyal
C17123,26,20,740.4,4,4,4,12,Loyal
C17124,30,8,358.61,5,1,1,7,Potential Loyal
C17126,26,24,1300.82,4,5,5,14,High Value
C17127,18,14,440.54,3,2,2,7,Potential Loyal
C17128,16,25,481.33,3,5,3,11,Loyal
C17131,12,21,1207.19,2,4,5,11,Loyal
C17132,33,10,416.82,5,2,2,9,Potential Loyal
C17133,36,15,351.97,5,3,1,9,Potential Loyal
C17135,15,12,1276.93,2,2,5,9,Potential Loyal
C17136,18,12,786.92,3,2,4,9,Potential Loyal
C17137,19,17,399.86,3,3,2,8,Potential Loyal
C17138,16,10,339.91,3,2,1,6,At Risk
C17139,27,6,383.02,4,1,1,6,At Risk
C17140,13,22,1462.57,2,4,5,11,Loyal
C17142,3,13,1437.86,1,2,5,8,Potential Loyal
C17143,26,26,833.92,4,5,4,13,High Value
C17144,26,14,498.04,4,2,3,9,Potential Loyal
C17146,15,13,771.21,2,2,4,8,Potential Loyal
C17147,31,4,1478.38,5,1,5,11,Loyal
C17148,5,19,652.34,1,4,3,8,Potential Loyal
C17149,24,22,421.35,4,4,2,10,Loyal
C17150,5,23,359.67,1,5,1,7,Potential Loyal
C17151,2,28,489.46,1,5,3,9,Potential Loyal
C17152,8,15,400.95,2,3,2,7,Potential Loyal
C17153,24,12,1257.57,4,2,5,11,Loyal
C17155,20,12,324.55,3,2,1,6,At Risk
C17156,15,21,447.8,2,4,2,8,Potential Loyal
C17157,9,32,1247.11,2,5,5,12,Loyal
C17158,31,9,303.09,5,1,1,7,Potential Loyal
C17159,27,14,342.39,4,2,1,7,Potential Loyal
C17162,26,18,1486.6,4,3,5,12,Loyal
C17163,2,22,335.73,1,4,1,6,At Risk
C17164,21,3,1368.44,3,1,5,9,Potential Loyal
C17165,20,13,635.51,3,2,3,8,Potential Loyal
C17166,14,23,382.96,2,5,1,8,Potential Loyal
C17167,21,10,486.12,3,2,3,8,Potential Loyal
C17168,27,0,434.03,4,1,2,7,Potential Loyal
C17169,26,13,1318.86,4,2,5,11,Loyal
C17173,33,10,326.97,5,2,1,8,Potential Loyal
C17174,11,30,708.12,2,5,3,10,Loyal
C17175,28,24,475.28,4,5,2,11,Loyal
C17176,5,14,1130.8,1,2,5,8,Potential Loyal
C17177,20,9,428.03,3,1,2,6,At Risk
C17178,29,23,326.48,4,5,1,10,Loyal
C17179,0,29,337.45,1,5,1,7,Potential Loyal
C17180,31,15,385.25,5,3,1,9,Potential Loyal
C17182,13,20,849.01,2,4,4,10,Loyal
C17183,19,0,416.8,3,1,2,6,At Risk
C17184,6,15,480.53,1,3,3,7,Potential Loyal
C17185,22,18,768.99,3,3,4,10,Loyal
C17187,6,21,489.23,1,4,3,8,Potential Loyal
C17188,35,6,488.48,5,1,3,9,Potential Loyal
C17189,10,20,1087.04,2,4,5,11,Loyal
C17190,33,5,880.04,5,1,4,10,Loyal
C17191,19,20,1399.66,3,4,5,12,Loyal
C17192,31,24,711.85,5,5,3,13,High Value
C17193,28,21,1178.76,4,4,5,13,High Value
C17194,36,20,327.76,5,4,1,10,Loyal
C17197,13,16,857.95,2,3,4,9,Potential Loyal
C17198,32,12,635.94,5,2,3,10,Loyal
C17201,3,19,454.65,1,4,2,7,Potential Loyal
C17203,14,26,320.58,2,5,1,8,Potential Loyal
C17204,32,21,349.46,5,4,1,10,Loyal
C17205,25,25,675.53,4,5,3,12,Loyal
C17206,6,12,631.68,1,2,3,6,At Risk
C17207,3,21,321.06,1,4,1,6,At Risk
C17208,3,23,366.17,1,5,1,7,Potential Loyal
C17211,22,7,431.86,3,1,2,6,At Risk
C17213,4,27,327.04,1,5,1,7,Potential Loyal
C17214,35,8,1281.17,5,1,5,11,Loyal
C17215,7,4,797.92,1,1,4,6,At Risk
C17217,29,5,698.34,4,1,3,8,Potential Loyal
C17218,36,8,470.49,5,1,2,8,Potential Loyal
C17219,7,16,776.17,1,3,4,8,Potential Loyal
C17220,10,11,1407.04,2,2,5,9,Potential Loyal
C17224,13,15,373.81,2,3,1,6,At Risk
C17225,11,20,728.14,2,4,3,9,Potential Loyal
C17226,31,27,1169.41,5,5,5,15,High Value
C17230,35,12,495.09,5,2,3,10,Loyal
C17232,20,8,337.15,3,1,1,5,At Risk
C17233,3,5,833.22,1,1,4,6,At Risk
C17234,29,17,374.01,4,3,1,8,Potential Loyal
C17237,19,12,819.45,3,2,4,9,Potential Loyal
C17239,34,28,352.94,5,5,1,11,Loyal
C17241,11,15,350.82,2,3,1,6,At Risk
C17242,34,15,1038.4,5,3,5,13,High Value
C17243,10,33,466.36,2,5,2,9,Potential Loyal
C17244,33,11,486.62,5,2,3,10,Loyal
C17245,19,22,467.24,3,4,2,9,Potential Loyal
C17246,5,16,1103.38,1,3,5,9,Potential Loyal
C17248,12,19,435.9,2,4,2,8,Potential Loyal
C17249,18,10,620.75,3,2,3,8,Potential Loyal
C17250,3,17,803.58,1,3,4,8,Potential Loyal
C17252,30,15,486.06,5,3,3,11,Loyal
C17253,30,3,1255.72,5,1,5,11,Loyal
C17254,2,10,884.62,1,2,4,7,Potential Loyal
C17255,25,23,429.7,4,5,2,11,Loyal
C17257,6,11,812.58,1,2,4,7,Potential Loyal
C17258,2,17,887.61,1,3,4,8,Potential Loyal
C17260,4,27,386.83,1,5,1,7,Potential Loyal
C17261,17,22,398.28,3,4,2,9,Potential Loyal
C17262,21,14,362.14,3,2,1,6,At Risk
C17263,25,21,781.21,4,4,4,12,Loyal
C17265,5,9,1280.1,1,1,5,7,Potential Loyal
C17266,26,10,631.2,4,2,3,9,Potential Loyal
C17267,7,18,1407.03,1,3,5,9,Potential Loyal
C17268,7,21,765.59,1,4,4,9,Potential Loyal
C17269,5,18,401.69,1,3,2,6,At Risk
C17271,16,36,1478.81,3,5,5,13,High Value
C17272,10,20,1221.13,2,4,5,11,Loyal
C17273,10,5,1487.52,2,1,5,8,Potential Loyal
C17274,22,13,769.98,3,2,4,9,Potential Loyal
C17277,1,21,1374.19,1,4,5,10,Loyal
C17278,2,16,691.72,1,3,3,7,Potential Loyal
C17279,24,11,495.51,4,2,3,9,Potential Loyal
C17280,3,21,367.77,1,4,1,6,At Risk
C17281,7,27,393.16,1,5,2,8,Potential Loyal
C17283,23,22,428.23,4,4,2,10,Loyal
C17284,4,7,868.53,1,1,4,6,At Risk
C17286,27,19,1198.35,4,4,5,13,High Value
C17287,7,2,411.08,1,1,2,4,Low Engagement
C17288,7,14,492.33,1,2,3,6,At Risk
C17289,15,14,305.88,2,2,1,5,At Risk
C17290,20,1,339.99,3,1,1,5,At Risk
C17291,5,21,874.65,1,4,4,9,Potential Loyal
C17292,18,16,855.27,3,3,4,10,Loyal
C17293,16,2,328.86,3,1,1,5,At Risk
C17294,3,18,374.04,1,3,1,5,At Risk
C17295,26,29,1243.99,4,5,5,14,High Value
C17296,33,19,311.09,5,4,1,10,Loyal
C17297,23,24,824.3,4,5,4,13,High Value
C17298,27,14,637.32,4,2,3,9,Potential Loyal
C17299,30,14,339.61,5,2,1,8,Potential Loyal
C17301,12,18,701.38,2,3,3,8,Potential Loyal
C17302,11,26,1022.69,2,5,5,12,Loyal
C17303,8,13,748.81,2,2,4,8,Potential Loyal
C17305,10,17,627.93,2,3,3,8,Potential Loyal
C17306,3,8,1006.77,1,1,5,7,Potential Loyal
C17307,16,14,888.41,3,2,4,9,Potential Loyal
C17308,9,2,484.1,2,1,3,6,At Risk
C17310,5,14,358.22,1,2,1,4,Low Engagement
C17311,15,19,343.93,2,4,1,7,Potential Loyal
C17312,4,10,1179.06,1,2,5,8,Potential Loyal
C17313,23,10,386.77,4,2,1,7,Potential Loyal
C17314,26,17,628.35,4,3,3,10,Loyal
C17316,4,28,436.23,1,5,2,8,Potential Loyal
C17317,7,17,421.96,1,3,2,6,At Risk
C17319,21,8,482.92,3,1,3,7,Potential Loyal
C17322,16,17,1088.2,3,3,5,11,Loyal
C17323,16,19,861.97,3,4,4,11,Loyal
C17324,1,25,1148.9,1,5,5,11,Loyal
C17327,5,14,480.67,1,2,3,6,At Risk
C17328,2,2,411.04,1,1,2,4,Low Engagement
C17329,5,15,657.19,1,3,3,7,Potential Loyal
C17330,30,25,1388.4,5,5,5,15,High Value
C17331,35,24,1105.51,5,5,5,15,High Value
C17332,28,21,450.34,4,4,2,10,Loyal
C17333,34,25,742.27,5,5,4,14,High Value
C17334,19,1,843.72,3,1,4,8,Potential Loyal
C17335,15,15,648.73,2,3,3,8,Potential Loyal
C17336,23,11,686.72,4,2,3,9,Potential Loyal
C17337,0,16,392.32,1,3,2,6,At Risk
C17339,3,18,417.46,1,3,2,6,At Risk
C17340,19,11,1465.8,3,2,5,10,Loyal
C17342,31,6,375.05,5,1,1,7,Potential Loyal
C17344,18,24,1325.6,3,5,5,13,High Value
C17345,18,19,1057.97,3,4,5,12,Loyal
C17346,31,24,680.26,5,5,3,13,High Value
C17348,21,0,300.01,3,1,1,5,At Risk
C17350,0,10,1030.72,1,2,5,8,Potential Loyal
C17351,3,21,1063.7,1,4,5,10,Loyal
C17352,12,16,386.22,2,3,1,6,At Risk
C17354,27,8,1054.28,4,1,5,10,Loyal
C17355,34,21,619.3,5,4,3,12,Loyal
C17356,35,29,1371.51,5,5,5,15,High Value
C17357,12,24,1492.64,2,5,5,12,Loyal
C17358,15,22,1210.59,2,4,5,11,Loyal
C17359,9,21,849.98,2,4,4,10,Loyal
C17361,7,3,1109.09,1,1,5,7,Potential Loyal
C17364,17,1,1382.02,3,1,5,9,Potential Loyal
C17365,19,12,612.56,3,2,3,8,Potential Loyal
C17366,0,28,1387.18,1,5,5,11,Loyal
C17368,12,23,762.45,2,5,4,11,Loyal
C17369,18,11,891.49,3,2,4,9,Potential Loyal
C17372,5,12,299.36,1,2,1,4,Low Engagement
C17374,2,6,647.15,1,1,3,5,At Risk
C17375,32,14,450.9,5,2,2,9,Potential Loyal
C17376,26,7,407.13,4,1,2,7,Potential Loyal
C17377,31,15,1411.84,5,3,5,13,High Value
C17378,14,15,1031.67,2,3,5,10,Loyal
C17380,9,14,1096.63,2,2,5,9,Potential Loyal
C17382,8,15,373.26,2,3,1,6,At Risk
C17383,27,14,339.4,4,2,1,7,Potential Loyal
C17386,34,15,302.82,5,3,1,9,Potential Loyal
C17387,19,5,457.01,3,1,2,6,At Risk
C17388,7,19,314.89,1,4,1,6,At Risk
C17390,12,20,881.47,2,4,4,10,Loyal
C17391,35,15,447.79,5,3,2,10,Loyal
C17392,28,14,315.81,4,2,1,7,Potential Loyal
C17393,24,10,600.42,4,2,3,9,Potential Loyal
C17394,5,1,331.69,1,1,1,3,Low Engagement
C17395,28,21,455.05,4,4,2,10,Loyal
C17397,34,12,498.88,5,2,3,10,Loyal
C17398,2,25,617.26,1,5,3,9,Potential Loyal
C17399,8,13,755.6,2,2,4,8,Potential Loyal
C17400,28,11,789.07,4,2,4,10,Loyal
C17401,22,14,785.04,3,2,4,9,Potential Loyal
C17402,3,22,1239.08,1,4,5,10,Loyal
C17404,33,22,617.83,5,4,3,12,Loyal
C17405,29,8,311.32,4,1,1,6,At Risk
C17407,8,18,1053.59,2,3,5,10,Loyal
C17408,31,16,874.66,5,3,4,12,Loyal
C17410,32,0,898.39,5,1,4,10,Loyal
C17411,3,10,1197.07,1,2,5,8,Potential Loyal
C17412,11,26,1052.51,2,5,5,12,Loyal
C17413,30,9,1044.79,5,1,5,11,Loyal
C17414,2,29,775.7,1,5,4,10,Loyal
C17415,26,8,353.45,4,1,1,6,At Risk
C17416,8,15,306.77,2,3,1,6,At Risk
C17417,14,30,1205.87,2,5,5,12,Loyal
C17418,3,13,599.09,1,2,3,6,At Risk
C17419,3,23,372.52,1,5,1,7,Potential Loyal
C17420,10,11,721.74,2,2,3,7,Potential Loyal
C17421,32,11,1471.78,5,2,5,12,Loyal
C17422,16,18,1044.5,3,3,5,11,Loyal
C17423,1,24,1282.56,1,5,5,11,Loyal
C17424,24,16,818.35,4,3,4,11,Loyal
C17425,24,5,852.92,4,1,4,9,Potential Loyal
C17427,33,21,603.52,5,4,3,12,Loyal
C17428,30,22,479.07,5,4,3,12,Loyal
C17429,12,18,1120.76,2,3,5,10,Loyal
C17430,25,22,476.98,4,4,3,11,Loyal
C17432,17,24,895.0,3,5,4,12,Loyal
C17435,15,8,629.65,2,1,3,6,At Risk
C17437,20,25,1037.63,3,5,5,13,High Value
C17438,24,6,1052.06,4,1,5,10,Loyal
C17439,18,19,409.92,3,4,2,9,Potential Loyal
C17441,35,18,681.31,5,3,3,11,Loyal
C17442,14,6,453.39,2,1,2,5,At Risk
C17444,13,4,345.18,2,1,1,4,Low Engagement
C17445,25,21,317.92,4,4,1,9,Potential Loyal
C17446,20,16,804.28,3,3,4,10,Loyal
C17448,36,11,627.46,5,2,3,10,Loyal
C17449,7,28,1086.81,1,5,5,11,Loyal
C17450,23,15,642.3,4,3,3,10,Loyal
C17452,35,13,438.51,5,2,2,9,Potential Loyal
C17453,4,23,881.16,1,5,4,10,Loyal
C17454,20,7,768.52,3,1,4,8,Potential Loyal
C17455,16,20,655.0,3,4,3,10,Loyal
C17456,25,0,444.39,4,1,2,7,Potential Loyal
C17457,20,17,1421.8,3,3,5,11,Loyal
C17458,9,14,379.93,2,2,1,5,At Risk
C17459,7,8,397.43,1,1,2,4,Low Engagement
C17460,25,13,644.78,4,2,3,9,Potential Loyal
C17461,2,18,315.42,1,3,1,5,At Risk
C17462,19,13,1193.98,3,2,5,10,Loyal
C17463,28,1,379.59,4,1,1,6,At Risk
C17464,1,31,636.6,1,5,3,9,Potential Loyal
C17465,26,16,354.94,4,3,1,8,Potential Loyal
C17466,9,14,335.78,2,2,1,5,At Risk
C17467,28,22,692.38,4,4,3,11,Loyal
C17471,29,19,359.66,4,4,1,9,Potential Loyal
C17472,13,25,884.89,2,5,4,11,Loyal
C17474,15,10,456.1,2,2,2,6,At Risk
C17475,2,8,728.42,1,1,3,5,At Risk
C17477,11,23,447.88,2,5,2,9,Potential Loyal
C17479,23,24,302.31,4,5,1,10,Loyal
C17480,18,2,865.35,3,1,4,8,Potential Loyal
C17482,4,13,351.72,1,2,1,4,Low Engagement
C17483,6,16,881.2,1,3,4,8,Potential Loyal
C17488,28,23,299.83,4,5,1,10,Loyal
C17490,24,15,304.18,4,3,1,8,Potential Loyal
C17491,6,24,462.03,1,5,2,8,Potential Loyal
C17493,15,11,1305.11,2,2,5,9,Potential Loyal
C17494,29,25,491.1,4,5,3,12,Loyal
C17495,10,24,1263.46,2,5,5,12,Loyal
C17496,32,20,828.69,5,4,4,13,High Value
C17497,27,28,843.86,4,5,4,13,High Value
C17498,8,11,458.68,2,2,2,6,At Risk
C17499,31,7,486.56,5,1,3,9,Potential Loyal
C17500,24,20,748.42,4,4,4,12,Loyal
C17501,17,22,429.45,3,4,2,9,Potential Loyal
C17502,7,19,315.76,1,4,1,6,At Risk
C17504,5,3,1428.31,1,1,5,7,Potential Loyal
C17505,32,24,418.73,5,5,2,12,Loyal
C17506,30,29,863.02,5,5,4,14,High Value
C17508,8,18,459.82,2,3,2,7,Potential Loyal
C17509,24,17,326.19,4,3,1,8,Potential Loyal
C17510,36,14,619.77,5,2,3,10,Loyal
C17511,24,13,698.03,4,2,3,9,Potential Loyal
C17514,32,20,365.57,5,4,1,10,Loyal
C17516,18,22,671.94,3,4,3,10,Loyal
C17517,28,13,675.1,4,2,3,9,Potential Loyal
C17518,25,16,665.94,4,3,3,10,Loyal
C17519,21,5,828.19,3,1,4,8,Potential Loyal
C17521,34,15,1226.42,5,3,5,13,High Value
C17523,7,12,817.61,1,2,4,7,Potential Loyal
C17525,10,12,602.86,2,2,3,7,Potential Loyal
C17526,30,24,699.57,5,5,3,13,High Value
C17528,13,10,1321.49,2,2,5,9,Potential Loyal
C17529,7,11,848.02,1,2,4,7,Potential Loyal
C17530,19,9,1007.64,3,1,5,9,Potential Loyal
C17531,36,29,885.63,5,5,4,14,High Value
C17532,12,11,1348.57,2,2,5,9,Potential Loyal
C17533,27,9,398.83,4,1,2,7,Potential Loyal
C17534,34,20,671.27,5,4,3,12,Loyal
C17536,12,17,760.07,2,3,4,9,Potential Loyal
C17537,34,10,323.64,5,2,1,8,Potential Loyal
C17538,13,13,359.32,2,2,1,5,At Risk
C17539,4,16,427.41,1,3,2,6,At Risk
C17540,19,22,665.57,3,4,3,10,Loyal
C17541,33,5,636.3,5,1,3,9,Potential Loyal
C17542,33,12,349.3,5,2,1,8,Potential Loyal
C17544,36,14,481.17,5,2,3,10,Loyal
C17545,25,3,431.77,4,1,2,7,Potential Loyal
C17547,16,16,390.38,3,3,2,8,Potential Loyal
C17548,20,18,325.27,3,3,1,7,Potential Loyal
C17549,11,24,860.44,2,5,4,11,Loyal
C17550,30,19,329.5,5,4,1,10,Loyal
C17553,9,27,417.94,2,5,2,9,Potential Loyal
C17554,16,15,697.42,3,3,3,9,Potential Loyal
C17555,29,26,309.21,4,5,1,10,Loyal
C17557,16,22,681.6,3,4,3,10,Loyal
C17559,13,20,393.94,2,4,2,8,Potential Loyal
C17560,26,1,474.73,4,1,2,7,Potential Loyal
C17562,29,2,1493.21,4,1,5,10,Loyal
C17564,3,12,749.09,1,2,4,7,Potential Loyal
C17565,29,27,1252.25,4,5,5,14,High Value
C17567,14,24,332.07,2,5,1,8,Potential Loyal
C17568,12,21,326.78,2,4,1,7,Potential Loyal
C17569,21,3,415.01,3,1,2,6,At Risk
C17570,24,11,614.72,4,2,3,9,Potential Loyal
C17571,17,25,1225.77,3,5,5,13,High Value
C17572,0,28,793.31,1,5,4,10,Loyal
C17573,9,20,1074.26,2,4,5,11,Loyal
C17574,18,32,385.74,3,5,1,9,Potential Loyal
C17575,28,19,496.43,4,4,3,11,Loyal
C17576,35,21,856.77,5,4,4,13,High Value
C17578,1,14,1184.1,1,2,5,8,Potential Loyal
C17580,7,22,384.19,1,4,1,6,At Risk
C17581,17,9,1302.25,3,1,5,9,Potential Loyal
C17583,22,30,367.18,3,5,1,9,Potential Loyal
C17584,15,13,826.17,2,2,4,8,Potential Loyal
C17585,31,5,686.43,5,1,3,9,Potential Loyal
C17587,33,27,408.72,5,5,2,12,Loyal
C17590,36,14,360.17,5,2,1,8,Potential Loyal
C17591,22,11,791.72,3,2,4,9,Potential Loyal
C17592,35,23,371.3,5,5,1,11,Loyal
C17593,2,18,443.01,1,3,2,6,At Risk
C17594,26,19,1293.71,4,4,5,13,High Value
C17595,26,8,447.62,4,1,2,7,Potential Loyal
C17596,3,14,468.24,1,2,2,5,At Risk
C17597,14,26,455.44,2,5,2,9,Potential Loyal
C17598,11,24,414.45,2,5,2,9,Potential Loyal
C17599,26,21,728.53,4,4,3,11,Loyal
C17602,18,1,842.74,3,1,4,8,Potential Loyal
C17603,3,32,380.13,1,5,1,7,Potential Loyal
C17604,34,28,456.15,5,5,2,12,Loyal
C17605,18,17,335.66,3,3,1,7,Potential Loyal
C17606,1,6,672.46,1,1,3,5,At Risk
C17608,13,31,423.18,2,5,2,9,Potential Loyal
C17609,21,9,644.16,3,1,3,7,Potential Loyal
C17610,35,0,629.56,5,1,3,9,Potential Loyal
C17611,25,13,799.75,4,2,4,10,Loyal
C17612,29,12,1325.82,4,2,5,11,Loyal
C17613,19,9,1112.74,3,1,5,9,Potential Loyal
C17614,32,13,1082.17,5,2,5,12,Loyal
C17615,1,16,1144.12,1,3,5,9,Potential Loyal
C17617,17,14,364.5,3,2,1,6,At Risk
C17618,4,23,478.57,1,5,3,9,Potential Loyal
C17619,18,8,352.34,3,1,1,5,At Risk
C17620,14,22,861.78,2,4,4,10,Loyal
C17621,35,19,495.73,5,4,3,12,Loyal
C17623,10,11,607.99,2,2,3,7,Potential Loyal
C17624,24,24,397.23,4,5,2,11,Loyal
C17627,1,13,471.69,1,2,2,5,At Risk
C17630,9,29,390.98,2,5,2,9,Potential Loyal
C17631,6,18,860.87,1,3,4,8,Potential Loyal
C17633,29,31,864.44,4,5,4,13,High Value
C17634,31,24,669.21,5,5,3,13,High Value
C17637,25,16,617.15,4,3,3,10,Loyal
C17638,13,19,479.94,2,4,3,9,Potential Loyal
C17640,14,17,805.83,2,3,4,9,Potential Loyal
C17641,15,11,672.58,2,2,3,7,Potential Loyal
C17642,12,24,405.54,2,5,2,9,Potential Loyal
C17643,26,18,875.53,4,3,4,11,Loyal
C17644,13,8,1149.41,2,1,5,8,Potential Loyal
C17645,8,5,324.5,2,1,1,4,Low Engagement
C17647,17,21,781.61,3,4,4,11,Loyal
C17648,2,21,328.98,1,4,1,6,At Risk
C17649,12,8,667.69,2,1,3,6,At Risk
C17650,29,21,796.03,4,4,4,12,Loyal
C17651,18,25,1176.68,3,5,5,13,High Value
C17652,25,29,610.48,4,5,3,12,Loyal
C17653,32,10,878.87,5,2,4,11,Loyal
C17654,34,17,459.36,5,3,2,10,Loyal
C17656,35,22,337.36,5,4,1,10,Loyal
C17657,6,19,460.43,1,4,2,7,Potential Loyal
C17658,1,10,603.17,1,2,3,6,At Risk
C17659,3,29,599.85,1,5,3,9,Potential Loyal
C17660,20,6,754.79,3,1,4,8,Potential Loyal
C17662,35,23,461.7,5,5,2,12,Loyal
C17663,35,17,1305.74,5,3,5,13,High Value
C17665,8,4,346.56,2,1,1,4,Low Engagement
C17666,30,0,662.19,5,1,3,9,Potential Loyal
C17668,27,11,333.98,4,2,1,7,Potential Loyal
C17669,2,19,382.31,1,4,1,6,At Risk
C17671,18,6,452.72,3,1,2,6,At Risk
C17672,28,24,390.25,4,5,2,11,Loyal
C17673,26,7,1373.67,4,1,5,10,Loyal
C17674,22,24,437.57,3,5,2,10,Loyal
C17675,10,3,788.27,2,1,4,7,Potential Loyal
C17676,8,16,665.45,2,3,3,8,Potential Loyal
C17677,25,21,407.23,4,4,2,10,Loyal
C17679,14,17,461.23,2,3,2,7,Potential Loyal
C17681,30,18,880.34,5,3,4,12,Loyal
C17682,33,17,1241.99,5,3,5,13,High Value
C17683,0,19,780.61,1,4,4,9,Potential Loyal
C17686,33,29,302.56,5,5,1,11,Loyal
C17687,35,16,346.95,5,3,1,9,Potential Loyal
C17688,17,18,314.5,3,3,1,7,Potential Loyal
C17689,29,15,404.95,4,3,2,9,Potential Loyal
C17690,32,20,1232.19,5,4,5,14,High Value
C17691,36,10,1093.9,5,2,5,12,Loyal
C17692,28,12,340.86,4,2,1,7,Potential Loyal
C17694,21,14,1365.49,3,2,5,10,Loyal
C17695,25,9,749.72,4,1,4,9,Potential Loyal
C17696,8,18,861.77,2,3,4,9,Potential Loyal
C17697,22,15,1479.7,3,3,5,11,Loyal
C17698,15,6,320.49,2,1,1,4,Low Engagement
C17700,26,13,877.92,4,2,4,10,Loyal
C17701,34,13,1339.08,5,2,5,12,Loyal
C17703,25,11,746.51,4,2,4,10,Loyal
C17704,3,15,605.11,1,3,3,7,Potential Loyal
C17705,9,23,347.77,2,5,1,8,Potential Loyal
C17706,6,25,308.82,1,5,1,7,Potential Loyal
C17707,22,8,437.31,3,1,2,6,At Risk
C17708,27,15,726.52,4,3,3,10,Loyal
C17709,2,14,1182.72,1,2,5,8,Potential Loyal
C17710,24,12,425.08,4,2,2,8,Potential Loyal
C17712,14,10,1379.94,2,2,5,9,Potential Loyal
C17714,30,0,445.73,5,1,2,8,Potential Loyal
C17716,9,9,358.33,2,1,1,4,Low Engagement
C17717,0,26,747.5,1,5,4,10,Loyal
C17718,17,30,816.13,3,5,4,12,Loyal
C17719,7,17,863.58,1,3,4,8,Potential Loyal
C17720,28,5,695.99,4,1,3,8,Potential Loyal
C17721,25,28,1029.51,4,5,5,14,High Value
C17722,4,14,830.01,1,2,4,7,Potential Loyal
C17723,22,8,882.18,3,1,4,8,Potential Loyal
C17724,14,14,747.6,2,2,4,8,Potential Loyal
C17725,22,6,304.22,3,1,1,5,At Risk
C17727,2,13,428.75,1,2,2,5,At Risk
C17728,26,16,1375.45,4,3,5,12,Loyal
C17731,16,18,312.86,3,3,1,7,Potential Loyal
C17739,34,20,415.14,5,4,2,11,Loyal
C17740,16,23,797.03,3,5,4,12,Loyal
C17741,32,17,729.88,5,3,4,12,Loyal
C17743,4,26,313.88,1,5,1,7,Potential Loyal
C17745,8,19,1314.61,2,4,5,11,Loyal
C17746,29,20,446.32,4,4,2,10,Loyal
C17747,26,22,383.35,4,4,1,9,Potential Loyal
C17748,32,20,746.83,5,4,4,13,High Value
C17749,4,13,449.22,1,2,2,5,At Risk
C17751,29,16,781.84,4,3,4,11,Loyal
C17753,4,19,329.3,1,4,1,6,At Risk
C17754,3,19,610.92,1,4,3,8,Potential Loyal
C17755,34,21,304.74,5,4,1,10,Loyal
C17757,33,17,1479.68,5,3,5,13,High Value
C17758,34,13,437.95,5,2,2,9,Potential Loyal
C17759,20,14,863.47,3,2,4,9,Potential Loyal
C17760,26,12,1447.69,4,2,5,11,Loyal
C17761,11,8,1453.57,2,1,5,8,Potential Loyal
C17762,26,9,413.6,4,1,2,7,Potential Loyal
C17764,24,19,1456.16,4,4,5,13,High Value
C17765,16,30,753.51,3,5,4,12,Loyal
C17766,34,26,868.81,5,5,4,14,High Value
C17767,26,27,722.61,4,5,3,12,Loyal
C17768,5,14,308.16,1,2,1,4,Low Engagement
C17770,31,4,1080.86,5,1,5,11,Loyal
C17771,10,22,697.75,2,4,3,9,Potential Loyal
C17772,6,12,1294.92,1,2,5,8,Potential Loyal
C17773,27,23,711.11,4,5,3,12,Loyal
C17774,19,18,452.62,3,3,2,8,Potential Loyal
C17776,17,18,455.89,3,3,2,8,Potential Loyal
C17777,17,24,300.99,3,5,1,9,Potential Loyal
C17778,27,14,447.19,4,2,2,8,Potential Loyal
C17779,21,7,822.67,3,1,4,8,Potential Loyal
C17781,2,17,1220.4,1,3,5,9,Potential Loyal
C17783,14,16,419.38,2,3,2,7,Potential Loyal
C17785,31,6,394.57,5,1,2,8,Potential Loyal
C17786,1,13,1181.03,1,2,5,8,Potential Loyal
C17787,31,14,441.08,5,2,2,9,Potential Loyal
C17788,9,23,480.44,2,5,3,10,Loyal
C17789,4,16,429.2,1,3,2,6,At Risk
C17790,11,30,806.76,2,5,4,11,Loyal
C17791,30,19,432.67,5,4,2,11,Loyal
C17793,31,1,486.46,5,1,3,9,Potential Loyal
C17794,11,14,761.67,2,2,4,8,Potential Loyal
C17795,7,24,748.97,1,5,4,10,Loyal
C17797,20,27,435.84,3,5,2,10,Loyal
C17798,21,8,405.63,3,1,2,6,At Risk
C17799,30,10,731.1,5,2,4,11,Loyal
C17800,19,29,733.17,3,5,4,12,Loyal
C17802,15,3,305.27,2,1,1,4,Low Engagement
C17803,15,14,666.02,2,2,3,7,Potential Loyal
C17805,18,16,309.76,3,3,1,7,Potential Loyal
C17806,0,27,1431.32,1,5,5,11,Loyal
C17807,15,19,1470.2,2,4,5,11,Loyal
C17808,9,16,698.43,2,3,3,8,Potential Loyal
C17809,28,25,446.12,4,5,2,11,Loyal
C17811,13,16,833.09,2,3,4,9,Potential Loyal
C17812,18,4,390.98,3,1,2,6,At Risk
C17813,32,9,491.96,5,1,3,9,Potential Loyal
C17814,26,27,671.99,4,5,3,12,Loyal
C17815,1,12,302.68,1,2,1,4,Low Engagement
C17816,6,21,1293.77,1,4,5,10,Loyal
C17817,5,14,460.69,1,2,2,5,At Risk
C17818,20,14,402.81,3,2,2,7,Potential Loyal
C17819,26,11,1277.47,4,2,5,11,Loyal
C17820,27,20,790.92,4,4,4,12,Loyal
C17821,6,14,612.62,1,2,3,6,At Risk
C17822,33,11,355.55,5,2,1,8,Potential Loyal
C17823,3,8,823.07,1,1,4,6,At Risk
C17825,35,26,620.28,5,5,3,13,High Value
C17826,29,21,1095.68,4,4,5,13,High Value
C17827,10,23,480.66,2,5,3,10,Loyal
C17829,29,22,632.79,4,4,3,11,Loyal
C17830,24,18,800.02,4,3,4,11,Loyal
C17831,32,10,759.29,5,2,4,11,Loyal
C17832,7,25,739.81,1,5,4,10,Loyal
C17833,15,13,461.19,2,2,2,6,At Risk
C17835,30,20,469.03,5,4,2,11,Loyal
C17837,19,16,887.6,3,3,4,10,Loyal
C17838,25,28,877.9,4,5,4,13,High Value
C17839,28,13,1333.71,4,2,5,11,Loyal
C17840,21,13,750.19,3,2,4,9,Potential Loyal
C17842,15,11,1201.85,2,2,5,9,Potential Loyal
C17843,26,20,469.33,4,4,2,10,Loyal
C17846,36,20,753.11,5,4,4,13,High Value
C17849,0,1,364.36,1,1,1,3,Low Engagement
C17850,24,1,426.62,4,1,2,7,Potential Loyal
C17851,25,20,855.03,4,4,4,12,Loyal
C17852,17,20,717.04,3,4,3,10,Loyal
C17853,30,22,1148.21,5,4,5,14,High Value
C17854,3,17,663.25,1,3,3,7,Potential Loyal
C17855,8,22,468.04,2,4,2,8,Potential Loyal
C17856,35,21,839.41,5,4,4,13,High Value
C17857,9,27,343.3,2,5,1,8,Potential Loyal
C17859,35,17,1342.31,5,3,5,13,High Value
C17860,11,34,829.98,2,5,4,11,Loyal
C17861,33,13,799.72,5,2,4,11,Loyal
C17862,32,30,341.55,5,5,1,11,Loyal
C17863,23,27,834.29,4,5,4,13,High Value
C17864,23,19,341.23,4,4,1,9,Potential Loyal
C17866,32,27,1032.16,5,5,5,15,High Value
C17867,3,19,326.35,1,4,1,6,At Risk
C17868,20,20,1394.84,3,4,5,12,Loyal
C17869,0,24,789.14,1,5,4,10,Loyal
C17870,25,16,1076.19,4,3,5,12,Loyal
C17874,21,9,1452.96,3,1,5,9,Potential Loyal
C17875,22,16,374.43,3,3,1,7,Potential Loyal
C17876,31,5,305.83,5,1,1,7,Potential Loyal
C17877,3,18,1363.44,1,3,5,9,Potential Loyal
C17878,6,11,316.25,1,2,1,4,Low Engagement
C17879,24,28,492.94,4,5,3,12,Loyal
C17881,9,12,1097.43,2,2,5,9,Potential Loyal
C17882,23,13,389.69,4,2,2,8,Potential Loyal
C17883,17,23,1022.62,3,5,5,13,High Value
C17884,28,15,1422.77,4,3,5,12,Loyal
C17887,19,20,445.85,3,4,2,9,Potential Loyal
C17888,18,19,306.34,3,4,1,8,Potential Loyal
C17889,18,4,1035.49,3,1,5,9,Potential Loyal
C17890,6,26,396.17,1,5,2,8,Potential Loyal
C17891,23,23,331.68,4,5,1,10,Loyal
C17894,23,20,1202.64,4,4,5,13,High Value
C17895,5,27,774.21,1,5,4,10,Loyal
C17896,5,8,774.12,1,1,4,6,At Risk
C17898,34,20,1294.52,5,4,5,14,High Value
C17899,29,28,325.17,4,5,1,10,Loyal
C17900,34,10,340.83,5,2,1,8,Potential Loyal
C17901,7,30,452.9,1,5,2,8,Potential Loyal
C17902,3,14,307.79,1,2,1,4,Low Engagement
C17905,0,5,620.34,1,1,3,5,At Risk
C17907,28,6,1487.96,4,1,5,10,Loyal
C17908,35,6,622.14,5,1,3,9,Potential Loyal
C17909,6,16,312.51,1,3,1,5,At Risk
C17910,9,7,364.44,2,1,1,4,Low Engagement
C17912,28,15,1049.43,4,3,5,12,Loyal
C17913,3,10,705.1,1,2,3,6,At Risk
C17914,34,27,476.65,5,5,3,13,High Value
C17915,35,22,427.5,5,4,2,11,Loyal
C17916,18,7,394.19,3,1,2,6,At Risk
C17918,21,17,459.44,3,3,2,8,Potential Loyal
C17920,8,22,719.14,2,4,3,9,Potential Loyal
C17921,28,20,395.29,4,4,2,10,Loyal
C17922,17,18,862.88,3,3,4,10,Loyal
C17923,35,15,858.4,5,3,4,12,Loyal
C17924,8,11,322.54,2,2,1,5,At Risk
C17926,24,5,353.56,4,1,1,6,At Risk
C17927,29,27,352.16,4,5,1,10,Loyal
C17928,31,12,760.27,5,2,4,11,Loyal
C17929,27,12,350.66,4,2,1,7,Potential Loyal
C17930,28,0,1366.86,4,1,5,10,Loyal
C17931,11,14,664.35,2,2,3,7,Potential Loyal
C17935,23,7,452.76,4,1,2,7,Potential Loyal
C17938,12,15,458.19,2,3,2,7,Potential Loyal
C17939,17,16,327.51,3,3,1,7,Potential Loyal
C17940,26,13,419.74,4,2,2,8,Potential Loyal
C17941,29,24,843.25,4,5,4,13,High Value
C17945,28,8,1160.92,4,1,5,10,Loyal
C17947,27,9,1276.3,4,1,5,10,Loyal
C17948,28,11,1375.6,4,2,5,11,Loyal
C17949,8,3,306.43,2,1,1,4,Low Engagement
C17950,22,8,628.9,3,1,3,7,Potential Loyal
C17951,27,12,1255.25,4,2,5,11,Loyal
C17952,28,19,743.29,4,4,4,12,Loyal
C17954,27,6,838.64,4,1,4,9,Potential Loyal
C17955,14,12,308.58,2,2,1,5,At Risk
C17956,35,29,445.22,5,5,2,12,Loyal
C17958,10,10,1009.85,2,2,5,9,Potential Loyal
C17960,9,20,795.84,2,4,4,10,Loyal
C17962,8,23,476.11,2,5,3,10,Loyal
C17964,3,12,356.23,1,2,1,4,Low Engagement
C17966,33,18,801.16,5,3,4,12,Loyal
C17969,24,19,1490.53,4,4,5,13,High Value
C17970,10,30,1260.85,2,5,5,12,Loyal
C17971,36,3,703.58,5,1,3,9,Potential Loyal
C17972,6,7,744.24,1,1,4,6,At Risk
C17973,3,26,629.76,1,5,3,9,Potential Loyal
C17974,17,20,1208.26,3,4,5,12,Loyal
C17975,33,15,471.41,5,3,2,10,Loyal
C17976,31,13,1406.2,5,2,5,12,Loyal
C17977,16,17,770.43,3,3,4,10,Loyal
C17978,6,6,454.14,1,1,2,4,Low Engagement
C17979,7,18,729.91,1,3,4,8,Potential Loyal
C17980,0,23,439.11,1,5,2,8,Potential Loyal
C17982,11,20,1293.81,2,4,5,11,Loyal
C17983,9,20,841.34,2,4,4,10,Loyal
C17984,14,20,332.65,2,4,1,7,Potential Loyal
C17985,30,25,353.22,5,5,1,11,Loyal
C17986,32,9,813.26,5,1,4,10,Loyal
C17988,35,19,328.52,5,4,1,10,Loyal
C17989,7,16,1272.02,1,3,5,9,Potential Loyal
C17990,28,22,337.68,4,4,1,9,Potential Loyal
C17991,9,3,823.09,2,1,4,7,Potential Loyal
C17993,6,27,315.31,1,5,1,7,Potential Loyal
C17995,12,8,632.38,2,1,3,6,At Risk
C17996,19,9,896.12,3,1,4,8,Potential Loyal
C17997,24,7,796.01,4,1,4,9,Potential Loyal
C17998,11,1,1176.95,2,1,5,8,Potential Loyal
C17999,9,22,309.72,2,4,1,7,Potential Loyal
C18001,21,12,722.04,3,2,3,8,Potential Loyal
C18002,0,15,617.13,1,3,3,7,Potential Loyal
C18004,5,10,1036.6,1,2,5,8,Potential Loyal
C18005,6,18,1244.12,1,3,5,9,Potential Loyal
C18006,2,18,1057.46,1,3,5,9,Potential Loyal
C18007,24,14,785.7,4,2,4,10,Loyal
C18008,3,12,487.07,1,2,3,6,At Risk
C18010,6,16,614.31,1,3,3,7,Potential Loyal
C18011,26,20,418.32,4,4,2,10,Loyal
C18014,3,24,1480.99,1,5,5,11,Loyal
C18016,27,7,1385.83,4,1,5,10,Loyal
C18017,1,22,1159.38,1,4,5,10,Loyal
C18019,2,18,869.15,1,3,4,8,Potential Loyal
C18020,25,18,436.03,4,3,2,9,Potential Loyal
C18022,24,22,322.63,4,4,1,9,Potential Loyal
C18023,2,18,831.15,1,3,4,8,Potential Loyal
C18026,20,3,361.35,3,1,1,5,At Risk
C18027,0,26,735.51,1,5,4,10,Loyal
C18028,19,20,310.51,3,4,1,8,Potential Loyal
C18029,26,9,491.99,4,1,3,8,Potential Loyal
C18030,27,10,460.15,4,2,2,8,Potential Loyal
C18031,7,18,331.9,1,3,1,5,At Risk
C18032,17,23,1421.62,3,5,5,13,High Value
C18034,19,0,1204.2,3,1,5,9,Potential Loyal
C18035,5,8,737.23,1,1,4,6,At Risk
C18037,14,17,1303.74,2,3,5,10,Loyal
C18040,36,11,1486.7,5,2,5,12,Loyal
C18042,35,23,422.86,5,5,2,12,Loyal
C18044,22,27,368.06,3,5,1,9,Potential Loyal
C18046,34,1,613.59,5,1,3,9,Potential Loyal
C18047,23,22,860.06,4,4,4,12,Loyal
C18048,11,7,1160.72,2,1,5,8,Potential Loyal
C18049,2,32,677.56,1,5,3,9,Potential Loyal
C18050,17,28,481.41,3,5,3,11,Loyal
C18053,4,14,742.65,1,2,4,7,Potential Loyal
C18054,25,5,672.23,4,1,3,8,Potential Loyal
C18055,9,4,335.97,2,1,1,4,Low Engagement
C18058,7,18,727.67,1,3,3,7,Potential Loyal
C18059,34,24,842.55,5,5,4,14,High Value
C18060,13,12,880.45,2,2,4,8,Potential Loyal
C18061,11,11,623.74,2,2,3,7,Potential Loyal
C18062,28,27,497.87,4,5,3,12,Loyal
C18063,14,10,608.26,2,2,3,7,Potential Loyal
C18065,32,21,453.73,5,4,2,11,Loyal
C18066,4,4,376.09,1,1,1,3,Low Engagement
C18067,10,21,351.3,2,4,1,7,Potential Loyal
C18068,34,0,337.61,5,1,1,7,Potential Loyal
C18069,11,26,649.49,2,5,3,10,Loyal
C18070,16,16,1348.17,3,3,5,11,Loyal
C18072,33,12,1264.6,5,2,5,12,Loyal
C18073,21,4,447.67,3,1,2,6,At Risk
C18074,10,17,470.31,2,3,2,7,Potential Loyal
C18075,33,3,455.8,5,1,2,8,Potential Loyal
C18077,2,24,629.39,1,5,3,9,Potential Loyal
C18079,14,19,637.1,2,4,3,9,Potential Loyal
C18080,28,17,832.47,4,3,4,11,Loyal
C18082,11,13,807.83,2,2,4,8,Potential Loyal
C18083,7,24,1369.0,1,5,5,11,Loyal
C18084,22,29,722.15,3,5,3,11,Loyal
C18085,4,13,465.33,1,2,2,5,At Risk
C18087,29,2,485.03,4,1,3,8,Potential Loyal
C18089,29,15,1212.59,4,3,5,12,Loyal
C18090,13,10,321.7,2,2,1,5,At Risk
C18091,7,23,330.22,1,5,1,7,Potential Loyal
C18092,35,28,419.47,5,5,2,12,Loyal
C18095,17,9,819.56,3,1,4,8,Potential Loyal
C18097,28,8,824.79,4,1,4,9,Potential Loyal
C18098,19,19,1153.42,3,4,5,12,Loyal
C18099,31,9,608.22,5,1,3,9,Potential Loyal
C18101,24,15,342.48,4,3,1,8,Potential Loyal
C18102,26,16,774.35,4,3,4,11,Loyal
C18103,33,16,341.94,5,3,1,9,Potential Loyal
C18104,30,19,1026.42,5,4,5,14,High Value
C18105,9,4,486.76,2,1,3,6,At Risk
C18107,27,15,751.36,4,3,4,11,Loyal
C18108,25,15,433.25,4,3,2,9,Potential Loyal
C18110,25,10,635.78,4,2,3,9,Potential Loyal
C18113,6,7,807.72,1,1,4,6,At Risk
C18115,29,4,457.31,4,1,2,7,Potential Loyal
C18119,24,16,407.4,4,3,2,9,Potential Loyal
C18120,11,26,369.26,2,5,1,8,Potential Loyal
C18122,27,24,441.47,4,5,2,11,Loyal
C18124,30,7,422.99,5,1,2,8,Potential Loyal
C18127,14,22,1005.7,2,4,5,11,Loyal
C18128,34,19,470.99,5,4,2,11,Loyal
C18130,26,5,490.37,4,1,3,8,Potential Loyal
C18131,33,11,336.61,5,2,1,8,Potential Loyal
C18132,26,14,605.77,4,2,3,9,Potential Loyal
C18133,22,24,856.92,3,5,4,12,Loyal
C18135,34,21,432.61,5,4,2,11,Loyal
C18137,2,30,862.38,1,5,4,10,Loyal
C18142,9,5,404.55,2,1,2,5,At Risk
C18143,21,19,1333.05,3,4,5,12,Loyal
C18144,18,20,358.07,3,4,1,8,Potential Loyal
C18147,13,3,474.11,2,1,2,5,At Risk
C18149,5,14,403.9,1,2,2,5,At Risk
C18150,27,25,1212.73,4,5,5,14,High Value
C18151,36,1,633.11,5,1,3,9,Potential Loyal
C18152,8,16,323.61,2,3,1,6,At Risk
C18153,28,13,446.78,4,2,2,8,Potential Loyal
C18155,19,22,796.06,3,4,4,11,Loyal
C18156,1,8,773.21,1,1,4,6,At Risk
C18157,14,0,354.65,2,1,1,4,Low Engagement
C18158,2,1,1234.33,1,1,5,7,Potential Loyal
C18160,32,11,340.03,5,2,1,8,Potential Loyal
C18162,9,8,602.64,2,1,3,6,At Risk
C18164,1,22,437.23,1,4,2,7,Potential Loyal
C18165,1,13,1079.1,1,2,5,8,Potential Loyal
C18166,29,19,832.85,4,4,4,12,Loyal
C18167,10,22,876.84,2,4,4,10,Loyal
C18169,5,13,454.59,1,2,2,5,At Risk
C18170,2,13,320.72,1,2,1,4,Low Engagement
C18173,23,10,389.76,4,2,2,8,Potential Loyal
C18174,6,22,469.55,1,4,2,7,Potential Loyal
C18175,3,14,1228.48,1,2,5,8,Potential Loyal
C18176,11,23,388.71,2,5,2,9,Potential Loyal
C18177,31,4,744.03,5,1,4,10,Loyal
C18178,29,20,344.16,4,4,1,9,Potential Loyal
C18179,12,12,463.21,2,2,2,6,At Risk
C18181,35,17,309.36,5,3,1,9,Potential Loyal
C18183,13,9,340.33,2,1,1,4,Low Engagement
C18185,17,9,498.65,3,1,3,7,Potential Loyal
C18186,16,22,638.26,3,4,3,10,Loyal
C18187,35,17,318.76,5,3,1,9,Potential Loyal
C18188,24,17,823.13,4,3,4,11,Loyal
C18189,10,18,436.53,2,3,2,7,Potential Loyal
C18190,34,23,435.57,5,5,2,12,Loyal
C18191,2,28,1488.16,1,5,5,11,Loyal
C18192,27,16,824.26,4,3,4,11,Loyal
C18193,12,20,679.86,2,4,3,9,Potential Loyal
C18196,16,3,805.55,3,1,4,8,Potential Loyal
C18197,14,30,1362.46,2,5,5,12,Loyal
C18200,36,18,376.7,5,3,1,9,Potential Loyal
C18201,8,14,383.69,2,2,1,5,At Risk
C18202,30,31,444.76,5,5,2,12,Loyal
C18204,34,14,391.49,5,2,2,9,Potential Loyal
C18205,21,22,326.77,3,4,1,8,Potential Loyal
C18206,31,13,692.45,5,2,3,10,Loyal
C18207,23,7,422.15,4,1,2,7,Potential Loyal
C18208,22,28,387.42,3,5,1,9,Potential Loyal
C18209,6,2,727.0,1,1,3,5,At Risk
C18213,21,17,418.84,3,3,2,8,Potential Loyal
C18214,16,17,1428.33,3,3,5,11,Loyal
C18216,18,17,405.44,3,3,2,8,Potential Loyal
C18217,35,9,632.53,5,1,3,9,Potential Loyal
C18218,19,12,383.99,3,2,1,6,At Risk
C18219,14,6,416.88,2,1,2,5,At Risk
C18221,31,12,302.32,5,2,1,8,Potential Loyal
C18222,18,24,355.48,3,5,1,9,Potential Loyal
C18224,0,10,1452.47,1,2,5,8,Potential Loyal
C18225,26,11,842.27,4,2,4,10,Loyal
C18226,21,16,473.03,3,3,2,8,Potential Loyal
C18228,26,14,676.34,4,2,3,9,Potential Loyal
C18230,34,21,739.12,5,4,4,13,High Value
C18232,19,4,1407.07,3,1,5,9,Potential Loyal
C18233,6,13,1389.58,1,2,5,8,Potential Loyal
C18234,12,6,699.14,2,1,3,6,At Risk
C18235,19,28,1044.44,3,5,5,13,High Value
C18236,36,2,629.41,5,1,3,9,Potential Loyal
C18237,25,20,458.59,4,4,2,10,Loyal
C18238,9,17,1475.15,2,3,5,10,Loyal
C18239,9,4,308.86,2,1,1,4,Low Engagement
C18240,11,10,683.44,2,2,3,7,Potential Loyal
C18241,4,16,1351.03,1,3,5,9,Potential Loyal
C18242,16,12,791.24,3,2,4,9,Potential Loyal
C18243,25,25,710.8,4,5,3,12,Loyal
C18244,24,11,607.26,4,2,3,9,Potential Loyal
C18245,6,23,1461.6,1,5,5,11,Loyal
C18246,1,20,347.92,1,4,1,6,At Risk
C18247,26,20,412.0,4,4,2,10,Loyal
C18248,35,3,372.93,5,1,1,7,Potential Loyal
C18249,31,13,825.72,5,2,4,11,Loyal
C18250,14,20,329.92,2,4,1,7,Potential Loyal
C18251,35,16,331.27,5,3,1,9,Potential Loyal
C18252,33,18,837.28,5,3,4,12,Loyal
C18254,0,15,342.97,1,3,1,5,At Risk
C18256,5,14,669.9,1,2,3,6,At Risk
C18259,28,8,320.45,4,1,1,6,At Risk
C18260,8,21,1167.61,2,4,5,11,Loyal
C18262,5,8,658.31,1,1,3,5,At Risk
C18264,12,15,797.0,2,3,4,9,Potential Loyal
C18265,22,19,411.47,3,4,2,9,Potential Loyal
C18269,22,13,1142.0,3,2,5,10,Loyal
C18270,16,17,460.85,3,3,2,8,Potential Loyal
C18271,19,20,315.7,3,4,1,8,Potential Loyal
C18272,33,21,419.26,5,4,2,11,Loyal
C18273,36,23,1380.74,5,5,5,15,High Value
C18274,19,10,653.81,3,2,3,8,Potential Loyal
C18275,29,15,491.01,4,3,3,10,Loyal
C18276,5,4,656.94,1,1,3,5,At Risk
C18277,28,1,634.09,4,1,3,8,Potential Loyal
C18278,17,17,779.02,3,3,4,10,Loyal
C18280,18,15,658.22,3,3,3,9,Potential Loyal
C18281,15,25,1234.28,2,5,5,12,Loyal
C18282,10,16,432.18,2,3,2,7,Potential Loyal
C18283,17,20,328.72,3,4,1,8,Potential Loyal
C18285,32,0,317.64,5,1,1,7,Potential Loyal
C18287,30,7,1169.53,5,1,5,11,Loyal
C18288,23,26,830.36,4,5,4,13,High Value
C18289,7,15,468.2,1,3,2,6,At Risk
C18290,15,15,688.5,2,3,3,8,Potential Loyal
C18292,10,23,809.78,2,5,4,11,Loyal
C18293,35,14,635.21,5,2,3,10,Loyal
C18294,34,11,765.56,5,2,4,11,Loyal
C18295,29,9,374.75,4,1,1,6,At Risk
C18296,17,14,302.49,3,2,1,6,At Risk
C18297,1,28,332.5,1,5,1,7,Potential Loyal
C18298,35,8,610.61,5,1,3,9,Potential Loyal
C18299,35,14,304.11,5,2,1,8,Potential Loyal
C18300,11,27,1465.66,2,5,5,12,Loyal
C18304,31,16,339.82,5,3,1,9,Potential Loyal
C18305,11,17,300.18,2,3,1,6,At Risk
C18306,3,6,410.31,1,1,2,4,Low Engagement
C18308,34,2,1437.44,5,1,5,11,Loyal
C18310,27,13,820.52,4,2,4,10,Loyal
C18311,6,19,863.43,1,4,4,9,Potential Loyal
C18312,30,11,420.68,5,2,2,9,Potential Loyal
C18313,23,19,1150.48,4,4,5,13,High Value
C18314,16,9,382.31,3,1,1,5,At Risk
C18315,10,25,750.93,2,5,4,11,Loyal
C18317,16,14,703.81,3,2,3,8,Potential Loyal
C18319,31,20,392.61,5,4,2,11,Loyal
C18320,9,14,1106.47,2,2,5,9,Potential Loyal
C18321,28,12,388.69,4,2,2,8,Potential Loyal
C18322,14,14,718.4,2,2,3,7,Potential Loyal
C18323,36,7,760.38,5,1,4,10,Loyal
C18324,29,3,456.64,4,1,2,7,Potential Loyal
C18325,8,26,336.68,2,5,1,8,Potential Loyal
C18327,14,13,366.27,2,2,1,5,At Risk
C18328,8,15,363.34,2,3,1,6,At Risk
C18330,28,25,496.71,4,5,3,12,Loyal
C18331,15,28,448.56,2,5,2,9,Potential Loyal
C18332,35,14,772.38,5,2,4,11,Loyal
C18333,23,2,355.63,4,1,1,6,At Risk
C18336,25,28,1131.96,4,5,5,14,High Value
C18337,11,31,1316.66,2,5,5,12,Loyal
C18340,16,17,458.93,3,3,2,8,Potential Loyal
C18342,28,13,638.85,4,2,3,9,Potential Loyal
C18343,7,28,825.92,1,5,4,10,Loyal
C18344,12,19,1278.02,2,4,5,11,Loyal
C18345,14,2,437.59,2,1,2,5,At Risk
C18346,26,23,355.33,4,5,1,10,Loyal
C18347,7,10,1125.77,1,2,5,8,Potential Loyal
C18348,26,9,1430.89,4,1,5,10,Loyal
C18350,19,27,690.68,3,5,3,11,Loyal
C18351,22,10,705.76,3,2,3,8,Potential Loyal
C18352,3,9,447.37,1,1,2,4,Low Engagement
C18353,10,18,451.3,2,3,2,7,Potential Loyal
C18354,1,28,791.68,1,5,4,10,Loyal
C18355,1,8,759.37,1,1,4,6,At Risk
C18357,15,9,386.44,2,1,1,4,Low Engagement
C18358,5,19,465.49,1,4,2,7,Potential Loyal
C18359,5,29,403.6,1,5,2,8,Potential Loyal
C18360,25,21,1479.6,4,4,5,13,High Value
C18361,8,20,1438.24,2,4,5,11,Loyal
C18362,27,11,498.72,4,2,3,9,Potential Loyal
C18363,23,14,325.39,4,2,1,7,Potential Loyal
C18364,2,25,1449.41,1,5,5,11,Loyal
C18365,4,26,1144.03,1,5,5,11,Loyal
C18366,26,26,339.01,4,5,1,10,Loyal
C18367,28,24,1087.16,4,5,5,14,High Value
C18368,5,15,704.42,1,3,3,7,Potential Loyal
C18369,3,10,1162.12,1,2,5,8,Potential Loyal
C18371,32,22,873.69,5,4,4,13,High Value
C18372,12,22,1079.03,2,4,5,11,Loyal
C18373,4,11,437.04,1,2,2,5,At Risk
C18375,1,20,387.42,1,4,1,6,At Risk
C18376,2,3,796.36,1,1,4,6,At Risk
C18377,4,20,1423.1,1,4,5,10,Loyal
C18379,23,9,495.11,4,1,3,8,Potential Loyal
C18380,35,4,351.57,5,1,1,7,Potential Loyal
C18382,8,25,396.72,2,5,2,9,Potential Loyal
C18384,29,11,756.49,4,2,4,10,Loyal
C18386,24,26,352.81,4,5,1,10,Loyal
C18387,21,21,413.32,3,4,2,9,Potential Loyal
C18391,19,21,1496.99,3,4,5,12,Loyal
C18392,19,15,1242.81,3,3,5,11,Loyal
C18393,33,16,368.05,5,3,1,9,Potential Loyal
C18395,29,6,399.17,4,1,2,7,Potential Loyal
C18396,1,23,364.07,1,5,1,7,Potential Loyal
C18399,21,17,433.24,3,3,2,8,Potential Loyal
C18402,16,1,1278.72,3,1,5,9,Potential Loyal
C18404,14,0,307.09,2,1,1,4,Low Engagement
C18406,0,16,361.73,1,3,1,5,At Risk
C18407,20,6,382.49,3,1,1,5,At Risk
C18408,14,0,413.85,2,1,2,5,At Risk
C18409,18,24,1275.55,3,5,5,13,High Value
C18412,33,18,651.81,5,3,3,11,Loyal
C18415,36,23,371.26,5,5,1,11,Loyal
C18416,33,10,1242.43,5,2,5,12,Loyal
C18417,5,15,661.9,1,3,3,7,Potential Loyal
C18418,17,23,332.22,3,5,1,9,Potential Loyal
C18420,0,7,710.0,1,1,3,5,At Risk
C18421,12,27,456.01,2,5,2,9,Potential Loyal
C18423,20,12,1313.09,3,2,5,10,Loyal
C18424,1,7,873.47,1,1,4,6,At Risk
C18425,19,12,373.72,3,2,1,6,At Risk
C18426,29,20,1402.61,4,4,5,13,High Value
C18427,8,7,393.64,2,1,2,5,At Risk
C18429,19,3,497.3,3,1,3,7,Potential Loyal
C18430,12,17,652.49,2,3,3,8,Potential Loyal
C18431,23,13,695.59,4,2,3,9,Potential Loyal
C18432,20,10,771.39,3,2,4,9,Potential Loyal
C18433,7,19,391.06,1,4,2,7,Potential Loyal
C18434,6,27,1117.92,1,5,5,11,Loyal
C18436,2,20,390.88,1,4,2,7,Potential Loyal
C18437,10,0,604.58,2,1,3,6,At Risk
C18438,28,23,362.53,4,5,1,10,Loyal
C18439,12,13,700.96,2,2,3,7,Potential Loyal
C18440,31,28,336.67,5,5,1,11,Loyal
C18441,17,17,1220.75,3,3,5,11,Loyal
C18442,12,23,1442.92,2,5,5,12,Loyal
C18443,19,18,654.4,3,3,3,9,Potential Loyal
C18444,26,14,673.93,4,2,3,9,Potential Loyal
C18446,30,23,396.3,5,5,2,12,Loyal
C18447,34,27,811.1,5,5,4,14,High Value
C18448,21,14,726.93,3,2,3,8,Potential Loyal
C18450,26,9,600.23,4,1,3,8,Potential Loyal
C18451,4,20,768.38,1,4,4,9,Potential Loyal
C18452,32,3,757.71,5,1,4,10,Loyal
C18455,28,14,1466.03,4,2,5,11,Loyal
C18456,29,15,381.55,4,3,1,8,Potential Loyal
C18459,17,18,479.76,3,3,3,9,Potential Loyal
C18462,24,22,687.67,4,4,3,11,Loyal
C18463,15,6,842.26,2,1,4,7,Potential Loyal
C18465,34,22,482.7,5,4,3,12,Loyal
C18467,32,21,317.33,5,4,1,10,Loyal
C18469,32,8,883.2,5,1,4,10,Loyal
C18471,24,5,1307.57,4,1,5,10,Loyal
C18474,14,23,1456.9,2,5,5,12,Loyal
C18475,7,20,692.79,1,4,3,8,Potential Loyal
C18476,15,8,1123.76,2,1,5,8,Potential Loyal
C18477,28,26,398.76,4,5,2,11,Loyal
C18478,4,23,1109.6,1,5,5,11,Loyal
C18479,29,18,1012.23,4,3,5,12,Loyal
C18480,15,20,601.89,2,4,3,9,Potential Loyal
C18482,7,18,773.3,1,3,4,8,Potential Loyal
C18485,32,12,466.65,5,2,2,9,Potential Loyal
C18486,7,14,863.41,1,2,4,7,Potential Loyal
C18489,12,9,448.35,2,1,2,5,At Risk
C18490,35,13,400.07,5,2,2,9,Potential Loyal
C18491,12,8,478.99,2,1,3,6,At Risk
C18494,26,4,330.26,4,1,1,6,At Risk
C18496,20,17,1482.15,3,3,5,11,Loyal
C18498,6,14,312.46,1,2,1,4,Low Engagement
C18499,35,12,301.24,5,2,1,8,Potential Loyal
C18501,3,20,882.09,1,4,4,9,Potential Loyal
C18502,7,11,748.6,1,2,4,7,Potential Loyal
C18503,26,8,700.43,4,1,3,8,Potential Loyal
C18505,6,10,1043.82,1,2,5,8,Potential Loyal
C18507,25,17,602.43,4,3,3,10,Loyal
C18508,7,25,1090.46,1,5,5,11,Loyal
C18509,17,10,412.78,3,2,2,7,Potential Loyal
C18510,18,12,870.38,3,2,4,9,Potential Loyal
C18512,16,13,824.4,3,2,4,9,Potential Loyal
C18513,30,32,328.39,5,5,1,11,Loyal
C18514,1,12,860.22,1,2,4,7,Potential Loyal
C18515,0,14,619.57,1,2,3,6,At Risk
C18516,11,23,312.26,2,5,1,8,Potential Loyal
C18518,9,26,1249.46,2,5,5,12,Loyal
C18519,8,27,404.45,2,5,2,9,Potential Loyal
C18522,21,21,724.2,3,4,3,10,Loyal
C18523,30,25,806.88,5,5,4,14,High Value
C18525,19,7,728.65,3,1,3,7,Potential Loyal
C18526,16,20,379.75,3,4,1,8,Potential Loyal
C18527,23,15,1190.04,4,3,5,12,Loyal
C18528,30,23,1459.09,5,5,5,15,High Value
C18530,0,4,599.63,1,1,3,5,At Risk
C18533,29,7,366.59,4,1,1,6,At Risk
C18534,2,23,449.71,1,5,2,8,Potential Loyal
C18536,32,19,820.98,5,4,4,13,High Value
C18537,27,9,306.57,4,1,1,6,At Risk
C18539,21,14,601.76,3,2,3,8,Potential Loyal
C18540,8,26,369.09,2,5,1,8,Potential Loyal
C18544,19,23,310.37,3,5,1,9,Potential Loyal
C18545,21,25,770.6,3,5,4,12,Loyal
C18547,35,16,443.32,5,3,2,10,Loyal
C18548,29,27,835.44,4,5,4,13,High Value
C18549,16,10,314.36,3,2,1,6,At Risk
C18552,24,22,730.36,4,4,4,12,Loyal
C18553,32,13,465.2,5,2,2,9,Potential Loyal
C18554,6,14,637.68,1,2,3,6,At Risk
C18556,27,17,1174.86,4,3,5,12,Loyal
C18559,24,20,1195.63,4,4,5,13,High Value
C18562,6,20,620.2,1,4,3,8,Potential Loyal
C18565,26,6,818.81,4,1,4,9,Potential Loyal
C18566,12,6,483.23,2,1,3,6,At Risk
C18567,30,13,331.21,5,2,1,8,Potential Loyal
C18571,15,23,422.32,2,5,2,9,Potential Loyal
C18572,4,6,685.12,1,1,3,5,At Risk
C18573,25,18,457.75,4,3,2,9,Potential Loyal
C18576,11,7,841.63,2,1,4,7,Potential Loyal
C18577,22,16,432.77,3,3,2,8,Potential Loyal
C18578,8,19,419.2,2,4,2,8,Potential Loyal
C18579,29,5,1492.86,4,1,5,10,Loyal
C18581,26,6,445.07,4,1,2,7,Potential Loyal
C18582,31,17,359.64,5,3,1,9,Potential Loyal
C18583,25,14,471.54,4,2,2,8,Potential Loyal
C18587,23,20,1022.46,4,4,5,13,High Value
C18591,24,25,697.53,4,5,3,12,Loyal
C18592,11,10,1162.88,2,2,5,9,Potential Loyal
C18594,30,6,1372.14,5,1,5,11,Loyal
C18595,17,26,1359.37,3,5,5,13,High Value
C18596,9,5,310.09,2,1,1,4,Low Engagement
C18597,8,16,447.85,2,3,2,7,Potential Loyal
C18598,10,2,882.84,2,1,4,7,Potential Loyal
C18599,18,15,469.0,3,3,2,8,Potential Loyal
C18600,1,19,1367.39,1,4,5,10,Loyal
C18601,4,6,1057.75,1,1,5,7,Potential Loyal
C18602,4,13,430.88,1,2,2,5,At Risk
C18603,33,13,475.97,5,2,3,10,Loyal
C18605,19,13,651.68,3,2,3,8,Potential Loyal
C18606,15,16,363.14,2,3,1,6,At Risk
C18607,18,17,1126.33,3,3,5,11,Loyal
C18608,22,19,624.67,3,4,3,10,Loyal
C18610,26,11,331.33,4,2,1,7,Potential Loyal
C18611,25,28,495.52,4,5,3,12,Loyal
C18612,23,22,477.45,4,4,3,11,Loyal
C18613,32,8,433.68,5,1,2,8,Potential Loyal
C18614,17,8,898.4,3,1,4,8,Potential Loyal
C18615,7,18,793.17,1,3,4,8,Potential Loyal
C18616,14,11,438.4,2,2,2,6,At Risk
C18617,22,31,733.46,3,5,4,12,Loyal
C18618,1,17,629.9,1,3,3,7,Potential Loyal
C18619,2,12,493.66,1,2,3,6,At Risk
C18620,19,12,1084.63,3,2,5,10,Loyal
C18621,13,9,422.93,2,1,2,5,At Risk
C18622,29,14,816.13,4,2,4,10,Loyal
C18623,3,24,340.48,1,5,1,7,Potential Loyal
C18624,1,27,784.4,1,5,4,10,Loyal
C18626,4,16,480.38,1,3,3,7,Potential Loyal
C18627,8,10,611.15,2,2,3,7,Potential Loyal
C18628,19,20,1184.36,3,4,5,12,Loyal
C18630,23,29,607.03,4,5,3,12,Loyal
C18631,34,5,891.73,5,1,4,10,Loyal
C18632,19,9,601.01,3,1,3,7,Potential Loyal
C18633,28,34,1081.69,4,5,5,14,High Value
C18635,35,18,301.46,5,3,1,9,Potential Loyal
C18636,18,25,1186.44,3,5,5,13,High Value
C18637,3,8,462.28,1,1,2,4,Low Engagement
C18638,10,13,619.86,2,2,3,7,Potential Loyal
C18639,22,28,448.09,3,5,2,10,Loyal
C18640,33,21,357.04,5,4,1,10,Loyal
C18642,31,29,820.95,5,5,4,14,High Value
C18643,28,16,822.5,4,3,4,11,Loyal
C18644,33,29,625.52,5,5,3,13,High Value
C18645,7,20,805.83,1,4,4,9,Potential Loyal
C18646,17,26,737.49,3,5,4,12,Loyal
C18647,7,16,1302.42,1,3,5,9,Potential Loyal
C18649,0,21,428.37,1,4,2,7,Potential Loyal
C18652,23,12,364.05,4,2,1,7,Potential Loyal
C18653,21,18,706.1,3,3,3,9,Potential Loyal
C18655,29,23,1372.64,4,5,5,14,High Value
C18656,9,21,640.71,2,4,3,9,Potential Loyal
C18657,2,15,754.78,1,3,4,8,Potential Loyal
C18658,3,13,363.64,1,2,1,4,Low Engagement
C18660,33,14,876.66,5,2,4,11,Loyal
C18661,7,34,474.69,1,5,2,8,Potential Loyal
C18662,24,30,1373.5,4,5,5,14,High Value
C18663,21,16,871.59,3,3,4,10,Loyal
C18664,11,13,1115.84,2,2,5,9,Potential Loyal
C18666,27,23,846.45,4,5,4,13,High Value
C18668,25,14,411.77,4,2,2,8,Potential Loyal
C18669,25,24,408.04,4,5,2,11,Loyal
C18670,20,14,482.23,3,2,3,8,Potential Loyal
C18671,32,11,327.23,5,2,1,8,Potential Loyal
C18672,12,16,832.05,2,3,4,9,Potential Loyal
C18674,16,7,868.94,3,1,4,8,Potential Loyal
C18675,9,4,441.05,2,1,2,5,At Risk
C18676,2,13,359.29,1,2,1,4,Low Engagement
C18677,16,9,827.03,3,1,4,8,Potential Loyal
C18678,0,12,686.64,1,2,3,6,At Risk
C18680,28,6,380.45,4,1,1,6,At Risk
C18681,4,26,377.86,1,5,1,7,Potential Loyal
C18682,18,11,1203.01,3,2,5,10,Loyal
C18683,0,10,467.65,1,2,2,5,At Risk
C18684,27,25,842.47,4,5,4,13,High Value
C18685,24,28,620.51,4,5,3,12,Loyal
C18691,6,22,1304.38,1,4,5,10,Loyal
C18693,21,22,839.44,3,4,4,11,Loyal
C18695,16,17,1031.52,3,3,5,11,Loyal
C18696,0,14,1222.08,1,2,5,8,Potential Loyal
C18699,35,24,361.94,5,5,1,11,Loyal
C18701,20,6,460.29,3,1,2,6,At Risk
C18702,29,11,1086.21,4,2,5,11,Loyal
C18703,9,26,1221.07,2,5,5,12,Loyal
C18705,25,12,779.6,4,2,4,10,Loyal
C18707,2,4,747.36,1,1,4,6,At Risk
C18708,32,19,430.46,5,4,2,11,Loyal
C18710,25,10,1414.54,4,2,5,11,Loyal
C18711,10,31,334.34,2,5,1,8,Potential Loyal
C18713,6,8,335.4,1,1,1,3,Low Engagement
C18714,14,22,766.06,2,4,4,10,Loyal
C18715,34,24,1094.71,5,5,5,15,High Value
C18717,11,14,487.96,2,2,3,7,Potential Loyal
C18718,33,7,360.43,5,1,1,7,Potential Loyal
C18719,14,13,838.03,2,2,4,8,Potential Loyal
C18720,24,20,412.27,4,4,2,10,Loyal
C18721,4,11,735.47,1,2,4,7,Potential Loyal
C18722,9,8,319.86,2,1,1,4,Low Engagement
C18724,24,19,1376.65,4,4,5,13,High Value
C18725,10,16,366.45,2,3,1,6,At Risk
C18726,22,15,437.7,3,3,2,8,Potential Loyal
C18728,32,17,454.09,5,3,2,10,Loyal
C18729,21,30,490.6,3,5,3,11,Loyal
C18730,3,21,476.77,1,4,3,8,Potential Loyal
C18731,17,13,494.95,3,2,3,8,Potential Loyal
C18732,23,12,419.74,4,2,2,8,Potential Loyal
C18733,9,15,783.68,2,3,4,9,Potential Loyal
C18734,16,16,657.55,3,3,3,9,Potential Loyal
C18735,4,14,1226.46,1,2,5,8,Potential Loyal
C18736,20,15,712.92,3,3,3,9,Potential Loyal
C18737,5,22,451.78,1,4,2,7,Potential Loyal
C18738,7,21,478.79,1,4,3,8,Potential Loyal
C18739,18,31,487.96,3,5,3,11,Loyal
C18740,21,16,761.62,3,3,4,10,Loyal
C18741,5,11,717.56,1,2,3,6,At Risk
C18742,21,21,389.56,3,4,2,9,Potential Loyal
C18743,5,10,685.78,1,2,3,6,At Risk
C18744,7,20,736.72,1,4,4,9,Potential Loyal
C18745,21,21,1480.04,3,4,5,12,Loyal
C18746,2,10,1249.45,1,2,5,8,Potential Loyal
C18747,13,15,396.38,2,3,2,7,Potential Loyal
C18748,35,19,333.58,5,4,1,10,Loyal
C18749,36,19,704.43,5,4,3,12,Loyal
C18750,29,8,868.85,4,1,4,9,Potential Loyal
C18752,35,19,888.89,5,4,4,13,High Value
C18753,25,24,873.17,4,5,4,13,High Value
C18754,26,18,768.58,4,3,4,11,Loyal
C18757,5,3,1100.66,1,1,5,7,Potential Loyal
C18758,6,26,737.36,1,5,4,10,Loyal
C18759,13,18,702.18,2,3,3,8,Potential Loyal
C18760,9,11,456.07,2,2,2,6,At Risk
C18762,8,8,472.62,2,1,2,5,At Risk
C18765,29,6,763.37,4,1,4,9,Potential Loyal
C18766,19,22,423.5,3,4,2,9,Potential Loyal
C18767,34,27,429.78,5,5,2,12,Loyal
C18768,32,3,851.01,5,1,4,10,Loyal
C18769,32,19,814.29,5,4,4,13,High Value
C18771,15,22,456.62,2,4,2,8,Potential Loyal
C18772,16,5,1444.09,3,1,5,9,Potential Loyal
C18773,7,16,418.89,1,3,2,6,At Risk
C18774,11,16,776.15,2,3,4,9,Potential Loyal
C18775,23,19,1264.67,4,4,5,13,High Value
C18776,16,17,683.54,3,3,3,9,Potential Loyal
C18777,4,16,637.71,1,3,3,7,Potential Loyal
C18778,18,14,664.74,3,2,3,8,Potential Loyal
C18779,19,13,740.55,3,2,4,9,Potential Loyal
C18780,8,10,403.25,2,2,2,6,At Risk
C18781,32,14,433.32,5,2,2,9,Potential Loyal
C18782,22,32,738.66,3,5,4,12,Loyal
C18783,25,25,1227.14,4,5,5,14,High Value
C18784,18,21,430.04,3,4,2,9,Potential Loyal
C18785,25,23,728.9,4,5,3,12,Loyal
C18786,22,16,460.59,3,3,2,8,Potential Loyal
C18788,11,20,482.12,2,4,3,9,Potential Loyal
C18789,30,5,354.53,5,1,1,7,Potential Loyal
C18790,27,25,1374.83,4,5,5,14,High Value
C18791,20,14,601.68,3,2,3,8,Potential Loyal
C18792,22,16,364.15,3,3,1,7,Potential Loyal
C18793,11,10,335.72,2,2,1,5,At Risk
C18794,20,3,1075.66,3,1,5,9,Potential Loyal
C18795,18,14,488.43,3,2,3,8,Potential Loyal
C18796,15,23,700.06,2,5,3,10,Loyal
C18797,11,19,476.18,2,4,3,9,Potential Loyal
C18798,15,6,826.63,2,1,4,7,Potential Loyal
C18799,1,4,307.33,1,1,1,3,Low Engagement
C18800,18,21,803.11,3,4,4,11,Loyal
C18801,20,21,358.7,3,4,1,8,Potential Loyal
C18802,16,16,779.17,3,3,4,10,Loyal
C18804,17,3,446.56,3,1,2,6,At Risk
C18805,26,10,846.86,4,2,4,10,Loyal
C18806,9,17,1467.58,2,3,5,10,Loyal
C18807,10,9,1106.77,2,1,5,8,Potential Loyal
C18810,23,14,370.66,4,2,1,7,Potential Loyal
C18811,35,4,450.46,5,1,2,8,Potential Loyal
C18812,22,5,665.21,3,1,3,7,Potential Loyal
C18813,15,17,1182.03,2,3,5,10,Loyal
C18814,23,15,327.73,4,3,1,8,Potential Loyal
C18815,11,23,760.63,2,5,4,11,Loyal
C18816,15,19,762.7,2,4,4,10,Loyal
C18817,14,20,303.65,2,4,1,7,Potential Loyal
C18818,33,25,676.68,5,5,3,13,High Value
C18819,3,8,491.14,1,1,3,5,At Risk
C18820,3,10,422.04,1,2,2,5,At Risk
C18821,21,14,883.56,3,2,4,9,Potential Loyal
C18822,24,27,1297.77,4,5,5,14,High Value
C18823,12,16,408.48,2,3,2,7,Potential Loyal
C18824,4,11,636.81,1,2,3,6,At Risk
C18827,25,24,361.75,4,5,1,10,Loyal
C18828,12,18,1368.14,2,3,5,10,Loyal
C18830,8,8,464.63,2,1,2,5,At Risk
C18831,21,20,424.28,3,4,2,9,Potential Loyal
C18832,26,21,739.79,4,4,4,12,Loyal
C18833,26,7,452.93,4,1,2,7,Potential Loyal
C18834,5,25,350.26,1,5,1,7,Potential Loyal
C18835,1,5,665.53,1,1,3,5,At Risk
C18836,8,14,603.81,2,2,3,7,Potential Loyal
C18838,12,7,451.61,2,1,2,5,At Risk
C18839,8,2,446.73,2,1,2,5,At Risk
C18842,16,14,384.98,3,2,1,6,At Risk
C18843,31,17,308.63,5,3,1,9,Potential Loyal
C18845,11,27,437.38,2,5,2,9,Potential Loyal
C18846,1,20,1113.52,1,4,5,10,Loyal
C18847,32,10,401.61,5,2,2,9,Potential Loyal
C18848,29,19,349.79,4,4,1,9,Potential Loyal
C18849,1,18,1314.9,1,3,5,9,Potential Loyal
C18850,25,4,627.27,4,1,3,8,Potential Loyal
C18851,18,19,1127.96,3,4,5,12,Loyal
C18853,22,15,864.18,3,3,4,10,Loyal
C18854,10,13,323.5,2,2,1,5,At Risk
C18856,25,17,338.07,4,3,1,8,Potential Loyal
C18857,24,21,1304.95,4,4,5,13,High Value
C18859,6,8,367.62,1,1,1,3,Low Engagement
C18860,4,12,677.0,1,2,3,6,At Risk
C18862,0,20,872.6,1,4,4,9,Potential Loyal
C18863,32,12,408.72,5,2,2,9,Potential Loyal
C18864,24,14,1141.21,4,2,5,11,Loyal
C18865,20,9,1119.13,3,1,5,9,Potential Loyal
C18866,5,12,304.58,1,2,1,4,Low Engagement
C18867,22,21,608.7,3,4,3,10,Loyal
C18868,8,13,436.58,2,2,2,6,At Risk
C18870,0,0,799.36,1,1,4,6,At Risk
C18872,0,23,433.09,1,5,2,8,Potential Loyal
C18873,9,10,643.77,2,2,3,7,Potential Loyal
C18875,3,10,323.55,1,2,1,4,Low Engagement
C18877,15,13,340.17,2,2,1,5,At Risk
C18879,10,18,680.84,2,3,3,8,Potential Loyal
C18880,28,30,320.03,4,5,1,10,Loyal
C18882,9,10,748.28,2,2,4,8,Potential Loyal
C18884,34,9,376.89,5,1,1,7,Potential Loyal
C18885,7,6,894.14,1,1,4,6,At Risk
C18886,35,21,440.43,5,4,2,11,Loyal
C18887,32,4,322.92,5,1,1,7,Potential Loyal
C18888,34,29,699.81,5,5,3,13,High Value
C18891,9,12,761.84,2,2,4,8,Potential Loyal
C18892,14,24,1076.55,2,5,5,12,Loyal
C18893,21,14,338.58,3,2,1,6,At Risk
C18894,16,16,828.82,3,3,4,10,Loyal
C18896,35,22,637.7,5,4,3,12,Loyal
C18898,26,23,398.25,4,5,2,11,Loyal
C18899,3,18,360.58,1,3,1,5,At Risk
C18900,9,5,692.96,2,1,3,6,At Risk
C18901,14,0,668.5,2,1,3,6,At Risk
C18902,30,11,705.31,5,2,3,10,Loyal
C18903,17,18,358.63,3,3,1,7,Potential Loyal
C18904,8,2,1070.81,2,1,5,8,Potential Loyal
C18907,12,12,314.37,2,2,1,5,At Risk
C18908,24,16,459.61,4,3,2,9,Potential Loyal
C18909,6,14,372.32,1,2,1,4,Low Engagement
C18910,22,29,663.92,3,5,3,11,Loyal
C18911,35,11,459.49,5,2,2,9,Potential Loyal
C18912,4,20,854.54,1,4,4,9,Potential Loyal
C18913,27,23,1475.01,4,5,5,14,High Value
C18914,24,23,454.44,4,5,2,11,Loyal
C18916,34,25,1419.91,5,5,5,15,High Value
C18917,1,17,642.52,1,3,3,7,Potential Loyal
C18918,16,15,732.55,3,3,4,10,Loyal
C18919,30,12,489.15,5,2,3,10,Loyal
C18920,11,10,474.7,2,2,2,6,At Risk
C18921,28,6,743.16,4,1,4,9,Potential Loyal
C18922,34,22,488.96,5,4,3,12,Loyal
C18923,22,7,343.9,3,1,1,5,At Risk
C18924,24,14,804.36,4,2,4,10,Loyal
C18927,28,17,307.48,4,3,1,8,Potential Loyal
C18928,25,16,496.9,4,3,3,10,Loyal
C18929,18,18,999.87,3,3,4,10,Loyal
C18930,5,12,375.52,1,2,1,4,Low Engagement
C18931,28,20,445.13,4,4,2,10,Loyal
C18932,4,14,772.87,1,2,4,7,Potential Loyal
C18933,9,11,325.5,2,2,1,5,At Risk
C18935,1,13,877.47,1,2,4,7,Potential Loyal
C18936,14,12,1403.98,2,2,5,9,Potential Loyal
C18937,3,22,394.32,1,4,2,7,Potential Loyal
C18939,36,13,433.91,5,2,2,9,Potential Loyal
C18941,30,0,841.93,5,1,4,10,Loyal
C18942,5,28,835.0,1,5,4,10,Loyal
C18943,33,21,1005.02,5,4,4,13,High Value
C18944,34,28,485.67,5,5,3,13,High Value
C18945,19,10,693.52,3,2,3,8,Potential Loyal
C18946,34,25,471.84,5,5,2,12,Loyal
C18947,32,8,351.24,5,1,1,7,Potential Loyal
C18951,25,29,1176.36,4,5,5,14,High Value
C18952,32,8,626.27,5,1,3,9,Potential Loyal
C18954,32,15,457.61,5,3,2,10,Loyal
C18955,30,14,748.21,5,2,4,11,Loyal
C18956,3,33,850.24,1,5,4,10,Loyal
C18958,23,20,1400.51,4,4,5,13,High Value
C18959,27,6,871.81,4,1,4,9,Potential Loyal
C18960,12,28,868.23,2,5,4,11,Loyal
C18961,34,14,610.92,5,2,3,10,Loyal
C18963,26,15,639.36,4,3,3,10,Loyal
C18965,34,16,304.44,5,3,1,9,Potential Loyal
C18966,18,19,1178.47,3,4,5,12,Loyal
C18968,27,16,636.6,4,3,3,10,Loyal
C18969,12,12,740.75,2,2,4,8,Potential Loyal
C18971,29,22,312.52,4,4,1,9,Potential Loyal
C18972,17,13,1166.15,3,2,5,10,Loyal
C18973,22,20,788.08,3,4,4,11,Loyal
C18975,21,28,1368.51,3,5,5,13,High Value
C18976,13,16,1032.02,2,3,5,10,Loyal
C18977,30,29,471.69,5,5,2,12,Loyal
C18978,15,11,1118.71,2,2,5,9,Potential Loyal
C18980,13,23,418.45,2,5,2,9,Potential Loyal
C18982,4,4,459.32,1,1,2,4,Low Engagement
C18983,14,23,307.32,2,5,1,8,Potential Loyal
C18984,30,8,353.08,5,1,1,7,Potential Loyal
C18986,33,11,478.02,5,2,3,10,Loyal
C18989,21,18,475.04,3,3,2,8,Potential Loyal
C18990,34,32,352.99,5,5,1,11,Loyal
C18992,34,19,446.77,5,4,2,11,Loyal
C18993,23,11,790.47,4,2,4,10,Loyal
C18995,28,11,408.03,4,2,2,8,Potential Loyal
C18996,4,13,465.71,1,2,2,5,At Risk
C18997,31,14,1170.65,5,2,5,12,Loyal
C18998,32,16,666.89,5,3,3,11,Loyal
C18999,33,14,405.85,5,2,2,9,Potential Loyal
C19000,13,8,312.23,2,1,1,4,Low Engagement
C19001,23,22,497.24,4,4,3,11,Loyal
C19003,28,7,422.57,4,1,2,7,Potential Loyal
C19004,13,29,395.31,2,5,2,9,Potential Loyal
C19005,10,19,668.47,2,4,3,9,Potential Loyal
C19007,24,27,326.13,4,5,1,10,Loyal
C19008,9,13,450.07,2,2,2,6,At Risk
C19009,26,19,824.22,4,4,4,12,Loyal
C19010,18,0,1416.3,3,1,5,9,Potential Loyal
C19011,0,12,876.81,1,2,4,7,Potential Loyal
C19012,4,5,769.25,1,1,4,6,At Risk
C19013,26,9,416.5,4,1,2,7,Potential Loyal
C19014,12,14,601.1,2,2,3,7,Potential Loyal
C19015,0,28,659.7,1,5,3,9,Potential Loyal
C19017,5,18,1456.52,1,3,5,9,Potential Loyal
C19018,12,17,846.0,2,3,4,9,Potential Loyal
C19020,35,33,398.85,5,5,2,12,Loyal
C19021,23,16,885.33,4,3,4,11,Loyal
C19022,30,15,835.39,5,3,4,12,Loyal
C19023,29,16,865.65,4,3,4,11,Loyal
C19024,22,2,605.24,3,1,3,7,Potential Loyal
C19025,35,10,348.72,5,2,1,8,Potential Loyal
C19026,27,1,1376.16,4,1,5,10,Loyal
C19027,19,21,495.73,3,4,3,10,Loyal
C19031,24,14,441.52,4,2,2,8,Potential Loyal
C19032,8,18,358.84,2,3,1,6,At Risk
C19033,16,24,397.85,3,5,2,10,Loyal
C19034,32,9,1072.22,5,1,5,11,Loyal
C19035,22,7,330.3,3,1,1,5,At Risk
C19037,30,18,1317.92,5,3,5,13,High Value
C19038,3,3,871.65,1,1,4,6,At Risk
C19039,14,21,337.53,2,4,1,7,Potential Loyal
C19040,26,21,306.83,4,4,1,9,Potential Loyal
C19043,0,11,307.0,1,2,1,4,Low Engagement
C19044,3,27,354.45,1,5,1,7,Potential Loyal
C19045,23,6,457.3,4,1,2,7,Potential Loyal
C19050,20,10,1056.54,3,2,5,10,Loyal
C19051,35,12,891.75,5,2,4,11,Loyal
C19055,31,3,1173.59,5,1,5,11,Loyal
C19056,22,11,758.24,3,2,4,9,Potential Loyal
C19058,7,23,430.55,1,5,2,8,Potential Loyal
C19059,26,23,652.69,4,5,3,12,Loyal
C19060,9,21,439.53,2,4,2,8,Potential Loyal
C19061,28,3,481.62,4,1,3,8,Potential Loyal
C19062,30,14,458.89,5,2,2,9,Potential Loyal
C19063,35,4,366.88,5,1,1,7,Potential Loyal
C19064,17,16,351.49,3,3,1,7,Potential Loyal
C19065,36,20,327.23,5,4,1,10,Loyal
C19066,22,15,365.98,3,3,1,7,Potential Loyal
C19068,21,7,331.72,3,1,1,5,At Risk
C19069,10,17,1475.15,2,3,5,10,Loyal
C19071,23,12,311.51,4,2,1,7,Potential Loyal
C19073,30,9,308.29,5,1,1,7,Potential Loyal
C19076,21,6,429.93,3,1,2,6,At Risk
C19077,14,24,710.26,2,5,3,10,Loyal
C19079,24,7,795.07,4,1,4,9,Potential Loyal
C19080,16,9,491.46,3,1,3,7,Potential Loyal
C19081,15,28,323.88,2,5,1,8,Potential Loyal
C19082,8,0,685.06,2,1,3,6,At Risk
C19085,2,20,1089.69,1,4,5,10,Loyal
C19086,24,24,456.33,4,5,2,11,Loyal
C19087,4,29,1479.98,1,5,5,11,Loyal
C19088,1,18,895.47,1,3,4,8,Potential Loyal
C19090,28,20,319.51,4,4,1,9,Potential Loyal
C19093,28,14,387.75,4,2,2,8,Potential Loyal
C19095,1,29,476.79,1,5,3,9,Potential Loyal
C19096,24,22,651.74,4,4,3,11,Loyal
C19098,25,9,431.4,4,1,2,7,Potential Loyal
C19099,15,7,418.51,2,1,2,5,At Risk
C19100,15,18,613.17,2,3,3,8,Potential Loyal
C19102,0,9,439.4,1,1,2,4,Low Engagement
C19103,14,24,1228.99,2,5,5,12,Loyal
C19105,10,10,722.26,2,2,3,7,Potential Loyal
C19107,30,17,1385.35,5,3,5,13,High Value
C19108,36,19,327.75,5,4,1,10,Loyal
C19113,3,9,718.6,1,1,3,5,At Risk
C19114,27,1,1473.84,4,1,5,10,Loyal
C19115,34,18,897.98,5,3,4,12,Loyal
C19116,18,14,658.82,3,2,3,8,Potential Loyal
C19117,27,25,729.7,4,5,4,13,High Value
C19119,24,21,822.68,4,4,4,12,Loyal
C19121,25,9,733.31,4,1,4,9,Potential Loyal
C19122,33,17,495.0,5,3,3,11,Loyal
C19123,12,1,452.93,2,1,2,5,At Risk
C19124,5,28,662.68,1,5,3,9,Potential Loyal
C19125,9,25,860.91,2,5,4,11,Loyal
C19126,12,15,331.97,2,3,1,6,At Risk
C19127,5,28,310.01,1,5,1,7,Potential Loyal
C19128,20,7,734.04,3,1,4,8,Potential Loyal
C19129,28,8,324.07,4,1,1,6,At Risk
C19131,28,21,1451.81,4,4,5,13,High Value
C19133,15,7,677.63,2,1,3,6,At Risk
C19134,20,9,809.05,3,1,4,8,Potential Loyal
C19135,18,16,351.18,3,3,1,7,Potential Loyal
C19136,9,17,358.86,2,3,1,6,At Risk
C19137,2,7,347.21,1,1,1,3,Low Engagement
C19138,15,9,329.72,2,1,1,4,Low Engagement
C19139,36,17,301.79,5,3,1,9,Potential Loyal
C19140,17,15,359.36,3,3,1,7,Potential Loyal
C19141,8,7,392.44,2,1,2,5,At Risk
C19142,36,17,358.22,5,3,1,9,Potential Loyal
C19143,35,23,393.26,5,5,2,12,Loyal
C19144,31,10,1150.64,5,2,5,12,Loyal
C19145,22,24,429.9,3,5,2,10,Loyal
C19146,19,14,774.13,3,2,4,9,Potential Loyal
C19147,9,20,853.69,2,4,4,10,Loyal
C19148,31,29,666.36,5,5,3,13,High Value
C19149,31,17,378.26,5,3,1,9,Potential Loyal
C19150,4,17,422.95,1,3,2,6,At Risk
C19151,13,2,419.07,2,1,2,5,At Risk
C19152,15,10,349.86,2,2,1,5,At Risk
C19153,20,18,1413.29,3,3,5,11,Loyal
C19154,9,20,477.39,2,4,3,9,Potential Loyal
C19155,35,14,760.2,5,2,4,11,Loyal
C19157,3,24,665.53,1,5,3,9,Potential Loyal
C19158,30,32,886.5,5,5,4,14,High Value
C19159,21,21,686.58,3,4,3,10,Loyal
C19160,0,19,1020.17,1,4,5,10,Loyal
C19161,28,13,450.79,4,2,2,8,Potential Loyal
C19164,4,6,1478.63,1,1,5,7,Potential Loyal
C19165,27,24,453.38,4,5,2,11,Loyal
C19167,28,20,435.68,4,4,2,10,Loyal
C19168,19,23,631.37,3,5,3,11,Loyal
C19169,32,12,848.81,5,2,4,11,Loyal
C19170,33,18,1076.51,5,3,5,13,High Value
C19172,4,11,490.93,1,2,3,6,At Risk
C19175,34,5,753.33,5,1,4,10,Loyal
C19176,19,13,392.16,3,2,2,7,Potential Loyal
C19177,8,12,441.59,2,2,2,6,At Risk
C19179,21,6,379.0,3,1,1,5,At Risk
C19180,36,6,395.31,5,1,2,8,Potential Loyal
C19181,11,12,617.62,2,2,3,7,Potential Loyal
C19182,18,17,306.44,3,3,1,7,Potential Loyal
C19183,18,22,1238.41,3,4,5,12,Loyal
C19184,26,11,677.78,4,2,3,9,Potential Loyal
C19185,22,7,677.44,3,1,3,7,Potential Loyal
C19186,5,28,1340.6,1,5,5,11,Loyal
C19188,32,3,468.29,5,1,2,8,Potential Loyal
C19189,28,25,680.07,4,5,3,12,Loyal
C19191,31,3,733.24,5,1,4,10,Loyal
C19192,31,9,668.68,5,1,3,9,Potential Loyal
C19194,5,23,1137.61,1,5,5,11,Loyal
C19195,36,6,609.14,5,1,3,9,Potential Loyal
C19196,16,7,749.0,3,1,4,8,Potential Loyal
C19197,4,7,402.0,1,1,2,4,Low Engagement
C19198,7,21,373.91,1,4,1,6,At Risk
C19199,22,7,459.38,3,1,2,6,At Risk
C19200,11,10,752.37,2,2,4,8,Potential Loyal
C19202,15,7,480.67,2,1,3,6,At Risk
C19203,27,12,1251.41,4,2,5,11,Loyal
C19204,15,2,312.1,2,1,1,4,Low Engagement
C19205,24,7,399.74,4,1,2,7,Potential Loyal
C19206,35,24,662.49,5,5,3,13,High Value
C19207,25,24,494.57,4,5,3,12,Loyal
C19208,11,11,358.19,2,2,1,5,At Risk
C19210,12,16,1452.67,2,3,5,10,Loyal
C19211,26,6,464.61,4,1,2,7,Potential Loyal
C19213,24,22,1295.7,4,4,5,13,High Value
C19214,3,16,352.17,1,3,1,5,At Risk
C19215,6,14,349.89,1,2,1,4,Low Engagement
C19216,13,12,409.43,2,2,2,6,At Risk
C19218,35,7,1199.86,5,1,5,11,Loyal
C19221,1,11,469.37,1,2,2,5,At Risk
C19222,30,26,1210.22,5,5,5,15,High Value
C19223,27,18,782.76,4,3,4,11,Loyal
C19224,31,3,705.01,5,1,3,9,Potential Loyal
C19225,25,21,890.46,4,4,4,12,Loyal
C19226,32,12,495.73,5,2,3,10,Loyal
C19227,2,4,390.58,1,1,2,4,Low Engagement
C19228,26,0,763.69,4,1,4,9,Potential Loyal
C19229,0,11,301.74,1,2,1,4,Low Engagement
C19230,15,13,699.02,2,2,3,7,Potential Loyal
C19231,25,17,658.45,4,3,3,10,Loyal
C19232,20,20,379.37,3,4,1,8,Potential Loyal
C19233,7,20,1333.14,1,4,5,10,Loyal
C19234,21,3,484.01,3,1,3,7,Potential Loyal
C19235,36,13,840.11,5,2,4,11,Loyal
C19238,9,19,1349.46,2,4,5,11,Loyal
C19239,27,11,378.25,4,2,1,7,Potential Loyal
C19240,10,11,455.01,2,2,2,6,At Risk
C19242,26,25,769.49,4,5,4,13,High Value
C19245,17,17,1497.59,3,3,5,11,Loyal
C19247,26,17,714.95,4,3,3,10,Loyal
C19248,13,27,1035.27,2,5,5,12,Loyal
C19250,4,22,1107.43,1,4,5,10,Loyal
C19251,34,16,381.27,5,3,1,9,Potential Loyal
C19253,28,12,599.98,4,2,3,9,Potential Loyal
C19254,31,17,435.19,5,3,2,10,Loyal
C19255,27,9,720.4,4,1,3,8,Potential Loyal
C19256,17,15,777.43,3,3,4,10,Loyal
C19257,26,10,495.53,4,2,3,9,Potential Loyal
C19259,15,5,796.75,2,1,4,7,Potential Loyal
C19261,2,9,611.46,1,1,3,5,At Risk
C19262,8,18,1482.12,2,3,5,10,Loyal
C19264,18,22,895.44,3,4,4,11,Loyal
C19265,6,23,1110.22,1,5,5,11,Loyal
C19266,11,17,842.21,2,3,4,9,Potential Loyal
C19267,2,30,482.21,1,5,3,9,Potential Loyal
C19269,35,10,410.72,5,2,2,9,Potential Loyal
C19270,17,9,305.43,3,1,1,5,At Risk
C19271,3,5,1309.51,1,1,5,7,Potential Loyal
C19272,7,14,1298.52,1,2,5,8,Potential Loyal
C19273,15,19,483.66,2,4,3,9,Potential Loyal
C19276,33,23,755.07,5,5,4,14,High Value
C19278,10,11,1108.2,2,2,5,9,Potential Loyal
C19280,12,15,711.95,2,3,3,8,Potential Loyal
C19283,16,10,337.95,3,2,1,6,At Risk
C19284,7,11,1133.11,1,2,5,8,Potential Loyal
C19285,14,0,1371.75,2,1,5,8,Potential Loyal
C19286,12,26,823.17,2,5,4,11,Loyal
C19287,11,1,813.55,2,1,4,7,Potential Loyal
C19288,21,11,628.51,3,2,3,8,Potential Loyal
C19290,20,22,480.04,3,4,3,10,Loyal
C19291,24,20,409.61,4,4,2,10,Loyal
C19292,23,11,676.41,4,2,3,9,Potential Loyal
C19294,10,22,424.77,2,4,2,8,Potential Loyal
C19295,4,25,421.68,1,5,2,8,Potential Loyal
C19297,13,16,790.46,2,3,4,9,Potential Loyal
C19298,19,19,1223.03,3,4,5,12,Loyal
C19302,4,15,358.45,1,3,1,5,At Risk
C19304,18,27,340.01,3,5,1,9,Potential Loyal
C19306,8,23,750.8,2,5,4,11,Loyal
C19307,16,18,477.21,3,3,3,9,Potential Loyal
C19309,27,14,888.9,4,2,4,10,Loyal
C19310,9,7,607.03,2,1,3,6,At Risk
C19311,9,19,1443.02,2,4,5,11,Loyal
C19312,32,18,388.95,5,3,2,10,Loyal
C19313,21,7,1276.56,3,1,5,9,Potential Loyal
C19314,22,17,465.51,3,3,2,8,Potential Loyal
C19315,0,19,487.16,1,4,3,8,Potential Loyal
C19316,35,25,706.85,5,5,3,13,High Value
C19317,8,22,659.3,2,4,3,9,Potential Loyal
C19319,26,4,346.5,4,1,1,6,At Risk
C19320,9,23,836.9,2,5,4,11,Loyal
C19321,4,31,1349.82,1,5,5,11,Loyal
C19323,34,14,735.9,5,2,4,11,Loyal
C19325,0,8,805.98,1,1,4,6,At Risk
C19326,6,16,409.57,1,3,2,6,At Risk
C19327,30,4,1119.31,5,1,5,11,Loyal
C19328,8,20,1158.24,2,4,5,11,Loyal
C19330,13,9,481.63,2,1,3,6,At Risk
C19331,32,25,765.74,5,5,4,14,High Value
C19332,33,10,1130.1,5,2,5,12,Loyal
C19333,20,21,1034.39,3,4,5,12,Loyal
C19336,25,11,701.65,4,2,3,9,Potential Loyal
C19337,5,9,1327.81,1,1,5,7,Potential Loyal
C19338,14,13,424.7,2,2,2,6,At Risk
C19339,33,13,438.21,5,2,2,9,Potential Loyal
C19341,31,15,370.0,5,3,1,9,Potential Loyal
C19342,29,21,316.75,4,4,1,9,Potential Loyal
C19343,16,10,666.63,3,2,3,8,Potential Loyal
C19345,28,25,613.25,4,5,3,12,Loyal
C19346,9,20,333.63,2,4,1,7,Potential Loyal
C19347,27,10,624.75,4,2,3,9,Potential Loyal
C19348,19,10,740.4,3,2,4,9,Potential Loyal
C19349,29,19,825.04,4,4,4,12,Loyal
C19350,11,0,473.84,2,1,2,5,At Risk
C19351,19,1,851.53,3,1,4,8,Potential Loyal
C19352,4,10,357.63,1,2,1,4,Low Engagement
C19353,9,12,433.88,2,2,2,6,At Risk
C19354,3,21,837.78,1,4,4,9,Potential Loyal
C19356,27,17,716.9,4,3,3,10,Loyal
C19357,8,9,1056.2,2,1,5,8,Potential Loyal
C19358,33,21,343.23,5,4,1,10,Loyal
C19360,9,6,1326.58,2,1,5,8,Potential Loyal
C19361,31,15,379.22,5,3,1,9,Potential Loyal
C19362,30,22,474.27,5,4,2,11,Loyal
C19363,21,31,1154.52,3,5,5,13,High Value
C19365,16,12,393.63,3,2,2,7,Potential Loyal
C19366,4,16,851.2,1,3,4,8,Potential Loyal
C19367,12,26,1308.54,2,5,5,12,Loyal
C19368,13,3,893.99,2,1,4,7,Potential Loyal
C19369,3,11,633.93,1,2,3,6,At Risk
C19370,7,14,403.79,1,2,2,5,At Risk
C19371,35,12,405.32,5,2,2,9,Potential Loyal
C19374,8,26,1224.87,2,5,5,12,Loyal
C19377,9,22,417.15,2,4,2,8,Potential Loyal
C19378,32,5,1465.48,5,1,5,11,Loyal
C19379,33,18,685.04,5,3,3,11,Loyal
C19383,5,15,413.35,1,3,2,6,At Risk
C19384,23,14,778.88,4,2,4,10,Loyal
C19385,20,20,1475.93,3,4,5,12,Loyal
C19386,33,9,319.49,5,1,1,7,Potential Loyal
C19389,21,21,670.81,3,4,3,10,Loyal
C19390,3,20,463.35,1,4,2,7,Potential Loyal
C19392,7,15,886.59,1,3,4,8,Potential Loyal
C19393,3,31,723.59,1,5,3,9,Potential Loyal
C19394,33,13,1308.8,5,2,5,12,Loyal
C19395,29,12,1445.84,4,2,5,11,Loyal
C19396,32,18,375.2,5,3,1,9,Potential Loyal
C19397,33,0,367.31,5,1,1,7,Potential Loyal
C19398,28,11,1297.01,4,2,5,11,Loyal
C19399,31,6,772.6,5,1,4,10,Loyal
C19400,8,24,843.52,2,5,4,11,Loyal
C19401,22,4,732.85,3,1,4,8,Potential Loyal
C19402,28,13,1025.51,4,2,5,11,Loyal
C19404,17,10,666.75,3,2,3,8,Potential Loyal
C19406,10,19,484.26,2,4,3,9,Potential Loyal
C19407,23,8,423.17,4,1,2,7,Potential Loyal
C19408,31,18,359.74,5,3,1,9,Potential Loyal
C19410,12,17,1368.33,2,3,5,10,Loyal
C19411,20,18,450.03,3,3,2,8,Potential Loyal
C19412,12,12,1235.57,2,2,5,9,Potential Loyal
C19413,25,18,415.11,4,3,2,9,Potential Loyal
C19414,16,16,806.95,3,3,4,10,Loyal
C19415,21,17,336.26,3,3,1,7,Potential Loyal
C19416,13,16,382.02,2,3,1,6,At Risk
C19417,9,20,1411.77,2,4,5,11,Loyal
C19418,11,15,607.18,2,3,3,8,Potential Loyal
C19419,6,17,656.59,1,3,3,7,Potential Loyal
C19420,2,17,303.32,1,3,1,5,At Risk
C19421,28,23,1336.26,4,5,5,14,High Value
C19422,9,25,391.25,2,5,2,9,Potential Loyal
C19423,26,27,306.15,4,5,1,10,Loyal
C19424,13,22,831.56,2,4,4,10,Loyal
C19425,19,18,839.72,3,3,4,10,Loyal
C19428,24,12,1348.49,4,2,5,11,Loyal
C19429,29,16,1424.2,4,3,5,12,Loyal
C19430,32,4,475.4,5,1,3,9,Potential Loyal
C19432,4,26,483.07,1,5,3,9,Potential Loyal
C19433,6,12,349.7,1,2,1,4,Low Engagement
C19437,0,14,314.16,1,2,1,4,Low Engagement
C19438,10,21,458.6,2,4,2,8,Potential Loyal
C19439,5,23,401.15,1,5,2,8,Potential Loyal
C19440,34,9,368.09,5,1,1,7,Potential Loyal
C19441,19,18,356.98,3,3,1,7,Potential Loyal
C19443,5,12,640.06,1,2,3,6,At Risk
C19444,17,23,695.37,3,5,3,11,Loyal
C19445,15,16,861.87,2,3,4,9,Potential Loyal
C19446,5,30,789.54,1,5,4,10,Loyal
C19447,19,6,410.22,3,1,2,6,At Risk
C19448,7,10,620.29,1,2,3,6,At Risk
C19449,3,18,363.22,1,3,1,5,At Risk
C19450,6,17,1439.38,1,3,5,9,Potential Loyal
C19452,0,23,707.5,1,5,3,9,Potential Loyal
C19453,20,14,712.44,3,2,3,8,Potential Loyal
C19454,2,5,405.07,1,1,2,4,Low Engagement
C19455,12,12,487.91,2,2,3,7,Potential Loyal
C19456,34,13,780.43,5,2,4,11,Loyal
C19457,4,19,714.25,1,4,3,8,Potential Loyal
C19458,23,15,1396.13,4,3,5,12,Loyal
C19460,28,23,1277.2,4,5,5,14,High Value
C19461,25,15,666.21,4,3,3,10,Loyal
C19463,31,27,718.94,5,5,3,13,High Value
C19464,17,26,419.32,3,5,2,10,Loyal
C19465,0,21,1400.71,1,4,5,10,Loyal
C19466,30,14,672.71,5,2,3,10,Loyal
C19467,3,1,1343.33,1,1,5,7,Potential Loyal
C19469,15,18,690.82,2,3,3,8,Potential Loyal
C19470,31,25,1257.6,5,5,5,15,High Value
C19472,25,31,639.31,4,5,3,12,Loyal
C19474,10,23,449.45,2,5,2,9,Potential Loyal
C19475,25,21,1079.37,4,4,5,13,High Value
C19476,33,22,770.99,5,4,4,13,High Value
C19477,1,19,879.32,1,4,4,9,Potential Loyal
C19478,1,17,483.49,1,3,3,7,Potential Loyal
C19479,15,8,814.6,2,1,4,7,Potential Loyal
C19480,34,19,706.41,5,4,3,12,Loyal
C19481,26,22,633.0,4,4,3,11,Loyal
C19482,15,15,1318.48,2,3,5,10,Loyal
C19483,8,11,652.62,2,2,3,7,Potential Loyal
C19485,7,15,1218.43,1,3,5,9,Potential Loyal
C19487,12,11,385.55,2,2,1,5,At Risk
C19488,34,4,646.42,5,1,3,9,Potential Loyal
C19489,17,23,756.4,3,5,4,12,Loyal
C19490,11,23,1008.43,2,5,5,12,Loyal
C19491,13,12,427.37,2,2,2,6,At Risk
C19493,15,10,1005.36,2,2,4,8,Potential Loyal
C19494,2,26,1450.26,1,5,5,11,Loyal
C19495,30,26,772.08,5,5,4,14,High Value
C19497,23,5,314.72,4,1,1,6,At Risk
C19498,26,24,1407.56,4,5,5,14,High Value
C19499,34,5,1215.94,5,1,5,11,Loyal
C19501,18,10,491.82,3,2,3,8,Potential Loyal
C19503,25,7,429.42,4,1,2,7,Potential Loyal
C19505,18,1,1172.35,3,1,5,9,Potential Loyal
C19506,17,5,1230.9,3,1,5,9,Potential Loyal
C19507,11,19,390.57,2,4,2,8,Potential Loyal
C19508,17,29,814.49,3,5,4,12,Loyal
C19512,18,2,445.28,3,1,2,6,At Risk
C19513,24,15,724.96,4,3,3,10,Loyal
C19515,6,11,1083.21,1,2,5,8,Potential Loyal
C19518,13,3,326.27,2,1,1,4,Low Engagement
C19519,16,16,1017.62,3,3,5,11,Loyal
C19520,21,27,486.01,3,5,3,11,Loyal
C19521,18,11,381.29,3,2,1,6,At Risk
C19525,12,0,358.38,2,1,1,4,Low Engagement
C19527,12,20,436.4,2,4,2,8,Potential Loyal
C19530,5,22,655.59,1,4,3,8,Potential Loyal
C19533,19,13,350.55,3,2,1,6,At Risk
C19534,16,14,820.53,3,2,4,9,Potential Loyal
C19535,28,10,498.95,4,2,3,9,Potential Loyal
C19536,18,18,496.7,3,3,3,9,Potential Loyal
C19537,17,6,860.38,3,1,4,8,Potential Loyal
C19538,3,17,429.21,1,3,2,6,At Risk
C19540,9,17,775.65,2,3,4,9,Potential Loyal
C19541,14,15,1431.93,2,3,5,10,Loyal
C19543,36,25,390.84,5,5,2,12,Loyal
C19544,35,8,699.52,5,1,3,9,Potential Loyal
C19547,26,17,393.38,4,3,2,9,Potential Loyal
C19548,7,28,411.02,1,5,2,8,Potential Loyal
C19550,11,18,372.94,2,3,1,6,At Risk
C19551,31,25,401.65,5,5,2,12,Loyal
C19552,2,15,347.46,1,3,1,5,At Risk
C19553,27,4,702.98,4,1,3,8,Potential Loyal
C19554,19,22,488.32,3,4,3,10,Loyal
C19555,7,4,441.87,1,1,2,4,Low Engagement
C19556,31,13,366.91,5,2,1,8,Potential Loyal
C19557,24,7,369.03,4,1,1,6,At Risk
C19558,0,21,789.17,1,4,4,9,Potential Loyal
C19559,25,23,395.61,4,5,2,11,Loyal
C19561,10,4,1191.11,2,1,5,8,Potential Loyal
C19562,21,18,397.17,3,3,2,8,Potential Loyal
C19563,7,30,448.49,1,5,2,8,Potential Loyal
C19564,19,22,491.11,3,4,3,10,Loyal
C19567,12,8,353.8,2,1,1,4,Low Engagement
C19568,13,28,1274.67,2,5,5,12,Loyal
C19569,16,27,329.25,3,5,1,9,Potential Loyal
C19570,28,17,1489.87,4,3,5,12,Loyal
C19571,26,13,799.12,4,2,4,10,Loyal
C19573,31,12,768.11,5,2,4,11,Loyal
C19574,33,9,853.05,5,1,4,10,Loyal
C19575,16,20,388.64,3,4,2,9,Potential Loyal
C19576,29,14,883.78,4,2,4,10,Loyal
C19578,28,19,374.72,4,4,1,9,Potential Loyal
C19579,11,7,411.14,2,1,2,5,At Risk
C19580,33,18,1373.86,5,3,5,13,High Value
C19581,14,14,826.13,2,2,4,8,Potential Loyal
C19583,14,7,492.1,2,1,3,6,At Risk
C19584,14,11,476.1,2,2,3,7,Potential Loyal
C19585,29,18,383.04,4,3,1,8,Potential Loyal
C19586,22,19,480.59,3,4,3,10,Loyal
C19587,0,19,442.33,1,4,2,7,Potential Loyal
C19590,21,20,762.15,3,4,4,11,Loyal
C19591,14,28,445.87,2,5,2,9,Potential Loyal
C19593,35,17,1292.62,5,3,5,13,High Value
C19595,22,14,432.96,3,2,2,7,Potential Loyal
C19596,30,27,1151.23,5,5,5,15,High Value
C19597,22,18,486.99,3,3,3,9,Potential Loyal
C19598,34,12,1311.9,5,2,5,12,Loyal
C19599,0,20,454.67,1,4,2,7,Potential Loyal
C19600,33,15,787.89,5,3,4,12,Loyal
C19601,17,18,363.61,3,3,1,7,Potential Loyal
C19602,11,5,666.39,2,1,3,6,At Risk
C19603,20,15,612.6,3,3,3,9,Potential Loyal
C19604,31,9,726.07,5,1,3,9,Potential Loyal
C19605,30,16,459.71,5,3,2,10,Loyal
C19606,0,24,1428.02,1,5,5,11,Loyal
C19609,32,0,1215.0,5,1,5,11,Loyal
C19611,35,23,638.85,5,5,3,13,High Value
C19613,1,29,494.6,1,5,3,9,Potential Loyal
C19614,7,9,407.15,1,1,2,4,Low Engagement
C19615,21,15,716.56,3,3,3,9,Potential Loyal
C19618,13,22,307.79,2,4,1,7,Potential Loyal
C19619,17,6,883.96,3,1,4,8,Potential Loyal
C19620,27,9,693.51,4,1,3,8,Potential Loyal
C19622,26,14,369.6,4,2,1,7,Potential Loyal
C19624,9,10,495.49,2,2,3,7,Potential Loyal
C19625,26,7,828.56,4,1,4,9,Potential Loyal
C19626,32,24,1268.97,5,5,5,15,High Value
C19627,29,16,315.1,4,3,1,8,Potential Loyal
C19628,12,22,789.46,2,4,4,10,Loyal
C19629,34,9,779.55,5,1,4,10,Loyal
C19630,16,26,389.52,3,5,2,10,Loyal
C19632,34,15,1104.87,5,3,5,13,High Value
C19634,18,2,671.23,3,1,3,7,Potential Loyal
C19635,27,25,663.02,4,5,3,12,Loyal
C19636,27,9,301.79,4,1,1,6,At Risk
C19637,9,20,805.86,2,4,4,10,Loyal
C19638,28,12,1281.91,4,2,5,11,Loyal
C19639,30,17,836.83,5,3,4,12,Loyal
C19640,22,21,1496.2,3,4,5,12,Loyal
C19642,24,19,853.52,4,4,4,12,Loyal
C19643,18,20,886.44,3,4,4,11,Loyal
C19645,24,1,711.21,4,1,3,8,Potential Loyal
C19647,18,18,1375.07,3,3,5,11,Loyal
C19648,1,14,1364.67,1,2,5,8,Potential Loyal
C19650,19,30,343.41,3,5,1,9,Potential Loyal
C19651,34,7,634.63,5,1,3,9,Potential Loyal
C19652,26,20,1160.91,4,4,5,13,High Value
C19653,24,21,477.91,4,4,3,11,Loyal
C19654,31,6,365.36,5,1,1,7,Potential Loyal
C19655,24,11,886.22,4,2,4,10,Loyal
C19656,26,12,311.4,4,2,1,7,Potential Loyal
C19658,13,3,329.19,2,1,1,4,Low Engagement
C19659,7,20,339.96,1,4,1,6,At Risk
C19660,20,7,331.56,3,1,1,5,At Risk
C19662,27,21,779.1,4,4,4,12,Loyal
C19663,32,11,704.18,5,2,3,10,Loyal
C19664,24,17,362.64,4,3,1,8,Potential Loyal
C19666,3,3,406.22,1,1,2,4,Low Engagement
C19667,32,19,342.9,5,4,1,10,Loyal
C19668,10,7,393.39,2,1,2,5,At Risk
C19669,13,15,682.76,2,3,3,8,Potential Loyal
C19671,0,5,1284.6,1,1,5,7,Potential Loyal
C19672,17,17,373.54,3,3,1,7,Potential Loyal
C19673,7,11,873.53,1,2,4,7,Potential Loyal
C19674,15,16,707.56,2,3,3,8,Potential Loyal
C19677,2,16,1139.94,1,3,5,9,Potential Loyal
C19678,34,0,621.79,5,1,3,9,Potential Loyal
C19680,8,23,329.25,2,5,1,8,Potential Loyal
C19681,18,8,1080.07,3,1,5,9,Potential Loyal
C19682,17,19,863.95,3,4,4,11,Loyal
C19683,7,12,478.65,1,2,3,6,At Risk
C19686,23,10,358.96,4,2,1,7,Potential Loyal
C19687,18,13,1375.04,3,2,5,10,Loyal
C19688,28,20,428.84,4,4,2,10,Loyal
C19689,2,11,489.7,1,2,3,6,At Risk
C19690,25,9,692.79,4,1,3,8,Potential Loyal
C19692,26,5,314.65,4,1,1,6,At Risk
C19694,15,24,1159.44,2,5,5,12,Loyal
C19696,27,9,1451.68,4,1,5,10,Loyal
C19697,10,23,705.23,2,5,3,10,Loyal
C19698,9,20,478.41,2,4,3,9,Potential Loyal
C19699,22,0,406.85,3,1,2,6,At Risk
C19700,33,12,1380.72,5,2,5,12,Loyal
C19705,2,21,442.41,1,4,2,7,Potential Loyal
C19706,10,32,848.24,2,5,4,11,Loyal
C19707,6,7,392.05,1,1,2,4,Low Engagement
C19708,12,8,613.31,2,1,3,6,At Risk
C19709,10,23,1034.61,2,5,5,12,Loyal
C19710,21,7,439.56,3,1,2,6,At Risk
C19711,27,25,630.94,4,5,3,12,Loyal
C19712,1,28,1380.76,1,5,5,11,Loyal
C19713,6,8,708.66,1,1,3,5,At Risk
C19714,20,25,725.24,3,5,3,11,Loyal
C19715,34,6,1482.38,5,1,5,11,Loyal
C19716,11,25,834.68,2,5,4,11,Loyal
C19717,1,21,770.47,1,4,4,9,Potential Loyal
C19718,9,25,893.4,2,5,4,11,Loyal
C19719,28,26,435.36,4,5,2,11,Loyal
C19720,9,22,813.39,2,4,4,10,Loyal
C19721,30,9,716.75,5,1,3,9,Potential Loyal
C19723,22,8,323.34,3,1,1,5,At Risk
C19724,23,12,1302.89,4,2,5,11,Loyal
C19725,7,22,442.78,1,4,2,7,Potential Loyal
C19727,29,13,656.53,4,2,3,9,Potential Loyal
C19729,6,13,622.63,1,2,3,6,At Risk
C19730,6,18,655.26,1,3,3,7,Potential Loyal
C19731,34,11,853.58,5,2,4,11,Loyal
C19732,16,5,444.75,3,1,2,6,At Risk
C19733,4,14,826.32,1,2,4,7,Potential Loyal
C19734,34,21,487.36,5,4,3,12,Loyal
C19735,28,17,301.83,4,3,1,8,Potential Loyal
C19739,10,22,301.72,2,4,1,7,Potential Loyal
C19740,26,12,477.39,4,2,3,9,Potential Loyal
C19741,34,25,430.59,5,5,2,12,Loyal
C19742,31,18,1197.17,5,3,5,13,High Value
C19743,21,17,605.54,3,3,3,9,Potential Loyal
C19745,32,23,851.79,5,5,4,14,High Value
C19748,2,5,452.83,1,1,2,4,Low Engagement
C19749,32,19,454.22,5,4,2,11,Loyal
C19750,16,11,311.89,3,2,1,6,At Risk
C19751,9,23,728.29,2,5,3,10,Loyal
C19752,4,8,411.47,1,1,2,4,Low Engagement
C19753,22,18,389.52,3,3,2,8,Potential Loyal
C19754,6,17,432.6,1,3,2,6,At Risk
C19756,13,20,779.79,2,4,4,10,Loyal
C19757,26,27,745.26,4,5,4,13,High Value
C19759,17,11,1477.39,3,2,5,10,Loyal
C19760,2,18,325.8,1,3,1,5,At Risk
C19762,5,0,782.77,1,1,4,6,At Risk
C19763,32,12,1432.35,5,2,5,12,Loyal
C19764,20,11,844.67,3,2,4,9,Potential Loyal
C19765,11,29,687.31,2,5,3,10,Loyal
C19766,36,14,471.37,5,2,2,9,Potential Loyal
C19767,4,22,1303.79,1,4,5,10,Loyal
C19769,8,8,404.5,2,1,2,5,At Risk
C19770,25,8,1408.22,4,1,5,10,Loyal
C19771,31,21,1293.57,5,4,5,14,High Value
C19772,25,19,324.23,4,4,1,9,Potential Loyal
C19773,25,10,697.2,4,2,3,9,Potential Loyal
C19774,0,4,327.34,1,1,1,3,Low Engagement
C19775,29,21,1096.85,4,4,5,13,High Value
C19776,25,0,1446.75,4,1,5,10,Loyal
C19777,35,23,675.51,5,5,3,13,High Value
C19779,34,18,458.11,5,3,2,10,Loyal
C19780,15,23,422.09,2,5,2,9,Potential Loyal
C19781,33,22,359.31,5,4,1,10,Loyal
C19782,5,16,885.54,1,3,4,8,Potential Loyal
C19783,21,13,700.52,3,2,3,8,Potential Loyal
C19784,33,12,846.05,5,2,4,11,Loyal
C19785,2,6,681.32,1,1,3,5,At Risk
C19786,26,3,323.88,4,1,1,6,At Risk
C19787,23,19,818.47,4,4,4,12,Loyal
C19788,27,32,304.27,4,5,1,10,Loyal
C19789,24,29,696.81,4,5,3,12,Loyal
C19791,6,17,353.01,1,3,1,5,At Risk
C19792,15,31,1263.44,2,5,5,12,Loyal
C19793,6,11,662.57,1,2,3,6,At Risk
C19794,13,12,688.12,2,2,3,7,Potential Loyal
C19795,10,11,745.04,2,2,4,8,Potential Loyal
C19797,21,19,756.54,3,4,4,11,Loyal
C19798,2,20,478.68,1,4,3,8,Potential Loyal
C19800,28,27,826.6,4,5,4,13,High Value
C19801,35,21,307.01,5,4,1,10,Loyal
C19802,16,14,350.89,3,2,1,6,At Risk
C19804,12,25,338.91,2,5,1,8,Potential Loyal
C19805,9,29,424.98,2,5,2,9,Potential Loyal
C19806,31,7,395.65,5,1,2,8,Potential Loyal
C19807,27,23,1167.14,4,5,5,14,High Value
C19810,15,10,474.51,2,2,2,6,At Risk
C19811,8,31,1184.12,2,5,5,12,Loyal
C19812,30,25,340.82,5,5,1,11,Loyal
C19813,16,25,427.08,3,5,2,10,Loyal
C19815,24,20,795.86,4,4,4,12,Loyal
C19816,21,3,1364.25,3,1,5,9,Potential Loyal
C19817,21,19,610.37,3,4,3,10,Loyal
C19818,14,9,1252.71,2,1,5,8,Potential Loyal
C19819,13,12,426.79,2,2,2,6,At Risk
C19821,10,19,668.96,2,4,3,9,Potential Loyal
C19822,23,23,454.13,4,5,2,11,Loyal
C19825,11,11,383.44,2,2,1,5,At Risk
C19826,17,22,466.82,3,4,2,9,Potential Loyal
C19829,15,10,647.19,2,2,3,7,Potential Loyal
C19830,25,13,1248.31,4,2,5,11,Loyal
C19831,35,20,674.68,5,4,3,12,Loyal
C19832,9,9,1485.52,2,1,5,8,Potential Loyal
C19833,9,10,459.52,2,2,2,6,At Risk
C19834,11,9,790.22,2,1,4,7,Potential Loyal
C19836,31,10,476.28,5,2,3,10,Loyal
C19837,6,7,1122.34,1,1,5,7,Potential Loyal
C19838,16,11,691.96,3,2,3,8,Potential Loyal
C19839,17,12,364.46,3,2,1,6,At Risk
C19840,12,18,858.84,2,3,4,9,Potential Loyal
C19842,21,17,1385.04,3,3,5,11,Loyal
C19843,22,29,377.56,3,5,1,9,Potential Loyal
C19844,21,29,467.03,3,5,2,10,Loyal
C19846,22,12,1257.06,3,2,5,10,Loyal
C19847,7,15,415.02,1,3,2,6,At Risk
C19848,31,24,1154.45,5,5,5,15,High Value
C19849,35,22,707.42,5,4,3,12,Loyal
C19851,16,7,1432.45,3,1,5,9,Potential Loyal
C19852,16,26,836.89,3,5,4,12,Loyal
C19853,13,32,1208.92,2,5,5,12,Loyal
C19855,32,2,719.95,5,1,3,9,Potential Loyal
C19856,31,19,656.51,5,4,3,12,Loyal
C19857,23,21,701.46,4,4,3,11,Loyal
C19858,8,12,714.08,2,2,3,7,Potential Loyal
C19859,28,12,325.02,4,2,1,7,Potential Loyal
C19860,1,16,673.3,1,3,3,7,Potential Loyal
C19861,13,17,642.7,2,3,3,8,Potential Loyal
C19862,35,5,320.68,5,1,1,7,Potential Loyal
C19863,34,25,722.23,5,5,3,13,High Value
C19864,31,18,683.75,5,3,3,11,Loyal
C19868,6,19,383.44,1,4,1,6,At Risk
C19869,2,8,1112.36,1,1,5,7,Potential Loyal
C19871,2,11,321.23,1,2,1,4,Low Engagement
C19872,15,26,412.3,2,5,2,9,Potential Loyal
C19873,10,7,893.8,2,1,4,7,Potential Loyal
C19875,34,7,302.35,5,1,1,7,Potential Loyal
C19876,21,26,456.04,3,5,2,10,Loyal
C19877,8,25,707.11,2,5,3,10,Loyal
C19881,17,21,340.77,3,4,1,8,Potential Loyal
C19882,3,25,384.7,1,5,1,7,Potential Loyal
C19883,17,35,891.77,3,5,4,12,Loyal
C19884,20,19,316.38,3,4,1,8,Potential Loyal
C19886,7,26,852.31,1,5,4,10,Loyal
C19887,27,25,440.35,4,5,2,11,Loyal
C19888,23,25,1304.38,4,5,5,14,High Value
C19891,2,4,468.65,1,1,2,4,Low Engagement
C19892,32,16,639.07,5,3,3,11,Loyal
C19893,13,18,323.3,2,3,1,6,At Risk
C19894,16,3,311.18,3,1,1,5,At Risk
C19897,21,21,793.49,3,4,4,11,Loyal
C19898,31,16,485.13,5,3,3,11,Loyal
C19899,15,13,767.03,2,2,4,8,Potential Loyal
C19900,8,29,753.89,2,5,4,11,Loyal
C19901,4,24,403.11,1,5,2,8,Potential Loyal
C19902,6,1,423.84,1,1,2,4,Low Engagement
C19903,7,5,673.33,1,1,3,5,At Risk
C19904,1,12,632.24,1,2,3,6,At Risk
C19905,23,18,818.82,4,3,4,11,Loyal
C19906,24,18,662.85,4,3,3,10,Loyal
C19908,30,7,1385.98,5,1,5,11,Loyal
C19909,25,19,370.86,4,4,1,9,Potential Loyal
C19910,27,21,443.6,4,4,2,10,Loyal
C19911,11,14,746.73,2,2,4,8,Potential Loyal
C19914,23,9,887.59,4,1,4,9,Potential Loyal
C19915,32,14,800.77,5,2,4,11,Loyal
C19916,10,24,1436.01,2,5,5,12,Loyal
C19917,20,8,684.3,3,1,3,7,Potential Loyal
C19918,9,12,452.56,2,2,2,6,At Risk
C19919,18,26,343.11,3,5,1,9,Potential Loyal
C19920,27,26,434.7,4,5,2,11,Loyal
C19921,0,9,395.12,1,1,2,4,Low Engagement
C19922,15,4,346.17,2,1,1,4,Low Engagement
C19923,7,20,783.18,1,4,4,9,Potential Loyal
C19924,1,8,667.84,1,1,3,5,At Risk
C19925,3,8,852.22,1,1,4,6,At Risk
C19927,23,4,1206.22,4,1,5,10,Loyal
C19928,16,23,466.76,3,5,2,10,Loyal
C19929,0,14,437.11,1,2,2,5,At Risk
C19930,4,12,342.09,1,2,1,4,Low Engagement
C19933,6,19,456.47,1,4,2,7,Potential Loyal
C19934,31,17,371.56,5,3,1,9,Potential Loyal
C19936,28,11,306.04,4,2,1,7,Potential Loyal
C19937,19,27,491.23,3,5,3,11,Loyal
C19941,10,0,396.43,2,1,2,5,At Risk
C19942,16,4,465.41,3,1,2,6,At Risk
C19945,19,13,495.13,3,2,3,8,Potential Loyal
C19947,19,21,655.54,3,4,3,10,Loyal
C19948,1,29,698.49,1,5,3,9,Potential Loyal
C19949,27,5,1306.43,4,1,5,10,Loyal
C19950,22,5,665.43,3,1,3,7,Potential Loyal
C19951,8,19,485.91,2,4,3,9,Potential Loyal
C19952,29,19,766.3,4,4,4,12,Loyal
C19953,19,3,853.53,3,1,4,8,Potential Loyal
C19954,9,18,307.21,2,3,1,6,At Risk
C19955,15,13,738.95,2,2,4,8,Potential Loyal
C19956,26,24,730.24,4,5,4,13,High Value
C19957,27,24,616.59,4,5,3,12,Loyal
C19958,31,28,656.9,5,5,3,13,High Value
C19959,11,23,892.57,2,5,4,11,Loyal
C19962,5,0,1496.28,1,1,5,7,Potential Loyal
C19963,30,4,894.33,5,1,4,10,Loyal
C19966,21,7,1373.98,3,1,5,9,Potential Loyal
C19967,23,16,306.59,4,3,1,8,Potential Loyal
C19969,21,7,422.62,3,1,2,6,At Risk
C19970,25,2,1356.37,4,1,5,10,Loyal
C19971,23,20,464.49,4,4,2,10,Loyal
C19972,8,19,318.83,2,4,1,7,Potential Loyal
C19973,5,18,481.42,1,3,3,7,Potential Loyal
C19974,10,21,707.72,2,4,3,9,Potential Loyal
C19977,35,26,404.42,5,5,2,12,Loyal
C19978,30,9,359.41,5,1,1,7,Potential Loyal
C19979,17,13,858.34,3,2,4,9,Potential Loyal
C19980,24,21,410.54,4,4,2,10,Loyal
C19982,27,25,712.06,4,5,3,12,Loyal
C19984,26,21,487.97,4,4,3,11,Loyal
C19985,22,18,845.84,3,3,4,10,Loyal
C19988,10,0,321.28,2,1,1,4,Low Engagement
C19990,17,11,677.89,3,2,3,8,Potential Loyal
C19992,16,10,314.64,3,2,1,6,At Risk
C19993,22,12,420.53,3,2,2,7,Potential Loyal
C19995,22,21,708.91,3,4,3,10,Loyal
C20000,21,14,1255.69,3,2,5,10,Loyal
C20002,13,23,772.57,2,5,4,11,Loyal
C20004,22,4,794.53,3,1,4,8,Potential Loyal
C20006,23,10,1117.0,4,2,5,11,Loyal
C20007,25,19,865.28,4,4,4,12,Loyal
C20008,1,11,309.68,1,2,1,4,Low Engagement
C20010,19,4,302.02,3,1,1,5,At Risk
C20011,31,21,846.17,5,4,4,13,High Value
C20012,24,12,894.26,4,2,4,10,Loyal
C20013,26,18,1168.75,4,3,5,12,Loyal
C20014,30,20,650.31,5,4,3,12,Loyal
C20016,14,21,409.4,2,4,2,8,Potential Loyal
C20017,18,10,468.77,3,2,2,7,Potential Loyal
C20018,15,6,345.82,2,1,1,4,Low Engagement
C20019,22,14,456.94,3,2,2,7,Potential Loyal
C20020,9,14,486.77,2,2,3,7,Potential Loyal
C20021,35,23,407.51,5,5,2,12,Loyal
C20025,19,18,1179.44,3,3,5,11,Loyal
C20027,26,20,399.1,4,4,2,10,Loyal
C20029,17,7,771.83,3,1,4,8,Potential Loyal
C20030,10,10,606.84,2,2,3,7,Potential Loyal
C20033,3,30,371.49,1,5,1,7,Potential Loyal
C20034,13,23,783.63,2,5,4,11,Loyal
C20037,25,3,1403.6,4,1,5,10,Loyal
C20038,28,17,1334.92,4,3,5,12,Loyal
C20039,31,13,751.05,5,2,4,11,Loyal
C20041,7,17,1467.15,1,3,5,9,Potential Loyal
C20042,10,19,693.36,2,4,3,9,Potential Loyal
C20043,19,24,1049.36,3,5,5,13,High Value
C20045,22,23,622.85,3,5,3,11,Loyal
C20046,24,30,890.85,4,5,4,13,High Value
C20047,16,25,887.36,3,5,4,12,Loyal
C20048,17,7,379.59,3,1,1,5,At Risk
C20049,32,14,418.96,5,2,2,9,Potential Loyal
C20050,35,8,349.05,5,1,1,7,Potential Loyal
C20051,0,11,337.68,1,2,1,4,Low Engagement
C20052,11,0,879.48,2,1,4,7,Potential Loyal
C20053,27,14,365.17,4,2,1,7,Potential Loyal
C20054,25,12,389.87,4,2,2,8,Potential Loyal
C20055,35,19,823.38,5,4,4,13,High Value
C20057,31,16,309.7,5,3,1,9,Potential Loyal
C20058,25,23,373.47,4,5,1,10,Loyal
C20059,32,7,328.18,5,1,1,7,Potential Loyal
C20061,31,4,690.07,5,1,3,9,Potential Loyal
C20062,9,18,484.15,2,3,3,8,Potential Loyal
C20063,31,11,306.51,5,2,1,8,Potential Loyal
C20064,16,5,1077.19,3,1,5,9,Potential Loyal
C20065,3,7,677.92,1,1,3,5,At Risk
C20066,16,23,891.73,3,5,4,12,Loyal
C20069,33,19,440.08,5,4,2,11,Loyal
C20070,31,10,378.78,5,2,1,8,Potential Loyal
C20071,3,23,801.19,1,5,4,10,Loyal
C20073,10,19,743.93,2,4,4,10,Loyal
C20074,10,18,612.28,2,3,3,8,Potential Loyal
C20075,31,28,366.21,5,5,1,11,Loyal
C20076,5,18,1343.07,1,3,5,9,Potential Loyal
C20077,8,22,1079.19,2,4,5,11,Loyal
C20078,34,4,885.26,5,1,4,10,Loyal
C20079,24,19,1076.21,4,4,5,13,High Value
C20080,21,13,457.33,3,2,2,7,Potential Loyal
C20081,13,6,316.8,2,1,1,4,Low Engagement
C20083,17,26,458.47,3,5,2,10,Loyal
C20084,12,5,416.86,2,1,2,5,At Risk
C20086,21,16,748.13,3,3,4,10,Loyal
C20087,9,15,450.83,2,3,2,7,Potential Loyal
C20088,1,10,1130.65,1,2,5,8,Potential Loyal
C20089,30,20,820.45,5,4,4,13,High Value
C20090,22,13,327.52,3,2,1,6,At Risk
C20091,25,30,431.77,4,5,2,11,Loyal
C20093,15,12,668.3,2,2,3,7,Potential Loyal
C20095,16,17,388.73,3,3,2,8,Potential Loyal
C20096,17,14,860.79,3,2,4,9,Potential Loyal
C20097,22,11,421.2,3,2,2,7,Potential Loyal
C20099,7,19,445.73,1,4,2,7,Potential Loyal
C20100,13,19,308.6,2,4,1,7,Potential Loyal
C20101,26,22,328.72,4,4,1,9,Potential Loyal
C20102,21,12,384.18,3,2,1,6,At Risk
C20103,4,21,391.06,1,4,2,7,Potential Loyal
C20104,27,28,318.37,4,5,1,10,Loyal
C20105,7,9,862.78,1,1,4,6,At Risk
C20106,9,15,791.14,2,3,4,9,Potential Loyal
C20108,27,14,371.34,4,2,1,7,Potential Loyal
C20110,25,11,314.39,4,2,1,7,Potential Loyal
C20113,14,8,741.75,2,1,4,7,Potential Loyal
C20114,20,31,1091.06,3,5,5,13,High Value
C20115,33,29,1263.2,5,5,5,15,High Value
C20116,24,21,1412.48,4,4,5,13,High Value
C20117,6,14,784.07,1,2,4,7,Potential Loyal
C20118,31,15,326.6,5,3,1,9,Potential Loyal
C20119,11,15,398.28,2,3,2,7,Potential Loyal
C20121,12,10,482.55,2,2,3,7,Potential Loyal
C20122,32,17,805.34,5,3,4,12,Loyal
C20123,11,11,866.15,2,2,4,8,Potential Loyal
C20124,5,10,355.89,1,2,1,4,Low Engagement
C20125,20,13,408.65,3,2,2,7,Potential Loyal
C20126,17,5,744.55,3,1,4,8,Potential Loyal
C20127,14,25,656.02,2,5,3,10,Loyal
C20128,5,23,385.77,1,5,1,7,Potential Loyal
C20130,8,17,865.02,2,3,4,9,Potential Loyal
C20133,17,21,372.73,3,4,1,8,Potential Loyal
C20134,19,15,436.14,3,3,2,8,Potential Loyal
C20138,22,16,718.05,3,3,3,9,Potential Loyal
C20139,16,11,401.95,3,2,2,7,Potential Loyal
C20142,18,5,870.84,3,1,4,8,Potential Loyal
C20143,16,10,1451.84,3,2,5,10,Loyal
C20144,33,16,739.37,5,3,4,12,Loyal
C20145,25,17,780.21,4,3,4,11,Loyal
C20146,23,21,498.89,4,4,3,11,Loyal
C20147,30,20,793.72,5,4,4,13,High Value
C20148,15,18,319.82,2,3,1,6,At Risk
C20150,18,16,604.86,3,3,3,9,Potential Loyal
C20151,8,11,860.2,2,2,4,8,Potential Loyal
C20153,2,26,413.71,1,5,2,8,Potential Loyal
C20155,31,11,442.45,5,2,2,9,Potential Loyal
C20157,33,24,866.02,5,5,4,14,High Value
C20158,1,16,1161.93,1,3,5,9,Potential Loyal
C20159,9,18,367.24,2,3,1,6,At Risk
C20160,8,6,418.49,2,1,2,5,At Risk
C20161,27,13,1045.76,4,2,5,11,Loyal
C20163,14,19,606.73,2,4,3,9,Potential Loyal
C20164,32,22,686.54,5,4,3,12,Loyal
C20165,28,10,861.48,4,2,4,10,Loyal
C20166,34,13,643.41,5,2,3,10,Loyal
C20167,12,0,458.38,2,1,2,5,At Risk
C20169,31,29,1413.57,5,5,5,15,High Value
C20170,14,11,1397.55,2,2,5,9,Potential Loyal
C20172,30,16,786.1,5,3,4,12,Loyal
C20174,32,14,756.26,5,2,4,11,Loyal
C20175,1,27,345.81,1,5,1,7,Potential Loyal
C20176,20,21,418.57,3,4,2,9,Potential Loyal
C20178,9,16,421.99,2,3,2,7,Potential Loyal
C20179,33,2,1261.64,5,1,5,11,Loyal
C20180,30,21,1391.05,5,4,5,14,High Value
C20181,25,20,366.4,4,4,1,9,Potential Loyal
C20183,28,8,335.13,4,1,1,6,At Risk
C20184,20,18,616.53,3,3,3,9,Potential Loyal
C20185,19,11,374.93,3,2,1,6,At Risk
C20186,21,2,341.69,3,1,1,5,At Risk
C20187,13,23,330.47,2,5,1,8,Potential Loyal
C20189,21,21,1361.18,3,4,5,12,Loyal
C20190,15,3,648.11,2,1,3,6,At Risk
C20191,3,15,638.7,1,3,3,7,Potential Loyal
C20193,3,16,1443.31,1,3,5,9,Potential Loyal
C20194,21,20,360.16,3,4,1,8,Potential Loyal
C20196,35,20,816.61,5,4,4,13,High Value
C20198,5,6,1022.64,1,1,5,7,Potential Loyal
C20199,21,24,494.28,3,5,3,11,Loyal
C20200,13,10,635.91,2,2,3,7,Potential Loyal
C20201,27,12,1346.22,4,2,5,11,Loyal
C20202,29,10,887.88,4,2,4,10,Loyal
C20203,28,0,614.9,4,1,3,8,Potential Loyal
C20204,31,21,747.0,5,4,4,13,High Value
C20205,22,16,790.55,3,3,4,10,Loyal
C20206,19,12,320.37,3,2,1,6,At Risk
C20207,17,16,447.03,3,3,2,8,Potential Loyal
C20209,16,24,479.02,3,5,3,11,Loyal
C20211,19,11,788.23,3,2,4,9,Potential Loyal
C20212,15,15,601.41,2,3,3,8,Potential Loyal
C20213,12,25,725.84,2,5,3,10,Loyal
C20215,17,23,894.59,3,5,4,12,Loyal
C20217,12,8,1455.39,2,1,5,8,Potential Loyal
C20218,5,17,494.57,1,3,3,7,Potential Loyal
C20219,3,16,741.67,1,3,4,8,Potential Loyal
C20220,29,16,605.77,4,3,3,10,Loyal
C20222,26,19,469.23,4,4,2,10,Loyal
C20223,6,17,364.18,1,3,1,5,At Risk
C20224,0,7,300.26,1,1,1,3,Low Engagement
C20226,3,19,435.66,1,4,2,7,Potential Loyal
C20227,33,8,409.29,5,1,2,8,Potential Loyal
C20229,31,19,473.32,5,4,2,11,Loyal
C20230,11,17,330.37,2,3,1,6,At Risk
C20232,36,15,310.83,5,3,1,9,Potential Loyal
C20233,14,32,818.09,2,5,4,11,Loyal
C20235,8,7,886.88,2,1,4,7,Potential Loyal
C20236,10,4,408.77,2,1,2,5,At Risk
C20237,4,3,1194.0,1,1,5,7,Potential Loyal
C20240,21,3,321.37,3,1,1,5,At Risk
C20243,1,22,496.74,1,4,3,8,Potential Loyal
C20244,33,12,1057.7,5,2,5,12,Loyal
C20245,24,15,385.15,4,3,1,8,Potential Loyal
C20246,28,7,1494.68,4,1,5,10,Loyal
C20247,3,11,383.85,1,2,1,4,Low Engagement
C20248,25,25,745.81,4,5,4,13,High Value
C20249,13,20,601.8,2,4,3,9,Potential Loyal
C20251,2,16,884.81,1,3,4,8,Potential Loyal
C20252,22,0,1047.15,3,1,5,9,Potential Loyal
C20253,34,22,334.0,5,4,1,10,Loyal
C20255,17,14,335.11,3,2,1,6,At Risk
C20258,29,23,1289.85,4,5,5,14,High Value
C20259,28,12,406.66,4,2,2,8,Potential Loyal
C20261,16,12,1091.11,3,2,5,10,Loyal
C20263,4,18,1199.45,1,3,5,9,Potential Loyal
C20264,19,11,1186.24,3,2,5,10,Loyal
C20266,18,14,800.65,3,2,4,9,Potential Loyal
C20267,30,22,372.68,5,4,1,10,Loyal
C20268,36,3,752.14,5,1,4,10,Loyal
C20269,23,2,837.2,4,1,4,9,Potential Loyal
C20271,15,10,794.76,2,2,4,8,Potential Loyal
C20272,24,17,1380.96,4,3,5,12,Loyal
C20273,13,21,493.32,2,4,3,9,Potential Loyal
C20274,36,17,328.35,5,3,1,9,Potential Loyal
C20275,7,12,678.85,1,2,3,6,At Risk
C20277,5,6,843.11,1,1,4,6,At Risk
C20278,14,22,640.86,2,4,3,9,Potential Loyal
C20280,5,12,1368.24,1,2,5,8,Potential Loyal
C20281,15,29,800.23,2,5,4,11,Loyal
C20282,34,17,1330.66,5,3,5,13,High Value
C20283,0,15,735.93,1,3,4,8,Potential Loyal
C20284,9,8,335.32,2,1,1,4,Low Engagement
C20287,14,20,431.67,2,4,2,8,Potential Loyal
C20289,4,17,853.54,1,3,4,8,Potential Loyal
C20290,27,12,325.23,4,2,1,7,Potential Loyal
C20291,35,14,1065.24,5,2,5,12,Loyal
C20292,3,25,1388.07,1,5,5,11,Loyal
C20293,7,13,1374.23,1,2,5,8,Potential Loyal
C20294,30,13,802.3,5,2,4,11,Loyal
C20296,13,10,655.72,2,2,3,7,Potential Loyal
C20297,17,12,643.34,3,2,3,8,Potential Loyal
C20299,10,17,875.16,2,3,4,9,Potential Loyal
C20303,23,5,648.39,4,1,3,8,Potential Loyal
C20304,9,14,365.25,2,2,1,5,At Risk
C20305,3,17,317.64,1,3,1,5,At Risk
C20306,32,26,705.1,5,5,3,13,High Value
C20307,11,11,479.94,2,2,3,7,Potential Loyal
C20309,30,28,719.75,5,5,3,13,High Value
C20311,34,6,1131.83,5,1,5,11,Loyal
C20312,20,30,749.41,3,5,4,12,Loyal
C20314,29,11,340.89,4,2,1,7,Potential Loyal
C20316,0,3,1322.72,1,1,5,7,Potential Loyal
C20317,7,4,457.69,1,1,2,4,Low Engagement
C20318,1,19,625.09,1,4,3,8,Potential Loyal
C20320,26,5,329.75,4,1,1,6,At Risk
C20321,31,22,362.98,5,4,1,10,Loyal
C20323,35,11,492.12,5,2,3,10,Loyal
C20324,31,27,754.67,5,5,4,14,High Value
C20326,35,13,430.14,5,2,2,9,Potential Loyal
C20328,29,16,416.07,4,3,2,9,Potential Loyal
C20329,13,9,495.91,2,1,3,6,At Risk
C20332,11,18,497.05,2,3,3,8,Potential Loyal
C20333,24,9,744.44,4,1,4,9,Potential Loyal
C20334,21,12,333.12,3,2,1,6,At Risk
C20335,6,15,423.0,1,3,2,6,At Risk
C20336,24,19,757.23,4,4,4,12,Loyal
C20337,1,5,381.3,1,1,1,3,Low Engagement
C20338,27,15,1192.78,4,3,5,12,Loyal
C20340,23,12,744.77,4,2,4,10,Loyal
C20341,11,22,1143.98,2,4,5,11,Loyal
C20342,19,17,1343.19,3,3,5,11,Loyal
C20343,20,5,451.58,3,1,2,6,At Risk
C20344,22,9,398.9,3,1,2,6,At Risk
C20345,32,19,319.62,5,4,1,10,Loyal
C20347,13,24,865.61,2,5,4,11,Loyal
C20348,12,25,790.74,2,5,4,11,Loyal
C20349,0,8,646.82,1,1,3,5,At Risk
C20350,18,22,766.98,3,4,4,11,Loyal
C20351,23,8,478.0,4,1,3,8,Potential Loyal
C20355,16,20,1174.07,3,4,5,12,Loyal
C20358,21,13,488.33,3,2,3,8,Potential Loyal
C20359,15,8,815.5,2,1,4,7,Potential Loyal
C20362,4,23,1042.38,1,5,5,11,Loyal
C20363,2,21,342.94,1,4,1,6,At Risk
C20364,23,5,705.22,4,1,3,8,Potential Loyal
C20366,33,27,754.04,5,5,4,14,High Value
C20367,23,10,313.11,4,2,1,7,Potential Loyal
C20369,11,8,459.02,2,1,2,5,At Risk
C20371,14,11,461.61,2,2,2,6,At Risk
C20373,9,0,609.77,2,1,3,6,At Risk
C20374,19,7,471.4,3,1,2,6,At Risk
C20377,15,0,350.26,2,1,1,4,Low Engagement
C20378,29,16,1130.5,4,3,5,12,Loyal
C20379,21,22,685.38,3,4,3,10,Loyal
C20383,9,7,640.6,2,1,3,6,At Risk
C20384,10,31,619.92,2,5,3,10,Loyal
C20386,26,9,1066.57,4,1,5,10,Loyal
C20387,4,16,421.52,1,3,2,6,At Risk
C20388,25,13,401.02,4,2,2,8,Potential Loyal
C20392,26,15,1470.71,4,3,5,12,Loyal
C20393,28,7,729.5,4,1,4,9,Potential Loyal
C20394,10,15,402.49,2,3,2,7,Potential Loyal
C20395,3,11,678.94,1,2,3,6,At Risk
C20396,13,18,634.1,2,3,3,8,Potential Loyal
C20397,10,21,882.19,2,4,4,10,Loyal
C20398,26,0,1017.16,4,1,5,10,Loyal
C20399,19,10,766.43,3,2,4,9,Potential Loyal
C20400,6,3,623.03,1,1,3,5,At Risk
C20401,30,15,497.49,5,3,3,11,Loyal
C20402,31,5,618.0,5,1,3,9,Potential Loyal
C20403,25,21,740.57,4,4,4,12,Loyal
C20404,23,18,455.37,4,3,2,9,Potential Loyal
C20405,30,9,739.76,5,1,4,10,Loyal
C20406,7,15,1045.54,1,3,5,9,Potential Loyal
C20407,22,13,696.89,3,2,3,8,Potential Loyal
C20408,26,23,390.64,4,5,2,11,Loyal
C20409,32,18,636.13,5,3,3,11,Loyal
C20410,21,21,1359.22,3,4,5,12,Loyal
C20411,26,23,1407.99,4,5,5,14,High Value
C20414,33,17,417.34,5,3,2,10,Loyal
C20418,21,19,896.1,3,4,4,11,Loyal
C20419,21,9,425.65,3,1,2,6,At Risk
C20420,20,14,731.41,3,2,4,9,Potential Loyal
C20421,27,16,881.18,4,3,4,11,Loyal
C20423,17,16,422.34,3,3,2,8,Potential Loyal
C20425,17,12,618.26,3,2,3,8,Potential Loyal
C20426,32,17,490.49,5,3,3,11,Loyal
C20428,6,21,329.73,1,4,1,6,At Risk
C20429,5,13,323.51,1,2,1,4,Low Engagement
C20430,11,23,688.02,2,5,3,10,Loyal
C20431,9,6,441.9,2,1,2,5,At Risk
C20433,7,15,435.47,1,3,2,6,At Risk
C20434,35,28,1386.21,5,5,5,15,High Value
C20435,0,4,342.46,1,1,1,3,Low Engagement
C20437,4,22,348.25,1,4,1,6,At Risk
C20439,32,11,801.3,5,2,4,11,Loyal
C20440,27,11,351.46,4,2,1,7,Potential Loyal
C20441,0,0,1049.68,1,1,5,7,Potential Loyal
C20442,34,17,437.73,5,3,2,10,Loyal
C20443,9,0,345.16,2,1,1,4,Low Engagement
C20444,3,12,351.19,1,2,1,4,Low Engagement
C20445,31,3,602.1,5,1,3,9,Potential Loyal
C20446,32,7,365.57,5,1,1,7,Potential Loyal
C20447,14,25,384.23,2,5,1,8,Potential Loyal
C20448,24,18,365.79,4,3,1,8,Potential Loyal
C20449,29,9,498.44,4,1,3,8,Potential Loyal
C20450,16,15,1443.18,3,3,5,11,Loyal
C20451,35,30,689.77,5,5,3,13,High Value
C20454,34,14,1081.8,5,2,5,12,Loyal
C20455,9,3,672.94,2,1,3,6,At Risk
C20456,21,23,803.81,3,5,4,12,Loyal
C20458,3,17,732.71,1,3,4,8,Potential Loyal
C20460,10,10,1326.82,2,2,5,9,Potential Loyal
C20461,13,8,1406.56,2,1,5,8,Potential Loyal
C20462,14,9,325.59,2,1,1,4,Low Engagement
C20463,23,4,484.2,4,1,3,8,Potential Loyal
C20465,10,10,1311.33,2,2,5,9,Potential Loyal
C20466,15,19,441.91,2,4,2,8,Potential Loyal
C20467,15,20,413.92,2,4,2,8,Potential Loyal
C20468,10,21,802.46,2,4,4,10,Loyal
C20469,23,15,1389.28,4,3,5,12,Loyal
C20470,2,18,481.97,1,3,3,7,Potential Loyal
C20471,29,17,1282.4,4,3,5,12,Loyal
C20472,9,2,680.13,2,1,3,6,At Risk
C20474,11,11,330.99,2,2,1,5,At Risk
C20475,21,10,755.97,3,2,4,9,Potential Loyal
C20476,27,14,1216.36,4,2,5,11,Loyal
C20477,20,14,361.9,3,2,1,6,At Risk
C20479,1,13,482.25,1,2,3,6,At Risk
C20481,6,22,616.99,1,4,3,8,Potential Loyal
C20482,22,14,488.05,3,2,3,8,Potential Loyal
C20483,11,7,362.19,2,1,1,4,Low Engagement
C20485,3,13,715.04,1,2,3,6,At Risk
C20489,5,19,435.79,1,4,2,7,Potential Loyal
C20490,31,18,384.36,5,3,1,9,Potential Loyal
C20491,31,19,350.95,5,4,1,10,Loyal
C20492,4,1,693.86,1,1,3,5,At Risk
C20494,22,16,437.92,3,3,2,8,Potential Loyal
C20496,34,20,692.81,5,4,3,12,Loyal
C20497,26,22,1387.81,4,4,5,13,High Value
C20499,18,17,758.99,3,3,4,10,Loyal
C20500,6,12,628.44,1,2,3,6,At Risk
C20501,8,15,612.27,2,3,3,8,Potential Loyal
C20503,26,8,413.55,4,1,2,7,Potential Loyal
C20504,36,22,491.57,5,4,3,12,Loyal
C20505,19,0,686.14,3,1,3,7,Potential Loyal
C20506,7,19,850.51,1,4,4,9,Potential Loyal
C20508,10,9,1466.81,2,1,5,8,Potential Loyal
C20509,34,21,319.15,5,4,1,10,Loyal
C20510,14,11,841.1,2,2,4,8,Potential Loyal
C20512,8,21,332.55,2,4,1,7,Potential Loyal
C20514,27,11,382.59,4,2,1,7,Potential Loyal
C20515,29,27,454.8,4,5,2,11,Loyal
C20516,5,29,769.86,1,5,4,10,Loyal
C20517,16,25,670.12,3,5,3,11,Loyal
C20518,22,1,395.5,3,1,2,6,At Risk
C20519,35,28,491.31,5,5,3,13,High Value
C20520,26,20,316.09,4,4,1,9,Potential Loyal
C20521,28,18,495.39,4,3,3,10,Loyal
C20522,28,26,849.92,4,5,4,13,High Value
C20523,18,11,1027.8,3,2,5,10,Loyal
C20524,31,26,1377.84,5,5,5,15,High Value
C20526,12,0,387.49,2,1,1,4,Low Engagement
C20527,6,21,691.87,1,4,3,8,Potential Loyal
C20528,34,6,344.14,5,1,1,7,Potential Loyal
C20529,22,26,1121.85,3,5,5,13,High Value
C20533,28,24,441.7,4,5,2,11,Loyal
C20534,0,10,402.55,1,2,2,5,At Risk
C20535,30,20,392.71,5,4,2,11,Loyal
C20536,30,11,1108.09,5,2,5,12,Loyal
C20539,11,16,637.75,2,3,3,8,Potential Loyal
C20540,7,11,469.43,1,2,2,5,At Risk
C20541,35,16,416.15,5,3,2,10,Loyal
C20542,24,5,760.15,4,1,4,9,Potential Loyal
C20544,32,7,844.03,5,1,4,10,Loyal
C20545,11,15,446.59,2,3,2,7,Potential Loyal
C20546,13,14,390.34,2,2,2,6,At Risk
C20547,3,29,485.31,1,5,3,9,Potential Loyal
C20548,33,22,677.53,5,4,3,12,Loyal
C20550,35,26,496.05,5,5,3,13,High Value
C20551,4,22,619.79,1,4,3,8,Potential Loyal
C20554,15,8,1108.31,2,1,5,8,Potential Loyal
C20556,19,20,446.87,3,4,2,9,Potential Loyal
C20557,22,13,745.28,3,2,4,9,Potential Loyal
C20558,30,18,395.26,5,3,2,10,Loyal
C20559,12,11,819.76,2,2,4,8,Potential Loyal
C20562,28,21,866.81,4,4,4,12,Loyal
C20563,30,24,1011.98,5,5,5,15,High Value
C20564,28,32,756.89,4,5,4,13,High Value
C20565,14,25,1304.78,2,5,5,12,Loyal
C20567,24,8,1289.64,4,1,5,10,Loyal
C20568,31,5,461.15,5,1,2,8,Potential Loyal
C20569,22,21,465.27,3,4,2,9,Potential Loyal
C20570,27,5,1265.62,4,1,5,10,Loyal
C20571,16,21,477.62,3,4,3,10,Loyal
C20572,25,3,702.45,4,1,3,8,Potential Loyal
C20573,13,18,426.44,2,3,2,7,Potential Loyal
C20574,17,13,484.18,3,2,3,8,Potential Loyal
C20575,31,15,1087.62,5,3,5,13,High Value
C20576,35,22,1274.42,5,4,5,14,High Value
C20578,10,17,1428.74,2,3,5,10,Loyal
C20579,11,27,1043.67,2,5,5,12,Loyal
C20580,30,12,793.48,5,2,4,11,Loyal
C20581,16,16,689.84,3,3,3,9,Potential Loyal
C20583,13,21,1254.36,2,4,5,11,Loyal
C20584,13,15,1004.16,2,3,4,9,Potential Loyal
C20585,1,11,666.04,1,2,3,6,At Risk
C20586,29,13,828.26,4,2,4,10,Loyal
C20587,18,19,453.14,3,4,2,9,Potential Loyal
C20588,2,5,489.03,1,1,3,5,At Risk
C20589,34,26,1394.44,5,5,5,15,High Value
C20590,8,14,483.18,2,2,3,7,Potential Loyal
C20591,8,24,862.97,2,5,4,11,Loyal
C20592,31,11,1422.27,5,2,5,12,Loyal
C20593,12,4,622.13,2,1,3,6,At Risk
C20594,25,19,837.68,4,4,4,12,Loyal
C20596,22,20,1324.4,3,4,5,12,Loyal
C20597,25,23,325.38,4,5,1,10,Loyal
C20599,27,17,841.7,4,3,4,11,Loyal
C20601,14,18,662.52,2,3,3,8,Potential Loyal
C20602,3,6,686.77,1,1,3,5,At Risk
C20603,20,5,412.3,3,1,2,6,At Risk
C20604,31,23,306.6,5,5,1,11,Loyal
C20605,15,24,358.65,2,5,1,8,Potential Loyal
C20607,7,13,741.74,1,2,4,7,Potential Loyal
C20608,22,20,845.3,3,4,4,11,Loyal
C20609,4,10,357.18,1,2,1,4,Low Engagement
C20610,6,17,618.92,1,3,3,7,Potential Loyal
C20612,5,22,317.05,1,4,1,6,At Risk
C20613,0,13,1271.0,1,2,5,8,Potential Loyal
C20615,34,11,495.3,5,2,3,10,Loyal
C20616,16,11,1493.88,3,2,5,10,Loyal
C20618,6,16,375.05,1,3,1,5,At Risk
C20619,15,16,759.91,2,3,4,9,Potential Loyal
C20620,35,5,880.44,5,1,4,10,Loyal
C20621,31,10,327.18,5,2,1,8,Potential Loyal
C20622,14,16,764.04,2,3,4,9,Potential Loyal
C20623,4,18,1334.68,1,3,5,9,Potential Loyal
C20625,18,14,392.16,3,2,2,7,Potential Loyal
C20626,31,0,807.37,5,1,4,10,Loyal
C20627,32,24,455.21,5,5,2,12,Loyal
C20628,34,4,467.84,5,1,2,8,Potential Loyal
C20629,24,28,423.09,4,5,2,11,Loyal
C20630,15,20,418.9,2,4,2,8,Potential Loyal
C20633,9,8,405.05,2,1,2,5,At Risk
C20634,28,4,665.89,4,1,3,8,Potential Loyal
C20635,3,22,1239.56,1,4,5,10,Loyal
C20636,16,21,1449.63,3,4,5,12,Loyal
C20637,8,18,408.66,2,3,2,7,Potential Loyal
C20638,29,29,782.79,4,5,4,13,High Value
C20639,0,25,350.54,1,5,1,7,Potential Loyal
C20640,25,13,783.17,4,2,4,10,Loyal
C20641,5,22,622.16,1,4,3,8,Potential Loyal
C20642,18,2,349.34,3,1,1,5,At Risk
C20644,6,17,1123.31,1,3,5,9,Potential Loyal
C20646,23,24,812.16,4,5,4,13,High Value
C20648,13,18,793.4,2,3,4,9,Potential Loyal
C20649,28,19,338.98,4,4,1,9,Potential Loyal
C20651,10,5,1211.36,2,1,5,8,Potential Loyal
C20652,8,28,840.79,2,5,4,11,Loyal
C20653,20,23,1439.87,3,5,5,13,High Value
C20654,14,19,685.49,2,4,3,9,Potential Loyal
C20656,17,14,649.17,3,2,3,8,Potential Loyal
C20657,9,5,794.71,2,1,4,7,Potential Loyal
C20658,2,4,1053.43,1,1,5,7,Potential Loyal
C20659,21,20,895.68,3,4,4,11,Loyal
C20660,16,11,497.27,3,2,3,8,Potential Loyal
C20661,33,26,749.12,5,5,4,14,High Value
C20662,2,20,365.94,1,4,1,6,At Risk
C20665,25,24,892.95,4,5,4,13,High Value
C20667,9,14,665.59,2,2,3,7,Potential Loyal
C20668,36,15,822.17,5,3,4,12,Loyal
C20669,5,14,767.7,1,2,4,7,Potential Loyal
C20670,10,22,311.24,2,4,1,7,Potential Loyal
C20671,1,7,332.34,1,1,1,3,Low Engagement
C20672,36,17,787.55,5,3,4,12,Loyal
C20673,24,17,819.95,4,3,4,11,Loyal
C20674,33,19,824.69,5,4,4,13,High Value
C20675,10,16,1493.63,2,3,5,10,Loyal
C20676,4,21,1472.37,1,4,5,10,Loyal
C20677,18,26,1152.4,3,5,5,13,High Value
C20678,35,24,1281.93,5,5,5,15,High Value
C20679,4,28,316.13,1,5,1,7,Potential Loyal
C20682,12,23,786.91,2,5,4,11,Loyal
C20683,7,21,711.7,1,4,3,8,Potential Loyal
C20686,5,16,767.0,1,3,4,8,Potential Loyal
C20689,16,18,462.37,3,3,2,8,Potential Loyal
C20690,28,12,467.19,4,2,2,8,Potential Loyal
C20691,33,28,404.75,5,5,2,12,Loyal
C20692,20,18,447.78,3,3,2,8,Potential Loyal
C20693,13,19,1015.42,2,4,5,11,Loyal
C20695,9,24,299.72,2,5,1,8,Potential Loyal
C20697,12,16,878.44,2,3,4,9,Potential Loyal
C20698,23,28,773.75,4,5,4,13,High Value
C20700,4,26,1422.03,1,5,5,11,Loyal
C20701,2,19,661.04,1,4,3,8,Potential Loyal
C20702,26,16,1188.21,4,3,5,12,Loyal
C20703,20,17,496.46,3,3,3,9,Potential Loyal
C20704,35,18,671.9,5,3,3,11,Loyal
C20706,23,9,339.14,4,1,1,6,At Risk
C20707,0,34,889.98,1,5,4,10,Loyal
C20709,30,17,450.87,5,3,2,10,Loyal
C20710,16,14,626.89,3,2,3,8,Potential Loyal
C20711,14,27,1030.92,2,5,5,12,Loyal
C20712,33,20,471.36,5,4,2,11,Loyal
C20713,36,21,1004.06,5,4,4,13,High Value
C20714,14,19,819.24,2,4,4,10,Loyal
C20715,34,17,648.05,5,3,3,11,Loyal
C20718,8,7,703.99,2,1,3,6,At Risk
C20722,35,14,1276.69,5,2,5,12,Loyal
C20725,0,15,330.74,1,3,1,5,At Risk
C20726,32,13,494.7,5,2,3,10,Loyal
C20727,26,26,489.93,4,5,3,12,Loyal
C20729,3,19,886.85,1,4,4,9,Potential Loyal
C20731,12,22,311.01,2,4,1,7,Potential Loyal
C20734,0,8,449.2,1,1,2,4,Low Engagement
C20736,20,16,619.69,3,3,3,9,Potential Loyal
C20738,25,30,426.54,4,5,2,11,Loyal
C20740,10,8,820.14,2,1,4,7,Potential Loyal
C20741,18,14,1000.12,3,2,4,9,Potential Loyal
C20742,34,20,751.92,5,4,4,13,High Value
C20743,35,10,1347.15,5,2,5,12,Loyal
C20744,3,11,1224.21,1,2,5,8,Potential Loyal
C20745,21,6,473.87,3,1,2,6,At Risk
C20746,34,12,301.03,5,2,1,8,Potential Loyal
C20747,36,20,354.1,5,4,1,10,Loyal
C20750,33,23,331.16,5,5,1,11,Loyal
C20751,1,26,679.61,1,5,3,9,Potential Loyal
C20752,2,0,305.35,1,1,1,3,Low Engagement
C20753,36,13,724.85,5,2,3,10,Loyal
C20755,35,10,687.3,5,2,3,10,Loyal
C20756,35,12,333.49,5,2,1,8,Potential Loyal
C20758,32,18,391.34,5,3,2,10,Loyal
C20759,6,16,1308.3,1,3,5,9,Potential Loyal
C20760,8,13,319.06,2,2,1,5,At Risk
C20761,22,12,1338.41,3,2,5,10,Loyal
C20762,23,14,845.05,4,2,4,10,Loyal
C20764,2,18,1161.07,1,3,5,9,Potential Loyal
C20766,10,17,660.3,2,3,3,8,Potential Loyal
C20767,4,12,1047.72,1,2,5,8,Potential Loyal
C20768,2,13,360.64,1,2,1,4,Low Engagement
C20769,5,21,376.25,1,4,1,6,At Risk
C20771,19,14,423.45,3,2,2,7,Potential Loyal
C20772,4,16,393.7,1,3,2,6,At Risk
C20773,5,3,859.25,1,1,4,6,At Risk
C20774,31,7,825.49,5,1,4,10,Loyal
C20775,19,17,680.09,3,3,3,9,Potential Loyal
C20776,5,20,351.17,1,4,1,6,At Risk
C20778,32,19,419.37,5,4,2,11,Loyal
C20780,27,7,722.08,4,1,3,8,Potential Loyal
C20782,35,20,619.9,5,4,3,12,Loyal
C20783,24,22,423.52,4,4,2,10,Loyal
C20784,11,35,1256.42,2,5,5,12,Loyal
C20785,30,4,864.07,5,1,4,10,Loyal
C20786,24,12,724.56,4,2,3,9,Potential Loyal
C20788,29,12,733.04,4,2,4,10,Loyal
C20789,13,22,687.5,2,4,3,9,Potential Loyal
C20790,16,7,636.28,3,1,3,7,Potential Loyal
C20792,4,30,1038.94,1,5,5,11,Loyal
C20793,29,7,419.84,4,1,2,7,Potential Loyal
C20794,26,16,452.6,4,3,2,9,Potential Loyal
C20797,22,26,885.92,3,5,4,12,Loyal
C20798,25,24,842.67,4,5,4,13,High Value
C20799,25,15,1157.38,4,3,5,12,Loyal
C20803,29,21,1074.17,4,4,5,13,High Value
C20804,30,21,468.51,5,4,2,11,Loyal
C20805,29,15,662.97,4,3,3,10,Loyal
C20806,2,26,386.17,1,5,1,7,Potential Loyal
C20807,6,14,486.59,1,2,3,6,At Risk
C20808,3,10,835.41,1,2,4,7,Potential Loyal
C20809,25,24,352.08,4,5,1,10,Loyal
C20811,8,17,709.94,2,3,3,8,Potential Loyal
C20812,14,18,859.07,2,3,4,9,Potential Loyal
C20814,25,20,435.57,4,4,2,10,Loyal
C20815,6,7,677.99,1,1,3,5,At Risk
C20816,18,7,343.48,3,1,1,5,At Risk
C20817,11,8,657.91,2,1,3,6,At Risk
C20820,20,11,599.58,3,2,3,8,Potential Loyal
C20821,10,24,343.18,2,5,1,8,Potential Loyal
C20822,32,25,496.53,5,5,3,13,High Value
C20823,7,3,1012.13,1,1,5,7,Potential Loyal
C20824,34,9,1303.21,5,1,5,11,Loyal
C20825,25,14,753.06,4,2,4,10,Loyal
C20826,8,19,1279.17,2,4,5,11,Loyal
C20827,35,12,812.23,5,2,4,11,Loyal
C20829,8,10,810.51,2,2,4,8,Potential Loyal
C20830,1,16,1478.41,1,3,5,9,Potential Loyal
C20831,12,15,314.35,2,3,1,6,At Risk
C20832,18,22,1114.02,3,4,5,12,Loyal
C20833,34,17,367.71,5,3,1,9,Potential Loyal
C20835,1,28,493.7,1,5,3,9,Potential Loyal
C20836,17,22,435.56,3,4,2,9,Potential Loyal
C20839,26,16,448.52,4,3,2,9,Potential Loyal
C20840,7,11,1208.45,1,2,5,8,Potential Loyal
C20843,31,15,486.42,5,3,3,11,Loyal
C20844,23,17,323.16,4,3,1,8,Potential Loyal
C20845,5,16,397.36,1,3,2,6,At Risk
C20846,20,7,620.63,3,1,3,7,Potential Loyal
C20847,28,17,376.06,4,3,1,8,Potential Loyal
C20849,30,21,478.19,5,4,3,12,Loyal
C20850,1,16,734.5,1,3,4,8,Potential Loyal
C20851,11,12,351.13,2,2,1,5,At Risk
C20853,22,17,484.95,3,3,3,9,Potential Loyal
C20854,24,5,806.78,4,1,4,9,Potential Loyal
C20855,12,15,460.8,2,3,2,7,Potential Loyal
C20856,18,18,392.98,3,3,2,8,Potential Loyal
C20857,8,13,356.4,2,2,1,5,At Risk
C20858,31,8,691.54,5,1,3,9,Potential Loyal
C20859,7,10,318.96,1,2,1,4,Low Engagement
C20860,34,20,313.19,5,4,1,10,Loyal
C20861,25,15,1035.8,4,3,5,12,Loyal
C20863,19,28,351.69,3,5,1,9,Potential Loyal
C20864,23,28,1484.3,4,5,5,14,High Value
C20865,29,5,365.05,4,1,1,6,At Risk
C20866,5,18,433.16,1,3,2,6,At Risk
C20867,27,15,330.58,4,3,1,8,Potential Loyal
C20868,28,23,652.93,4,5,3,12,Loyal
C20869,28,19,1316.09,4,4,5,13,High Value
C20871,18,27,474.73,3,5,2,10,Loyal
C20873,8,13,1402.67,2,2,5,9,Potential Loyal
C20874,21,0,436.06,3,1,2,6,At Risk
C20876,25,14,490.4,4,2,3,9,Potential Loyal
C20877,30,24,690.54,5,5,3,13,High Value
C20878,26,16,399.36,4,3,2,9,Potential Loyal
C20879,31,18,304.21,5,3,1,9,Potential Loyal
C20880,17,11,870.54,3,2,4,9,Potential Loyal
C20881,11,10,816.15,2,2,4,8,Potential Loyal
C20884,15,22,469.72,2,4,2,8,Potential Loyal
C20885,19,17,322.28,3,3,1,7,Potential Loyal
C20886,14,12,865.21,2,2,4,8,Potential Loyal
C20888,9,15,301.18,2,3,1,6,At Risk
C20889,23,11,481.24,4,2,3,9,Potential Loyal
C20890,25,25,366.15,4,5,1,10,Loyal
C20892,15,16,375.41,2,3,1,6,At Risk
C20896,18,17,759.26,3,3,4,10,Loyal
C20899,8,8,385.43,2,1,1,4,Low Engagement
C20900,33,23,1418.4,5,5,5,15,High Value
C20901,22,16,615.25,3,3,3,9,Potential Loyal
C20902,16,7,364.88,3,1,1,5,At Risk
C20903,19,7,673.54,3,1,3,7,Potential Loyal
C20904,16,21,744.42,3,4,4,11,Loyal
C20905,32,13,703.42,5,2,3,10,Loyal
C20906,3,22,716.88,1,4,3,8,Potential Loyal
C20907,32,27,604.98,5,5,3,13,High Value
C20908,27,25,484.26,4,5,3,12,Loyal
C20909,5,0,454.81,1,1,2,4,Low Engagement
C20910,12,27,370.4,2,5,1,8,Potential Loyal
C20912,33,18,493.61,5,3,3,11,Loyal
C20914,6,20,394.23,1,4,2,7,Potential Loyal
C20915,36,12,1360.96,5,2,5,12,Loyal
C20916,23,23,408.59,4,5,2,11,Loyal
C20917,17,22,462.92,3,4,2,9,Potential Loyal
C20918,29,1,1328.14,4,1,5,10,Loyal
C20919,24,9,461.41,4,1,2,7,Potential Loyal
C20921,10,13,611.84,2,2,3,7,Potential Loyal
C20922,4,7,480.36,1,1,3,5,At Risk
C20923,23,21,367.89,4,4,1,9,Potential Loyal
C20924,18,23,483.35,3,5,3,11,Loyal
C20925,10,23,771.17,2,5,4,11,Loyal
C20926,3,21,299.57,1,4,1,6,At Risk
C20927,29,20,851.85,4,4,4,12,Loyal
C20929,7,12,1366.8,1,2,5,8,Potential Loyal
C20930,10,7,496.83,2,1,3,6,At Risk
C20931,3,23,773.57,1,5,4,10,Loyal
C20933,19,12,729.8,3,2,4,9,Potential Loyal
C20935,22,21,799.48,3,4,4,11,Loyal
C20937,3,7,1103.13,1,1,5,7,Potential Loyal
C20938,16,11,363.95,3,2,1,6,At Risk
C20939,27,29,377.15,4,5,1,10,Loyal
C20940,5,17,678.18,1,3,3,7,Potential Loyal
C20941,1,22,310.73,1,4,1,6,At Risk
C20942,0,17,703.87,1,3,3,7,Potential Loyal
C20943,28,3,869.61,4,1,4,9,Potential Loyal
C20944,0,9,408.34,1,1,2,4,Low Engagement
C20946,34,0,855.05,5,1,4,10,Loyal
C20950,13,21,849.6,2,4,4,10,Loyal
C20952,0,30,432.26,1,5,2,8,Potential Loyal
C20955,31,23,885.73,5,5,4,14,High Value
C20956,4,5,714.38,1,1,3,5,At Risk
C20957,6,26,1250.83,1,5,5,11,Loyal
C20960,26,19,374.1,4,4,1,9,Potential Loyal
C20961,25,9,476.14,4,1,3,8,Potential Loyal
C20962,27,29,1498.49,4,5,5,14,High Value
C20963,28,29,706.85,4,5,3,12,Loyal
C20964,24,19,644.99,4,4,3,11,Loyal
C20966,6,16,842.72,1,3,4,8,Potential Loyal
C20967,10,13,672.84,2,2,3,7,Potential Loyal
C20969,16,16,338.84,3,3,1,7,Potential Loyal
C20970,19,12,627.76,3,2,3,8,Potential Loyal
C20971,25,10,777.47,4,2,4,10,Loyal
C20972,26,17,447.15,4,3,2,9,Potential Loyal
C20973,2,0,1338.22,1,1,5,7,Potential Loyal
C20974,30,15,357.41,5,3,1,9,Potential Loyal
C20977,30,19,719.29,5,4,3,12,Loyal
C20978,16,26,462.18,3,5,2,10,Loyal
C20979,34,14,752.05,5,2,4,11,Loyal
C20980,2,13,689.44,1,2,3,6,At Risk
C20981,5,16,650.79,1,3,3,7,Potential Loyal
C20982,26,5,1243.7,4,1,5,10,Loyal
C20983,20,15,1047.79,3,3,5,11,Loyal
C20984,32,3,745.72,5,1,4,10,Loyal
C20985,21,1,795.9,3,1,4,8,Potential Loyal
C20986,33,15,313.06,5,3,1,9,Potential Loyal
C20987,2,6,1427.24,1,1,5,7,Potential Loyal
C20989,14,11,1433.4,2,2,5,9,Potential Loyal
C20990,29,20,490.84,4,4,3,11,Loyal
C20991,3,8,641.59,1,1,3,5,At Risk
C20992,25,12,1484.97,4,2,5,11,Loyal
C20993,5,1,469.89,1,1,2,4,Low Engagement
C20994,12,30,442.17,2,5,2,9,Potential Loyal
C20995,35,10,1070.25,5,2,5,12,Loyal
C20996,18,11,669.6,3,2,3,8,Potential Loyal
C20997,33,22,763.41,5,4,4,13,High Value
C20998,4,26,446.6,1,5,2,8,Potential Loyal
C20999,4,21,1441.69,1,4,5,10,Loyal
C21001,26,12,454.58,4,2,2,8,Potential Loyal
C21002,33,6,1258.0,5,1,5,11,Loyal
C21003,0,29,339.99,1,5,1,7,Potential Loyal
C21004,17,10,1357.27,3,2,5,10,Loyal
C21005,30,20,1203.16,5,4,5,14,High Value
C21007,18,7,496.76,3,1,3,7,Potential Loyal
C21008,18,23,489.17,3,5,3,11,Loyal
C21010,22,22,872.82,3,4,4,11,Loyal
C21011,7,12,371.75,1,2,1,4,Low Engagement
C21012,21,14,397.56,3,2,2,7,Potential Loyal
C21013,6,11,437.84,1,2,2,5,At Risk
C21014,5,17,1334.12,1,3,5,9,Potential Loyal
C21015,18,15,394.8,3,3,2,8,Potential Loyal
C21016,3,7,365.13,1,1,1,3,Low Engagement
C21017,33,26,361.71,5,5,1,11,Loyal
C21018,14,0,853.99,2,1,4,7,Potential Loyal
C21019,23,19,886.92,4,4,4,12,Loyal
C21020,23,21,722.43,4,4,3,11,Loyal
C21022,31,8,325.75,5,1,1,7,Potential Loyal
C21023,10,8,1465.26,2,1,5,8,Potential Loyal
C21025,3,8,400.32,1,1,2,4,Low Engagement
C21026,19,7,881.15,3,1,4,8,Potential Loyal
C21029,33,20,344.72,5,4,1,10,Loyal
C21032,24,21,618.33,4,4,3,11,Loyal
C21035,19,19,333.64,3,4,1,8,Potential Loyal
C21036,14,12,826.22,2,2,4,8,Potential Loyal
C21037,5,10,410.19,1,2,2,5,At Risk
C21038,21,10,729.93,3,2,4,9,Potential Loyal
C21039,2,30,410.54,1,5,2,8,Potential Loyal
C21041,24,12,362.13,4,2,1,7,Potential Loyal
C21043,7,12,823.12,1,2,4,7,Potential Loyal
C21044,31,20,397.66,5,4,2,11,Loyal
C21046,34,30,328.95,5,5,1,11,Loyal
C21047,28,6,671.83,4,1,3,8,Potential Loyal
C21048,2,27,1056.64,1,5,5,11,Loyal
C21049,24,22,299.83,4,4,1,9,Potential Loyal
C21051,12,10,1417.99,2,2,5,9,Potential Loyal
C21052,8,19,637.61,2,4,3,9,Potential Loyal
C21054,26,14,414.26,4,2,2,8,Potential Loyal
C21056,27,10,475.48,4,2,3,9,Potential Loyal
C21057,28,20,713.4,4,4,3,11,Loyal
C21058,11,15,458.3,2,3,2,7,Potential Loyal
C21059,0,28,678.15,1,5,3,9,Potential Loyal
C21060,35,10,671.18,5,2,3,10,Loyal
C21061,0,13,602.53,1,2,3,6,At Risk
C21062,32,14,782.27,5,2,4,11,Loyal
C21063,36,19,676.17,5,4,3,12,Loyal
C21064,5,15,453.22,1,3,2,6,At Risk
C21066,17,33,317.68,3,5,1,9,Potential Loyal
C21067,13,13,822.48,2,2,4,8,Potential Loyal
C21068,17,17,491.99,3,3,3,9,Potential Loyal
C21069,6,19,1259.78,1,4,5,10,Loyal
C21070,30,12,441.32,5,2,2,9,Potential Loyal
C21071,27,7,413.64,4,1,2,7,Potential Loyal
C21072,19,22,1339.51,3,4,5,12,Loyal
C21074,4,11,340.8,1,2,1,4,Low Engagement
C21076,13,16,1217.24,2,3,5,10,Loyal
C21077,27,20,607.74,4,4,3,11,Loyal
C21079,35,14,636.96,5,2,3,10,Loyal
C21080,14,12,470.96,2,2,2,6,At Risk
C21081,6,17,489.03,1,3,3,7,Potential Loyal
C21082,31,26,487.07,5,5,3,13,High Value
C21083,13,23,681.67,2,5,3,10,Loyal
C21084,18,2,444.97,3,1,2,6,At Risk
C21085,10,12,1350.03,2,2,5,9,Potential Loyal
C21087,35,9,799.57,5,1,4,10,Loyal
C21088,21,28,1471.05,3,5,5,13,High Value
C21090,5,4,1278.16,1,1,5,7,Potential Loyal
C21091,26,13,1363.38,4,2,5,11,Loyal
C21092,20,9,338.28,3,1,1,5,At Risk
C21096,27,11,1163.69,4,2,5,11,Loyal
C21099,31,12,892.22,5,2,4,11,Loyal
C21103,19,12,497.59,3,2,3,8,Potential Loyal
C21104,5,28,717.4,1,5,3,9,Potential Loyal
C21105,4,9,428.81,1,1,2,4,Low Engagement
C21107,5,11,452.1,1,2,2,5,At Risk
C21109,15,29,1451.51,2,5,5,12,Loyal
C21110,33,23,347.29,5,5,1,11,Loyal
C21112,28,14,872.48,4,2,4,10,Loyal
C21113,21,9,694.03,3,1,3,7,Potential Loyal
C21115,22,12,442.82,3,2,2,7,Potential Loyal
C21116,9,16,444.87,2,3,2,7,Potential Loyal
C21117,3,26,711.82,1,5,3,9,Potential Loyal
C21118,27,25,1059.7,4,5,5,14,High Value
C21119,20,11,333.74,3,2,1,6,At Risk
C21120,7,16,1122.06,1,3,5,9,Potential Loyal
C21121,16,29,360.4,3,5,1,9,Potential Loyal
C21123,34,12,435.84,5,2,2,9,Potential Loyal
C21124,5,12,1010.76,1,2,5,8,Potential Loyal
C21126,23,27,337.53,4,5,1,10,Loyal
C21127,28,18,396.55,4,3,2,9,Potential Loyal
C21128,2,27,346.41,1,5,1,7,Potential Loyal
C21129,4,34,441.34,1,5,2,8,Potential Loyal
C21130,5,16,795.05,1,3,4,8,Potential Loyal
C21131,28,5,337.08,4,1,1,6,At Risk
C21133,21,21,854.92,3,4,4,11,Loyal
C21137,15,10,741.33,2,2,4,8,Potential Loyal
C21138,24,16,431.27,4,3,2,9,Potential Loyal
C21142,12,20,773.25,2,4,4,10,Loyal
C21149,31,22,437.52,5,4,2,11,Loyal
C21150,31,15,601.32,5,3,3,11,Loyal
C21151,33,8,1427.29,5,1,5,11,Loyal
C21152,28,17,315.37,4,3,1,8,Potential Loyal
C21153,11,24,782.23,2,5,4,11,Loyal
C21154,8,25,329.78,2,5,1,8,Potential Loyal
C21155,31,27,445.72,5,5,2,12,Loyal
C21156,11,19,840.75,2,4,4,10,Loyal
C21157,34,3,328.53,5,1,1,7,Potential Loyal
C21158,16,21,428.54,3,4,2,9,Potential Loyal
C21159,16,12,480.46,3,2,3,8,Potential Loyal
C21161,4,6,754.2,1,1,4,6,At Risk
C21164,17,29,1349.49,3,5,5,13,High Value
C21166,33,23,799.56,5,5,4,14,High Value
C21167,9,23,606.42,2,5,3,10,Loyal
C21168,13,16,826.98,2,3,4,9,Potential Loyal
C21172,19,8,795.0,3,1,4,8,Potential Loyal
C21173,29,14,336.05,4,2,1,7,Potential Loyal
C21175,18,12,621.06,3,2,3,8,Potential Loyal
C21177,28,18,1402.72,4,3,5,12,Loyal
C21179,2,17,725.74,1,3,3,7,Potential Loyal
C21180,34,12,399.31,5,2,2,9,Potential Loyal
C21181,5,23,677.3,1,5,3,9,Potential Loyal
C21182,2,8,830.56,1,1,4,6,At Risk
C21184,18,13,1261.67,3,2,5,10,Loyal
C21185,7,24,350.78,1,5,1,7,Potential Loyal
C21186,13,29,1329.01,2,5,5,12,Loyal
C21187,16,13,1282.94,3,2,5,10,Loyal
C21189,34,21,352.23,5,4,1,10,Loyal
C21190,13,11,1175.03,2,2,5,9,Potential Loyal
C21191,18,19,309.87,3,4,1,8,Potential Loyal
C21192,30,6,1076.31,5,1,5,11,Loyal
C21193,14,7,1001.72,2,1,4,7,Potential Loyal
C21194,14,22,1134.84,2,4,5,11,Loyal
C21195,20,8,361.88,3,1,1,5,At Risk
C21197,5,11,740.18,1,2,4,7,Potential Loyal
C21198,25,1,373.68,4,1,1,6,At Risk
C21199,19,13,312.44,3,2,1,6,At Risk
C21200,7,8,456.71,1,1,2,4,Low Engagement
C21203,15,7,1426.89,2,1,5,8,Potential Loyal
C21204,25,21,746.75,4,4,4,12,Loyal
C21205,0,19,1114.2,1,4,5,10,Loyal
C21206,23,28,492.95,4,5,3,12,Loyal
C21207,24,25,1433.1,4,5,5,14,High Value
C21209,33,18,1480.09,5,3,5,13,High Value
C21211,27,23,1305.5,4,5,5,14,High Value
C21212,3,6,1008.43,1,1,5,7,Potential Loyal
C21213,28,22,308.53,4,4,1,9,Potential Loyal
C21214,25,0,405.54,4,1,2,7,Potential Loyal
C21215,34,16,888.81,5,3,4,12,Loyal
C21216,32,21,320.92,5,4,1,10,Loyal
C21217,7,17,1159.65,1,3,5,9,Potential Loyal
C21219,0,16,625.79,1,3,3,7,Potential Loyal
C21220,27,12,452.61,4,2,2,8,Potential Loyal
C21221,10,14,1398.21,2,2,5,9,Potential Loyal
C21222,9,19,389.99,2,4,2,8,Potential Loyal
C21224,6,16,1353.33,1,3,5,9,Potential Loyal
C21225,3,0,681.85,1,1,3,5,At Risk
C21226,15,22,351.36,2,4,1,7,Potential Loyal
C21227,30,21,339.74,5,4,1,10,Loyal
C21228,36,0,639.06,5,1,3,9,Potential Loyal
C21229,26,18,782.65,4,3,4,11,Loyal
C21230,31,15,399.3,5,3,2,10,Loyal
C21232,16,13,1260.22,3,2,5,10,Loyal
C21233,18,11,321.59,3,2,1,6,At Risk
C21236,20,18,895.87,3,3,4,10,Loyal
C21238,21,27,326.04,3,5,1,9,Potential Loyal
C21239,22,19,358.67,3,4,1,8,Potential Loyal
C21240,23,15,335.72,4,3,1,8,Potential Loyal
C21241,33,21,751.58,5,4,4,13,High Value
C21243,31,14,812.57,5,2,4,11,Loyal
C21244,30,9,1098.59,5,1,5,11,Loyal
C21246,19,17,706.33,3,3,3,9,Potential Loyal
C21247,25,8,741.49,4,1,4,9,Potential Loyal
C21249,0,25,340.32,1,5,1,7,Potential Loyal
C21250,35,17,796.71,5,3,4,12,Loyal
C21251,27,8,321.04,4,1,1,6,At Risk
C21253,32,25,1294.96,5,5,5,15,High Value
C21254,0,12,1412.59,1,2,5,8,Potential Loyal
C21255,17,9,618.77,3,1,3,7,Potential Loyal
C21256,11,3,699.58,2,1,3,6,At Risk
C21257,24,5,712.7,4,1,3,8,Potential Loyal
C21258,31,9,443.62,5,1,2,8,Potential Loyal
C21259,20,16,436.2,3,3,2,8,Potential Loyal
C21261,4,19,1221.56,1,4,5,10,Loyal
C21262,34,11,458.46,5,2,2,9,Potential Loyal
C21263,20,19,337.49,3,4,1,8,Potential Loyal
C21264,25,12,490.75,4,2,3,9,Potential Loyal
C21265,5,22,364.77,1,4,1,6,At Risk
C21267,10,21,350.37,2,4,1,7,Potential Loyal
C21268,34,10,1482.44,5,2,5,12,Loyal
C21270,17,26,697.11,3,5,3,11,Loyal
C21271,35,10,359.11,5,2,1,8,Potential Loyal
C21273,32,4,781.65,5,1,4,10,Loyal
C21274,1,8,386.0,1,1,1,3,Low Engagement
C21275,10,12,449.25,2,2,2,6,At Risk
C21276,21,0,833.23,3,1,4,8,Potential Loyal
C21277,5,10,856.3,1,2,4,7,Potential Loyal
C21278,9,22,763.86,2,4,4,10,Loyal
C21280,30,18,444.06,5,3,2,10,Loyal
C21281,33,22,306.97,5,4,1,10,Loyal
C21282,31,10,362.13,5,2,1,8,Potential Loyal
C21283,15,19,702.91,2,4,3,9,Potential Loyal
C21284,2,28,1284.87,1,5,5,11,Loyal
C21285,25,23,823.31,4,5,4,13,High Value
C21287,30,17,357.15,5,3,1,9,Potential Loyal
C21288,35,16,447.66,5,3,2,10,Loyal
C21289,30,15,434.85,5,3,2,10,Loyal
C21292,0,13,1155.86,1,2,5,8,Potential Loyal
C21295,2,9,790.42,1,1,4,6,At Risk
C21296,31,22,1095.16,5,4,5,14,High Value
C21298,4,5,478.43,1,1,3,5,At Risk
C21299,3,18,691.45,1,3,3,7,Potential Loyal
C21303,3,2,493.73,1,1,3,5,At Risk
C21304,27,13,1491.82,4,2,5,11,Loyal
C21307,0,6,1328.44,1,1,5,7,Potential Loyal
C21309,27,10,312.07,4,2,1,7,Potential Loyal
C21310,8,8,1400.81,2,1,5,8,Potential Loyal
C21311,6,16,1236.3,1,3,5,9,Potential Loyal
C21312,21,27,1213.88,3,5,5,13,High Value
C21314,14,23,357.22,2,5,1,8,Potential Loyal
C21316,13,11,498.6,2,2,3,7,Potential Loyal
C21318,36,5,1335.45,5,1,5,11,Loyal
C21319,3,25,467.66,1,5,2,8,Potential Loyal
C21321,0,34,387.65,1,5,1,7,Potential Loyal
C21322,22,13,338.37,3,2,1,6,At Risk
C21323,4,10,1395.06,1,2,5,8,Potential Loyal
C21324,9,12,753.58,2,2,4,8,Potential Loyal
C21325,31,27,1074.32,5,5,5,15,High Value
C21326,7,11,879.13,1,2,4,7,Potential Loyal
C21327,35,23,1046.99,5,5,5,15,High Value
C21329,36,5,1295.73,5,1,5,11,Loyal
C21332,12,12,345.64,2,2,1,5,At Risk
C21333,25,24,638.62,4,5,3,12,Loyal
C21334,0,19,395.88,1,4,2,7,Potential Loyal
C21336,30,22,780.45,5,4,4,13,High Value
C21337,35,23,1289.77,5,5,5,15,High Value
C21340,6,10,624.29,1,2,3,6,At Risk
C21341,14,13,392.32,2,2,2,6,At Risk
C21343,32,9,417.4,5,1,2,8,Potential Loyal
C21345,11,25,404.88,2,5,2,9,Potential Loyal
C21347,26,21,1020.39,4,4,5,13,High Value
C21348,21,12,876.92,3,2,4,9,Potential Loyal
C21349,8,5,789.97,2,1,4,7,Potential Loyal
C21350,27,22,1041.76,4,4,5,13,High Value
C21351,34,8,352.38,5,1,1,7,Potential Loyal
C21354,12,17,640.81,2,3,3,8,Potential Loyal
C21356,33,29,357.84,5,5,1,11,Loyal
C21357,21,5,768.37,3,1,4,8,Potential Loyal
C21358,7,17,1125.53,1,3,5,9,Potential Loyal
C21359,1,25,482.97,1,5,3,9,Potential Loyal
C21361,13,27,867.97,2,5,4,11,Loyal
C21362,9,16,409.35,2,3,2,7,Potential Loyal
C21363,22,21,746.77,3,4,4,11,Loyal
C21365,32,4,391.86,5,1,2,8,Potential Loyal
C21366,2,23,736.53,1,5,4,10,Loyal
C21367,1,20,646.03,1,4,3,8,Potential Loyal
C21368,29,18,757.12,4,3,4,11,Loyal
C21369,3,18,1355.59,1,3,5,9,Potential Loyal
C21370,36,15,891.55,5,3,4,12,Loyal
C21371,32,19,749.34,5,4,4,13,High Value
C21374,12,13,639.93,2,2,3,7,Potential Loyal
C21375,33,22,845.52,5,4,4,13,High Value
C21376,6,10,384.17,1,2,1,4,Low Engagement
C21377,8,21,477.52,2,4,3,9,Potential Loyal
C21379,35,21,335.38,5,4,1,10,Loyal
C21380,1,16,487.87,1,3,3,7,Potential Loyal
C21381,30,25,357.13,5,5,1,11,Loyal
C21382,16,20,1472.27,3,4,5,12,Loyal
C21383,17,18,1029.84,3,3,5,11,Loyal
C21385,33,29,862.58,5,5,4,14,High Value
C21386,8,19,482.16,2,4,3,9,Potential Loyal
C21387,14,17,625.86,2,3,3,8,Potential Loyal
C21388,34,29,646.4,5,5,3,13,High Value
C21389,33,9,457.69,5,1,2,8,Potential Loyal
C21390,28,20,646.87,4,4,3,11,Loyal
C21391,2,8,1006.48,1,1,5,7,Potential Loyal
C21392,36,9,1432.18,5,1,5,11,Loyal
C21393,1,12,804.97,1,2,4,7,Potential Loyal
C21394,12,16,344.25,2,3,1,6,At Risk
C21395,30,23,322.46,5,5,1,11,Loyal
C21396,33,22,430.59,5,4,2,11,Loyal
C21397,23,14,318.24,4,2,1,7,Potential Loyal
C21399,16,22,1286.43,3,4,5,12,Loyal
C21400,32,17,332.37,5,3,1,9,Potential Loyal
C21401,0,20,300.34,1,4,1,6,At Risk
C21402,27,26,731.62,4,5,4,13,High Value
C21403,16,4,808.09,3,1,4,8,Potential Loyal
C21404,34,0,858.39,5,1,4,10,Loyal
C21406,31,21,746.29,5,4,4,13,High Value
C21407,24,6,391.1,4,1,2,7,Potential Loyal
C21409,36,14,1350.17,5,2,5,12,Loyal
C21411,33,8,1319.56,5,1,5,11,Loyal
C21412,36,13,386.35,5,2,1,8,Potential Loyal
C21413,10,13,637.24,2,2,3,7,Potential Loyal
C21414,31,10,652.98,5,2,3,10,Loyal
C21415,10,15,687.51,2,3,3,8,Potential Loyal
C21416,0,16,651.11,1,3,3,7,Potential Loyal
C21417,32,26,760.43,5,5,4,14,High Value
C21418,34,0,802.02,5,1,4,10,Loyal
C21419,0,29,346.36,1,5,1,7,Potential Loyal
C21420,19,18,1428.01,3,3,5,11,Loyal
C21422,34,20,770.5,5,4,4,13,High Value
C21423,12,31,798.32,2,5,4,11,Loyal
C21424,17,14,480.31,3,2,3,8,Potential Loyal
C21425,14,31,430.23,2,5,2,9,Potential Loyal
C21426,14,26,327.85,2,5,1,8,Potential Loyal
C21427,29,6,353.34,4,1,1,6,At Risk
C21428,11,17,861.46,2,3,4,9,Potential Loyal
C21429,6,15,447.0,1,3,2,6,At Risk
C21431,21,15,1178.12,3,3,5,11,Loyal
C21432,29,8,871.24,4,1,4,9,Potential Loyal
C21433,19,20,1475.85,3,4,5,12,Loyal
C21434,13,16,462.45,2,3,2,7,Potential Loyal
C21435,31,6,746.86,5,1,4,10,Loyal
C21436,27,20,303.24,4,4,1,9,Potential Loyal
C21437,15,14,1467.35,2,2,5,9,Potential Loyal
C21438,26,30,453.75,4,5,2,11,Loyal
C21440,26,18,417.04,4,3,2,9,Potential Loyal
C21441,19,26,1040.95,3,5,5,13,High Value
C21442,32,7,783.07,5,1,4,10,Loyal
C21443,13,21,368.55,2,4,1,7,Potential Loyal
C21444,18,0,446.5,3,1,2,6,At Risk
C21445,34,26,364.63,5,5,1,11,Loyal
C21447,27,14,891.7,4,2,4,10,Loyal
C21448,21,16,668.49,3,3,3,9,Potential Loyal
C21449,2,17,1365.24,1,3,5,9,Potential Loyal
C21450,29,13,344.25,4,2,1,7,Potential Loyal
C21451,9,16,816.88,2,3,4,9,Potential Loyal
C21452,9,17,1369.82,2,3,5,10,Loyal
C21453,17,5,704.37,3,1,3,7,Potential Loyal
C21454,29,6,660.54,4,1,3,8,Potential Loyal
C21457,33,9,1317.24,5,1,5,11,Loyal
C21458,34,13,1045.12,5,2,5,12,Loyal
C21459,25,15,1466.53,4,3,5,12,Loyal
C21461,26,31,496.46,4,5,3,12,Loyal
C21462,27,28,433.4,4,5,2,11,Loyal
C21464,28,24,850.57,4,5,4,13,High Value
C21465,1,24,890.1,1,5,4,10,Loyal
C21467,15,7,628.61,2,1,3,6,At Risk
C21468,6,20,303.01,1,4,1,6,At Risk
C21469,21,16,343.77,3,3,1,7,Potential Loyal
C21470,29,15,473.47,4,3,2,9,Potential Loyal
C21471,34,21,353.98,5,4,1,10,Loyal
C21472,36,15,361.25,5,3,1,9,Potential Loyal
C21474,35,8,872.73,5,1,4,10,Loyal
C21476,16,17,310.36,3,3,1,7,Potential Loyal
C21477,15,19,455.97,2,4,2,8,Potential Loyal
C21478,11,14,654.51,2,2,3,7,Potential Loyal
C21479,2,29,466.61,1,5,2,8,Potential Loyal
C21482,6,17,441.08,1,3,2,6,At Risk
C21483,12,17,456.75,2,3,2,7,Potential Loyal
C21485,4,20,1207.66,1,4,5,10,Loyal
C21486,34,20,826.97,5,4,4,13,High Value
C21487,26,27,371.55,4,5,1,10,Loyal
C21489,24,18,1493.21,4,3,5,12,Loyal
C21490,5,23,810.45,1,5,4,10,Loyal
C21491,26,11,830.57,4,2,4,10,Loyal
C21492,16,23,893.6,3,5,4,12,Loyal
C21495,2,22,819.43,1,4,4,9,Potential Loyal
C21496,6,20,363.68,1,4,1,6,At Risk
C21497,27,9,411.73,4,1,2,7,Potential Loyal
C21498,24,23,1221.41,4,5,5,14,High Value
C21499,10,10,431.83,2,2,2,6,At Risk
C21500,18,31,449.62,3,5,2,10,Loyal
C21501,31,9,303.9,5,1,1,7,Potential Loyal
C21504,1,1,826.91,1,1,4,6,At Risk
C21505,3,17,768.91,1,3,4,8,Potential Loyal
C21506,9,18,768.3,2,3,4,9,Potential Loyal
C21507,17,21,738.56,3,4,4,11,Loyal
C21508,22,18,1384.03,3,3,5,11,Loyal
C21509,18,16,897.89,3,3,4,10,Loyal
C21510,15,15,851.15,2,3,4,9,Potential Loyal
C21515,11,20,600.5,2,4,3,9,Potential Loyal
C21516,27,12,746.61,4,2,4,10,Loyal
C21517,9,0,613.47,2,1,3,6,At Risk
C21518,18,10,852.39,3,2,4,9,Potential Loyal
C21519,6,14,384.78,1,2,1,4,Low Engagement
C21522,36,9,362.59,5,1,1,7,Potential Loyal
C21523,36,11,1149.66,5,2,5,12,Loyal
C21524,23,12,1145.19,4,2,5,11,Loyal
C21525,2,6,708.23,1,1,3,5,At Risk
C21526,6,28,457.27,1,5,2,8,Potential Loyal
C21527,0,20,1029.14,1,4,5,10,Loyal
C21530,33,1,372.83,5,1,1,7,Potential Loyal
C21531,35,20,1403.64,5,4,5,14,High Value
C21533,6,20,433.3,1,4,2,7,Potential Loyal
C21534,14,19,330.22,2,4,1,7,Potential Loyal
C21535,12,25,474.02,2,5,2,9,Potential Loyal
C21536,6,18,309.83,1,3,1,5,At Risk
C21537,2,19,617.88,1,4,3,8,Potential Loyal
C21538,23,23,299.28,4,5,1,10,Loyal
C21539,24,8,1382.22,4,1,5,10,Loyal
C21540,26,23,302.91,4,5,1,10,Loyal
C21541,3,13,433.37,1,2,2,5,At Risk
C21542,12,11,306.3,2,2,1,5,At Risk
C21543,23,22,495.71,4,4,3,11,Loyal
C21544,4,29,473.79,1,5,2,8,Potential Loyal
C21545,30,23,670.28,5,5,3,13,High Value
C21547,11,6,442.62,2,1,2,5,At Risk
C21549,14,13,873.29,2,2,4,8,Potential Loyal
C21553,2,16,767.41,1,3,4,8,Potential Loyal
C21554,5,11,312.92,1,2,1,4,Low Engagement
C21555,4,16,452.91,1,3,2,6,At Risk
C21556,24,24,336.41,4,5,1,10,Loyal
C21557,24,19,443.97,4,4,2,10,Loyal
C21559,4,12,454.2,1,2,2,5,At Risk
C21560,17,18,441.66,3,3,2,8,Potential Loyal
C21561,21,9,448.22,3,1,2,6,At Risk
C21562,15,9,1316.51,2,1,5,8,Potential Loyal
C21563,0,17,845.58,1,3,4,8,Potential Loyal
C21567,25,30,393.75,4,5,2,11,Loyal
C21570,16,3,480.58,3,1,3,7,Potential Loyal
C21571,11,9,384.5,2,1,1,4,Low Engagement
C21572,22,12,1168.43,3,2,5,10,Loyal
C21574,7,10,873.07,1,2,4,7,Potential Loyal
C21575,2,9,420.76,1,1,2,4,Low Engagement
C21576,32,16,376.1,5,3,1,9,Potential Loyal
C21577,23,17,841.26,4,3,4,11,Loyal
C21580,22,25,453.76,3,5,2,10,Loyal
C21581,35,10,407.72,5,2,2,9,Potential Loyal
C21582,13,21,314.77,2,4,1,7,Potential Loyal
C21583,8,14,326.83,2,2,1,5,At Risk
C21586,9,14,1194.61,2,2,5,9,Potential Loyal
C21588,31,17,327.15,5,3,1,9,Potential Loyal
C21589,24,21,346.46,4,4,1,9,Potential Loyal
C21592,31,19,310.19,5,4,1,10,Loyal
C21594,36,9,454.73,5,1,2,8,Potential Loyal
C21595,23,18,730.51,4,3,4,11,Loyal
C21596,15,12,628.88,2,2,3,7,Potential Loyal
C21597,15,18,784.2,2,3,4,9,Potential Loyal
C21598,12,4,345.09,2,1,1,4,Low Engagement
C21599,27,21,352.22,4,4,1,9,Potential Loyal
C21601,11,18,466.41,2,3,2,7,Potential Loyal
C21604,32,5,435.15,5,1,2,8,Potential Loyal
C21605,24,22,828.17,4,4,4,12,Loyal
C21606,35,22,662.05,5,4,3,12,Loyal
C21607,3,7,780.53,1,1,4,6,At Risk
C21609,27,15,393.17,4,3,2,9,Potential Loyal
C21610,29,18,318.27,4,3,1,8,Potential Loyal
C21611,25,10,877.56,4,2,4,10,Loyal
C21612,7,16,630.28,1,3,3,7,Potential Loyal
C21614,28,10,425.34,4,2,2,8,Potential Loyal
C21615,20,10,867.61,3,2,4,9,Potential Loyal
C21616,27,28,331.2,4,5,1,10,Loyal
C21618,21,33,320.28,3,5,1,9,Potential Loyal
C21619,2,17,797.46,1,3,4,8,Potential Loyal
C21621,8,28,1250.58,2,5,5,12,Loyal
C21622,22,22,355.81,3,4,1,8,Potential Loyal
C21624,22,15,896.27,3,3,4,10,Loyal
C21625,30,14,453.62,5,2,2,9,Potential Loyal
C21626,30,20,354.37,5,4,1,10,Loyal
C21627,17,17,1355.85,3,3,5,11,Loyal
C21628,5,12,413.76,1,2,2,5,At Risk
C21629,19,22,708.71,3,4,3,10,Loyal
C21630,17,10,662.42,3,2,3,8,Potential Loyal
C21631,7,11,359.56,1,2,1,4,Low Engagement
C21632,16,8,380.13,3,1,1,5,At Risk
C21633,2,13,431.86,1,2,2,5,At Risk
C21635,29,9,491.07,4,1,3,8,Potential Loyal
C21636,6,21,367.73,1,4,1,6,At Risk
C21639,34,22,413.27,5,4,2,11,Loyal
C21640,27,13,443.2,4,2,2,8,Potential Loyal
C21642,7,5,400.68,1,1,2,4,Low Engagement
C21643,23,28,1353.45,4,5,5,14,High Value
C21644,34,0,1099.67,5,1,5,11,Loyal
C21645,35,0,622.84,5,1,3,9,Potential Loyal
C21646,1,19,407.41,1,4,2,7,Potential Loyal
C21647,1,11,1263.31,1,2,5,8,Potential Loyal
C21648,13,12,855.89,2,2,4,8,Potential Loyal
C21650,25,10,709.67,4,2,3,9,Potential Loyal
C21652,12,19,333.37,2,4,1,7,Potential Loyal
C21653,11,13,359.84,2,2,1,5,At Risk
C21654,20,4,370.97,3,1,1,5,At Risk
C21655,30,19,709.87,5,4,3,12,Loyal
C21656,16,24,375.47,3,5,1,9,Potential Loyal
C21657,16,25,366.85,3,5,1,9,Potential Loyal
C21658,35,15,416.83,5,3,2,10,Loyal
C21659,22,3,1205.27,3,1,5,9,Potential Loyal
C21660,14,15,479.99,2,3,3,8,Potential Loyal
C21661,4,12,459.14,1,2,2,5,At Risk
C21663,32,11,661.65,5,2,3,10,Loyal
C21664,9,26,882.13,2,5,4,11,Loyal
C21666,11,8,691.21,2,1,3,6,At Risk
C21667,36,16,828.55,5,3,4,12,Loyal
C21668,31,19,1240.73,5,4,5,14,High Value
C21669,30,10,386.96,5,2,1,8,Potential Loyal
C21670,25,12,1243.28,4,2,5,11,Loyal
C21671,14,24,345.62,2,5,1,8,Potential Loyal
C21672,15,14,802.0,2,2,4,8,Potential Loyal
C21673,27,25,448.25,4,5,2,11,Loyal
C21674,16,26,826.6,3,5,4,12,Loyal
C21675,33,4,1371.06,5,1,5,11,Loyal
C21676,20,16,1436.73,3,3,5,11,Loyal
C21677,35,17,1228.49,5,3,5,13,High Value
C21678,12,10,812.1,2,2,4,8,Potential Loyal
C21679,21,20,416.82,3,4,2,9,Potential Loyal
C21680,1,18,405.89,1,3,2,6,At Risk
C21682,12,19,696.53,2,4,3,9,Potential Loyal
C21683,6,6,345.61,1,1,1,3,Low Engagement
C21684,17,10,802.73,3,2,4,9,Potential Loyal
C21685,11,19,414.03,2,4,2,8,Potential Loyal
C21687,23,23,349.82,4,5,1,10,Loyal
C21688,5,13,1364.37,1,2,5,8,Potential Loyal
C21689,24,23,384.56,4,5,1,10,Loyal
C21690,7,26,849.84,1,5,4,10,Loyal
C21691,28,25,317.16,4,5,1,10,Loyal
C21692,34,22,441.48,5,4,2,11,Loyal
C21693,15,16,419.01,2,3,2,7,Potential Loyal
C21694,2,3,851.22,1,1,4,6,At Risk
C21695,36,19,729.0,5,4,3,12,Loyal
C21698,19,12,1065.85,3,2,5,10,Loyal
C21700,30,6,857.42,5,1,4,10,Loyal
C21701,1,23,416.95,1,5,2,8,Potential Loyal
C21702,3,23,392.54,1,5,2,8,Potential Loyal
C21703,2,24,330.35,1,5,1,7,Potential Loyal
C21706,30,17,1292.82,5,3,5,13,High Value
C21708,1,21,467.14,1,4,2,7,Potential Loyal
C21709,21,9,836.24,3,1,4,8,Potential Loyal
C21710,23,30,888.21,4,5,4,13,High Value
C21711,10,17,421.4,2,3,2,7,Potential Loyal
C21712,0,8,689.04,1,1,3,5,At Risk
C21713,29,3,426.75,4,1,2,7,Potential Loyal
C21714,21,12,412.26,3,2,2,7,Potential Loyal
C21715,5,8,792.39,1,1,4,6,At Risk
C21716,14,17,1062.61,2,3,5,10,Loyal
C21717,23,1,368.38,4,1,1,6,At Risk
C21718,5,24,1393.51,1,5,5,11,Loyal
C21719,36,12,321.98,5,2,1,8,Potential Loyal
C21720,25,8,449.67,4,1,2,7,Potential Loyal
C21721,13,6,1161.59,2,1,5,8,Potential Loyal
C21722,1,9,445.89,1,1,2,4,Low Engagement
C21723,3,25,873.25,1,5,4,10,Loyal
C21724,14,25,497.2,2,5,3,10,Loyal
C21725,29,4,332.54,4,1,1,6,At Risk
C21727,20,22,408.49,3,4,2,9,Potential Loyal
C21729,1,15,392.85,1,3,2,6,At Risk
C21731,24,20,447.27,4,4,2,10,Loyal
C21732,3,3,488.08,1,1,3,5,At Risk
C21733,15,19,404.19,2,4,2,8,Potential Loyal
C21734,35,13,1088.27,5,2,5,12,Loyal
C21738,25,19,751.07,4,4,4,12,Loyal
C21740,15,8,441.75,2,1,2,5,At Risk
C21742,16,24,1322.44,3,5,5,13,High Value
C21743,28,9,1003.1,4,1,4,9,Potential Loyal
C21744,26,17,1138.9,4,3,5,12,Loyal
C21745,31,11,1201.93,5,2,5,12,Loyal
C21746,29,9,782.24,4,1,4,9,Potential Loyal
C21747,31,29,807.25,5,5,4,14,High Value
C21748,34,5,376.05,5,1,1,7,Potential Loyal
C21749,24,16,766.2,4,3,4,11,Loyal
C21750,21,8,366.61,3,1,1,5,At Risk
C21752,17,15,398.24,3,3,2,8,Potential Loyal
C21754,30,26,482.07,5,5,3,13,High Value
C21755,22,14,486.93,3,2,3,8,Potential Loyal
C21756,25,11,344.14,4,2,1,7,Potential Loyal
C21757,17,24,363.73,3,5,1,9,Potential Loyal
C21758,36,13,420.75,5,2,2,9,Potential Loyal
C21759,28,22,414.02,4,4,2,10,Loyal
C21760,9,17,1344.77,2,3,5,10,Loyal
C21761,17,10,394.99,3,2,2,7,Potential Loyal
C21762,8,13,460.02,2,2,2,6,At Risk
C21763,30,14,1196.76,5,2,5,12,Loyal
C21764,14,7,323.25,2,1,1,4,Low Engagement
C21765,7,23,739.59,1,5,4,10,Loyal
C21767,21,13,487.46,3,2,3,8,Potential Loyal
C21770,27,23,496.75,4,5,3,12,Loyal
C21772,27,32,1188.14,4,5,5,14,High Value
C21773,7,14,828.25,1,2,4,7,Potential Loyal
C21775,32,2,361.32,5,1,1,7,Potential Loyal
C21776,8,16,600.68,2,3,3,8,Potential Loyal
C21777,4,7,322.49,1,1,1,3,Low Engagement
C21778,19,26,322.23,3,5,1,9,Potential Loyal
C21779,19,24,445.75,3,5,2,10,Loyal
C21780,15,15,491.16,2,3,3,8,Potential Loyal
C21782,21,17,459.08,3,3,2,8,Potential Loyal
C21784,1,18,758.53,1,3,4,8,Potential Loyal
C21785,23,17,353.71,4,3,1,8,Potential Loyal
C21786,22,7,893.42,3,1,4,8,Potential Loyal
C21788,8,14,676.07,2,2,3,7,Potential Loyal
C21790,26,0,1130.4,4,1,5,10,Loyal
C21791,5,25,368.84,1,5,1,7,Potential Loyal
C21792,23,24,334.65,4,5,1,10,Loyal
C21793,19,2,1066.19,3,1,5,9,Potential Loyal
C21794,5,12,1482.12,1,2,5,8,Potential Loyal
C21795,5,8,321.63,1,1,1,3,Low Engagement
C21796,13,12,1004.52,2,2,4,8,Potential Loyal
C21797,33,19,865.79,5,4,4,13,High Value
C21800,28,23,1473.37,4,5,5,14,High Value
C21801,23,1,1465.17,4,1,5,10,Loyal
C21802,15,5,840.33,2,1,4,7,Potential Loyal
C21804,9,19,477.82,2,4,3,9,Potential Loyal
C21805,4,6,435.61,1,1,2,4,Low Engagement
C21807,31,17,759.9,5,3,4,12,Loyal
C21809,17,15,359.74,3,3,1,7,Potential Loyal
C21810,21,7,438.42,3,1,2,6,At Risk
C21811,10,5,1252.65,2,1,5,8,Potential Loyal
C21812,31,12,1196.18,5,2,5,12,Loyal
C21813,28,21,1168.45,4,4,5,13,High Value
C21814,8,6,698.59,2,1,3,6,At Risk
C21815,33,13,768.76,5,2,4,11,Loyal
C21816,14,2,717.53,2,1,3,6,At Risk
C21817,20,1,424.83,3,1,2,6,At Risk
C21818,36,17,626.13,5,3,3,11,Loyal
C21819,27,12,447.64,4,2,2,8,Potential Loyal
C21820,16,22,495.57,3,4,3,10,Loyal
C21821,15,2,1370.19,2,1,5,8,Potential Loyal
C21822,13,11,797.36,2,2,4,8,Potential Loyal
C21823,5,16,355.7,1,3,1,5,At Risk
C21824,5,18,420.02,1,3,2,6,At Risk
C21826,27,13,821.37,4,2,4,10,Loyal
C21827,9,7,306.4,2,1,1,4,Low Engagement
C21829,26,13,1463.49,4,2,5,11,Loyal
C21830,1,10,705.37,1,2,3,6,At Risk
C21831,27,16,706.66,4,3,3,10,Loyal
C21833,16,12,382.0,3,2,1,6,At Risk
C21834,13,25,493.45,2,5,3,10,Loyal
C21836,34,21,355.76,5,4,1,10,Loyal
C21837,23,5,1254.55,4,1,5,10,Loyal
C21838,7,6,425.16,1,1,2,4,Low Engagement
C21839,10,27,460.09,2,5,2,9,Potential Loyal
C21840,12,11,850.94,2,2,4,8,Potential Loyal
C21841,1,7,362.28,1,1,1,3,Low Engagement
C21842,29,16,372.55,4,3,1,8,Potential Loyal
C21843,25,17,1345.2,4,3,5,12,Loyal
C21845,12,15,392.78,2,3,2,7,Potential Loyal
C21846,22,14,437.53,3,2,2,7,Potential Loyal
C21847,7,29,688.62,1,5,3,9,Potential Loyal
C21848,35,19,354.97,5,4,1,10,Loyal
C21849,31,18,303.34,5,3,1,9,Potential Loyal
C21852,33,17,875.94,5,3,4,12,Loyal
C21854,4,25,338.65,1,5,1,7,Potential Loyal
C21856,9,11,477.44,2,2,3,7,Potential Loyal
C21857,15,23,1220.99,2,5,5,12,Loyal
C21858,16,4,731.5,3,1,4,8,Potential Loyal
C21859,26,13,431.61,4,2,2,8,Potential Loyal
C21860,3,23,399.97,1,5,2,8,Potential Loyal
C21863,20,18,741.51,3,3,4,10,Loyal
C21865,4,13,367.22,1,2,1,4,Low Engagement
C21866,23,34,382.44,4,5,1,10,Loyal
C21868,7,21,361.85,1,4,1,6,At Risk
C21870,18,18,1028.7,3,3,5,11,Loyal
C21871,11,11,413.74,2,2,2,6,At Risk
C21872,36,30,485.62,5,5,3,13,High Value
C21875,17,9,423.99,3,1,2,6,At Risk
C21876,18,15,755.96,3,3,4,10,Loyal
C21877,20,15,1019.2,3,3,5,11,Loyal
C21878,23,15,817.69,4,3,4,11,Loyal
C21879,11,17,300.66,2,3,1,6,At Risk
C21880,24,11,393.21,4,2,2,8,Potential Loyal
C21882,25,18,1234.69,4,3,5,12,Loyal
C21883,11,6,1060.03,2,1,5,8,Potential Loyal
C21884,27,18,401.28,4,3,2,9,Potential Loyal
C21885,12,12,851.18,2,2,4,8,Potential Loyal
C21887,26,27,1220.8,4,5,5,14,High Value
C21888,7,23,303.82,1,5,1,7,Potential Loyal
C21889,14,10,401.48,2,2,2,6,At Risk
C21891,30,10,634.26,5,2,3,10,Loyal
C21893,6,9,362.06,1,1,1,3,Low Engagement
C21894,6,17,1055.38,1,3,5,9,Potential Loyal
C21895,6,29,733.86,1,5,4,10,Loyal
C21896,32,6,474.65,5,1,2,8,Potential Loyal
C21897,20,21,1275.23,3,4,5,12,Loyal
C21898,10,4,407.6,2,1,2,5,At Risk
C21899,28,12,1038.56,4,2,5,11,Loyal
C21902,17,16,357.7,3,3,1,7,Potential Loyal
C21903,17,25,882.5,3,5,4,12,Loyal
C21904,32,10,1344.66,5,2,5,12,Loyal
C21906,4,27,690.43,1,5,3,9,Potential Loyal
C21907,18,15,883.1,3,3,4,10,Loyal
C21908,22,23,689.09,3,5,3,11,Loyal
C21909,11,2,892.23,2,1,4,7,Potential Loyal
C21910,24,18,1394.36,4,3,5,12,Loyal
C21911,5,10,795.37,1,2,4,7,Potential Loyal
C21912,10,20,709.86,2,4,3,9,Potential Loyal
C21913,20,6,869.42,3,1,4,8,Potential Loyal
C21914,25,17,329.77,4,3,1,8,Potential Loyal
C21915,25,21,1072.82,4,4,5,13,High Value
C21916,5,26,641.56,1,5,3,9,Potential Loyal
C21917,22,15,396.05,3,3,2,8,Potential Loyal
C21918,12,7,464.83,2,1,2,5,At Risk
C21919,26,8,1331.22,4,1,5,10,Loyal
C21920,7,31,316.0,1,5,1,7,Potential Loyal
C21922,0,27,1148.96,1,5,5,11,Loyal
C21927,3,21,743.87,1,4,4,9,Potential Loyal
C21930,35,18,853.08,5,3,4,12,Loyal
C21933,31,12,670.03,5,2,3,10,Loyal
C21934,5,27,768.52,1,5,4,10,Loyal
C21935,9,6,486.72,2,1,3,6,At Risk
C21936,36,24,437.25,5,5,2,12,Loyal
C21937,4,22,885.54,1,4,4,9,Potential Loyal
C21938,34,12,654.55,5,2,3,10,Loyal
C21941,32,28,323.59,5,5,1,11,Loyal
C21943,15,12,1114.03,2,2,5,9,Potential Loyal
C21946,32,6,457.41,5,1,2,8,Potential Loyal
C21947,28,19,384.48,4,4,1,9,Potential Loyal
C21949,17,11,398.28,3,2,2,7,Potential Loyal
C21952,32,28,325.44,5,5,1,11,Loyal
C21953,2,10,408.39,1,2,2,5,At Risk
C21955,14,31,1010.06,2,5,5,12,Loyal
C21956,27,9,709.35,4,1,3,8,Potential Loyal
C21957,20,24,370.76,3,5,1,9,Potential Loyal
C21958,21,3,834.4,3,1,4,8,Potential Loyal
C21960,8,13,662.34,2,2,3,7,Potential Loyal
C21961,3,22,1006.07,1,4,5,10,Loyal
C21962,13,5,875.78,2,1,4,7,Potential Loyal
C21963,33,26,495.62,5,5,3,13,High Value
C21965,10,10,406.39,2,2,2,6,At Risk
C21966,18,17,686.76,3,3,3,9,Potential Loyal
C21967,26,3,427.84,4,1,2,7,Potential Loyal
C21968,36,0,1030.6,5,1,5,11,Loyal
C21969,8,15,385.17,2,3,1,6,At Risk
C21971,28,14,719.39,4,2,3,9,Potential Loyal
C21972,24,12,329.45,4,2,1,7,Potential Loyal
C21973,30,15,455.82,5,3,2,10,Loyal
C21974,1,25,462.44,1,5,2,8,Potential Loyal
C21975,16,13,1316.41,3,2,5,10,Loyal
C21977,5,10,407.71,1,2,2,5,At Risk
C21980,9,7,1159.13,2,1,5,8,Potential Loyal
C21981,33,0,471.02,5,1,2,8,Potential Loyal
C21982,34,9,666.73,5,1,3,9,Potential Loyal
C21983,25,17,306.39,4,3,1,8,Potential Loyal
C21984,20,17,804.63,3,3,4,10,Loyal
C21987,0,19,878.47,1,4,4,9,Potential Loyal
C21988,4,9,362.27,1,1,1,3,Low Engagement
C21989,10,21,740.96,2,4,4,10,Loyal
C21990,31,20,847.07,5,4,4,13,High Value
C21991,20,29,822.25,3,5,4,12,Loyal
C21992,4,14,1453.25,1,2,5,8,Potential Loyal
C21993,36,13,482.69,5,2,3,10,Loyal
C21994,1,24,1359.65,1,5,5,11,Loyal
C21995,17,21,1355.2,3,4,5,12,Loyal
C21996,1,19,369.21,1,4,1,6,At Risk
C21997,14,10,843.31,2,2,4,8,Potential Loyal
C21998,16,25,1380.2,3,5,5,13,High Value
C22000,18,19,398.84,3,4,2,9,Potential Loyal
C22001,6,22,841.1,1,4,4,9,Potential Loyal
C22002,0,21,431.69,1,4,2,7,Potential Loyal
C22003,28,19,1409.11,4,4,5,13,High Value
C22004,15,33,636.34,2,5,3,10,Loyal
C22005,12,20,784.07,2,4,4,10,Loyal
C22006,0,15,684.07,1,3,3,7,Potential Loyal
C22007,9,11,885.39,2,2,4,8,Potential Loyal
C22009,4,14,362.89,1,2,1,4,Low Engagement
C22010,14,14,759.35,2,2,4,8,Potential Loyal
C22011,27,6,487.23,4,1,3,8,Potential Loyal
C22012,30,12,682.24,5,2,3,10,Loyal
C22017,7,9,1243.89,1,1,5,7,Potential Loyal
C22018,34,17,339.62,5,3,1,9,Potential Loyal
C22019,26,19,680.17,4,4,3,11,Loyal
C22020,14,19,644.32,2,4,3,9,Potential Loyal
C22021,23,26,375.68,4,5,1,10,Loyal
C22022,23,8,693.26,4,1,3,8,Potential Loyal
C22023,6,14,453.52,1,2,2,5,At Risk
C22024,27,24,863.7,4,5,4,13,High Value
C22027,25,29,343.98,4,5,1,10,Loyal
C22028,29,12,732.57,4,2,4,10,Loyal
C22029,20,16,850.85,3,3,4,10,Loyal
C22030,10,24,779.92,2,5,4,11,Loyal
C22033,33,13,1313.41,5,2,5,12,Loyal
C22034,17,7,826.25,3,1,4,8,Potential Loyal
C22035,35,26,374.89,5,5,1,11,Loyal
C22036,21,3,343.01,3,1,1,5,At Risk
C22038,28,0,1328.36,4,1,5,10,Loyal
C22039,16,11,746.32,3,2,4,9,Potential Loyal
C22040,27,10,466.5,4,2,2,8,Potential Loyal
C22041,19,25,369.88,3,5,1,9,Potential Loyal
C22043,10,20,485.61,2,4,3,9,Potential Loyal
C22044,26,8,410.35,4,1,2,7,Potential Loyal
C22046,9,30,697.36,2,5,3,10,Loyal
C22047,33,24,486.95,5,5,3,13,High Value
C22048,36,19,360.42,5,4,1,10,Loyal
C22049,22,20,1032.46,3,4,5,12,Loyal
C22050,1,15,770.16,1,3,4,8,Potential Loyal
C22051,35,19,892.12,5,4,4,13,High Value
C22052,22,22,493.39,3,4,3,10,Loyal
C22053,25,22,312.37,4,4,1,9,Potential Loyal
C22054,14,10,469.38,2,2,2,6,At Risk
C22055,22,13,789.33,3,2,4,9,Potential Loyal
C22056,28,15,319.05,4,3,1,8,Potential Loyal
C22057,2,13,1300.84,1,2,5,8,Potential Loyal
C22059,25,19,437.83,4,4,2,10,Loyal
C22061,24,8,324.09,4,1,1,6,At Risk
C22062,5,24,1052.16,1,5,5,11,Loyal
C22064,27,24,1050.82,4,5,5,14,High Value
C22065,26,24,1356.83,4,5,5,14,High Value
C22066,10,18,333.44,2,3,1,6,At Risk
C22067,29,15,734.95,4,3,4,11,Loyal
C22069,2,9,693.14,1,1,3,5,At Risk
C22071,33,15,335.22,5,3,1,9,Potential Loyal
C22073,28,19,458.86,4,4,2,10,Loyal
C22074,2,22,639.23,1,4,3,8,Potential Loyal
C22075,17,24,756.26,3,5,4,12,Loyal
C22076,7,22,796.31,1,4,4,9,Potential Loyal
C22077,5,5,840.23,1,1,4,6,At Risk
C22078,27,24,445.53,4,5,2,11,Loyal
C22079,10,16,750.19,2,3,4,9,Potential Loyal
C22080,31,8,752.23,5,1,4,10,Loyal
C22081,26,15,1257.75,4,3,5,12,Loyal
C22083,16,14,1131.04,3,2,5,10,Loyal
C22084,25,18,388.42,4,3,2,9,Potential Loyal
C22085,35,3,749.16,5,1,4,10,Loyal
C22087,12,12,330.05,2,2,1,5,At Risk
C22088,5,0,484.99,1,1,3,5,At Risk
C22089,17,18,1388.28,3,3,5,11,Loyal
C22090,8,13,1413.4,2,2,5,9,Potential Loyal
C22091,23,19,713.66,4,4,3,11,Loyal
C22093,9,8,463.31,2,1,2,5,At Risk
C22094,30,16,649.31,5,3,3,11,Loyal
C22095,23,19,747.44,4,4,4,12,Loyal
C22096,6,20,1143.86,1,4,5,10,Loyal
C22097,19,17,1090.91,3,3,5,11,Loyal
C22098,1,7,420.63,1,1,2,4,Low Engagement
C22099,0,12,392.28,1,2,2,5,At Risk
C22101,4,13,411.52,1,2,2,5,At Risk
C22102,30,28,1453.25,5,5,5,15,High Value
C22103,25,0,724.59,4,1,3,8,Potential Loyal
C22104,28,20,835.72,4,4,4,12,Loyal
C22106,16,18,786.99,3,3,4,10,Loyal
C22107,5,21,720.52,1,4,3,8,Potential Loyal
C22108,14,14,713.42,2,2,3,7,Potential Loyal
C22109,5,12,1174.16,1,2,5,8,Potential Loyal
C22110,32,12,484.79,5,2,3,10,Loyal
C22112,26,24,884.27,4,5,4,13,High Value
C22113,31,22,469.88,5,4,2,11,Loyal
C22114,31,15,347.77,5,3,1,9,Potential Loyal
C22115,3,24,492.32,1,5,3,9,Potential Loyal
C22119,24,9,1322.81,4,1,5,10,Loyal
C22120,2,22,408.39,1,4,2,7,Potential Loyal
C22121,9,10,1001.33,2,2,4,8,Potential Loyal
C22122,1,8,488.21,1,1,3,5,At Risk
C22123,8,7,486.69,2,1,3,6,At Risk
C22124,13,17,1032.2,2,3,5,10,Loyal
C22125,4,21,892.11,1,4,4,9,Potential Loyal
C22126,27,20,841.8,4,4,4,12,Loyal
C22127,33,23,1095.32,5,5,5,15,High Value
C22128,18,18,648.28,3,3,3,9,Potential Loyal
C22130,25,9,1290.47,4,1,5,10,Loyal
C22131,36,24,608.32,5,5,3,13,High Value
C22132,22,13,747.68,3,2,4,9,Potential Loyal
C22133,34,7,324.77,5,1,1,7,Potential Loyal
C22134,34,16,366.82,5,3,1,9,Potential Loyal
C22135,3,18,835.84,1,3,4,8,Potential Loyal
C22136,0,6,783.18,1,1,4,6,At Risk
C22137,15,21,397.99,2,4,2,8,Potential Loyal
C22138,27,10,1426.76,4,2,5,11,Loyal
C22140,17,17,664.39,3,3,3,9,Potential Loyal
C22141,20,10,785.76,3,2,4,9,Potential Loyal
C22142,14,24,333.01,2,5,1,8,Potential Loyal
C22144,16,19,363.24,3,4,1,8,Potential Loyal
C22145,17,13,692.38,3,2,3,8,Potential Loyal
C22146,4,7,607.36,1,1,3,5,At Risk
C22147,5,18,1430.39,1,3,5,9,Potential Loyal
C22148,23,22,1031.75,4,4,5,13,High Value
C22149,29,12,372.84,4,2,1,7,Potential Loyal
C22151,20,18,431.85,3,3,2,8,Potential Loyal
C22152,9,11,418.0,2,2,2,6,At Risk
C22153,36,12,402.0,5,2,2,9,Potential Loyal
C22154,21,13,434.93,3,2,2,7,Potential Loyal
C22155,13,21,412.79,2,4,2,8,Potential Loyal
C22157,4,19,1428.26,1,4,5,10,Loyal
C22158,32,31,306.95,5,5,1,11,Loyal
C22161,29,26,761.55,4,5,4,13,High Value
C22162,8,4,1005.6,2,1,5,8,Potential Loyal
C22163,23,20,603.25,4,4,3,11,Loyal
C22164,21,15,1489.31,3,3,5,11,Loyal
C22166,9,17,448.86,2,3,2,7,Potential Loyal
C22169,12,15,487.17,2,3,3,8,Potential Loyal
C22170,17,15,744.14,3,3,4,10,Loyal
C22171,11,15,1072.56,2,3,5,10,Loyal
C22172,10,27,299.23,2,5,1,8,Potential Loyal
C22173,15,15,1310.56,2,3,5,10,Loyal
C22174,35,26,1333.2,5,5,5,15,High Value
C22177,22,19,324.66,3,4,1,8,Potential Loyal
C22178,8,17,395.17,2,3,2,7,Potential Loyal
C22181,4,12,645.07,1,2,3,6,At Risk
C22183,32,16,421.82,5,3,2,10,Loyal
C22185,22,8,387.61,3,1,1,5,At Risk
C22186,15,8,1182.59,2,1,5,8,Potential Loyal
C22187,18,4,421.89,3,1,2,6,At Risk
C22189,27,23,710.64,4,5,3,12,Loyal
C22190,12,28,450.78,2,5,2,9,Potential Loyal
C22191,18,15,410.56,3,3,2,8,Potential Loyal
C22192,31,21,1110.84,5,4,5,14,High Value
C22194,27,29,412.63,4,5,2,11,Loyal
C22197,31,10,676.7,5,2,3,10,Loyal
C22198,15,22,744.07,2,4,4,10,Loyal
C22199,1,9,414.26,1,1,2,4,Low Engagement
C22200,23,20,397.62,4,4,2,10,Loyal
C22201,14,24,385.04,2,5,1,8,Potential Loyal
C22202,26,7,349.63,4,1,1,6,At Risk
C22203,16,31,1471.46,3,5,5,13,High Value
C22204,19,10,371.58,3,2,1,6,At Risk
C22205,10,7,647.17,2,1,3,6,At Risk
C22206,12,19,325.28,2,4,1,7,Potential Loyal
C22207,2,11,405.09,1,2,2,5,At Risk
C22210,8,19,872.73,2,4,4,10,Loyal
C22211,19,15,380.66,3,3,1,7,Potential Loyal
C22212,35,14,1090.6,5,2,5,12,Loyal
C22213,15,18,1014.94,2,3,5,10,Loyal
C22214,33,11,1252.23,5,2,5,12,Loyal
C22215,17,5,608.01,3,1,3,7,Potential Loyal
C22219,33,14,374.63,5,2,1,8,Potential Loyal
C22220,11,2,326.33,2,1,1,4,Low Engagement
C22221,19,4,770.25,3,1,4,8,Potential Loyal
C22222,32,14,887.86,5,2,4,11,Loyal
C22224,11,9,1013.8,2,1,5,8,Potential Loyal
C22225,20,23,306.17,3,5,1,9,Potential Loyal
C22226,8,8,1270.45,2,1,5,8,Potential Loyal
C22227,21,18,778.42,3,3,4,10,Loyal
C22228,31,16,380.89,5,3,1,9,Potential Loyal
C22230,0,8,633.29,1,1,3,5,At Risk
C22231,21,25,740.68,3,5,4,12,Loyal
C22234,32,15,822.44,5,3,4,12,Loyal
C22235,31,13,599.64,5,2,3,10,Loyal
C22236,3,19,388.2,1,4,2,7,Potential Loyal
C22237,25,2,433.4,4,1,2,7,Potential Loyal
C22238,31,9,343.64,5,1,1,7,Potential Loyal
C22239,4,17,624.61,1,3,3,7,Potential Loyal
C22240,25,12,439.1,4,2,2,8,Potential Loyal
C22241,28,12,354.67,4,2,1,7,Potential Loyal
C22242,12,2,779.21,2,1,4,7,Potential Loyal
C22243,34,21,448.72,5,4,2,11,Loyal
C22244,17,7,744.94,3,1,4,8,Potential Loyal
C22245,31,19,1312.46,5,4,5,14,High Value
C22247,17,7,410.74,3,1,2,6,At Risk
C22248,0,19,361.0,1,4,1,6,At Risk
C22249,31,21,1245.52,5,4,5,14,High Value
C22250,4,3,347.24,1,1,1,3,Low Engagement
C22252,19,21,395.28,3,4,2,9,Potential Loyal
C22254,3,10,1355.01,1,2,5,8,Potential Loyal
C22256,16,23,328.45,3,5,1,9,Potential Loyal
C22260,35,3,796.49,5,1,4,10,Loyal
C22261,35,32,1117.96,5,5,5,15,High Value
C22262,11,11,327.07,2,2,1,5,At Risk
C22264,33,23,639.02,5,5,3,13,High Value
C22267,28,7,385.96,4,1,1,6,At Risk
C22268,32,16,1195.63,5,3,5,13,High Value
C22269,25,9,466.04,4,1,2,7,Potential Loyal
C22270,35,9,394.01,5,1,2,8,Potential Loyal
C22271,9,19,437.53,2,4,2,8,Potential Loyal
C22274,10,19,679.91,2,4,3,9,Potential Loyal
C22275,24,12,368.75,4,2,1,7,Potential Loyal
C22276,36,8,416.19,5,1,2,8,Potential Loyal
C22278,34,14,615.6,5,2,3,10,Loyal
C22279,27,3,487.16,4,1,3,8,Potential Loyal
C22280,16,26,1144.11,3,5,5,13,High Value
C22282,16,6,313.41,3,1,1,5,At Risk
C22284,19,11,468.77,3,2,2,7,Potential Loyal
C22286,3,12,1422.23,1,2,5,8,Potential Loyal
C22287,23,8,428.52,4,1,2,7,Potential Loyal
C22288,34,6,886.22,5,1,4,10,Loyal
C22289,2,10,493.52,1,2,3,6,At Risk
C22290,36,23,483.6,5,5,3,13,High Value
C22292,26,5,723.16,4,1,3,8,Potential Loyal
C22293,30,8,1378.81,5,1,5,11,Loyal
C22294,9,10,340.86,2,2,1,5,At Risk
C22295,28,25,456.95,4,5,2,11,Loyal
C22297,8,9,1426.84,2,1,5,8,Potential Loyal
C22298,15,24,809.02,2,5,4,11,Loyal
C22299,2,16,668.15,1,3,3,7,Potential Loyal
C22300,24,21,393.47,4,4,2,10,Loyal
C22304,5,19,1293.54,1,4,5,10,Loyal
C22305,16,7,478.6,3,1,3,7,Potential Loyal
C22306,36,0,603.98,5,1,3,9,Potential Loyal
C22307,24,13,659.77,4,2,3,9,Potential Loyal
C22308,12,15,441.26,2,3,2,7,Potential Loyal
C22309,5,0,890.4,1,1,4,6,At Risk
C22311,9,13,350.47,2,2,1,5,At Risk
C22313,24,10,813.57,4,2,4,10,Loyal
C22314,26,29,323.24,4,5,1,10,Loyal
C22315,12,10,480.87,2,2,3,7,Potential Loyal
C22317,33,6,1278.98,5,1,5,11,Loyal
C22318,8,26,739.34,2,5,4,11,Loyal
C22319,13,9,493.65,2,1,3,6,At Risk
C22320,15,16,1462.64,2,3,5,10,Loyal
C22321,14,13,865.91,2,2,4,8,Potential Loyal
C22324,30,15,400.33,5,3,2,10,Loyal
C22325,8,24,1289.59,2,5,5,12,Loyal
C22326,5,26,308.51,1,5,1,7,Potential Loyal
C22327,30,9,607.43,5,1,3,9,Potential Loyal
C22328,20,23,447.8,3,5,2,10,Loyal
C22329,11,26,623.78,2,5,3,10,Loyal
C22330,12,1,1099.73,2,1,5,8,Potential Loyal
C22331,2,23,659.21,1,5,3,9,Potential Loyal
C22332,5,21,456.36,1,4,2,7,Potential Loyal
C22333,6,20,1194.76,1,4,5,10,Loyal
C22334,16,14,685.43,3,2,3,8,Potential Loyal
C22336,17,8,799.04,3,1,4,8,Potential Loyal
C22337,21,25,1344.75,3,5,5,13,High Value
C22338,34,28,1133.56,5,5,5,15,High Value
C22339,1,16,773.99,1,3,4,8,Potential Loyal
C22340,0,29,307.47,1,5,1,7,Potential Loyal
C22342,21,18,1318.55,3,3,5,11,Loyal
C22344,21,32,425.19,3,5,2,10,Loyal
C22345,21,26,303.15,3,5,1,9,Potential Loyal
C22346,12,3,690.71,2,1,3,6,At Risk
C22347,30,27,354.48,5,5,1,11,Loyal
C22349,19,20,665.87,3,4,3,10,Loyal
C22350,19,9,729.23,3,1,3,7,Potential Loyal
C22351,35,13,715.26,5,2,3,10,Loyal
C22352,32,13,338.52,5,2,1,8,Potential Loyal
C22353,25,33,310.68,4,5,1,10,Loyal
C22354,30,12,1347.25,5,2,5,12,Loyal
C22356,16,19,307.91,3,4,1,8,Potential Loyal
C22357,34,2,631.81,5,1,3,9,Potential Loyal
C22358,33,7,352.33,5,1,1,7,Potential Loyal
C22359,17,19,1460.85,3,4,5,12,Loyal
C22360,17,29,487.64,3,5,3,11,Loyal
C22362,35,23,388.9,5,5,2,12,Loyal
C22363,3,17,482.39,1,3,3,7,Potential Loyal
C22364,21,11,678.77,3,2,3,8,Potential Loyal
C22367,19,9,312.49,3,1,1,5,At Risk
C22368,21,23,658.84,3,5,3,11,Loyal
C22369,13,25,852.33,2,5,4,11,Loyal
C22370,27,6,1156.89,4,1,5,10,Loyal
C22371,26,16,409.94,4,3,2,9,Potential Loyal
C22372,0,5,731.89,1,1,4,6,At Risk
C22375,1,12,833.18,1,2,4,7,Potential Loyal
C22376,4,20,357.1,1,4,1,6,At Risk
C22377,19,8,438.99,3,1,2,6,At Risk
C22378,30,11,1168.52,5,2,5,12,Loyal
C22379,32,15,340.5,5,3,1,9,Potential Loyal
C22380,21,24,1216.35,3,5,5,13,High Value
C22381,35,20,1066.67,5,4,5,14,High Value
C22382,18,11,841.95,3,2,4,9,Potential Loyal
C22383,19,22,1176.44,3,4,5,12,Loyal
C22384,16,10,381.18,3,2,1,6,At Risk
C22385,27,15,749.69,4,3,4,11,Loyal
C22386,13,17,492.67,2,3,3,8,Potential Loyal
C22388,9,24,356.17,2,5,1,8,Potential Loyal
C22389,34,6,673.82,5,1,3,9,Potential Loyal
C22390,31,10,1463.0,5,2,5,12,Loyal
C22391,16,29,359.53,3,5,1,9,Potential Loyal
C22392,4,17,669.53,1,3,3,7,Potential Loyal
C22393,30,3,309.76,5,1,1,7,Potential Loyal
C22394,12,25,1274.32,2,5,5,12,Loyal
C22395,22,9,301.48,3,1,1,5,At Risk
C22396,9,17,474.44,2,3,2,7,Potential Loyal
C22398,32,20,1166.58,5,4,5,14,High Value
C22399,2,12,620.55,1,2,3,6,At Risk
C22400,13,24,309.45,2,5,1,8,Potential Loyal
C22401,11,3,339.64,2,1,1,4,Low Engagement
C22402,1,22,318.55,1,4,1,6,At Risk
C22404,2,14,405.08,1,2,2,5,At Risk
C22406,4,5,429.27,1,1,2,4,Low Engagement
C22407,3,9,332.07,1,1,1,3,Low Engagement
C22408,19,3,449.47,3,1,2,6,At Risk
C22409,6,14,422.38,1,2,2,5,At Risk
C22410,3,17,710.18,1,3,3,7,Potential Loyal
C22412,26,25,474.4,4,5,2,11,Loyal
C22413,19,15,373.51,3,3,1,7,Potential Loyal
C22414,24,17,462.16,4,3,2,9,Potential Loyal
C22416,21,24,1234.98,3,5,5,13,High Value
C22417,1,6,1102.44,1,1,5,7,Potential Loyal
C22419,12,7,306.95,2,1,1,4,Low Engagement
C22420,25,30,1220.84,4,5,5,14,High Value
C22421,19,22,753.42,3,4,4,11,Loyal
C22422,23,27,627.26,4,5,3,12,Loyal
C22423,7,29,433.61,1,5,2,8,Potential Loyal
C22424,21,20,633.58,3,4,3,10,Loyal
C22425,34,26,1433.11,5,5,5,15,High Value
C22426,36,10,1230.23,5,2,5,12,Loyal
C22427,25,19,1328.35,4,4,5,13,High Value
C22428,31,23,851.72,5,5,4,14,High Value
C22429,2,8,425.75,1,1,2,4,Low Engagement
C22430,12,19,313.27,2,4,1,7,Potential Loyal
C22431,0,21,614.16,1,4,3,8,Potential Loyal
C22432,22,4,811.32,3,1,4,8,Potential Loyal
C22435,18,19,1053.92,3,4,5,12,Loyal
C22436,32,14,1106.29,5,2,5,12,Loyal
C22437,35,30,1323.04,5,5,5,15,High Value
C22439,7,21,1067.86,1,4,5,10,Loyal
C22441,20,11,372.99,3,2,1,6,At Risk
C22442,14,17,485.87,2,3,3,8,Potential Loyal
C22443,13,14,1269.23,2,2,5,9,Potential Loyal
C22444,26,7,1021.16,4,1,5,10,Loyal
C22445,19,2,420.32,3,1,2,6,At Risk
C22446,24,18,1060.24,4,3,5,12,Loyal
C22447,11,12,1440.37,2,2,5,9,Potential Loyal
C22449,6,8,619.08,1,1,3,5,At Risk
C22450,6,18,428.33,1,3,2,6,At Risk
C22452,7,10,735.99,1,2,4,7,Potential Loyal
C22453,9,23,736.89,2,5,4,11,Loyal
C22454,32,8,849.64,5,1,4,10,Loyal
C22455,34,14,470.35,5,2,2,9,Potential Loyal
C22456,19,18,408.14,3,3,2,8,Potential Loyal
C22457,14,8,410.09,2,1,2,5,At Risk
C22458,34,7,1391.52,5,1,5,11,Loyal
C22459,23,16,491.23,4,3,3,10,Loyal
C22460,10,25,404.59,2,5,2,9,Potential Loyal
C22461,6,5,399.59,1,1,2,4,Low Engagement
C22463,14,12,301.19,2,2,1,5,At Risk
C22465,35,15,471.57,5,3,2,10,Loyal
C22466,4,22,421.36,1,4,2,7,Potential Loyal
C22467,0,17,654.21,1,3,3,7,Potential Loyal
C22468,14,30,648.55,2,5,3,10,Loyal
C22469,30,19,1414.85,5,4,5,14,High Value
C22470,34,21,721.94,5,4,3,12,Loyal
C22471,27,17,1404.87,4,3,5,12,Loyal
C22472,5,25,428.84,1,5,2,8,Potential Loyal
C22473,33,21,382.28,5,4,1,10,Loyal
C22474,7,27,810.12,1,5,4,10,Loyal
C22476,20,20,363.75,3,4,1,8,Potential Loyal
C22477,4,18,457.77,1,3,2,6,At Risk
C22480,14,9,301.9,2,1,1,4,Low Engagement
C22481,10,13,306.86,2,2,1,5,At Risk
C22482,12,11,692.99,2,2,3,7,Potential Loyal
C22483,30,0,455.87,5,1,2,8,Potential Loyal
C22484,15,3,863.58,2,1,4,7,Potential Loyal
C22486,27,12,819.89,4,2,4,10,Loyal
C22487,10,14,679.73,2,2,3,7,Potential Loyal
C22488,30,12,481.83,5,2,3,10,Loyal
C22490,9,14,1361.23,2,2,5,9,Potential Loyal
C22492,24,6,339.56,4,1,1,6,At Risk
C22494,3,13,386.66,1,2,1,4,Low Engagement
C22495,28,13,492.95,4,2,3,9,Potential Loyal
C22496,34,15,781.28,5,3,4,12,Loyal
C22497,31,8,1144.72,5,1,5,11,Loyal
C22500,17,26,337.82,3,5,1,9,Potential Loyal
C22502,20,29,480.47,3,5,3,11,Loyal
C22503,20,10,665.67,3,2,3,8,Potential Loyal
C22504,12,9,424.07,2,1,2,5,At Risk
C22505,13,25,485.33,2,5,3,10,Loyal
C22508,27,18,855.63,4,3,4,11,Loyal
C22509,8,3,838.63,2,1,4,7,Potential Loyal
C22510,29,7,492.33,4,1,3,8,Potential Loyal
C22511,21,6,1333.78,3,1,5,9,Potential Loyal
C22512,1,14,328.2,1,2,1,4,Low Engagement
C22515,26,13,897.17,4,2,4,10,Loyal
C22516,33,13,433.26,5,2,2,9,Potential Loyal
C22517,20,15,339.11,3,3,1,7,Potential Loyal
C22518,13,14,815.72,2,2,4,8,Potential Loyal
C22519,32,12,701.8,5,2,3,10,Loyal
C22523,30,5,778.36,5,1,4,10,Loyal
C22524,34,29,647.33,5,5,3,13,High Value
C22525,0,15,397.07,1,3,2,6,At Risk
C22530,34,14,415.89,5,2,2,9,Potential Loyal
C22531,19,14,316.68,3,2,1,6,At Risk
C22534,30,22,412.32,5,4,2,11,Loyal
C22535,0,15,655.62,1,3,3,7,Potential Loyal
C22536,3,7,359.25,1,1,1,3,Low Engagement
C22537,15,7,447.91,2,1,2,5,At Risk
C22538,0,26,415.6,1,5,2,8,Potential Loyal
C22539,12,12,680.36,2,2,3,7,Potential Loyal
C22541,27,17,422.84,4,3,2,9,Potential Loyal
C22543,24,22,1302.36,4,4,5,13,High Value
C22544,12,24,640.54,2,5,3,10,Loyal
C22545,10,23,653.89,2,5,3,10,Loyal
C22547,31,21,367.08,5,4,1,10,Loyal
C22548,29,20,824.65,4,4,4,12,Loyal
C22549,15,2,447.46,2,1,2,5,At Risk
C22551,9,1,751.53,2,1,4,7,Potential Loyal
C22552,12,11,880.24,2,2,4,8,Potential Loyal
C22553,33,18,599.29,5,3,3,11,Loyal
C22554,27,35,1388.39,4,5,5,14,High Value
C22556,2,34,314.77,1,5,1,7,Potential Loyal
C22559,34,2,315.14,5,1,1,7,Potential Loyal
C22562,28,17,1175.5,4,3,5,12,Loyal
C22563,30,17,893.62,5,3,4,12,Loyal
C22565,34,24,484.48,5,5,3,13,High Value
C22566,21,17,1380.94,3,3,5,11,Loyal
C22567,27,24,1097.7,4,5,5,14,High Value
C22568,4,15,1157.23,1,3,5,9,Potential Loyal
C22569,22,14,700.16,3,2,3,8,Potential Loyal
C22570,13,8,778.88,2,1,4,7,Potential Loyal
C22571,13,22,746.2,2,4,4,10,Loyal
C22572,4,24,1293.9,1,5,5,11,Loyal
C22573,11,9,819.81,2,1,4,7,Potential Loyal
C22574,15,11,454.37,2,2,2,6,At Risk
C22576,35,21,435.46,5,4,2,11,Loyal
C22577,29,10,352.24,4,2,1,7,Potential Loyal
C22580,12,18,416.8,2,3,2,7,Potential Loyal
C22582,30,9,428.31,5,1,2,8,Potential Loyal
C22583,11,27,420.25,2,5,2,9,Potential Loyal
C22584,28,26,407.19,4,5,2,11,Loyal
C22585,19,4,702.1,3,1,3,7,Potential Loyal
C22588,34,18,768.2,5,3,4,12,Loyal
C22589,7,18,462.76,1,3,2,6,At Risk
C22590,1,25,610.9,1,5,3,9,Potential Loyal
C22593,15,9,323.21,2,1,1,4,Low Engagement
C22595,34,6,610.39,5,1,3,9,Potential Loyal
C22597,33,12,1233.68,5,2,5,12,Loyal
C22598,25,10,409.88,4,2,2,8,Potential Loyal
C22599,0,8,751.52,1,1,4,6,At Risk
C22601,16,8,377.99,3,1,1,5,At Risk
C22602,4,16,455.72,1,3,2,6,At Risk
C22603,32,18,435.0,5,3,2,10,Loyal
C22604,18,13,411.54,3,2,2,7,Potential Loyal
C22605,24,10,788.49,4,2,4,10,Loyal
C22606,31,10,370.62,5,2,1,8,Potential Loyal
C22607,19,23,1491.1,3,5,5,13,High Value
C22608,23,13,1180.86,4,2,5,11,Loyal
C22609,3,24,862.8,1,5,4,10,Loyal
C22610,21,10,305.01,3,2,1,6,At Risk
C22611,12,22,399.7,2,4,2,8,Potential Loyal
C22612,27,6,709.3,4,1,3,8,Potential Loyal
C22613,31,12,1219.04,5,2,5,12,Loyal
C22617,6,17,1256.22,1,3,5,9,Potential Loyal
C22618,24,10,399.56,4,2,2,8,Potential Loyal
C22619,25,33,868.28,4,5,4,13,High Value
C22620,0,27,865.31,1,5,4,10,Loyal
C22622,29,24,672.42,4,5,3,12,Loyal
C22624,17,24,1224.17,3,5,5,13,High Value
C22625,16,28,785.39,3,5,4,12,Loyal
C22626,4,26,811.18,1,5,4,10,Loyal
C22627,27,12,708.62,4,2,3,9,Potential Loyal
C22628,31,17,326.29,5,3,1,9,Potential Loyal
C22629,5,17,1172.35,1,3,5,9,Potential Loyal
C22632,3,18,1380.36,1,3,5,9,Potential Loyal
C22633,5,10,395.82,1,2,2,5,At Risk
C22634,4,8,660.07,1,1,3,5,At Risk
C22636,14,5,1333.14,2,1,5,8,Potential Loyal
C22637,4,23,354.42,1,5,1,7,Potential Loyal
C22639,25,28,819.22,4,5,4,13,High Value
C22640,15,2,443.18,2,1,2,5,At Risk
C22641,33,17,351.67,5,3,1,9,Potential Loyal
C22643,28,14,753.54,4,2,4,10,Loyal
C22645,13,20,347.54,2,4,1,7,Potential Loyal
C22646,0,19,1304.23,1,4,5,10,Loyal
C22648,35,9,618.26,5,1,3,9,Potential Loyal
C22651,25,21,389.05,4,4,2,10,Loyal
C22652,18,9,470.03,3,1,2,6,At Risk
C22653,24,7,402.07,4,1,2,7,Potential Loyal
C22655,6,22,453.32,1,4,2,7,Potential Loyal
C22657,3,10,763.15,1,2,4,7,Potential Loyal
C22658,7,11,1354.83,1,2,5,8,Potential Loyal
C22661,15,13,416.14,2,2,2,6,At Risk
C22663,7,34,403.24,1,5,2,8,Potential Loyal
C22664,0,15,1402.99,1,3,5,9,Potential Loyal
C22666,25,15,746.37,4,3,4,11,Loyal
C22670,12,25,757.93,2,5,4,11,Loyal
C22672,29,17,460.13,4,3,2,9,Potential Loyal
C22673,3,19,671.34,1,4,3,8,Potential Loyal
C22674,4,15,372.53,1,3,1,5,At Risk
C22675,26,14,830.75,4,2,4,10,Loyal
C22676,15,14,606.08,2,2,3,7,Potential Loyal
C22678,35,8,709.13,5,1,3,9,Potential Loyal
C22679,8,10,713.6,2,2,3,7,Potential Loyal
C22680,21,0,1301.16,3,1,5,9,Potential Loyal
C22681,2,20,376.18,1,4,1,6,At Risk
C22682,31,17,631.1,5,3,3,11,Loyal
C22683,21,13,469.32,3,2,2,7,Potential Loyal
C22685,23,25,741.36,4,5,4,13,High Value
C22686,12,4,1436.99,2,1,5,8,Potential Loyal
C22687,17,9,798.48,3,1,4,8,Potential Loyal
C22689,15,18,462.25,2,3,2,7,Potential Loyal
C22690,15,6,472.97,2,1,2,5,At Risk
C22691,25,12,491.04,4,2,3,9,Potential Loyal
C22692,3,8,1153.83,1,1,5,7,Potential Loyal
C22693,20,12,659.83,3,2,3,8,Potential Loyal
C22694,26,14,613.68,4,2,3,9,Potential Loyal
C22695,12,11,1102.38,2,2,5,9,Potential Loyal
C22697,35,15,414.08,5,3,2,10,Loyal
C22699,4,12,468.69,1,2,2,5,At Risk
C22700,11,14,368.31,2,2,1,5,At Risk
C22701,17,24,731.99,3,5,4,12,Loyal
C22702,8,24,1137.15,2,5,5,12,Loyal
C22703,32,25,608.77,5,5,3,13,High Value
C22704,28,17,824.18,4,3,4,11,Loyal
C22706,7,17,791.43,1,3,4,8,Potential Loyal
C22707,29,8,341.41,4,1,1,6,At Risk
C22708,4,14,343.06,1,2,1,4,Low Engagement
C22709,30,26,886.88,5,5,4,14,High Value
C22710,2,31,322.63,1,5,1,7,Potential Loyal
C22711,24,17,758.05,4,3,4,11,Loyal
C22712,24,5,1010.9,4,1,5,10,Loyal
C22715,26,6,650.36,4,1,3,8,Potential Loyal
C22716,7,20,792.89,1,4,4,9,Potential Loyal
C22718,10,8,1151.18,2,1,5,8,Potential Loyal
C22719,15,4,687.03,2,1,3,6,At Risk
C22722,36,8,473.6,5,1,2,8,Potential Loyal
C22723,28,24,777.14,4,5,4,13,High Value
C22724,0,17,1054.57,1,3,5,9,Potential Loyal
C22725,33,19,670.16,5,4,3,12,Loyal
C22727,34,11,649.8,5,2,3,10,Loyal
C22728,10,16,835.75,2,3,4,9,Potential Loyal
C22729,6,14,1195.12,1,2,5,8,Potential Loyal
C22732,7,27,804.04,1,5,4,10,Loyal
C22737,14,14,1239.87,2,2,5,9,Potential Loyal
C22738,25,23,1141.33,4,5,5,14,High Value
C22739,22,13,389.89,3,2,2,7,Potential Loyal
C22740,18,13,443.13,3,2,2,7,Potential Loyal
C22741,2,13,614.74,1,2,3,6,At Risk
C22742,34,4,1465.13,5,1,5,11,Loyal
C22743,27,19,311.28,4,4,1,9,Potential Loyal
C22744,19,19,354.53,3,4,1,8,Potential Loyal
C22746,15,13,743.08,2,2,4,8,Potential Loyal
C22748,9,9,835.4,2,1,4,7,Potential Loyal
C22749,30,21,872.26,5,4,4,13,High Value
C22752,34,4,329.52,5,1,1,7,Potential Loyal
C22753,1,14,310.03,1,2,1,4,Low Engagement
C22755,17,29,801.76,3,5,4,12,Loyal
C22757,34,12,333.09,5,2,1,8,Potential Loyal
C22759,17,5,442.86,3,1,2,6,At Risk
C22763,14,17,475.76,2,3,3,8,Potential Loyal
C22764,28,23,872.71,4,5,4,13,High Value
C22766,0,19,1367.43,1,4,5,10,Loyal
C22767,27,18,1480.21,4,3,5,12,Loyal
C22771,23,5,1064.42,4,1,5,10,Loyal
C22773,8,19,814.33,2,4,4,10,Loyal
C22774,4,4,1464.34,1,1,5,7,Potential Loyal
C22775,31,14,315.12,5,2,1,8,Potential Loyal
C22776,11,21,494.23,2,4,3,9,Potential Loyal
C22777,27,17,366.44,4,3,1,8,Potential Loyal
C22778,4,0,819.25,1,1,4,6,At Risk
C22779,16,26,1111.06,3,5,5,13,High Value
C22780,13,21,378.18,2,4,1,7,Potential Loyal
C22782,25,5,414.07,4,1,2,7,Potential Loyal
C22783,34,19,494.81,5,4,3,12,Loyal
C22784,20,31,707.15,3,5,3,11,Loyal
C22785,4,18,311.16,1,3,1,5,At Risk
C22786,9,23,808.54,2,5,4,11,Loyal
C22787,4,21,393.56,1,4,2,7,Potential Loyal
C22788,6,27,1217.17,1,5,5,11,Loyal
C22790,34,23,1076.15,5,5,5,15,High Value
C22793,15,28,391.15,2,5,2,9,Potential Loyal
C22794,24,31,1265.48,4,5,5,14,High Value
C22795,31,22,711.29,5,4,3,12,Loyal
C22797,8,15,347.77,2,3,1,6,At Risk
C22798,0,8,837.1,1,1,4,6,At Risk
C22799,5,27,488.27,1,5,3,9,Potential Loyal
C22801,14,27,1080.7,2,5,5,12,Loyal
C22802,30,24,429.29,5,5,2,12,Loyal
C22803,28,7,394.53,4,1,2,7,Potential Loyal
C22806,10,23,467.86,2,5,2,9,Potential Loyal
C22807,9,12,447.61,2,2,2,6,At Risk
C22808,21,5,386.66,3,1,1,5,At Risk
C22809,33,13,1318.83,5,2,5,12,Loyal
C22811,24,9,887.53,4,1,4,9,Potential Loyal
C22813,17,7,467.77,3,1,2,6,At Risk
C22814,23,13,467.22,4,2,2,8,Potential Loyal
C22815,0,29,752.51,1,5,4,10,Loyal
C22816,26,3,429.37,4,1,2,7,Potential Loyal
C22817,2,29,386.65,1,5,1,7,Potential Loyal
C22819,7,3,360.24,1,1,1,3,Low Engagement
C22820,17,23,892.68,3,5,4,12,Loyal
C22822,29,12,360.22,4,2,1,7,Potential Loyal
C22823,16,14,1423.69,3,2,5,10,Loyal
C22826,3,19,623.31,1,4,3,8,Potential Loyal
C22827,14,19,686.72,2,4,3,9,Potential Loyal
C22828,32,22,382.45,5,4,1,10,Loyal
C22829,22,7,785.96,3,1,4,8,Potential Loyal
C22830,3,12,1440.96,1,2,5,8,Potential Loyal
C22832,4,15,487.0,1,3,3,7,Potential Loyal
C22833,17,16,696.18,3,3,3,9,Potential Loyal
C22836,18,17,1070.27,3,3,5,11,Loyal
C22837,20,12,1098.74,3,2,5,10,Loyal
C22838,32,21,841.42,5,4,4,13,High Value
C22839,25,18,735.46,4,3,4,11,Loyal
C22840,24,3,802.88,4,1,4,9,Potential Loyal
C22841,23,9,893.97,4,1,4,9,Potential Loyal
C22842,22,26,1419.09,3,5,5,13,High Value
C22843,20,19,775.11,3,4,4,11,Loyal
C22844,15,17,1445.75,2,3,5,10,Loyal
C22845,32,22,411.62,5,4,2,11,Loyal
C22847,35,26,299.49,5,5,1,11,Loyal
C22848,4,4,732.08,1,1,4,6,At Risk
C22849,23,13,414.1,4,2,2,8,Potential Loyal
C22851,3,9,335.92,1,1,1,3,Low Engagement
C22853,20,32,404.32,3,5,2,10,Loyal
C22854,36,10,468.4,5,2,2,9,Potential Loyal
C22855,26,34,824.75,4,5,4,13,High Value
C22856,10,24,663.34,2,5,3,10,Loyal
C22857,35,4,739.61,5,1,4,10,Loyal
C22858,17,26,1465.26,3,5,5,13,High Value
C22860,30,4,727.56,5,1,3,9,Potential Loyal
C22861,14,17,335.67,2,3,1,6,At Risk
C22862,1,19,316.05,1,4,1,6,At Risk
C22863,18,11,791.89,3,2,4,9,Potential Loyal
C22864,31,21,1367.36,5,4,5,14,High Value
C22865,22,8,483.52,3,1,3,7,Potential Loyal
C22867,27,18,397.71,4,3,2,9,Potential Loyal
C22868,30,13,641.14,5,2,3,10,Loyal
C22870,4,6,802.64,1,1,4,6,At Risk
C22873,1,10,398.41,1,2,2,5,At Risk
C22875,28,25,1400.88,4,5,5,14,High Value
C22878,27,15,670.74,4,3,3,10,Loyal
C22879,3,17,438.46,1,3,2,6,At Risk
C22880,13,10,626.35,2,2,3,7,Potential Loyal
C22881,28,2,674.67,4,1,3,8,Potential Loyal
C22882,24,22,433.38,4,4,2,10,Loyal
C22883,14,14,410.73,2,2,2,6,At Risk
C22884,34,21,350.03,5,4,1,10,Loyal
C22887,8,26,1335.88,2,5,5,12,Loyal
C22891,13,26,835.15,2,5,4,11,Loyal
C22893,22,16,712.23,3,3,3,9,Potential Loyal
C22894,25,17,835.19,4,3,4,11,Loyal
C22895,23,8,830.7,4,1,4,9,Potential Loyal
C22896,29,6,1308.03,4,1,5,10,Loyal
C22897,17,6,1041.43,3,1,5,9,Potential Loyal
C22898,3,16,785.41,1,3,4,8,Potential Loyal
C22899,24,12,1380.33,4,2,5,11,Loyal
C22900,23,7,427.16,4,1,2,7,Potential Loyal
C22901,35,21,344.0,5,4,1,10,Loyal
C22902,35,9,1202.37,5,1,5,11,Loyal
C22903,10,24,855.02,2,5,4,11,Loyal
C22905,35,26,667.2,5,5,3,13,High Value
C22906,27,17,496.41,4,3,3,10,Loyal
C22907,6,17,452.93,1,3,2,6,At Risk
C22909,1,29,312.65,1,5,1,7,Potential Loyal
C22910,33,16,468.43,5,3,2,10,Loyal
C22911,29,30,469.77,4,5,2,11,Loyal
C22912,2,12,1115.98,1,2,5,8,Potential Loyal
C22915,16,13,858.26,3,2,4,9,Potential Loyal
C22917,29,11,716.54,4,2,3,9,Potential Loyal
C22918,13,21,699.56,2,4,3,9,Potential Loyal
C22919,1,13,452.84,1,2,2,5,At Risk
C22920,0,21,434.91,1,4,2,7,Potential Loyal
C22921,14,10,399.7,2,2,2,6,At Risk
C22922,35,25,809.03,5,5,4,14,High Value
C22924,5,25,460.94,1,5,2,8,Potential Loyal
C22925,27,4,616.55,4,1,3,8,Potential Loyal
C22926,31,15,459.94,5,3,2,10,Loyal
C22927,26,24,315.51,4,5,1,10,Loyal
C22928,23,9,1319.15,4,1,5,10,Loyal
C22929,29,20,615.43,4,4,3,11,Loyal
C22930,32,7,396.5,5,1,2,8,Potential Loyal
C22931,12,6,837.66,2,1,4,7,Potential Loyal
C22932,11,15,1415.47,2,3,5,10,Loyal
C22933,20,13,645.39,3,2,3,8,Potential Loyal
C22934,25,15,848.52,4,3,4,11,Loyal
C22935,21,16,357.84,3,3,1,7,Potential Loyal
C22936,1,13,416.34,1,2,2,5,At Risk
C22937,1,2,664.35,1,1,3,5,At Risk
C22938,8,18,493.69,2,3,3,8,Potential Loyal
C22939,35,15,496.21,5,3,3,11,Loyal
C22940,8,19,429.6,2,4,2,8,Potential Loyal
C22941,3,30,806.88,1,5,4,10,Loyal
C22942,20,11,324.87,3,2,1,6,At Risk
C22944,20,11,380.51,3,2,1,6,At Risk
C22946,18,2,479.43,3,1,3,7,Potential Loyal
C22947,6,12,687.03,1,2,3,6,At Risk
C22948,14,9,1318.8,2,1,5,8,Potential Loyal
C22949,5,18,356.0,1,3,1,5,At Risk
C22950,10,16,1222.27,2,3,5,10,Loyal
C22952,7,10,1117.07,1,2,5,8,Potential Loyal
C22953,33,11,648.85,5,2,3,10,Loyal
C22954,22,22,1083.56,3,4,5,12,Loyal
C22955,14,17,450.33,2,3,2,7,Potential Loyal
C22957,34,17,618.83,5,3,3,11,Loyal
C22959,12,13,1105.35,2,2,5,9,Potential Loyal
C22963,13,21,400.99,2,4,2,8,Potential Loyal
C22964,26,10,839.09,4,2,4,10,Loyal
C22965,30,18,610.18,5,3,3,11,Loyal
C22966,16,26,404.17,3,5,2,10,Loyal
C22967,5,6,793.63,1,1,4,6,At Risk
C22968,24,14,1447.37,4,2,5,11,Loyal
C22969,7,13,847.37,1,2,4,7,Potential Loyal
C22971,5,30,874.98,1,5,4,10,Loyal
C22972,15,26,363.31,2,5,1,8,Potential Loyal
C22973,31,14,1075.41,5,2,5,12,Loyal
C22974,20,15,1344.26,3,3,5,11,Loyal
C22976,10,23,688.54,2,5,3,10,Loyal
C22977,17,25,804.69,3,5,4,12,Loyal
C22978,25,8,409.12,4,1,2,7,Potential Loyal
C22979,12,28,1115.59,2,5,5,12,Loyal
C22980,27,20,1275.76,4,4,5,13,High Value
C22981,25,21,380.09,4,4,1,9,Potential Loyal
C22982,32,6,449.23,5,1,2,8,Potential Loyal
C22983,10,17,312.57,2,3,1,6,At Risk
C22984,16,15,778.73,3,3,4,10,Loyal
C22985,35,23,333.08,5,5,1,11,Loyal
C22986,2,18,475.4,1,3,3,7,Potential Loyal
C22987,9,17,322.99,2,3,1,6,At Risk
C22988,26,24,845.77,4,5,4,13,High Value
C22989,14,17,471.55,2,3,2,7,Potential Loyal
C22990,14,17,346.89,2,3,1,6,At Risk
C22991,34,16,344.07,5,3,1,9,Potential Loyal
C22992,30,22,1225.1,5,4,5,14,High Value
C22993,1,24,667.32,1,5,3,9,Potential Loyal
C22994,10,6,413.94,2,1,2,5,At Risk
C22996,16,4,843.72,3,1,4,8,Potential Loyal
C22997,27,31,778.59,4,5,4,13,High Value
C23000,21,10,379.53,3,2,1,6,At Risk
C23001,1,14,335.96,1,2,1,4,Low Engagement
C23002,3,27,682.19,1,5,3,9,Potential Loyal
C23004,9,21,308.33,2,4,1,7,Potential Loyal
C23005,18,17,364.38,3,3,1,7,Potential Loyal
C23006,11,11,326.64,2,2,1,5,At Risk
C23007,30,12,478.82,5,2,3,10,Loyal
C23008,17,26,468.14,3,5,2,10,Loyal
C23009,7,10,724.44,1,2,3,6,At Risk
C23012,32,19,472.33,5,4,2,11,Loyal
C23013,17,25,883.29,3,5,4,12,Loyal
C23014,21,13,1431.15,3,2,5,10,Loyal
C23016,26,13,487.74,4,2,3,9,Potential Loyal
C23017,14,23,625.41,2,5,3,10,Loyal
C23018,8,17,841.67,2,3,4,9,Potential Loyal
C23019,4,12,1022.76,1,2,5,8,Potential Loyal
C23020,14,17,1250.62,2,3,5,10,Loyal
C23021,12,20,431.82,2,4,2,8,Potential Loyal
C23024,17,1,1280.6,3,1,5,9,Potential Loyal
C23025,10,14,1377.86,2,2,5,9,Potential Loyal
C23026,26,12,1218.91,4,2,5,11,Loyal
C23028,2,4,404.13,1,1,2,4,Low Engagement
C23030,16,10,403.71,3,2,2,7,Potential Loyal
C23031,7,7,485.35,1,1,3,5,At Risk
C23034,28,12,1371.59,4,2,5,11,Loyal
C23035,13,12,329.01,2,2,1,5,At Risk
C23036,23,17,999.31,4,3,4,11,Loyal
C23037,29,11,381.78,4,2,1,7,Potential Loyal
C23040,31,14,1209.6,5,2,5,12,Loyal
C23041,13,14,689.72,2,2,3,7,Potential Loyal
C23043,23,15,380.41,4,3,1,8,Potential Loyal
C23044,31,5,466.47,5,1,2,8,Potential Loyal
C23045,13,15,449.89,2,3,2,7,Potential Loyal
C23046,4,3,373.29,1,1,1,3,Low Engagement
C23047,5,12,476.65,1,2,3,6,At Risk
C23048,22,15,898.64,3,3,4,10,Loyal
C23050,21,14,833.03,3,2,4,9,Potential Loyal
C23051,5,12,623.91,1,2,3,6,At Risk
C23052,15,14,453.79,2,2,2,6,At Risk
C23055,0,23,397.64,1,5,2,8,Potential Loyal
C23056,33,16,327.02,5,3,1,9,Potential Loyal
C23057,36,13,321.22,5,2,1,8,Potential Loyal
C23058,3,17,456.01,1,3,2,6,At Risk
C23059,13,25,1412.8,2,5,5,12,Loyal
C23061,9,14,606.3,2,2,3,7,Potential Loyal
C23062,9,14,674.51,2,2,3,7,Potential Loyal
C23063,3,3,359.59,1,1,1,3,Low Engagement
C23064,9,3,1432.17,2,1,5,8,Potential Loyal
C23065,10,13,1113.8,2,2,5,9,Potential Loyal
C23068,21,8,383.72,3,1,1,5,At Risk
C23069,20,20,1326.85,3,4,5,12,Loyal
C23070,15,25,897.71,2,5,4,11,Loyal
C23072,27,19,683.9,4,4,3,11,Loyal
C23073,11,12,368.26,2,2,1,5,At Risk
C23074,15,17,736.69,2,3,4,9,Potential Loyal
C23075,25,18,783.43,4,3,4,11,Loyal
C23076,25,15,704.42,4,3,3,10,Loyal
C23077,10,7,306.91,2,1,1,4,Low Engagement
C23078,15,29,1168.8,2,5,5,12,Loyal
C23080,3,17,343.68,1,3,1,5,At Risk
C23081,5,24,458.16,1,5,2,8,Potential Loyal
C23082,5,18,1492.43,1,3,5,9,Potential Loyal
C23083,20,15,386.39,3,3,1,7,Potential Loyal
C23085,35,24,1290.25,5,5,5,15,High Value
C23086,6,20,468.58,1,4,2,7,Potential Loyal
C23090,21,12,855.04,3,2,4,9,Potential Loyal
C23091,14,4,807.86,2,1,4,7,Potential Loyal
C23092,2,7,1459.96,1,1,5,7,Potential Loyal
C23093,23,5,439.58,4,1,2,7,Potential Loyal
C23094,29,13,350.48,4,2,1,7,Potential Loyal
C23095,34,19,1273.37,5,4,5,14,High Value
C23096,24,21,333.28,4,4,1,9,Potential Loyal
C23097,13,26,833.64,2,5,4,11,Loyal
C23098,27,22,388.69,4,4,2,10,Loyal
C23101,12,2,1097.01,2,1,5,8,Potential Loyal
C23102,22,2,611.38,3,1,3,7,Potential Loyal
C23104,26,25,312.84,4,5,1,10,Loyal
C23105,1,28,388.27,1,5,2,8,Potential Loyal
C23109,6,12,360.59,1,2,1,4,Low Engagement
C23110,0,10,379.86,1,2,1,4,Low Engagement
C23111,0,20,415.33,1,4,2,7,Potential Loyal
C23113,0,16,343.83,1,3,1,5,At Risk
C23114,22,24,374.18,3,5,1,9,Potential Loyal
C23115,34,20,396.98,5,4,2,11,Loyal
C23116,27,23,865.82,4,5,4,13,High Value
C23118,33,16,498.11,5,3,3,11,Loyal
C23120,20,8,301.74,3,1,1,5,At Risk
C23121,20,21,430.77,3,4,2,9,Potential Loyal
C23122,24,27,1493.89,4,5,5,14,High Value
C23123,9,13,454.74,2,2,2,6,At Risk
C23124,2,14,709.61,1,2,3,6,At Risk
C23126,29,3,330.19,4,1,1,6,At Risk
C23128,33,15,660.63,5,3,3,11,Loyal
C23129,4,0,833.3,1,1,4,6,At Risk
C23130,31,5,318.45,5,1,1,7,Potential Loyal
C23131,10,11,698.98,2,2,3,7,Potential Loyal
C23132,16,6,646.43,3,1,3,7,Potential Loyal
C23133,2,24,869.53,1,5,4,10,Loyal
C23135,0,14,481.48,1,2,3,6,At Risk
C23136,27,14,736.66,4,2,4,10,Loyal
C23137,33,11,317.58,5,2,1,8,Potential Loyal
C23138,20,15,641.3,3,3,3,9,Potential Loyal
C23139,12,15,307.57,2,3,1,6,At Risk
C23143,9,18,801.2,2,3,4,9,Potential Loyal
C23144,16,24,1190.01,3,5,5,13,High Value
C23145,0,14,613.35,1,2,3,6,At Risk
C23146,26,20,634.4,4,4,3,11,Loyal
C23147,22,20,644.56,3,4,3,10,Loyal
C23149,34,25,437.39,5,5,2,12,Loyal
C23150,3,20,317.9,1,4,1,6,At Risk
C23151,3,14,463.28,1,2,2,5,At Risk
C23152,19,13,608.77,3,2,3,8,Potential Loyal
C23153,13,17,1324.25,2,3,5,10,Loyal
C23154,4,11,432.48,1,2,2,5,At Risk
C23155,22,15,376.57,3,3,1,7,Potential Loyal
C23157,24,0,1120.2,4,1,5,10,Loyal
C23158,22,19,428.1,3,4,2,9,Potential Loyal
C23160,32,21,1353.55,5,4,5,14,High Value
C23161,30,19,1471.72,5,4,5,14,High Value
C23163,23,7,388.66,4,1,2,7,Potential Loyal
C23165,28,23,387.66,4,5,2,11,Loyal
C23166,24,6,1339.59,4,1,5,10,Loyal
C23167,33,27,348.85,5,5,1,11,Loyal
C23168,34,29,304.84,5,5,1,11,Loyal
C23169,19,14,340.12,3,2,1,6,At Risk
C23171,24,10,315.51,4,2,1,7,Potential Loyal
C23173,24,30,600.57,4,5,3,12,Loyal
C23174,25,16,1451.45,4,3,5,12,Loyal
C23175,8,22,498.22,2,4,3,9,Potential Loyal
C23176,35,15,1142.99,5,3,5,13,High Value
C23178,1,16,859.92,1,3,4,8,Potential Loyal
C23180,25,25,387.56,4,5,1,10,Loyal
C23181,14,23,692.44,2,5,3,10,Loyal
C23183,16,15,660.87,3,3,3,9,Potential Loyal
C23184,25,17,411.59,4,3,2,9,Potential Loyal
C23185,6,8,693.88,1,1,3,5,At Risk
C23187,35,13,1068.71,5,2,5,12,Loyal
C23188,34,20,438.17,5,4,2,11,Loyal
C23189,3,15,430.78,1,3,2,6,At Risk
C23192,15,11,897.4,2,2,4,8,Potential Loyal
C23193,13,19,721.65,2,4,3,9,Potential Loyal
C23196,14,7,685.85,2,1,3,6,At Risk
C23198,32,4,324.64,5,1,1,7,Potential Loyal
C23200,9,19,442.89,2,4,2,8,Potential Loyal
C23201,24,12,718.77,4,2,3,9,Potential Loyal
C23202,25,27,782.73,4,5,4,13,High Value
C23203,33,23,404.13,5,5,2,12,Loyal
C23204,18,4,882.15,3,1,4,8,Potential Loyal
C23206,10,15,660.97,2,3,3,8,Potential Loyal
C23207,22,19,494.4,3,4,3,10,Loyal
C23208,23,8,487.3,4,1,3,8,Potential Loyal
C23210,32,4,329.6,5,1,1,7,Potential Loyal
C23211,18,13,345.25,3,2,1,6,At Risk
C23212,10,6,320.21,2,1,1,4,Low Engagement
C23214,12,13,1125.99,2,2,5,9,Potential Loyal
C23215,28,9,368.27,4,1,1,6,At Risk
C23217,26,24,1388.42,4,5,5,14,High Value
C23218,10,23,897.3,2,5,4,11,Loyal
C23219,7,24,384.03,1,5,1,7,Potential Loyal
C23220,20,16,366.63,3,3,1,7,Potential Loyal
C23221,33,8,769.86,5,1,4,10,Loyal
C23222,13,3,730.23,2,1,4,7,Potential Loyal
C23225,32,19,1163.27,5,4,5,14,High Value
C23226,14,17,379.42,2,3,1,6,At Risk
C23227,7,13,1092.09,1,2,5,8,Potential Loyal
C23229,19,8,1189.41,3,1,5,9,Potential Loyal
C23230,32,2,1068.25,5,1,5,11,Loyal
C23231,10,29,740.79,2,5,4,11,Loyal
C23232,24,15,491.07,4,3,3,10,Loyal
C23233,12,18,398.87,2,3,2,7,Potential Loyal
C23234,20,22,469.38,3,4,2,9,Potential Loyal
C23235,24,14,455.59,4,2,2,8,Potential Loyal
C23236,10,19,634.68,2,4,3,9,Potential Loyal
C23238,18,12,1422.19,3,2,5,10,Loyal
C23239,28,4,343.09,4,1,1,6,At Risk
C23241,16,16,468.75,3,3,2,8,Potential Loyal
C23242,34,8,397.98,5,1,2,8,Potential Loyal
C23243,22,7,327.46,3,1,1,5,At Risk
C23244,9,27,406.99,2,5,2,9,Potential Loyal
C23246,35,14,453.52,5,2,2,9,Potential Loyal
C23247,29,20,400.11,4,4,2,10,Loyal
C23248,31,20,370.23,5,4,1,10,Loyal
C23250,35,10,1281.36,5,2,5,12,Loyal
C23251,0,18,813.26,1,3,4,8,Potential Loyal
C23253,2,0,690.17,1,1,3,5,At Risk
C23255,10,0,738.08,2,1,4,7,Potential Loyal
C23256,34,29,602.69,5,5,3,13,High Value
C23257,4,27,667.77,1,5,3,9,Potential Loyal
C23259,2,23,462.82,1,5,2,8,Potential Loyal
C23260,34,24,488.91,5,5,3,13,High Value
C23261,10,27,751.11,2,5,4,11,Loyal
C23262,1,16,682.77,1,3,3,7,Potential Loyal
C23263,6,9,703.63,1,1,3,5,At Risk
C23264,10,22,373.38,2,4,1,7,Potential Loyal
C23265,21,10,386.37,3,2,1,6,At Risk
C23266,36,22,730.55,5,4,4,13,High Value
C23267,36,13,848.18,5,2,4,11,Loyal
C23268,25,8,842.78,4,1,4,9,Potential Loyal
C23270,23,20,392.8,4,4,2,10,Loyal
C23272,0,20,349.59,1,4,1,6,At Risk
C23274,31,7,776.67,5,1,4,10,Loyal
C23275,8,24,443.99,2,5,2,9,Potential Loyal
C23277,20,11,1496.19,3,2,5,10,Loyal
C23278,16,14,493.71,3,2,3,8,Potential Loyal
C23280,19,22,467.14,3,4,2,9,Potential Loyal
C23283,11,25,1060.02,2,5,5,12,Loyal
C23285,8,7,813.5,2,1,4,7,Potential Loyal
C23286,26,15,630.84,4,3,3,10,Loyal
C23287,22,17,1391.38,3,3,5,11,Loyal
C23288,15,9,481.54,2,1,3,6,At Risk
C23289,16,3,344.65,3,1,1,5,At Risk
C23290,3,0,1479.16,1,1,5,7,Potential Loyal
C23291,28,11,469.75,4,2,2,8,Potential Loyal
C23294,24,23,479.54,4,5,3,12,Loyal
C23296,31,11,821.75,5,2,4,11,Loyal
C23297,11,14,422.85,2,2,2,6,At Risk
C23298,15,8,359.33,2,1,1,4,Low Engagement
C23300,11,15,1148.63,2,3,5,10,Loyal
C23301,11,14,438.91,2,2,2,6,At Risk
C23302,22,26,765.07,3,5,4,12,Loyal
C23304,21,19,889.83,3,4,4,11,Loyal
C23305,0,21,330.48,1,4,1,6,At Risk
C23307,19,10,611.85,3,2,3,8,Potential Loyal
C23308,3,30,766.6,1,5,4,10,Loyal
C23309,18,18,634.4,3,3,3,9,Potential Loyal
C23310,35,3,474.29,5,1,2,8,Potential Loyal
C23311,20,12,364.53,3,2,1,6,At Risk
C23312,14,15,658.28,2,3,3,8,Potential Loyal
C23313,23,20,319.36,4,4,1,9,Potential Loyal
C23315,14,9,707.19,2,1,3,6,At Risk
C23316,34,18,470.73,5,3,2,10,Loyal
C23318,30,20,898.68,5,4,4,13,High Value
C23319,21,0,1244.45,3,1,5,9,Potential Loyal
C23320,14,10,1163.75,2,2,5,9,Potential Loyal
C23323,18,26,469.92,3,5,2,10,Loyal
C23327,23,14,677.11,4,2,3,9,Potential Loyal
C23328,17,7,336.6,3,1,1,5,At Risk
C23330,12,21,847.92,2,4,4,10,Loyal
C23331,6,11,777.68,1,2,4,7,Potential Loyal
C23332,34,13,625.34,5,2,3,10,Loyal
C23334,30,12,306.32,5,2,1,8,Potential Loyal
C23335,34,14,816.47,5,2,4,11,Loyal
C23336,30,20,1060.17,5,4,5,14,High Value
C23337,7,20,604.31,1,4,3,8,Potential Loyal
C23338,13,18,458.89,2,3,2,7,Potential Loyal
C23339,24,19,1092.63,4,4,5,13,High Value
C23340,15,22,303.84,2,4,1,7,Potential Loyal
C23341,20,9,631.12,3,1,3,7,Potential Loyal
C23343,20,15,847.48,3,3,4,10,Loyal
C23344,29,8,312.6,4,1,1,6,At Risk
C23346,24,7,1007.51,4,1,5,10,Loyal
C23347,27,19,300.5,4,4,1,9,Potential Loyal
C23349,2,8,349.78,1,1,1,3,Low Engagement
C23350,14,11,813.63,2,2,4,8,Potential Loyal
C23351,9,20,1006.73,2,4,5,11,Loyal
C23352,18,15,344.46,3,3,1,7,Potential Loyal
C23353,10,16,1131.96,2,3,5,10,Loyal
C23354,1,20,490.87,1,4,3,8,Potential Loyal
C23355,24,12,1433.48,4,2,5,11,Loyal
C23356,29,14,450.22,4,2,2,8,Potential Loyal
C23358,19,25,434.21,3,5,2,10,Loyal
C23361,15,14,323.26,2,2,1,5,At Risk
C23362,28,26,345.79,4,5,1,10,Loyal
C23364,36,23,778.86,5,5,4,14,High Value
C23365,7,12,471.16,1,2,2,5,At Risk
C23366,20,0,1487.01,3,1,5,9,Potential Loyal
C23367,34,5,746.5,5,1,4,10,Loyal
C23368,16,16,449.25,3,3,2,8,Potential Loyal
C23369,12,5,334.79,2,1,1,4,Low Engagement
C23370,33,26,889.62,5,5,4,14,High Value
C23371,32,6,367.82,5,1,1,7,Potential Loyal
C23372,32,17,401.13,5,3,2,10,Loyal
C23373,13,17,334.35,2,3,1,6,At Risk
C23374,0,18,697.73,1,3,3,7,Potential Loyal
C23375,21,22,1255.38,3,4,5,12,Loyal
C23377,19,13,345.3,3,2,1,6,At Risk
C23378,2,6,497.95,1,1,3,5,At Risk
C23381,8,15,882.71,2,3,4,9,Potential Loyal
C23382,16,22,644.38,3,4,3,10,Loyal
C23383,28,19,640.54,4,4,3,11,Loyal
C23385,34,20,664.28,5,4,3,12,Loyal
C23386,26,17,332.19,4,3,1,8,Potential Loyal
C23387,32,24,341.38,5,5,1,11,Loyal
C23388,33,2,615.48,5,1,3,9,Potential Loyal
C23390,7,29,1366.99,1,5,5,11,Loyal
C23392,29,19,1029.06,4,4,5,13,High Value
C23393,27,6,421.38,4,1,2,7,Potential Loyal
C23396,0,9,458.01,1,1,2,4,Low Engagement
C23397,8,15,1089.41,2,3,5,10,Loyal
C23398,19,16,434.11,3,3,2,8,Potential Loyal
C23400,16,27,354.91,3,5,1,9,Potential Loyal
C23401,24,12,754.51,4,2,4,10,Loyal
C23402,2,18,1358.69,1,3,5,9,Potential Loyal
C23404,34,8,710.6,5,1,3,9,Potential Loyal
C23407,27,7,395.22,4,1,2,7,Potential Loyal
C23408,34,14,796.41,5,2,4,11,Loyal
C23409,11,22,1445.64,2,4,5,11,Loyal
C23410,25,9,600.74,4,1,3,8,Potential Loyal
C23411,19,22,345.37,3,4,1,8,Potential Loyal
C23413,6,12,1341.11,1,2,5,8,Potential Loyal
C23415,1,17,717.63,1,3,3,7,Potential Loyal
C23416,25,10,1158.94,4,2,5,11,Loyal
C23417,32,24,1228.43,5,5,5,15,High Value
C23419,25,12,423.89,4,2,2,8,Potential Loyal
C23420,35,24,861.55,5,5,4,14,High Value
C23422,12,13,642.82,2,2,3,7,Potential Loyal
C23423,31,23,1287.25,5,5,5,15,High Value
C23424,5,26,753.98,1,5,4,10,Loyal
C23425,35,26,845.74,5,5,4,14,High Value
C23426,20,22,447.27,3,4,2,9,Potential Loyal
C23427,0,9,374.3,1,1,1,3,Low Engagement
C23428,24,19,452.07,4,4,2,10,Loyal
C23430,22,11,1125.09,3,2,5,10,Loyal
C23431,32,14,318.3,5,2,1,8,Potential Loyal
C23432,33,22,412.5,5,4,2,11,Loyal
C23435,22,18,868.9,3,3,4,10,Loyal
C23436,30,22,883.2,5,4,4,13,High Value
C23440,29,22,310.35,4,4,1,9,Potential Loyal
C23442,6,11,384.06,1,2,1,4,Low Engagement
C23443,24,18,611.37,4,3,3,10,Loyal
C23444,17,16,1044.51,3,3,5,11,Loyal
C23445,29,19,1450.37,4,4,5,13,High Value
C23447,0,27,404.86,1,5,2,8,Potential Loyal
C23448,6,19,498.41,1,4,3,8,Potential Loyal
C23450,16,14,412.92,3,2,2,7,Potential Loyal
C23451,35,23,832.94,5,5,4,14,High Value
C23453,28,17,1006.4,4,3,5,12,Loyal
C23454,7,19,688.87,1,4,3,8,Potential Loyal
C23455,24,9,316.95,4,1,1,6,At Risk
C23456,19,27,698.56,3,5,3,11,Loyal
C23460,30,9,1156.93,5,1,5,11,Loyal
C23462,15,25,718.29,2,5,3,10,Loyal
C23463,33,15,394.32,5,3,2,10,Loyal
C23465,17,23,479.14,3,5,3,11,Loyal
C23466,5,14,427.39,1,2,2,5,At Risk
C23468,35,20,1162.54,5,4,5,14,High Value
C23469,24,24,838.41,4,5,4,13,High Value
C23470,34,23,326.18,5,5,1,11,Loyal
C23471,24,19,481.13,4,4,3,11,Loyal
C23472,10,12,438.64,2,2,2,6,At Risk
C23473,31,10,769.02,5,2,4,11,Loyal
C23474,16,0,714.41,3,1,3,7,Potential Loyal
C23475,24,10,433.15,4,2,2,8,Potential Loyal
C23476,22,17,654.42,3,3,3,9,Potential Loyal
C23477,18,1,1063.83,3,1,5,9,Potential Loyal
C23479,35,25,622.48,5,5,3,13,High Value
C23481,12,32,765.83,2,5,4,11,Loyal
C23482,19,4,1144.96,3,1,5,9,Potential Loyal
C23483,26,10,848.01,4,2,4,10,Loyal
C23484,7,8,1068.39,1,1,5,7,Potential Loyal
C23485,4,3,480.59,1,1,3,5,At Risk
C23488,31,7,858.77,5,1,4,10,Loyal
C23490,29,14,434.21,4,2,2,8,Potential Loyal
C23491,21,23,1164.17,3,5,5,13,High Value
C23492,7,18,393.94,1,3,2,6,At Risk
C23494,18,12,497.31,3,2,3,8,Potential Loyal
C23497,16,8,360.49,3,1,1,5,At Risk
C23498,33,22,328.27,5,4,1,10,Loyal
C23501,31,20,727.28,5,4,3,12,Loyal
C23503,17,20,884.28,3,4,4,11,Loyal
C23504,16,3,400.22,3,1,2,6,At Risk
C23505,31,8,435.65,5,1,2,8,Potential Loyal
C23506,32,14,771.24,5,2,4,11,Loyal
C23510,3,13,439.23,1,2,2,5,At Risk
C23512,9,19,394.81,2,4,2,8,Potential Loyal
C23514,24,5,832.77,4,1,4,9,Potential Loyal
C23515,13,29,694.29,2,5,3,10,Loyal
C23516,22,4,604.9,3,1,3,7,Potential Loyal
C23517,15,16,709.64,2,3,3,8,Potential Loyal
C23518,0,12,424.66,1,2,2,5,At Risk
C23521,25,31,818.05,4,5,4,13,High Value
C23522,13,21,1218.5,2,4,5,11,Loyal
C23523,22,18,1433.67,3,3,5,11,Loyal
C23524,12,3,766.13,2,1,4,7,Potential Loyal
C23525,1,3,1453.21,1,1,5,7,Potential Loyal
C23526,30,20,1252.45,5,4,5,14,High Value
C23529,14,20,701.07,2,4,3,9,Potential Loyal
C23531,7,8,837.24,1,1,4,6,At Risk
C23533,20,12,333.14,3,2,1,6,At Risk
C23536,7,26,374.41,1,5,1,7,Potential Loyal
C23537,24,4,1342.86,4,1,5,10,Loyal
C23539,21,25,416.11,3,5,2,10,Loyal
C23542,31,24,843.36,5,5,4,14,High Value
C23543,3,19,346.68,1,4,1,6,At Risk
C23545,29,18,453.65,4,3,2,9,Potential Loyal
C23546,5,3,344.88,1,1,1,3,Low Engagement
C23548,29,15,333.88,4,3,1,8,Potential Loyal
C23549,17,6,736.56,3,1,4,8,Potential Loyal
C23551,22,10,382.55,3,2,1,6,At Risk
C23552,11,12,894.41,2,2,4,8,Potential Loyal
C23553,29,24,1169.63,4,5,5,14,High Value
C23554,33,18,764.61,5,3,4,12,Loyal
C23557,12,20,405.07,2,4,2,8,Potential Loyal
C23558,33,18,833.46,5,3,4,12,Loyal
C23563,16,18,791.61,3,3,4,10,Loyal
C23567,2,16,784.4,1,3,4,8,Potential Loyal
C23569,29,7,612.42,4,1,3,8,Potential Loyal
C23570,7,18,387.91,1,3,2,6,At Risk
C23571,35,27,437.53,5,5,2,12,Loyal
C23572,1,9,338.56,1,1,1,3,Low Engagement
C23573,4,5,796.74,1,1,4,6,At Risk
C23574,17,11,467.16,3,2,2,7,Potential Loyal
C23577,2,10,336.86,1,2,1,4,Low Engagement
C23578,33,23,461.25,5,5,2,12,Loyal
C23579,22,26,368.85,3,5,1,9,Potential Loyal
C23581,26,18,419.75,4,3,2,9,Potential Loyal
C23582,5,22,1497.54,1,4,5,10,Loyal
C23583,21,21,1310.53,3,4,5,12,Loyal
C23584,6,27,472.25,1,5,2,8,Potential Loyal
C23586,11,1,466.71,2,1,2,5,At Risk
C23587,12,9,1181.79,2,1,5,8,Potential Loyal
C23588,26,18,618.43,4,3,3,10,Loyal
C23589,32,3,1422.46,5,1,5,11,Loyal
C23590,18,21,672.99,3,4,3,10,Loyal
C23591,27,2,758.07,4,1,4,9,Potential Loyal
C23593,19,20,757.76,3,4,4,11,Loyal
C23594,11,12,1016.38,2,2,5,9,Potential Loyal
C23596,6,5,860.91,1,1,4,6,At Risk
C23597,11,19,1268.24,2,4,5,11,Loyal
C23598,23,16,423.81,4,3,2,9,Potential Loyal
C23600,11,15,333.14,2,3,1,6,At Risk
C23601,21,25,793.95,3,5,4,12,Loyal
C23603,20,6,427.83,3,1,2,6,At Risk
C23605,35,29,1398.28,5,5,5,15,High Value
C23609,25,21,1083.39,4,4,5,13,High Value
C23610,6,22,349.16,1,4,1,6,At Risk
C23611,22,25,477.99,3,5,3,11,Loyal
C23615,9,24,423.82,2,5,2,9,Potential Loyal
C23616,20,15,620.41,3,3,3,9,Potential Loyal
C23617,10,14,627.89,2,2,3,7,Potential Loyal
C23618,32,11,884.92,5,2,4,11,Loyal
C23619,8,10,469.45,2,2,2,6,At Risk
C23621,34,13,866.29,5,2,4,11,Loyal
C23624,12,1,365.41,2,1,1,4,Low Engagement
C23626,30,7,319.33,5,1,1,7,Potential Loyal
C23627,3,3,479.84,1,1,3,5,At Risk
C23629,9,14,756.8,2,2,4,8,Potential Loyal
C23630,10,19,874.07,2,4,4,10,Loyal
C23631,31,16,1256.37,5,3,5,13,High Value
C23632,28,18,354.6,4,3,1,8,Potential Loyal
C23633,30,16,699.3,5,3,3,11,Loyal
C23637,15,15,497.54,2,3,3,8,Potential Loyal
C23638,3,13,1366.3,1,2,5,8,Potential Loyal
C23639,11,26,333.77,2,5,1,8,Potential Loyal
C23641,23,0,1448.17,4,1,5,10,Loyal
C23642,18,11,324.94,3,2,1,6,At Risk
C23644,36,7,364.38,5,1,1,7,Potential Loyal
C23645,1,24,343.29,1,5,1,7,Potential Loyal
C23646,35,19,401.59,5,4,2,11,Loyal
C23647,12,20,1024.07,2,4,5,11,Loyal
C23648,34,21,1203.54,5,4,5,14,High Value
C23649,7,10,674.95,1,2,3,6,At Risk
C23650,20,20,451.52,3,4,2,9,Potential Loyal
C23651,29,14,339.0,4,2,1,7,Potential Loyal
C23652,1,5,425.12,1,1,2,4,Low Engagement
C23653,30,10,765.62,5,2,4,11,Loyal
C23654,3,28,772.29,1,5,4,10,Loyal
C23655,28,14,427.13,4,2,2,8,Potential Loyal
C23656,15,16,1427.46,2,3,5,10,Loyal
C23658,20,7,1020.3,3,1,5,9,Potential Loyal
C23659,23,9,724.8,4,1,3,8,Potential Loyal
C23662,23,14,754.8,4,2,4,10,Loyal
C23663,21,2,326.23,3,1,1,5,At Risk
C23666,23,7,364.91,4,1,1,6,At Risk
C23667,8,16,334.4,2,3,1,6,At Risk
C23668,24,21,683.32,4,4,3,11,Loyal
C23669,4,11,1352.2,1,2,5,8,Potential Loyal
C23670,14,12,642.98,2,2,3,7,Potential Loyal
C23672,30,7,671.88,5,1,3,9,Potential Loyal
C23673,18,32,1365.17,3,5,5,13,High Value
C23674,15,12,314.14,2,2,1,5,At Risk
C23675,16,13,443.69,3,2,2,7,Potential Loyal
C23677,35,30,305.59,5,5,1,11,Loyal
C23678,27,12,688.2,4,2,3,9,Potential Loyal
C23680,13,15,1293.04,2,3,5,10,Loyal
C23681,20,26,374.29,3,5,1,9,Potential Loyal
C23682,10,20,1019.14,2,4,5,11,Loyal
C23683,14,7,771.68,2,1,4,7,Potential Loyal
C23684,2,13,606.98,1,2,3,6,At Risk
C23686,28,8,377.04,4,1,1,6,At Risk
C23687,13,15,810.05,2,3,4,9,Potential Loyal
C23688,27,24,758.43,4,5,4,13,High Value
C23689,2,23,430.54,1,5,2,8,Potential Loyal
C23690,32,29,410.57,5,5,2,12,Loyal
C23691,21,24,739.91,3,5,4,12,Loyal
C23692,22,19,1043.48,3,4,5,12,Loyal
C23693,35,10,321.82,5,2,1,8,Potential Loyal
C23694,1,18,326.65,1,3,1,5,At Risk
C23695,29,14,741.27,4,2,4,10,Loyal
C23696,18,4,1129.52,3,1,5,9,Potential Loyal
C23697,0,9,305.75,1,1,1,3,Low Engagement
C23698,15,20,327.09,2,4,1,7,Potential Loyal
C23699,12,31,1432.13,2,5,5,12,Loyal
C23700,0,25,788.35,1,5,4,10,Loyal
C23701,24,26,773.72,4,5,4,13,High Value
C23702,25,26,317.84,4,5,1,10,Loyal
C23704,21,19,440.79,3,4,2,9,Potential Loyal
C23705,1,31,653.92,1,5,3,9,Potential Loyal
C23706,31,5,737.23,5,1,4,10,Loyal
C23707,30,28,429.26,5,5,2,12,Loyal
C23708,29,26,853.29,4,5,4,13,High Value
C23709,22,14,627.53,3,2,3,8,Potential Loyal
C23711,13,2,673.71,2,1,3,6,At Risk
C23712,28,15,390.07,4,3,2,9,Potential Loyal
C23713,3,26,765.63,1,5,4,10,Loyal
C23714,0,11,725.76,1,2,3,6,At Risk
C23715,13,21,841.7,2,4,4,10,Loyal
C23716,35,14,1001.3,5,2,4,11,Loyal
C23717,12,8,385.39,2,1,1,4,Low Engagement
C23719,25,9,812.04,4,1,4,9,Potential Loyal
C23721,29,8,487.85,4,1,3,8,Potential Loyal
C23722,26,5,477.63,4,1,3,8,Potential Loyal
C23723,6,5,343.75,1,1,1,3,Low Engagement
C23724,28,25,1408.34,4,5,5,14,High Value
C23725,6,13,1347.59,1,2,5,8,Potential Loyal
C23726,28,12,843.59,4,2,4,10,Loyal
C23727,5,28,1221.01,1,5,5,11,Loyal
C23728,13,18,699.46,2,3,3,8,Potential Loyal
C23730,22,21,1177.98,3,4,5,12,Loyal
C23731,36,34,1434.37,5,5,5,15,High Value
C23732,18,4,353.95,3,1,1,5,At Risk
C23733,10,19,1411.94,2,4,5,11,Loyal
C23734,15,18,328.95,2,3,1,6,At Risk
C23735,16,11,375.13,3,2,1,6,At Risk
C23737,10,21,342.37,2,4,1,7,Potential Loyal
C23738,12,20,1030.16,2,4,5,11,Loyal
C23741,8,7,418.99,2,1,2,5,At Risk
C23742,32,7,398.59,5,1,2,8,Potential Loyal
C23743,19,14,871.28,3,2,4,9,Potential Loyal
C23744,3,1,462.48,1,1,2,4,Low Engagement
C23747,2,11,407.15,1,2,2,5,At Risk
C23748,20,20,675.43,3,4,3,10,Loyal
C23750,5,25,342.69,1,5,1,7,Potential Loyal
C23751,5,19,460.25,1,4,2,7,Potential Loyal
C23754,33,8,381.2,5,1,1,7,Potential Loyal
C23755,21,14,1023.5,3,2,5,10,Loyal
C23759,3,11,704.25,1,2,3,6,At Risk
C23760,6,3,1215.79,1,1,5,7,Potential Loyal
C23761,14,9,440.57,2,1,2,5,At Risk
C23764,28,12,478.94,4,2,3,9,Potential Loyal
C23765,25,0,804.95,4,1,4,9,Potential Loyal
C23766,16,5,407.5,3,1,2,6,At Risk
C23767,11,11,477.4,2,2,3,7,Potential Loyal
C23768,27,12,873.66,4,2,4,10,Loyal
C23769,33,19,412.9,5,4,2,11,Loyal
C23770,14,10,838.05,2,2,4,8,Potential Loyal
C23772,4,13,851.1,1,2,4,7,Potential Loyal
C23773,1,15,312.09,1,3,1,5,At Risk
C23774,20,0,400.43,3,1,2,6,At Risk
C23775,30,3,485.56,5,1,3,9,Potential Loyal
C23779,22,11,467.26,3,2,2,7,Potential Loyal
C23780,10,11,432.27,2,2,2,6,At Risk
C23782,28,6,1202.12,4,1,5,10,Loyal
C23785,9,11,426.36,2,2,2,6,At Risk
C23786,7,11,1386.49,1,2,5,8,Potential Loyal
C23787,35,1,602.3,5,1,3,9,Potential Loyal
C23788,22,29,330.09,3,5,1,9,Potential Loyal
C23790,15,20,349.04,2,4,1,7,Potential Loyal
C23792,3,4,301.41,1,1,1,3,Low Engagement
C23793,16,26,696.27,3,5,3,11,Loyal
C23794,33,21,329.97,5,4,1,10,Loyal
C23796,4,4,458.37,1,1,2,4,Low Engagement
C23797,36,21,651.79,5,4,3,12,Loyal
C23798,27,21,438.66,4,4,2,10,Loyal
C23800,1,10,393.97,1,2,2,5,At Risk
C23803,30,21,364.52,5,4,1,10,Loyal
C23805,18,8,749.73,3,1,4,8,Potential Loyal
C23806,9,10,391.31,2,2,2,6,At Risk
C23807,23,11,1381.97,4,2,5,11,Loyal
C23809,19,14,385.82,3,2,1,6,At Risk
C23810,5,19,344.78,1,4,1,6,At Risk
C23811,35,19,603.14,5,4,3,12,Loyal
C23812,33,4,849.94,5,1,4,10,Loyal
C23813,0,13,394.74,1,2,2,5,At Risk
C23814,2,13,371.29,1,2,1,4,Low Engagement
C23815,2,23,769.67,1,5,4,10,Loyal
C23816,17,22,662.77,3,4,3,10,Loyal
C23818,29,10,409.63,4,2,2,8,Potential Loyal
C23819,25,4,363.45,4,1,1,6,At Risk
C23820,30,22,372.25,5,4,1,10,Loyal
C23822,8,6,489.18,2,1,3,6,At Risk
C23824,34,16,631.98,5,3,3,11,Loyal
C23825,19,20,477.89,3,4,3,10,Loyal
C23828,21,14,375.71,3,2,1,6,At Risk
C23829,26,7,460.67,4,1,2,7,Potential Loyal
C23830,17,21,369.14,3,4,1,8,Potential Loyal
C23831,9,27,334.5,2,5,1,8,Potential Loyal
C23832,22,6,350.09,3,1,1,5,At Risk
C23836,29,2,307.36,4,1,1,6,At Risk
C23837,22,16,720.28,3,3,3,9,Potential Loyal
C23838,17,10,725.47,3,2,3,8,Potential Loyal
C23839,24,7,336.82,4,1,1,6,At Risk
C23840,17,24,324.88,3,5,1,9,Potential Loyal
C23841,1,16,326.42,1,3,1,5,At Risk
C23842,34,4,1408.93,5,1,5,11,Loyal
C23843,22,19,797.3,3,4,4,11,Loyal
C23844,23,15,839.75,4,3,4,11,Loyal
C23846,3,18,1484.08,1,3,5,9,Potential Loyal
C23847,0,16,741.71,1,3,4,8,Potential Loyal
C23848,15,23,746.27,2,5,4,11,Loyal
C23849,3,13,1153.71,1,2,5,8,Potential Loyal
C23851,33,7,791.1,5,1,4,10,Loyal
C23854,15,5,473.96,2,1,2,5,At Risk
C23855,8,12,494.01,2,2,3,7,Potential Loyal
C23856,10,0,1035.78,2,1,5,8,Potential Loyal
C23857,11,25,766.56,2,5,4,11,Loyal
C23858,3,22,401.56,1,4,2,7,Potential Loyal
C23859,33,28,711.48,5,5,3,13,High Value
C23860,32,17,672.35,5,3,3,11,Loyal
C23861,32,21,1439.9,5,4,5,14,High Value
C23862,14,20,383.57,2,4,1,7,Potential Loyal
C23865,13,8,884.97,2,1,4,7,Potential Loyal
C23866,12,10,804.75,2,2,4,8,Potential Loyal
C23868,21,10,767.72,3,2,4,9,Potential Loyal
C23869,7,26,411.05,1,5,2,8,Potential Loyal
C23871,31,24,485.71,5,5,3,13,High Value
C23872,31,24,467.77,5,5,2,12,Loyal
C23873,31,18,836.28,5,3,4,12,Loyal
C23874,12,10,810.37,2,2,4,8,Potential Loyal
C23876,27,17,725.46,4,3,3,10,Loyal
C23878,15,27,736.75,2,5,4,11,Loyal
C23880,6,14,431.89,1,2,2,5,At Risk
C23881,5,27,745.47,1,5,4,10,Loyal
C23882,15,20,870.6,2,4,4,10,Loyal
C23883,12,5,1142.91,2,1,5,8,Potential Loyal
C23884,0,8,1037.31,1,1,5,7,Potential Loyal
C23885,21,18,721.9,3,3,3,9,Potential Loyal
C23886,6,24,1056.32,1,5,5,11,Loyal
C23887,30,12,1145.23,5,2,5,12,Loyal
C23888,29,21,339.24,4,4,1,9,Potential Loyal
C23889,18,15,815.34,3,3,4,10,Loyal
C23890,28,19,1378.08,4,4,5,13,High Value
C23891,17,17,766.23,3,3,4,10,Loyal
C23892,21,21,1186.25,3,4,5,12,Loyal
C23893,31,13,748.1,5,2,4,11,Loyal
C23895,31,12,355.05,5,2,1,8,Potential Loyal
C23899,11,20,465.03,2,4,2,8,Potential Loyal
C23901,0,15,410.75,1,3,2,6,At Risk
C23904,21,16,490.76,3,3,3,9,Potential Loyal
C23905,35,22,1240.74,5,4,5,14,High Value
C23906,17,26,832.21,3,5,4,12,Loyal
C23907,7,14,466.95,1,2,2,5,At Risk
C23908,15,22,889.64,2,4,4,10,Loyal
C23909,19,23,753.06,3,5,4,12,Loyal
C23910,9,23,874.85,2,5,4,11,Loyal
C23912,31,9,443.91,5,1,2,8,Potential Loyal
C23913,27,19,311.22,4,4,1,9,Potential Loyal
C23914,8,27,479.86,2,5,3,10,Loyal
C23915,31,12,304.51,5,2,1,8,Potential Loyal
C23916,30,22,360.52,5,4,1,10,Loyal
C23917,6,17,1107.02,1,3,5,9,Potential Loyal
C23919,29,13,495.33,4,2,3,9,Potential Loyal
C23920,22,29,1136.49,3,5,5,13,High Value
C23921,24,21,812.17,4,4,4,12,Loyal
C23922,14,8,1056.59,2,1,5,8,Potential Loyal
C23923,13,19,433.97,2,4,2,8,Potential Loyal
C23924,35,19,863.86,5,4,4,13,High Value
C23926,11,14,782.51,2,2,4,8,Potential Loyal
C23927,11,20,472.71,2,4,2,8,Potential Loyal
C23928,14,6,691.95,2,1,3,6,At Risk
C23929,27,27,698.94,4,5,3,12,Loyal
C23930,8,35,324.23,2,5,1,8,Potential Loyal
C23931,30,32,326.7,5,5,1,11,Loyal
C23932,7,8,385.48,1,1,1,3,Low Engagement
C23934,11,14,495.81,2,2,3,7,Potential Loyal
C23937,2,30,1145.08,1,5,5,11,Loyal
C23939,25,29,376.71,4,5,1,10,Loyal
C23940,30,20,397.01,5,4,2,11,Loyal
C23941,9,23,1226.3,2,5,5,12,Loyal
C23942,32,9,999.41,5,1,4,10,Loyal
C23943,13,0,425.88,2,1,2,5,At Risk
C23944,2,22,674.25,1,4,3,8,Potential Loyal
C23945,15,24,636.48,2,5,3,10,Loyal
C23946,10,8,432.28,2,1,2,5,At Risk
C23951,3,19,466.51,1,4,2,7,Potential Loyal
C23952,8,18,627.58,2,3,3,8,Potential Loyal
C23953,23,18,1343.87,4,3,5,12,Loyal
C23954,20,2,494.41,3,1,3,7,Potential Loyal
C23957,9,10,891.15,2,2,4,8,Potential Loyal
C23958,32,20,346.22,5,4,1,10,Loyal
C23959,19,4,343.94,3,1,1,5,At Risk
C23960,10,7,1163.55,2,1,5,8,Potential Loyal
C23962,27,11,804.74,4,2,4,10,Loyal
C23963,11,14,760.06,2,2,4,8,Potential Loyal
C23965,27,20,1032.51,4,4,5,13,High Value
C23966,15,11,1324.04,2,2,5,9,Potential Loyal
C23967,11,16,722.31,2,3,3,8,Potential Loyal
C23968,32,12,411.78,5,2,2,9,Potential Loyal
C23969,27,15,1286.94,4,3,5,12,Loyal
C23971,11,8,814.94,2,1,4,7,Potential Loyal
C23972,15,13,404.48,2,2,2,6,At Risk
C23974,34,15,354.93,5,3,1,9,Potential Loyal
C23975,17,19,1402.21,3,4,5,12,Loyal
C23976,27,8,461.04,4,1,2,7,Potential Loyal
C23977,31,25,813.54,5,5,4,14,High Value
C23978,9,21,330.36,2,4,1,7,Potential Loyal
C23980,10,15,761.23,2,3,4,9,Potential Loyal
C23981,15,14,498.33,2,2,3,7,Potential Loyal
C23982,32,6,768.75,5,1,4,10,Loyal
C23985,5,10,415.17,1,2,2,5,At Risk
C23986,32,14,420.88,5,2,2,9,Potential Loyal
C23987,6,12,766.86,1,2,4,7,Potential Loyal
C23988,10,25,1327.39,2,5,5,12,Loyal
C23989,20,20,867.31,3,4,4,11,Loyal
C23990,18,15,1338.81,3,3,5,11,Loyal
C23991,30,20,1013.1,5,4,5,14,High Value
C23992,35,21,392.63,5,4,2,11,Loyal
C23993,9,7,418.71,2,1,2,5,At Risk
C23995,23,22,317.27,4,4,1,9,Potential Loyal
C23996,7,19,301.03,1,4,1,6,At Risk
C23997,24,30,1385.49,4,5,5,14,High Value
C23998,17,23,343.16,3,5,1,9,Potential Loyal
C23999,0,22,868.32,1,4,4,9,Potential Loyal
C24002,6,19,454.85,1,4,2,7,Potential Loyal
C24003,11,26,332.66,2,5,1,8,Potential Loyal
C24004,9,23,629.05,2,5,3,10,Loyal
C24005,10,11,728.74,2,2,3,7,Potential Loyal
C24007,1,14,761.45,1,2,4,7,Potential Loyal
C24008,26,22,1137.79,4,4,5,13,High Value
C24011,28,18,403.35,4,3,2,9,Potential Loyal
C24017,2,21,457.16,1,4,2,7,Potential Loyal
C24018,26,22,360.13,4,4,1,9,Potential Loyal
C24021,15,7,415.56,2,1,2,5,At Risk
C24023,15,13,366.01,2,2,1,5,At Risk
C24024,8,18,721.94,2,3,3,8,Potential Loyal
C24025,33,10,717.64,5,2,3,10,Loyal
C24026,7,21,1143.09,1,4,5,10,Loyal
C24027,19,21,677.13,3,4,3,10,Loyal
C24028,26,11,307.62,4,2,1,7,Potential Loyal
C24030,0,29,822.35,1,5,4,10,Loyal
C24032,30,20,643.84,5,4,3,12,Loyal
C24033,5,9,776.42,1,1,4,6,At Risk
C24038,29,23,369.72,4,5,1,10,Loyal
C24039,19,25,1160.43,3,5,5,13,High Value
C24040,27,16,1065.01,4,3,5,12,Loyal
C24041,11,21,667.7,2,4,3,9,Potential Loyal
C24043,32,18,607.43,5,3,3,11,Loyal
C24046,29,9,1475.88,4,1,5,10,Loyal
C24047,21,6,367.52,3,1,1,5,At Risk
C24048,8,9,397.23,2,1,2,5,At Risk
C24049,35,19,339.78,5,4,1,10,Loyal
C24050,21,4,400.09,3,1,2,6,At Risk
C24051,35,12,608.17,5,2,3,10,Loyal
C24052,7,20,1218.73,1,4,5,10,Loyal
C24054,26,31,449.65,4,5,2,11,Loyal
C24055,33,10,342.92,5,2,1,8,Potential Loyal
C24057,22,8,1430.64,3,1,5,9,Potential Loyal
C24059,27,14,701.53,4,2,3,9,Potential Loyal
C24060,30,10,830.78,5,2,4,11,Loyal
C24063,36,10,802.42,5,2,4,11,Loyal
C24065,10,15,682.79,2,3,3,8,Potential Loyal
C24068,8,10,484.42,2,2,3,7,Potential Loyal
C24069,13,15,405.51,2,3,2,7,Potential Loyal
C24070,35,23,326.05,5,5,1,11,Loyal
C24071,24,14,423.51,4,2,2,8,Potential Loyal
C24072,24,24,414.57,4,5,2,11,Loyal
C24076,8,4,706.74,2,1,3,6,At Risk
C24077,2,19,745.49,1,4,4,9,Potential Loyal
C24079,23,16,767.64,4,3,4,11,Loyal
C24080,3,13,774.64,1,2,4,7,Potential Loyal
C24081,2,24,669.43,1,5,3,9,Potential Loyal
C24083,24,20,1324.62,4,4,5,13,High Value
C24084,36,13,1241.69,5,2,5,12,Loyal
C24085,18,1,1332.99,3,1,5,9,Potential Loyal
C24086,2,16,449.44,1,3,2,6,At Risk
C24087,22,24,1127.74,3,5,5,13,High Value
C24088,19,28,1075.46,3,5,5,13,High Value
C24089,17,18,416.68,3,3,2,8,Potential Loyal
C24090,35,16,484.97,5,3,3,11,Loyal
C24092,15,30,454.67,2,5,2,9,Potential Loyal
C24093,4,12,644.35,1,2,3,6,At Risk
C24094,21,16,330.71,3,3,1,7,Potential Loyal
C24095,12,3,709.96,2,1,3,6,At Risk
C24096,5,19,791.03,1,4,4,9,Potential Loyal
C24097,23,17,319.55,4,3,1,8,Potential Loyal
C24098,25,18,1351.95,4,3,5,12,Loyal
C24100,2,5,328.26,1,1,1,3,Low Engagement
C24101,18,20,397.88,3,4,2,9,Potential Loyal
C24102,3,13,875.77,1,2,4,7,Potential Loyal
C24104,35,16,1161.96,5,3,5,13,High Value
C24106,26,7,413.66,4,1,2,7,Potential Loyal
C24107,14,8,765.29,2,1,4,7,Potential Loyal
C24108,28,25,419.23,4,5,2,11,Loyal
C24109,22,10,383.45,3,2,1,6,At Risk
C24110,10,21,833.54,2,4,4,10,Loyal
C24111,13,6,1017.34,2,1,5,8,Potential Loyal
C24112,36,7,612.38,5,1,3,9,Potential Loyal
C24113,23,19,337.64,4,4,1,9,Potential Loyal
C24114,27,0,691.11,4,1,3,8,Potential Loyal
C24115,22,25,1460.93,3,5,5,13,High Value
C24116,27,9,1073.0,4,1,5,10,Loyal
C24120,6,16,445.44,1,3,2,6,At Risk
C24121,35,11,351.38,5,2,1,8,Potential Loyal
C24122,19,5,892.31,3,1,4,8,Potential Loyal
C24124,33,14,808.9,5,2,4,11,Loyal
C24126,27,27,493.27,4,5,3,12,Loyal
C24127,14,23,1061.04,2,5,5,12,Loyal
C24128,5,25,391.9,1,5,2,8,Potential Loyal
C24129,29,28,893.44,4,5,4,13,High Value
C24130,17,15,752.78,3,3,4,10,Loyal
C24131,20,10,1293.35,3,2,5,10,Loyal
C24132,11,15,841.17,2,3,4,9,Potential Loyal
C24134,5,10,460.99,1,2,2,5,At Risk
C24135,21,3,378.63,3,1,1,5,At Risk
C24136,35,14,797.07,5,2,4,11,Loyal
C24137,10,6,356.35,2,1,1,4,Low Engagement
C24138,30,14,786.23,5,2,4,11,Loyal
C24139,5,15,387.91,1,3,2,6,At Risk
C24140,17,12,1171.86,3,2,5,10,Loyal
C24141,7,22,1177.61,1,4,5,10,Loyal
C24142,33,12,1055.39,5,2,5,12,Loyal
C24143,34,3,361.17,5,1,1,7,Potential Loyal
C24144,33,13,759.99,5,2,4,11,Loyal
C24145,18,19,600.96,3,4,3,10,Loyal
C24146,3,22,487.72,1,4,3,8,Potential Loyal
C24147,9,22,1184.21,2,4,5,11,Loyal
C24148,10,19,1049.78,2,4,5,11,Loyal
C24149,19,18,389.15,3,3,2,8,Potential Loyal
C24150,25,5,313.79,4,1,1,6,At Risk
C24151,17,26,344.63,3,5,1,9,Potential Loyal
C24152,13,0,866.01,2,1,4,7,Potential Loyal
C24154,29,4,766.37,4,1,4,9,Potential Loyal
C24156,29,20,434.46,4,4,2,10,Loyal
C24157,32,6,487.48,5,1,3,9,Potential Loyal
C24159,21,4,647.98,3,1,3,7,Potential Loyal
C24161,16,14,646.09,3,2,3,8,Potential Loyal
C24163,21,16,824.01,3,3,4,10,Loyal
C24164,9,21,412.11,2,4,2,8,Potential Loyal
C24166,16,21,783.09,3,4,4,11,Loyal
C24168,35,5,340.32,5,1,1,7,Potential Loyal
C24169,32,20,1479.32,5,4,5,14,High Value
C24170,13,1,736.28,2,1,4,7,Potential Loyal
C24172,35,26,476.52,5,5,3,13,High Value
C24174,7,8,786.47,1,1,4,6,At Risk
C24175,26,13,779.53,4,2,4,10,Loyal
C24177,16,3,426.2,3,1,2,6,At Risk
C24179,0,11,379.14,1,2,1,4,Low Engagement
C24181,13,31,1231.2,2,5,5,12,Loyal
C24182,19,32,345.06,3,5,1,9,Potential Loyal
C24183,35,25,331.49,5,5,1,11,Loyal
C24186,6,14,301.74,1,2,1,4,Low Engagement
C24187,19,21,812.28,3,4,4,11,Loyal
C24188,16,15,1193.37,3,3,5,11,Loyal
C24189,22,21,413.88,3,4,2,9,Potential Loyal
C24190,21,22,444.96,3,4,2,9,Potential Loyal
C24193,32,22,1131.52,5,4,5,14,High Value
C24194,9,10,658.31,2,2,3,7,Potential Loyal
C24195,0,20,483.44,1,4,3,8,Potential Loyal
C24196,5,24,1233.07,1,5,5,11,Loyal
C24197,3,26,873.16,1,5,4,10,Loyal
C24198,8,18,452.45,2,3,2,7,Potential Loyal
C24199,19,2,368.5,3,1,1,5,At Risk
C24200,7,27,1297.15,1,5,5,11,Loyal
C24201,27,16,1290.89,4,3,5,12,Loyal
C24202,34,26,1271.7,5,5,5,15,High Value
C24203,1,21,485.44,1,4,3,8,Potential Loyal
C24204,19,19,393.06,3,4,2,9,Potential Loyal
C24205,2,18,634.86,1,3,3,7,Potential Loyal
C24206,22,15,426.12,3,3,2,8,Potential Loyal
C24207,6,23,377.57,1,5,1,7,Potential Loyal
C24209,26,9,648.56,4,1,3,8,Potential Loyal
C24210,30,4,698.24,5,1,3,9,Potential Loyal
C24212,17,20,1474.49,3,4,5,12,Loyal
C24215,0,22,1232.62,1,4,5,10,Loyal
C24216,5,20,1265.41,1,4,5,10,Loyal
C24219,15,21,409.66,2,4,2,8,Potential Loyal
C24220,6,10,374.54,1,2,1,4,Low Engagement
C24222,6,18,744.13,1,3,4,8,Potential Loyal
C24223,35,22,653.61,5,4,3,12,Loyal
C24224,20,29,775.94,3,5,4,12,Loyal
C24226,3,4,763.6,1,1,4,6,At Risk
C24227,23,24,311.58,4,5,1,10,Loyal
C24229,34,23,1290.51,5,5,5,15,High Value
C24232,6,13,1410.12,1,2,5,8,Potential Loyal
C24234,12,27,493.44,2,5,3,10,Loyal
C24235,29,19,866.89,4,4,4,12,Loyal
C24236,30,32,308.63,5,5,1,11,Loyal
C24237,27,21,889.25,4,4,4,12,Loyal
C24238,2,13,1407.12,1,2,5,8,Potential Loyal
C24240,24,12,1327.09,4,2,5,11,Loyal
C24241,4,6,389.48,1,1,2,4,Low Engagement
C24242,19,3,374.05,3,1,1,5,At Risk
C24244,5,21,734.44,1,4,4,9,Potential Loyal
C24246,4,23,786.04,1,5,4,10,Loyal
C24247,34,22,367.13,5,4,1,10,Loyal
C24248,24,17,489.55,4,3,3,10,Loyal
C24249,22,20,401.41,3,4,2,9,Potential Loyal
C24250,16,28,688.82,3,5,3,11,Loyal
C24251,16,10,1442.57,3,2,5,10,Loyal
C24252,23,22,311.98,4,4,1,9,Potential Loyal
C24253,9,4,602.11,2,1,3,6,At Risk
C24255,11,19,1243.48,2,4,5,11,Loyal
C24256,21,14,814.19,3,2,4,9,Potential Loyal
C24257,36,8,806.74,5,1,4,10,Loyal
C24258,31,21,433.05,5,4,2,11,Loyal
C24259,5,31,1085.01,1,5,5,11,Loyal
C24260,20,15,428.19,3,3,2,8,Potential Loyal
C24262,20,7,1130.48,3,1,5,9,Potential Loyal
C24263,34,22,419.55,5,4,2,11,Loyal
C24264,17,15,399.81,3,3,2,8,Potential Loyal
C24265,18,19,403.8,3,4,2,9,Potential Loyal
C24266,12,27,610.73,2,5,3,10,Loyal
C24267,12,15,355.19,2,3,1,6,At Risk
C24269,18,21,397.31,3,4,2,9,Potential Loyal
C24270,34,16,393.64,5,3,2,10,Loyal
C24271,7,17,750.71,1,3,4,8,Potential Loyal
C24272,17,16,354.74,3,3,1,7,Potential Loyal
C24273,4,14,866.36,1,2,4,7,Potential Loyal
C24274,34,9,419.77,5,1,2,8,Potential Loyal
C24275,31,3,1233.9,5,1,5,11,Loyal
C24276,16,30,1253.1,3,5,5,13,High Value
C24278,6,13,388.84,1,2,2,5,At Risk
C24279,15,7,489.35,2,1,3,6,At Risk
C24280,27,16,1230.49,4,3,5,12,Loyal
C24281,19,19,627.14,3,4,3,10,Loyal
C24282,13,12,405.84,2,2,2,6,At Risk
C24283,14,16,797.31,2,3,4,9,Potential Loyal
C24285,3,14,388.99,1,2,2,5,At Risk
C24289,19,12,878.88,3,2,4,9,Potential Loyal
C24290,24,26,1294.12,4,5,5,14,High Value
C24291,18,21,826.29,3,4,4,11,Loyal
C24293,13,9,841.31,2,1,4,7,Potential Loyal
C24294,10,28,847.99,2,5,4,11,Loyal
C24295,0,11,393.15,1,2,2,5,At Risk
C24298,4,25,355.13,1,5,1,7,Potential Loyal
C24299,5,6,673.61,1,1,3,5,At Risk
C24300,29,15,851.4,4,3,4,11,Loyal
C24301,35,18,1077.12,5,3,5,13,High Value
C24302,14,7,784.52,2,1,4,7,Potential Loyal
C24303,18,20,390.74,3,4,2,9,Potential Loyal
C24305,0,26,461.7,1,5,2,8,Potential Loyal
C24306,36,8,658.71,5,1,3,9,Potential Loyal
C24307,31,1,342.21,5,1,1,7,Potential Loyal
C24309,8,12,414.13,2,2,2,6,At Risk
C24310,31,10,707.53,5,2,3,10,Loyal
C24311,35,17,758.44,5,3,4,12,Loyal
C24313,31,18,822.68,5,3,4,12,Loyal
C24314,34,20,756.58,5,4,4,13,High Value
C24315,0,11,650.41,1,2,3,6,At Risk
C24316,28,2,602.67,4,1,3,8,Potential Loyal
C24318,10,20,1195.38,2,4,5,11,Loyal
C24319,16,7,1161.38,3,1,5,9,Potential Loyal
C24320,27,12,496.76,4,2,3,9,Potential Loyal
C24321,29,11,775.92,4,2,4,10,Loyal
C24322,23,18,695.24,4,3,3,10,Loyal
C24323,2,9,691.71,1,1,3,5,At Risk
C24324,7,16,608.37,1,3,3,7,Potential Loyal
C24325,34,2,409.39,5,1,2,8,Potential Loyal
C24326,30,13,361.6,5,2,1,8,Potential Loyal
C24328,6,23,456.58,1,5,2,8,Potential Loyal
C24330,14,21,681.8,2,4,3,9,Potential Loyal
C24331,28,25,1090.36,4,5,5,14,High Value
C24332,27,17,497.69,4,3,3,10,Loyal
C24333,31,18,1350.02,5,3,5,13,High Value
C24335,26,27,744.44,4,5,4,13,High Value
C24336,2,12,410.77,1,2,2,5,At Risk
C24337,21,13,831.24,3,2,4,9,Potential Loyal
C24338,30,22,384.67,5,4,1,10,Loyal
C24340,5,11,1438.08,1,2,5,8,Potential Loyal
C24343,11,19,698.24,2,4,3,9,Potential Loyal
C24344,21,23,322.96,3,5,1,9,Potential Loyal
C24345,18,12,744.61,3,2,4,9,Potential Loyal
C24346,13,17,1199.42,2,3,5,10,Loyal
C24347,30,4,1143.68,5,1,5,11,Loyal
C24348,7,12,701.47,1,2,3,6,At Risk
C24349,12,18,477.38,2,3,3,8,Potential Loyal
C24351,9,17,491.84,2,3,3,8,Potential Loyal
C24352,26,33,316.11,4,5,1,10,Loyal
C24353,18,16,1391.19,3,3,5,11,Loyal
C24354,21,20,687.51,3,4,3,10,Loyal
C24355,20,9,388.6,3,1,2,6,At Risk
C24356,20,13,495.39,3,2,3,8,Potential Loyal
C24358,27,20,652.15,4,4,3,11,Loyal
C24361,2,11,849.69,1,2,4,7,Potential Loyal
C24362,24,20,841.95,4,4,4,12,Loyal
C24363,1,16,389.84,1,3,2,6,At Risk
C24364,34,5,790.1,5,1,4,10,Loyal
C24365,32,29,627.37,5,5,3,13,High Value
C24366,8,27,683.05,2,5,3,10,Loyal
C24367,7,7,415.79,1,1,2,4,Low Engagement
C24368,31,1,1177.35,5,1,5,11,Loyal
C24369,20,16,387.39,3,3,1,7,Potential Loyal
C24370,32,5,866.84,5,1,4,10,Loyal
C24371,4,27,720.86,1,5,3,9,Potential Loyal
C24372,3,12,1100.58,1,2,5,8,Potential Loyal
C24373,18,14,675.51,3,2,3,8,Potential Loyal
C24374,26,1,470.84,4,1,2,7,Potential Loyal
C24377,10,8,411.68,2,1,2,5,At Risk
C24378,10,21,824.96,2,4,4,10,Loyal
C24379,6,22,779.85,1,4,4,9,Potential Loyal
C24380,29,2,1119.88,4,1,5,10,Loyal
C24381,5,20,1373.2,1,4,5,10,Loyal
C24382,20,18,754.26,3,3,4,10,Loyal
C24384,16,11,391.28,3,2,2,7,Potential Loyal
C24385,20,5,361.19,3,1,1,5,At Risk
C24386,3,20,488.75,1,4,3,8,Potential Loyal
C24389,22,8,484.19,3,1,3,7,Potential Loyal
C24390,2,16,601.61,1,3,3,7,Potential Loyal
C24391,29,26,697.27,4,5,3,12,Loyal
C24393,35,10,678.0,5,2,3,10,Loyal
C24394,8,18,730.64,2,3,4,9,Potential Loyal
C24395,17,10,1322.79,3,2,5,10,Loyal
C24396,8,30,428.42,2,5,2,9,Potential Loyal
C24397,21,13,446.34,3,2,2,7,Potential Loyal
C24400,32,10,889.16,5,2,4,11,Loyal
C24401,24,22,1342.99,4,4,5,13,High Value
C24403,30,19,775.92,5,4,4,13,High Value
C24404,15,23,790.28,2,5,4,11,Loyal
C24405,26,0,680.74,4,1,3,8,Potential Loyal
C24406,0,7,1189.96,1,1,5,7,Potential Loyal
C24409,18,14,763.61,3,2,4,9,Potential Loyal
C24410,2,12,672.08,1,2,3,6,At Risk
C24411,1,12,339.28,1,2,1,4,Low Engagement
C24413,5,7,785.89,1,1,4,6,At Risk
C24414,27,23,474.55,4,5,2,11,Loyal
C24415,21,20,1232.65,3,4,5,12,Loyal
C24416,26,31,792.54,4,5,4,13,High Value
C24417,34,13,641.75,5,2,3,10,Loyal
C24418,3,2,439.28,1,1,2,4,Low Engagement
C24420,0,13,364.18,1,2,1,4,Low Engagement
C24422,8,12,729.47,2,2,4,8,Potential Loyal
C24423,27,11,727.9,4,2,3,9,Potential Loyal
C24425,25,13,827.34,4,2,4,10,Loyal
C24426,20,19,803.45,3,4,4,11,Loyal
C24427,14,23,444.62,2,5,2,9,Potential Loyal
C24428,7,21,1250.15,1,4,5,10,Loyal
C24430,13,11,450.55,2,2,2,6,At Risk
C24432,0,24,705.71,1,5,3,9,Potential Loyal
C24433,1,18,422.01,1,3,2,6,At Risk
C24434,0,23,370.11,1,5,1,7,Potential Loyal
C24436,30,27,821.29,5,5,4,14,High Value
C24438,16,12,1099.49,3,2,5,10,Loyal
C24439,7,23,1281.52,1,5,5,11,Loyal
C24440,11,27,424.41,2,5,2,9,Potential Loyal
C24441,2,16,799.78,1,3,4,8,Potential Loyal
C24442,2,29,890.38,1,5,4,10,Loyal
C24443,0,17,850.07,1,3,4,8,Potential Loyal
C24444,31,12,349.2,5,2,1,8,Potential Loyal
C24445,9,7,300.31,2,1,1,4,Low Engagement
C24446,8,21,1423.38,2,4,5,11,Loyal
C24449,7,30,705.29,1,5,3,9,Potential Loyal
C24451,28,16,747.47,4,3,4,11,Loyal
C24452,14,19,426.47,2,4,2,8,Potential Loyal
C24453,1,29,301.67,1,5,1,7,Potential Loyal
C24454,28,9,626.98,4,1,3,8,Potential Loyal
C24455,4,29,306.37,1,5,1,7,Potential Loyal
C24456,22,15,322.94,3,3,1,7,Potential Loyal
C24457,26,19,310.1,4,4,1,9,Potential Loyal
C24459,33,6,496.19,5,1,3,9,Potential Loyal
C24460,15,15,783.17,2,3,4,9,Potential Loyal
C24461,30,19,818.96,5,4,4,13,High Value
C24462,26,12,630.29,4,2,3,9,Potential Loyal
C24463,3,23,727.82,1,5,3,9,Potential Loyal
C24464,13,23,350.55,2,5,1,8,Potential Loyal
C24467,2,18,481.24,1,3,3,7,Potential Loyal
C24468,19,16,647.07,3,3,3,9,Potential Loyal
C24470,18,12,896.93,3,2,4,9,Potential Loyal
C24471,10,24,695.0,2,5,3,10,Loyal
C24472,13,17,678.48,2,3,3,8,Potential Loyal
C24473,6,11,603.58,1,2,3,6,At Risk
C24474,36,22,1275.55,5,4,5,14,High Value
C24476,12,29,351.67,2,5,1,8,Potential Loyal
C24477,16,21,759.15,3,4,4,11,Loyal
C24480,25,19,704.17,4,4,3,11,Loyal
C24482,35,19,476.8,5,4,3,12,Loyal
C24483,21,21,490.68,3,4,3,10,Loyal
C24484,33,26,1234.46,5,5,5,15,High Value
C24485,4,15,706.39,1,3,3,7,Potential Loyal
C24487,30,16,383.14,5,3,1,9,Potential Loyal
C24490,26,15,405.09,4,3,2,9,Potential Loyal
C24491,1,17,317.08,1,3,1,5,At Risk
C24494,7,25,397.38,1,5,2,8,Potential Loyal
C24497,15,11,336.73,2,2,1,5,At Risk
C24498,0,7,489.24,1,1,3,5,At Risk
C24499,32,22,385.67,5,4,1,10,Loyal
C24500,8,6,363.48,2,1,1,4,Low Engagement
C24501,30,19,464.13,5,4,2,11,Loyal
C24502,24,10,365.27,4,2,1,7,Potential Loyal
C24503,5,14,1016.74,1,2,5,8,Potential Loyal
C24506,33,11,719.42,5,2,3,10,Loyal
C24507,23,18,631.62,4,3,3,10,Loyal
C24508,35,26,327.54,5,5,1,11,Loyal
C24509,6,26,353.86,1,5,1,7,Potential Loyal
C24510,0,6,457.18,1,1,2,4,Low Engagement
C24512,32,2,368.63,5,1,1,7,Potential Loyal
C24514,33,24,396.57,5,5,2,12,Loyal
C24515,31,12,1042.46,5,2,5,12,Loyal
C24516,19,14,382.11,3,2,1,6,At Risk
C24517,5,27,652.99,1,5,3,9,Potential Loyal
C24518,34,23,799.55,5,5,4,14,High Value
C24519,1,16,332.96,1,3,1,5,At Risk
C24520,20,8,631.82,3,1,3,7,Potential Loyal
C24521,23,16,453.61,4,3,2,9,Potential Loyal
C24522,13,19,1303.8,2,4,5,11,Loyal
C24523,26,20,306.61,4,4,1,9,Potential Loyal
C24524,10,9,711.19,2,1,3,6,At Risk
C24526,23,18,362.76,4,3,1,8,Potential Loyal
C24527,7,16,461.86,1,3,2,6,At Risk
C24528,6,18,821.18,1,3,4,8,Potential Loyal
C24529,10,23,882.56,2,5,4,11,Loyal
C24530,10,21,884.8,2,4,4,10,Loyal
C24532,21,15,861.53,3,3,4,10,Loyal
C24534,24,23,842.38,4,5,4,13,High Value
C24535,1,26,896.58,1,5,4,10,Loyal
C24538,14,13,1213.23,2,2,5,9,Potential Loyal
C24539,34,17,606.66,5,3,3,11,Loyal
C24541,18,18,360.15,3,3,1,7,Potential Loyal
C24542,8,22,610.45,2,4,3,9,Potential Loyal
C24543,29,5,1091.98,4,1,5,10,Loyal
C24544,16,16,1458.3,3,3,5,11,Loyal
C24546,21,4,377.97,3,1,1,5,At Risk
C24547,31,17,698.95,5,3,3,11,Loyal
C24548,3,13,895.32,1,2,4,7,Potential Loyal
C24549,9,14,839.86,2,2,4,8,Potential Loyal
C24550,2,12,439.76,1,2,2,5,At Risk
C24551,4,4,381.55,1,1,1,3,Low Engagement
C24553,6,17,614.42,1,3,3,7,Potential Loyal
C24554,22,9,809.33,3,1,4,8,Potential Loyal
C24555,29,4,735.92,4,1,4,9,Potential Loyal
C24556,19,15,452.5,3,3,2,8,Potential Loyal
C24557,26,25,1033.09,4,5,5,14,High Value
C24558,5,16,843.27,1,3,4,8,Potential Loyal
C24559,24,27,1176.01,4,5,5,14,High Value
C24560,33,9,1081.85,5,1,5,11,Loyal
C24562,15,20,880.13,2,4,4,10,Loyal
C24563,24,0,640.25,4,1,3,8,Potential Loyal
C24564,29,6,344.02,4,1,1,6,At Risk
C24566,25,1,1137.92,4,1,5,10,Loyal
C24567,12,32,1380.2,2,5,5,12,Loyal
C24568,21,21,1458.1,3,4,5,12,Loyal
C24569,15,14,438.7,2,2,2,6,At Risk
C24570,16,31,880.62,3,5,4,12,Loyal
C24571,32,19,718.9,5,4,3,12,Loyal
C24572,29,24,1173.3,4,5,5,14,High Value
C24573,20,11,847.79,3,2,4,9,Potential Loyal
C24574,27,21,410.01,4,4,2,10,Loyal
C24575,9,20,818.62,2,4,4,10,Loyal
C24576,22,8,477.63,3,1,3,7,Potential Loyal
C24577,18,19,461.92,3,4,2,9,Potential Loyal
C24579,1,20,485.91,1,4,3,8,Potential Loyal
C24581,29,18,870.59,4,3,4,11,Loyal
C24582,33,15,399.19,5,3,2,10,Loyal
C24584,25,21,764.05,4,4,4,12,Loyal
C24585,28,29,657.15,4,5,3,12,Loyal
C24586,24,23,357.71,4,5,1,10,Loyal
C24587,1,20,1326.33,1,4,5,10,Loyal
C24588,4,30,761.74,1,5,4,10,Loyal
C24591,20,13,301.14,3,2,1,6,At Risk
C24592,20,22,1088.29,3,4,5,12,Loyal
C24593,27,6,326.75,4,1,1,6,At Risk
C24594,24,17,1089.99,4,3,5,12,Loyal
C24595,3,17,848.07,1,3,4,8,Potential Loyal
C24596,6,3,368.6,1,1,1,3,Low Engagement
C24597,11,17,821.33,2,3,4,9,Potential Loyal
C24598,11,18,761.34,2,3,4,9,Potential Loyal
C24599,8,10,347.01,2,2,1,5,At Risk
C24601,19,10,475.46,3,2,3,8,Potential Loyal
C24602,20,14,1116.76,3,2,5,10,Loyal
C24603,4,10,304.43,1,2,1,4,Low Engagement
C24604,4,22,492.58,1,4,3,8,Potential Loyal
C24605,9,18,366.66,2,3,1,6,At Risk
C24608,23,11,483.17,4,2,3,9,Potential Loyal
C24609,3,27,828.04,1,5,4,10,Loyal
C24611,29,32,629.72,4,5,3,12,Loyal
C24613,4,6,634.16,1,1,3,5,At Risk
C24614,31,12,377.75,5,2,1,8,Potential Loyal
C24616,16,23,609.44,3,5,3,11,Loyal
C24618,1,28,439.03,1,5,2,8,Potential Loyal
C24619,1,0,894.62,1,1,4,6,At Risk
C24620,21,2,607.68,3,1,3,7,Potential Loyal
C24621,33,16,827.24,5,3,4,12,Loyal
C24622,4,28,300.62,1,5,1,7,Potential Loyal
C24623,10,22,344.04,2,4,1,7,Potential Loyal
C24624,8,12,794.38,2,2,4,8,Potential Loyal
C24625,23,23,606.14,4,5,3,12,Loyal
C24626,36,14,454.11,5,2,2,9,Potential Loyal
C24627,3,17,616.2,1,3,3,7,Potential Loyal
C24628,8,22,492.93,2,4,3,9,Potential Loyal
C24629,4,3,350.68,1,1,1,3,Low Engagement
C24630,19,6,479.94,3,1,3,7,Potential Loyal
C24631,24,21,372.97,4,4,1,9,Potential Loyal
C24632,9,22,464.95,2,4,2,8,Potential Loyal
C24633,28,26,457.91,4,5,2,11,Loyal
C24634,20,18,404.12,3,3,2,8,Potential Loyal
C24635,10,3,614.87,2,1,3,6,At Risk
C24636,4,14,774.29,1,2,4,7,Potential Loyal
C24637,9,22,350.12,2,4,1,7,Potential Loyal
C24638,16,23,373.36,3,5,1,9,Potential Loyal
C24639,5,29,352.81,1,5,1,7,Potential Loyal
C24640,31,31,319.95,5,5,1,11,Loyal
C24641,33,15,325.22,5,3,1,9,Potential Loyal
C24642,29,16,336.99,4,3,1,8,Potential Loyal
C24644,21,9,305.15,3,1,1,5,At Risk
C24648,27,6,369.34,4,1,1,6,At Risk
C24649,24,13,1362.41,4,2,5,11,Loyal
C24650,6,8,851.29,1,1,4,6,At Risk
C24651,17,21,794.93,3,4,4,11,Loyal
C24652,18,28,1052.54,3,5,5,13,High Value
C24653,22,15,872.35,3,3,4,10,Loyal
C24656,31,21,486.02,5,4,3,12,Loyal
C24657,10,9,720.68,2,1,3,6,At Risk
C24658,31,18,380.39,5,3,1,9,Potential Loyal
C24659,16,30,1024.92,3,5,5,13,High Value
C24660,20,23,313.6,3,5,1,9,Potential Loyal
C24661,2,6,731.83,1,1,4,6,At Risk
C24662,4,14,466.91,1,2,2,5,At Risk
C24664,16,19,414.01,3,4,2,9,Potential Loyal
C24666,26,11,890.79,4,2,4,10,Loyal
C24667,26,9,673.95,4,1,3,8,Potential Loyal
C24668,4,13,1223.44,1,2,5,8,Potential Loyal
C24669,7,16,734.25,1,3,4,8,Potential Loyal
C24671,7,17,745.37,1,3,4,8,Potential Loyal
C24672,30,22,659.79,5,4,3,12,Loyal
C24674,15,20,496.14,2,4,3,9,Potential Loyal
C24675,2,15,667.73,1,3,3,7,Potential Loyal
C24676,31,15,349.26,5,3,1,9,Potential Loyal
C24677,27,20,473.49,4,4,2,10,Loyal
C24678,22,11,1164.19,3,2,5,10,Loyal
C24679,17,10,357.29,3,2,1,6,At Risk
C24680,22,6,327.93,3,1,1,5,At Risk
C24681,35,24,422.6,5,5,2,12,Loyal
C24684,32,6,1307.91,5,1,5,11,Loyal
C24688,10,12,352.65,2,2,1,5,At Risk
C24689,17,9,448.7,3,1,2,6,At Risk
C24690,30,14,407.3,5,2,2,9,Potential Loyal
C24691,22,5,433.23,3,1,2,6,At Risk
C24693,10,26,843.14,2,5,4,11,Loyal
C24694,12,31,866.43,2,5,4,11,Loyal
C24695,10,10,710.08,2,2,3,7,Potential Loyal
C24696,28,26,319.44,4,5,1,10,Loyal
C24697,22,13,627.88,3,2,3,8,Potential Loyal
C24698,14,6,426.89,2,1,2,5,At Risk
C24699,1,5,875.17,1,1,4,6,At Risk
C24700,5,17,313.23,1,3,1,5,At Risk
C24702,9,17,423.49,2,3,2,7,Potential Loyal
C24703,20,13,461.16,3,2,2,7,Potential Loyal
C24705,32,9,640.16,5,1,3,9,Potential Loyal
C24707,13,13,349.07,2,2,1,5,At Risk
C24708,15,27,1172.46,2,5,5,12,Loyal
C24710,11,22,346.79,2,4,1,7,Potential Loyal
C24711,35,21,1175.47,5,4,5,14,High Value
C24713,28,25,1260.03,4,5,5,14,High Value
C24715,20,21,1111.72,3,4,5,12,Loyal
C24716,3,1,666.89,1,1,3,5,At Risk
C24717,12,24,399.86,2,5,2,9,Potential Loyal
C24718,8,24,1406.06,2,5,5,12,Loyal
C24719,11,13,1182.16,2,2,5,9,Potential Loyal
C24720,23,20,695.46,4,4,3,11,Loyal
C24721,27,21,441.7,4,4,2,10,Loyal
C24722,26,13,755.12,4,2,4,10,Loyal
C24723,22,18,772.66,3,3,4,10,Loyal
C24724,9,14,872.55,2,2,4,8,Potential Loyal
C24725,29,0,445.0,4,1,2,7,Potential Loyal
C24726,2,24,393.07,1,5,2,8,Potential Loyal
C24727,34,24,870.6,5,5,4,14,High Value
C24728,14,24,756.05,2,5,4,11,Loyal
C24731,28,26,682.15,4,5,3,12,Loyal
C24732,11,9,1431.76,2,1,5,8,Potential Loyal
C24733,28,8,438.57,4,1,2,7,Potential Loyal
C24735,4,24,344.76,1,5,1,7,Potential Loyal
C24736,6,24,445.37,1,5,2,8,Potential Loyal
C24738,16,6,1291.92,3,1,5,9,Potential Loyal
C24740,26,26,1405.03,4,5,5,14,High Value
C24741,3,17,386.7,1,3,1,5,At Risk
C24742,24,22,436.73,4,4,2,10,Loyal
C24743,27,21,438.08,4,4,2,10,Loyal
C24744,26,10,781.6,4,2,4,10,Loyal
C24745,17,8,321.54,3,1,1,5,At Risk
C24746,31,25,733.73,5,5,4,14,High Value
C24747,27,14,1186.61,4,2,5,11,Loyal
C24749,25,3,358.75,4,1,1,6,At Risk
C24750,22,9,339.66,3,1,1,5,At Risk
C24751,2,12,339.02,1,2,1,4,Low Engagement
C24752,14,14,338.86,2,2,1,5,At Risk
C24754,2,11,413.06,1,2,2,5,At Risk
C24756,9,11,319.78,2,2,1,5,At Risk
C24757,27,15,1161.95,4,3,5,12,Loyal
C24758,22,15,426.57,3,3,2,8,Potential Loyal
C24759,9,19,491.28,2,4,3,9,Potential Loyal
C24760,28,18,647.13,4,3,3,10,Loyal
C24761,10,6,1391.61,2,1,5,8,Potential Loyal
C24764,17,3,1239.98,3,1,5,9,Potential Loyal
C24766,35,13,398.57,5,2,2,9,Potential Loyal
C24768,8,22,448.73,2,4,2,8,Potential Loyal
C24769,4,12,817.79,1,2,4,7,Potential Loyal
C24771,1,21,458.81,1,4,2,7,Potential Loyal
C24772,27,9,466.95,4,1,2,7,Potential Loyal
C24773,5,13,1378.58,1,2,5,8,Potential Loyal
C24774,17,15,736.08,3,3,4,10,Loyal
C24775,26,6,318.67,4,1,1,6,At Risk
C24776,17,22,831.09,3,4,4,11,Loyal
C24777,11,0,1172.55,2,1,5,8,Potential Loyal
C24779,21,22,1244.04,3,4,5,12,Loyal
C24780,2,26,388.06,1,5,2,8,Potential Loyal
C24781,16,15,703.15,3,3,3,9,Potential Loyal
C24783,29,25,759.28,4,5,4,13,High Value
C24784,21,17,1270.89,3,3,5,11,Loyal
C24786,18,15,448.64,3,3,2,8,Potential Loyal
C24788,33,16,401.89,5,3,2,10,Loyal
C24789,18,15,817.62,3,3,4,10,Loyal
C24791,21,21,427.82,3,4,2,9,Potential Loyal
C24792,21,14,760.37,3,2,4,9,Potential Loyal
C24794,23,3,392.27,4,1,2,7,Potential Loyal
C24795,14,19,1464.55,2,4,5,11,Loyal
C24796,19,21,1434.59,3,4,5,12,Loyal
C24797,20,15,738.3,3,3,4,10,Loyal
C24798,5,13,610.05,1,2,3,6,At Risk
C24799,8,4,631.69,2,1,3,6,At Risk
C24800,21,14,1356.86,3,2,5,10,Loyal
C24801,18,2,323.37,3,1,1,5,At Risk
C24802,24,7,354.7,4,1,1,6,At Risk
C24803,8,27,851.62,2,5,4,11,Loyal
C24804,25,15,335.74,4,3,1,8,Potential Loyal
C24805,34,22,1412.58,5,4,5,14,High Value
C24807,10,22,463.57,2,4,2,8,Potential Loyal
C24808,12,25,1400.23,2,5,5,12,Loyal
C24809,22,20,407.01,3,4,2,9,Potential Loyal
C24811,18,6,1371.87,3,1,5,9,Potential Loyal
C24812,25,30,383.59,4,5,1,10,Loyal
C24813,36,3,1464.77,5,1,5,11,Loyal
C24814,1,19,1402.83,1,4,5,10,Loyal
C24816,32,19,466.05,5,4,2,11,Loyal
C24817,22,14,444.76,3,2,2,7,Potential Loyal
C24818,8,22,375.08,2,4,1,7,Potential Loyal
C24819,25,22,359.86,4,4,1,9,Potential Loyal
C24823,26,12,432.97,4,2,2,8,Potential Loyal
C24824,12,15,782.33,2,3,4,9,Potential Loyal
C24825,6,27,322.66,1,5,1,7,Potential Loyal
C24826,3,18,467.06,1,3,2,6,At Risk
C24827,27,7,1403.21,4,1,5,10,Loyal
C24828,34,11,870.23,5,2,4,11,Loyal
C24830,0,6,661.4,1,1,3,5,At Risk
C24831,10,21,389.71,2,4,2,8,Potential Loyal
C24832,30,21,626.86,5,4,3,12,Loyal
C24834,28,19,887.31,4,4,4,12,Loyal
C24836,13,11,1111.09,2,2,5,9,Potential Loyal
C24838,36,19,865.4,5,4,4,13,High Value
C24840,15,18,419.52,2,3,2,7,Potential Loyal
C24841,11,25,407.96,2,5,2,9,Potential Loyal
C24842,30,17,775.16,5,3,4,12,Loyal
C24844,17,20,1285.94,3,4,5,12,Loyal
C24845,13,19,308.86,2,4,1,7,Potential Loyal
C24846,24,20,670.56,4,4,3,11,Loyal
C24848,0,23,493.92,1,5,3,9,Potential Loyal
C24850,5,8,399.17,1,1,2,4,Low Engagement
C24853,17,12,369.69,3,2,1,6,At Risk
C24854,15,23,720.59,2,5,3,10,Loyal
C24855,1,12,861.48,1,2,4,7,Potential Loyal
C24856,25,16,1214.54,4,3,5,12,Loyal
C24857,13,26,831.07,2,5,4,11,Loyal
C24858,17,9,1147.66,3,1,5,9,Potential Loyal
C24860,5,32,1121.79,1,5,5,11,Loyal
C24861,23,23,472.22,4,5,2,11,Loyal
C24862,13,11,1084.09,2,2,5,9,Potential Loyal
C24863,28,16,451.48,4,3,2,9,Potential Loyal
C24868,6,22,366.53,1,4,1,6,At Risk
C24872,3,14,889.71,1,2,4,7,Potential Loyal
C24873,11,25,828.26,2,5,4,11,Loyal
C24874,0,12,794.32,1,2,4,7,Potential Loyal
C24875,24,21,693.47,4,4,3,11,Loyal
C24876,5,14,429.9,1,2,2,5,At Risk
C24879,27,12,411.48,4,2,2,8,Potential Loyal
C24880,33,23,644.28,5,5,3,13,High Value
C24882,8,10,393.37,2,2,2,6,At Risk
C24883,12,20,684.06,2,4,3,9,Potential Loyal
C24886,21,12,1258.74,3,2,5,10,Loyal
C24887,0,11,434.34,1,2,2,5,At Risk
C24888,14,33,494.42,2,5,3,10,Loyal
C24889,33,18,477.35,5,3,3,11,Loyal
C24891,23,13,773.44,4,2,4,10,Loyal
C24892,22,26,362.53,3,5,1,9,Potential Loyal
C24894,11,23,1394.41,2,5,5,12,Loyal
C24895,9,3,1238.41,2,1,5,8,Potential Loyal
C24896,22,8,401.79,3,1,2,6,At Risk
C24897,0,11,426.05,1,2,2,5,At Risk
C24898,11,29,406.88,2,5,2,9,Potential Loyal
C24900,9,8,724.38,2,1,3,6,At Risk
C24901,27,22,306.57,4,4,1,9,Potential Loyal
C24907,35,23,327.7,5,5,1,11,Loyal
C24908,25,3,721.64,4,1,3,8,Potential Loyal
C24909,33,5,442.86,5,1,2,8,Potential Loyal
C24910,23,16,335.63,4,3,1,8,Potential Loyal
C24911,17,16,466.78,3,3,2,8,Potential Loyal
C24912,21,14,367.4,3,2,1,6,At Risk
C24913,13,15,620.98,2,3,3,8,Potential Loyal
C24915,30,18,711.3,5,3,3,11,Loyal
C24916,25,0,409.91,4,1,2,7,Potential Loyal
C24917,31,23,758.45,5,5,4,14,High Value
C24919,18,13,478.5,3,2,3,8,Potential Loyal
C24920,25,14,1212.96,4,2,5,11,Loyal
C24922,9,6,856.37,2,1,4,7,Potential Loyal
C24923,32,23,890.53,5,5,4,14,High Value
C24924,16,24,663.47,3,5,3,11,Loyal
C24925,27,11,479.93,4,2,3,9,Potential Loyal
C24926,13,5,721.71,2,1,3,6,At Risk
C24927,14,3,649.95,2,1,3,6,At Risk
C24928,33,19,849.92,5,4,4,13,High Value
C24929,8,20,1157.41,2,4,5,11,Loyal
C24930,8,14,713.24,2,2,3,7,Potential Loyal
C24932,5,28,668.6,1,5,3,9,Potential Loyal
C24933,13,7,469.6,2,1,2,5,At Risk
C24934,0,2,306.27,1,1,1,3,Low Engagement
C24936,24,28,707.83,4,5,3,12,Loyal
C24937,3,27,664.81,1,5,3,9,Potential Loyal
C24939,35,5,456.84,5,1,2,8,Potential Loyal
C24940,33,33,1052.81,5,5,5,15,High Value
C24941,5,13,490.35,1,2,3,6,At Risk
C24942,24,16,1089.08,4,3,5,12,Loyal
C24944,20,15,616.74,3,3,3,9,Potential Loyal
C24946,18,9,1065.54,3,1,5,9,Potential Loyal
C24947,7,19,347.71,1,4,1,6,At Risk
C24951,32,8,420.72,5,1,2,8,Potential Loyal
C24955,32,26,1098.04,5,5,5,15,High Value
C24956,35,17,1430.06,5,3,5,13,High Value
C24957,32,12,728.47,5,2,3,10,Loyal
C24958,20,18,759.67,3,3,4,10,Loyal
C24959,25,19,377.54,4,4,1,9,Potential Loyal
C24960,16,11,848.68,3,2,4,9,Potential Loyal
C24961,34,12,320.52,5,2,1,8,Potential Loyal
C24962,28,31,480.07,4,5,3,12,Loyal
C24964,24,12,481.67,4,2,3,9,Potential Loyal
C24966,28,14,376.07,4,2,1,7,Potential Loyal
C24967,29,15,321.29,4,3,1,8,Potential Loyal
C24971,30,15,1122.74,5,3,5,13,High Value
C24973,21,14,301.31,3,2,1,6,At Risk
C24974,4,7,1295.06,1,1,5,7,Potential Loyal
C24976,20,14,1252.49,3,2,5,10,Loyal
C24977,3,2,784.24,1,1,4,6,At Risk
C24978,11,4,737.93,2,1,4,7,Potential Loyal
C24980,14,11,1329.04,2,2,5,9,Potential Loyal
C24981,19,5,675.19,3,1,3,7,Potential Loyal
C24982,20,23,851.32,3,5,4,12,Loyal
C24983,3,11,402.63,1,2,2,5,At Risk
C24984,4,15,1498.42,1,3,5,9,Potential Loyal
C24985,5,16,1274.81,1,3,5,9,Potential Loyal
C24986,34,0,459.93,5,1,2,8,Potential Loyal
C24987,14,17,1351.25,2,3,5,10,Loyal
C24988,23,12,319.44,4,2,1,7,Potential Loyal
C24990,13,7,347.27,2,1,1,4,Low Engagement
C24992,0,22,651.84,1,4,3,8,Potential Loyal
C24993,24,12,737.57,4,2,4,10,Loyal
C24994,26,14,448.63,4,2,2,8,Potential Loyal
C24995,25,21,605.5,4,4,3,11,Loyal
C24997,3,11,474.83,1,2,2,5,At Risk
C24998,26,13,372.02,4,2,1,7,Potential Loyal
C25000,28,8,416.38,4,1,2,7,Potential Loyal
