customer_id,plan,contract_type,monthly_charges,tenure_months,monthly_usage_hours,support_tickets,auto_renewal,risk_score,risk_level
C10002,Basic,Annual,378.74,24,13.0,5,False,3,High Risk
C10004,Premium,Monthly,1304.09,3,45.9,1,False,3,High Risk
C10005,Premium,Annual,1425.37,34,30.2,4,True,1,Medium Risk
C10007,Standard,Monthly,693.01,15,55.9,1,True,1,Medium Risk
C10008,Basic,Monthly,328.82,19,52.9,1,True,1,Medium Risk
C10009,Premium,Annual,1260.08,33,15.6,4,True,2,Medium Risk
C10012,Standard,Monthly,648.45,29,52.2,2,False,2,Medium Risk
C10013,Basic,Monthly,326.6,4,40.5,3,True,3,High Risk
C10015,Basic,Monthly,407.22,13,57.1,1,False,2,Medium Risk
C10016,Premium,Monthly,1018.8,11,47.2,2,True,2,Medium Risk
C10018,Standard,Annual,893.55,30,31.3,3,False,2,Medium Risk
C10019,Basic,Monthly,308.73,25,64.1,1,True,1,Medium Risk
C10021,Standard,Monthly,829.78,32,1.9,6,False,4,High Risk
C10024,Standard,Monthly,816.67,27,72.3,1,False,2,Medium Risk
C10025,Standard,Monthly,864.25,28,56.3,1,True,1,Medium Risk
C10026,Basic,Monthly,422.23,14,30.4,5,True,2,Medium Risk
C10027,Premium,Monthly,1378.85,4,58.9,1,True,2,Medium Risk
C10028,Basic,Monthly,334.74,29,45.9,2,True,1,Medium Risk
C10030,Premium,Monthly,1170.26,20,32.9,4,True,2,Medium Risk
C10032,Basic,Monthly,393.02,7,61.4,1,False,3,High Risk
C10034,Basic,Monthly,468.38,18,29.2,3,True,2,Medium Risk
C10036,Basic,Monthly,306.54,25,30.7,3,True,2,Medium Risk
C10037,Basic,Annual,492.47,15,42.3,3,True,1,Medium Risk
C10038,Standard,Annual,752.68,28,65.8,1,True,0,Low Risk
C10039,Basic,Monthly,315.25,5,62.9,1,False,3,High Risk
C10040,Basic,Monthly,454.19,27,54.7,2,True,1,Medium Risk
C10041,Standard,Annual,621.11,28,25.5,4,True,1,Medium Risk
C10043,Basic,Monthly,371.46,31,47.3,6,False,3,High Risk
C10044,Basic,Annual,347.37,14,4.0,5,True,2,Medium Risk
C10045,Standard,Annual,688.86,6,29.7,3,True,2,Medium Risk
C10048,Premium,Annual,1238.89,25,16.2,5,True,2,Medium Risk
C10049,Premium,Annual,1183.23,24,43.7,2,True,0,Low Risk
C10053,Basic,Monthly,443.95,2,40.6,2,True,2,Medium Risk
C10054,Basic,Monthly,386.09,29,65.8,2,False,2,Medium Risk
C10055,Basic,Annual,413.65,12,26.8,3,False,2,Medium Risk
C10056,Premium,Monthly,1180.64,18,11.4,4,True,3,High Risk
C10058,Basic,Monthly,445.88,10,49.4,2,False,3,High Risk
C10060,Basic,Monthly,341.82,24,49.8,2,True,1,Medium Risk
C10061,Premium,Monthly,1088.04,32,43.2,3,False,3,High Risk
C10063,Basic,Annual,333.29,34,30.7,3,True,1,Medium Risk
C10064,Standard,Monthly,863.58,34,58.7,3,False,3,High Risk
C10065,Premium,Annual,1458.49,21,50.0,2,True,0,Low Risk
C10066,Standard,Annual,655.45,12,28.8,4,True,1,Medium Risk
C10067,Standard,Annual,713.11,36,18.1,4,True,2,Medium Risk
C10068,Standard,Monthly,802.97,0,35.2,3,False,4,High Risk
C10069,Basic,Monthly,305.56,5,39.6,4,False,4,High Risk
C10070,Standard,Monthly,748.73,4,60.1,1,False,3,High Risk
C10071,Premium,Monthly,1055.11,2,73.9,2,False,3,High Risk
C10073,Basic,Monthly,410.72,36,50.6,2,False,2,Medium Risk
C10074,Standard,Annual,877.25,30,66.4,1,False,1,Medium Risk
C10075,Standard,Annual,854.84,8,22.1,4,False,3,High Risk
C10076,Standard,Monthly,849.4,31,57.9,1,False,2,Medium Risk
C10078,Basic,Monthly,436.99,12,25.2,5,True,2,Medium Risk
C10082,Basic,Monthly,419.04,5,50.5,3,True,3,High Risk
C10083,Premium,Monthly,1021.61,10,53.9,3,True,3,High Risk
C10085,Basic,Annual,371.52,23,19.3,6,True,2,Medium Risk
C10086,Premium,Annual,1470.12,25,24.0,3,True,1,Medium Risk
C10087,Standard,Monthly,749.55,4,9.0,5,False,5,High Risk
C10088,Premium,Monthly,1352.83,4,45.0,3,True,3,High Risk
C10089,Basic,Monthly,327.94,23,70.0,1,True,1,Medium Risk
C10090,Premium,Monthly,1374.13,31,58.8,1,True,1,Medium Risk
C10091,Standard,Monthly,690.51,3,11.7,5,True,4,High Risk
C10092,Basic,Monthly,393.09,13,37.1,5,False,3,High Risk
C10093,Standard,Annual,894.05,19,45.7,3,False,2,Medium Risk
C10094,Standard,Monthly,855.86,22,24.8,5,False,3,High Risk
C10095,Standard,Monthly,812.29,6,49.4,2,True,2,Medium Risk
C10096,Standard,Monthly,686.4,19,48.9,2,True,1,Medium Risk
C10097,Basic,Annual,378.86,10,51.4,2,True,1,Medium Risk
C10098,Standard,Annual,765.17,17,49.9,2,True,0,Low Risk
C10099,Premium,Annual,1300.16,31,22.9,4,True,1,Medium Risk
C10100,Premium,Monthly,1128.2,13,21.2,4,False,3,High Risk
C10101,Basic,Monthly,308.66,29,41.4,2,True,1,Medium Risk
C10102,Basic,Annual,383.86,7,30.9,5,True,2,Medium Risk
C10103,Premium,Annual,1261.54,35,30.3,3,True,1,Medium Risk
C10104,Basic,Annual,446.75,21,66.0,1,False,1,Medium Risk
C10105,Basic,Monthly,474.32,16,49.1,2,False,2,Medium Risk
C10107,Basic,Annual,352.6,19,36.8,3,True,1,Medium Risk
C10110,Basic,Monthly,349.74,0,49.4,2,False,3,High Risk
C10111,Basic,Monthly,495.73,27,40.0,2,False,2,Medium Risk
C10112,Standard,Annual,672.13,31,13.0,5,True,2,Medium Risk
C10113,Basic,Monthly,481.75,3,18.4,4,False,5,High Risk
C10114,Standard,Monthly,752.93,23,43.8,4,False,3,High Risk
C10118,Premium,Monthly,1053.82,13,29.6,4,True,2,Medium Risk
C10119,Standard,Annual,682.35,21,32.7,3,True,1,Medium Risk
C10121,Premium,Monthly,1379.45,1,46.5,3,False,4,High Risk
C10122,Premium,Monthly,1059.46,9,48.2,2,False,3,High Risk
C10123,Standard,Monthly,775.48,19,56.5,4,False,3,High Risk
C10124,Basic,Annual,484.36,23,15.6,4,True,2,Medium Risk
C10125,Standard,Monthly,683.37,24,14.2,5,True,3,High Risk
C10126,Basic,Monthly,470.71,27,67.8,2,True,1,Medium Risk
C10128,Basic,Annual,307.83,3,18.0,3,True,3,High Risk
C10129,Basic,Monthly,440.28,15,22.2,5,True,2,Medium Risk
C10130,Basic,Monthly,392.19,35,39.3,3,False,3,High Risk
C10131,Basic,Monthly,465.88,4,57.5,2,False,3,High Risk
C10132,Basic,Monthly,422.26,14,36.1,2,False,2,Medium Risk
C10134,Standard,Monthly,824.22,8,48.8,2,False,3,High Risk
C10135,Standard,Annual,809.95,9,53.3,2,False,2,Medium Risk
C10138,Premium,Monthly,1302.0,25,66.6,1,False,2,Medium Risk
C10139,Basic,Monthly,429.58,1,16.3,5,False,5,High Risk
C10140,Basic,Annual,346.99,30,61.1,2,True,0,Low Risk
C10141,Premium,Annual,1415.81,13,23.3,4,False,2,Medium Risk
C10142,Basic,Monthly,396.83,24,65.1,2,False,2,Medium Risk
C10143,Basic,Annual,494.94,35,62.8,1,False,1,Medium Risk
C10145,Basic,Monthly,448.46,8,29.0,4,False,4,High Risk
C10146,Premium,Monthly,1022.68,31,4.7,5,False,4,High Risk
C10147,Standard,Annual,618.34,21,33.1,3,False,2,Medium Risk
C10149,Basic,Monthly,360.92,20,31.9,4,True,2,Medium Risk
C10150,Basic,Monthly,318.23,17,39.0,2,True,1,Medium Risk
C10151,Basic,Monthly,380.16,16,75.8,3,False,3,High Risk
C10153,Basic,Monthly,449.18,13,61.7,1,True,1,Medium Risk
C10155,Standard,Monthly,623.85,20,21.3,4,True,2,Medium Risk
C10156,Basic,Monthly,496.94,2,29.7,6,False,4,High Risk
C10157,Premium,Annual,1448.14,16,27.8,3,True,1,Medium Risk
C10158,Standard,Monthly,887.34,3,51.9,2,True,2,Medium Risk
C10159,Basic,Annual,441.94,23,30.8,6,True,1,Medium Risk
C10160,Standard,Annual,714.3,29,76.9,1,True,0,Low Risk
C10161,Basic,Annual,430.54,29,6.0,4,True,2,Medium Risk
C10162,Basic,Monthly,483.69,3,33.5,3,True,3,High Risk
C10163,Basic,Annual,338.88,18,14.5,4,True,2,Medium Risk
C10164,Basic,Monthly,359.78,13,45.2,2,False,2,Medium Risk
C10165,Basic,Monthly,488.18,2,63.7,1,True,2,Medium Risk
C10166,Premium,Annual,1288.53,31,69.6,2,True,0,Low Risk
C10167,Standard,Monthly,732.56,4,51.5,2,False,3,High Risk
C10168,Standard,Annual,706.4,0,33.2,3,True,2,Medium Risk
C10169,Basic,Annual,307.13,28,47.3,3,True,1,Medium Risk
C10170,Standard,Annual,831.65,30,58.8,1,True,0,Low Risk
C10172,Basic,Annual,473.62,9,60.4,2,False,2,Medium Risk
C10173,Basic,Annual,441.62,33,17.9,4,False,3,High Risk
C10174,Standard,Monthly,684.18,4,59.1,2,False,3,High Risk
C10175,Standard,Monthly,622.18,2,40.2,3,True,3,High Risk
C10176,Standard,Monthly,880.37,18,39.8,4,False,3,High Risk
C10177,Premium,Monthly,1049.23,8,62.2,1,False,3,High Risk
C10179,Standard,Annual,690.86,30,25.3,3,False,2,Medium Risk
C10180,Basic,Annual,498.06,23,54.6,3,True,1,Medium Risk
C10181,Premium,Annual,1106.88,35,48.4,4,True,1,Medium Risk
C10182,Standard,Monthly,731.68,4,63.0,1,True,2,Medium Risk
C10183,Premium,Monthly,1350.68,10,44.9,3,False,4,High Risk
C10184,Standard,Annual,616.32,32,48.2,3,True,1,Medium Risk
C10185,Premium,Annual,1130.27,28,15.7,7,True,2,Medium Risk
C10186,Basic,Monthly,345.38,7,39.7,3,False,4,High Risk
C10187,Basic,Monthly,381.85,18,64.2,2,False,2,Medium Risk
C10189,Basic,Annual,349.21,16,39.0,4,True,1,Medium Risk
C10195,Basic,Monthly,450.92,13,19.7,4,False,4,High Risk
C10197,Basic,Monthly,472.03,11,48.2,2,False,3,High Risk
C10198,Standard,Monthly,605.28,13,27.6,3,False,3,High Risk
C10200,Premium,Monthly,1164.58,9,67.1,1,False,3,High Risk
C10202,Basic,Annual,459.95,12,77.7,1,True,0,Low Risk
C10203,Standard,Monthly,688.27,35,26.9,4,True,2,Medium Risk
C10204,Basic,Annual,417.67,34,49.7,2,True,0,Low Risk
C10206,Standard,Monthly,746.29,7,61.8,1,True,2,Medium Risk
C10207,Basic,Annual,490.84,36,35.2,2,True,0,Low Risk
C10209,Basic,Monthly,313.62,22,43.7,2,False,2,Medium Risk
C10210,Basic,Annual,434.22,34,35.2,3,True,1,Medium Risk
C10211,Basic,Monthly,362.59,8,75.8,1,False,3,High Risk
C10213,Basic,Monthly,368.2,8,64.5,1,False,3,High Risk
C10214,Basic,Monthly,422.38,7,42.3,2,False,3,High Risk
C10215,Basic,Monthly,383.08,7,2.6,6,True,4,High Risk
C10216,Basic,Monthly,330.59,2,47.3,2,True,2,Medium Risk
C10217,Premium,Annual,1135.92,30,55.7,2,True,0,Low Risk
C10218,Standard,Monthly,845.41,6,26.6,3,False,4,High Risk
C10220,Basic,Annual,346.67,27,47.9,2,True,0,Low Risk
C10221,Standard,Monthly,654.93,9,66.9,1,False,3,High Risk
C10222,Standard,Monthly,809.42,4,12.2,4,False,5,High Risk
C10223,Standard,Monthly,896.36,7,14.0,5,False,5,High Risk
C10226,Standard,Monthly,873.93,4,31.3,3,False,4,High Risk
C10228,Standard,Monthly,847.19,20,63.3,2,True,1,Medium Risk
C10229,Basic,Monthly,409.2,19,63.9,1,False,2,Medium Risk
C10231,Basic,Monthly,478.15,11,64.7,0,False,3,High Risk
C10233,Basic,Annual,358.66,25,32.8,5,True,1,Medium Risk
C10235,Premium,Annual,1347.25,22,3.9,5,False,3,High Risk
C10237,Basic,Monthly,417.98,16,40.4,4,False,3,High Risk
C10238,Premium,Monthly,1469.1,20,48.2,2,False,2,Medium Risk
C10239,Basic,Monthly,490.29,26,48.6,3,False,3,High Risk
C10240,Basic,Monthly,307.46,16,4.7,6,False,4,High Risk
C10241,Standard,Monthly,673.48,32,36.3,4,False,3,High Risk
C10242,Basic,Monthly,460.28,16,31.6,4,False,3,High Risk
C10243,Premium,Annual,1367.37,13,60.1,1,True,0,Low Risk
C10244,Basic,Monthly,411.65,27,59.9,1,False,2,Medium Risk
C10245,Standard,Monthly,726.71,10,64.3,1,True,2,Medium Risk
C10247,Standard,Monthly,697.54,33,53.9,3,True,2,Medium Risk
C10249,Premium,Monthly,1050.94,33,33.7,4,False,3,High Risk
C10250,Standard,Monthly,616.97,13,5.6,6,True,3,High Risk
C10251,Basic,Monthly,365.7,18,35.6,3,False,3,High Risk
C10252,Basic,Monthly,471.52,1,50.2,2,False,3,High Risk
C10253,Basic,Monthly,459.43,13,65.5,1,True,1,Medium Risk
C10254,Basic,Annual,459.61,22,68.1,1,True,0,Low Risk
C10255,Premium,Monthly,1095.8,2,58.3,1,False,3,High Risk
C10256,Premium,Annual,1489.07,15,41.3,2,True,0,Low Risk
C10258,Premium,Annual,1034.91,35,41.8,3,True,1,Medium Risk
C10259,Premium,Monthly,1425.49,18,42.3,3,True,2,Medium Risk
C10260,Standard,Monthly,791.35,2,66.3,1,False,3,High Risk
C10261,Basic,Annual,432.07,25,56.3,1,True,0,Low Risk
C10262,Standard,Monthly,804.17,8,39.1,3,False,4,High Risk
C10263,Basic,Monthly,375.2,17,69.3,0,True,1,Medium Risk
C10264,Premium,Annual,1008.9,25,19.1,4,True,2,Medium Risk
C10265,Basic,Annual,357.36,31,33.9,4,False,2,Medium Risk
C10266,Basic,Monthly,388.71,18,34.7,4,False,3,High Risk
C10267,Standard,Monthly,675.68,3,43.9,2,False,3,High Risk
C10268,Premium,Annual,1001.37,30,69.5,1,True,0,Low Risk
C10269,Standard,Monthly,616.0,20,60.9,3,False,3,High Risk
C10272,Basic,Monthly,351.26,1,47.6,2,False,3,High Risk
C10274,Basic,Annual,456.57,32,27.4,4,True,1,Medium Risk
C10275,Standard,Annual,881.9,3,82.1,1,True,1,Medium Risk
C10276,Standard,Monthly,670.42,26,56.5,3,False,3,High Risk
C10277,Standard,Monthly,816.7,3,44.4,2,False,3,High Risk
C10278,Standard,Annual,690.23,24,44.0,3,True,1,Medium Risk
C10279,Basic,Monthly,325.58,3,56.8,2,False,3,High Risk
C10280,Standard,Monthly,775.0,15,36.7,2,True,1,Medium Risk
C10283,Premium,Monthly,1439.44,8,32.6,3,True,3,High Risk
C10284,Basic,Annual,334.74,33,67.8,1,True,0,Low Risk
C10285,Basic,Annual,319.24,26,42.7,3,True,1,Medium Risk
C10288,Basic,Monthly,440.63,28,52.9,2,True,1,Medium Risk
C10289,Standard,Annual,776.86,29,45.1,2,True,0,Low Risk
C10290,Standard,Monthly,832.41,18,30.4,4,True,2,Medium Risk
C10291,Standard,Monthly,780.53,25,9.2,4,True,3,High Risk
C10292,Standard,Monthly,613.89,14,37.4,3,False,3,High Risk
C10293,Basic,Annual,401.66,19,0.0,5,True,2,Medium Risk
C10294,Standard,Annual,890.2,27,31.5,4,True,1,Medium Risk
C10295,Premium,Monthly,1226.59,9,73.0,1,False,3,High Risk
C10296,Premium,Monthly,1034.41,11,67.4,2,False,3,High Risk
C10298,Standard,Annual,767.2,33,55.7,3,False,2,Medium Risk
C10299,Premium,Monthly,1283.17,20,42.2,3,False,3,High Risk
C10301,Standard,Annual,628.84,28,56.4,2,True,0,Low Risk
C10302,Premium,Monthly,1081.31,35,58.9,2,False,2,Medium Risk
C10303,Premium,Monthly,1004.98,3,41.8,2,True,2,Medium Risk
C10304,Basic,Monthly,472.04,3,62.2,2,True,2,Medium Risk
C10305,Standard,Annual,893.18,36,34.9,3,True,1,Medium Risk
C10306,Basic,Monthly,403.3,7,58.9,2,False,3,High Risk
C10307,Basic,Monthly,385.56,0,65.8,1,False,3,High Risk
C10309,Premium,Annual,1345.91,19,54.2,1,True,0,Low Risk
C10310,Basic,Monthly,353.41,31,35.2,3,True,2,Medium Risk
C10313,Premium,Annual,1097.97,9,53.3,4,True,2,Medium Risk
C10314,Basic,Annual,351.02,24,30.3,4,True,1,Medium Risk
C10316,Basic,Monthly,300.16,16,44.4,2,True,1,Medium Risk
C10318,Standard,Annual,847.34,30,31.2,5,True,1,Medium Risk
C10319,Premium,Monthly,1460.48,4,18.7,3,False,5,High Risk
C10321,Basic,Monthly,360.46,6,42.1,3,False,4,High Risk
C10323,Basic,Monthly,484.6,6,18.5,4,False,5,High Risk
C10325,Premium,Monthly,1279.11,31,14.6,4,True,3,High Risk
C10328,Basic,Annual,457.04,26,40.7,3,True,1,Medium Risk
C10331,Basic,Monthly,459.37,15,51.3,2,False,2,Medium Risk
C10332,Premium,Annual,1385.17,34,44.1,2,True,0,Low Risk
C10333,Standard,Monthly,614.17,28,57.6,2,False,2,Medium Risk
C10334,Basic,Monthly,425.1,28,61.0,1,False,2,Medium Risk
C10335,Basic,Monthly,393.54,11,56.1,1,False,3,High Risk
C10339,Basic,Monthly,422.23,0,64.7,1,False,3,High Risk
C10340,Basic,Monthly,317.03,11,12.8,5,True,4,High Risk
C10341,Standard,Monthly,692.12,17,23.1,4,False,3,High Risk
C10342,Basic,Monthly,449.6,10,7.0,4,True,4,High Risk
C10343,Basic,Annual,364.57,36,53.7,3,True,1,Medium Risk
C10344,Standard,Monthly,831.05,8,44.6,3,False,4,High Risk
C10345,Basic,Annual,369.86,19,29.9,4,True,1,Medium Risk
C10349,Basic,Monthly,331.35,13,18.7,5,False,4,High Risk
C10351,Basic,Monthly,413.81,3,54.7,3,True,3,High Risk
C10352,Basic,Monthly,326.66,12,48.6,3,False,3,High Risk
C10353,Basic,Monthly,385.22,32,45.0,3,False,3,High Risk
C10355,Basic,Monthly,344.3,10,24.7,5,False,4,High Risk
C10356,Standard,Monthly,896.04,32,67.3,2,False,2,Medium Risk
C10358,Premium,Monthly,1003.64,20,33.1,3,True,2,Medium Risk
C10359,Standard,Annual,805.79,12,72.6,2,False,1,Medium Risk
C10360,Standard,Monthly,799.37,9,37.3,6,True,3,High Risk
C10361,Basic,Monthly,301.51,12,82.1,1,True,1,Medium Risk
C10362,Standard,Monthly,649.63,10,60.8,3,False,4,High Risk
C10363,Premium,Monthly,1060.94,34,17.0,4,True,3,High Risk
C10364,Premium,Annual,1360.67,29,63.1,1,True,0,Low Risk
C10365,Basic,Monthly,387.02,32,48.2,2,False,2,Medium Risk
C10367,Basic,Monthly,380.33,11,54.5,2,True,2,Medium Risk
C10372,Basic,Monthly,339.39,0,10.8,4,True,4,High Risk
C10373,Basic,Monthly,372.99,0,40.1,2,False,3,High Risk
C10375,Basic,Monthly,322.46,2,31.6,3,False,4,High Risk
C10376,Premium,Monthly,1048.42,10,32.3,5,True,3,High Risk
C10377,Basic,Annual,479.62,18,71.4,1,True,0,Low Risk
C10378,Standard,Annual,749.82,15,23.5,4,True,1,Medium Risk
C10379,Basic,Monthly,397.55,10,46.6,2,True,2,Medium Risk
C10380,Basic,Monthly,462.03,27,15.1,4,True,3,High Risk
C10381,Basic,Monthly,357.16,16,43.3,2,True,1,Medium Risk
C10382,Standard,Monthly,670.53,13,58.2,4,True,2,Medium Risk
C10383,Basic,Monthly,420.08,21,41.0,3,False,3,High Risk
C10384,Basic,Monthly,306.59,10,20.8,4,True,3,High Risk
C10385,Standard,Monthly,642.16,22,5.3,5,False,4,High Risk
C10386,Standard,Monthly,825.55,23,64.7,1,True,1,Medium Risk
C10387,Premium,Annual,1362.71,26,25.7,3,False,2,Medium Risk
C10388,Standard,Monthly,892.9,21,71.4,1,False,2,Medium Risk
C10389,Premium,Annual,1184.87,15,29.7,3,False,2,Medium Risk
C10391,Standard,Monthly,609.41,20,58.3,3,True,2,Medium Risk
C10395,Basic,Monthly,363.34,10,16.8,4,True,4,High Risk
C10396,Basic,Annual,350.45,9,66.5,1,True,1,Medium Risk
C10398,Standard,Annual,665.39,25,27.5,4,True,1,Medium Risk
C10399,Basic,Monthly,329.14,7,24.7,3,True,3,High Risk
C10400,Standard,Annual,870.46,36,15.5,4,True,2,Medium Risk
C10401,Basic,Monthly,433.76,29,51.6,1,False,2,Medium Risk
C10402,Standard,Monthly,632.01,12,11.8,4,True,3,High Risk
C10403,Premium,Monthly,1436.19,17,44.3,3,False,3,High Risk
C10404,Basic,Monthly,304.41,14,3.4,5,False,4,High Risk
C10405,Standard,Monthly,709.98,30,27.3,4,False,3,High Risk
C10406,Basic,Annual,320.51,33,39.0,4,True,1,Medium Risk
C10407,Premium,Monthly,1263.0,14,13.8,4,True,3,High Risk
C10410,Basic,Monthly,416.43,5,59.1,2,True,2,Medium Risk
C10412,Standard,Monthly,864.04,27,0.0,5,False,4,High Risk
C10414,Basic,Monthly,458.38,20,42.7,3,False,3,High Risk
C10415,Basic,Monthly,459.15,12,63.6,2,False,2,Medium Risk
C10416,Standard,Monthly,650.57,8,74.7,2,False,3,High Risk
C10417,Standard,Monthly,728.2,34,55.7,2,False,2,Medium Risk
C10418,Premium,Annual,1216.3,27,29.4,3,False,2,Medium Risk
C10419,Standard,Monthly,801.86,4,58.3,2,True,2,Medium Risk
C10421,Standard,Monthly,897.55,5,14.7,4,False,5,High Risk
C10423,Basic,Monthly,453.7,14,49.9,2,False,2,Medium Risk
C10424,Basic,Annual,431.79,21,19.4,3,True,2,Medium Risk
C10425,Standard,Monthly,869.87,0,48.6,2,True,2,Medium Risk
C10427,Premium,Monthly,1122.43,3,46.1,3,False,4,High Risk
C10428,Basic,Annual,469.79,26,43.1,4,False,2,Medium Risk
C10429,Basic,Annual,411.15,24,21.0,5,True,1,Medium Risk
C10430,Standard,Annual,666.03,34,69.7,3,False,2,Medium Risk
C10432,Basic,Annual,498.53,36,80.8,0,False,1,Medium Risk
C10433,Premium,Annual,1285.54,33,40.3,3,True,1,Medium Risk
C10434,Premium,Monthly,1017.68,10,31.4,4,False,4,High Risk
C10435,Premium,Monthly,1368.45,15,58.1,4,False,3,High Risk
C10436,Basic,Annual,378.26,24,15.0,5,True,2,Medium Risk
C10437,Premium,Monthly,1472.91,11,26.9,3,True,3,High Risk
C10439,Premium,Annual,1149.57,33,19.8,4,True,2,Medium Risk
C10440,Premium,Annual,1228.8,31,56.7,4,False,2,Medium Risk
C10441,Basic,Monthly,397.47,16,18.5,4,False,4,High Risk
C10442,Basic,Monthly,498.6,21,35.7,2,True,1,Medium Risk
C10443,Basic,Annual,416.55,30,32.4,3,False,2,Medium Risk
C10444,Standard,Monthly,874.17,21,5.1,5,True,3,High Risk
C10445,Basic,Annual,305.17,4,64.6,1,True,1,Medium Risk
C10446,Basic,Monthly,331.49,28,67.0,1,True,1,Medium Risk
C10447,Standard,Annual,757.32,29,40.8,2,False,1,Medium Risk
C10448,Basic,Monthly,411.11,24,52.6,4,True,2,Medium Risk
C10449,Basic,Monthly,316.83,2,45.4,4,True,3,High Risk
C10450,Premium,Monthly,1172.92,23,64.4,1,False,2,Medium Risk
C10451,Basic,Annual,382.84,33,34.2,3,True,1,Medium Risk
C10452,Basic,Monthly,404.01,2,43.3,3,False,4,High Risk
C10453,Premium,Monthly,1400.44,4,70.9,2,True,2,Medium Risk
C10454,Basic,Annual,418.84,25,64.5,1,True,0,Low Risk
C10455,Basic,Annual,459.14,23,55.2,2,True,0,Low Risk
C10456,Premium,Monthly,1384.85,22,59.4,1,False,2,Medium Risk
C10457,Standard,Monthly,718.32,4,41.9,2,True,2,Medium Risk
C10458,Standard,Monthly,756.48,4,35.3,3,True,3,High Risk
C10459,Basic,Monthly,315.41,5,42.0,3,True,3,High Risk
C10460,Basic,Monthly,458.14,32,25.5,5,True,2,Medium Risk
C10462,Basic,Monthly,349.5,20,13.4,4,False,4,High Risk
C10463,Basic,Monthly,363.17,15,43.0,2,False,2,Medium Risk
C10464,Standard,Monthly,877.49,18,31.2,3,False,3,High Risk
C10465,Standard,Annual,841.4,14,58.1,1,True,0,Low Risk
C10466,Standard,Monthly,842.96,11,25.2,3,False,4,High Risk
C10468,Standard,Monthly,806.03,9,21.0,4,False,4,High Risk
C10469,Basic,Annual,382.23,35,51.8,2,True,0,Low Risk
C10471,Basic,Annual,419.52,19,41.3,3,True,1,Medium Risk
C10474,Standard,Monthly,664.16,9,58.4,2,False,3,High Risk
C10475,Standard,Monthly,827.65,24,62.0,3,False,3,High Risk
C10476,Standard,Monthly,667.71,1,24.1,4,True,3,High Risk
C10477,Premium,Annual,1181.1,12,63.1,1,False,1,Medium Risk
C10479,Standard,Annual,643.18,21,79.9,0,True,0,Low Risk
C10480,Standard,Annual,853.53,19,70.4,1,True,0,Low Risk
C10481,Basic,Annual,398.97,25,35.7,3,True,1,Medium Risk
C10482,Basic,Annual,498.8,23,32.0,5,True,1,Medium Risk
C10483,Basic,Monthly,437.6,9,2.7,6,False,5,High Risk
C10484,Standard,Annual,719.28,28,21.3,5,False,2,Medium Risk
C10486,Basic,Annual,462.64,35,61.5,3,True,1,Medium Risk
C10487,Premium,Annual,1092.39,15,47.9,2,True,0,Low Risk
C10490,Standard,Monthly,658.52,1,43.2,2,True,2,Medium Risk
C10492,Basic,Annual,482.62,25,28.8,3,True,1,Medium Risk
C10493,Basic,Annual,327.31,13,49.8,3,True,1,Medium Risk
C10494,Standard,Annual,866.94,16,62.0,1,True,0,Low Risk
C10495,Premium,Annual,1317.16,22,44.2,3,False,2,Medium Risk
C10496,Basic,Monthly,390.67,11,12.4,4,False,5,High Risk
C10497,Standard,Monthly,600.92,5,48.9,2,True,2,Medium Risk
C10499,Basic,Monthly,450.92,5,58.7,2,False,3,High Risk
C10500,Basic,Monthly,388.72,21,24.6,3,True,2,Medium Risk
C10501,Premium,Monthly,1391.05,18,33.1,3,False,3,High Risk
C10502,Basic,Monthly,417.56,10,66.7,2,False,3,High Risk
C10503,Standard,Annual,631.6,23,34.5,3,False,2,Medium Risk
C10507,Standard,Monthly,656.73,2,16.8,4,True,4,High Risk
C10508,Premium,Annual,1068.07,36,18.2,5,True,2,Medium Risk
C10511,Basic,Annual,357.12,27,47.7,3,True,1,Medium Risk
C10513,Standard,Annual,809.18,31,42.1,4,True,1,Medium Risk
C10516,Basic,Monthly,457.69,27,47.3,3,False,3,High Risk
C10517,Standard,Annual,659.88,26,19.6,3,True,2,Medium Risk
C10518,Basic,Annual,463.75,26,44.7,3,True,1,Medium Risk
C10520,Basic,Annual,466.12,28,54.2,2,True,0,Low Risk
C10521,Standard,Monthly,786.15,4,37.7,2,True,2,Medium Risk
C10522,Standard,Monthly,658.45,7,46.2,2,False,3,High Risk
C10523,Standard,Annual,624.34,17,24.7,6,True,1,Medium Risk
C10524,Basic,Annual,403.15,20,49.5,3,True,1,Medium Risk
C10526,Standard,Monthly,700.85,5,36.7,4,True,3,High Risk
C10529,Standard,Monthly,896.48,10,21.9,4,False,4,High Risk
C10530,Standard,Monthly,885.89,1,51.2,2,False,3,High Risk
C10531,Premium,Annual,1308.85,15,45.9,2,True,0,Low Risk
C10532,Basic,Monthly,439.57,33,14.7,6,False,4,High Risk
C10534,Basic,Monthly,313.33,7,2.1,5,False,5,High Risk
C10535,Basic,Monthly,382.76,5,58.7,2,True,2,Medium Risk
C10536,Standard,Annual,776.18,35,40.7,2,True,0,Low Risk
C10537,Basic,Monthly,347.46,11,45.3,2,True,2,Medium Risk
C10538,Standard,Monthly,863.61,35,69.7,3,False,3,High Risk
C10539,Basic,Monthly,385.3,19,52.3,2,False,2,Medium Risk
C10541,Basic,Monthly,337.5,26,68.1,1,True,1,Medium Risk
C10542,Standard,Annual,704.42,31,17.3,4,True,2,Medium Risk
C10543,Premium,Annual,1193.87,5,44.8,2,True,1,Medium Risk
C10544,Premium,Monthly,1222.17,10,73.3,1,False,3,High Risk
C10545,Basic,Monthly,351.61,19,56.8,1,False,2,Medium Risk
C10546,Basic,Monthly,342.36,22,43.3,2,False,2,Medium Risk
C10547,Basic,Monthly,384.91,10,20.5,4,False,4,High Risk
C10548,Basic,Monthly,429.19,5,10.5,5,False,5,High Risk
C10549,Standard,Monthly,708.93,13,36.0,3,True,2,Medium Risk
C10550,Standard,Monthly,658.11,19,45.7,2,True,1,Medium Risk
C10551,Premium,Annual,1477.33,2,34.0,3,True,2,Medium Risk
C10552,Standard,Monthly,875.95,12,79.5,0,True,1,Medium Risk
C10553,Basic,Monthly,415.19,23,34.1,4,True,2,Medium Risk
C10554,Standard,Monthly,715.72,3,28.5,4,True,3,High Risk
C10555,Premium,Monthly,1498.43,27,27.0,3,True,2,Medium Risk
C10556,Basic,Monthly,358.13,2,29.9,4,False,4,High Risk
C10558,Standard,Annual,720.23,28,14.7,5,True,2,Medium Risk
C10559,Standard,Monthly,894.45,36,68.7,1,True,1,Medium Risk
C10561,Basic,Annual,325.94,13,64.2,1,True,0,Low Risk
C10563,Basic,Monthly,350.99,13,39.2,4,False,3,High Risk
C10564,Premium,Monthly,1276.73,33,41.7,3,False,3,High Risk
C10566,Standard,Monthly,756.45,26,51.6,2,False,2,Medium Risk
C10568,Basic,Monthly,401.95,28,51.1,2,False,2,Medium Risk
C10569,Standard,Monthly,743.39,12,18.3,5,False,4,High Risk
C10570,Standard,Monthly,604.41,25,61.6,1,True,1,Medium Risk
C10571,Basic,Monthly,417.8,35,14.6,5,True,3,High Risk
C10572,Premium,Monthly,1180.97,22,23.7,4,True,2,Medium Risk
C10573,Basic,Annual,461.04,34,21.2,4,True,1,Medium Risk
C10576,Basic,Annual,329.57,35,32.2,3,False,2,Medium Risk
C10577,Standard,Monthly,602.97,1,58.6,3,False,4,High Risk
C10578,Standard,Monthly,760.83,27,35.2,4,True,2,Medium Risk
C10580,Basic,Annual,335.5,31,26.0,5,True,1,Medium Risk
C10581,Standard,Annual,682.26,10,30.8,3,True,2,Medium Risk
C10583,Basic,Monthly,312.49,35,29.6,3,False,3,High Risk
C10585,Standard,Monthly,861.83,8,56.9,2,True,2,Medium Risk
C10587,Premium,Monthly,1258.53,7,57.7,1,False,3,High Risk
C10588,Basic,Monthly,465.01,30,73.6,0,False,2,Medium Risk
C10589,Basic,Monthly,358.93,12,68.5,2,True,1,Medium Risk
C10591,Basic,Annual,404.23,15,22.4,5,False,2,Medium Risk
C10592,Standard,Monthly,773.74,3,76.3,2,False,3,High Risk
C10594,Premium,Monthly,1053.67,0,22.5,4,False,4,High Risk
C10595,Premium,Monthly,1253.96,8,56.8,3,False,4,High Risk
C10596,Basic,Monthly,369.03,21,68.9,1,False,2,Medium Risk
C10597,Basic,Monthly,371.64,13,55.5,1,True,1,Medium Risk
C10598,Basic,Monthly,332.69,22,25.8,3,True,2,Medium Risk
C10599,Basic,Monthly,309.9,16,26.4,3,True,2,Medium Risk
C10602,Premium,Monthly,1371.36,8,52.8,2,False,3,High Risk
C10603,Basic,Monthly,305.26,3,63.1,2,True,2,Medium Risk
C10604,Standard,Monthly,790.41,14,63.7,1,True,1,Medium Risk
C10605,Standard,Annual,673.96,17,5.2,5,True,2,Medium Risk
C10606,Basic,Annual,455.75,33,47.0,2,False,1,Medium Risk
C10607,Basic,Annual,355.36,30,20.4,5,True,1,Medium Risk
C10609,Standard,Monthly,718.86,24,34.2,3,False,3,High Risk
C10610,Standard,Monthly,651.39,4,49.9,2,True,2,Medium Risk
C10612,Standard,Monthly,861.42,21,6.6,6,True,3,High Risk
C10613,Premium,Monthly,1271.4,20,37.2,3,True,2,Medium Risk
C10615,Premium,Monthly,1497.22,3,6.9,5,False,5,High Risk
C10616,Standard,Annual,790.23,30,46.4,3,True,1,Medium Risk
C10618,Standard,Monthly,650.91,18,49.2,2,True,1,Medium Risk
C10619,Standard,Monthly,753.29,5,11.5,4,False,5,High Risk
C10620,Basic,Monthly,470.26,0,33.7,4,True,3,High Risk
C10622,Premium,Monthly,1376.16,8,22.8,4,False,4,High Risk
C10626,Basic,Monthly,433.27,27,27.7,3,True,2,Medium Risk
C10627,Premium,Monthly,1387.19,19,24.2,4,True,2,Medium Risk
C10628,Premium,Monthly,1301.7,3,31.8,3,False,4,High Risk
C10629,Basic,Monthly,423.99,4,34.5,3,True,3,High Risk
C10630,Standard,Monthly,610.97,8,59.7,1,True,2,Medium Risk
C10632,Basic,Annual,360.77,33,16.6,4,False,3,High Risk
C10633,Standard,Monthly,601.98,29,37.7,4,False,3,High Risk
C10634,Premium,Monthly,1069.09,18,19.9,3,False,4,High Risk
C10635,Basic,Monthly,310.79,7,14.8,6,False,5,High Risk
C10636,Standard,Annual,649.69,33,29.8,3,True,1,Medium Risk
C10638,Basic,Monthly,384.55,10,30.1,4,False,4,High Risk
C10641,Standard,Monthly,601.53,16,64.3,1,True,1,Medium Risk
C10642,Standard,Annual,826.71,21,66.0,2,True,0,Low Risk
C10643,Basic,Monthly,350.33,10,25.3,5,False,4,High Risk
C10645,Basic,Monthly,410.85,30,67.2,3,True,2,Medium Risk
C10646,Standard,Monthly,754.96,29,33.7,3,False,3,High Risk
C10648,Basic,Annual,343.12,2,38.7,3,True,2,Medium Risk
C10649,Premium,Monthly,1098.64,15,38.3,3,True,2,Medium Risk
C10650,Basic,Monthly,454.86,13,60.6,4,True,2,Medium Risk
C10651,Basic,Monthly,492.63,2,45.1,2,True,2,Medium Risk
C10652,Premium,Monthly,1249.34,12,35.0,4,True,2,Medium Risk
C10653,Standard,Monthly,804.07,30,37.6,4,False,3,High Risk
C10655,Basic,Monthly,350.24,22,48.7,2,False,2,Medium Risk
C10656,Premium,Monthly,1385.03,19,22.9,4,True,2,Medium Risk
C10657,Standard,Monthly,720.01,7,37.7,7,False,4,High Risk
C10658,Standard,Annual,864.76,31,53.0,2,True,0,Low Risk
C10659,Basic,Monthly,475.34,19,70.9,1,False,2,Medium Risk
C10660,Premium,Annual,1221.23,24,63.0,1,True,0,Low Risk
C10661,Basic,Monthly,489.76,18,42.9,2,True,1,Medium Risk
C10662,Basic,Annual,440.21,17,17.8,4,True,2,Medium Risk
C10663,Basic,Annual,455.97,28,76.7,1,True,0,Low Risk
C10664,Basic,Annual,437.6,16,34.5,3,True,1,Medium Risk
C10665,Premium,Annual,1112.46,28,55.9,2,False,1,Medium Risk
C10667,Standard,Monthly,745.81,14,38.6,3,False,3,High Risk
C10668,Basic,Annual,325.73,23,0.0,4,True,2,Medium Risk
C10669,Standard,Monthly,800.14,1,51.4,2,True,2,Medium Risk
C10670,Standard,Annual,858.46,35,46.9,2,False,1,Medium Risk
C10671,Basic,Monthly,448.23,12,32.1,5,True,2,Medium Risk
C10672,Standard,Annual,838.33,21,40.6,4,True,1,Medium Risk
C10673,Basic,Monthly,410.16,15,35.3,5,False,3,High Risk
C10675,Basic,Monthly,488.95,27,79.9,1,True,1,Medium Risk
C10677,Premium,Monthly,1408.69,34,27.0,5,False,3,High Risk
C10678,Standard,Monthly,800.21,33,39.5,4,True,2,Medium Risk
C10679,Basic,Monthly,446.82,12,58.1,1,False,2,Medium Risk
C10680,Premium,Monthly,1188.6,22,10.5,6,False,4,High Risk
C10681,Basic,Annual,482.65,17,62.2,2,False,1,Medium Risk
C10682,Standard,Monthly,785.59,16,61.5,1,False,2,Medium Risk
C10684,Basic,Monthly,464.38,2,40.8,3,True,3,High Risk
C10685,Basic,Monthly,382.84,1,37.2,3,False,4,High Risk
C10686,Premium,Monthly,1432.43,25,42.5,3,False,3,High Risk
C10688,Basic,Annual,462.38,28,15.2,4,True,2,Medium Risk
C10689,Basic,Annual,449.08,35,20.4,4,True,1,Medium Risk
C10691,Basic,Monthly,393.11,17,22.8,4,False,3,High Risk
C10692,Basic,Annual,429.9,12,52.3,1,True,0,Low Risk
C10695,Premium,Annual,1349.9,19,57.1,2,False,1,Medium Risk
C10696,Basic,Annual,427.41,9,24.0,4,False,3,High Risk
C10697,Basic,Monthly,421.53,26,23.5,4,True,2,Medium Risk
C10698,Standard,Monthly,835.88,19,68.6,2,False,2,Medium Risk
C10699,Standard,Monthly,669.96,4,32.0,3,False,4,High Risk
C10700,Basic,Monthly,432.07,7,19.3,4,False,5,High Risk
C10701,Basic,Annual,336.17,19,16.8,6,True,2,Medium Risk
C10702,Basic,Monthly,488.94,9,34.6,2,False,3,High Risk
C10703,Standard,Monthly,734.0,0,59.3,3,False,4,High Risk
C10704,Basic,Annual,310.41,12,68.0,2,True,0,Low Risk
C10705,Basic,Annual,418.51,33,76.2,0,False,1,Medium Risk
C10706,Standard,Monthly,898.62,5,38.9,2,False,3,High Risk
C10707,Standard,Monthly,710.06,16,60.7,1,False,2,Medium Risk
C10710,Basic,Annual,413.2,18,64.0,2,True,0,Low Risk
C10712,Standard,Annual,808.92,33,45.7,2,True,0,Low Risk
C10713,Basic,Monthly,495.13,4,52.7,2,False,3,High Risk
C10714,Basic,Monthly,379.87,15,52.2,3,True,2,Medium Risk
C10715,Basic,Monthly,361.26,33,9.5,4,False,4,High Risk
C10716,Basic,Annual,408.78,31,59.4,2,False,1,Medium Risk
C10717,Standard,Monthly,740.47,28,15.9,4,True,3,High Risk
C10718,Premium,Monthly,1497.91,10,56.4,3,True,3,High Risk
C10719,Basic,Monthly,382.23,13,66.2,1,False,2,Medium Risk
C10720,Basic,Annual,459.62,18,17.9,3,True,2,Medium Risk
C10721,Basic,Monthly,370.34,27,28.6,3,False,3,High Risk
C10722,Basic,Monthly,439.66,23,53.4,2,False,2,Medium Risk
C10724,Premium,Annual,1486.23,28,59.3,2,True,0,Low Risk
C10725,Basic,Annual,311.51,33,39.3,2,True,0,Low Risk
C10727,Basic,Monthly,307.36,16,75.1,0,True,1,Medium Risk
C10728,Standard,Monthly,873.68,25,27.6,3,True,2,Medium Risk
C10729,Premium,Monthly,1343.52,25,41.1,3,True,2,Medium Risk
C10730,Premium,Annual,1393.26,34,66.2,3,True,1,Medium Risk
C10731,Standard,Annual,709.17,31,28.4,4,True,1,Medium Risk
C10732,Basic,Monthly,433.67,6,42.8,4,True,3,High Risk
C10733,Basic,Monthly,313.2,1,27.2,3,False,4,High Risk
C10735,Basic,Monthly,470.92,29,68.8,3,False,3,High Risk
C10736,Basic,Monthly,308.96,32,45.7,2,True,1,Medium Risk
C10737,Premium,Monthly,1447.03,21,55.2,1,True,1,Medium Risk
C10738,Standard,Annual,776.66,25,74.1,0,False,1,Medium Risk
C10739,Premium,Monthly,1304.4,33,25.7,4,True,2,Medium Risk
C10740,Basic,Monthly,457.19,12,37.0,3,False,3,High Risk
C10741,Basic,Annual,414.28,21,25.4,3,False,2,Medium Risk
C10742,Premium,Annual,1258.5,9,21.5,4,True,2,Medium Risk
C10744,Standard,Monthly,621.07,20,30.2,3,True,2,Medium Risk
C10745,Basic,Monthly,399.73,10,64.6,1,True,2,Medium Risk
C10746,Standard,Annual,784.96,28,22.5,3,False,2,Medium Risk
C10747,Premium,Monthly,1081.07,32,37.0,4,True,2,Medium Risk
C10748,Premium,Annual,1228.57,17,66.0,1,False,1,Medium Risk
C10749,Standard,Annual,710.51,20,38.1,2,True,0,Low Risk
C10750,Basic,Annual,326.45,35,55.0,3,True,1,Medium Risk
C10751,Standard,Monthly,750.72,8,26.0,4,True,3,High Risk
C10753,Premium,Monthly,1003.04,32,31.4,2,False,2,Medium Risk
C10754,Premium,Monthly,1254.8,4,18.4,5,True,4,High Risk
C10756,Standard,Annual,866.33,25,47.0,3,False,2,Medium Risk
C10757,Basic,Annual,455.25,22,25.7,5,True,1,Medium Risk
C10759,Premium,Annual,1070.24,31,25.5,4,False,2,Medium Risk
C10760,Premium,Annual,1482.27,17,22.1,5,True,1,Medium Risk
C10761,Standard,Monthly,876.91,18,69.6,1,True,1,Medium Risk
C10762,Basic,Monthly,498.82,21,32.3,3,True,2,Medium Risk
C10763,Basic,Annual,307.84,30,52.4,2,True,0,Low Risk
C10764,Standard,Monthly,734.58,25,30.4,3,True,2,Medium Risk
C10766,Standard,Monthly,658.46,4,30.6,3,True,3,High Risk
C10767,Standard,Annual,757.04,35,36.5,2,True,0,Low Risk
C10768,Basic,Annual,407.74,25,34.7,4,False,2,Medium Risk
C10769,Basic,Annual,377.55,36,31.6,3,True,1,Medium Risk
C10770,Premium,Annual,1268.91,25,6.8,6,False,3,High Risk
C10771,Basic,Monthly,419.36,10,45.3,2,True,2,Medium Risk
C10774,Premium,Monthly,1358.29,25,28.9,3,True,2,Medium Risk
C10777,Premium,Monthly,1370.1,26,60.2,3,False,3,High Risk
C10778,Standard,Monthly,857.98,33,42.4,3,False,3,High Risk
C10780,Basic,Monthly,365.51,33,35.3,4,False,3,High Risk
C10781,Basic,Monthly,494.3,34,52.8,4,False,3,High Risk
C10782,Standard,Annual,638.1,36,53.0,2,True,0,Low Risk
C10783,Standard,Annual,702.51,27,50.8,3,False,2,Medium Risk
C10784,Standard,Monthly,802.75,5,78.6,0,True,2,Medium Risk
C10785,Basic,Monthly,375.11,8,31.4,5,False,4,High Risk
C10788,Standard,Monthly,811.85,6,58.1,1,False,3,High Risk
C10790,Standard,Monthly,775.65,32,52.5,3,True,2,Medium Risk
C10791,Standard,Annual,678.46,15,13.2,6,True,2,Medium Risk
C10792,Basic,Monthly,390.85,22,16.0,5,False,4,High Risk
C10794,Standard,Monthly,864.44,4,31.3,4,False,4,High Risk
C10795,Basic,Monthly,359.03,0,29.1,3,True,3,High Risk
C10796,Basic,Annual,465.66,15,58.4,1,True,0,Low Risk
C10797,Standard,Monthly,775.07,3,60.1,2,False,3,High Risk
C10798,Premium,Monthly,1045.47,16,62.7,2,False,2,Medium Risk
C10801,Premium,Monthly,1207.75,17,40.8,3,True,2,Medium Risk
C10802,Basic,Monthly,399.01,17,67.5,3,False,3,High Risk
C10803,Basic,Annual,470.91,29,47.9,3,True,1,Medium Risk
C10804,Standard,Annual,867.0,5,28.6,4,False,3,High Risk
C10807,Standard,Annual,812.64,9,33.9,3,True,2,Medium Risk
C10808,Basic,Annual,405.63,36,40.2,3,True,1,Medium Risk
C10809,Premium,Monthly,1017.33,3,27.2,4,True,3,High Risk
C10810,Premium,Annual,1401.6,33,76.4,0,True,0,Low Risk
C10811,Basic,Monthly,342.46,10,40.6,2,True,2,Medium Risk
C10812,Basic,Monthly,383.95,4,64.1,1,False,3,High Risk
C10813,Basic,Monthly,439.04,28,35.2,4,False,3,High Risk
C10814,Standard,Annual,833.82,32,64.8,2,True,0,Low Risk
C10815,Basic,Monthly,431.66,27,51.4,3,False,3,High Risk
C10817,Standard,Annual,681.67,36,25.1,3,True,1,Medium Risk
C10818,Basic,Monthly,385.14,3,14.2,5,True,4,High Risk
C10819,Standard,Monthly,719.75,14,18.9,4,False,4,High Risk
C10820,Basic,Monthly,424.34,11,54.0,1,False,3,High Risk
C10822,Standard,Monthly,677.76,10,20.7,5,True,3,High Risk
C10823,Standard,Annual,694.93,20,72.8,1,True,0,Low Risk
C10824,Premium,Annual,1049.56,34,52.7,2,True,0,Low Risk
C10825,Standard,Monthly,736.81,13,57.8,1,True,1,Medium Risk
C10827,Basic,Annual,356.6,28,34.1,3,True,1,Medium Risk
C10828,Basic,Monthly,390.11,16,61.5,3,True,2,Medium Risk
C10829,Basic,Annual,349.59,11,39.3,3,True,2,Medium Risk
C10830,Standard,Monthly,719.33,4,0.0,5,True,4,High Risk
C10831,Standard,Monthly,887.69,28,34.6,2,False,2,Medium Risk
C10832,Basic,Monthly,330.8,15,26.3,3,False,3,High Risk
C10833,Premium,Monthly,1247.41,33,17.1,5,True,3,High Risk
C10834,Standard,Monthly,756.28,10,62.8,2,False,3,High Risk
C10835,Basic,Monthly,423.75,32,51.1,2,True,1,Medium Risk
C10836,Premium,Annual,1481.19,31,17.4,5,False,3,High Risk
C10837,Standard,Monthly,897.76,25,55.6,2,False,2,Medium Risk
C10838,Premium,Annual,1149.7,21,38.7,3,False,2,Medium Risk
C10841,Basic,Annual,492.33,19,55.2,2,True,0,Low Risk
C10842,Premium,Annual,1110.42,23,28.3,3,True,1,Medium Risk
C10843,Basic,Monthly,443.92,18,69.5,1,False,2,Medium Risk
C10845,Standard,Monthly,663.82,35,48.6,2,True,1,Medium Risk
C10846,Basic,Monthly,460.28,17,40.0,4,True,2,Medium Risk
C10847,Standard,Monthly,777.05,34,70.1,1,False,2,Medium Risk
C10848,Basic,Monthly,403.79,13,37.5,3,False,3,High Risk
C10849,Basic,Annual,325.01,36,36.4,2,True,0,Low Risk
C10850,Basic,Monthly,396.87,33,48.5,2,False,2,Medium Risk
C10851,Basic,Annual,483.09,13,21.9,6,True,1,Medium Risk
C10852,Basic,Monthly,379.79,28,39.3,3,True,2,Medium Risk
C10853,Standard,Monthly,745.77,3,19.8,4,False,5,High Risk
C10854,Premium,Annual,1056.15,28,33.0,4,False,2,Medium Risk
C10855,Standard,Monthly,605.27,4,78.0,0,False,3,High Risk
C10856,Premium,Annual,1089.94,30,35.4,4,True,1,Medium Risk
C10857,Premium,Monthly,1430.35,5,65.2,2,False,3,High Risk
C10858,Standard,Monthly,649.77,0,61.9,2,True,2,Medium Risk
C10860,Standard,Annual,632.66,30,52.8,1,True,0,Low Risk
C10861,Standard,Annual,609.71,22,43.9,2,False,1,Medium Risk
C10862,Basic,Monthly,395.69,27,36.4,2,False,2,Medium Risk
C10863,Standard,Monthly,660.61,15,13.8,4,False,4,High Risk
C10864,Basic,Monthly,351.24,19,35.3,3,False,3,High Risk
C10866,Premium,Annual,1271.51,19,67.2,2,False,1,Medium Risk
C10867,Basic,Monthly,462.45,15,43.5,2,True,1,Medium Risk
C10868,Basic,Monthly,483.39,1,40.5,2,True,2,Medium Risk
C10869,Standard,Monthly,611.0,23,0.1,5,False,4,High Risk
C10870,Basic,Monthly,355.69,13,30.7,4,True,2,Medium Risk
C10872,Basic,Monthly,442.22,33,19.9,4,True,3,High Risk
C10873,Basic,Monthly,475.55,15,54.5,2,True,1,Medium Risk
C10874,Basic,Annual,443.5,35,48.8,2,True,0,Low Risk
C10875,Basic,Monthly,376.97,4,44.4,3,False,4,High Risk
C10876,Standard,Annual,696.61,19,61.0,2,True,0,Low Risk
C10877,Basic,Monthly,384.13,34,57.9,1,False,2,Medium Risk
C10878,Basic,Monthly,359.83,24,64.2,3,False,3,High Risk
C10879,Standard,Monthly,813.86,32,21.5,4,True,2,Medium Risk
C10880,Basic,Monthly,467.62,12,37.5,5,True,2,Medium Risk
C10881,Premium,Monthly,1201.14,10,19.7,4,True,4,High Risk
C10882,Basic,Monthly,386.25,11,10.7,5,True,4,High Risk
C10883,Basic,Monthly,380.85,8,25.5,3,False,4,High Risk
C10884,Basic,Monthly,327.87,3,60.9,1,False,3,High Risk
C10887,Basic,Annual,460.58,34,65.2,1,True,0,Low Risk
C10888,Basic,Monthly,301.37,24,64.3,2,False,2,Medium Risk
C10889,Premium,Monthly,1055.59,22,4.4,5,True,3,High Risk
C10890,Premium,Monthly,1099.99,24,70.5,3,False,3,High Risk
C10891,Basic,Monthly,311.83,8,47.3,4,False,4,High Risk
C10893,Basic,Monthly,390.01,9,2.5,5,False,5,High Risk
C10894,Standard,Monthly,800.36,24,47.2,2,True,1,Medium Risk
C10897,Basic,Annual,490.65,34,19.1,5,True,2,Medium Risk
C10898,Standard,Monthly,652.85,12,38.1,3,False,3,High Risk
C10899,Standard,Annual,882.09,28,12.7,5,True,2,Medium Risk
C10900,Standard,Annual,610.95,29,33.9,3,True,1,Medium Risk
C10901,Basic,Annual,404.0,0,85.4,0,True,1,Medium Risk
C10904,Basic,Monthly,331.56,1,17.2,5,True,4,High Risk
C10905,Standard,Monthly,611.01,19,55.0,3,True,2,Medium Risk
C10906,Basic,Annual,441.64,24,66.8,1,True,0,Low Risk
C10907,Premium,Monthly,1190.51,25,67.9,2,True,1,Medium Risk
C10908,Basic,Annual,416.2,35,53.0,2,False,1,Medium Risk
C10910,Premium,Monthly,1189.85,29,18.0,4,True,3,High Risk
C10913,Premium,Annual,1193.79,31,58.1,3,True,1,Medium Risk
C10914,Basic,Annual,428.55,30,49.1,3,True,1,Medium Risk
C10915,Basic,Monthly,446.7,6,42.1,4,True,3,High Risk
C10916,Basic,Annual,315.94,6,30.5,3,True,2,Medium Risk
C10918,Standard,Monthly,801.04,30,8.2,4,False,4,High Risk
C10919,Standard,Annual,787.13,24,73.8,2,True,0,Low Risk
C10920,Basic,Monthly,433.39,2,47.7,2,False,3,High Risk
C10922,Basic,Annual,392.18,22,52.5,3,True,1,Medium Risk
C10924,Basic,Annual,412.33,30,19.0,4,True,2,Medium Risk
C10925,Basic,Monthly,407.94,26,18.8,3,False,4,High Risk
C10926,Premium,Annual,1216.81,18,14.1,5,False,3,High Risk
C10928,Basic,Monthly,461.03,3,25.1,5,False,4,High Risk
C10929,Basic,Monthly,404.33,2,15.6,4,True,4,High Risk
C10930,Basic,Monthly,466.89,6,39.5,3,True,3,High Risk
C10932,Basic,Annual,351.41,27,41.0,3,True,1,Medium Risk
C10933,Basic,Monthly,404.52,27,12.4,4,False,4,High Risk
C10934,Basic,Monthly,438.2,4,20.4,4,False,4,High Risk
C10935,Basic,Monthly,355.49,15,48.5,2,True,1,Medium Risk
C10936,Basic,Monthly,479.26,5,42.1,3,False,4,High Risk
C10937,Basic,Monthly,379.38,8,36.6,4,True,3,High Risk
C10938,Basic,Monthly,446.42,23,60.5,3,False,3,High Risk
C10939,Premium,Monthly,1165.8,16,31.3,3,False,3,High Risk
C10941,Basic,Monthly,448.97,6,13.1,5,True,4,High Risk
C10944,Basic,Annual,306.42,23,33.1,4,True,1,Medium Risk
C10945,Standard,Annual,665.11,28,64.1,2,True,0,Low Risk
C10947,Premium,Monthly,1451.37,5,23.8,5,True,3,High Risk
C10948,Basic,Monthly,391.43,16,46.6,2,True,1,Medium Risk
C10950,Standard,Monthly,763.42,34,25.7,3,True,2,Medium Risk
C10951,Basic,Monthly,319.0,1,51.0,2,True,2,Medium Risk
C10952,Basic,Annual,299.98,35,32.1,3,True,1,Medium Risk
C10954,Basic,Monthly,439.17,29,45.1,2,False,2,Medium Risk
C10956,Standard,Annual,626.15,16,24.9,3,False,2,Medium Risk
C10960,Basic,Monthly,329.03,7,55.6,2,False,3,High Risk
C10961,Basic,Monthly,444.92,15,48.3,3,False,3,High Risk
C10962,Standard,Monthly,626.32,7,50.2,3,False,4,High Risk
C10963,Basic,Annual,341.58,27,1.5,5,True,2,Medium Risk
C10964,Standard,Annual,659.8,26,52.2,3,True,1,Medium Risk
C10966,Basic,Monthly,311.73,24,58.9,1,True,1,Medium Risk
C10967,Basic,Monthly,323.47,17,28.1,3,False,3,High Risk
C10968,Standard,Monthly,688.02,16,17.9,4,True,3,High Risk
C10969,Standard,Monthly,851.08,9,31.5,2,False,3,High Risk
C10971,Basic,Monthly,413.96,6,57.7,2,True,2,Medium Risk
C10972,Standard,Annual,771.35,30,31.2,3,True,1,Medium Risk
C10975,Premium,Annual,1330.31,26,42.2,5,False,2,Medium Risk
C10976,Basic,Monthly,466.69,7,37.0,5,False,4,High Risk
C10977,Premium,Annual,1053.68,17,45.3,4,True,1,Medium Risk
C10979,Standard,Annual,620.03,26,20.1,4,True,1,Medium Risk
C10980,Basic,Monthly,451.79,5,50.1,2,True,2,Medium Risk
C10982,Premium,Monthly,1044.84,22,59.4,1,True,1,Medium Risk
C10983,Premium,Annual,1063.8,23,46.6,3,True,1,Medium Risk
C10984,Basic,Annual,345.43,30,58.0,1,True,0,Low Risk
C10985,Basic,Annual,302.69,18,43.1,3,True,1,Medium Risk
C10986,Basic,Annual,322.16,27,15.2,4,True,2,Medium Risk
C10988,Standard,Annual,641.19,19,68.3,2,True,0,Low Risk
C10989,Premium,Annual,1195.15,23,13.9,5,True,2,Medium Risk
C10993,Basic,Annual,492.77,29,51.0,3,True,1,Medium Risk
C10994,Basic,Monthly,361.52,5,19.0,5,False,5,High Risk
C10995,Premium,Monthly,1358.2,29,18.9,5,False,4,High Risk
C10997,Basic,Monthly,398.05,16,56.8,1,False,2,Medium Risk
C10998,Standard,Monthly,712.06,0,56.8,3,True,3,High Risk
C11000,Premium,Monthly,1380.59,20,25.9,3,True,2,Medium Risk
C11001,Premium,Monthly,1041.14,17,55.6,2,False,2,Medium Risk
C11002,Basic,Monthly,423.44,15,24.9,4,False,3,High Risk
C11003,Basic,Annual,345.39,23,48.0,4,True,1,Medium Risk
C11004,Standard,Monthly,665.71,13,48.9,2,False,2,Medium Risk
C11006,Basic,Monthly,400.82,7,33.9,3,False,4,High Risk
C11007,Standard,Monthly,791.5,21,57.6,3,True,2,Medium Risk
C11008,Basic,Annual,369.43,22,29.5,4,True,1,Medium Risk
C11009,Basic,Annual,453.39,36,7.2,7,True,2,Medium Risk
C11010,Standard,Monthly,740.11,0,18.9,4,True,4,High Risk
C11012,Basic,Monthly,445.67,28,40.8,3,True,2,Medium Risk
C11013,Standard,Monthly,646.49,15,59.3,3,True,2,Medium Risk
C11014,Standard,Annual,768.21,22,59.9,2,True,0,Low Risk
C11015,Premium,Monthly,1251.18,21,48.9,2,False,2,Medium Risk
C11016,Premium,Monthly,1174.54,1,31.0,3,True,3,High Risk
C11017,Basic,Monthly,400.46,20,19.8,4,True,3,High Risk
C11020,Standard,Annual,609.52,9,31.0,5,True,2,Medium Risk
C11021,Basic,Monthly,381.57,8,40.2,2,True,2,Medium Risk
C11023,Premium,Monthly,1279.9,26,20.5,4,True,2,Medium Risk
C11024,Standard,Monthly,888.52,26,49.6,1,True,1,Medium Risk
C11025,Standard,Annual,743.99,20,48.8,2,False,1,Medium Risk
C11026,Standard,Annual,825.94,20,29.2,3,False,2,Medium Risk
C11027,Standard,Monthly,710.99,10,55.1,2,False,3,High Risk
C11029,Standard,Monthly,694.23,0,36.5,4,True,3,High Risk
C11030,Basic,Annual,420.4,32,68.0,1,True,0,Low Risk
C11032,Standard,Monthly,668.02,5,31.4,3,True,3,High Risk
C11033,Basic,Monthly,415.51,36,46.6,2,True,1,Medium Risk
C11034,Basic,Monthly,372.92,4,52.8,2,True,2,Medium Risk
C11035,Basic,Monthly,455.88,1,57.5,2,False,3,High Risk
C11037,Premium,Annual,1134.45,24,42.4,3,True,1,Medium Risk
C11038,Basic,Monthly,408.65,23,78.4,0,False,2,Medium Risk
C11039,Basic,Annual,312.75,17,53.0,3,True,1,Medium Risk
C11040,Basic,Annual,311.71,25,69.9,1,False,1,Medium Risk
C11041,Standard,Monthly,886.18,1,75.7,1,False,3,High Risk
C11042,Standard,Monthly,757.38,12,45.5,2,False,2,Medium Risk
C11043,Basic,Monthly,407.27,10,31.9,4,True,3,High Risk
C11044,Basic,Monthly,450.72,35,4.4,5,False,4,High Risk
C11045,Basic,Monthly,344.24,7,51.1,2,True,2,Medium Risk
C11048,Standard,Annual,661.37,30,54.5,1,True,0,Low Risk
C11049,Premium,Monthly,1485.88,13,63.6,2,False,2,Medium Risk
C11052,Premium,Monthly,1361.55,17,48.8,2,False,2,Medium Risk
C11053,Basic,Monthly,354.82,22,10.1,4,False,4,High Risk
C11054,Basic,Monthly,447.23,16,37.8,4,True,2,Medium Risk
C11055,Standard,Annual,720.35,8,47.4,3,True,2,Medium Risk
C11057,Standard,Annual,805.03,16,45.9,3,True,1,Medium Risk
C11059,Basic,Annual,418.56,20,68.5,1,True,0,Low Risk
C11060,Standard,Annual,808.59,17,63.5,1,False,1,Medium Risk
C11061,Basic,Annual,425.06,27,10.3,6,True,2,Medium Risk
C11062,Basic,Monthly,341.74,4,20.9,3,False,4,High Risk
C11063,Standard,Monthly,653.4,3,52.2,2,True,2,Medium Risk
C11065,Basic,Monthly,393.32,19,53.5,1,False,2,Medium Risk
C11066,Standard,Annual,784.71,23,22.2,3,True,1,Medium Risk
C11067,Standard,Monthly,664.04,27,52.3,3,False,3,High Risk
C11069,Basic,Annual,414.27,31,71.3,2,True,0,Low Risk
C11070,Basic,Monthly,422.06,11,43.3,3,True,3,High Risk
C11072,Basic,Annual,345.35,23,40.6,3,True,1,Medium Risk
C11074,Basic,Annual,340.09,18,34.0,4,True,1,Medium Risk
C11075,Basic,Annual,345.27,35,46.5,2,True,0,Low Risk
C11076,Standard,Monthly,886.18,30,49.1,2,True,1,Medium Risk
C11077,Basic,Annual,432.61,34,45.7,3,False,2,Medium Risk
C11078,Standard,Annual,621.7,34,63.4,1,True,0,Low Risk
C11081,Standard,Monthly,759.12,9,47.8,2,False,3,High Risk
C11082,Premium,Monthly,1272.31,0,46.7,2,False,3,High Risk
C11083,Basic,Monthly,406.4,6,67.0,1,True,2,Medium Risk
C11084,Premium,Annual,1121.55,14,50.5,3,True,1,Medium Risk
C11086,Standard,Monthly,727.75,19,18.4,4,False,4,High Risk
C11087,Premium,Annual,1137.64,34,4.7,4,False,3,High Risk
C11088,Basic,Annual,429.83,36,35.1,3,True,1,Medium Risk
C11089,Premium,Annual,1470.89,29,62.8,1,True,0,Low Risk
C11091,Basic,Annual,488.37,23,45.7,2,True,0,Low Risk
C11092,Standard,Monthly,623.91,24,36.1,3,False,3,High Risk
C11094,Basic,Annual,389.71,34,18.9,4,True,2,Medium Risk
C11095,Basic,Annual,436.1,16,46.2,3,True,1,Medium Risk
C11096,Premium,Annual,1387.33,25,56.1,3,True,1,Medium Risk
C11098,Standard,Annual,629.79,27,26.3,3,False,2,Medium Risk
C11099,Basic,Annual,380.9,32,49.6,2,True,0,Low Risk
C11100,Premium,Monthly,1210.92,2,67.3,1,False,3,High Risk
C11101,Standard,Monthly,687.06,33,31.6,3,False,3,High Risk
C11102,Premium,Annual,1381.51,17,45.4,2,True,0,Low Risk
C11103,Standard,Annual,682.8,12,54.6,3,True,1,Medium Risk
C11104,Basic,Monthly,429.45,22,29.6,4,True,2,Medium Risk
C11105,Basic,Annual,490.18,36,44.1,2,True,0,Low Risk
C11108,Basic,Monthly,348.43,25,67.3,1,False,2,Medium Risk
C11109,Premium,Monthly,1222.07,5,57.7,1,False,3,High Risk
C11110,Basic,Monthly,317.31,5,60.9,2,False,3,High Risk
C11111,Premium,Monthly,1199.88,29,34.8,3,False,3,High Risk
C11112,Basic,Annual,313.79,11,44.8,3,True,2,Medium Risk
C11114,Premium,Monthly,1008.61,17,26.2,4,True,2,Medium Risk
C11115,Basic,Annual,392.62,27,7.5,4,False,3,High Risk
C11117,Standard,Monthly,714.46,6,34.6,5,False,4,High Risk
C11118,Basic,Monthly,441.36,18,32.5,4,False,3,High Risk
C11119,Basic,Monthly,342.23,10,50.8,3,True,3,High Risk
C11120,Premium,Monthly,1180.23,7,46.2,2,False,3,High Risk
C11122,Basic,Monthly,318.36,32,49.0,2,False,2,Medium Risk
C11123,Standard,Annual,896.63,16,30.5,3,True,1,Medium Risk
C11124,Basic,Annual,428.55,4,25.6,4,False,3,High Risk
C11125,Standard,Monthly,759.65,13,11.9,6,False,4,High Risk
C11126,Basic,Monthly,348.75,33,53.4,2,False,2,Medium Risk
C11128,Basic,Monthly,496.2,22,29.1,3,False,3,High Risk
C11129,Premium,Monthly,1342.73,2,19.5,4,False,5,High Risk
C11130,Standard,Annual,733.25,24,26.5,3,False,2,Medium Risk
C11132,Standard,Annual,656.67,34,12.7,5,True,2,Medium Risk
C11133,Basic,Annual,360.1,35,45.7,2,True,0,Low Risk
C11134,Premium,Annual,1243.28,33,38.6,3,False,2,Medium Risk
C11135,Standard,Annual,754.5,22,34.1,3,False,2,Medium Risk
C11138,Premium,Annual,1373.62,36,32.7,3,True,1,Medium Risk
C11139,Premium,Monthly,1300.9,4,58.0,2,True,2,Medium Risk
C11140,Premium,Monthly,1070.15,33,55.7,1,False,2,Medium Risk
C11141,Standard,Monthly,813.0,18,45.7,2,False,2,Medium Risk
C11142,Standard,Monthly,747.84,23,36.9,3,False,3,High Risk
C11143,Standard,Monthly,600.43,11,14.3,5,True,4,High Risk
C11144,Standard,Monthly,694.66,12,52.5,2,True,1,Medium Risk
C11145,Basic,Monthly,335.13,7,56.1,3,False,4,High Risk
C11146,Standard,Monthly,872.29,27,16.0,4,False,4,High Risk
C11147,Premium,Monthly,1134.42,1,28.2,4,False,4,High Risk
C11148,Premium,Annual,1283.42,3,61.4,2,True,1,Medium Risk
C11149,Basic,Annual,438.66,30,38.5,4,True,1,Medium Risk
C11150,Basic,Monthly,447.06,12,45.7,2,False,2,Medium Risk
C11152,Premium,Monthly,1377.11,0,42.3,2,False,3,High Risk
C11153,Premium,Monthly,1219.0,14,34.8,3,False,3,High Risk
C11154,Basic,Monthly,311.46,31,55.0,2,True,1,Medium Risk
C11156,Basic,Annual,369.64,18,35.8,3,True,1,Medium Risk
C11157,Basic,Annual,408.06,4,64.8,1,True,1,Medium Risk
C11158,Basic,Monthly,304.88,16,11.6,5,False,4,High Risk
C11159,Premium,Monthly,1368.64,28,12.8,5,False,4,High Risk
C11160,Basic,Monthly,317.0,23,32.2,3,False,3,High Risk
C11162,Premium,Annual,1146.17,30,51.9,3,False,2,Medium Risk
C11163,Standard,Annual,637.02,35,69.9,1,False,1,Medium Risk
C11164,Basic,Monthly,313.54,6,60.2,2,True,2,Medium Risk
C11167,Standard,Annual,863.72,27,17.1,4,False,3,High Risk
C11168,Basic,Annual,317.17,25,75.4,2,True,0,Low Risk
C11169,Premium,Annual,1264.8,21,15.1,6,True,2,Medium Risk
C11171,Premium,Monthly,1445.67,10,68.9,1,False,3,High Risk
C11172,Basic,Annual,314.33,35,70.5,1,True,0,Low Risk
C11173,Basic,Monthly,436.41,35,45.3,3,True,2,Medium Risk
C11174,Premium,Annual,1111.0,27,58.6,1,True,0,Low Risk
C11176,Standard,Annual,684.18,22,27.3,6,True,1,Medium Risk
C11177,Standard,Annual,809.42,32,64.1,1,False,1,Medium Risk
C11178,Standard,Monthly,787.81,24,14.2,4,False,4,High Risk
C11179,Basic,Monthly,460.09,0,27.9,3,True,3,High Risk
C11180,Basic,Monthly,423.26,8,41.2,3,True,3,High Risk
C11182,Basic,Monthly,371.22,3,43.6,3,False,4,High Risk
C11183,Standard,Monthly,799.92,29,74.6,1,False,2,Medium Risk
C11187,Standard,Monthly,756.72,17,58.5,2,True,1,Medium Risk
C11189,Premium,Monthly,1462.54,6,41.9,4,False,4,High Risk
C11190,Basic,Monthly,439.23,22,19.8,4,True,3,High Risk
C11193,Standard,Monthly,662.63,25,19.2,4,True,3,High Risk
C11194,Basic,Annual,431.8,32,51.1,2,False,1,Medium Risk
C11195,Standard,Monthly,871.59,11,60.5,2,True,2,Medium Risk
C11196,Basic,Annual,303.68,19,21.3,6,True,1,Medium Risk
C11197,Basic,Monthly,464.17,7,23.0,4,False,4,High Risk
C11200,Basic,Monthly,396.9,3,48.9,3,False,4,High Risk
C11201,Standard,Monthly,675.27,25,45.5,2,False,2,Medium Risk
C11202,Standard,Monthly,736.1,7,22.9,4,False,4,High Risk
C11203,Basic,Monthly,493.65,2,46.5,2,False,3,High Risk
C11204,Standard,Annual,798.48,10,55.5,3,True,2,Medium Risk
C11206,Standard,Monthly,777.07,7,59.6,1,True,2,Medium Risk
C11207,Standard,Annual,672.61,27,64.5,3,True,1,Medium Risk
C11208,Standard,Monthly,836.24,1,54.9,2,True,2,Medium Risk
C11210,Basic,Annual,388.85,32,48.9,3,True,1,Medium Risk
C11211,Premium,Monthly,1305.95,8,12.5,4,False,5,High Risk
C11212,Basic,Annual,486.43,16,42.9,2,False,1,Medium Risk
C11214,Basic,Annual,405.68,33,55.6,2,True,0,Low Risk
C11215,Basic,Annual,447.02,15,38.7,3,True,1,Medium Risk
C11216,Basic,Annual,305.76,33,60.9,1,True,0,Low Risk
C11217,Premium,Monthly,1187.68,18,17.4,4,True,3,High Risk
C11218,Standard,Monthly,851.87,2,55.9,2,False,3,High Risk
C11219,Basic,Monthly,339.86,17,40.3,2,False,2,Medium Risk
C11220,Basic,Monthly,390.1,12,36.2,4,True,2,Medium Risk
C11221,Basic,Monthly,455.69,13,67.4,4,False,3,High Risk
C11222,Basic,Monthly,455.7,28,10.7,5,False,4,High Risk
C11223,Standard,Monthly,807.66,6,58.7,2,False,3,High Risk
C11226,Premium,Annual,1404.3,35,36.8,4,True,1,Medium Risk
C11227,Standard,Annual,848.48,22,69.3,1,True,0,Low Risk
C11232,Premium,Annual,1217.43,24,53.4,1,False,1,Medium Risk
C11233,Basic,Monthly,459.54,19,33.9,2,False,2,Medium Risk
C11234,Premium,Annual,1134.22,34,72.8,1,True,0,Low Risk
C11235,Standard,Monthly,859.8,3,36.9,3,False,4,High Risk
C11236,Basic,Monthly,438.94,11,54.7,2,False,3,High Risk
C11237,Basic,Monthly,372.14,1,36.2,3,False,4,High Risk
C11238,Premium,Monthly,1403.25,26,62.8,1,True,1,Medium Risk
C11239,Basic,Monthly,452.32,31,58.5,1,False,2,Medium Risk
C11240,Basic,Annual,414.55,26,18.1,6,True,2,Medium Risk
C11242,Basic,Monthly,465.0,1,33.4,5,False,4,High Risk
C11243,Standard,Monthly,868.47,25,29.9,4,True,2,Medium Risk
C11244,Basic,Annual,404.04,12,34.2,3,True,1,Medium Risk
C11245,Basic,Monthly,431.22,16,21.0,3,False,3,High Risk
C11246,Premium,Monthly,1279.56,6,15.2,7,False,5,High Risk
C11247,Standard,Annual,879.82,20,22.8,5,True,1,Medium Risk
C11248,Premium,Annual,1249.07,31,45.7,3,True,1,Medium Risk
C11249,Basic,Annual,328.83,22,31.7,4,True,1,Medium Risk
C11252,Premium,Annual,1256.09,16,30.3,3,False,2,Medium Risk
C11253,Basic,Monthly,360.68,23,50.4,2,True,1,Medium Risk
C11254,Premium,Monthly,1174.44,30,14.9,4,True,3,High Risk
C11255,Basic,Monthly,337.54,29,37.8,3,False,3,High Risk
C11256,Basic,Annual,366.69,32,75.5,2,True,0,Low Risk
C11257,Basic,Monthly,388.18,26,47.8,2,True,1,Medium Risk
C11260,Basic,Annual,304.62,33,66.1,1,True,0,Low Risk
C11261,Standard,Monthly,697.53,12,57.5,1,True,1,Medium Risk
C11262,Premium,Monthly,1285.6,27,69.1,3,True,2,Medium Risk
C11263,Standard,Monthly,779.88,7,47.9,2,False,3,High Risk
C11264,Standard,Annual,620.49,32,30.8,3,True,1,Medium Risk
C11265,Standard,Monthly,797.15,23,29.6,3,False,3,High Risk
C11267,Premium,Annual,1405.72,31,30.0,4,True,1,Medium Risk
C11269,Basic,Monthly,478.53,16,71.0,2,False,2,Medium Risk
C11270,Basic,Monthly,402.06,17,11.9,4,False,4,High Risk
C11271,Basic,Monthly,356.08,27,31.8,4,True,2,Medium Risk
C11275,Standard,Monthly,657.74,6,32.4,5,False,4,High Risk
C11277,Standard,Annual,696.5,26,58.0,1,True,0,Low Risk
C11279,Premium,Annual,1001.91,22,43.4,2,True,0,Low Risk
C11280,Basic,Monthly,359.33,7,57.2,2,False,3,High Risk
C11283,Basic,Monthly,416.86,27,11.4,5,False,4,High Risk
C11284,Basic,Annual,446.01,16,31.7,4,False,2,Medium Risk
C11285,Basic,Monthly,363.72,8,41.4,4,False,4,High Risk
C11286,Basic,Annual,441.34,16,32.1,3,True,1,Medium Risk
C11287,Basic,Monthly,352.63,21,43.1,2,False,2,Medium Risk
C11289,Standard,Monthly,680.63,6,71.9,0,False,3,High Risk
C11290,Standard,Annual,728.89,34,23.5,4,True,1,Medium Risk
C11292,Basic,Monthly,454.81,22,25.0,5,True,2,Medium Risk
C11294,Standard,Monthly,884.08,28,63.2,1,True,1,Medium Risk
C11295,Standard,Annual,837.66,36,46.7,3,True,1,Medium Risk
C11297,Premium,Monthly,1278.41,20,20.4,4,True,2,Medium Risk
C11299,Premium,Annual,1075.58,20,57.3,3,True,1,Medium Risk
C11300,Basic,Annual,394.26,1,28.8,3,True,2,Medium Risk
C11301,Premium,Annual,1323.33,20,58.6,2,True,0,Low Risk
C11302,Basic,Monthly,355.77,16,23.1,6,False,3,High Risk
C11303,Premium,Annual,1120.42,35,66.4,4,True,1,Medium Risk
C11304,Basic,Monthly,320.19,24,46.5,1,False,2,Medium Risk
C11305,Premium,Monthly,1440.6,7,51.7,3,True,3,High Risk
C11306,Premium,Annual,1080.62,34,31.9,3,True,1,Medium Risk
C11307,Premium,Monthly,1006.74,12,63.7,3,False,3,High Risk
C11309,Standard,Annual,766.9,18,70.9,0,True,0,Low Risk
C11313,Basic,Annual,430.48,27,60.2,2,True,0,Low Risk
C11314,Basic,Annual,478.73,7,52.1,2,True,1,Medium Risk
C11315,Basic,Monthly,348.38,5,23.0,5,True,3,High Risk
C11316,Basic,Monthly,351.12,15,50.4,3,True,2,Medium Risk
C11318,Standard,Monthly,868.18,2,60.9,1,False,3,High Risk
C11319,Premium,Annual,1051.3,33,47.2,2,False,1,Medium Risk
C11320,Basic,Monthly,304.3,35,48.8,3,False,3,High Risk
C11322,Basic,Monthly,310.86,16,61.4,1,False,2,Medium Risk
C11323,Standard,Monthly,864.75,6,20.4,4,False,4,High Risk
C11324,Basic,Monthly,479.26,5,26.3,3,False,4,High Risk
C11325,Basic,Annual,431.71,28,67.7,1,False,1,Medium Risk
C11326,Standard,Monthly,891.28,12,45.1,3,False,3,High Risk
C11327,Basic,Monthly,357.13,29,18.3,4,False,4,High Risk
C11328,Basic,Monthly,484.88,8,56.6,1,False,3,High Risk
C11329,Basic,Monthly,434.13,16,31.8,3,True,2,Medium Risk
C11330,Basic,Annual,419.38,26,31.6,3,True,1,Medium Risk
C11331,Basic,Monthly,418.12,12,40.6,2,True,1,Medium Risk
C11332,Basic,Monthly,313.03,0,43.5,2,False,3,High Risk
C11333,Basic,Annual,327.53,21,40.4,4,True,1,Medium Risk
C11336,Basic,Monthly,451.06,34,54.8,3,False,3,High Risk
C11337,Standard,Annual,893.64,34,50.3,3,True,1,Medium Risk
C11338,Standard,Monthly,864.98,3,53.6,2,True,2,Medium Risk
C11339,Basic,Annual,358.56,22,33.9,4,False,2,Medium Risk
C11340,Basic,Monthly,362.59,35,55.5,1,False,2,Medium Risk
C11341,Basic,Monthly,410.76,29,14.9,4,False,4,High Risk
C11342,Standard,Monthly,723.31,3,34.8,2,True,2,Medium Risk
C11343,Basic,Annual,442.74,28,21.9,6,False,2,Medium Risk
C11345,Basic,Monthly,385.28,31,53.9,4,True,2,Medium Risk
C11346,Standard,Monthly,830.05,32,75.0,1,False,2,Medium Risk
C11347,Standard,Monthly,823.85,12,47.6,3,False,3,High Risk
C11348,Basic,Monthly,307.51,34,51.1,2,True,1,Medium Risk
C11350,Basic,Annual,389.47,29,59.9,1,True,0,Low Risk
C11351,Standard,Monthly,860.87,23,64.8,3,False,3,High Risk
C11352,Basic,Monthly,451.92,19,58.9,4,True,2,Medium Risk
C11353,Basic,Monthly,459.77,8,35.2,3,False,4,High Risk
C11356,Basic,Monthly,454.58,12,73.9,1,True,1,Medium Risk
C11358,Standard,Annual,615.48,33,53.4,2,False,1,Medium Risk
C11359,Standard,Monthly,854.38,10,39.3,3,True,3,High Risk
C11360,Premium,Monthly,1165.22,6,17.6,4,False,5,High Risk
C11362,Premium,Monthly,1042.16,13,50.6,4,True,2,Medium Risk
C11363,Standard,Annual,691.07,17,44.2,3,True,1,Medium Risk
C11364,Standard,Monthly,653.19,20,48.0,2,False,2,Medium Risk
C11365,Standard,Monthly,877.54,6,47.4,3,True,3,High Risk
C11367,Basic,Monthly,345.39,3,78.8,0,False,3,High Risk
C11368,Basic,Monthly,384.1,26,45.3,3,False,3,High Risk
C11369,Premium,Monthly,1094.38,35,73.2,1,True,1,Medium Risk
C11371,Premium,Monthly,1203.59,6,40.3,3,False,4,High Risk
C11372,Premium,Monthly,1033.27,11,46.7,3,True,3,High Risk
C11375,Basic,Monthly,478.99,26,27.5,4,False,3,High Risk
C11376,Basic,Monthly,366.61,3,30.2,6,False,4,High Risk
C11378,Premium,Annual,1201.92,28,71.8,2,True,0,Low Risk
C11379,Basic,Monthly,416.79,14,29.0,3,True,2,Medium Risk
C11380,Standard,Monthly,782.98,25,37.0,3,False,3,High Risk
C11381,Basic,Monthly,339.15,33,59.6,2,False,2,Medium Risk
C11382,Basic,Monthly,330.45,16,43.4,2,False,2,Medium Risk
C11383,Standard,Annual,653.61,29,69.8,3,False,2,Medium Risk
C11384,Basic,Monthly,309.86,12,43.7,2,True,1,Medium Risk
C11385,Basic,Monthly,383.28,18,67.5,2,False,2,Medium Risk
C11386,Basic,Annual,329.34,33,42.6,4,True,1,Medium Risk
C11387,Basic,Monthly,379.93,30,30.1,3,False,3,High Risk
C11389,Premium,Monthly,1084.98,6,33.4,3,False,4,High Risk
C11390,Basic,Annual,463.12,27,11.8,5,True,2,Medium Risk
C11392,Basic,Annual,473.06,30,72.9,1,True,0,Low Risk
C11393,Basic,Annual,454.53,31,15.5,5,True,2,Medium Risk
C11394,Basic,Monthly,461.28,1,62.0,1,True,2,Medium Risk
C11397,Basic,Monthly,322.16,30,29.6,5,True,2,Medium Risk
C11398,Basic,Monthly,376.26,35,69.1,0,False,2,Medium Risk
C11401,Basic,Monthly,443.22,12,35.2,5,True,2,Medium Risk
C11402,Basic,Monthly,375.88,12,23.6,4,True,2,Medium Risk
C11404,Premium,Monthly,1032.58,4,67.2,1,False,3,High Risk
C11405,Basic,Monthly,362.52,7,22.4,3,False,4,High Risk
C11409,Basic,Annual,346.75,27,46.4,2,True,0,Low Risk
C11410,Basic,Monthly,469.8,9,39.3,3,False,4,High Risk
C11411,Basic,Annual,307.15,35,24.8,4,True,1,Medium Risk
C11418,Standard,Annual,660.72,16,40.1,3,False,2,Medium Risk
C11420,Standard,Monthly,777.82,1,85.3,0,True,2,Medium Risk
C11421,Standard,Monthly,676.09,27,44.1,2,False,2,Medium Risk
C11423,Basic,Annual,300.07,16,40.8,5,True,1,Medium Risk
C11424,Standard,Annual,819.93,26,36.5,3,False,2,Medium Risk
C11427,Basic,Annual,432.58,31,50.5,3,True,1,Medium Risk
C11428,Basic,Monthly,463.62,9,47.1,5,True,3,High Risk
C11430,Basic,Annual,455.42,27,53.8,2,True,0,Low Risk
C11432,Standard,Monthly,705.6,4,47.8,4,False,4,High Risk
C11433,Standard,Monthly,831.61,3,44.8,3,False,4,High Risk
C11434,Premium,Annual,1298.41,15,37.5,4,True,1,Medium Risk
C11435,Standard,Monthly,793.04,35,42.1,2,True,1,Medium Risk
C11436,Standard,Annual,659.31,33,65.9,1,True,0,Low Risk
C11437,Basic,Annual,480.34,36,53.4,2,True,0,Low Risk
C11438,Basic,Monthly,480.91,16,28.0,4,False,3,High Risk
C11441,Premium,Monthly,1035.9,25,19.6,4,True,3,High Risk
C11443,Standard,Annual,644.29,23,71.3,1,True,0,Low Risk
C11444,Basic,Annual,345.12,19,33.8,4,True,1,Medium Risk
C11445,Standard,Annual,753.13,4,49.2,2,True,1,Medium Risk
C11446,Standard,Monthly,828.58,16,19.6,4,False,4,High Risk
C11447,Standard,Annual,848.44,35,41.0,3,True,1,Medium Risk
C11448,Basic,Monthly,402.25,25,66.7,0,False,2,Medium Risk
C11449,Basic,Monthly,457.6,5,48.3,3,False,4,High Risk
C11450,Basic,Monthly,466.3,33,14.3,4,True,3,High Risk
C11451,Standard,Monthly,606.31,2,20.6,5,True,3,High Risk
C11452,Standard,Monthly,799.49,15,64.2,4,False,3,High Risk
C11453,Basic,Monthly,374.33,2,59.6,2,False,3,High Risk
C11454,Premium,Annual,1327.48,25,53.7,2,False,1,Medium Risk
C11455,Standard,Annual,888.72,24,47.9,2,True,0,Low Risk
C11456,Standard,Annual,788.73,33,42.2,3,True,1,Medium Risk
C11458,Basic,Monthly,317.16,19,40.0,2,False,2,Medium Risk
C11460,Basic,Monthly,358.32,22,27.1,3,True,2,Medium Risk
C11461,Premium,Annual,1496.17,14,26.0,5,False,2,Medium Risk
C11462,Basic,Monthly,441.62,15,61.0,3,False,3,High Risk
C11463,Standard,Monthly,731.53,30,34.5,5,False,3,High Risk
C11465,Premium,Monthly,1190.06,29,46.9,3,False,3,High Risk
C11468,Premium,Monthly,1427.65,17,41.7,2,True,1,Medium Risk
C11472,Premium,Monthly,1419.88,9,30.4,2,False,3,High Risk
C11473,Standard,Annual,660.83,26,33.7,3,True,1,Medium Risk
C11474,Basic,Monthly,299.6,30,59.5,1,True,1,Medium Risk
C11475,Basic,Annual,395.99,10,29.5,4,True,2,Medium Risk
C11477,Standard,Monthly,674.9,25,39.9,4,False,3,High Risk
C11478,Standard,Monthly,798.61,5,40.3,4,False,4,High Risk
C11479,Basic,Monthly,494.25,27,43.4,3,False,3,High Risk
C11480,Basic,Annual,399.81,17,44.1,2,True,0,Low Risk
C11481,Premium,Monthly,1049.15,15,44.5,2,True,1,Medium Risk
C11482,Standard,Monthly,637.36,13,23.9,4,False,3,High Risk
C11483,Premium,Annual,1399.11,18,44.0,2,True,0,Low Risk
C11486,Standard,Monthly,613.37,10,11.1,6,True,4,High Risk
C11487,Premium,Monthly,1381.51,5,49.2,2,True,2,Medium Risk
C11488,Basic,Annual,428.39,27,19.0,6,False,3,High Risk
C11489,Standard,Monthly,611.04,9,26.2,3,False,4,High Risk
C11490,Standard,Annual,734.27,10,29.0,3,True,2,Medium Risk
C11491,Premium,Annual,1302.15,30,24.5,4,True,1,Medium Risk
C11492,Standard,Monthly,680.19,31,20.9,4,False,3,High Risk
C11493,Premium,Monthly,1253.31,19,51.8,2,False,2,Medium Risk
C11495,Basic,Monthly,304.64,29,29.5,4,True,2,Medium Risk
C11496,Basic,Monthly,493.27,5,31.3,4,True,3,High Risk
C11497,Basic,Annual,301.69,27,49.4,2,True,0,Low Risk
C11498,Standard,Annual,846.5,24,62.7,1,True,0,Low Risk
C11499,Premium,Monthly,1337.56,1,46.9,2,True,2,Medium Risk
C11500,Basic,Monthly,377.19,35,28.1,4,False,3,High Risk
C11501,Basic,Annual,300.9,32,30.8,4,True,1,Medium Risk
C11502,Basic,Annual,461.39,32,33.7,3,True,1,Medium Risk
C11503,Standard,Monthly,675.81,19,33.3,3,False,3,High Risk
C11504,Standard,Annual,798.03,25,56.6,2,True,0,Low Risk
C11505,Basic,Monthly,333.44,12,11.9,4,True,3,High Risk
C11506,Premium,Monthly,1341.17,29,28.5,3,False,3,High Risk
C11508,Standard,Monthly,796.21,4,51.0,2,True,2,Medium Risk
C11509,Premium,Annual,1277.87,13,18.1,6,True,2,Medium Risk
C11510,Basic,Monthly,310.16,2,55.3,2,True,2,Medium Risk
C11511,Basic,Monthly,477.99,1,62.1,1,True,2,Medium Risk
C11512,Premium,Monthly,1231.42,10,28.2,6,True,3,High Risk
C11513,Basic,Monthly,429.12,7,14.7,4,True,4,High Risk
C11515,Basic,Monthly,474.1,30,42.1,3,True,2,Medium Risk
C11516,Basic,Monthly,352.12,7,18.9,4,False,5,High Risk
C11518,Premium,Monthly,1259.3,20,21.0,4,True,2,Medium Risk
C11519,Standard,Monthly,807.98,31,43.6,2,True,1,Medium Risk
C11523,Standard,Annual,841.68,15,33.7,3,True,1,Medium Risk
C11524,Standard,Annual,647.82,32,58.6,1,False,1,Medium Risk
C11525,Standard,Monthly,667.69,26,32.7,3,True,2,Medium Risk
C11526,Basic,Annual,475.13,30,47.0,3,True,1,Medium Risk
C11528,Premium,Monthly,1400.11,10,37.2,4,False,4,High Risk
C11530,Standard,Monthly,889.91,22,39.2,2,False,2,Medium Risk
C11531,Standard,Annual,778.52,36,46.6,2,True,0,Low Risk
C11532,Basic,Monthly,475.16,12,51.7,4,False,3,High Risk
C11533,Basic,Annual,398.29,28,46.9,2,True,0,Low Risk
C11534,Premium,Annual,1463.15,32,42.2,2,True,0,Low Risk
C11537,Basic,Monthly,492.54,29,58.3,1,False,2,Medium Risk
C11538,Standard,Monthly,828.19,5,45.1,3,True,3,High Risk
C11539,Premium,Monthly,1269.66,0,55.1,2,False,3,High Risk
C11541,Basic,Monthly,454.72,12,6.9,4,False,4,High Risk
C11542,Basic,Monthly,397.97,15,64.2,4,False,3,High Risk
C11543,Basic,Monthly,386.91,34,39.0,3,True,2,Medium Risk
C11544,Standard,Annual,863.93,33,46.9,3,True,1,Medium Risk
C11546,Basic,Monthly,394.88,28,29.6,3,True,2,Medium Risk
C11549,Basic,Monthly,414.05,8,40.6,3,True,3,High Risk
C11553,Premium,Annual,1082.75,33,76.8,1,False,1,Medium Risk
C11554,Standard,Annual,736.91,24,15.5,5,True,2,Medium Risk
C11555,Basic,Monthly,466.55,10,21.3,4,False,4,High Risk
C11557,Standard,Monthly,824.53,9,43.4,2,True,2,Medium Risk
C11561,Basic,Annual,379.23,27,16.0,4,True,2,Medium Risk
C11562,Premium,Monthly,1091.03,0,48.3,4,False,4,High Risk
C11563,Standard,Annual,810.86,31,3.8,4,True,2,Medium Risk
C11564,Standard,Monthly,865.19,17,40.0,4,True,2,Medium Risk
C11565,Standard,Annual,629.07,3,21.3,5,True,2,Medium Risk
C11566,Basic,Monthly,400.85,9,46.9,2,True,2,Medium Risk
C11567,Premium,Annual,1121.73,8,52.0,2,False,2,Medium Risk
C11570,Standard,Annual,724.35,28,30.4,3,True,1,Medium Risk
C11571,Premium,Monthly,1243.44,23,47.9,3,True,2,Medium Risk
C11573,Standard,Annual,817.19,25,42.7,3,True,1,Medium Risk
C11574,Basic,Annual,497.59,2,55.4,1,True,1,Medium Risk
C11576,Standard,Annual,734.23,29,61.1,1,False,1,Medium Risk
C11577,Premium,Monthly,1411.79,28,22.7,3,False,3,High Risk
C11579,Standard,Annual,699.63,24,11.5,4,True,2,Medium Risk
C11581,Basic,Annual,461.6,29,16.1,4,True,2,Medium Risk
C11582,Basic,Monthly,479.86,27,11.6,5,False,4,High Risk
C11583,Standard,Monthly,657.72,13,27.4,3,False,3,High Risk
C11584,Standard,Monthly,871.84,24,10.1,6,True,3,High Risk
C11585,Premium,Monthly,1186.58,34,35.7,2,False,2,Medium Risk
C11586,Basic,Monthly,466.71,9,23.3,3,False,4,High Risk
C11587,Standard,Monthly,882.05,2,47.9,3,True,3,High Risk
C11590,Premium,Annual,1408.22,23,69.4,3,True,1,Medium Risk
C11591,Standard,Annual,714.92,11,14.8,3,True,3,High Risk
C11592,Basic,Monthly,455.78,6,48.3,2,True,2,Medium Risk
C11593,Standard,Monthly,687.28,13,61.9,1,False,2,Medium Risk
C11596,Premium,Monthly,1236.01,25,60.6,1,False,2,Medium Risk
C11597,Basic,Annual,428.03,13,18.6,3,True,2,Medium Risk
C11598,Standard,Monthly,643.26,18,52.2,2,True,1,Medium Risk
C11599,Standard,Monthly,706.79,1,35.5,3,True,3,High Risk
C11600,Premium,Monthly,1006.79,7,50.3,2,False,3,High Risk
C11602,Premium,Monthly,1157.53,8,39.3,2,True,2,Medium Risk
C11603,Basic,Monthly,361.51,26,34.9,3,False,3,High Risk
C11604,Basic,Monthly,402.24,25,72.2,2,False,2,Medium Risk
C11605,Standard,Monthly,640.64,16,12.0,4,True,3,High Risk
C11606,Basic,Monthly,378.56,6,20.9,6,False,4,High Risk
C11607,Standard,Annual,778.17,23,62.9,1,False,1,Medium Risk
C11608,Standard,Monthly,644.59,2,9.2,4,False,5,High Risk
C11611,Standard,Monthly,792.24,9,30.3,4,True,3,High Risk
C11612,Standard,Monthly,887.16,4,6.0,5,False,5,High Risk
C11613,Basic,Monthly,343.27,13,8.8,4,False,4,High Risk
C11614,Standard,Annual,689.69,15,42.1,2,True,0,Low Risk
C11615,Standard,Monthly,639.28,17,24.2,4,True,2,Medium Risk
C11616,Standard,Annual,683.78,7,22.8,4,True,2,Medium Risk
C11618,Basic,Monthly,461.6,17,53.7,2,False,2,Medium Risk
C11619,Standard,Monthly,758.76,5,28.8,3,True,3,High Risk
C11620,Basic,Monthly,447.23,16,30.1,3,True,2,Medium Risk
C11622,Basic,Monthly,463.98,32,50.5,3,False,3,High Risk
C11623,Standard,Monthly,770.36,8,39.1,3,True,3,High Risk
C11624,Standard,Monthly,793.82,9,59.5,2,True,2,Medium Risk
C11625,Basic,Annual,359.92,14,70.5,1,False,1,Medium Risk
C11626,Premium,Annual,1206.43,25,20.8,5,True,1,Medium Risk
C11627,Premium,Annual,1415.17,29,63.3,3,True,1,Medium Risk
C11628,Basic,Monthly,317.48,11,31.4,3,True,3,High Risk
C11629,Basic,Monthly,483.14,32,50.1,2,False,2,Medium Risk
C11631,Basic,Annual,377.01,1,57.6,3,False,3,High Risk
C11633,Standard,Monthly,761.52,24,11.2,6,True,3,High Risk
C11634,Basic,Monthly,486.8,8,49.7,2,True,2,Medium Risk
C11635,Basic,Monthly,460.66,5,42.1,3,True,3,High Risk
C11636,Standard,Annual,713.52,31,59.5,3,True,1,Medium Risk
C11638,Basic,Annual,319.73,30,39.9,2,False,1,Medium Risk
C11639,Premium,Monthly,1226.57,14,65.8,1,True,1,Medium Risk
C11640,Basic,Annual,380.55,23,46.1,3,True,1,Medium Risk
C11641,Basic,Monthly,375.98,24,71.8,4,False,3,High Risk
C11642,Basic,Monthly,299.4,12,49.9,3,True,2,Medium Risk
C11643,Standard,Monthly,695.95,8,63.4,3,True,3,High Risk
C11644,Premium,Monthly,1478.0,5,12.3,4,False,5,High Risk
C11645,Basic,Monthly,360.63,29,62.9,2,True,1,Medium Risk
C11647,Basic,Monthly,393.35,10,35.1,5,True,3,High Risk
C11648,Basic,Monthly,399.47,22,6.2,4,False,4,High Risk
C11649,Standard,Monthly,867.0,16,30.4,4,False,3,High Risk
C11650,Basic,Monthly,488.99,17,43.4,2,True,1,Medium Risk
C11651,Basic,Annual,421.03,19,26.1,5,True,1,Medium Risk
C11652,Standard,Monthly,836.82,0,55.1,3,False,4,High Risk
C11653,Basic,Monthly,300.07,16,22.8,3,True,2,Medium Risk
C11656,Basic,Monthly,379.33,6,27.1,3,False,4,High Risk
C11657,Basic,Monthly,457.17,14,65.0,1,False,2,Medium Risk
C11658,Standard,Annual,768.23,33,27.5,3,True,1,Medium Risk
C11659,Standard,Monthly,759.06,3,52.6,2,True,2,Medium Risk
C11660,Premium,Annual,1435.58,26,66.0,2,True,0,Low Risk
C11661,Basic,Annual,348.65,26,16.9,4,True,2,Medium Risk
C11662,Standard,Annual,835.58,16,39.0,4,False,2,Medium Risk
C11663,Premium,Monthly,1106.62,8,30.6,4,False,4,High Risk
C11665,Basic,Monthly,355.31,3,56.9,1,False,3,High Risk
C11666,Premium,Annual,1149.19,21,11.5,4,True,2,Medium Risk
C11667,Standard,Monthly,630.93,4,30.0,3,True,3,High Risk
C11668,Premium,Monthly,1196.94,11,42.5,3,True,3,High Risk
C11669,Standard,Monthly,831.18,7,30.3,3,False,4,High Risk
C11671,Basic,Monthly,493.97,33,51.2,2,False,2,Medium Risk
C11672,Standard,Annual,860.06,36,44.2,3,True,1,Medium Risk
C11674,Standard,Annual,730.12,33,44.4,3,True,1,Medium Risk
C11675,Premium,Monthly,1050.61,4,68.6,1,True,2,Medium Risk
C11676,Basic,Annual,425.84,24,69.1,1,True,0,Low Risk
C11677,Premium,Monthly,1191.1,1,47.4,2,True,2,Medium Risk
C11678,Standard,Monthly,784.41,27,25.8,4,False,3,High Risk
C11679,Basic,Annual,369.21,27,70.4,1,True,0,Low Risk
C11681,Basic,Monthly,452.41,10,9.6,5,False,5,High Risk
C11682,Standard,Annual,858.35,29,31.7,4,True,1,Medium Risk
C11684,Basic,Monthly,378.51,5,36.6,3,True,3,High Risk
C11686,Standard,Annual,749.94,28,40.0,2,False,1,Medium Risk
C11687,Basic,Monthly,304.5,22,30.5,4,True,2,Medium Risk
C11689,Basic,Annual,375.86,28,42.0,4,True,1,Medium Risk
C11691,Premium,Monthly,1027.98,3,31.0,4,False,4,High Risk
C11692,Standard,Monthly,828.06,1,19.2,3,True,4,High Risk
C11693,Standard,Monthly,682.81,29,51.4,3,True,2,Medium Risk
C11694,Basic,Annual,346.76,23,12.3,5,False,3,High Risk
C11695,Standard,Monthly,812.82,22,0.0,5,False,4,High Risk
C11696,Basic,Monthly,347.1,0,52.1,2,False,3,High Risk
C11697,Premium,Monthly,1271.62,3,57.1,1,False,3,High Risk
C11698,Basic,Monthly,451.27,19,55.6,1,False,2,Medium Risk
C11700,Standard,Annual,686.16,14,43.8,3,True,1,Medium Risk
C11701,Premium,Annual,1314.22,19,67.7,1,True,0,Low Risk
C11702,Standard,Monthly,845.11,14,20.4,4,True,2,Medium Risk
C11703,Standard,Monthly,768.25,9,50.0,2,False,3,High Risk
C11704,Basic,Annual,474.82,25,28.0,4,False,2,Medium Risk
C11705,Basic,Monthly,483.74,13,24.3,4,False,3,High Risk
C11706,Standard,Monthly,869.07,25,15.6,4,False,4,High Risk
C11707,Premium,Monthly,1065.83,3,29.4,3,False,4,High Risk
C11708,Standard,Monthly,737.4,24,51.1,2,True,1,Medium Risk
C11709,Standard,Annual,859.98,33,35.0,5,True,1,Medium Risk
C11711,Basic,Monthly,362.46,16,62.4,3,False,3,High Risk
C11713,Standard,Annual,619.54,31,51.7,2,True,0,Low Risk
C11714,Premium,Annual,1038.42,21,65.3,1,True,0,Low Risk
C11715,Premium,Annual,1431.71,21,47.1,4,False,2,Medium Risk
C11716,Standard,Monthly,766.68,30,30.0,3,False,3,High Risk
C11717,Basic,Annual,355.59,19,63.4,2,True,0,Low Risk
C11719,Standard,Monthly,849.26,10,33.3,3,True,3,High Risk
C11720,Standard,Monthly,877.9,7,26.4,4,True,3,High Risk
C11722,Basic,Annual,385.2,31,16.5,4,True,2,Medium Risk
C11723,Basic,Annual,489.96,35,43.7,3,False,2,Medium Risk
C11724,Premium,Monthly,1420.56,30,33.4,3,True,2,Medium Risk
C11725,Standard,Annual,660.02,23,37.4,3,False,2,Medium Risk
C11726,Basic,Monthly,372.68,18,59.0,1,False,2,Medium Risk
C11727,Premium,Monthly,1258.3,3,27.2,3,True,3,High Risk
C11728,Premium,Monthly,1248.09,19,50.9,2,False,2,Medium Risk
C11729,Premium,Monthly,1109.34,15,47.4,2,False,2,Medium Risk
C11732,Standard,Monthly,745.81,26,40.1,4,True,2,Medium Risk
C11733,Basic,Annual,390.25,29,55.8,2,True,0,Low Risk
C11734,Standard,Annual,640.02,35,21.3,6,True,1,Medium Risk
C11735,Basic,Monthly,398.9,15,52.1,1,False,2,Medium Risk
C11736,Premium,Monthly,1482.38,10,24.1,5,False,4,High Risk
C11739,Premium,Monthly,1092.67,1,28.1,5,True,3,High Risk
C11740,Basic,Monthly,321.1,22,44.6,2,True,1,Medium Risk
C11742,Standard,Monthly,771.12,18,17.9,4,True,3,High Risk
C11743,Basic,Monthly,306.47,9,60.7,1,False,3,High Risk
C11748,Premium,Annual,1051.12,32,17.5,3,True,2,Medium Risk
C11749,Standard,Monthly,714.72,20,80.3,1,False,2,Medium Risk
C11750,Premium,Annual,1167.58,27,33.1,5,True,1,Medium Risk
C11753,Premium,Annual,1272.38,32,59.9,1,True,0,Low Risk
C11754,Basic,Annual,439.86,29,18.9,5,True,2,Medium Risk
C11755,Standard,Monthly,738.69,17,17.1,5,False,4,High Risk
C11756,Standard,Monthly,690.83,2,65.2,1,True,2,Medium Risk
C11757,Basic,Monthly,360.76,33,36.0,4,True,2,Medium Risk
C11760,Basic,Monthly,328.0,13,48.5,2,True,1,Medium Risk
C11762,Basic,Annual,452.34,24,40.0,3,True,1,Medium Risk
C11763,Basic,Monthly,341.67,22,25.6,4,True,2,Medium Risk
C11766,Standard,Annual,721.6,17,51.4,2,False,1,Medium Risk
C11768,Basic,Monthly,339.06,5,15.3,4,False,5,High Risk
C11769,Standard,Monthly,652.0,12,51.4,2,True,1,Medium Risk
C11770,Basic,Monthly,409.03,2,28.3,3,False,4,High Risk
C11772,Basic,Monthly,377.11,11,40.9,2,True,2,Medium Risk
C11773,Basic,Annual,354.25,26,39.4,3,True,1,Medium Risk
C11774,Basic,Monthly,437.82,27,25.1,3,True,2,Medium Risk
C11775,Standard,Monthly,838.39,20,41.5,2,True,1,Medium Risk
C11776,Premium,Monthly,1266.66,27,51.3,3,False,3,High Risk
C11777,Basic,Annual,451.56,20,33.8,4,False,2,Medium Risk
C11778,Basic,Annual,473.82,29,75.2,3,True,1,Medium Risk
C11779,Basic,Monthly,381.32,26,38.4,3,False,3,High Risk
C11781,Standard,Annual,784.59,27,41.1,3,False,2,Medium Risk
C11782,Premium,Monthly,1168.47,2,16.2,6,False,5,High Risk
C11783,Basic,Monthly,352.46,16,43.2,3,False,3,High Risk
C11784,Standard,Annual,618.14,32,45.4,3,True,1,Medium Risk
C11786,Premium,Annual,1426.27,31,46.5,2,True,0,Low Risk
C11787,Premium,Monthly,1367.21,18,40.0,3,False,3,High Risk
C11788,Premium,Monthly,1188.67,4,30.2,5,False,4,High Risk
C11789,Basic,Monthly,374.5,14,43.9,3,True,2,Medium Risk
C11790,Standard,Monthly,794.64,3,43.8,2,False,3,High Risk
C11791,Basic,Monthly,487.78,15,48.2,2,False,2,Medium Risk
C11792,Standard,Monthly,621.12,16,43.8,3,True,2,Medium Risk
C11794,Basic,Annual,426.03,27,55.3,4,False,2,Medium Risk
C11797,Basic,Annual,303.67,35,37.6,2,True,0,Low Risk
C11798,Standard,Annual,614.38,17,0.0,4,True,2,Medium Risk
C11799,Basic,Monthly,318.73,12,11.6,5,False,4,High Risk
C11801,Standard,Annual,601.32,15,57.9,3,False,2,Medium Risk
C11802,Basic,Monthly,331.66,23,33.2,3,True,2,Medium Risk
C11804,Basic,Monthly,322.8,24,33.2,4,False,3,High Risk
C11805,Basic,Annual,426.62,22,29.9,4,True,1,Medium Risk
C11806,Basic,Annual,453.13,36,64.0,0,True,0,Low Risk
C11807,Premium,Annual,1114.21,23,31.3,3,False,2,Medium Risk
C11808,Basic,Monthly,494.88,11,13.0,4,True,4,High Risk
C11809,Standard,Annual,667.61,32,46.4,2,True,0,Low Risk
C11810,Standard,Annual,724.28,20,47.8,3,True,1,Medium Risk
C11811,Premium,Annual,1313.0,15,20.1,5,True,1,Medium Risk
C11812,Premium,Annual,1057.38,33,55.1,2,True,0,Low Risk
C11813,Standard,Monthly,891.71,29,19.7,4,True,3,High Risk
C11814,Standard,Monthly,614.85,19,58.7,1,False,2,Medium Risk
C11815,Basic,Annual,335.71,29,34.5,4,False,2,Medium Risk
C11816,Basic,Annual,443.68,36,37.1,3,True,1,Medium Risk
C11817,Premium,Annual,1457.79,21,42.4,4,True,1,Medium Risk
C11818,Standard,Monthly,629.39,5,39.6,3,False,4,High Risk
C11819,Basic,Monthly,348.95,3,62.1,3,True,3,High Risk
C11820,Basic,Monthly,454.67,5,2.5,5,False,5,High Risk
C11822,Premium,Monthly,1077.71,8,67.1,3,True,3,High Risk
C11823,Standard,Monthly,626.19,32,9.8,4,False,4,High Risk
C11824,Premium,Monthly,1282.47,8,18.8,5,True,4,High Risk
C11825,Premium,Annual,1457.1,28,53.6,3,True,1,Medium Risk
C11827,Standard,Monthly,752.0,14,17.4,5,False,4,High Risk
C11828,Premium,Monthly,1280.11,22,22.2,4,False,3,High Risk
C11829,Basic,Monthly,401.58,27,3.0,6,True,3,High Risk
C11831,Basic,Annual,450.86,11,52.0,2,True,1,Medium Risk
C11833,Premium,Monthly,1405.55,23,64.3,1,False,2,Medium Risk
C11837,Standard,Monthly,607.93,7,50.0,2,True,2,Medium Risk
C11838,Basic,Monthly,383.38,26,55.8,1,False,2,Medium Risk
C11839,Basic,Monthly,371.22,34,64.6,1,True,1,Medium Risk
C11840,Standard,Monthly,803.62,28,58.3,2,False,2,Medium Risk
C11841,Standard,Annual,843.57,29,23.4,4,True,1,Medium Risk
C11842,Premium,Monthly,1334.92,3,36.9,2,False,3,High Risk
C11844,Standard,Monthly,601.58,14,14.8,7,True,3,High Risk
C11847,Standard,Monthly,837.33,15,40.6,4,False,3,High Risk
C11848,Basic,Annual,428.18,33,68.6,1,True,0,Low Risk
C11849,Basic,Monthly,394.21,27,50.9,3,True,2,Medium Risk
C11850,Standard,Monthly,717.61,2,36.7,3,False,4,High Risk
C11851,Basic,Annual,400.23,32,20.0,4,True,1,Medium Risk
C11852,Premium,Annual,1020.04,27,20.6,5,False,2,Medium Risk
C11853,Basic,Annual,299.82,25,73.2,1,True,0,Low Risk
C11854,Basic,Annual,349.25,24,34.4,3,True,1,Medium Risk
C11855,Standard,Annual,602.47,29,19.8,4,True,2,Medium Risk
C11856,Standard,Monthly,895.27,28,47.0,2,False,2,Medium Risk
C11857,Basic,Monthly,361.46,10,60.1,1,True,2,Medium Risk
C11858,Basic,Monthly,334.08,25,68.9,2,True,1,Medium Risk
C11859,Basic,Annual,385.76,7,36.0,4,False,3,High Risk
C11860,Premium,Monthly,1090.85,32,35.7,2,True,1,Medium Risk
C11863,Basic,Monthly,395.21,26,82.9,1,False,2,Medium Risk
C11864,Premium,Monthly,1055.85,10,67.2,2,True,2,Medium Risk
C11865,Basic,Monthly,474.39,20,18.8,5,False,4,High Risk
C11866,Premium,Monthly,1254.11,11,34.9,2,True,2,Medium Risk
C11867,Basic,Annual,318.64,17,36.8,2,True,0,Low Risk
C11868,Basic,Monthly,341.97,19,50.5,2,True,1,Medium Risk
C11869,Basic,Monthly,379.61,36,14.2,4,True,3,High Risk
C11870,Standard,Monthly,741.78,10,40.7,3,False,4,High Risk
C11871,Basic,Monthly,408.2,13,54.5,2,True,1,Medium Risk
C11872,Basic,Monthly,445.83,9,16.3,4,False,5,High Risk
C11876,Standard,Monthly,624.93,16,16.7,6,False,4,High Risk
C11878,Premium,Monthly,1451.86,18,73.4,0,False,2,Medium Risk
C11880,Premium,Annual,1098.09,8,23.5,3,True,2,Medium Risk
C11881,Standard,Monthly,637.08,22,15.9,4,True,3,High Risk
C11882,Basic,Monthly,331.65,29,59.9,1,True,1,Medium Risk
C11884,Standard,Monthly,691.07,16,5.6,4,True,3,High Risk
C11886,Basic,Monthly,336.47,17,11.3,4,True,3,High Risk
C11887,Standard,Monthly,600.44,13,39.9,2,False,2,Medium Risk
C11889,Basic,Monthly,319.09,13,38.1,3,True,2,Medium Risk
C11893,Standard,Monthly,853.59,29,67.5,0,False,2,Medium Risk
C11894,Standard,Monthly,751.36,2,76.1,0,False,3,High Risk
C11896,Standard,Monthly,757.33,23,85.3,0,True,1,Medium Risk
C11897,Basic,Annual,498.3,25,45.0,2,True,0,Low Risk
C11898,Premium,Monthly,1380.24,5,48.2,2,False,3,High Risk
C11899,Standard,Annual,654.22,23,17.8,3,True,2,Medium Risk
C11900,Standard,Monthly,652.59,0,46.2,2,True,2,Medium Risk
C11902,Basic,Monthly,450.42,18,60.1,2,False,2,Medium Risk
C11903,Basic,Monthly,381.94,21,48.5,2,False,2,Medium Risk
C11906,Standard,Annual,697.35,31,28.9,5,True,1,Medium Risk
C11907,Basic,Monthly,415.64,34,63.7,1,False,2,Medium Risk
C11908,Basic,Monthly,439.91,19,63.9,1,False,2,Medium Risk
C11909,Standard,Monthly,765.1,12,28.4,3,True,2,Medium Risk
C11911,Standard,Monthly,892.03,6,23.6,3,True,3,High Risk
C11914,Premium,Annual,1167.16,27,47.6,3,True,1,Medium Risk
C11915,Basic,Monthly,340.94,23,33.5,3,False,3,High Risk
C11916,Basic,Annual,352.61,20,48.5,2,True,0,Low Risk
C11917,Standard,Monthly,844.75,28,10.7,4,False,4,High Risk
C11918,Basic,Monthly,320.87,11,26.0,7,True,3,High Risk
C11919,Standard,Annual,778.86,15,33.6,3,True,1,Medium Risk
C11920,Standard,Monthly,649.53,36,10.0,4,True,3,High Risk
C11921,Basic,Monthly,405.38,16,44.2,2,False,2,Medium Risk
C11923,Basic,Monthly,329.06,7,34.5,3,False,4,High Risk
C11924,Standard,Monthly,612.96,8,41.3,3,False,4,High Risk
C11925,Premium,Annual,1462.06,6,37.2,2,True,1,Medium Risk
C11927,Basic,Monthly,487.25,5,23.7,5,True,3,High Risk
C11929,Basic,Monthly,445.68,3,62.4,1,True,2,Medium Risk
C11931,Basic,Monthly,403.78,26,41.3,4,True,2,Medium Risk
C11933,Basic,Monthly,422.63,36,45.9,2,False,2,Medium Risk
C11935,Premium,Annual,1409.45,23,20.0,3,True,1,Medium Risk
C11936,Basic,Annual,453.57,26,45.5,3,True,1,Medium Risk
C11937,Basic,Monthly,450.33,16,32.6,5,False,3,High Risk
C11939,Basic,Monthly,366.49,27,57.4,2,True,1,Medium Risk
C11941,Standard,Monthly,723.96,17,62.3,1,True,1,Medium Risk
C11945,Basic,Annual,458.0,30,53.0,3,True,1,Medium Risk
C11946,Basic,Monthly,398.33,27,18.0,4,True,3,High Risk
C11947,Premium,Annual,1122.89,30,73.8,1,False,1,Medium Risk
C11948,Premium,Monthly,1282.42,3,43.2,2,False,3,High Risk
C11949,Standard,Annual,760.47,33,42.7,2,True,0,Low Risk
C11950,Basic,Annual,445.09,28,63.6,1,True,0,Low Risk
C11952,Standard,Monthly,788.47,24,64.4,2,False,2,Medium Risk
C11953,Standard,Monthly,611.41,5,36.1,3,True,3,High Risk
C11955,Standard,Annual,780.85,24,58.3,1,True,0,Low Risk
C11957,Basic,Annual,382.5,29,11.4,4,True,2,Medium Risk
C11958,Basic,Monthly,308.13,34,24.2,4,True,2,Medium Risk
C11959,Premium,Monthly,1057.15,35,52.6,3,False,3,High Risk
C11960,Basic,Monthly,299.46,6,41.5,3,True,3,High Risk
C11961,Basic,Monthly,345.19,20,46.7,2,False,2,Medium Risk
C11962,Standard,Monthly,750.6,26,43.5,3,True,2,Medium Risk
C11963,Standard,Monthly,871.5,7,49.4,2,True,2,Medium Risk
C11965,Basic,Monthly,449.64,12,30.2,4,True,2,Medium Risk
C11966,Premium,Monthly,1009.94,6,50.7,1,False,3,High Risk
C11967,Basic,Annual,391.23,13,30.8,3,True,1,Medium Risk
C11971,Standard,Annual,730.66,34,32.0,4,True,1,Medium Risk
C11972,Basic,Monthly,371.01,16,16.1,3,True,3,High Risk
C11974,Standard,Annual,819.86,8,57.0,2,False,2,Medium Risk
C11976,Standard,Annual,797.94,32,18.8,5,True,2,Medium Risk
C11978,Standard,Monthly,734.87,5,45.6,2,False,3,High Risk
C11979,Standard,Annual,648.86,1,63.0,2,True,1,Medium Risk
C11980,Premium,Annual,1393.19,15,17.5,4,True,2,Medium Risk
C11982,Standard,Monthly,672.57,4,35.8,3,False,4,High Risk
C11983,Basic,Monthly,477.34,15,39.6,3,False,3,High Risk
C11984,Basic,Annual,304.34,34,48.1,2,False,1,Medium Risk
C11985,Basic,Annual,424.03,25,79.4,0,False,1,Medium Risk
C11987,Standard,Monthly,895.18,6,61.1,1,False,3,High Risk
C11988,Standard,Monthly,896.53,12,41.0,3,False,3,High Risk
C11992,Basic,Monthly,482.23,5,17.1,4,False,5,High Risk
C11993,Standard,Monthly,784.05,16,28.2,4,False,3,High Risk
C11995,Premium,Monthly,1396.4,12,51.2,3,True,2,Medium Risk
C11996,Basic,Annual,393.54,20,49.0,1,True,0,Low Risk
C11997,Basic,Annual,356.5,19,26.4,4,True,1,Medium Risk
C12000,Standard,Monthly,701.78,20,44.8,2,False,2,Medium Risk
C12001,Standard,Annual,615.92,22,33.4,3,True,1,Medium Risk
C12002,Basic,Annual,345.61,13,41.3,3,True,1,Medium Risk
C12003,Basic,Annual,376.61,35,59.1,1,True,0,Low Risk
C12004,Standard,Annual,744.8,29,40.6,3,False,2,Medium Risk
C12006,Premium,Monthly,1381.05,17,70.6,1,True,1,Medium Risk
C12009,Standard,Annual,639.81,2,56.8,3,True,2,Medium Risk
C12010,Premium,Monthly,1260.18,19,49.7,2,True,1,Medium Risk
C12012,Standard,Monthly,834.87,22,14.6,4,True,3,High Risk
C12013,Standard,Monthly,603.62,29,33.9,3,False,3,High Risk
C12015,Basic,Monthly,408.42,24,30.8,3,True,2,Medium Risk
C12016,Standard,Annual,688.49,35,7.0,6,True,2,Medium Risk
C12017,Basic,Annual,349.64,17,53.1,2,False,1,Medium Risk
C12018,Premium,Monthly,1398.66,21,16.2,4,False,4,High Risk
C12019,Standard,Annual,855.03,22,51.9,4,False,2,Medium Risk
C12020,Basic,Monthly,318.39,13,25.3,3,False,3,High Risk
C12021,Premium,Monthly,1099.62,16,42.9,2,False,2,Medium Risk
C12022,Standard,Annual,692.74,29,49.0,3,True,1,Medium Risk
C12023,Basic,Monthly,494.35,1,61.3,1,True,2,Medium Risk
C12024,Standard,Monthly,878.14,3,53.7,2,False,3,High Risk
C12025,Basic,Monthly,458.65,8,44.2,3,True,3,High Risk
C12026,Basic,Annual,360.91,35,49.4,3,True,1,Medium Risk
C12028,Premium,Monthly,1425.31,12,43.4,3,True,2,Medium Risk
C12029,Premium,Annual,1403.48,28,22.2,4,True,1,Medium Risk
C12030,Basic,Monthly,383.22,11,22.1,3,False,4,High Risk
C12031,Basic,Monthly,423.58,5,58.7,1,True,2,Medium Risk
C12033,Premium,Monthly,1445.15,1,23.8,5,True,3,High Risk
C12035,Premium,Monthly,1191.77,20,63.4,2,True,1,Medium Risk
C12036,Standard,Monthly,715.21,1,47.6,3,False,4,High Risk
C12038,Standard,Monthly,751.6,7,45.3,4,False,4,High Risk
C12039,Premium,Monthly,1119.34,7,19.5,4,True,4,High Risk
C12040,Standard,Monthly,649.28,7,75.6,1,True,2,Medium Risk
C12045,Standard,Annual,622.54,28,47.3,1,True,0,Low Risk
C12046,Standard,Annual,864.55,22,41.2,2,True,0,Low Risk
C12048,Premium,Monthly,1368.43,4,19.9,4,True,4,High Risk
C12051,Basic,Annual,323.88,21,40.5,2,True,0,Low Risk
C12052,Standard,Monthly,885.14,26,62.4,3,True,2,Medium Risk
C12053,Basic,Monthly,365.88,6,39.9,2,False,3,High Risk
C12054,Basic,Annual,330.17,20,52.5,2,True,0,Low Risk
C12055,Basic,Monthly,324.85,9,55.9,1,True,2,Medium Risk
C12056,Basic,Monthly,423.61,26,51.1,2,True,1,Medium Risk
C12057,Standard,Annual,729.12,36,74.9,2,True,0,Low Risk
C12060,Basic,Monthly,426.39,30,51.7,3,True,2,Medium Risk
C12061,Basic,Monthly,447.1,19,53.4,3,False,3,High Risk
C12063,Standard,Monthly,828.49,24,46.4,3,False,3,High Risk
C12066,Basic,Monthly,440.11,32,39.4,3,True,2,Medium Risk
C12067,Basic,Monthly,299.78,3,55.8,2,True,2,Medium Risk
C12068,Standard,Monthly,724.17,14,55.1,2,True,1,Medium Risk
C12070,Basic,Annual,416.56,32,33.8,4,False,2,Medium Risk
C12071,Standard,Monthly,766.31,17,59.2,2,False,2,Medium Risk
C12073,Basic,Monthly,378.38,7,62.2,1,False,3,High Risk
C12074,Standard,Monthly,654.03,0,8.4,5,False,5,High Risk
C12075,Basic,Monthly,437.41,18,47.1,2,False,2,Medium Risk
C12076,Basic,Monthly,440.57,34,6.6,5,True,3,High Risk
C12077,Standard,Monthly,694.43,1,25.5,3,False,4,High Risk
C12078,Standard,Monthly,707.8,19,29.1,4,True,2,Medium Risk
C12081,Premium,Monthly,1257.44,28,41.8,2,False,2,Medium Risk
C12084,Basic,Monthly,413.15,2,69.6,1,False,3,High Risk
C12085,Premium,Annual,1473.94,15,40.0,2,False,1,Medium Risk
C12086,Standard,Annual,631.05,29,24.6,3,True,1,Medium Risk
C12088,Premium,Monthly,1456.1,12,3.7,5,True,3,High Risk
C12089,Standard,Monthly,666.05,11,32.5,3,False,4,High Risk
C12090,Basic,Monthly,482.91,19,49.2,2,False,2,Medium Risk
C12092,Standard,Monthly,658.38,19,53.3,1,False,2,Medium Risk
C12093,Standard,Monthly,893.72,8,29.6,3,True,3,High Risk
C12094,Basic,Monthly,326.17,4,40.2,2,False,3,High Risk
C12095,Basic,Monthly,377.7,3,27.4,3,False,4,High Risk
C12096,Premium,Annual,1242.99,18,57.7,2,True,0,Low Risk
C12097,Standard,Annual,729.48,25,52.1,3,True,1,Medium Risk
C12098,Basic,Annual,455.42,15,9.2,7,True,2,Medium Risk
C12099,Basic,Monthly,361.13,28,61.5,3,True,2,Medium Risk
C12100,Basic,Annual,343.75,15,31.5,3,True,1,Medium Risk
C12102,Basic,Annual,386.01,25,32.2,4,True,1,Medium Risk
C12103,Basic,Monthly,448.34,8,0.0,7,True,4,High Risk
C12104,Basic,Annual,350.44,23,29.8,4,True,1,Medium Risk
C12108,Basic,Annual,457.94,15,57.3,3,True,1,Medium Risk
C12111,Standard,Monthly,885.23,6,51.4,3,False,4,High Risk
C12112,Basic,Annual,460.51,27,51.3,3,False,2,Medium Risk
C12113,Standard,Annual,895.56,32,66.4,1,True,0,Low Risk
C12114,Standard,Monthly,729.99,12,57.8,3,True,2,Medium Risk
C12115,Basic,Monthly,453.6,2,24.0,4,False,4,High Risk
C12116,Premium,Monthly,1242.62,6,48.4,2,False,3,High Risk
C12117,Standard,Monthly,768.14,25,71.5,1,False,2,Medium Risk
C12118,Standard,Monthly,621.94,33,57.7,1,False,2,Medium Risk
C12119,Premium,Monthly,1215.76,2,23.6,5,False,4,High Risk
C12120,Premium,Monthly,1467.27,7,31.3,4,True,3,High Risk
C12122,Premium,Monthly,1300.9,19,16.3,4,False,4,High Risk
C12123,Premium,Monthly,1134.37,18,61.7,3,True,2,Medium Risk
C12125,Standard,Monthly,812.22,19,72.2,2,True,1,Medium Risk
C12126,Basic,Annual,470.35,36,33.6,3,True,1,Medium Risk
C12128,Basic,Monthly,441.55,10,28.2,4,False,4,High Risk
C12131,Basic,Monthly,388.01,13,32.5,3,True,2,Medium Risk
C12133,Premium,Annual,1410.87,23,47.1,3,True,1,Medium Risk
C12135,Basic,Annual,415.34,12,31.3,5,True,1,Medium Risk
C12137,Basic,Monthly,463.67,0,52.5,2,True,2,Medium Risk
C12138,Basic,Monthly,315.91,25,58.4,3,False,3,High Risk
C12139,Standard,Monthly,698.35,25,65.8,2,True,1,Medium Risk
C12142,Basic,Monthly,299.16,27,44.6,5,True,2,Medium Risk
C12143,Standard,Annual,626.32,35,42.3,3,True,1,Medium Risk
C12144,Standard,Monthly,605.96,8,43.3,4,True,3,High Risk
C12145,Standard,Monthly,837.09,30,59.7,2,False,2,Medium Risk
C12146,Standard,Annual,821.76,22,40.2,4,True,1,Medium Risk
C12149,Standard,Monthly,666.88,23,25.6,4,False,3,High Risk
C12150,Basic,Monthly,421.77,33,48.7,2,True,1,Medium Risk
C12152,Standard,Annual,625.98,31,50.4,2,True,0,Low Risk
C12153,Basic,Monthly,344.95,2,24.8,4,False,4,High Risk
C12154,Standard,Monthly,603.77,16,31.5,5,True,2,Medium Risk
C12155,Standard,Monthly,681.24,1,50.9,2,True,2,Medium Risk
C12156,Basic,Monthly,429.87,22,42.0,2,True,1,Medium Risk
C12157,Premium,Monthly,1054.71,14,41.2,2,False,2,Medium Risk
C12158,Premium,Annual,1197.48,34,73.3,1,False,1,Medium Risk
C12159,Premium,Monthly,1193.06,8,11.8,5,True,4,High Risk
C12160,Basic,Annual,357.25,26,17.0,4,True,2,Medium Risk
C12161,Premium,Annual,1186.86,35,43.2,2,True,0,Low Risk
C12162,Basic,Annual,301.47,23,52.8,2,True,0,Low Risk
C12163,Basic,Annual,347.21,31,30.8,3,True,1,Medium Risk
C12164,Standard,Annual,837.18,36,38.6,4,False,2,Medium Risk
C12165,Basic,Monthly,339.48,26,34.1,3,False,3,High Risk
C12166,Basic,Annual,469.02,35,56.7,1,True,0,Low Risk
C12167,Standard,Monthly,604.51,20,48.4,2,True,1,Medium Risk
C12168,Basic,Annual,468.02,13,34.8,2,True,0,Low Risk
C12169,Standard,Monthly,713.47,3,53.6,2,True,2,Medium Risk
C12170,Premium,Monthly,1287.87,34,36.6,4,False,3,High Risk
C12171,Basic,Monthly,482.35,8,13.2,5,True,4,High Risk
C12172,Basic,Monthly,416.56,0,62.4,1,True,2,Medium Risk
C12173,Basic,Monthly,350.49,17,43.2,4,True,2,Medium Risk
C12174,Premium,Monthly,1116.36,6,26.4,3,True,3,High Risk
C12175,Premium,Monthly,1435.42,18,46.1,3,False,3,High Risk
C12176,Standard,Monthly,870.8,5,44.1,3,False,4,High Risk
C12178,Standard,Annual,659.57,27,42.5,2,True,0,Low Risk
C12179,Standard,Monthly,607.18,31,28.2,3,True,2,Medium Risk
C12180,Basic,Monthly,447.24,3,55.3,3,False,4,High Risk
C12182,Basic,Annual,410.48,21,16.0,5,True,2,Medium Risk
C12184,Standard,Annual,772.99,15,45.8,3,True,1,Medium Risk
C12185,Standard,Monthly,828.68,33,42.3,2,False,2,Medium Risk
C12189,Basic,Monthly,416.35,9,77.2,2,False,3,High Risk
C12190,Basic,Monthly,339.06,30,28.0,4,False,3,High Risk
C12191,Standard,Monthly,710.4,0,29.8,3,True,3,High Risk
C12193,Premium,Monthly,1069.88,24,32.7,4,False,3,High Risk
C12194,Basic,Monthly,473.93,17,60.7,2,False,2,Medium Risk
C12195,Standard,Annual,852.22,12,24.9,3,True,1,Medium Risk
C12196,Standard,Monthly,608.94,8,14.8,6,True,4,High Risk
C12197,Standard,Monthly,798.37,16,0.5,6,True,3,High Risk
C12198,Premium,Monthly,1146.36,22,33.2,3,False,3,High Risk
C12200,Standard,Monthly,818.49,23,13.5,4,False,4,High Risk
C12201,Standard,Annual,858.24,30,54.8,3,True,1,Medium Risk
C12202,Standard,Monthly,883.11,25,36.2,4,True,2,Medium Risk
C12204,Standard,Monthly,605.44,18,52.3,1,True,1,Medium Risk
C12206,Standard,Monthly,817.55,13,40.0,2,False,2,Medium Risk
C12207,Basic,Monthly,472.94,19,58.4,3,False,3,High Risk
C12209,Basic,Annual,408.19,16,39.1,3,False,2,Medium Risk
C12210,Premium,Monthly,1447.38,1,45.7,2,True,2,Medium Risk
C12211,Standard,Monthly,731.47,19,21.2,5,False,3,High Risk
C12216,Basic,Annual,492.06,28,69.3,1,True,0,Low Risk
C12219,Standard,Monthly,828.01,13,14.1,3,True,3,High Risk
C12220,Standard,Monthly,618.08,16,14.1,5,True,3,High Risk
C12221,Standard,Monthly,778.62,21,51.5,2,False,2,Medium Risk
C12222,Standard,Monthly,796.74,19,57.3,3,True,2,Medium Risk
C12224,Premium,Monthly,1392.14,12,63.1,2,True,1,Medium Risk
C12225,Standard,Annual,635.75,6,32.3,3,True,2,Medium Risk
C12226,Basic,Monthly,464.87,1,67.8,0,False,3,High Risk
C12227,Basic,Monthly,469.26,33,10.5,6,True,3,High Risk
C12228,Basic,Monthly,399.24,10,10.1,5,True,4,High Risk
C12229,Basic,Annual,409.44,22,86.1,0,True,0,Low Risk
C12231,Basic,Monthly,403.42,20,38.0,4,False,3,High Risk
C12233,Standard,Monthly,691.23,2,40.4,3,False,4,High Risk
C12234,Basic,Monthly,323.78,26,16.1,5,False,4,High Risk
C12235,Premium,Monthly,1004.37,20,8.2,4,False,4,High Risk
C12236,Basic,Monthly,381.3,9,67.3,1,True,2,Medium Risk
C12237,Premium,Monthly,1438.89,3,41.9,3,False,4,High Risk
C12238,Basic,Annual,448.48,20,40.3,3,True,1,Medium Risk
C12239,Standard,Monthly,838.27,20,16.8,5,False,4,High Risk
C12240,Standard,Annual,768.32,29,44.5,2,True,0,Low Risk
C12241,Basic,Annual,344.2,17,29.3,5,True,1,Medium Risk
C12242,Standard,Monthly,607.2,8,30.3,4,True,3,High Risk
C12243,Basic,Annual,465.79,32,26.6,3,True,1,Medium Risk
C12244,Premium,Monthly,1489.99,14,54.8,2,True,1,Medium Risk
C12245,Basic,Monthly,381.15,20,48.8,3,False,3,High Risk
C12246,Standard,Monthly,893.71,27,21.0,4,False,3,High Risk
C12247,Premium,Monthly,1423.11,27,65.3,3,False,3,High Risk
C12248,Premium,Monthly,1496.0,30,61.6,1,True,1,Medium Risk
C12249,Basic,Annual,307.21,11,41.0,3,True,2,Medium Risk
C12250,Standard,Monthly,662.96,10,68.4,1,True,2,Medium Risk
C12252,Basic,Annual,496.99,24,31.5,3,True,1,Medium Risk
C12253,Standard,Monthly,599.3,7,33.6,3,True,3,High Risk
C12254,Standard,Monthly,814.76,5,51.2,3,False,4,High Risk
C12255,Basic,Monthly,427.15,16,52.2,2,False,2,Medium Risk
C12256,Basic,Annual,299.12,18,45.4,3,True,1,Medium Risk
C12257,Basic,Monthly,397.43,8,33.1,3,False,4,High Risk
C12258,Standard,Annual,622.61,33,36.8,2,True,0,Low Risk
C12263,Standard,Annual,892.76,22,33.8,3,True,1,Medium Risk
C12264,Premium,Annual,1472.11,22,41.1,5,True,1,Medium Risk
C12267,Basic,Monthly,421.35,5,66.8,1,False,3,High Risk
C12268,Standard,Monthly,721.69,7,1.3,4,True,4,High Risk
C12270,Basic,Monthly,321.97,20,35.7,3,False,3,High Risk
C12271,Standard,Annual,788.2,22,38.0,5,True,1,Medium Risk
C12272,Basic,Annual,349.91,26,19.7,6,True,2,Medium Risk
C12273,Standard,Monthly,755.81,28,46.7,2,False,2,Medium Risk
C12274,Basic,Monthly,346.86,11,81.8,0,True,2,Medium Risk
C12276,Standard,Monthly,637.53,0,13.8,3,False,5,High Risk
C12277,Basic,Monthly,347.76,21,27.7,4,False,3,High Risk
C12278,Basic,Monthly,495.61,17,52.5,3,True,2,Medium Risk
C12279,Basic,Monthly,404.91,34,46.6,2,False,2,Medium Risk
C12280,Premium,Monthly,1217.93,33,14.6,5,True,3,High Risk
C12281,Basic,Monthly,350.78,17,26.1,4,False,3,High Risk
C12282,Premium,Monthly,1490.47,12,46.8,4,True,2,Medium Risk
C12284,Basic,Monthly,347.71,0,14.9,4,False,5,High Risk
C12286,Standard,Monthly,851.07,30,52.1,2,False,2,Medium Risk
C12287,Premium,Monthly,1061.3,23,59.7,1,True,1,Medium Risk
C12288,Standard,Annual,879.74,27,20.4,4,True,1,Medium Risk
C12289,Standard,Annual,866.98,23,34.7,3,False,2,Medium Risk
C12290,Premium,Monthly,1097.77,12,33.0,3,False,3,High Risk
C12291,Premium,Annual,1370.23,33,70.3,1,True,0,Low Risk
C12292,Standard,Monthly,787.6,33,71.6,1,False,2,Medium Risk
C12293,Basic,Annual,348.34,35,42.8,3,True,1,Medium Risk
C12294,Basic,Annual,408.14,14,18.4,4,False,3,High Risk
C12295,Standard,Monthly,638.64,13,59.4,3,True,2,Medium Risk
C12296,Standard,Monthly,822.94,17,58.8,1,False,2,Medium Risk
C12297,Standard,Monthly,688.05,30,32.4,4,True,2,Medium Risk
C12298,Basic,Monthly,442.53,11,57.3,1,False,3,High Risk
C12299,Basic,Monthly,467.24,8,67.3,2,False,3,High Risk
C12300,Premium,Monthly,1363.68,27,35.1,6,True,2,Medium Risk
C12301,Basic,Monthly,318.79,10,14.2,4,False,5,High Risk
C12302,Standard,Annual,882.94,16,31.3,3,True,1,Medium Risk
C12303,Basic,Monthly,456.12,7,14.1,4,True,4,High Risk
C12304,Basic,Monthly,382.09,21,32.2,4,False,3,High Risk
C12305,Basic,Monthly,336.93,8,44.4,2,False,3,High Risk
C12307,Basic,Annual,431.0,23,49.1,3,False,2,Medium Risk
C12308,Premium,Monthly,1297.0,2,39.1,3,True,3,High Risk
C12309,Standard,Monthly,776.96,34,61.6,1,False,2,Medium Risk
C12310,Basic,Annual,461.8,35,46.3,3,True,1,Medium Risk
C12311,Standard,Monthly,834.94,0,78.4,1,False,3,High Risk
C12313,Standard,Monthly,622.19,9,55.0,3,True,3,High Risk
C12314,Basic,Monthly,393.21,1,18.6,3,False,5,High Risk
C12315,Premium,Annual,1248.31,30,35.6,3,True,1,Medium Risk
C12317,Premium,Monthly,1192.19,21,35.9,3,True,2,Medium Risk
C12318,Basic,Annual,369.91,7,44.8,3,True,2,Medium Risk
C12320,Premium,Monthly,1496.94,35,18.9,4,True,3,High Risk
C12321,Basic,Monthly,405.52,5,74.4,1,False,3,High Risk
C12322,Standard,Monthly,708.84,30,53.5,2,True,1,Medium Risk
C12323,Basic,Monthly,372.06,6,29.3,5,False,4,High Risk
C12324,Premium,Monthly,1231.41,11,25.5,7,True,3,High Risk
C12325,Standard,Monthly,803.61,7,0.0,5,False,5,High Risk
C12326,Premium,Monthly,1446.68,18,53.3,2,True,1,Medium Risk
C12327,Standard,Monthly,629.27,21,52.4,3,True,2,Medium Risk
C12328,Premium,Monthly,1402.56,32,17.3,4,False,4,High Risk
C12329,Standard,Annual,768.3,32,75.7,0,True,0,Low Risk
C12330,Standard,Monthly,716.19,8,3.4,4,True,4,High Risk
C12331,Premium,Monthly,1381.16,34,34.2,4,True,2,Medium Risk
C12332,Standard,Monthly,864.3,31,22.8,4,False,3,High Risk
C12333,Standard,Annual,859.22,15,51.4,2,True,0,Low Risk
C12334,Standard,Monthly,859.89,22,46.5,4,True,2,Medium Risk
C12336,Basic,Monthly,413.41,0,48.0,3,True,3,High Risk
C12338,Premium,Annual,1292.59,26,68.3,1,False,1,Medium Risk
C12340,Basic,Annual,370.81,16,24.2,4,True,1,Medium Risk
C12341,Premium,Annual,1429.39,34,31.1,3,True,1,Medium Risk
C12342,Premium,Monthly,1291.98,19,55.1,1,True,1,Medium Risk
C12343,Premium,Annual,1397.04,28,24.7,3,True,1,Medium Risk
C12344,Premium,Annual,1139.98,13,62.9,3,True,1,Medium Risk
C12345,Premium,Monthly,1400.55,19,39.0,3,True,2,Medium Risk
C12346,Premium,Monthly,1114.52,21,21.4,4,True,2,Medium Risk
C12347,Standard,Monthly,636.64,8,22.6,4,False,4,High Risk
C12349,Standard,Annual,648.16,25,35.1,3,False,2,Medium Risk
C12350,Standard,Annual,893.84,2,42.4,3,False,3,High Risk
C12351,Basic,Monthly,452.86,10,14.1,4,True,4,High Risk
C12352,Basic,Annual,395.76,26,71.0,1,True,0,Low Risk
C12353,Basic,Monthly,458.29,26,40.3,2,False,2,Medium Risk
C12355,Premium,Monthly,1195.63,19,41.3,3,False,3,High Risk
C12356,Standard,Monthly,773.84,10,10.3,4,True,4,High Risk
C12357,Standard,Monthly,804.41,11,36.4,3,False,4,High Risk
C12358,Standard,Monthly,600.41,24,30.7,5,False,3,High Risk
C12362,Basic,Monthly,448.81,15,0.3,5,False,4,High Risk
C12363,Basic,Monthly,302.1,31,27.8,5,False,3,High Risk
C12365,Standard,Monthly,877.3,9,42.0,3,True,3,High Risk
C12366,Premium,Annual,1218.05,16,72.4,1,True,0,Low Risk
C12367,Premium,Annual,1311.39,30,29.3,5,True,1,Medium Risk
C12368,Basic,Monthly,355.19,4,33.8,4,False,4,High Risk
C12369,Premium,Monthly,1125.47,2,47.7,2,False,3,High Risk
C12370,Premium,Annual,1045.1,26,52.5,3,True,1,Medium Risk
C12373,Basic,Annual,480.9,27,20.0,3,True,1,Medium Risk
C12374,Basic,Annual,316.59,18,61.4,1,True,0,Low Risk
C12376,Standard,Monthly,750.25,3,42.4,3,False,4,High Risk
C12377,Basic,Annual,421.55,33,72.4,1,True,0,Low Risk
C12378,Premium,Annual,1380.63,35,28.5,4,True,1,Medium Risk
C12379,Basic,Annual,333.26,18,59.2,4,True,1,Medium Risk
C12380,Basic,Monthly,403.53,30,62.5,3,True,2,Medium Risk
C12382,Basic,Annual,473.36,14,33.1,3,True,1,Medium Risk
C12383,Basic,Monthly,459.5,33,71.8,0,True,1,Medium Risk
C12384,Premium,Monthly,1042.94,18,18.9,4,True,3,High Risk
C12385,Standard,Annual,799.11,34,48.6,2,True,0,Low Risk
C12387,Premium,Monthly,1260.49,14,52.3,1,True,1,Medium Risk
C12388,Standard,Annual,690.36,19,47.9,2,False,1,Medium Risk
C12389,Standard,Annual,599.81,30,48.0,4,True,1,Medium Risk
C12390,Standard,Monthly,735.01,5,9.2,6,True,4,High Risk
C12391,Basic,Monthly,443.12,21,28.3,4,True,2,Medium Risk
C12392,Standard,Monthly,798.19,23,53.4,2,False,2,Medium Risk
C12393,Basic,Monthly,343.36,22,22.9,7,True,2,Medium Risk
C12394,Basic,Monthly,313.61,32,59.7,1,True,1,Medium Risk
C12395,Premium,Annual,1124.93,25,27.4,3,True,1,Medium Risk
C12399,Standard,Monthly,680.88,1,40.8,3,False,4,High Risk
C12400,Standard,Annual,682.99,36,37.6,3,True,1,Medium Risk
C12401,Basic,Monthly,371.91,20,54.9,2,False,2,Medium Risk
C12402,Premium,Annual,1330.31,28,64.7,2,True,0,Low Risk
C12403,Standard,Annual,852.36,30,54.0,1,True,0,Low Risk
C12404,Basic,Annual,461.25,26,46.9,4,True,1,Medium Risk
C12405,Basic,Monthly,410.11,7,21.5,5,False,4,High Risk
C12406,Basic,Annual,377.61,31,62.6,1,True,0,Low Risk
C12407,Premium,Annual,1368.53,22,69.3,0,True,0,Low Risk
C12408,Premium,Monthly,1426.07,10,21.0,4,True,3,High Risk
C12409,Standard,Annual,859.83,27,32.5,3,False,2,Medium Risk
C12410,Standard,Annual,896.16,23,56.8,2,True,0,Low Risk
C12411,Premium,Monthly,1238.65,27,75.0,1,True,1,Medium Risk
C12413,Standard,Monthly,779.34,12,62.1,1,False,2,Medium Risk
C12414,Basic,Monthly,318.64,21,31.4,3,True,2,Medium Risk
C12415,Basic,Annual,495.69,30,22.4,6,True,1,Medium Risk
C12416,Standard,Annual,691.81,26,31.4,4,True,1,Medium Risk
C12417,Basic,Monthly,309.84,26,16.6,4,False,4,High Risk
C12418,Basic,Monthly,427.96,16,14.1,5,False,4,High Risk
C12419,Standard,Monthly,838.6,12,46.0,3,True,2,Medium Risk
C12420,Standard,Monthly,842.3,24,50.0,3,False,3,High Risk
C12421,Premium,Monthly,1136.93,35,33.9,4,False,3,High Risk
C12424,Premium,Annual,1310.29,35,45.4,2,True,0,Low Risk
C12425,Basic,Annual,495.78,25,38.9,3,True,1,Medium Risk
C12427,Standard,Annual,836.92,31,28.9,3,True,1,Medium Risk
C12428,Basic,Monthly,328.39,6,25.1,3,False,4,High Risk
C12429,Basic,Monthly,442.98,19,35.2,3,False,3,High Risk
C12430,Basic,Monthly,346.51,21,22.0,3,True,2,Medium Risk
C12431,Basic,Monthly,427.15,25,47.8,2,False,2,Medium Risk
C12432,Basic,Annual,305.85,6,14.7,4,True,3,High Risk
C12434,Standard,Monthly,770.4,12,28.5,4,True,2,Medium Risk
C12435,Standard,Monthly,851.08,10,63.3,1,True,2,Medium Risk
C12436,Standard,Annual,658.38,25,21.4,3,False,2,Medium Risk
C12437,Standard,Monthly,859.6,4,69.7,1,True,2,Medium Risk
C12440,Basic,Monthly,455.01,9,53.0,2,False,3,High Risk
C12442,Premium,Monthly,1458.88,10,23.2,5,False,4,High Risk
C12443,Premium,Monthly,1042.83,28,29.3,3,True,2,Medium Risk
C12444,Standard,Monthly,803.96,8,52.6,3,False,4,High Risk
C12445,Standard,Monthly,861.51,5,63.6,2,False,3,High Risk
C12446,Basic,Monthly,470.66,1,27.4,2,True,2,Medium Risk
C12447,Basic,Monthly,334.7,17,33.2,3,False,3,High Risk
C12449,Standard,Annual,629.07,4,53.8,2,True,1,Medium Risk
C12450,Premium,Monthly,1239.1,26,72.4,0,False,2,Medium Risk
C12451,Standard,Monthly,705.21,14,36.7,3,True,2,Medium Risk
C12454,Basic,Monthly,401.59,16,52.4,2,False,2,Medium Risk
C12456,Basic,Annual,369.66,29,2.9,6,False,3,High Risk
C12459,Basic,Monthly,302.78,13,9.4,5,True,3,High Risk
C12460,Basic,Monthly,309.32,34,8.8,4,False,4,High Risk
C12463,Basic,Monthly,323.27,23,51.9,2,True,1,Medium Risk
C12465,Basic,Annual,412.18,27,22.0,4,False,2,Medium Risk
C12466,Premium,Monthly,1069.88,20,51.5,2,True,1,Medium Risk
C12467,Premium,Annual,1382.7,10,56.4,1,False,2,Medium Risk
C12468,Standard,Annual,836.25,29,48.8,2,True,0,Low Risk
C12470,Basic,Monthly,482.31,32,46.4,2,True,1,Medium Risk
C12472,Premium,Monthly,1272.59,4,57.9,3,True,3,High Risk
C12473,Standard,Monthly,652.54,36,40.2,4,False,3,High Risk
C12474,Basic,Annual,408.21,23,50.7,5,False,2,Medium Risk
C12475,Premium,Monthly,1085.34,0,43.2,2,False,3,High Risk
C12477,Basic,Monthly,345.53,12,46.7,3,False,3,High Risk
C12478,Standard,Monthly,754.62,9,49.8,2,True,2,Medium Risk
C12479,Standard,Annual,698.53,25,12.5,5,True,2,Medium Risk
C12481,Basic,Annual,478.87,27,40.2,2,True,0,Low Risk
C12482,Basic,Monthly,454.04,29,76.0,1,True,1,Medium Risk
C12483,Premium,Monthly,1207.34,25,34.4,2,False,2,Medium Risk
C12484,Standard,Annual,705.57,3,24.3,4,True,2,Medium Risk
C12486,Standard,Monthly,770.16,18,80.8,0,True,1,Medium Risk
C12488,Basic,Monthly,327.18,5,44.3,3,False,4,High Risk
C12489,Basic,Monthly,329.4,0,47.7,2,False,3,High Risk
C12491,Premium,Annual,1334.34,29,37.1,4,False,2,Medium Risk
C12493,Standard,Monthly,682.29,13,41.6,2,False,2,Medium Risk
C12494,Premium,Monthly,1339.55,4,33.3,3,False,4,High Risk
C12495,Standard,Annual,635.5,23,43.3,2,True,0,Low Risk
C12496,Standard,Monthly,851.78,9,45.3,2,True,2,Medium Risk
C12497,Basic,Annual,427.49,10,44.4,2,True,1,Medium Risk
C12498,Standard,Monthly,637.02,17,67.8,1,True,1,Medium Risk
C12499,Premium,Annual,1454.47,31,37.0,5,True,1,Medium Risk
C12500,Standard,Monthly,731.8,25,0.0,5,False,4,High Risk
C12501,Premium,Monthly,1355.49,11,51.4,3,False,4,High Risk
C12502,Premium,Annual,1370.69,29,58.8,3,True,1,Medium Risk
C12503,Standard,Monthly,758.02,4,15.1,3,False,5,High Risk
C12504,Standard,Monthly,840.38,16,25.9,4,True,2,Medium Risk
C12505,Premium,Annual,1130.91,10,64.7,1,True,1,Medium Risk
C12506,Basic,Annual,465.94,32,12.6,7,False,3,High Risk
C12507,Premium,Monthly,1242.76,11,52.7,2,False,3,High Risk
C12508,Basic,Monthly,333.16,15,22.8,5,False,3,High Risk
C12510,Premium,Monthly,1432.1,34,66.4,1,True,1,Medium Risk
C12511,Standard,Annual,822.64,21,58.9,2,True,0,Low Risk
C12512,Basic,Monthly,469.64,28,51.6,1,True,1,Medium Risk
C12513,Standard,Monthly,866.81,3,36.4,3,True,3,High Risk
C12515,Standard,Monthly,725.49,22,30.6,5,True,2,Medium Risk
C12516,Basic,Annual,369.11,34,68.0,3,True,1,Medium Risk
C12517,Standard,Monthly,721.23,17,20.0,4,False,3,High Risk
C12518,Standard,Monthly,741.17,28,53.8,2,True,1,Medium Risk
C12519,Standard,Monthly,638.05,8,19.0,6,True,4,High Risk
C12520,Basic,Monthly,351.46,1,29.2,3,False,4,High Risk
C12522,Standard,Annual,809.65,25,31.5,3,True,1,Medium Risk
C12524,Basic,Monthly,420.56,5,45.0,3,True,3,High Risk
C12525,Premium,Annual,1377.83,35,16.1,6,True,2,Medium Risk
C12526,Standard,Monthly,789.04,33,61.0,1,True,1,Medium Risk
C12527,Standard,Annual,805.23,34,51.0,1,True,0,Low Risk
C12528,Premium,Annual,1179.43,23,59.0,1,True,0,Low Risk
C12529,Premium,Monthly,1312.74,10,64.4,2,True,2,Medium Risk
C12530,Standard,Monthly,826.27,23,25.6,4,True,2,Medium Risk
C12531,Basic,Annual,344.64,21,19.9,4,True,2,Medium Risk
C12532,Basic,Monthly,341.8,21,51.8,2,True,1,Medium Risk
C12533,Standard,Monthly,678.95,11,52.9,2,True,2,Medium Risk
C12534,Premium,Monthly,1152.14,36,38.1,4,True,2,Medium Risk
C12535,Basic,Monthly,443.6,12,19.5,6,True,3,High Risk
C12537,Basic,Monthly,480.07,15,65.0,1,True,1,Medium Risk
C12538,Basic,Annual,426.82,17,48.9,2,False,1,Medium Risk
C12539,Basic,Annual,459.38,34,41.0,3,True,1,Medium Risk
C12540,Basic,Annual,321.94,8,63.2,2,True,1,Medium Risk
C12541,Premium,Annual,1217.79,15,35.0,2,True,0,Low Risk
C12542,Basic,Annual,332.51,18,25.3,5,True,1,Medium Risk
C12543,Premium,Annual,1236.4,27,31.3,3,True,1,Medium Risk
C12544,Basic,Monthly,379.18,8,0.0,5,True,4,High Risk
C12547,Standard,Monthly,629.12,17,24.3,4,False,3,High Risk
C12548,Standard,Annual,773.6,24,41.1,3,True,1,Medium Risk
C12549,Basic,Monthly,351.74,22,38.9,3,True,2,Medium Risk
C12551,Premium,Monthly,1099.18,29,42.6,4,False,3,High Risk
C12552,Basic,Monthly,449.08,9,65.5,2,False,3,High Risk
C12553,Basic,Monthly,461.14,6,58.9,1,False,3,High Risk
C12555,Basic,Monthly,371.3,21,27.5,3,False,3,High Risk
C12556,Standard,Monthly,752.03,20,49.5,4,True,2,Medium Risk
C12557,Standard,Monthly,827.51,26,11.3,5,False,4,High Risk
C12558,Basic,Monthly,334.21,1,43.8,2,True,2,Medium Risk
C12561,Premium,Monthly,1058.07,1,6.1,7,False,5,High Risk
C12562,Standard,Monthly,605.04,13,51.3,1,True,1,Medium Risk
C12563,Basic,Annual,475.92,31,58.9,1,True,0,Low Risk
C12564,Premium,Annual,1057.76,20,19.0,4,True,2,Medium Risk
C12566,Standard,Annual,886.22,24,58.3,2,False,1,Medium Risk
C12567,Basic,Monthly,436.8,10,41.4,2,False,3,High Risk
C12568,Basic,Monthly,329.96,20,19.6,5,False,4,High Risk
C12570,Standard,Annual,678.57,20,74.0,2,True,0,Low Risk
C12571,Basic,Monthly,336.66,19,28.2,3,True,2,Medium Risk
C12573,Basic,Monthly,388.47,5,27.7,3,False,4,High Risk
C12574,Premium,Annual,1064.06,28,67.8,3,True,1,Medium Risk
C12577,Basic,Monthly,475.47,26,53.6,2,True,1,Medium Risk
C12578,Basic,Annual,299.36,21,60.7,1,True,0,Low Risk
C12580,Standard,Monthly,757.24,32,43.1,3,False,3,High Risk
C12582,Basic,Annual,481.23,2,17.2,4,False,4,High Risk
C12583,Standard,Monthly,697.87,16,31.7,4,False,3,High Risk
C12584,Standard,Annual,605.48,36,68.2,1,True,0,Low Risk
C12585,Standard,Monthly,637.92,0,50.2,2,True,2,Medium Risk
C12586,Standard,Monthly,876.38,12,68.4,3,False,3,High Risk
C12588,Premium,Monthly,1203.79,29,55.8,3,False,3,High Risk
C12589,Basic,Monthly,457.54,35,58.5,1,False,2,Medium Risk
C12590,Standard,Monthly,732.94,6,46.6,3,False,4,High Risk
C12591,Basic,Monthly,383.5,24,62.4,1,True,1,Medium Risk
C12592,Standard,Monthly,736.47,36,34.7,5,True,2,Medium Risk
C12593,Premium,Monthly,1290.23,30,5.9,4,True,3,High Risk
C12594,Standard,Monthly,793.78,35,38.1,4,True,2,Medium Risk
C12595,Basic,Monthly,439.53,30,49.1,2,False,2,Medium Risk
C12596,Basic,Annual,491.31,1,11.9,4,True,3,High Risk
C12597,Standard,Annual,805.47,35,56.5,1,True,0,Low Risk
C12598,Premium,Monthly,1309.25,7,64.7,1,False,3,High Risk
C12599,Premium,Annual,1394.29,15,18.9,4,False,3,High Risk
C12600,Basic,Monthly,498.02,28,41.4,3,True,2,Medium Risk
C12601,Basic,Monthly,382.04,9,75.3,0,False,3,High Risk
C12602,Basic,Monthly,420.06,17,37.9,2,False,2,Medium Risk
C12605,Basic,Monthly,356.55,19,48.9,1,False,2,Medium Risk
C12606,Premium,Monthly,1299.55,20,17.4,5,False,4,High Risk
C12607,Basic,Monthly,381.09,16,66.9,2,True,1,Medium Risk
C12608,Standard,Annual,891.24,34,11.6,4,True,2,Medium Risk
C12610,Standard,Annual,797.72,31,76.7,0,True,0,Low Risk
C12611,Premium,Annual,1050.21,16,66.8,2,True,0,Low Risk
C12613,Basic,Annual,354.05,19,18.1,4,False,3,High Risk
C12614,Premium,Annual,1082.52,18,67.8,1,True,0,Low Risk
C12615,Basic,Monthly,368.75,5,30.4,3,True,3,High Risk
C12616,Standard,Annual,604.2,9,29.3,3,True,2,Medium Risk
C12617,Basic,Monthly,405.51,30,23.3,4,True,2,Medium Risk
C12618,Basic,Monthly,492.68,17,13.9,4,True,3,High Risk
C12619,Standard,Monthly,848.39,35,53.8,1,False,2,Medium Risk
C12620,Basic,Annual,498.84,18,41.0,3,True,1,Medium Risk
C12621,Standard,Annual,888.03,31,50.9,3,True,1,Medium Risk
C12626,Standard,Monthly,849.82,3,33.5,3,False,4,High Risk
C12628,Standard,Monthly,816.9,34,40.1,2,False,2,Medium Risk
C12629,Basic,Monthly,378.75,11,59.7,2,False,3,High Risk
C12630,Standard,Monthly,733.52,33,51.0,4,False,3,High Risk
C12632,Standard,Annual,876.88,15,25.6,4,False,2,Medium Risk
C12633,Premium,Monthly,1472.1,12,6.1,5,False,4,High Risk
C12634,Standard,Monthly,828.81,10,45.2,2,False,3,High Risk
C12635,Standard,Monthly,885.01,15,16.7,4,True,3,High Risk
C12636,Basic,Annual,419.17,30,22.2,3,True,1,Medium Risk
C12638,Standard,Annual,754.49,19,40.5,3,False,2,Medium Risk
C12639,Standard,Monthly,704.47,21,51.6,4,True,2,Medium Risk
C12640,Standard,Monthly,824.99,9,64.9,1,True,2,Medium Risk
C12641,Standard,Annual,799.45,24,22.3,3,True,1,Medium Risk
C12642,Basic,Annual,406.36,33,31.0,3,False,2,Medium Risk
C12643,Premium,Monthly,1218.8,33,6.0,5,False,4,High Risk
C12644,Standard,Annual,649.93,34,47.9,2,True,0,Low Risk
C12645,Basic,Annual,358.79,33,52.9,2,True,0,Low Risk
C12646,Premium,Monthly,1162.7,14,73.3,0,True,1,Medium Risk
C12648,Basic,Monthly,396.2,3,13.3,5,True,4,High Risk
C12649,Basic,Annual,385.12,34,20.9,4,True,1,Medium Risk
C12650,Basic,Annual,485.09,28,12.0,4,False,3,High Risk
C12651,Basic,Monthly,462.73,10,52.3,1,False,3,High Risk
C12652,Premium,Annual,1365.3,13,14.5,4,True,2,Medium Risk
C12653,Standard,Annual,793.37,7,35.1,3,True,2,Medium Risk
C12655,Standard,Monthly,879.61,6,14.2,6,False,5,High Risk
C12657,Premium,Monthly,1400.25,28,31.5,3,True,2,Medium Risk
C12658,Basic,Monthly,386.14,27,47.1,2,True,1,Medium Risk
C12659,Basic,Monthly,379.61,0,17.4,4,False,5,High Risk
C12660,Basic,Annual,466.47,33,23.7,4,True,1,Medium Risk
C12661,Basic,Monthly,458.96,26,72.9,1,False,2,Medium Risk
C12663,Standard,Monthly,637.34,9,43.2,2,True,2,Medium Risk
C12664,Premium,Monthly,1405.27,8,19.9,4,True,4,High Risk
C12665,Premium,Monthly,1155.93,32,42.5,3,False,3,High Risk
C12666,Basic,Monthly,417.33,5,70.3,1,False,3,High Risk
C12668,Basic,Monthly,442.96,27,69.0,1,True,1,Medium Risk
C12669,Basic,Annual,308.02,8,52.6,2,True,1,Medium Risk
C12670,Basic,Monthly,472.0,15,0.0,6,False,4,High Risk
C12671,Basic,Monthly,381.7,10,8.9,4,True,4,High Risk
C12672,Standard,Monthly,671.09,28,8.1,5,False,4,High Risk
C12673,Basic,Annual,307.22,20,22.5,3,True,1,Medium Risk
C12674,Standard,Monthly,782.34,30,65.9,2,True,1,Medium Risk
C12676,Standard,Monthly,869.99,16,41.2,2,False,2,Medium Risk
C12679,Standard,Monthly,765.93,23,50.5,2,True,1,Medium Risk
C12683,Premium,Annual,1228.87,23,32.7,3,True,1,Medium Risk
C12684,Standard,Monthly,846.56,30,28.1,3,False,3,High Risk
C12686,Standard,Monthly,776.97,0,71.8,1,True,2,Medium Risk
C12687,Basic,Annual,438.15,25,33.2,4,True,1,Medium Risk
C12688,Standard,Annual,823.8,36,25.3,5,True,1,Medium Risk
C12690,Standard,Monthly,700.35,7,70.8,0,False,3,High Risk
C12691,Standard,Monthly,891.47,34,25.6,4,False,3,High Risk
C12692,Premium,Monthly,1136.96,8,21.9,5,False,4,High Risk
C12693,Standard,Annual,676.84,27,66.4,1,True,0,Low Risk
C12695,Premium,Monthly,1043.57,1,26.0,4,True,3,High Risk
C12696,Premium,Monthly,1099.31,31,37.3,3,True,2,Medium Risk
C12697,Basic,Annual,409.99,7,36.6,3,True,2,Medium Risk
C12699,Standard,Monthly,694.49,15,53.0,2,False,2,Medium Risk
C12700,Basic,Monthly,470.98,2,73.8,1,True,2,Medium Risk
C12701,Premium,Annual,1030.45,27,41.9,3,False,2,Medium Risk
C12702,Standard,Annual,841.51,24,34.3,2,True,0,Low Risk
C12704,Basic,Monthly,429.63,31,65.2,3,False,3,High Risk
C12705,Basic,Monthly,475.94,15,15.0,4,False,4,High Risk
C12706,Basic,Annual,442.31,18,51.9,2,True,0,Low Risk
C12707,Basic,Monthly,401.09,1,56.4,3,True,3,High Risk
C12708,Standard,Monthly,702.22,15,46.6,3,False,3,High Risk
C12709,Basic,Annual,328.68,12,47.1,3,True,1,Medium Risk
C12711,Premium,Monthly,1326.58,10,33.7,3,False,4,High Risk
C12712,Standard,Annual,863.76,32,72.1,2,True,0,Low Risk
C12713,Basic,Annual,371.28,27,37.8,3,True,1,Medium Risk
C12714,Basic,Annual,302.94,15,36.2,3,True,1,Medium Risk
C12715,Premium,Monthly,1423.98,7,42.7,2,True,2,Medium Risk
C12717,Basic,Monthly,370.64,25,40.3,3,False,3,High Risk
C12719,Basic,Annual,388.5,25,42.5,3,False,2,Medium Risk
C12720,Standard,Monthly,886.46,20,35.7,3,False,3,High Risk
C12721,Standard,Monthly,888.38,5,15.1,5,False,5,High Risk
C12722,Premium,Monthly,1197.94,22,27.7,4,True,2,Medium Risk
C12723,Standard,Monthly,639.63,3,20.1,3,True,3,High Risk
C12725,Premium,Monthly,1189.92,2,42.4,3,True,3,High Risk
C12729,Basic,Monthly,495.18,12,38.4,3,False,3,High Risk
C12730,Basic,Annual,456.84,31,27.8,4,True,1,Medium Risk
C12731,Premium,Monthly,1301.14,12,57.5,2,True,1,Medium Risk
C12732,Basic,Monthly,437.79,10,49.5,3,False,4,High Risk
C12733,Basic,Monthly,342.4,6,28.9,4,True,3,High Risk
C12734,Standard,Monthly,656.49,5,17.9,4,True,4,High Risk
C12735,Premium,Monthly,1284.16,7,60.2,2,True,2,Medium Risk
C12736,Basic,Monthly,492.13,13,12.6,5,False,4,High Risk
C12737,Premium,Annual,1146.06,30,16.4,4,True,2,Medium Risk
C12738,Basic,Annual,474.59,29,40.7,2,False,1,Medium Risk
C12739,Basic,Annual,339.08,34,69.6,0,True,0,Low Risk
C12740,Basic,Annual,368.98,29,54.3,3,False,2,Medium Risk
C12742,Standard,Annual,764.61,22,33.4,3,True,1,Medium Risk
C12743,Basic,Monthly,459.47,11,44.4,2,True,2,Medium Risk
C12748,Premium,Annual,1373.59,28,31.2,4,True,1,Medium Risk
C12749,Basic,Monthly,418.5,11,51.7,1,True,2,Medium Risk
C12750,Standard,Monthly,620.62,9,52.5,3,False,4,High Risk
C12751,Basic,Annual,485.54,31,39.9,2,True,0,Low Risk
C12752,Premium,Annual,1017.98,29,51.0,2,True,0,Low Risk
C12753,Basic,Annual,306.65,30,80.7,1,True,0,Low Risk
C12754,Standard,Monthly,828.77,33,66.0,1,True,1,Medium Risk
C12755,Standard,Monthly,791.64,12,47.8,2,True,1,Medium Risk
C12756,Premium,Monthly,1403.93,6,26.4,3,False,4,High Risk
C12757,Standard,Monthly,894.26,7,67.8,3,True,3,High Risk
C12758,Basic,Annual,362.24,4,54.1,2,True,1,Medium Risk
C12759,Standard,Annual,717.79,17,43.9,3,True,1,Medium Risk
C12760,Basic,Monthly,488.23,4,67.7,2,True,2,Medium Risk
C12761,Basic,Monthly,377.47,8,56.1,2,True,2,Medium Risk
C12762,Basic,Annual,469.28,32,12.5,5,True,2,Medium Risk
C12763,Standard,Monthly,767.57,1,39.7,4,False,4,High Risk
C12765,Basic,Annual,351.34,31,45.0,3,True,1,Medium Risk
C12766,Standard,Annual,665.53,29,37.6,5,True,1,Medium Risk
C12768,Premium,Monthly,1058.77,3,47.7,3,True,3,High Risk
C12769,Premium,Annual,1015.02,17,22.7,4,False,2,Medium Risk
C12771,Basic,Monthly,349.71,4,17.3,4,True,4,High Risk
C12773,Standard,Monthly,654.47,33,44.8,2,True,1,Medium Risk
C12774,Standard,Monthly,786.66,4,32.4,4,False,4,High Risk
C12775,Standard,Annual,875.45,29,69.5,1,True,0,Low Risk
C12776,Basic,Monthly,326.92,2,48.5,2,False,3,High Risk
C12777,Basic,Monthly,495.08,8,7.2,4,True,4,High Risk
C12778,Basic,Annual,403.9,34,65.6,1,True,0,Low Risk
C12779,Standard,Annual,756.06,18,64.2,1,True,0,Low Risk
C12780,Basic,Monthly,366.65,1,54.8,2,True,2,Medium Risk
C12781,Basic,Monthly,433.39,18,48.7,3,False,3,High Risk
C12783,Basic,Monthly,343.37,26,28.3,4,False,3,High Risk
C12784,Standard,Annual,884.94,8,16.8,4,True,3,High Risk
C12785,Basic,Monthly,486.18,11,21.6,4,False,4,High Risk
C12786,Standard,Annual,637.21,30,43.5,3,False,2,Medium Risk
C12788,Basic,Annual,491.05,30,16.1,4,True,2,Medium Risk
C12789,Basic,Annual,370.84,29,13.1,4,True,2,Medium Risk
C12790,Basic,Monthly,299.98,7,40.3,3,False,4,High Risk
C12791,Premium,Monthly,1253.47,15,40.1,2,False,2,Medium Risk
C12795,Basic,Annual,442.08,17,18.9,3,False,3,High Risk
C12796,Basic,Annual,343.38,30,47.3,2,True,0,Low Risk
C12798,Premium,Annual,1198.94,26,29.9,4,True,1,Medium Risk
C12799,Basic,Monthly,353.06,20,42.6,2,False,2,Medium Risk
C12800,Standard,Annual,749.84,23,24.9,4,False,2,Medium Risk
C12804,Standard,Monthly,659.34,2,55.2,2,False,3,High Risk
C12805,Standard,Annual,689.12,32,41.6,2,True,0,Low Risk
C12806,Premium,Annual,1219.7,34,17.7,4,True,2,Medium Risk
C12807,Premium,Annual,1187.52,10,50.3,1,True,1,Medium Risk
C12808,Standard,Monthly,678.33,20,65.0,1,True,1,Medium Risk
C12809,Basic,Monthly,431.7,10,29.3,4,True,3,High Risk
C12810,Standard,Annual,688.86,22,37.9,3,True,1,Medium Risk
C12811,Standard,Monthly,628.12,15,45.7,2,False,2,Medium Risk
C12812,Basic,Annual,466.58,5,64.0,0,True,1,Medium Risk
C12813,Basic,Annual,392.42,26,78.5,1,True,0,Low Risk
C12817,Basic,Annual,368.69,5,56.2,1,True,1,Medium Risk
C12818,Standard,Monthly,695.5,18,49.3,2,False,2,Medium Risk
C12819,Premium,Annual,1482.4,22,7.4,5,True,2,Medium Risk
C12820,Basic,Monthly,332.76,10,33.2,3,False,4,High Risk
C12821,Premium,Monthly,1467.54,28,28.3,3,False,3,High Risk
C12823,Basic,Annual,376.82,23,11.2,4,False,3,High Risk
C12824,Basic,Annual,319.77,35,13.6,5,True,2,Medium Risk
C12825,Basic,Monthly,326.72,21,44.2,3,False,3,High Risk
C12828,Basic,Monthly,498.56,9,32.1,5,True,3,High Risk
C12829,Standard,Annual,613.71,34,53.6,2,True,0,Low Risk
C12830,Premium,Annual,1123.32,19,63.3,1,True,0,Low Risk
C12831,Premium,Annual,1144.73,34,40.2,3,False,2,Medium Risk
C12832,Basic,Monthly,320.89,17,30.3,3,False,3,High Risk
C12834,Standard,Monthly,862.8,26,39.8,4,True,2,Medium Risk
C12835,Basic,Monthly,358.49,5,46.1,3,False,4,High Risk
C12836,Premium,Annual,1170.84,11,41.3,2,True,1,Medium Risk
C12837,Standard,Annual,611.15,21,27.7,4,True,1,Medium Risk
C12838,Basic,Annual,332.39,26,58.7,1,True,0,Low Risk
C12839,Basic,Annual,452.72,24,30.7,4,True,1,Medium Risk
C12840,Standard,Monthly,838.81,25,48.1,2,False,2,Medium Risk
C12841,Basic,Monthly,320.42,8,23.2,4,False,4,High Risk
C12842,Basic,Annual,353.67,1,39.5,2,False,2,Medium Risk
C12843,Standard,Monthly,753.81,0,48.4,3,True,3,High Risk
C12844,Premium,Annual,1166.04,32,23.8,4,True,1,Medium Risk
C12845,Basic,Monthly,439.89,17,29.8,3,False,3,High Risk
C12846,Premium,Annual,1180.09,18,26.1,5,True,1,Medium Risk
C12848,Standard,Monthly,870.35,13,70.7,2,True,1,Medium Risk
C12849,Standard,Annual,889.15,35,23.4,4,False,2,Medium Risk
C12851,Premium,Monthly,1378.03,29,62.2,1,True,1,Medium Risk
C12852,Premium,Monthly,1434.65,5,46.8,3,True,3,High Risk
C12853,Basic,Monthly,340.9,16,40.2,3,False,3,High Risk
C12854,Basic,Monthly,336.06,5,46.5,3,True,3,High Risk
C12855,Standard,Monthly,881.2,6,9.8,5,True,4,High Risk
C12856,Basic,Monthly,313.91,5,48.5,3,False,4,High Risk
C12857,Basic,Annual,322.04,34,24.7,4,False,2,Medium Risk
C12859,Basic,Monthly,482.96,13,21.3,5,False,3,High Risk
C12860,Basic,Monthly,426.16,23,72.2,1,True,1,Medium Risk
C12861,Standard,Monthly,634.74,9,26.3,3,False,4,High Risk
C12862,Premium,Monthly,1388.32,9,76.8,0,False,3,High Risk
C12865,Basic,Monthly,461.37,10,43.6,2,True,2,Medium Risk
C12866,Premium,Annual,1440.17,27,74.8,3,True,1,Medium Risk
C12867,Premium,Annual,1210.66,31,37.3,4,False,2,Medium Risk
C12868,Standard,Monthly,769.81,10,56.6,2,True,2,Medium Risk
C12869,Basic,Annual,410.97,27,69.2,2,False,1,Medium Risk
C12870,Standard,Monthly,800.84,1,7.1,4,False,5,High Risk
C12871,Basic,Monthly,314.98,9,31.2,2,True,2,Medium Risk
C12872,Basic,Annual,347.45,15,49.9,3,True,1,Medium Risk
C12873,Standard,Monthly,822.2,22,40.3,3,False,3,High Risk
C12874,Standard,Monthly,800.19,7,49.6,3,False,4,High Risk
C12877,Premium,Annual,1449.91,33,54.7,1,False,1,Medium Risk
C12878,Basic,Monthly,310.78,12,15.6,5,False,4,High Risk
C12879,Basic,Monthly,463.32,1,16.8,4,True,4,High Risk
C12880,Standard,Monthly,659.94,1,51.9,2,False,3,High Risk
C12882,Standard,Annual,833.44,8,20.7,4,True,2,Medium Risk
C12883,Basic,Annual,379.07,20,48.3,2,True,0,Low Risk
C12884,Premium,Annual,1197.41,27,45.1,2,False,1,Medium Risk
C12885,Basic,Monthly,337.67,19,56.9,1,False,2,Medium Risk
C12886,Premium,Monthly,1463.71,8,34.6,3,False,4,High Risk
C12887,Standard,Monthly,706.33,11,49.7,2,False,3,High Risk
C12888,Basic,Monthly,421.5,28,44.0,1,True,1,Medium Risk
C12889,Basic,Annual,495.9,35,33.2,3,True,1,Medium Risk
C12891,Premium,Annual,1341.12,34,38.3,4,True,1,Medium Risk
C12892,Basic,Monthly,393.33,26,49.1,2,False,2,Medium Risk
C12893,Premium,Annual,1376.67,29,32.8,5,True,1,Medium Risk
C12894,Premium,Annual,1002.02,25,59.5,2,False,1,Medium Risk
C12895,Premium,Monthly,1418.56,25,28.1,4,True,2,Medium Risk
C12896,Basic,Monthly,359.87,14,17.1,5,False,4,High Risk
C12897,Basic,Monthly,394.33,8,60.4,1,False,3,High Risk
C12898,Standard,Monthly,767.88,29,26.6,4,True,2,Medium Risk
C12899,Standard,Monthly,705.19,15,39.7,3,True,2,Medium Risk
C12900,Premium,Annual,1429.38,10,64.8,1,True,1,Medium Risk
C12901,Standard,Monthly,669.48,9,80.0,0,False,3,High Risk
C12903,Basic,Annual,364.34,23,23.9,5,True,1,Medium Risk
C12904,Basic,Annual,471.74,27,74.1,2,False,1,Medium Risk
C12905,Standard,Annual,768.04,32,17.1,5,True,2,Medium Risk
C12907,Standard,Monthly,651.6,12,43.7,3,False,3,High Risk
C12908,Basic,Monthly,454.78,1,66.8,1,False,3,High Risk
C12910,Standard,Monthly,754.36,15,22.9,4,False,3,High Risk
C12912,Standard,Monthly,676.64,23,72.5,1,False,2,Medium Risk
C12913,Basic,Monthly,425.61,29,16.1,4,True,3,High Risk
C12915,Basic,Annual,480.55,19,31.9,3,False,2,Medium Risk
C12916,Premium,Annual,1453.04,33,64.8,1,True,0,Low Risk
C12917,Basic,Annual,455.84,19,16.3,4,False,3,High Risk
C12918,Standard,Monthly,607.04,10,55.0,3,False,4,High Risk
C12919,Basic,Monthly,304.45,8,49.5,3,False,4,High Risk
C12920,Basic,Annual,352.54,23,51.9,2,True,0,Low Risk
C12921,Basic,Monthly,344.89,3,54.0,3,True,3,High Risk
C12922,Basic,Monthly,377.98,10,29.0,5,False,4,High Risk
C12923,Standard,Annual,770.75,10,25.3,4,True,2,Medium Risk
C12924,Premium,Monthly,1263.99,8,39.1,4,False,4,High Risk
C12925,Standard,Annual,741.81,32,21.4,4,True,1,Medium Risk
C12926,Standard,Monthly,848.54,16,48.1,2,True,1,Medium Risk
C12927,Standard,Monthly,630.16,1,26.0,3,True,3,High Risk
C12929,Basic,Annual,350.07,24,32.2,4,False,2,Medium Risk
C12930,Basic,Annual,300.97,11,30.1,6,True,2,Medium Risk
C12931,Standard,Annual,876.31,28,20.4,4,False,2,Medium Risk
C12933,Basic,Annual,339.0,12,14.1,5,True,2,Medium Risk
C12934,Basic,Annual,390.35,36,76.6,0,True,0,Low Risk
C12935,Standard,Annual,706.74,21,40.5,6,False,2,Medium Risk
C12937,Standard,Annual,639.39,30,67.3,0,True,0,Low Risk
C12939,Basic,Monthly,460.46,2,48.3,2,False,3,High Risk
C12940,Basic,Monthly,480.42,15,75.4,0,True,1,Medium Risk
C12942,Premium,Monthly,1423.46,13,35.7,3,False,3,High Risk
C12943,Basic,Monthly,420.85,19,3.4,5,True,3,High Risk
C12944,Basic,Monthly,301.38,35,25.5,4,False,3,High Risk
C12945,Premium,Monthly,1412.01,35,39.1,4,False,3,High Risk
C12946,Standard,Annual,894.78,24,72.5,1,True,0,Low Risk
C12947,Premium,Monthly,1097.06,16,51.8,2,False,2,Medium Risk
C12950,Basic,Monthly,446.73,5,55.1,2,False,3,High Risk
C12952,Premium,Monthly,1477.87,28,20.8,5,False,3,High Risk
C12953,Standard,Monthly,673.7,12,33.1,3,False,3,High Risk
C12954,Standard,Monthly,763.98,24,24.8,4,False,3,High Risk
C12958,Basic,Monthly,429.92,6,53.3,2,False,3,High Risk
C12959,Basic,Monthly,449.42,10,35.1,3,False,4,High Risk
C12962,Standard,Annual,842.57,15,5.4,5,True,2,Medium Risk
C12963,Standard,Monthly,616.76,36,69.6,1,False,2,Medium Risk
C12964,Basic,Monthly,416.76,30,23.9,4,False,3,High Risk
C12965,Standard,Annual,693.78,19,23.3,5,True,1,Medium Risk
C12966,Standard,Annual,635.76,26,16.1,5,False,3,High Risk
C12967,Standard,Monthly,706.89,15,34.8,3,True,2,Medium Risk
C12969,Standard,Monthly,732.53,15,34.6,3,True,2,Medium Risk
C12970,Standard,Monthly,894.4,22,43.9,3,False,3,High Risk
C12971,Standard,Monthly,604.52,26,39.5,3,False,3,High Risk
C12973,Basic,Monthly,343.24,31,40.0,2,True,1,Medium Risk
C12974,Standard,Annual,747.53,28,61.6,2,True,0,Low Risk
C12975,Premium,Monthly,1227.3,26,54.2,1,False,2,Medium Risk
C12978,Basic,Monthly,412.39,12,23.0,6,True,2,Medium Risk
C12979,Standard,Annual,668.57,24,52.3,4,True,1,Medium Risk
C12981,Basic,Monthly,474.86,31,53.5,3,False,3,High Risk
C12982,Basic,Monthly,330.03,5,32.1,4,False,4,High Risk
C12983,Standard,Annual,712.08,30,67.1,1,True,0,Low Risk
C12984,Standard,Monthly,625.14,8,17.4,5,True,4,High Risk
C12985,Basic,Annual,470.96,23,26.4,3,True,1,Medium Risk
C12986,Standard,Monthly,661.78,15,35.0,3,False,3,High Risk
C12988,Premium,Monthly,1414.57,15,22.3,6,False,3,High Risk
C12991,Standard,Annual,856.43,17,34.6,3,True,1,Medium Risk
C12992,Basic,Annual,355.24,24,45.7,2,True,0,Low Risk
C12993,Basic,Annual,383.7,8,25.6,5,True,2,Medium Risk
C12994,Basic,Monthly,371.82,17,23.5,3,True,2,Medium Risk
C12995,Premium,Annual,1157.8,22,41.7,3,False,2,Medium Risk
C12996,Basic,Monthly,407.02,6,63.7,1,False,3,High Risk
C12997,Basic,Monthly,325.24,29,0.0,5,False,4,High Risk
C12999,Basic,Monthly,354.57,28,33.6,3,False,3,High Risk
C13000,Basic,Monthly,434.23,31,28.6,3,False,3,High Risk
C13001,Standard,Monthly,710.29,22,41.5,4,False,3,High Risk
C13002,Standard,Monthly,657.67,1,47.4,3,False,4,High Risk
C13003,Premium,Monthly,1130.5,29,59.5,2,False,2,Medium Risk
C13004,Basic,Monthly,385.71,23,9.1,5,False,4,High Risk
C13005,Standard,Annual,751.7,20,23.4,3,True,1,Medium Risk
C13006,Standard,Annual,869.7,12,49.9,2,True,0,Low Risk
C13007,Basic,Monthly,346.67,28,9.9,5,False,4,High Risk
C13011,Basic,Annual,402.26,31,21.6,3,True,1,Medium Risk
C13013,Standard,Monthly,845.29,29,26.7,3,True,2,Medium Risk
C13015,Basic,Monthly,421.72,6,39.1,3,True,3,High Risk
C13017,Basic,Monthly,377.56,22,26.7,4,False,3,High Risk
C13018,Standard,Monthly,794.46,33,47.8,2,False,2,Medium Risk
C13019,Standard,Annual,878.76,35,14.4,5,True,2,Medium Risk
C13021,Premium,Monthly,1468.49,29,64.9,3,False,3,High Risk
C13022,Basic,Monthly,410.48,4,8.3,4,True,4,High Risk
C13023,Basic,Annual,375.53,24,37.2,4,True,1,Medium Risk
C13024,Standard,Annual,740.85,16,16.9,4,True,2,Medium Risk
C13025,Basic,Annual,373.4,9,40.2,2,True,1,Medium Risk
C13026,Basic,Monthly,353.84,1,23.5,4,False,4,High Risk
C13027,Standard,Annual,624.16,25,18.5,7,True,2,Medium Risk
C13028,Standard,Annual,862.17,19,71.8,1,False,1,Medium Risk
C13030,Premium,Monthly,1415.05,32,18.5,4,True,3,High Risk
C13032,Basic,Annual,308.88,31,35.2,3,True,1,Medium Risk
C13033,Standard,Monthly,695.58,21,68.7,1,False,2,Medium Risk
C13034,Premium,Annual,1006.71,13,45.8,3,True,1,Medium Risk
C13035,Basic,Monthly,464.69,34,44.4,3,True,2,Medium Risk
C13036,Standard,Monthly,788.87,12,62.1,2,True,1,Medium Risk
C13038,Basic,Monthly,496.4,14,55.5,3,False,3,High Risk
C13040,Premium,Monthly,1246.6,9,26.1,3,False,4,High Risk
C13041,Standard,Monthly,847.63,1,47.7,2,True,2,Medium Risk
C13042,Basic,Monthly,389.38,29,49.0,1,False,2,Medium Risk
C13043,Standard,Annual,809.12,22,29.9,3,True,1,Medium Risk
C13044,Basic,Annual,301.49,26,49.5,3,True,1,Medium Risk
C13045,Standard,Monthly,707.69,26,76.2,1,True,1,Medium Risk
C13047,Basic,Annual,422.91,34,14.6,4,True,2,Medium Risk
C13048,Basic,Annual,420.73,23,24.1,5,True,1,Medium Risk
C13049,Basic,Monthly,358.55,0,55.4,1,False,3,High Risk
C13050,Standard,Annual,840.33,21,20.1,4,True,1,Medium Risk
C13052,Standard,Annual,845.59,24,33.7,3,True,1,Medium Risk
C13054,Standard,Monthly,685.66,15,39.4,3,False,3,High Risk
C13055,Basic,Annual,399.73,29,16.8,4,True,2,Medium Risk
C13056,Premium,Monthly,1193.54,14,52.1,2,False,2,Medium Risk
C13057,Basic,Monthly,404.46,26,58.9,3,False,3,High Risk
C13058,Standard,Monthly,889.73,18,21.4,3,True,2,Medium Risk
C13060,Premium,Annual,1396.68,16,41.6,2,False,1,Medium Risk
C13061,Basic,Monthly,451.71,30,44.5,2,True,1,Medium Risk
C13063,Standard,Monthly,849.3,2,81.9,0,False,3,High Risk
C13066,Basic,Monthly,299.5,5,52.5,2,False,3,High Risk
C13068,Standard,Monthly,706.17,14,50.8,2,False,2,Medium Risk
C13069,Basic,Annual,462.66,33,3.3,5,False,3,High Risk
C13070,Premium,Monthly,1359.57,33,15.9,4,False,4,High Risk
C13071,Premium,Monthly,1268.7,13,49.4,2,False,2,Medium Risk
C13072,Basic,Monthly,357.13,20,47.4,2,False,2,Medium Risk
C13074,Standard,Annual,774.62,13,42.8,3,True,1,Medium Risk
C13075,Basic,Monthly,475.75,20,50.1,3,False,3,High Risk
C13076,Basic,Monthly,310.24,7,54.9,1,True,2,Medium Risk
C13077,Basic,Monthly,423.3,0,51.9,3,False,4,High Risk
C13081,Basic,Monthly,323.87,23,8.4,5,False,4,High Risk
C13082,Basic,Monthly,391.51,22,14.8,4,True,3,High Risk
C13083,Standard,Monthly,796.92,11,31.5,4,True,3,High Risk
C13084,Premium,Monthly,1415.58,17,58.9,3,True,2,Medium Risk
C13086,Basic,Annual,391.9,10,42.5,4,True,2,Medium Risk
C13087,Standard,Monthly,641.89,18,13.6,4,True,3,High Risk
C13088,Basic,Monthly,418.14,1,46.6,2,False,3,High Risk
C13089,Basic,Monthly,380.8,8,13.7,4,False,5,High Risk
C13090,Basic,Annual,301.18,30,60.2,2,False,1,Medium Risk
C13091,Standard,Annual,786.17,22,43.6,2,True,0,Low Risk
C13092,Basic,Monthly,302.49,6,46.4,2,True,2,Medium Risk
C13093,Standard,Monthly,677.16,24,80.0,0,True,1,Medium Risk
C13094,Standard,Monthly,665.43,16,65.0,2,False,2,Medium Risk
C13095,Basic,Annual,399.21,23,42.4,3,True,1,Medium Risk
C13096,Standard,Monthly,717.43,33,37.4,4,False,3,High Risk
C13097,Basic,Monthly,479.0,11,55.0,3,False,4,High Risk
C13098,Standard,Monthly,828.46,23,17.8,4,False,4,High Risk
C13099,Basic,Monthly,400.99,19,32.6,4,True,2,Medium Risk
C13100,Basic,Monthly,470.33,10,37.7,3,True,3,High Risk
C13102,Basic,Monthly,314.35,25,17.2,4,False,4,High Risk
C13103,Standard,Annual,745.93,25,41.9,3,True,1,Medium Risk
C13104,Premium,Monthly,1197.61,1,26.2,3,False,4,High Risk
C13106,Standard,Monthly,814.52,5,43.4,2,True,2,Medium Risk
C13107,Basic,Monthly,441.1,3,45.7,2,False,3,High Risk
C13108,Standard,Monthly,834.05,10,30.1,3,False,4,High Risk
C13109,Standard,Monthly,721.19,26,41.7,3,True,2,Medium Risk
C13111,Basic,Annual,326.77,16,47.6,3,True,1,Medium Risk
C13113,Basic,Monthly,376.7,22,20.1,4,True,2,Medium Risk
C13114,Basic,Monthly,313.53,16,55.7,2,True,1,Medium Risk
C13115,Standard,Annual,702.96,29,59.2,1,True,0,Low Risk
C13116,Basic,Annual,463.61,18,46.3,2,True,0,Low Risk
C13117,Basic,Annual,396.85,26,70.6,1,True,0,Low Risk
C13118,Basic,Annual,333.89,25,60.7,1,True,0,Low Risk
C13119,Standard,Annual,758.65,20,37.0,3,False,2,Medium Risk
C13121,Basic,Monthly,422.19,13,72.5,2,True,1,Medium Risk
C13122,Basic,Annual,313.95,32,31.3,3,False,2,Medium Risk
C13123,Premium,Monthly,1442.13,14,12.2,4,False,4,High Risk
C13124,Basic,Annual,453.69,30,28.6,3,True,1,Medium Risk
C13126,Basic,Annual,442.82,35,9.4,4,True,2,Medium Risk
C13127,Standard,Monthly,810.14,22,61.6,3,True,2,Medium Risk
C13128,Standard,Monthly,761.06,14,56.1,1,False,2,Medium Risk
C13129,Basic,Annual,304.56,28,23.2,3,False,2,Medium Risk
C13130,Basic,Monthly,387.66,1,41.5,3,True,3,High Risk
C13131,Basic,Monthly,467.65,9,45.5,2,True,2,Medium Risk
C13133,Standard,Monthly,788.79,22,55.9,1,False,2,Medium Risk
C13134,Basic,Monthly,409.01,5,15.9,4,False,5,High Risk
C13135,Standard,Annual,863.02,31,51.5,3,True,1,Medium Risk
C13136,Basic,Monthly,471.15,11,9.1,5,False,5,High Risk
C13138,Basic,Annual,377.52,21,43.5,3,True,1,Medium Risk
C13139,Standard,Monthly,729.03,34,34.2,3,False,3,High Risk
C13140,Standard,Annual,830.54,0,43.4,2,True,1,Medium Risk
C13142,Premium,Monthly,1121.72,10,8.2,5,False,5,High Risk
C13143,Basic,Monthly,347.02,10,55.6,3,False,4,High Risk
C13144,Premium,Annual,1102.56,29,59.4,2,True,0,Low Risk
C13146,Basic,Monthly,427.7,15,15.4,5,False,4,High Risk
C13147,Basic,Annual,391.78,33,9.7,4,True,2,Medium Risk
C13149,Standard,Monthly,609.34,22,59.5,2,True,1,Medium Risk
C13150,Premium,Annual,1398.2,14,13.9,4,True,2,Medium Risk
C13151,Basic,Monthly,351.85,18,47.2,2,True,1,Medium Risk
C13152,Standard,Monthly,804.96,2,24.7,5,False,4,High Risk
C13155,Basic,Monthly,346.01,12,36.8,3,False,3,High Risk
C13158,Basic,Monthly,477.64,15,60.0,1,False,2,Medium Risk
C13159,Premium,Monthly,1339.62,30,49.4,2,True,1,Medium Risk
C13160,Basic,Monthly,446.04,9,17.4,4,True,4,High Risk
C13161,Premium,Monthly,1209.7,19,6.3,5,False,4,High Risk
C13162,Standard,Monthly,770.84,8,36.0,3,False,4,High Risk
C13163,Standard,Monthly,629.77,30,52.5,2,False,2,Medium Risk
C13166,Standard,Annual,821.21,21,39.1,3,True,1,Medium Risk
C13167,Basic,Monthly,439.88,17,35.4,4,False,3,High Risk
C13168,Basic,Monthly,397.35,1,61.1,1,False,3,High Risk
C13172,Basic,Monthly,445.3,15,35.0,3,True,2,Medium Risk
C13173,Basic,Monthly,348.47,20,41.8,3,False,3,High Risk
C13174,Standard,Monthly,870.79,12,25.9,5,True,2,Medium Risk
C13175,Basic,Monthly,317.89,27,61.3,3,False,3,High Risk
C13176,Standard,Monthly,861.0,24,37.4,3,False,3,High Risk
C13177,Basic,Monthly,386.8,21,28.0,4,False,3,High Risk
C13179,Basic,Monthly,401.36,26,68.5,1,True,1,Medium Risk
C13182,Standard,Monthly,737.23,5,49.9,2,False,3,High Risk
C13183,Basic,Monthly,495.87,17,41.8,2,False,2,Medium Risk
C13185,Standard,Monthly,860.38,19,45.3,5,False,3,High Risk
C13188,Basic,Monthly,299.98,0,14.6,4,False,5,High Risk
C13189,Basic,Monthly,408.49,21,32.2,3,False,3,High Risk
C13191,Standard,Annual,849.8,29,47.8,2,True,0,Low Risk
C13193,Standard,Monthly,670.75,32,54.2,2,False,2,Medium Risk
C13194,Standard,Monthly,868.5,18,15.4,4,True,3,High Risk
C13197,Premium,Annual,1313.42,26,50.6,2,False,1,Medium Risk
C13198,Basic,Annual,401.09,13,51.7,3,True,1,Medium Risk
C13200,Premium,Monthly,1060.35,12,42.3,3,True,2,Medium Risk
C13201,Basic,Monthly,377.75,13,47.9,2,False,2,Medium Risk
C13202,Basic,Monthly,410.26,32,61.6,1,False,2,Medium Risk
C13203,Basic,Monthly,459.71,3,73.3,0,False,3,High Risk
C13204,Premium,Monthly,1295.88,18,54.9,3,False,3,High Risk
C13205,Basic,Monthly,449.97,10,19.9,4,True,4,High Risk
C13206,Standard,Monthly,629.74,21,38.0,3,True,2,Medium Risk
C13207,Basic,Monthly,300.3,13,46.3,2,False,2,Medium Risk
C13208,Basic,Monthly,402.64,29,33.2,3,True,2,Medium Risk
C13210,Premium,Annual,1416.45,31,33.0,3,True,1,Medium Risk
C13211,Standard,Monthly,740.12,1,21.4,4,False,4,High Risk
C13212,Premium,Monthly,1183.01,8,36.0,3,False,4,High Risk
C13213,Basic,Monthly,376.05,25,27.3,3,False,3,High Risk
C13214,Standard,Monthly,618.32,27,66.7,4,False,3,High Risk
C13217,Basic,Annual,412.77,25,58.5,1,True,0,Low Risk
C13218,Standard,Monthly,867.72,8,14.0,5,False,5,High Risk
C13220,Standard,Annual,745.28,30,58.0,2,True,0,Low Risk
C13221,Basic,Monthly,406.22,1,54.0,3,False,4,High Risk
C13223,Basic,Annual,470.74,31,22.6,3,True,1,Medium Risk
C13224,Standard,Annual,627.53,21,16.0,4,False,3,High Risk
C13225,Standard,Monthly,607.42,23,39.9,4,True,2,Medium Risk
C13227,Basic,Monthly,458.81,19,37.1,3,True,2,Medium Risk
C13229,Basic,Monthly,334.73,35,33.6,3,False,3,High Risk
C13230,Premium,Monthly,1484.99,13,45.8,2,False,2,Medium Risk
C13231,Premium,Annual,1254.56,6,17.5,4,True,3,High Risk
C13232,Premium,Monthly,1388.21,20,42.0,3,True,2,Medium Risk
C13233,Basic,Annual,339.98,16,51.4,2,True,0,Low Risk
C13235,Standard,Annual,831.92,23,7.8,7,True,2,Medium Risk
C13236,Basic,Monthly,396.78,27,8.3,6,False,4,High Risk
C13238,Basic,Monthly,403.92,20,38.3,3,False,3,High Risk
C13240,Premium,Monthly,1130.2,21,64.0,2,False,2,Medium Risk
C13241,Standard,Monthly,667.01,12,78.4,0,True,1,Medium Risk
C13242,Basic,Monthly,352.03,24,55.3,1,True,1,Medium Risk
C13244,Basic,Monthly,332.06,30,32.8,5,True,2,Medium Risk
C13246,Standard,Monthly,864.85,18,14.5,4,True,3,High Risk
C13247,Basic,Annual,369.98,22,66.5,1,True,0,Low Risk
C13248,Standard,Annual,713.23,29,40.5,2,True,0,Low Risk
C13250,Basic,Monthly,449.47,8,33.5,3,False,4,High Risk
C13251,Basic,Monthly,326.78,27,68.9,2,False,2,Medium Risk
C13252,Standard,Monthly,737.08,4,10.4,4,True,4,High Risk
C13253,Basic,Monthly,448.01,5,80.4,5,False,4,High Risk
C13254,Standard,Annual,881.34,30,77.2,1,True,0,Low Risk
C13255,Basic,Monthly,445.83,17,38.5,2,False,2,Medium Risk
C13256,Standard,Monthly,808.96,10,46.8,3,True,3,High Risk
C13257,Basic,Monthly,317.11,14,38.2,4,False,3,High Risk
C13259,Premium,Annual,1176.52,33,49.3,2,True,0,Low Risk
C13260,Standard,Monthly,599.1,22,30.9,3,False,3,High Risk
C13262,Premium,Annual,1327.91,31,55.7,2,True,0,Low Risk
C13263,Basic,Monthly,447.11,33,17.3,4,False,4,High Risk
C13264,Standard,Monthly,816.19,24,43.0,2,True,1,Medium Risk
C13265,Standard,Annual,683.32,25,29.1,3,True,1,Medium Risk
C13267,Basic,Monthly,468.81,33,29.6,4,False,3,High Risk
C13268,Basic,Monthly,362.23,9,28.6,4,False,4,High Risk
C13269,Premium,Monthly,1163.0,26,43.6,2,True,1,Medium Risk
C13273,Standard,Monthly,879.92,31,57.8,1,False,2,Medium Risk
C13274,Premium,Monthly,1467.15,5,34.9,5,False,4,High Risk
C13275,Basic,Annual,438.43,35,28.1,3,True,1,Medium Risk
C13276,Basic,Monthly,330.74,1,11.7,4,True,4,High Risk
C13278,Standard,Monthly,813.63,25,2.5,7,True,3,High Risk
C13280,Basic,Annual,309.78,30,60.8,1,True,0,Low Risk
C13281,Basic,Monthly,337.83,13,65.9,1,True,1,Medium Risk
C13282,Premium,Monthly,1291.92,29,25.1,4,False,3,High Risk
C13283,Premium,Monthly,1453.64,34,29.9,3,False,3,High Risk
C13284,Standard,Annual,699.33,18,67.5,2,True,0,Low Risk
C13285,Standard,Monthly,757.11,25,63.8,1,False,2,Medium Risk
C13286,Basic,Annual,381.04,14,33.5,3,True,1,Medium Risk
C13288,Premium,Annual,1277.63,34,5.2,5,True,2,Medium Risk
C13289,Basic,Monthly,490.32,21,7.7,4,False,4,High Risk
C13290,Basic,Monthly,435.23,22,60.4,1,True,1,Medium Risk
C13291,Basic,Monthly,444.17,25,24.6,3,True,2,Medium Risk
C13292,Basic,Monthly,407.8,21,55.9,4,True,2,Medium Risk
C13293,Basic,Monthly,467.48,17,56.8,2,True,1,Medium Risk
C13294,Basic,Monthly,326.03,24,38.4,2,True,1,Medium Risk
C13296,Premium,Monthly,1267.42,13,6.0,4,True,3,High Risk
C13298,Basic,Monthly,342.91,3,26.9,4,True,3,High Risk
C13299,Basic,Annual,345.47,20,33.0,4,True,1,Medium Risk
C13302,Basic,Monthly,480.94,19,41.6,3,False,3,High Risk
C13303,Basic,Annual,486.05,26,31.9,3,True,1,Medium Risk
C13304,Standard,Monthly,759.56,1,64.1,1,True,2,Medium Risk
C13305,Basic,Annual,302.35,7,56.3,2,False,2,Medium Risk
C13306,Standard,Monthly,858.55,9,30.1,3,False,4,High Risk
C13307,Standard,Monthly,664.76,1,42.6,3,False,4,High Risk
C13308,Basic,Monthly,364.42,29,55.7,1,True,1,Medium Risk
C13309,Basic,Monthly,396.35,21,66.1,2,False,2,Medium Risk
C13310,Basic,Monthly,414.64,13,45.4,4,True,2,Medium Risk
C13311,Standard,Annual,605.67,9,78.6,1,True,1,Medium Risk
C13312,Basic,Monthly,320.7,35,48.1,2,False,2,Medium Risk
C13313,Standard,Annual,828.28,19,41.9,3,True,1,Medium Risk
C13314,Standard,Annual,743.83,24,51.8,2,True,0,Low Risk
C13315,Basic,Monthly,460.12,6,59.7,3,True,3,High Risk
C13316,Basic,Annual,311.19,24,6.0,7,True,2,Medium Risk
C13319,Premium,Annual,1079.02,35,24.5,5,True,1,Medium Risk
C13320,Standard,Monthly,709.89,27,40.9,2,False,2,Medium Risk
C13322,Standard,Monthly,614.21,26,53.5,2,True,1,Medium Risk
C13323,Premium,Monthly,1109.69,34,71.1,0,False,2,Medium Risk
C13324,Standard,Monthly,701.28,22,22.5,4,False,3,High Risk
C13326,Premium,Monthly,1433.27,22,48.9,2,True,1,Medium Risk
C13328,Premium,Annual,1166.31,17,33.1,3,True,1,Medium Risk
C13329,Basic,Monthly,492.89,15,9.9,5,True,3,High Risk
C13330,Premium,Annual,1367.26,31,52.5,1,True,0,Low Risk
C13331,Basic,Annual,355.83,35,73.9,2,False,1,Medium Risk
C13332,Standard,Monthly,755.87,26,55.9,4,True,2,Medium Risk
C13333,Standard,Monthly,756.38,1,32.8,3,False,4,High Risk
C13336,Basic,Monthly,380.75,36,43.1,3,False,3,High Risk
C13338,Premium,Monthly,1324.06,0,39.5,2,True,2,Medium Risk
C13339,Premium,Monthly,1156.18,19,8.6,5,True,3,High Risk
C13340,Premium,Annual,1251.82,33,42.2,3,True,1,Medium Risk
C13343,Premium,Annual,1215.99,0,20.7,4,True,2,Medium Risk
C13344,Premium,Monthly,1114.06,9,15.6,4,False,5,High Risk
C13345,Premium,Monthly,1120.0,8,42.9,3,False,4,High Risk
C13346,Standard,Monthly,682.2,3,49.5,2,False,3,High Risk
C13347,Basic,Annual,482.81,25,29.7,3,False,2,Medium Risk
C13348,Basic,Monthly,318.2,27,45.4,3,True,2,Medium Risk
C13350,Basic,Annual,442.15,23,5.1,4,True,2,Medium Risk
C13352,Basic,Monthly,420.03,18,32.9,4,False,3,High Risk
C13353,Premium,Annual,1402.75,25,48.9,2,True,0,Low Risk
C13355,Basic,Annual,389.45,19,20.9,3,True,1,Medium Risk
C13357,Premium,Annual,1459.08,12,49.8,2,True,0,Low Risk
C13358,Basic,Monthly,426.31,9,61.0,1,False,3,High Risk
C13360,Standard,Monthly,689.58,2,50.8,2,False,3,High Risk
C13362,Basic,Monthly,382.32,3,31.0,4,False,4,High Risk
C13363,Standard,Annual,822.19,30,27.8,3,True,1,Medium Risk
C13365,Basic,Monthly,441.02,9,17.6,4,False,5,High Risk
C13367,Basic,Monthly,355.93,26,62.7,2,True,1,Medium Risk
C13368,Basic,Monthly,402.34,32,23.4,6,True,2,Medium Risk
C13369,Standard,Annual,634.63,30,70.8,1,True,0,Low Risk
C13370,Basic,Monthly,456.63,6,69.2,2,True,2,Medium Risk
C13372,Basic,Monthly,397.8,2,65.5,2,True,2,Medium Risk
C13373,Standard,Monthly,742.77,3,78.7,1,False,3,High Risk
C13374,Basic,Monthly,449.1,12,61.2,1,True,1,Medium Risk
C13376,Standard,Monthly,626.29,1,59.3,1,False,3,High Risk
C13377,Standard,Monthly,704.24,5,18.6,6,True,4,High Risk
C13378,Premium,Monthly,1328.86,1,43.4,2,False,3,High Risk
C13379,Basic,Monthly,483.38,15,38.4,3,False,3,High Risk
C13380,Standard,Annual,630.91,29,18.2,4,True,2,Medium Risk
C13381,Basic,Monthly,447.08,2,35.9,3,False,4,High Risk
C13382,Basic,Monthly,462.78,7,37.0,4,True,3,High Risk
C13383,Basic,Monthly,451.27,15,65.0,1,False,2,Medium Risk
C13384,Standard,Monthly,894.17,7,10.7,4,True,4,High Risk
C13385,Premium,Annual,1331.49,24,8.1,4,True,2,Medium Risk
C13386,Basic,Monthly,487.28,23,40.9,2,True,1,Medium Risk
C13387,Standard,Annual,885.49,25,64.4,2,True,0,Low Risk
C13389,Basic,Annual,317.21,27,56.3,2,True,0,Low Risk
C13390,Basic,Annual,313.74,28,73.5,1,True,0,Low Risk
C13391,Standard,Monthly,789.74,10,26.4,5,True,3,High Risk
C13394,Standard,Monthly,759.72,34,18.3,4,False,4,High Risk
C13395,Premium,Annual,1045.73,28,60.6,1,True,0,Low Risk
C13396,Basic,Monthly,320.28,27,28.8,3,True,2,Medium Risk
C13397,Standard,Monthly,714.8,27,52.4,2,True,1,Medium Risk
C13398,Standard,Annual,765.89,30,4.9,4,False,3,High Risk
C13401,Basic,Annual,303.31,19,65.6,2,True,0,Low Risk
C13402,Basic,Annual,379.73,18,57.4,2,True,0,Low Risk
C13403,Basic,Monthly,343.32,15,50.7,2,True,1,Medium Risk
C13405,Premium,Monthly,1472.96,2,28.9,4,True,3,High Risk
C13406,Premium,Monthly,1427.53,9,47.3,2,True,2,Medium Risk
C13407,Basic,Monthly,384.36,5,68.5,1,True,2,Medium Risk
C13408,Standard,Annual,709.76,35,22.1,5,True,1,Medium Risk
C13409,Standard,Monthly,896.15,0,51.0,2,False,3,High Risk
C13410,Basic,Monthly,369.08,33,47.4,2,True,1,Medium Risk
C13411,Basic,Monthly,465.51,22,8.9,6,True,3,High Risk
C13414,Basic,Monthly,376.63,24,53.3,1,False,2,Medium Risk
C13415,Basic,Monthly,464.5,0,41.5,5,True,3,High Risk
C13416,Standard,Annual,810.81,30,74.7,1,True,0,Low Risk
C13418,Standard,Annual,831.26,19,33.9,3,True,1,Medium Risk
C13419,Standard,Annual,684.39,32,76.9,1,True,0,Low Risk
C13421,Premium,Annual,1150.81,19,25.0,4,True,1,Medium Risk
C13422,Basic,Annual,425.22,22,32.6,3,True,1,Medium Risk
C13423,Premium,Monthly,1190.22,26,36.5,3,False,3,High Risk
C13426,Standard,Monthly,847.89,5,30.1,3,True,3,High Risk
C13427,Basic,Monthly,454.87,15,28.7,4,True,2,Medium Risk
C13428,Premium,Annual,1369.55,24,47.2,2,True,0,Low Risk
C13429,Standard,Monthly,797.92,27,8.4,6,False,4,High Risk
C13430,Premium,Annual,1297.34,35,20.9,5,True,1,Medium Risk
C13431,Basic,Monthly,484.88,8,56.8,3,False,4,High Risk
C13433,Premium,Annual,1044.46,12,25.1,3,True,1,Medium Risk
C13434,Basic,Monthly,302.54,17,70.7,0,False,2,Medium Risk
C13436,Basic,Monthly,423.46,15,55.4,2,False,2,Medium Risk
C13437,Basic,Annual,494.43,34,46.8,3,True,1,Medium Risk
C13438,Premium,Annual,1397.69,17,35.5,3,True,1,Medium Risk
C13439,Premium,Monthly,1269.6,1,27.3,4,True,3,High Risk
C13444,Standard,Monthly,830.63,28,40.5,3,True,2,Medium Risk
C13446,Standard,Monthly,791.17,27,13.3,4,False,4,High Risk
C13450,Premium,Monthly,1431.74,2,27.6,3,False,4,High Risk
C13451,Standard,Monthly,721.83,0,32.3,5,True,3,High Risk
C13452,Basic,Annual,411.81,22,45.0,2,False,1,Medium Risk
C13453,Standard,Monthly,891.3,5,53.7,4,True,3,High Risk
C13455,Basic,Annual,493.71,23,44.3,2,True,0,Low Risk
C13456,Premium,Monthly,1376.68,1,42.9,2,False,3,High Risk
C13457,Standard,Monthly,830.57,14,31.5,3,True,2,Medium Risk
C13458,Standard,Monthly,826.48,23,6.2,4,False,4,High Risk
C13459,Premium,Annual,1323.31,32,24.7,4,True,1,Medium Risk
C13460,Standard,Monthly,772.08,13,44.5,2,True,1,Medium Risk
C13461,Premium,Annual,1350.12,10,33.8,4,False,3,High Risk
C13463,Standard,Monthly,784.45,17,39.3,3,False,3,High Risk
C13464,Basic,Monthly,413.88,6,59.0,1,True,2,Medium Risk
C13465,Basic,Monthly,458.64,3,69.8,1,False,3,High Risk
C13466,Premium,Annual,1003.71,14,45.5,2,True,0,Low Risk
C13468,Standard,Annual,679.13,18,68.2,2,True,0,Low Risk
C13469,Basic,Monthly,310.52,14,63.1,3,True,2,Medium Risk
C13471,Standard,Monthly,680.99,0,29.1,3,False,4,High Risk
C13472,Premium,Monthly,1323.07,10,81.5,0,False,3,High Risk
C13473,Premium,Monthly,1215.75,25,24.5,3,True,2,Medium Risk
C13474,Standard,Monthly,788.45,4,28.0,4,False,4,High Risk
C13476,Standard,Monthly,801.78,8,33.3,4,False,4,High Risk
C13477,Basic,Monthly,386.6,2,42.3,2,True,2,Medium Risk
C13478,Basic,Monthly,460.33,11,58.8,2,False,3,High Risk
C13479,Basic,Annual,336.02,28,10.7,4,True,2,Medium Risk
C13480,Basic,Monthly,324.63,4,13.2,5,True,4,High Risk
C13481,Standard,Annual,644.29,32,42.7,3,True,1,Medium Risk
C13483,Premium,Monthly,1123.76,19,58.2,3,False,3,High Risk
C13484,Basic,Monthly,466.02,0,74.9,1,False,3,High Risk
C13486,Basic,Monthly,373.41,9,4.3,5,False,5,High Risk
C13487,Basic,Annual,449.02,26,13.4,6,True,2,Medium Risk
C13488,Basic,Monthly,349.86,8,63.1,2,True,2,Medium Risk
C13492,Premium,Monthly,1423.36,22,34.2,5,True,2,Medium Risk
C13493,Basic,Annual,323.72,28,58.1,3,True,1,Medium Risk
C13494,Standard,Annual,719.57,34,18.4,5,True,2,Medium Risk
C13495,Basic,Monthly,420.8,23,42.4,2,False,2,Medium Risk
C13497,Basic,Monthly,359.52,7,60.8,1,False,3,High Risk
C13498,Standard,Monthly,818.87,11,21.8,4,True,3,High Risk
C13500,Standard,Monthly,707.86,12,53.6,2,False,2,Medium Risk
C13501,Basic,Annual,490.81,33,55.5,2,True,0,Low Risk
C13502,Standard,Monthly,831.89,13,32.5,4,True,2,Medium Risk
C13503,Standard,Annual,708.85,16,14.7,4,True,2,Medium Risk
C13504,Basic,Monthly,379.97,15,22.4,3,False,3,High Risk
C13507,Basic,Annual,307.07,23,22.0,5,True,1,Medium Risk
C13508,Premium,Annual,1039.8,19,41.4,4,True,1,Medium Risk
C13509,Basic,Monthly,486.83,11,50.3,3,True,3,High Risk
C13510,Premium,Monthly,1203.35,27,14.9,4,False,4,High Risk
C13511,Basic,Monthly,302.12,14,20.7,4,False,3,High Risk
C13512,Standard,Monthly,671.97,11,14.8,4,False,5,High Risk
C13514,Premium,Monthly,1426.61,23,47.7,2,True,1,Medium Risk
C13515,Premium,Monthly,1427.91,6,11.2,4,True,4,High Risk
C13516,Basic,Monthly,319.21,36,10.0,6,False,4,High Risk
C13518,Standard,Annual,856.94,20,28.3,3,True,1,Medium Risk
C13519,Basic,Monthly,481.65,0,38.6,4,False,4,High Risk
C13520,Basic,Annual,401.62,24,58.0,2,False,1,Medium Risk
C13521,Basic,Monthly,388.32,14,7.4,5,True,3,High Risk
C13522,Standard,Monthly,873.11,19,53.3,2,True,1,Medium Risk
C13524,Standard,Monthly,772.38,7,25.7,4,True,3,High Risk
C13527,Basic,Annual,490.83,29,36.4,3,False,2,Medium Risk
C13528,Standard,Annual,840.4,35,11.9,5,False,3,High Risk
C13530,Basic,Monthly,343.41,32,64.6,1,True,1,Medium Risk
C13532,Standard,Monthly,683.79,28,70.2,1,False,2,Medium Risk
C13533,Standard,Monthly,713.85,11,67.2,1,True,2,Medium Risk
C13534,Premium,Annual,1051.27,36,36.9,2,True,0,Low Risk
C13537,Standard,Monthly,735.72,12,66.6,3,False,3,High Risk
C13538,Basic,Monthly,444.3,4,37.6,4,True,3,High Risk
C13539,Standard,Monthly,824.15,23,53.7,1,True,1,Medium Risk
C13540,Standard,Annual,773.09,35,12.0,4,True,2,Medium Risk
C13541,Basic,Annual,493.6,30,20.7,4,True,1,Medium Risk
C13542,Standard,Monthly,805.25,8,50.6,1,False,3,High Risk
C13544,Basic,Monthly,408.3,1,77.0,1,False,3,High Risk
C13545,Standard,Monthly,858.72,14,48.3,3,True,2,Medium Risk
C13548,Basic,Monthly,477.07,11,42.1,3,False,4,High Risk
C13549,Basic,Monthly,496.85,21,60.6,2,False,2,Medium Risk
C13550,Basic,Monthly,454.94,33,14.2,4,True,3,High Risk
C13551,Basic,Monthly,396.54,22,76.4,1,False,2,Medium Risk
C13552,Basic,Annual,383.25,25,54.4,1,True,0,Low Risk
C13553,Premium,Monthly,1326.47,5,56.1,2,True,2,Medium Risk
C13554,Premium,Monthly,1274.91,34,69.4,2,True,1,Medium Risk
C13555,Basic,Monthly,465.64,8,42.5,4,True,3,High Risk
C13557,Premium,Monthly,1148.85,13,42.2,3,False,3,High Risk
C13558,Basic,Annual,372.31,36,2.6,5,True,2,Medium Risk
C13560,Basic,Annual,464.31,23,16.9,6,True,2,Medium Risk
C13562,Basic,Monthly,306.07,31,13.4,5,False,4,High Risk
C13563,Standard,Annual,677.11,26,62.8,4,True,1,Medium Risk
C13564,Basic,Annual,397.39,32,50.2,2,False,1,Medium Risk
C13565,Basic,Monthly,380.18,26,65.6,2,True,1,Medium Risk
C13566,Standard,Annual,607.42,31,52.1,2,False,1,Medium Risk
C13569,Basic,Monthly,319.67,17,60.1,2,True,1,Medium Risk
C13570,Basic,Monthly,349.38,7,33.5,3,False,4,High Risk
C13572,Standard,Monthly,761.48,26,53.1,2,False,2,Medium Risk
C13577,Basic,Monthly,305.02,0,37.3,4,True,3,High Risk
C13579,Standard,Monthly,882.02,27,61.2,2,False,2,Medium Risk
C13581,Basic,Monthly,397.34,7,43.3,4,False,4,High Risk
C13582,Premium,Monthly,1222.44,30,54.4,2,False,2,Medium Risk
C13584,Standard,Monthly,678.25,2,17.4,5,False,5,High Risk
C13585,Standard,Annual,748.74,20,31.0,3,True,1,Medium Risk
C13587,Basic,Monthly,344.55,23,36.4,4,True,2,Medium Risk
C13588,Basic,Monthly,313.8,3,31.9,4,True,3,High Risk
C13589,Standard,Monthly,811.04,18,69.3,2,True,1,Medium Risk
C13590,Basic,Monthly,440.42,30,42.3,3,True,2,Medium Risk
C13592,Standard,Monthly,896.97,19,49.1,3,True,2,Medium Risk
C13593,Standard,Annual,794.64,21,23.9,5,False,2,Medium Risk
C13594,Basic,Monthly,414.18,3,16.6,3,True,4,High Risk
C13595,Premium,Annual,1086.01,34,69.8,1,True,0,Low Risk
C13596,Basic,Monthly,352.26,4,53.1,2,True,2,Medium Risk
C13597,Standard,Annual,759.68,33,18.7,4,True,2,Medium Risk
C13600,Basic,Monthly,407.75,21,51.7,2,True,1,Medium Risk
C13601,Basic,Monthly,390.59,7,23.5,4,False,4,High Risk
C13604,Standard,Monthly,765.36,13,53.7,1,False,2,Medium Risk
C13607,Basic,Monthly,490.16,1,19.3,3,True,4,High Risk
C13608,Basic,Annual,440.37,17,25.2,3,True,1,Medium Risk
C13609,Basic,Annual,477.96,31,26.0,3,True,1,Medium Risk
C13610,Basic,Annual,454.71,19,6.8,5,False,3,High Risk
C13611,Premium,Annual,1247.55,21,60.4,2,True,0,Low Risk
C13612,Basic,Monthly,402.73,22,23.1,5,True,2,Medium Risk
C13613,Basic,Annual,376.29,13,53.0,1,False,1,Medium Risk
C13614,Premium,Monthly,1111.34,18,54.5,2,False,2,Medium Risk
C13615,Standard,Annual,776.07,35,37.8,3,False,2,Medium Risk
C13616,Premium,Monthly,1293.68,0,60.5,2,False,3,High Risk
C13617,Basic,Monthly,403.09,7,22.3,4,False,4,High Risk
C13618,Standard,Monthly,686.59,15,43.7,3,False,3,High Risk
C13621,Basic,Monthly,401.15,4,14.8,4,True,4,High Risk
C13624,Basic,Annual,475.36,34,21.8,4,False,2,Medium Risk
C13625,Basic,Annual,304.57,19,15.2,6,False,3,High Risk
C13626,Standard,Monthly,686.45,24,64.3,2,False,2,Medium Risk
C13627,Basic,Annual,486.79,25,43.7,3,False,2,Medium Risk
C13630,Basic,Monthly,485.15,6,12.5,4,False,5,High Risk
C13631,Premium,Monthly,1193.09,6,23.2,4,False,4,High Risk
C13632,Basic,Annual,371.37,19,55.8,2,True,0,Low Risk
C13633,Basic,Annual,354.39,29,81.0,1,False,1,Medium Risk
C13635,Basic,Monthly,349.58,3,43.9,2,False,3,High Risk
C13636,Standard,Annual,746.46,28,60.9,2,True,0,Low Risk
C13637,Standard,Annual,620.05,35,46.0,2,True,0,Low Risk
C13638,Standard,Annual,772.79,11,59.0,1,False,2,Medium Risk
C13640,Basic,Monthly,310.8,15,27.2,3,False,3,High Risk
C13643,Basic,Annual,420.26,28,5.5,4,True,2,Medium Risk
C13645,Basic,Monthly,314.72,5,58.0,2,False,3,High Risk
C13646,Basic,Annual,430.2,19,22.0,4,True,1,Medium Risk
C13647,Basic,Monthly,421.35,3,11.9,4,True,4,High Risk
C13648,Standard,Annual,712.86,24,72.1,0,False,1,Medium Risk
C13650,Basic,Monthly,397.05,27,30.0,4,False,3,High Risk
C13654,Basic,Annual,417.5,4,38.8,5,True,2,Medium Risk
C13655,Standard,Monthly,798.17,17,43.8,2,False,2,Medium Risk
C13656,Basic,Monthly,432.85,3,36.7,3,False,4,High Risk
C13657,Basic,Monthly,498.71,20,32.1,4,True,2,Medium Risk
C13658,Standard,Monthly,790.13,22,61.1,1,False,2,Medium Risk
C13659,Basic,Monthly,436.58,21,51.2,2,False,2,Medium Risk
C13661,Premium,Monthly,1224.09,27,17.0,4,True,3,High Risk
C13662,Basic,Annual,436.35,33,28.3,4,False,2,Medium Risk
C13664,Basic,Monthly,316.85,17,53.5,2,False,2,Medium Risk
C13665,Standard,Monthly,760.23,11,54.3,1,False,3,High Risk
C13667,Basic,Monthly,409.14,28,54.4,1,False,2,Medium Risk
C13670,Standard,Monthly,826.41,9,33.2,2,False,3,High Risk
C13671,Standard,Monthly,683.47,29,66.2,2,False,2,Medium Risk
C13673,Basic,Annual,308.02,10,41.6,3,True,2,Medium Risk
C13674,Basic,Monthly,479.88,19,13.3,3,False,4,High Risk
C13676,Basic,Monthly,444.76,27,28.2,4,False,3,High Risk
C13677,Premium,Monthly,1475.85,34,39.5,4,False,3,High Risk
C13678,Standard,Monthly,700.94,4,43.5,4,False,4,High Risk
C13679,Basic,Monthly,417.51,14,30.9,4,True,2,Medium Risk
C13680,Basic,Monthly,311.85,5,72.2,1,False,3,High Risk
C13684,Basic,Monthly,387.16,25,15.7,6,False,4,High Risk
C13685,Basic,Annual,463.65,20,47.5,2,False,1,Medium Risk
C13688,Standard,Monthly,692.74,32,61.6,1,True,1,Medium Risk
C13691,Basic,Monthly,360.87,18,33.6,3,True,2,Medium Risk
C13692,Basic,Monthly,406.38,16,25.5,4,True,2,Medium Risk
C13693,Premium,Annual,1123.87,31,73.3,1,True,0,Low Risk
C13694,Basic,Monthly,398.61,6,44.5,4,True,3,High Risk
C13695,Basic,Annual,432.16,32,71.5,1,True,0,Low Risk
C13696,Premium,Monthly,1380.57,25,26.2,3,False,3,High Risk
C13697,Standard,Monthly,686.88,18,40.3,2,False,2,Medium Risk
C13698,Basic,Monthly,385.98,23,37.9,3,True,2,Medium Risk
C13701,Standard,Annual,730.48,16,25.0,3,True,1,Medium Risk
C13702,Basic,Annual,360.62,11,40.8,2,True,1,Medium Risk
C13703,Basic,Annual,338.41,26,39.6,3,True,1,Medium Risk
C13704,Standard,Annual,836.74,11,47.1,3,False,3,High Risk
C13705,Basic,Annual,371.33,14,22.0,3,True,1,Medium Risk
C13706,Basic,Annual,416.12,8,36.2,3,True,2,Medium Risk
C13708,Premium,Monthly,1293.67,31,41.0,2,True,1,Medium Risk
C13709,Basic,Annual,322.31,36,30.1,4,True,1,Medium Risk
C13712,Premium,Monthly,1476.49,5,50.1,3,False,4,High Risk
C13713,Premium,Monthly,1163.09,32,33.6,3,True,2,Medium Risk
C13714,Standard,Annual,615.96,13,41.9,2,True,0,Low Risk
C13715,Standard,Monthly,804.87,9,38.8,3,True,3,High Risk
C13716,Basic,Monthly,377.36,29,23.8,3,False,3,High Risk
C13717,Basic,Monthly,478.64,13,36.2,4,True,2,Medium Risk
C13719,Premium,Monthly,1485.56,9,58.1,1,False,3,High Risk
C13720,Standard,Annual,615.67,31,28.4,4,True,1,Medium Risk
C13721,Basic,Monthly,386.93,12,45.5,3,False,3,High Risk
C13723,Standard,Annual,891.04,11,67.5,3,True,2,Medium Risk
C13724,Premium,Monthly,1062.42,7,69.5,2,True,2,Medium Risk
C13726,Standard,Monthly,628.85,16,29.6,4,True,2,Medium Risk
C13727,Standard,Annual,861.01,20,9.4,4,True,2,Medium Risk
C13728,Premium,Monthly,1461.99,4,29.1,4,False,4,High Risk
C13729,Basic,Monthly,356.9,1,23.4,6,True,3,High Risk
C13730,Standard,Monthly,856.4,25,57.0,2,True,1,Medium Risk
C13731,Basic,Monthly,395.54,8,55.3,2,False,3,High Risk
C13733,Premium,Monthly,1418.93,3,37.7,3,False,4,High Risk
C13734,Premium,Monthly,1063.91,11,37.3,3,False,4,High Risk
C13735,Basic,Monthly,341.21,12,18.2,5,False,4,High Risk
C13739,Standard,Monthly,750.28,14,58.2,2,True,1,Medium Risk
C13740,Standard,Monthly,754.17,21,16.9,4,True,3,High Risk
C13741,Premium,Annual,1430.29,17,55.8,2,False,1,Medium Risk
C13742,Basic,Monthly,324.5,9,60.8,3,False,4,High Risk
C13743,Basic,Monthly,479.8,21,41.8,2,False,2,Medium Risk
C13744,Standard,Monthly,839.67,7,54.0,2,True,2,Medium Risk
C13745,Basic,Monthly,307.84,25,29.1,4,True,2,Medium Risk
C13746,Premium,Monthly,1452.32,0,65.5,1,True,2,Medium Risk
C13747,Basic,Monthly,466.17,27,2.1,4,False,4,High Risk
C13748,Basic,Monthly,339.63,12,15.6,5,True,3,High Risk
C13749,Premium,Annual,1236.26,29,43.3,2,False,1,Medium Risk
C13750,Basic,Annual,302.26,34,70.0,3,True,1,Medium Risk
C13751,Premium,Annual,1451.62,26,25.4,3,True,1,Medium Risk
C13752,Basic,Monthly,319.12,4,55.5,2,True,2,Medium Risk
C13753,Basic,Monthly,475.85,18,42.2,4,False,3,High Risk
C13754,Standard,Monthly,881.86,4,24.3,3,True,3,High Risk
C13755,Standard,Monthly,668.18,16,45.7,2,False,2,Medium Risk
C13756,Basic,Annual,358.83,26,29.0,4,True,1,Medium Risk
C13757,Basic,Monthly,485.99,7,49.0,2,True,2,Medium Risk
C13759,Standard,Monthly,809.53,16,26.7,3,True,2,Medium Risk
C13760,Basic,Monthly,491.35,10,59.2,1,True,2,Medium Risk
C13762,Standard,Monthly,744.84,9,42.8,3,False,4,High Risk
C13764,Standard,Annual,688.55,13,43.5,4,True,1,Medium Risk
C13765,Basic,Annual,442.33,14,53.2,1,True,0,Low Risk
C13767,Premium,Annual,1397.28,34,28.7,4,True,1,Medium Risk
C13768,Basic,Monthly,409.86,31,61.4,2,False,2,Medium Risk
C13770,Premium,Monthly,1343.44,17,37.4,5,False,3,High Risk
C13771,Basic,Monthly,311.28,26,40.6,3,False,3,High Risk
C13772,Premium,Monthly,1308.45,3,10.6,4,False,5,High Risk
C13773,Standard,Monthly,809.39,28,59.2,2,False,2,Medium Risk
C13774,Basic,Monthly,411.31,3,26.2,3,False,4,High Risk
C13775,Basic,Annual,386.58,26,42.3,2,True,0,Low Risk
C13777,Basic,Monthly,424.65,8,68.6,1,False,3,High Risk
C13778,Standard,Monthly,881.84,18,19.5,6,True,3,High Risk
C13779,Basic,Annual,362.73,30,29.6,4,True,1,Medium Risk
C13782,Basic,Monthly,395.3,25,60.1,1,False,2,Medium Risk
C13783,Basic,Annual,401.59,26,78.8,0,True,0,Low Risk
C13784,Basic,Monthly,486.15,12,36.1,3,False,3,High Risk
C13785,Basic,Monthly,427.17,15,26.2,2,True,1,Medium Risk
C13786,Basic,Annual,459.72,24,8.7,4,False,3,High Risk
C13789,Premium,Monthly,1405.77,8,79.7,1,False,3,High Risk
C13790,Standard,Annual,852.63,15,50.3,1,True,0,Low Risk
C13791,Premium,Monthly,1009.05,35,63.5,2,True,1,Medium Risk
C13792,Premium,Annual,1088.86,30,31.7,3,True,1,Medium Risk
C13795,Basic,Monthly,413.19,20,50.1,3,False,3,High Risk
C13798,Standard,Monthly,645.69,10,20.5,4,True,3,High Risk
C13799,Standard,Monthly,777.27,13,45.0,2,False,2,Medium Risk
C13800,Standard,Monthly,780.68,11,57.7,3,False,4,High Risk
C13802,Basic,Monthly,345.61,19,41.8,3,False,3,High Risk
C13804,Basic,Monthly,395.52,13,27.3,3,False,3,High Risk
C13806,Basic,Annual,387.26,10,23.4,3,True,2,Medium Risk
C13807,Premium,Monthly,1123.46,35,13.0,7,True,3,High Risk
C13808,Basic,Monthly,438.64,20,62.1,1,True,1,Medium Risk
C13809,Basic,Monthly,434.3,4,53.4,2,False,3,High Risk
C13811,Basic,Monthly,434.27,10,62.3,1,False,3,High Risk
C13812,Standard,Monthly,767.31,16,46.1,4,False,3,High Risk
C13815,Standard,Annual,768.16,35,64.8,1,True,0,Low Risk
C13817,Basic,Monthly,355.21,7,10.9,6,False,5,High Risk
C13818,Basic,Monthly,471.98,4,40.6,2,True,2,Medium Risk
C13820,Premium,Annual,1231.29,26,34.5,6,False,2,Medium Risk
C13821,Premium,Monthly,1071.3,3,38.0,3,True,3,High Risk
C13822,Basic,Monthly,391.72,7,39.4,3,False,4,High Risk
C13823,Basic,Annual,459.43,30,24.8,3,True,1,Medium Risk
C13825,Basic,Monthly,359.61,32,54.3,3,True,2,Medium Risk
C13826,Basic,Monthly,327.77,4,54.6,3,True,3,High Risk
C13830,Premium,Annual,1078.44,35,48.4,2,True,0,Low Risk
C13832,Standard,Monthly,767.33,30,31.6,4,False,3,High Risk
C13836,Standard,Monthly,762.86,15,56.3,1,False,2,Medium Risk
C13837,Basic,Monthly,486.4,1,3.0,5,False,5,High Risk
C13838,Standard,Monthly,729.89,16,40.5,3,True,2,Medium Risk
C13839,Standard,Monthly,795.6,29,37.3,3,True,2,Medium Risk
C13840,Premium,Monthly,1364.15,10,38.9,4,False,4,High Risk
C13841,Standard,Monthly,838.28,1,8.6,4,True,4,High Risk
C13842,Standard,Monthly,661.63,25,65.7,1,False,2,Medium Risk
C13844,Basic,Monthly,376.98,10,39.2,3,True,3,High Risk
C13845,Standard,Monthly,798.42,10,30.3,3,False,4,High Risk
C13846,Basic,Annual,452.39,22,17.7,5,True,2,Medium Risk
C13847,Basic,Monthly,363.27,7,64.0,1,False,3,High Risk
C13848,Standard,Monthly,621.14,24,17.0,4,False,4,High Risk
C13849,Basic,Monthly,422.33,6,47.6,2,False,3,High Risk
C13850,Standard,Monthly,826.13,6,31.0,3,True,3,High Risk
C13851,Standard,Monthly,653.8,24,39.4,3,False,3,High Risk
C13853,Basic,Monthly,382.24,36,23.4,4,False,3,High Risk
C13854,Premium,Monthly,1085.58,6,75.1,2,False,3,High Risk
C13856,Standard,Monthly,715.09,29,76.0,0,False,2,Medium Risk
C13857,Premium,Monthly,1438.81,13,17.8,6,True,3,High Risk
C13860,Basic,Monthly,399.85,16,53.8,2,False,2,Medium Risk
C13861,Standard,Monthly,754.67,12,25.1,4,True,2,Medium Risk
C13862,Basic,Annual,405.87,19,55.4,3,True,1,Medium Risk
C13863,Premium,Annual,1304.65,32,54.8,2,True,0,Low Risk
C13864,Premium,Monthly,1106.54,10,37.9,2,True,2,Medium Risk
C13865,Basic,Monthly,381.97,19,78.4,0,False,2,Medium Risk
C13866,Standard,Monthly,602.15,21,55.6,2,True,1,Medium Risk
C13868,Premium,Monthly,1219.82,22,69.5,1,False,2,Medium Risk
C13870,Premium,Monthly,1299.9,24,13.7,4,True,3,High Risk
C13871,Standard,Annual,658.17,17,32.2,3,True,1,Medium Risk
C13872,Standard,Annual,708.02,29,32.3,3,False,2,Medium Risk
C13873,Basic,Monthly,366.28,31,28.8,3,False,3,High Risk
C13874,Basic,Monthly,414.32,6,49.5,3,True,3,High Risk
C13875,Basic,Annual,476.8,15,31.4,4,True,1,Medium Risk
C13876,Basic,Annual,426.96,29,21.6,5,True,1,Medium Risk
C13877,Basic,Annual,328.95,24,69.9,0,False,1,Medium Risk
C13879,Standard,Annual,835.25,19,46.0,3,True,1,Medium Risk
C13880,Standard,Monthly,663.03,32,25.1,5,False,3,High Risk
C13881,Basic,Monthly,340.97,18,65.4,3,False,3,High Risk
C13882,Standard,Monthly,854.46,5,31.8,4,True,3,High Risk
C13883,Standard,Monthly,715.66,10,52.9,2,False,3,High Risk
C13884,Standard,Monthly,739.54,30,45.4,2,True,1,Medium Risk
C13885,Basic,Annual,474.92,32,17.3,4,True,2,Medium Risk
C13888,Basic,Monthly,301.59,34,31.6,4,True,2,Medium Risk
C13889,Standard,Monthly,778.29,31,30.0,3,True,2,Medium Risk
C13891,Basic,Monthly,349.57,27,50.8,1,False,2,Medium Risk
C13892,Standard,Monthly,640.94,11,22.4,4,True,3,High Risk
C13894,Standard,Annual,621.66,36,28.7,4,True,1,Medium Risk
C13895,Basic,Monthly,443.04,3,59.2,1,True,2,Medium Risk
C13896,Basic,Annual,393.45,28,14.9,4,True,2,Medium Risk
C13897,Basic,Monthly,436.69,2,63.3,1,True,2,Medium Risk
C13898,Premium,Annual,1391.87,17,3.8,5,True,2,Medium Risk
C13900,Basic,Annual,479.42,25,15.4,5,False,3,High Risk
C13901,Standard,Monthly,654.98,4,34.0,4,False,4,High Risk
C13902,Standard,Monthly,764.0,7,21.5,5,False,4,High Risk
C13904,Standard,Annual,633.47,33,46.4,3,False,2,Medium Risk
C13905,Basic,Annual,447.44,0,46.1,3,True,2,Medium Risk
C13906,Basic,Annual,445.35,22,54.9,1,True,0,Low Risk
C13908,Standard,Annual,807.22,20,38.7,3,True,1,Medium Risk
C13909,Standard,Monthly,862.28,11,12.6,5,True,4,High Risk
C13911,Standard,Monthly,861.22,30,17.8,4,False,4,High Risk
C13912,Standard,Annual,797.22,24,37.3,3,False,2,Medium Risk
C13916,Standard,Monthly,713.55,17,48.1,2,False,2,Medium Risk
C13918,Basic,Annual,306.29,32,29.0,4,True,1,Medium Risk
C13919,Basic,Annual,345.45,32,26.0,4,True,1,Medium Risk
C13920,Premium,Monthly,1322.71,30,38.9,4,False,3,High Risk
C13921,Standard,Annual,620.53,32,63.1,3,True,1,Medium Risk
C13922,Basic,Monthly,342.61,15,75.7,0,False,2,Medium Risk
C13923,Standard,Monthly,687.03,2,34.3,4,False,4,High Risk
C13924,Premium,Monthly,1229.05,28,61.3,3,True,2,Medium Risk
C13925,Standard,Annual,655.53,29,63.6,1,True,0,Low Risk
C13926,Standard,Monthly,737.25,7,24.9,3,False,4,High Risk
C13927,Standard,Monthly,680.6,2,19.9,5,False,5,High Risk
C13928,Basic,Annual,311.85,27,20.3,4,True,1,Medium Risk
C13929,Basic,Monthly,395.53,3,59.5,1,True,2,Medium Risk
C13930,Basic,Annual,346.04,25,31.9,3,True,1,Medium Risk
C13931,Basic,Monthly,328.5,19,61.7,1,False,2,Medium Risk
C13932,Standard,Monthly,759.28,2,57.4,1,False,3,High Risk
C13934,Premium,Monthly,1234.81,2,63.5,1,False,3,High Risk
C13935,Basic,Annual,465.86,34,37.2,4,False,2,Medium Risk
C13936,Basic,Annual,318.0,13,40.0,3,True,1,Medium Risk
C13937,Premium,Monthly,1209.57,13,22.7,5,True,2,Medium Risk
C13938,Basic,Monthly,369.21,29,50.5,2,False,2,Medium Risk
C13939,Basic,Annual,323.52,25,79.3,2,True,0,Low Risk
C13940,Standard,Monthly,658.41,22,63.7,2,False,2,Medium Risk
C13941,Standard,Monthly,740.97,5,29.4,3,False,4,High Risk
C13942,Basic,Monthly,452.74,11,71.4,1,True,2,Medium Risk
C13943,Basic,Monthly,450.19,27,67.4,1,True,1,Medium Risk
C13944,Basic,Monthly,354.77,27,17.2,6,True,3,High Risk
C13946,Standard,Annual,886.62,24,26.2,5,True,1,Medium Risk
C13947,Basic,Monthly,481.48,26,41.4,2,True,1,Medium Risk
C13948,Standard,Monthly,735.27,23,63.4,1,True,1,Medium Risk
C13949,Premium,Monthly,1119.95,19,35.7,3,False,3,High Risk
C13950,Basic,Monthly,447.72,33,39.0,3,False,3,High Risk
C13955,Basic,Monthly,498.24,11,55.4,1,True,2,Medium Risk
C13956,Standard,Monthly,832.84,26,64.4,1,True,1,Medium Risk
C13957,Premium,Annual,1140.89,29,25.3,5,True,1,Medium Risk
C13958,Basic,Monthly,453.84,20,40.2,4,True,2,Medium Risk
C13960,Premium,Monthly,1395.39,12,57.8,2,False,2,Medium Risk
C13961,Basic,Monthly,447.43,4,60.7,1,True,2,Medium Risk
C13962,Premium,Monthly,1362.89,6,22.8,5,True,3,High Risk
C13963,Basic,Annual,386.03,32,14.1,5,False,3,High Risk
C13964,Standard,Monthly,729.92,27,55.0,3,False,3,High Risk
C13966,Basic,Monthly,427.65,29,25.0,3,False,3,High Risk
C13967,Premium,Annual,1464.45,23,12.5,4,True,2,Medium Risk
C13969,Standard,Annual,717.09,24,8.3,4,False,3,High Risk
C13972,Basic,Monthly,452.44,11,25.4,4,False,4,High Risk
C13973,Standard,Annual,866.75,17,54.8,1,True,0,Low Risk
C13974,Basic,Annual,435.34,21,31.1,4,True,1,Medium Risk
C13975,Standard,Monthly,865.94,9,55.0,3,False,4,High Risk
C13976,Standard,Annual,737.9,35,51.4,2,True,0,Low Risk
C13978,Basic,Monthly,385.23,5,41.5,4,False,4,High Risk
C13980,Standard,Monthly,781.63,26,20.9,4,False,3,High Risk
C13981,Basic,Monthly,471.48,9,64.6,1,False,3,High Risk
C13983,Premium,Annual,1461.08,31,26.9,3,True,1,Medium Risk
C13984,Standard,Monthly,869.18,26,81.8,1,False,2,Medium Risk
C13985,Standard,Annual,862.66,28,12.7,6,True,2,Medium Risk
C13986,Standard,Monthly,861.06,5,53.5,2,False,3,High Risk
C13989,Standard,Monthly,694.41,27,68.4,1,True,1,Medium Risk
C13991,Standard,Monthly,808.17,4,41.7,2,False,3,High Risk
C13992,Basic,Monthly,466.57,16,61.4,1,False,2,Medium Risk
C13993,Premium,Annual,1356.56,1,71.2,2,True,1,Medium Risk
C13994,Standard,Monthly,672.29,26,59.1,3,False,3,High Risk
C13995,Basic,Annual,421.41,1,6.1,6,True,3,High Risk
C13997,Basic,Monthly,488.23,15,74.5,2,True,1,Medium Risk
C13998,Standard,Annual,888.09,21,57.4,1,False,1,Medium Risk
C14003,Standard,Annual,871.3,34,23.5,3,True,1,Medium Risk
C14004,Premium,Monthly,1357.69,25,40.3,2,True,1,Medium Risk
C14005,Standard,Monthly,779.36,33,31.6,3,True,2,Medium Risk
C14006,Standard,Annual,871.32,12,50.3,4,True,1,Medium Risk
C14007,Basic,Annual,415.84,31,6.1,4,True,2,Medium Risk
C14008,Basic,Monthly,314.98,20,50.0,2,False,2,Medium Risk
C14009,Standard,Annual,766.8,22,12.8,5,True,2,Medium Risk
C14010,Standard,Monthly,764.33,15,61.8,3,False,3,High Risk
C14011,Standard,Monthly,607.99,26,41.5,4,False,3,High Risk
C14014,Standard,Annual,673.03,29,65.5,1,False,1,Medium Risk
C14017,Standard,Annual,661.8,35,35.6,4,True,1,Medium Risk
C14018,Standard,Annual,889.53,32,61.8,2,True,0,Low Risk
C14019,Standard,Monthly,724.12,13,36.0,3,False,3,High Risk
C14020,Standard,Annual,689.4,18,66.8,3,True,1,Medium Risk
C14021,Basic,Annual,379.12,27,72.5,1,True,0,Low Risk
C14022,Premium,Monthly,1311.55,0,66.6,1,True,2,Medium Risk
C14023,Premium,Monthly,1225.92,29,17.6,5,False,4,High Risk
C14025,Premium,Monthly,1423.71,28,28.2,3,False,3,High Risk
C14027,Basic,Monthly,359.51,33,13.6,6,False,4,High Risk
C14029,Basic,Monthly,379.92,5,37.8,3,False,4,High Risk
C14030,Basic,Monthly,411.12,23,67.6,1,True,1,Medium Risk
C14031,Basic,Monthly,359.94,0,38.6,3,False,4,High Risk
C14033,Basic,Monthly,301.79,27,42.7,2,False,2,Medium Risk
C14034,Basic,Annual,350.37,5,68.7,1,True,1,Medium Risk
C14035,Standard,Monthly,805.17,35,27.6,3,True,2,Medium Risk
C14036,Standard,Monthly,806.04,14,34.6,3,False,3,High Risk
C14038,Standard,Annual,697.57,30,80.0,1,True,0,Low Risk
C14039,Premium,Monthly,1252.68,34,32.5,2,True,1,Medium Risk
C14040,Standard,Monthly,824.46,7,44.0,2,True,2,Medium Risk
C14041,Standard,Annual,688.43,30,72.9,1,True,0,Low Risk
C14042,Basic,Annual,347.06,10,17.0,5,True,3,High Risk
C14043,Standard,Annual,791.42,33,66.3,2,True,0,Low Risk
C14044,Premium,Monthly,1056.97,27,51.4,2,False,2,Medium Risk
C14045,Standard,Annual,625.13,22,32.5,3,True,1,Medium Risk
C14048,Premium,Monthly,1399.38,22,58.6,3,True,2,Medium Risk
C14049,Premium,Annual,1158.97,35,61.5,1,False,1,Medium Risk
C14050,Standard,Monthly,773.94,9,46.8,3,False,4,High Risk
C14051,Standard,Annual,759.67,31,44.8,2,True,0,Low Risk
C14053,Basic,Monthly,483.33,35,45.2,2,False,2,Medium Risk
C14054,Basic,Annual,361.42,32,42.4,3,True,1,Medium Risk
C14055,Basic,Annual,381.69,33,28.7,3,True,1,Medium Risk
C14056,Basic,Annual,325.92,26,23.3,4,True,1,Medium Risk
C14058,Basic,Monthly,382.2,19,52.5,2,False,2,Medium Risk
C14059,Basic,Annual,497.95,32,18.1,5,True,2,Medium Risk
C14060,Standard,Monthly,744.23,1,27.1,3,False,4,High Risk
C14061,Standard,Monthly,765.61,22,69.6,2,False,2,Medium Risk
C14062,Standard,Monthly,823.16,11,22.8,3,True,3,High Risk
C14063,Basic,Monthly,468.63,20,51.7,2,True,1,Medium Risk
C14065,Basic,Annual,418.24,33,34.2,3,False,2,Medium Risk
C14067,Premium,Monthly,1406.56,3,53.8,2,False,3,High Risk
C14068,Basic,Monthly,328.72,34,39.6,5,False,3,High Risk
C14069,Standard,Monthly,857.09,7,48.0,3,True,3,High Risk
C14070,Premium,Monthly,1237.62,28,31.3,4,False,3,High Risk
C14071,Basic,Annual,441.84,22,29.8,3,True,1,Medium Risk
C14072,Premium,Annual,1060.35,33,21.6,3,True,1,Medium Risk
C14073,Premium,Annual,1122.88,34,50.3,2,True,0,Low Risk
C14074,Standard,Annual,691.48,32,50.7,1,True,0,Low Risk
C14075,Standard,Monthly,674.95,1,14.9,5,False,5,High Risk
C14076,Basic,Monthly,496.58,15,27.1,3,False,3,High Risk
C14077,Standard,Annual,744.33,9,59.8,1,True,1,Medium Risk
C14078,Basic,Monthly,389.77,9,8.7,7,True,4,High Risk
C14080,Basic,Annual,348.44,5,54.0,2,True,1,Medium Risk
C14081,Premium,Monthly,1277.8,2,10.0,4,True,4,High Risk
C14085,Basic,Monthly,422.16,32,41.0,4,False,3,High Risk
C14086,Basic,Monthly,426.07,33,58.6,1,True,1,Medium Risk
C14087,Basic,Monthly,314.97,22,70.6,1,True,1,Medium Risk
C14088,Basic,Monthly,487.56,35,54.7,2,False,2,Medium Risk
C14089,Basic,Monthly,393.37,13,35.7,3,True,2,Medium Risk
C14090,Standard,Annual,748.64,30,47.6,2,True,0,Low Risk
C14091,Basic,Annual,373.08,25,44.0,2,True,0,Low Risk
C14093,Basic,Monthly,331.1,20,58.0,3,True,2,Medium Risk
C14095,Premium,Monthly,1400.89,9,57.6,1,True,2,Medium Risk
C14096,Premium,Annual,1314.51,5,0.0,5,False,4,High Risk
C14097,Basic,Monthly,313.5,25,34.6,2,False,2,Medium Risk
C14098,Premium,Annual,1423.02,28,42.8,3,True,1,Medium Risk
C14099,Basic,Monthly,341.68,17,46.0,2,False,2,Medium Risk
C14101,Basic,Monthly,433.09,34,24.0,5,False,3,High Risk
C14102,Standard,Monthly,801.26,13,59.8,1,True,1,Medium Risk
C14103,Standard,Monthly,769.77,35,17.7,5,False,4,High Risk
C14104,Standard,Monthly,790.94,21,64.3,1,False,2,Medium Risk
C14105,Basic,Monthly,394.05,5,11.5,5,True,4,High Risk
C14106,Premium,Annual,1301.01,24,31.7,3,False,2,Medium Risk
C14107,Standard,Monthly,889.53,35,18.2,4,True,3,High Risk
C14109,Premium,Annual,1491.1,21,46.2,2,True,0,Low Risk
C14110,Standard,Annual,631.79,22,31.9,3,True,1,Medium Risk
C14111,Standard,Monthly,720.18,0,71.3,1,True,2,Medium Risk
C14112,Basic,Annual,303.29,27,66.9,1,True,0,Low Risk
C14113,Basic,Annual,438.15,23,42.6,3,True,1,Medium Risk
C14114,Premium,Monthly,1429.89,1,61.4,2,True,2,Medium Risk
C14115,Basic,Annual,377.71,35,62.8,1,True,0,Low Risk
C14116,Standard,Annual,667.2,17,29.5,4,True,1,Medium Risk
C14117,Premium,Monthly,1098.3,27,51.9,4,True,2,Medium Risk
C14118,Basic,Monthly,384.11,29,34.7,3,False,3,High Risk
C14119,Basic,Annual,368.91,35,29.5,3,True,1,Medium Risk
C14120,Basic,Monthly,481.73,27,33.0,3,True,2,Medium Risk
C14122,Basic,Monthly,348.0,28,36.7,3,True,2,Medium Risk
C14123,Standard,Monthly,712.23,20,32.1,3,True,2,Medium Risk
C14124,Basic,Annual,444.88,30,32.3,3,True,1,Medium Risk
C14126,Basic,Monthly,390.27,6,67.4,1,False,3,High Risk
C14128,Basic,Annual,427.35,17,23.8,5,True,1,Medium Risk
C14129,Standard,Annual,704.02,0,50.5,2,True,1,Medium Risk
C14130,Basic,Monthly,306.87,35,77.4,0,False,2,Medium Risk
C14131,Basic,Annual,492.14,1,53.5,2,True,1,Medium Risk
C14132,Basic,Monthly,347.7,19,53.0,2,False,2,Medium Risk
C14133,Basic,Annual,417.22,19,33.5,4,True,1,Medium Risk
C14134,Standard,Annual,801.07,10,48.2,2,True,1,Medium Risk
C14135,Standard,Monthly,798.4,9,84.9,0,False,3,High Risk
C14136,Premium,Monthly,1354.33,7,25.0,3,True,3,High Risk
C14137,Basic,Monthly,398.77,11,69.8,2,False,3,High Risk
C14138,Standard,Monthly,897.61,25,76.6,0,False,2,Medium Risk
C14139,Basic,Annual,325.27,14,31.4,3,True,1,Medium Risk
C14141,Basic,Annual,449.15,29,27.0,4,True,1,Medium Risk
C14143,Premium,Monthly,1288.66,7,35.3,3,True,3,High Risk
C14144,Premium,Annual,1111.57,32,57.2,1,False,1,Medium Risk
C14145,Premium,Monthly,1382.69,30,9.2,7,False,4,High Risk
C14146,Basic,Monthly,372.05,25,39.1,2,False,2,Medium Risk
C14148,Basic,Annual,421.74,17,52.2,1,True,0,Low Risk
C14149,Standard,Monthly,879.69,8,51.9,3,False,4,High Risk
C14150,Basic,Annual,425.65,32,63.9,1,True,0,Low Risk
C14151,Basic,Annual,327.17,31,16.4,4,False,3,High Risk
C14154,Basic,Annual,492.86,32,59.3,1,True,0,Low Risk
C14155,Premium,Monthly,1292.65,30,32.3,4,False,3,High Risk
C14156,Standard,Monthly,696.31,2,22.9,4,False,4,High Risk
C14158,Standard,Annual,865.89,19,43.2,3,True,1,Medium Risk
C14160,Standard,Monthly,897.31,18,20.7,4,False,3,High Risk
C14161,Basic,Annual,436.32,31,46.2,3,True,1,Medium Risk
C14164,Standard,Monthly,867.28,4,21.1,3,False,4,High Risk
C14165,Basic,Annual,383.88,21,17.2,4,True,2,Medium Risk
C14166,Premium,Monthly,1216.23,0,46.7,3,False,4,High Risk
C14170,Basic,Monthly,380.49,11,38.0,3,False,4,High Risk
C14171,Premium,Monthly,1152.87,33,33.2,4,False,3,High Risk
C14173,Standard,Monthly,608.85,23,70.0,2,False,2,Medium Risk
C14174,Basic,Monthly,377.0,6,44.7,3,True,3,High Risk
C14175,Standard,Monthly,686.23,17,48.4,3,False,3,High Risk
C14176,Basic,Monthly,300.76,11,23.9,4,False,4,High Risk
C14177,Standard,Monthly,843.83,16,60.5,1,False,2,Medium Risk
C14178,Premium,Monthly,1374.96,7,45.1,5,True,3,High Risk
C14179,Basic,Annual,411.42,35,41.3,2,True,0,Low Risk
C14181,Basic,Monthly,347.9,0,78.4,1,True,2,Medium Risk
C14182,Basic,Monthly,419.26,21,27.6,4,False,3,High Risk
C14183,Standard,Annual,640.51,27,51.1,2,False,1,Medium Risk
C14184,Basic,Monthly,438.28,2,69.1,3,False,4,High Risk
C14185,Standard,Monthly,606.74,25,70.5,1,False,2,Medium Risk
C14188,Premium,Monthly,1483.11,5,43.6,2,False,3,High Risk
C14189,Basic,Annual,437.31,18,24.2,4,True,1,Medium Risk
C14192,Standard,Monthly,687.35,5,17.1,4,False,5,High Risk
C14193,Standard,Annual,747.03,18,53.1,1,True,0,Low Risk
C14194,Standard,Monthly,652.04,16,20.7,4,True,2,Medium Risk
C14195,Standard,Monthly,651.07,10,53.6,2,True,2,Medium Risk
C14196,Basic,Annual,348.18,7,20.2,4,True,2,Medium Risk
C14197,Standard,Monthly,852.31,20,37.4,6,False,3,High Risk
C14199,Basic,Monthly,390.64,3,37.4,3,True,3,High Risk
C14200,Premium,Annual,1242.23,15,78.5,0,True,0,Low Risk
C14201,Standard,Monthly,622.22,24,37.9,3,False,3,High Risk
C14205,Basic,Monthly,469.91,14,55.6,3,True,2,Medium Risk
C14206,Standard,Annual,828.51,4,56.7,2,False,2,Medium Risk
C14207,Basic,Annual,478.24,29,32.9,3,False,2,Medium Risk
C14208,Basic,Monthly,340.73,19,58.4,2,False,2,Medium Risk
C14211,Basic,Annual,440.55,35,35.1,4,True,1,Medium Risk
C14212,Basic,Monthly,495.19,14,26.1,3,False,3,High Risk
C14213,Basic,Monthly,344.87,25,13.9,5,True,3,High Risk
C14215,Basic,Annual,389.24,18,47.2,2,True,0,Low Risk
C14216,Basic,Monthly,399.59,6,28.0,4,False,4,High Risk
C14217,Basic,Monthly,482.93,15,50.3,5,True,2,Medium Risk
C14218,Premium,Monthly,1283.47,27,54.2,3,False,3,High Risk
C14219,Basic,Annual,397.05,1,62.0,2,True,1,Medium Risk
C14220,Standard,Monthly,766.32,29,52.1,3,True,2,Medium Risk
C14221,Basic,Monthly,495.39,19,20.9,4,False,3,High Risk
C14222,Basic,Annual,300.78,29,63.4,2,True,0,Low Risk
C14223,Standard,Annual,649.21,24,44.6,2,True,0,Low Risk
C14226,Basic,Annual,351.55,24,22.7,3,True,1,Medium Risk
C14227,Basic,Monthly,310.97,14,26.8,3,False,3,High Risk
C14228,Premium,Monthly,1016.32,13,47.7,2,False,2,Medium Risk
C14229,Standard,Monthly,843.41,31,46.1,4,True,2,Medium Risk
C14232,Premium,Monthly,1047.49,6,10.5,4,True,4,High Risk
C14234,Standard,Monthly,653.06,25,42.3,3,False,3,High Risk
C14235,Basic,Monthly,385.08,31,25.6,3,False,3,High Risk
C14237,Standard,Annual,787.18,34,15.9,5,True,2,Medium Risk
C14238,Basic,Annual,330.71,21,13.3,4,True,2,Medium Risk
C14239,Premium,Annual,1180.53,31,43.8,2,True,0,Low Risk
C14240,Basic,Annual,397.01,22,78.4,2,True,0,Low Risk
C14242,Basic,Annual,348.83,27,43.8,6,True,1,Medium Risk
C14243,Standard,Annual,809.7,36,36.9,3,False,2,Medium Risk
C14244,Standard,Monthly,739.59,20,30.0,3,True,2,Medium Risk
C14246,Standard,Annual,780.87,22,21.0,4,True,1,Medium Risk
C14247,Premium,Monthly,1253.45,10,7.1,4,False,5,High Risk
C14248,Basic,Monthly,466.39,22,44.0,3,False,3,High Risk
C14249,Basic,Monthly,415.74,10,16.8,4,True,4,High Risk
C14250,Standard,Monthly,791.32,10,23.0,4,False,4,High Risk
C14251,Basic,Monthly,379.63,16,21.2,4,False,3,High Risk
C14252,Basic,Monthly,441.58,33,14.3,4,False,4,High Risk
C14253,Premium,Monthly,1119.13,10,8.2,4,False,5,High Risk
C14254,Basic,Monthly,410.47,26,51.1,3,True,2,Medium Risk
C14255,Standard,Monthly,831.09,27,11.1,5,True,3,High Risk
C14256,Premium,Annual,1106.13,7,32.3,3,True,2,Medium Risk
C14257,Basic,Monthly,394.88,4,51.8,3,False,4,High Risk
C14258,Premium,Monthly,1063.62,14,42.3,2,True,1,Medium Risk
C14259,Basic,Monthly,369.35,29,43.8,2,False,2,Medium Risk
C14260,Standard,Annual,763.66,35,13.0,5,True,2,Medium Risk
C14262,Premium,Monthly,1143.66,18,73.5,0,True,1,Medium Risk
C14264,Basic,Monthly,450.1,0,59.2,1,False,3,High Risk
C14266,Premium,Monthly,1185.42,25,52.1,2,False,2,Medium Risk
C14267,Premium,Monthly,1103.13,15,32.9,3,True,2,Medium Risk
C14268,Basic,Monthly,324.66,0,52.0,3,False,4,High Risk
C14269,Standard,Annual,782.21,35,34.2,4,True,1,Medium Risk
C14270,Premium,Monthly,1340.37,0,63.4,3,False,4,High Risk
C14271,Basic,Monthly,497.2,27,40.2,4,True,2,Medium Risk
C14272,Basic,Monthly,321.14,11,44.9,3,True,3,High Risk
C14273,Basic,Monthly,400.45,20,36.0,4,False,3,High Risk
C14274,Premium,Monthly,1246.93,7,62.3,2,True,2,Medium Risk
C14275,Premium,Monthly,1221.67,6,57.3,2,True,2,Medium Risk
C14277,Standard,Monthly,781.34,5,57.3,2,False,3,High Risk
C14278,Standard,Annual,641.91,33,53.1,3,True,1,Medium Risk
C14280,Basic,Monthly,428.7,14,44.8,2,False,2,Medium Risk
C14281,Standard,Annual,767.27,24,57.5,3,True,1,Medium Risk
C14282,Basic,Monthly,355.4,0,62.8,1,False,3,High Risk
C14283,Premium,Monthly,1169.79,17,40.1,3,False,3,High Risk
C14284,Basic,Monthly,310.81,5,0.0,5,True,4,High Risk
C14285,Basic,Annual,386.69,22,57.7,1,False,1,Medium Risk
C14286,Standard,Monthly,852.87,0,59.3,2,True,2,Medium Risk
C14287,Basic,Annual,462.18,33,36.9,3,True,1,Medium Risk
C14288,Standard,Monthly,714.96,1,37.1,3,False,4,High Risk
C14289,Standard,Monthly,774.29,0,56.9,3,False,4,High Risk
C14290,Premium,Monthly,1311.26,31,10.9,6,True,3,High Risk
C14291,Premium,Monthly,1104.87,24,9.0,7,False,4,High Risk
C14292,Basic,Monthly,461.15,0,60.7,2,True,2,Medium Risk
C14293,Basic,Monthly,458.75,20,62.4,1,False,2,Medium Risk
C14295,Premium,Annual,1216.19,22,13.7,6,False,3,High Risk
C14298,Standard,Monthly,842.32,22,22.2,6,False,3,High Risk
C14299,Basic,Annual,299.13,28,11.7,4,True,2,Medium Risk
C14300,Standard,Annual,793.58,33,18.6,4,True,2,Medium Risk
C14301,Basic,Monthly,469.82,23,13.9,4,True,3,High Risk
C14302,Basic,Monthly,410.81,34,34.1,3,True,2,Medium Risk
C14304,Premium,Monthly,1327.14,19,20.3,4,False,3,High Risk
C14305,Premium,Annual,1219.02,22,19.2,4,True,2,Medium Risk
C14306,Basic,Annual,444.29,26,55.3,2,True,0,Low Risk
C14307,Premium,Annual,1349.94,5,52.7,3,True,2,Medium Risk
C14308,Basic,Annual,420.67,0,27.9,5,True,2,Medium Risk
C14309,Basic,Annual,405.55,36,23.3,3,True,1,Medium Risk
C14310,Basic,Annual,346.58,18,54.9,2,True,0,Low Risk
C14311,Basic,Monthly,454.82,10,39.5,3,False,4,High Risk
C14312,Standard,Monthly,885.03,21,30.2,3,False,3,High Risk
C14313,Standard,Monthly,875.3,3,49.6,3,False,4,High Risk
C14314,Standard,Monthly,754.54,25,63.0,1,True,1,Medium Risk
C14315,Standard,Monthly,599.27,28,55.8,2,False,2,Medium Risk
C14316,Basic,Monthly,492.92,3,23.9,5,False,4,High Risk
C14317,Standard,Monthly,695.17,12,35.2,2,False,2,Medium Risk
C14318,Basic,Monthly,326.99,35,60.4,2,False,2,Medium Risk
C14319,Standard,Monthly,888.92,27,27.5,4,False,3,High Risk
C14320,Standard,Annual,819.71,23,72.7,0,True,0,Low Risk
C14321,Standard,Monthly,601.11,1,53.4,2,False,3,High Risk
C14322,Basic,Monthly,458.51,17,24.0,4,False,3,High Risk
C14324,Standard,Monthly,850.1,33,39.5,3,True,2,Medium Risk
C14326,Standard,Annual,835.47,24,25.2,5,True,1,Medium Risk
C14327,Basic,Monthly,374.03,15,33.3,5,True,2,Medium Risk
C14328,Basic,Monthly,315.21,6,12.2,4,False,5,High Risk
C14329,Premium,Annual,1064.5,27,50.7,3,False,2,Medium Risk
C14331,Basic,Annual,438.0,28,44.9,4,False,2,Medium Risk
C14332,Basic,Monthly,352.8,9,35.9,4,False,4,High Risk
C14334,Standard,Annual,685.41,26,54.3,1,True,0,Low Risk
C14335,Basic,Monthly,349.68,14,11.9,4,False,4,High Risk
C14336,Standard,Annual,752.55,26,29.5,4,True,1,Medium Risk
C14338,Basic,Annual,321.48,33,42.9,3,True,1,Medium Risk
C14339,Basic,Monthly,356.77,12,43.6,2,True,1,Medium Risk
C14340,Premium,Annual,1274.76,2,59.2,2,True,1,Medium Risk
C14341,Standard,Monthly,751.34,34,16.6,4,False,4,High Risk
C14342,Basic,Monthly,444.97,22,53.9,2,False,2,Medium Risk
C14345,Basic,Annual,359.32,14,50.6,3,True,1,Medium Risk
C14346,Standard,Annual,804.84,33,59.8,1,True,0,Low Risk
C14348,Basic,Monthly,370.51,4,69.0,1,False,3,High Risk
C14350,Basic,Monthly,461.13,12,58.8,2,True,1,Medium Risk
C14351,Premium,Monthly,1320.24,19,57.5,1,False,2,Medium Risk
C14356,Standard,Annual,665.32,30,39.8,2,True,0,Low Risk
C14359,Premium,Monthly,1085.83,15,68.1,2,True,1,Medium Risk
C14360,Basic,Monthly,442.64,17,10.9,4,False,4,High Risk
C14361,Basic,Monthly,368.53,6,23.1,5,True,3,High Risk
C14362,Basic,Monthly,467.14,24,66.2,1,False,2,Medium Risk
C14364,Standard,Monthly,726.87,30,48.8,2,True,1,Medium Risk
C14365,Basic,Monthly,465.8,32,28.6,4,False,3,High Risk
C14367,Standard,Monthly,866.62,27,61.2,2,False,2,Medium Risk
C14368,Basic,Monthly,303.18,2,51.7,2,True,2,Medium Risk
C14369,Basic,Monthly,393.39,20,32.2,3,False,3,High Risk
C14370,Basic,Annual,419.7,20,39.5,3,True,1,Medium Risk
C14371,Basic,Monthly,388.28,21,46.9,3,False,3,High Risk
C14372,Basic,Monthly,322.03,13,33.7,4,False,3,High Risk
C14373,Standard,Monthly,843.07,9,54.3,3,False,4,High Risk
C14374,Basic,Annual,307.97,33,64.6,2,False,1,Medium Risk
C14376,Basic,Monthly,405.44,9,27.5,4,True,3,High Risk
C14377,Basic,Annual,377.66,1,24.4,4,True,2,Medium Risk
C14378,Standard,Monthly,615.58,2,49.4,2,False,3,High Risk
C14379,Standard,Monthly,746.19,5,18.3,4,False,5,High Risk
C14381,Premium,Monthly,1364.6,36,29.8,4,False,3,High Risk
C14382,Basic,Annual,446.24,30,36.9,3,False,2,Medium Risk
C14383,Standard,Monthly,759.6,14,72.2,2,False,2,Medium Risk
C14385,Standard,Monthly,855.15,11,68.0,3,False,4,High Risk
C14387,Basic,Monthly,305.01,18,15.1,4,False,4,High Risk
C14392,Basic,Annual,467.14,31,36.8,2,True,0,Low Risk
C14393,Basic,Monthly,486.76,0,34.8,2,False,3,High Risk
C14395,Standard,Monthly,737.24,1,21.1,3,False,4,High Risk
C14397,Premium,Annual,1222.14,35,68.6,1,False,1,Medium Risk
C14398,Premium,Monthly,1071.28,19,54.7,1,True,1,Medium Risk
C14399,Standard,Annual,891.81,32,15.9,4,True,2,Medium Risk
C14401,Basic,Monthly,418.23,22,36.8,3,True,2,Medium Risk
C14402,Basic,Monthly,466.48,29,33.6,6,True,2,Medium Risk
C14403,Basic,Monthly,353.1,33,54.7,1,True,1,Medium Risk
C14404,Basic,Annual,493.02,32,20.9,4,True,1,Medium Risk
C14405,Standard,Monthly,763.06,9,19.7,4,True,4,High Risk
C14406,Basic,Monthly,373.55,25,49.2,2,True,1,Medium Risk
C14408,Premium,Monthly,1031.94,19,22.4,3,True,2,Medium Risk
C14410,Premium,Monthly,1171.32,1,64.2,1,False,3,High Risk
C14411,Standard,Annual,641.37,25,68.2,1,True,0,Low Risk
C14412,Premium,Annual,1461.23,24,22.8,6,True,1,Medium Risk
C14413,Basic,Annual,438.75,9,55.4,1,True,1,Medium Risk
C14415,Standard,Monthly,718.73,12,11.2,5,False,4,High Risk
C14417,Basic,Monthly,451.1,13,70.2,0,True,1,Medium Risk
C14418,Basic,Monthly,462.17,9,33.3,3,True,3,High Risk
C14419,Standard,Monthly,829.78,32,43.5,2,True,1,Medium Risk
C14421,Basic,Monthly,437.04,13,63.9,2,True,1,Medium Risk
C14422,Standard,Monthly,881.12,18,61.5,1,False,2,Medium Risk
C14423,Basic,Monthly,491.98,4,61.9,1,True,2,Medium Risk
C14425,Basic,Monthly,367.97,29,17.5,6,False,4,High Risk
C14426,Standard,Monthly,754.45,8,29.7,4,True,3,High Risk
C14428,Basic,Annual,351.41,26,42.5,2,True,0,Low Risk
C14430,Standard,Monthly,724.18,0,32.0,4,False,4,High Risk
C14431,Basic,Monthly,323.23,14,23.9,5,False,3,High Risk
C14433,Premium,Monthly,1331.54,9,27.0,4,False,4,High Risk
C14434,Standard,Annual,894.37,25,25.8,3,False,2,Medium Risk
C14435,Premium,Annual,1125.82,29,32.6,4,False,2,Medium Risk
C14436,Basic,Annual,304.69,27,6.7,4,True,2,Medium Risk
C14437,Basic,Annual,355.47,9,57.5,4,False,3,High Risk
C14438,Premium,Monthly,1327.85,3,46.6,5,False,4,High Risk
C14439,Basic,Monthly,340.93,36,40.6,3,False,3,High Risk
C14440,Basic,Annual,434.53,23,29.1,4,True,1,Medium Risk
C14441,Basic,Monthly,343.8,19,53.5,1,True,1,Medium Risk
C14442,Standard,Monthly,630.04,28,43.1,3,True,2,Medium Risk
C14443,Premium,Monthly,1206.75,33,49.4,3,True,2,Medium Risk
C14444,Premium,Monthly,1248.66,6,49.5,4,True,3,High Risk
C14445,Basic,Monthly,419.24,7,48.8,3,False,4,High Risk
C14446,Basic,Monthly,417.76,1,49.9,3,False,4,High Risk
C14448,Premium,Annual,1239.26,30,47.8,3,False,2,Medium Risk
C14449,Premium,Monthly,1477.47,36,35.4,3,False,3,High Risk
C14450,Standard,Annual,746.37,27,39.1,2,True,0,Low Risk
C14452,Premium,Monthly,1273.71,15,36.0,3,False,3,High Risk
C14453,Standard,Monthly,754.08,22,40.3,4,False,3,High Risk
C14455,Basic,Monthly,429.71,24,25.1,4,True,2,Medium Risk
C14456,Standard,Monthly,741.52,15,23.5,3,False,3,High Risk
C14457,Premium,Monthly,1161.68,9,22.9,3,False,4,High Risk
C14458,Basic,Monthly,335.87,24,5.2,5,False,4,High Risk
C14459,Premium,Monthly,1161.67,14,32.4,3,True,2,Medium Risk
C14461,Premium,Annual,1173.22,32,57.5,2,True,0,Low Risk
C14463,Basic,Annual,367.92,11,52.7,3,True,2,Medium Risk
C14466,Premium,Annual,1213.91,24,54.3,2,True,0,Low Risk
C14467,Basic,Annual,326.7,26,51.1,4,True,1,Medium Risk
C14468,Standard,Monthly,606.05,4,30.7,4,True,3,High Risk
C14469,Basic,Monthly,460.53,17,31.0,3,True,2,Medium Risk
C14471,Basic,Annual,466.77,17,29.6,4,False,2,Medium Risk
C14473,Standard,Monthly,637.97,12,30.6,4,True,2,Medium Risk
C14475,Premium,Annual,1355.58,15,55.9,1,True,0,Low Risk
C14476,Standard,Monthly,897.88,27,57.3,3,True,2,Medium Risk
C14477,Premium,Monthly,1128.44,28,37.3,4,False,3,High Risk
C14478,Premium,Monthly,1190.26,28,42.7,6,False,3,High Risk
C14479,Basic,Monthly,357.01,12,48.9,2,True,1,Medium Risk
C14480,Standard,Monthly,773.77,0,30.7,2,False,3,High Risk
C14481,Basic,Monthly,376.93,4,39.0,4,False,4,High Risk
C14482,Standard,Monthly,824.3,34,56.9,1,False,2,Medium Risk
C14483,Standard,Monthly,686.04,4,45.2,3,False,4,High Risk
C14484,Basic,Monthly,455.33,19,44.2,2,False,2,Medium Risk
C14488,Premium,Annual,1111.81,33,39.8,2,False,1,Medium Risk
C14489,Standard,Monthly,870.18,8,58.6,1,False,3,High Risk
C14490,Standard,Annual,689.78,30,47.8,4,True,1,Medium Risk
C14492,Standard,Annual,823.76,7,37.1,4,True,2,Medium Risk
C14494,Standard,Monthly,688.26,21,10.9,4,False,4,High Risk
C14497,Basic,Annual,417.99,22,20.6,4,False,2,Medium Risk
C14499,Standard,Monthly,600.15,25,71.3,2,True,1,Medium Risk
C14502,Basic,Annual,454.22,11,55.6,1,True,1,Medium Risk
C14504,Basic,Annual,454.81,12,59.6,1,False,1,Medium Risk
C14505,Standard,Monthly,808.74,35,64.4,1,True,1,Medium Risk
C14507,Premium,Annual,1302.02,24,44.6,2,True,0,Low Risk
C14508,Standard,Annual,828.38,23,37.3,2,False,1,Medium Risk
C14509,Premium,Monthly,1294.04,13,43.6,3,False,3,High Risk
C14510,Standard,Annual,814.9,27,67.7,1,True,0,Low Risk
C14511,Premium,Annual,1023.41,21,12.7,5,True,2,Medium Risk
C14513,Basic,Monthly,460.12,6,44.2,3,True,3,High Risk
C14515,Basic,Monthly,483.64,9,45.2,2,True,2,Medium Risk
C14517,Basic,Monthly,364.89,9,43.6,3,False,4,High Risk
C14518,Standard,Monthly,768.38,8,60.9,1,False,3,High Risk
C14519,Basic,Monthly,472.32,12,75.1,2,False,2,Medium Risk
C14520,Basic,Monthly,321.69,10,48.8,1,False,3,High Risk
C14523,Standard,Monthly,887.68,30,10.6,4,False,4,High Risk
C14524,Standard,Monthly,653.23,9,66.5,2,False,3,High Risk
C14525,Basic,Monthly,309.75,31,8.1,5,False,4,High Risk
C14526,Basic,Monthly,426.01,36,3.1,5,False,4,High Risk
C14527,Basic,Annual,367.17,32,82.8,0,False,1,Medium Risk
C14528,Basic,Monthly,340.61,7,26.5,5,True,3,High Risk
C14529,Premium,Monthly,1244.39,2,9.5,5,False,5,High Risk
C14532,Standard,Annual,696.08,35,16.3,6,True,2,Medium Risk
C14535,Basic,Monthly,382.24,1,6.6,5,False,5,High Risk
C14536,Premium,Monthly,1018.68,6,56.6,2,False,3,High Risk
C14537,Basic,Monthly,337.51,12,30.6,3,True,2,Medium Risk
C14539,Standard,Monthly,666.94,7,22.5,4,True,3,High Risk
C14540,Basic,Annual,450.33,31,47.8,2,True,0,Low Risk
C14542,Premium,Monthly,1495.76,35,49.2,3,False,3,High Risk
C14543,Basic,Annual,326.51,17,20.9,3,False,2,Medium Risk
C14544,Basic,Annual,488.06,21,29.3,4,True,1,Medium Risk
C14545,Basic,Monthly,493.7,33,39.3,2,False,2,Medium Risk
C14546,Basic,Monthly,321.65,33,48.6,2,True,1,Medium Risk
C14548,Standard,Monthly,867.64,27,40.2,3,True,2,Medium Risk
C14551,Basic,Monthly,382.29,20,39.6,2,False,2,Medium Risk
C14553,Premium,Monthly,1329.21,22,4.7,7,False,4,High Risk
C14554,Basic,Annual,320.72,32,44.2,2,True,0,Low Risk
C14555,Standard,Monthly,671.09,0,49.5,3,True,3,High Risk
C14557,Standard,Monthly,773.23,2,31.1,3,True,3,High Risk
C14561,Basic,Annual,303.43,12,54.7,1,True,0,Low Risk
C14562,Basic,Annual,354.93,10,55.0,2,True,1,Medium Risk
C14563,Standard,Annual,778.34,35,45.9,2,True,0,Low Risk
C14564,Standard,Monthly,655.79,3,35.4,3,False,4,High Risk
C14565,Basic,Monthly,479.72,0,39.7,3,True,3,High Risk
C14566,Basic,Annual,476.87,2,46.2,3,True,2,Medium Risk
C14567,Premium,Annual,999.27,27,15.3,4,False,3,High Risk
C14569,Basic,Monthly,474.57,24,38.6,2,False,2,Medium Risk
C14570,Premium,Annual,1380.32,34,5.0,4,True,2,Medium Risk
C14572,Standard,Annual,815.24,19,25.0,3,True,1,Medium Risk
C14573,Basic,Annual,375.39,31,61.5,1,True,0,Low Risk
C14576,Basic,Monthly,365.26,8,67.0,2,True,2,Medium Risk
C14577,Basic,Monthly,479.9,25,54.4,2,False,2,Medium Risk
C14578,Standard,Monthly,878.0,25,47.8,3,True,2,Medium Risk
C14579,Basic,Monthly,459.19,7,49.5,2,False,3,High Risk
C14580,Basic,Monthly,395.4,26,42.1,2,False,2,Medium Risk
C14583,Basic,Monthly,438.76,6,29.5,3,False,4,High Risk
C14584,Premium,Monthly,1169.91,6,30.9,3,True,3,High Risk
C14585,Standard,Annual,731.5,20,25.4,3,True,1,Medium Risk
C14586,Basic,Monthly,415.86,11,51.9,2,False,3,High Risk
C14587,Premium,Monthly,1136.23,5,28.3,3,True,3,High Risk
C14588,Basic,Monthly,437.18,5,20.4,6,False,4,High Risk
C14589,Standard,Monthly,654.08,15,64.3,2,False,2,Medium Risk
C14590,Basic,Monthly,318.09,1,23.2,3,False,4,High Risk
C14591,Basic,Annual,486.46,18,39.1,5,True,1,Medium Risk
C14592,Premium,Monthly,1425.56,33,55.7,2,False,2,Medium Risk
C14593,Standard,Monthly,807.82,17,58.3,2,False,2,Medium Risk
C14594,Standard,Monthly,883.33,3,48.0,3,True,3,High Risk
C14595,Basic,Monthly,478.27,30,66.7,0,False,2,Medium Risk
C14596,Basic,Monthly,353.49,12,41.6,4,False,3,High Risk
C14598,Basic,Monthly,317.43,15,28.1,4,False,3,High Risk
C14599,Premium,Annual,1204.84,30,41.6,3,True,1,Medium Risk
C14600,Standard,Monthly,687.66,23,75.5,0,False,2,Medium Risk
C14601,Standard,Monthly,701.5,33,52.6,2,False,2,Medium Risk
C14603,Standard,Annual,655.86,30,13.3,6,True,2,Medium Risk
C14604,Basic,Monthly,489.53,8,51.3,2,True,2,Medium Risk
C14605,Standard,Annual,833.12,33,59.9,3,True,1,Medium Risk
C14607,Basic,Monthly,306.03,1,17.1,4,False,5,High Risk
C14610,Basic,Monthly,376.3,7,0.0,5,True,4,High Risk
C14611,Standard,Monthly,625.49,36,70.2,3,False,3,High Risk
C14612,Premium,Annual,1042.74,31,62.2,1,False,1,Medium Risk
C14615,Standard,Annual,894.1,14,44.7,3,True,1,Medium Risk
C14616,Premium,Annual,1365.94,19,77.5,1,False,1,Medium Risk
C14617,Premium,Annual,1245.84,21,47.8,2,True,0,Low Risk
C14619,Premium,Monthly,1269.81,17,30.8,3,False,3,High Risk
C14620,Premium,Monthly,1265.02,9,47.4,2,False,3,High Risk
C14621,Basic,Annual,414.28,35,61.6,2,True,0,Low Risk
C14623,Premium,Monthly,1444.79,0,30.8,3,True,3,High Risk
C14624,Basic,Monthly,396.61,12,30.9,4,False,3,High Risk
C14625,Standard,Monthly,734.71,19,39.3,2,True,1,Medium Risk
C14626,Standard,Monthly,612.48,9,43.8,3,False,4,High Risk
C14628,Standard,Monthly,793.29,16,41.6,3,False,3,High Risk
C14629,Premium,Monthly,1215.93,9,64.7,2,True,2,Medium Risk
C14630,Standard,Monthly,615.99,12,40.7,4,True,2,Medium Risk
C14631,Basic,Monthly,422.71,6,22.3,5,True,3,High Risk
C14632,Basic,Monthly,474.72,18,59.7,3,False,3,High Risk
C14633,Premium,Monthly,1110.68,28,24.9,3,True,2,Medium Risk
C14634,Standard,Monthly,680.76,33,43.6,2,False,2,Medium Risk
C14635,Standard,Annual,693.25,10,14.6,5,True,3,High Risk
C14636,Basic,Monthly,405.18,7,60.2,2,True,2,Medium Risk
C14637,Basic,Annual,431.72,30,29.0,4,True,1,Medium Risk
C14639,Standard,Monthly,680.14,31,39.4,3,False,3,High Risk
C14640,Standard,Monthly,872.52,2,13.5,5,True,4,High Risk
C14641,Basic,Monthly,456.79,13,19.1,4,False,4,High Risk
C14642,Premium,Monthly,1263.29,36,12.5,4,True,3,High Risk
C14643,Premium,Annual,1146.69,24,57.4,2,True,0,Low Risk
C14644,Basic,Monthly,418.43,29,61.4,1,False,2,Medium Risk
C14645,Standard,Monthly,794.48,23,64.2,2,True,1,Medium Risk
C14646,Basic,Monthly,453.47,30,57.6,2,True,1,Medium Risk
C14647,Basic,Annual,472.12,35,34.8,3,True,1,Medium Risk
C14648,Basic,Annual,419.97,34,57.6,3,True,1,Medium Risk
C14650,Basic,Monthly,349.21,13,31.0,4,False,3,High Risk
C14651,Basic,Monthly,312.62,15,39.1,2,True,1,Medium Risk
C14654,Standard,Monthly,880.73,28,65.8,1,False,2,Medium Risk
C14656,Premium,Monthly,1282.94,5,66.8,0,False,3,High Risk
C14657,Basic,Monthly,325.4,8,9.7,4,True,4,High Risk
C14659,Basic,Monthly,427.6,21,19.5,6,False,4,High Risk
C14661,Premium,Monthly,1056.94,23,36.5,3,True,2,Medium Risk
C14662,Premium,Monthly,1005.65,36,48.5,2,False,2,Medium Risk
C14663,Standard,Monthly,795.01,19,41.9,3,False,3,High Risk
C14666,Basic,Annual,340.38,19,48.6,1,True,0,Low Risk
C14667,Basic,Monthly,364.73,23,62.2,1,True,1,Medium Risk
C14669,Basic,Annual,407.27,22,36.8,2,True,0,Low Risk
C14670,Standard,Annual,677.78,34,34.3,4,True,1,Medium Risk
C14672,Basic,Annual,344.71,31,43.8,3,True,1,Medium Risk
C14673,Basic,Monthly,415.27,14,23.6,3,False,3,High Risk
C14674,Standard,Monthly,703.13,12,46.2,3,True,2,Medium Risk
C14675,Basic,Annual,475.22,32,23.4,5,True,1,Medium Risk
C14678,Standard,Monthly,788.33,35,48.0,2,False,2,Medium Risk
C14680,Standard,Annual,671.6,27,39.0,3,True,1,Medium Risk
C14681,Standard,Monthly,811.08,23,20.7,4,False,3,High Risk
C14682,Standard,Monthly,700.18,0,65.4,2,False,3,High Risk
C14685,Standard,Monthly,683.71,27,40.1,3,False,3,High Risk
C14686,Premium,Annual,1386.5,13,30.0,3,True,1,Medium Risk
C14687,Basic,Monthly,344.93,5,65.8,1,True,2,Medium Risk
C14688,Standard,Annual,640.51,36,43.2,2,False,1,Medium Risk
C14689,Standard,Annual,627.92,35,38.1,3,False,2,Medium Risk
C14691,Standard,Monthly,663.63,5,39.5,2,False,3,High Risk
C14692,Basic,Monthly,405.11,18,56.5,2,True,1,Medium Risk
C14693,Standard,Monthly,749.05,14,30.8,3,False,3,High Risk
C14695,Basic,Annual,430.07,32,55.8,1,True,0,Low Risk
C14696,Basic,Monthly,492.38,7,22.2,3,True,3,High Risk
C14697,Standard,Monthly,613.79,5,9.7,4,False,5,High Risk
C14698,Basic,Monthly,329.52,11,67.2,2,False,3,High Risk
C14699,Basic,Monthly,323.7,10,54.7,2,False,3,High Risk
C14700,Basic,Monthly,435.25,34,24.3,6,False,3,High Risk
C14703,Basic,Annual,392.8,18,71.6,1,True,0,Low Risk
C14704,Basic,Monthly,409.45,33,43.4,3,False,3,High Risk
C14705,Basic,Monthly,381.23,9,27.5,4,True,3,High Risk
C14706,Premium,Annual,1148.14,30,47.3,2,True,0,Low Risk
C14707,Basic,Monthly,415.76,17,39.7,2,True,1,Medium Risk
C14708,Basic,Monthly,466.73,7,34.5,3,False,4,High Risk
C14709,Standard,Monthly,877.65,4,34.4,2,False,3,High Risk
C14711,Premium,Monthly,1442.08,20,17.0,4,False,4,High Risk
C14712,Standard,Monthly,645.01,20,32.3,5,True,2,Medium Risk
C14713,Premium,Monthly,1079.78,1,42.3,2,False,3,High Risk
C14715,Standard,Monthly,726.8,25,41.6,3,True,2,Medium Risk
C14716,Basic,Monthly,429.63,16,13.0,4,True,3,High Risk
C14717,Premium,Monthly,1240.76,21,59.1,2,True,1,Medium Risk
C14720,Standard,Monthly,795.0,16,59.2,2,True,1,Medium Risk
C14723,Standard,Annual,757.16,20,50.7,2,True,0,Low Risk
C14724,Premium,Monthly,1281.57,3,51.6,2,False,3,High Risk
C14725,Basic,Annual,327.33,17,63.0,1,True,0,Low Risk
C14726,Standard,Annual,752.15,31,49.6,2,True,0,Low Risk
C14728,Basic,Monthly,332.0,15,2.1,5,False,4,High Risk
C14730,Standard,Monthly,789.26,4,28.6,3,False,4,High Risk
C14735,Basic,Monthly,374.87,20,11.1,8,False,4,High Risk
C14736,Standard,Annual,869.07,24,23.3,4,True,1,Medium Risk
C14737,Basic,Monthly,475.78,3,20.5,4,False,4,High Risk
C14739,Premium,Monthly,1469.27,19,9.9,5,True,3,High Risk
C14743,Premium,Annual,1223.9,31,56.5,5,False,2,Medium Risk
C14744,Basic,Monthly,483.22,27,53.1,1,False,2,Medium Risk
C14745,Premium,Annual,1124.87,23,47.5,3,True,1,Medium Risk
C14746,Premium,Monthly,1438.34,6,52.8,3,True,3,High Risk
C14747,Standard,Annual,838.93,9,37.1,3,True,2,Medium Risk
C14748,Standard,Monthly,754.57,5,63.8,1,False,3,High Risk
C14749,Standard,Monthly,750.73,20,51.3,2,True,1,Medium Risk
C14750,Standard,Monthly,853.77,11,39.4,2,True,2,Medium Risk
C14751,Standard,Monthly,716.84,29,33.3,4,True,2,Medium Risk
C14752,Premium,Annual,1365.95,21,34.1,3,True,1,Medium Risk
C14753,Basic,Monthly,458.39,1,11.1,4,True,4,High Risk
C14754,Basic,Annual,412.66,16,43.2,2,False,1,Medium Risk
C14756,Standard,Monthly,821.12,15,27.4,5,False,3,High Risk
C14757,Basic,Annual,496.06,11,4.1,5,True,3,High Risk
C14760,Standard,Monthly,644.3,5,38.3,3,False,4,High Risk
C14761,Basic,Annual,438.9,23,39.7,4,True,1,Medium Risk
C14762,Standard,Monthly,840.55,0,59.0,1,True,2,Medium Risk
C14763,Basic,Monthly,353.57,14,32.3,2,False,2,Medium Risk
C14764,Standard,Monthly,679.31,20,0.0,6,False,4,High Risk
C14765,Standard,Monthly,796.52,2,12.1,4,False,5,High Risk
C14766,Standard,Monthly,647.46,27,68.8,3,False,3,High Risk
C14767,Standard,Monthly,732.22,2,36.7,2,False,3,High Risk
C14768,Standard,Annual,801.92,24,42.1,4,False,2,Medium Risk
C14770,Standard,Monthly,616.58,9,70.1,1,False,3,High Risk
C14772,Basic,Annual,443.76,18,47.0,2,True,0,Low Risk
C14773,Premium,Annual,1335.7,1,41.9,3,True,2,Medium Risk
C14774,Premium,Monthly,1264.16,0,59.6,2,False,3,High Risk
C14777,Basic,Annual,496.94,28,58.9,2,False,1,Medium Risk
C14780,Standard,Monthly,663.52,4,44.0,3,False,4,High Risk
C14781,Basic,Monthly,350.89,22,31.7,3,True,2,Medium Risk
C14783,Basic,Monthly,403.84,0,51.1,1,True,2,Medium Risk
C14784,Premium,Annual,1306.71,14,13.1,4,True,2,Medium Risk
C14785,Premium,Monthly,1363.29,6,38.8,5,True,3,High Risk
C14788,Basic,Monthly,395.31,24,56.3,1,True,1,Medium Risk
C14793,Premium,Annual,1337.44,32,19.7,5,False,3,High Risk
C14794,Basic,Monthly,327.83,9,14.4,4,False,5,High Risk
C14795,Standard,Annual,694.95,32,40.4,2,False,1,Medium Risk
C14796,Standard,Monthly,844.07,35,1.9,6,True,3,High Risk
C14797,Basic,Monthly,329.8,1,6.0,4,False,5,High Risk
C14799,Basic,Monthly,339.68,15,23.9,4,True,2,Medium Risk
C14800,Basic,Monthly,449.91,5,29.9,5,False,4,High Risk
C14802,Basic,Monthly,416.44,24,40.4,2,False,2,Medium Risk
C14803,Standard,Monthly,784.08,12,76.5,1,True,1,Medium Risk
C14804,Standard,Annual,765.92,27,49.0,2,True,0,Low Risk
C14805,Basic,Monthly,383.17,0,18.3,4,True,4,High Risk
C14806,Basic,Monthly,300.76,23,58.0,2,False,2,Medium Risk
C14808,Basic,Monthly,329.39,4,17.1,4,True,4,High Risk
C14809,Standard,Annual,666.97,26,58.5,1,False,1,Medium Risk
C14812,Basic,Monthly,477.42,3,43.2,2,False,3,High Risk
C14813,Premium,Monthly,1227.89,12,20.3,4,True,2,Medium Risk
C14814,Premium,Annual,1084.0,17,46.1,4,True,1,Medium Risk
C14815,Basic,Monthly,456.13,17,18.5,5,False,4,High Risk
C14817,Premium,Annual,1174.44,34,48.1,3,True,1,Medium Risk
C14818,Basic,Monthly,464.03,30,7.6,4,False,4,High Risk
C14819,Basic,Monthly,360.61,12,76.0,2,False,2,Medium Risk
C14820,Standard,Monthly,885.63,23,68.6,2,True,1,Medium Risk
C14821,Premium,Annual,1414.93,23,60.8,2,True,0,Low Risk
C14822,Standard,Monthly,840.09,8,31.1,3,True,3,High Risk
C14823,Basic,Monthly,434.62,8,30.0,3,True,3,High Risk
C14825,Basic,Monthly,423.73,10,37.7,3,True,3,High Risk
C14826,Standard,Monthly,637.94,15,43.5,5,True,2,Medium Risk
C14828,Premium,Annual,1227.71,27,64.4,1,True,0,Low Risk
C14830,Basic,Annual,411.66,23,58.5,1,True,0,Low Risk
C14832,Basic,Monthly,443.47,10,34.3,3,False,4,High Risk
C14834,Premium,Monthly,1391.38,25,12.3,4,False,4,High Risk
C14835,Standard,Monthly,826.2,25,29.7,3,True,2,Medium Risk
C14836,Premium,Monthly,1066.78,1,57.1,1,True,2,Medium Risk
C14837,Basic,Monthly,300.53,12,23.2,5,False,3,High Risk
C14838,Basic,Annual,350.88,36,53.7,2,False,1,Medium Risk
C14839,Basic,Monthly,419.79,4,31.0,4,True,3,High Risk
C14840,Standard,Monthly,612.65,26,31.2,3,True,2,Medium Risk
C14841,Premium,Monthly,1260.51,3,27.1,3,False,4,High Risk
C14842,Standard,Monthly,855.26,19,51.2,2,False,2,Medium Risk
C14843,Standard,Monthly,680.17,12,53.7,2,False,2,Medium Risk
C14846,Standard,Monthly,775.87,30,29.0,3,False,3,High Risk
C14847,Premium,Monthly,1490.85,18,47.1,3,False,3,High Risk
C14848,Standard,Monthly,693.32,22,47.5,3,False,3,High Risk
C14849,Basic,Annual,493.94,18,26.9,5,False,2,Medium Risk
C14851,Standard,Annual,619.84,32,65.6,2,False,1,Medium Risk
C14852,Premium,Annual,1190.41,32,26.8,3,True,1,Medium Risk
C14853,Basic,Monthly,383.52,9,73.8,1,True,2,Medium Risk
C14854,Standard,Monthly,669.93,17,44.9,2,True,1,Medium Risk
C14855,Standard,Monthly,827.54,16,49.5,3,True,2,Medium Risk
C14857,Standard,Monthly,722.97,20,49.7,3,False,3,High Risk
C14858,Premium,Monthly,1264.03,20,33.2,3,True,2,Medium Risk
C14859,Standard,Annual,816.26,12,55.6,2,True,0,Low Risk
C14861,Basic,Monthly,355.02,15,64.0,1,True,1,Medium Risk
C14862,Basic,Monthly,480.49,25,4.0,5,True,3,High Risk
C14863,Premium,Annual,1072.14,24,27.4,4,True,1,Medium Risk
C14864,Basic,Annual,450.81,24,18.4,5,True,2,Medium Risk
C14865,Premium,Monthly,1366.51,20,29.7,3,True,2,Medium Risk
C14866,Basic,Monthly,486.83,9,21.4,4,True,3,High Risk
C14868,Basic,Monthly,475.93,24,33.4,3,True,2,Medium Risk
C14869,Premium,Monthly,1249.7,14,31.5,4,False,3,High Risk
C14870,Basic,Monthly,485.57,23,41.3,2,True,1,Medium Risk
C14871,Basic,Annual,352.66,13,66.4,1,True,0,Low Risk
C14872,Basic,Annual,451.88,24,36.1,3,False,2,Medium Risk
C14873,Standard,Annual,791.49,2,38.9,4,False,3,High Risk
C14874,Basic,Annual,362.94,33,52.3,2,True,0,Low Risk
C14875,Basic,Monthly,353.45,20,51.4,3,True,2,Medium Risk
C14876,Basic,Monthly,369.13,15,40.7,4,True,2,Medium Risk
C14877,Standard,Monthly,637.43,25,15.0,4,True,3,High Risk
C14879,Basic,Annual,355.95,31,27.9,3,True,1,Medium Risk
C14880,Basic,Monthly,446.39,33,62.8,1,True,1,Medium Risk
C14883,Basic,Monthly,423.0,14,7.4,5,False,4,High Risk
C14884,Basic,Annual,353.0,24,5.6,5,True,2,Medium Risk
C14885,Premium,Monthly,1030.5,24,42.3,2,False,2,Medium Risk
C14886,Premium,Annual,1347.04,22,25.1,3,True,1,Medium Risk
C14887,Premium,Monthly,1310.51,15,45.1,3,False,3,High Risk
C14888,Premium,Annual,1176.48,14,8.0,4,False,3,High Risk
C14889,Standard,Annual,700.08,24,12.8,4,True,2,Medium Risk
C14890,Basic,Monthly,300.84,9,17.5,4,False,5,High Risk
C14893,Standard,Monthly,743.83,17,19.8,4,False,4,High Risk
C14895,Standard,Monthly,680.35,5,53.8,2,True,2,Medium Risk
C14896,Basic,Monthly,452.04,25,14.4,5,False,4,High Risk
C14897,Basic,Annual,447.53,13,56.6,2,True,0,Low Risk
C14898,Premium,Monthly,1294.16,31,31.2,4,False,3,High Risk
C14899,Standard,Annual,726.19,34,30.6,3,True,1,Medium Risk
C14900,Basic,Annual,478.25,34,19.1,4,True,2,Medium Risk
C14903,Basic,Annual,393.17,25,11.7,4,True,2,Medium Risk
C14905,Basic,Annual,318.89,18,34.3,3,False,2,Medium Risk
C14906,Standard,Monthly,823.63,25,71.8,2,False,2,Medium Risk
C14908,Basic,Monthly,424.62,23,20.8,3,False,3,High Risk
C14909,Basic,Monthly,414.62,5,41.0,3,True,3,High Risk
C14914,Premium,Annual,1430.76,24,44.1,5,True,1,Medium Risk
C14915,Basic,Monthly,362.22,32,46.3,3,False,3,High Risk
C14916,Premium,Annual,1214.87,12,45.8,2,True,0,Low Risk
C14917,Standard,Annual,730.58,21,25.1,4,False,2,Medium Risk
C14918,Standard,Monthly,722.38,16,17.7,4,True,3,High Risk
C14920,Basic,Monthly,448.97,32,36.1,2,False,2,Medium Risk
C14921,Premium,Annual,1127.45,26,53.6,3,True,1,Medium Risk
C14923,Standard,Monthly,634.63,5,59.3,1,False,3,High Risk
C14924,Basic,Monthly,447.4,4,62.7,3,True,3,High Risk
C14925,Basic,Annual,365.19,15,56.9,2,True,0,Low Risk
C14926,Standard,Monthly,643.92,17,26.8,4,False,3,High Risk
C14927,Basic,Monthly,327.32,15,24.0,3,True,2,Medium Risk
C14928,Basic,Monthly,371.76,3,27.1,3,False,4,High Risk
C14929,Standard,Annual,835.19,9,63.4,1,True,1,Medium Risk
C14931,Standard,Monthly,817.23,11,67.8,2,False,3,High Risk
C14932,Standard,Annual,615.87,32,46.6,2,True,0,Low Risk
C14934,Basic,Monthly,299.93,18,69.9,1,True,1,Medium Risk
C14935,Premium,Annual,1356.27,28,65.0,3,True,1,Medium Risk
C14937,Basic,Annual,342.74,24,61.0,2,True,0,Low Risk
C14938,Premium,Annual,1347.13,15,48.7,2,True,0,Low Risk
C14939,Premium,Annual,1275.86,18,56.6,1,False,1,Medium Risk
C14942,Basic,Monthly,405.69,18,27.4,3,False,3,High Risk
C14943,Standard,Annual,667.81,32,3.5,5,True,2,Medium Risk
C14946,Standard,Annual,889.18,24,57.7,1,True,0,Low Risk
C14949,Standard,Monthly,712.42,24,51.1,4,False,3,High Risk
C14950,Basic,Monthly,463.38,5,36.3,2,True,2,Medium Risk
C14951,Basic,Monthly,343.51,24,10.2,5,True,3,High Risk
C14952,Standard,Monthly,647.98,27,30.1,3,False,3,High Risk
C14953,Standard,Monthly,757.23,2,32.4,3,True,3,High Risk
C14955,Basic,Monthly,474.5,23,63.6,2,False,2,Medium Risk
C14959,Standard,Monthly,790.48,0,31.0,4,False,4,High Risk
C14960,Basic,Monthly,490.43,13,0.7,5,True,3,High Risk
C14961,Premium,Monthly,1362.0,5,44.0,3,True,3,High Risk
C14962,Premium,Annual,1025.41,26,20.3,4,True,1,Medium Risk
C14963,Basic,Monthly,484.38,24,31.2,3,False,3,High Risk
C14964,Standard,Monthly,836.86,17,35.3,6,False,3,High Risk
C14965,Standard,Annual,676.37,33,65.7,1,True,0,Low Risk
C14969,Basic,Monthly,316.86,31,52.6,2,False,2,Medium Risk
C14970,Premium,Monthly,1300.74,29,11.9,4,False,4,High Risk
C14971,Standard,Monthly,827.74,12,53.2,2,False,2,Medium Risk
C14973,Basic,Monthly,434.89,20,52.7,1,True,1,Medium Risk
C14974,Basic,Monthly,397.94,16,11.6,4,True,3,High Risk
C14975,Basic,Annual,380.69,31,50.7,3,False,2,Medium Risk
C14976,Basic,Annual,453.59,13,32.4,3,True,1,Medium Risk
C14977,Premium,Annual,1108.57,18,25.0,3,True,1,Medium Risk
C14978,Basic,Monthly,347.1,6,53.1,3,True,3,High Risk
C14979,Standard,Monthly,677.87,28,46.5,2,True,1,Medium Risk
C14980,Premium,Annual,1023.98,24,52.4,4,True,1,Medium Risk
C14981,Standard,Monthly,626.62,3,3.7,4,True,4,High Risk
C14982,Basic,Monthly,333.43,32,49.0,2,False,2,Medium Risk
C14983,Standard,Monthly,725.65,15,32.2,4,False,3,High Risk
C14985,Basic,Annual,446.47,7,55.2,2,True,1,Medium Risk
C14986,Standard,Monthly,865.37,11,60.3,2,True,2,Medium Risk
C14987,Basic,Annual,445.24,25,8.2,5,True,2,Medium Risk
C14988,Basic,Monthly,417.16,13,27.7,4,True,2,Medium Risk
C14989,Premium,Monthly,1304.39,25,59.4,1,True,1,Medium Risk
C14990,Basic,Monthly,323.56,19,56.9,2,False,2,Medium Risk
C14991,Standard,Monthly,790.49,3,56.9,3,False,4,High Risk
C14993,Standard,Annual,827.0,14,56.1,2,True,0,Low Risk
C14994,Premium,Monthly,1326.58,30,56.7,2,True,1,Medium Risk
C14995,Basic,Monthly,429.42,26,7.0,5,True,3,High Risk
C14996,Standard,Annual,869.56,23,24.6,5,True,1,Medium Risk
C14998,Basic,Annual,365.59,34,82.1,1,True,0,Low Risk
C14999,Standard,Monthly,809.34,6,49.7,3,False,4,High Risk
C15000,Basic,Annual,301.56,24,60.6,3,True,1,Medium Risk
C15001,Basic,Monthly,376.27,10,52.6,3,False,4,High Risk
C15002,Standard,Monthly,646.3,10,32.3,3,True,3,High Risk
C15004,Standard,Monthly,700.15,1,26.0,3,False,4,High Risk
C15005,Premium,Monthly,1266.7,4,56.3,3,False,4,High Risk
C15006,Premium,Monthly,1323.92,5,26.7,4,False,4,High Risk
C15008,Basic,Annual,320.44,35,51.4,2,True,0,Low Risk
C15009,Basic,Monthly,406.11,23,76.3,0,False,2,Medium Risk
C15010,Standard,Annual,807.73,24,42.7,3,True,1,Medium Risk
C15011,Basic,Annual,460.34,20,52.2,1,True,0,Low Risk
C15012,Basic,Monthly,324.66,16,71.1,2,False,2,Medium Risk
C15013,Basic,Annual,381.51,25,55.1,1,False,1,Medium Risk
C15014,Premium,Monthly,1218.86,15,14.3,4,False,4,High Risk
C15015,Standard,Monthly,887.22,4,60.4,2,False,3,High Risk
C15016,Standard,Monthly,769.47,1,73.3,2,True,2,Medium Risk
C15017,Standard,Monthly,761.6,21,57.7,2,False,2,Medium Risk
C15018,Premium,Monthly,1350.4,12,45.8,2,False,2,Medium Risk
C15019,Basic,Monthly,471.34,3,43.2,2,False,3,High Risk
C15021,Premium,Monthly,1217.59,8,56.5,1,False,3,High Risk
C15022,Standard,Annual,855.1,23,58.1,2,False,1,Medium Risk
C15023,Basic,Annual,347.03,35,20.7,5,True,1,Medium Risk
C15025,Basic,Annual,348.94,3,22.2,4,True,2,Medium Risk
C15028,Basic,Annual,380.59,23,59.3,2,True,0,Low Risk
C15030,Basic,Monthly,308.46,3,77.0,1,True,2,Medium Risk
C15032,Standard,Monthly,740.53,11,84.2,0,True,2,Medium Risk
C15033,Basic,Monthly,324.9,6,10.8,5,False,5,High Risk
C15035,Premium,Monthly,1359.95,12,39.2,4,False,3,High Risk
C15036,Premium,Monthly,1196.81,20,54.8,2,True,1,Medium Risk
C15037,Standard,Annual,889.95,19,71.0,1,True,0,Low Risk
C15038,Basic,Annual,318.0,26,17.4,6,True,2,Medium Risk
C15040,Premium,Monthly,1302.01,13,68.6,1,True,1,Medium Risk
C15041,Basic,Monthly,475.84,23,17.1,5,False,4,High Risk
C15042,Standard,Monthly,895.22,32,75.0,0,False,2,Medium Risk
C15043,Standard,Monthly,883.61,5,19.9,4,False,5,High Risk
C15044,Standard,Monthly,671.25,24,45.5,2,False,2,Medium Risk
C15045,Basic,Monthly,310.5,12,67.6,0,False,2,Medium Risk
C15046,Standard,Annual,863.1,33,53.0,2,True,0,Low Risk
C15048,Premium,Monthly,1391.21,14,15.1,3,True,3,High Risk
C15050,Premium,Annual,1052.94,11,37.5,3,True,2,Medium Risk
C15052,Standard,Annual,637.09,32,6.1,5,True,2,Medium Risk
C15053,Standard,Monthly,868.75,19,62.2,2,False,2,Medium Risk
C15057,Basic,Annual,359.43,5,40.0,2,True,1,Medium Risk
C15059,Basic,Monthly,357.33,21,1.2,4,False,4,High Risk
C15060,Basic,Monthly,483.67,16,0.0,6,False,4,High Risk
C15061,Basic,Monthly,427.75,6,28.8,3,False,4,High Risk
C15062,Basic,Annual,464.71,23,49.7,2,True,0,Low Risk
C15064,Standard,Monthly,850.14,28,41.4,3,True,2,Medium Risk
C15065,Basic,Monthly,319.19,15,46.9,2,False,2,Medium Risk
C15066,Premium,Monthly,1113.34,5,52.0,2,True,2,Medium Risk
C15067,Basic,Monthly,421.02,16,17.7,5,True,3,High Risk
C15068,Basic,Monthly,498.78,3,18.2,4,False,5,High Risk
C15070,Basic,Annual,393.45,23,37.3,4,False,2,Medium Risk
C15071,Standard,Annual,883.59,24,19.5,5,False,3,High Risk
C15073,Premium,Monthly,1400.64,20,65.5,1,False,2,Medium Risk
C15074,Basic,Monthly,401.35,2,60.4,1,False,3,High Risk
C15075,Standard,Monthly,730.65,36,24.4,4,False,3,High Risk
C15077,Standard,Annual,810.51,34,38.5,2,True,0,Low Risk
C15079,Basic,Monthly,498.36,2,12.9,5,False,5,High Risk
C15080,Basic,Monthly,471.37,4,46.2,4,True,3,High Risk
C15081,Basic,Annual,492.7,35,27.8,3,True,1,Medium Risk
C15082,Premium,Monthly,1199.97,21,36.7,6,False,3,High Risk
C15083,Basic,Annual,485.84,19,47.5,2,False,1,Medium Risk
C15085,Basic,Monthly,350.29,14,27.2,3,False,3,High Risk
C15086,Basic,Annual,456.73,17,66.0,1,False,1,Medium Risk
C15087,Basic,Monthly,368.69,7,29.7,4,True,3,High Risk
C15088,Premium,Annual,1085.05,31,38.6,2,True,0,Low Risk
C15089,Basic,Monthly,310.66,3,28.0,4,False,4,High Risk
C15090,Standard,Monthly,885.0,14,40.5,3,True,2,Medium Risk
C15091,Basic,Monthly,412.12,7,6.5,4,False,5,High Risk
C15092,Standard,Annual,642.44,11,46.5,2,True,1,Medium Risk
C15093,Basic,Annual,456.51,33,66.8,1,True,0,Low Risk
C15095,Standard,Monthly,641.45,16,64.7,1,False,2,Medium Risk
C15096,Standard,Monthly,848.76,0,53.5,3,False,4,High Risk
C15098,Standard,Annual,812.85,9,50.0,2,False,2,Medium Risk
C15099,Basic,Annual,308.22,21,16.9,4,False,3,High Risk
C15100,Premium,Annual,1051.69,33,40.2,2,True,0,Low Risk
C15101,Basic,Monthly,343.02,32,46.3,3,False,3,High Risk
C15103,Basic,Annual,490.28,34,51.1,2,True,0,Low Risk
C15104,Basic,Annual,441.47,23,27.0,3,True,1,Medium Risk
C15105,Standard,Annual,886.3,8,4.8,5,True,3,High Risk
C15106,Basic,Monthly,325.93,25,52.4,1,True,1,Medium Risk
C15107,Basic,Annual,356.66,9,14.3,4,True,3,High Risk
C15112,Premium,Monthly,1296.68,6,56.2,2,False,3,High Risk
C15113,Standard,Monthly,898.15,33,70.0,3,True,2,Medium Risk
C15114,Standard,Monthly,630.4,17,55.6,3,False,3,High Risk
C15117,Standard,Monthly,673.33,28,62.3,2,True,1,Medium Risk
C15118,Premium,Annual,1358.72,24,55.5,2,True,0,Low Risk
C15119,Premium,Monthly,1211.28,9,29.1,3,True,3,High Risk
C15121,Basic,Monthly,445.78,1,33.4,3,False,4,High Risk
C15122,Premium,Annual,1031.0,32,19.4,5,True,2,Medium Risk
C15123,Premium,Annual,1314.26,35,34.2,5,True,1,Medium Risk
C15124,Basic,Annual,444.86,31,15.9,4,False,3,High Risk
C15125,Premium,Annual,1227.93,15,6.1,6,True,2,Medium Risk
C15126,Premium,Monthly,1420.87,0,58.8,1,False,3,High Risk
C15127,Basic,Monthly,342.53,32,67.5,2,False,2,Medium Risk
C15128,Standard,Monthly,659.54,4,42.2,3,False,4,High Risk
C15129,Basic,Monthly,432.57,0,51.7,2,False,3,High Risk
C15130,Basic,Monthly,453.28,15,38.1,4,False,3,High Risk
C15131,Basic,Monthly,339.98,2,19.5,5,False,5,High Risk
C15132,Premium,Monthly,1221.45,8,39.7,4,True,3,High Risk
C15133,Basic,Annual,361.43,33,57.0,2,True,0,Low Risk
C15134,Basic,Monthly,353.41,6,38.0,3,False,4,High Risk
C15135,Basic,Monthly,374.31,6,27.4,3,False,4,High Risk
C15136,Standard,Annual,862.2,17,48.4,2,True,0,Low Risk
C15137,Premium,Monthly,1383.63,18,34.2,3,False,3,High Risk
C15138,Basic,Monthly,369.11,25,45.5,3,False,3,High Risk
C15139,Basic,Annual,329.35,35,40.7,2,True,0,Low Risk
C15140,Basic,Monthly,414.34,16,23.2,3,False,3,High Risk
C15141,Basic,Monthly,309.64,32,15.1,5,False,4,High Risk
C15143,Standard,Monthly,848.39,5,66.2,1,True,2,Medium Risk
C15144,Basic,Monthly,373.61,26,61.8,2,False,2,Medium Risk
C15145,Standard,Monthly,624.74,24,71.9,1,False,2,Medium Risk
C15146,Premium,Annual,1152.96,31,39.1,3,True,1,Medium Risk
C15148,Premium,Monthly,1205.95,6,37.2,3,True,3,High Risk
C15149,Basic,Monthly,486.85,13,11.2,6,False,4,High Risk
C15150,Standard,Monthly,735.02,21,2.4,5,False,4,High Risk
C15151,Premium,Monthly,1411.24,35,26.2,4,False,3,High Risk
C15152,Standard,Monthly,599.88,12,55.4,1,True,1,Medium Risk
C15153,Standard,Annual,744.99,21,16.2,5,True,2,Medium Risk
C15154,Standard,Annual,814.53,29,56.1,2,False,1,Medium Risk
C15155,Standard,Monthly,827.35,25,63.9,1,True,1,Medium Risk
C15156,Standard,Monthly,805.19,13,50.0,3,True,2,Medium Risk
C15159,Premium,Monthly,1227.96,14,23.3,5,False,3,High Risk
C15162,Basic,Monthly,347.66,21,82.0,0,True,1,Medium Risk
C15163,Standard,Annual,778.14,26,16.3,5,True,2,Medium Risk
C15164,Standard,Monthly,694.33,8,8.6,4,False,5,High Risk
C15165,Standard,Annual,833.3,28,29.6,5,True,1,Medium Risk
C15166,Standard,Annual,885.16,26,63.7,0,True,0,Low Risk
C15167,Standard,Annual,808.7,13,26.5,6,True,1,Medium Risk
C15169,Standard,Monthly,758.49,23,60.5,1,True,1,Medium Risk
C15170,Basic,Annual,484.2,25,49.6,3,True,1,Medium Risk
C15174,Basic,Monthly,302.42,24,66.2,0,True,1,Medium Risk
C15175,Standard,Monthly,682.04,9,49.4,2,False,3,High Risk
C15177,Basic,Annual,390.62,34,58.1,2,True,0,Low Risk
C15178,Standard,Monthly,771.37,2,20.5,4,False,4,High Risk
C15179,Basic,Monthly,304.08,13,27.9,3,False,3,High Risk
C15182,Premium,Monthly,1011.48,14,31.9,4,False,3,High Risk
C15183,Premium,Annual,1212.81,22,44.1,3,True,1,Medium Risk
C15184,Standard,Monthly,865.14,21,47.9,2,False,2,Medium Risk
C15185,Standard,Monthly,645.83,7,16.5,5,False,5,High Risk
C15186,Premium,Annual,1396.83,24,55.7,2,False,1,Medium Risk
C15187,Premium,Annual,1345.19,31,57.5,3,False,2,Medium Risk
C15188,Basic,Annual,408.61,28,3.2,5,True,2,Medium Risk
C15189,Standard,Annual,603.85,26,70.8,1,True,0,Low Risk
C15192,Basic,Monthly,318.94,21,47.5,2,True,1,Medium Risk
C15193,Premium,Monthly,1099.39,9,53.2,2,False,3,High Risk
C15194,Standard,Monthly,763.21,17,28.1,4,True,2,Medium Risk
C15195,Premium,Monthly,1204.4,7,39.1,2,False,3,High Risk
C15197,Standard,Monthly,866.65,0,62.5,1,True,2,Medium Risk
C15199,Standard,Monthly,669.04,10,59.6,1,False,3,High Risk
C15200,Premium,Monthly,1170.23,9,32.6,3,False,4,High Risk
C15201,Standard,Monthly,760.7,9,31.0,3,False,4,High Risk
C15202,Basic,Annual,405.91,30,38.2,3,True,1,Medium Risk
C15203,Standard,Monthly,830.04,22,33.5,4,True,2,Medium Risk
C15204,Basic,Monthly,474.75,8,33.0,4,True,3,High Risk
C15205,Premium,Monthly,1095.3,7,11.7,4,False,5,High Risk
C15206,Premium,Monthly,1026.12,3,56.2,1,True,2,Medium Risk
C15209,Standard,Annual,811.48,34,72.6,2,True,0,Low Risk
C15210,Basic,Monthly,409.74,33,47.1,2,False,2,Medium Risk
C15211,Premium,Monthly,1411.05,28,0.1,5,False,4,High Risk
C15212,Basic,Monthly,431.99,8,51.5,3,False,4,High Risk
C15213,Premium,Annual,1300.24,24,17.4,5,True,2,Medium Risk
C15214,Premium,Monthly,1365.85,14,63.7,4,True,2,Medium Risk
C15215,Basic,Annual,442.44,28,33.7,3,True,1,Medium Risk
C15217,Basic,Annual,301.8,27,41.9,3,True,1,Medium Risk
C15218,Premium,Annual,1338.39,9,49.7,2,True,1,Medium Risk
C15220,Standard,Monthly,848.43,8,29.1,3,True,3,High Risk
C15222,Premium,Monthly,1309.69,10,52.1,2,True,2,Medium Risk
C15223,Basic,Monthly,430.92,7,67.4,1,False,3,High Risk
C15224,Premium,Monthly,1401.9,13,42.0,2,True,1,Medium Risk
C15225,Basic,Annual,321.18,23,29.0,3,True,1,Medium Risk
C15227,Basic,Monthly,414.33,18,25.5,4,False,3,High Risk
C15229,Basic,Monthly,462.71,7,53.8,2,True,2,Medium Risk
C15230,Basic,Annual,376.63,11,15.2,5,True,3,High Risk
C15231,Premium,Annual,1319.33,3,51.3,2,False,2,Medium Risk
C15232,Standard,Annual,864.11,29,70.7,2,False,1,Medium Risk
C15233,Basic,Annual,450.12,22,63.1,1,True,0,Low Risk
C15234,Standard,Monthly,603.28,1,41.4,5,True,3,High Risk
C15235,Standard,Monthly,889.73,0,59.8,1,True,2,Medium Risk
C15236,Basic,Monthly,389.23,25,48.0,2,True,1,Medium Risk
C15237,Basic,Annual,315.05,33,36.3,5,True,1,Medium Risk
C15238,Standard,Monthly,715.33,17,38.7,4,True,2,Medium Risk
C15240,Basic,Monthly,398.94,35,25.9,4,False,3,High Risk
C15241,Standard,Monthly,625.54,15,39.4,4,False,3,High Risk
C15242,Basic,Monthly,366.46,24,25.7,5,False,3,High Risk
C15245,Basic,Annual,498.8,24,22.9,3,True,1,Medium Risk
C15249,Standard,Monthly,697.54,24,70.6,1,False,2,Medium Risk
C15250,Basic,Monthly,463.56,29,65.0,1,True,1,Medium Risk
C15253,Basic,Monthly,497.66,6,58.6,1,True,2,Medium Risk
C15254,Basic,Annual,323.64,16,55.8,3,True,1,Medium Risk
C15255,Basic,Annual,313.76,26,21.2,4,True,1,Medium Risk
C15257,Standard,Monthly,861.55,16,75.3,0,False,2,Medium Risk
C15258,Standard,Annual,755.14,29,11.5,5,True,2,Medium Risk
C15259,Basic,Monthly,405.36,33,7.1,4,False,4,High Risk
C15261,Premium,Monthly,1459.37,5,3.3,5,False,5,High Risk
C15262,Basic,Monthly,364.2,5,27.1,3,False,4,High Risk
C15263,Premium,Monthly,1203.13,1,43.5,2,False,3,High Risk
C15265,Premium,Monthly,1314.21,21,32.3,3,False,3,High Risk
C15266,Basic,Annual,383.11,25,65.1,1,False,1,Medium Risk
C15267,Standard,Monthly,822.01,30,40.4,2,False,2,Medium Risk
C15271,Standard,Monthly,830.87,30,30.6,4,True,2,Medium Risk
C15272,Basic,Monthly,376.37,9,45.9,2,True,2,Medium Risk
C15273,Basic,Monthly,467.86,5,60.7,3,True,3,High Risk
C15274,Basic,Monthly,449.75,14,34.8,3,True,2,Medium Risk
C15275,Premium,Annual,1343.37,13,24.6,4,False,2,Medium Risk
C15276,Basic,Annual,402.19,33,56.7,1,True,0,Low Risk
C15277,Basic,Annual,445.6,30,54.3,2,False,1,Medium Risk
C15280,Standard,Monthly,651.88,7,64.1,1,False,3,High Risk
C15281,Basic,Monthly,304.62,11,32.6,3,False,4,High Risk
C15282,Standard,Annual,652.06,35,34.6,3,True,1,Medium Risk
C15283,Standard,Annual,898.49,24,53.7,1,True,0,Low Risk
C15284,Standard,Annual,750.21,29,27.2,4,True,1,Medium Risk
C15286,Basic,Monthly,436.84,11,49.0,2,False,3,High Risk
C15287,Standard,Monthly,834.15,7,27.9,4,False,4,High Risk
C15289,Basic,Monthly,362.89,28,49.5,1,False,2,Medium Risk
C15290,Premium,Monthly,1047.27,4,33.6,4,False,4,High Risk
C15292,Standard,Monthly,766.54,0,12.5,5,True,4,High Risk
C15294,Basic,Annual,461.79,30,27.0,4,True,1,Medium Risk
C15295,Standard,Monthly,626.04,2,55.8,4,True,3,High Risk
C15296,Basic,Monthly,404.37,7,25.9,4,False,4,High Risk
C15297,Basic,Monthly,457.7,32,27.9,2,False,2,Medium Risk
C15298,Standard,Annual,647.19,23,0.7,5,True,2,Medium Risk
C15299,Standard,Monthly,881.64,2,63.2,1,True,2,Medium Risk
C15300,Basic,Monthly,427.33,2,59.0,2,True,2,Medium Risk
C15301,Standard,Annual,844.8,21,56.0,1,True,0,Low Risk
C15303,Standard,Monthly,824.05,14,25.5,3,False,3,High Risk
C15304,Premium,Monthly,1186.58,19,47.7,3,True,2,Medium Risk
C15305,Basic,Monthly,456.56,3,40.2,3,False,4,High Risk
C15306,Basic,Annual,332.7,19,44.3,3,False,2,Medium Risk
C15307,Premium,Monthly,1280.2,15,66.4,1,False,2,Medium Risk
C15308,Basic,Annual,440.31,31,18.2,4,True,2,Medium Risk
C15309,Basic,Monthly,337.6,8,61.4,2,False,3,High Risk
C15310,Premium,Annual,1057.31,15,59.7,1,False,1,Medium Risk
C15311,Premium,Monthly,1033.93,11,23.7,4,True,3,High Risk
C15312,Basic,Annual,446.62,18,56.0,3,True,1,Medium Risk
C15313,Standard,Annual,614.4,32,55.8,2,True,0,Low Risk
C15314,Standard,Monthly,866.6,19,60.1,1,False,2,Medium Risk
C15315,Standard,Monthly,889.98,29,11.0,6,False,4,High Risk
C15316,Premium,Monthly,1257.0,4,45.5,4,True,3,High Risk
C15318,Premium,Monthly,1045.31,8,31.2,3,True,3,High Risk
C15319,Premium,Annual,1335.79,3,23.7,5,True,2,Medium Risk
C15321,Basic,Annual,300.13,19,54.6,2,True,0,Low Risk
C15323,Standard,Monthly,607.79,20,30.6,3,False,3,High Risk
C15324,Basic,Monthly,458.08,0,52.8,3,True,3,High Risk
C15325,Standard,Annual,895.36,23,80.8,1,True,0,Low Risk
C15326,Basic,Annual,312.31,33,31.6,3,False,2,Medium Risk
C15327,Premium,Monthly,1130.9,16,22.3,3,True,2,Medium Risk
C15328,Premium,Monthly,1082.09,19,8.9,5,False,4,High Risk
C15329,Premium,Monthly,1004.77,19,44.5,3,False,3,High Risk
C15330,Premium,Monthly,1254.6,14,38.4,2,False,2,Medium Risk
C15331,Premium,Monthly,1358.1,0,14.1,4,False,5,High Risk
C15332,Premium,Annual,1155.48,20,34.6,4,True,1,Medium Risk
C15333,Basic,Annual,364.99,33,57.5,2,False,1,Medium Risk
C15334,Basic,Monthly,333.16,35,60.3,1,False,2,Medium Risk
C15335,Basic,Monthly,438.61,0,13.9,4,False,5,High Risk
C15336,Basic,Annual,354.24,12,50.4,2,False,1,Medium Risk
C15337,Standard,Annual,728.91,29,26.8,4,True,1,Medium Risk
C15338,Basic,Monthly,310.47,22,43.7,2,False,2,Medium Risk
C15339,Standard,Annual,782.78,23,46.2,2,True,0,Low Risk
C15340,Standard,Monthly,898.2,5,56.1,1,True,2,Medium Risk
C15341,Standard,Annual,604.66,28,74.3,1,False,1,Medium Risk
C15342,Premium,Annual,1221.76,25,46.7,4,True,1,Medium Risk
C15343,Standard,Monthly,750.08,18,62.7,2,True,1,Medium Risk
C15344,Basic,Annual,328.73,31,17.5,4,True,2,Medium Risk
C15346,Basic,Annual,354.45,32,30.5,4,True,1,Medium Risk
C15347,Basic,Monthly,481.77,1,46.7,2,True,2,Medium Risk
C15348,Standard,Monthly,684.34,3,5.3,7,True,4,High Risk
C15349,Basic,Monthly,330.73,20,5.4,5,True,3,High Risk
C15352,Basic,Monthly,440.79,20,41.1,3,False,3,High Risk
C15354,Basic,Annual,488.24,25,41.8,2,True,0,Low Risk
C15355,Standard,Monthly,728.25,9,61.0,1,False,3,High Risk
C15356,Basic,Monthly,412.99,2,55.1,3,True,3,High Risk
C15357,Basic,Monthly,468.89,10,41.0,2,True,2,Medium Risk
C15358,Standard,Annual,825.79,32,50.1,2,True,0,Low Risk
C15359,Basic,Monthly,491.57,16,33.9,3,True,2,Medium Risk
C15360,Premium,Monthly,1226.62,26,40.7,3,False,3,High Risk
C15361,Premium,Monthly,1479.67,19,45.9,2,True,1,Medium Risk
C15363,Basic,Monthly,386.76,20,39.7,2,True,1,Medium Risk
C15364,Basic,Monthly,481.69,14,44.7,2,False,2,Medium Risk
C15365,Standard,Monthly,810.23,3,42.0,3,False,4,High Risk
C15366,Premium,Monthly,1235.75,13,57.5,2,False,2,Medium Risk
C15367,Premium,Monthly,1209.72,5,11.9,4,False,5,High Risk
C15368,Premium,Monthly,1387.43,1,61.1,2,True,2,Medium Risk
C15370,Basic,Monthly,304.91,10,66.6,0,True,2,Medium Risk
C15371,Premium,Monthly,1095.41,7,44.5,2,False,3,High Risk
C15373,Premium,Monthly,1325.67,6,25.9,3,False,4,High Risk
C15374,Basic,Monthly,451.25,27,10.9,4,True,3,High Risk
C15376,Basic,Monthly,479.33,17,33.1,4,False,3,High Risk
C15377,Basic,Annual,299.44,22,4.1,5,True,2,Medium Risk
C15378,Standard,Monthly,663.56,25,77.3,0,True,1,Medium Risk
C15379,Basic,Monthly,409.86,18,53.8,2,False,2,Medium Risk
C15380,Basic,Annual,333.11,17,18.2,4,False,3,High Risk
C15381,Basic,Monthly,430.33,26,55.5,1,False,2,Medium Risk
C15382,Standard,Monthly,637.32,20,56.2,3,False,3,High Risk
C15383,Basic,Monthly,361.31,5,64.5,1,False,3,High Risk
C15384,Premium,Monthly,1231.61,17,45.7,4,False,3,High Risk
C15385,Premium,Annual,1012.09,33,23.3,4,True,1,Medium Risk
C15386,Basic,Annual,312.05,9,56.2,2,True,1,Medium Risk
C15387,Standard,Monthly,754.31,2,6.6,5,False,5,High Risk
C15388,Basic,Monthly,401.71,0,29.5,5,True,3,High Risk
C15390,Premium,Monthly,1272.7,1,26.7,4,True,3,High Risk
C15392,Standard,Monthly,803.86,26,13.9,3,True,3,High Risk
C15393,Standard,Annual,640.91,18,16.2,3,True,2,Medium Risk
C15395,Basic,Monthly,304.92,0,51.2,3,False,4,High Risk
C15397,Basic,Annual,309.94,14,53.7,2,True,0,Low Risk
C15398,Standard,Monthly,601.03,1,28.3,4,False,4,High Risk
C15399,Basic,Monthly,492.68,15,58.8,2,True,1,Medium Risk
C15400,Standard,Monthly,813.9,30,8.1,5,True,3,High Risk
C15402,Standard,Annual,806.76,31,63.4,2,True,0,Low Risk
C15404,Basic,Annual,454.9,20,14.8,5,True,2,Medium Risk
C15405,Basic,Annual,479.01,16,12.7,4,True,2,Medium Risk
C15407,Basic,Monthly,377.64,9,55.3,3,True,3,High Risk
C15408,Standard,Monthly,885.63,25,40.4,2,False,2,Medium Risk
C15410,Basic,Monthly,371.71,11,32.0,4,True,3,High Risk
C15411,Basic,Monthly,354.98,4,32.3,3,False,4,High Risk
C15412,Basic,Monthly,391.39,17,17.0,4,False,4,High Risk
C15413,Standard,Annual,618.06,10,44.3,3,True,2,Medium Risk
C15415,Standard,Monthly,688.83,17,44.4,2,True,1,Medium Risk
C15416,Premium,Annual,1283.33,34,25.1,3,True,1,Medium Risk
C15417,Premium,Monthly,1168.01,4,59.3,3,False,4,High Risk
C15420,Basic,Monthly,449.17,1,71.4,1,True,2,Medium Risk
C15422,Premium,Monthly,1383.63,18,16.3,4,False,4,High Risk
C15423,Standard,Annual,611.09,25,14.3,4,True,2,Medium Risk
C15424,Basic,Monthly,435.27,28,53.4,2,True,1,Medium Risk
C15427,Premium,Monthly,1128.4,13,21.0,3,False,3,High Risk
C15431,Standard,Annual,727.9,30,63.3,1,True,0,Low Risk
C15432,Standard,Monthly,604.98,19,49.7,3,True,2,Medium Risk
C15433,Premium,Monthly,1164.97,13,47.5,2,True,1,Medium Risk
C15434,Standard,Annual,799.68,33,54.2,1,True,0,Low Risk
C15435,Standard,Annual,843.47,20,26.2,5,True,1,Medium Risk
C15436,Basic,Annual,322.55,35,40.2,3,True,1,Medium Risk
C15438,Basic,Monthly,358.89,13,57.9,1,False,2,Medium Risk
C15439,Basic,Monthly,344.03,16,60.1,1,True,1,Medium Risk
C15440,Standard,Monthly,808.67,4,78.0,0,True,2,Medium Risk
C15441,Standard,Annual,644.12,11,24.4,4,True,2,Medium Risk
C15443,Basic,Annual,352.15,35,59.2,1,True,0,Low Risk
C15444,Basic,Annual,365.01,18,54.3,1,True,0,Low Risk
C15445,Basic,Monthly,303.39,22,56.2,3,False,3,High Risk
C15446,Basic,Monthly,329.14,0,9.9,4,False,5,High Risk
C15447,Standard,Monthly,606.67,1,63.8,2,True,2,Medium Risk
C15448,Standard,Monthly,627.19,16,29.5,4,False,3,High Risk
C15450,Basic,Monthly,486.27,3,56.3,2,True,2,Medium Risk
C15456,Basic,Annual,497.44,31,29.8,5,True,1,Medium Risk
C15457,Standard,Monthly,632.43,27,29.0,3,False,3,High Risk
C15458,Basic,Monthly,492.83,13,45.5,4,False,3,High Risk
C15459,Standard,Monthly,699.69,3,54.3,1,True,2,Medium Risk
C15461,Standard,Annual,728.47,27,32.7,3,False,2,Medium Risk
C15463,Basic,Annual,408.08,19,58.5,2,True,0,Low Risk
C15464,Standard,Monthly,894.72,3,28.1,3,True,3,High Risk
C15465,Standard,Monthly,737.72,25,17.1,5,False,4,High Risk
C15467,Basic,Monthly,328.62,16,55.1,2,True,1,Medium Risk
C15468,Basic,Annual,449.31,31,41.7,3,True,1,Medium Risk
C15469,Basic,Annual,451.2,5,54.0,1,True,1,Medium Risk
C15472,Standard,Monthly,715.16,8,34.9,2,True,2,Medium Risk
C15473,Standard,Monthly,731.24,0,70.7,0,False,3,High Risk
C15474,Premium,Monthly,1456.29,22,63.3,1,True,1,Medium Risk
C15475,Standard,Monthly,820.96,20,30.1,3,False,3,High Risk
C15477,Basic,Monthly,345.2,28,49.5,4,True,2,Medium Risk
C15478,Basic,Annual,398.74,25,44.6,2,False,1,Medium Risk
C15479,Standard,Monthly,664.81,17,32.5,4,False,3,High Risk
C15482,Premium,Monthly,1493.42,3,56.5,2,False,3,High Risk
C15483,Premium,Monthly,1107.21,15,67.8,1,True,1,Medium Risk
C15484,Basic,Annual,319.28,14,58.6,2,True,0,Low Risk
C15485,Basic,Annual,342.84,35,45.6,2,True,0,Low Risk
C15486,Basic,Monthly,443.33,29,60.6,2,False,2,Medium Risk
C15488,Standard,Monthly,787.76,21,48.6,3,True,2,Medium Risk
C15489,Basic,Monthly,436.62,0,43.7,3,True,3,High Risk
C15490,Basic,Annual,323.74,24,67.5,1,False,1,Medium Risk
C15493,Premium,Monthly,1328.8,25,56.3,1,False,2,Medium Risk
C15494,Basic,Monthly,492.52,18,13.4,5,True,3,High Risk
C15495,Basic,Monthly,394.0,18,30.2,3,False,3,High Risk
C15500,Standard,Monthly,657.06,4,33.2,3,True,3,High Risk
C15503,Standard,Annual,813.08,36,16.7,4,True,2,Medium Risk
C15504,Basic,Monthly,326.04,28,18.9,4,True,3,High Risk
C15506,Basic,Monthly,363.21,0,45.5,2,True,2,Medium Risk
C15507,Basic,Monthly,401.99,21,37.4,3,True,2,Medium Risk
C15509,Standard,Monthly,896.16,23,63.3,0,False,2,Medium Risk
C15510,Premium,Monthly,1412.12,27,31.2,3,True,2,Medium Risk
C15511,Premium,Monthly,1178.66,5,0.0,5,False,5,High Risk
C15512,Standard,Monthly,801.17,3,56.8,2,False,3,High Risk
C15513,Premium,Annual,1227.11,23,16.8,4,True,2,Medium Risk
C15514,Basic,Annual,468.44,12,53.0,1,True,0,Low Risk
C15515,Standard,Monthly,791.25,4,64.0,1,False,3,High Risk
C15516,Premium,Monthly,1432.92,13,37.9,3,False,3,High Risk
C15517,Standard,Annual,612.4,23,16.0,4,True,2,Medium Risk
C15518,Basic,Monthly,491.07,6,11.7,6,True,4,High Risk
C15520,Premium,Monthly,1280.25,0,36.3,4,True,3,High Risk
C15521,Premium,Annual,1187.99,34,15.9,5,True,2,Medium Risk
C15522,Basic,Annual,316.62,24,54.5,4,False,2,Medium Risk
C15523,Premium,Annual,1011.8,26,45.0,3,True,1,Medium Risk
C15524,Premium,Annual,1470.52,2,56.2,3,True,2,Medium Risk
C15525,Standard,Monthly,823.25,19,45.8,4,False,3,High Risk
C15526,Standard,Annual,859.81,2,43.8,2,False,2,Medium Risk
C15527,Basic,Annual,468.04,25,59.7,2,False,1,Medium Risk
C15528,Basic,Monthly,424.46,15,25.5,4,False,3,High Risk
C15529,Basic,Monthly,411.36,14,50.8,2,False,2,Medium Risk
C15530,Premium,Monthly,1246.42,32,74.3,1,False,2,Medium Risk
C15531,Standard,Monthly,865.44,21,13.7,4,False,4,High Risk
C15532,Basic,Annual,365.31,27,26.9,3,True,1,Medium Risk
C15535,Premium,Monthly,1116.66,25,49.7,2,False,2,Medium Risk
C15536,Basic,Monthly,345.01,31,28.7,4,True,2,Medium Risk
C15537,Basic,Monthly,305.83,18,54.5,4,True,2,Medium Risk
C15538,Basic,Annual,376.85,31,60.5,3,True,1,Medium Risk
C15539,Standard,Annual,843.13,22,74.4,2,True,0,Low Risk
C15540,Standard,Monthly,625.42,18,18.8,4,True,3,High Risk
C15541,Standard,Monthly,639.45,29,43.8,2,False,2,Medium Risk
C15542,Basic,Monthly,449.68,10,14.4,4,False,5,High Risk
C15543,Basic,Monthly,357.0,6,70.9,1,True,2,Medium Risk
C15544,Basic,Annual,442.02,10,61.4,1,True,1,Medium Risk
C15545,Premium,Monthly,1300.84,16,12.2,3,True,3,High Risk
C15546,Standard,Annual,639.0,24,40.1,2,True,0,Low Risk
C15547,Standard,Monthly,737.71,4,50.3,3,True,3,High Risk
C15548,Basic,Monthly,421.47,10,19.2,6,False,5,High Risk
C15549,Basic,Monthly,407.97,20,69.5,2,False,2,Medium Risk
C15550,Standard,Monthly,666.17,19,45.7,2,False,2,Medium Risk
C15551,Standard,Monthly,849.25,9,33.1,2,False,3,High Risk
C15552,Standard,Monthly,637.51,32,8.0,7,False,4,High Risk
C15554,Basic,Monthly,379.35,5,33.3,5,True,3,High Risk
C15555,Premium,Annual,1395.08,14,27.3,6,True,1,Medium Risk
C15557,Basic,Monthly,396.86,5,9.6,7,False,5,High Risk
C15559,Standard,Monthly,735.25,6,13.9,5,True,4,High Risk
C15560,Premium,Monthly,1182.97,4,25.7,3,False,4,High Risk
C15565,Basic,Annual,377.86,18,22.9,4,True,1,Medium Risk
C15566,Standard,Annual,687.83,15,0.6,6,True,2,Medium Risk
C15567,Basic,Annual,469.01,22,14.0,5,False,3,High Risk
C15571,Premium,Annual,1124.37,31,39.5,5,True,1,Medium Risk
C15572,Standard,Monthly,668.24,1,56.2,1,True,2,Medium Risk
C15574,Premium,Annual,1093.62,11,28.5,3,True,2,Medium Risk
C15576,Basic,Annual,436.36,28,46.4,2,True,0,Low Risk
C15577,Premium,Monthly,1428.47,26,29.4,3,False,3,High Risk
C15580,Basic,Monthly,441.47,16,30.4,4,True,2,Medium Risk
C15581,Basic,Annual,441.94,4,34.5,3,True,2,Medium Risk
C15582,Standard,Monthly,704.42,5,21.6,4,True,3,High Risk
C15584,Premium,Monthly,1112.04,20,14.2,4,True,3,High Risk
C15585,Standard,Monthly,716.05,16,10.4,4,False,4,High Risk
C15586,Standard,Monthly,827.09,9,8.5,4,False,5,High Risk
C15587,Standard,Annual,818.57,34,59.2,1,True,0,Low Risk
C15588,Basic,Annual,403.65,29,29.7,3,False,2,Medium Risk
C15590,Premium,Monthly,1402.58,11,14.4,4,False,5,High Risk
C15591,Basic,Annual,359.3,32,54.9,2,True,0,Low Risk
C15593,Standard,Annual,872.0,23,54.2,1,False,1,Medium Risk
C15596,Standard,Monthly,606.77,36,72.8,0,True,1,Medium Risk
C15597,Standard,Monthly,768.23,12,30.8,3,True,2,Medium Risk
C15598,Premium,Annual,1355.55,36,37.2,4,True,1,Medium Risk
C15600,Standard,Annual,829.21,29,42.5,4,False,2,Medium Risk
C15602,Premium,Monthly,1211.69,22,36.9,3,False,3,High Risk
C15603,Standard,Monthly,689.1,13,31.5,3,False,3,High Risk
C15604,Basic,Annual,382.31,26,51.6,2,True,0,Low Risk
C15607,Basic,Annual,384.9,19,8.0,5,False,3,High Risk
C15608,Basic,Monthly,350.27,9,57.6,3,False,4,High Risk
C15609,Basic,Monthly,364.27,4,40.8,3,False,4,High Risk
C15611,Premium,Monthly,1114.01,31,34.9,3,True,2,Medium Risk
C15612,Basic,Monthly,326.22,13,1.8,5,True,3,High Risk
C15613,Basic,Annual,318.86,33,29.8,3,True,1,Medium Risk
C15615,Standard,Monthly,824.95,26,37.5,2,False,2,Medium Risk
C15616,Standard,Monthly,888.79,19,42.5,2,False,2,Medium Risk
C15617,Basic,Monthly,393.51,4,20.7,4,False,4,High Risk
C15618,Premium,Annual,1049.65,28,14.7,4,True,2,Medium Risk
C15619,Basic,Monthly,408.08,5,9.1,4,False,5,High Risk
C15620,Standard,Monthly,835.44,1,11.3,4,False,5,High Risk
C15621,Basic,Monthly,458.91,22,44.0,2,False,2,Medium Risk
C15622,Basic,Monthly,425.28,32,57.1,2,False,2,Medium Risk
C15624,Premium,Monthly,1328.07,7,63.9,3,True,3,High Risk
C15625,Basic,Monthly,336.17,8,46.8,3,False,4,High Risk
C15626,Standard,Monthly,747.49,15,77.3,0,True,1,Medium Risk
C15627,Basic,Monthly,331.39,17,13.6,4,True,3,High Risk
C15628,Basic,Annual,341.77,19,64.3,1,True,0,Low Risk
C15631,Standard,Monthly,809.25,9,62.4,2,False,3,High Risk
C15632,Basic,Monthly,464.28,0,30.3,3,False,4,High Risk
C15636,Premium,Monthly,1301.13,7,62.2,1,True,2,Medium Risk
C15637,Basic,Monthly,306.37,26,13.9,4,True,3,High Risk
C15639,Standard,Annual,825.38,30,17.3,5,True,2,Medium Risk
C15640,Basic,Annual,408.93,21,37.3,3,True,1,Medium Risk
C15641,Standard,Monthly,762.72,27,48.0,3,True,2,Medium Risk
C15645,Basic,Annual,321.88,30,33.2,3,True,1,Medium Risk
C15646,Basic,Monthly,451.07,27,63.1,1,False,2,Medium Risk
C15649,Standard,Annual,792.79,29,43.2,4,True,1,Medium Risk
C15651,Standard,Annual,716.78,33,3.4,6,False,3,High Risk
C15652,Standard,Monthly,749.59,15,62.7,1,True,1,Medium Risk
C15653,Basic,Monthly,319.34,26,76.1,2,False,2,Medium Risk
C15654,Standard,Monthly,807.52,36,36.6,2,False,2,Medium Risk
C15655,Standard,Monthly,819.59,1,45.3,4,False,4,High Risk
C15656,Basic,Monthly,470.24,10,17.0,5,True,4,High Risk
C15657,Basic,Monthly,480.18,11,39.7,3,False,4,High Risk
C15658,Standard,Annual,624.78,20,31.8,3,True,1,Medium Risk
C15659,Basic,Monthly,356.6,15,27.9,4,False,3,High Risk
C15660,Basic,Monthly,330.31,19,17.2,5,False,4,High Risk
C15661,Basic,Annual,448.18,29,7.7,4,True,2,Medium Risk
C15664,Standard,Annual,825.5,36,68.6,1,False,1,Medium Risk
C15667,Basic,Monthly,405.04,11,37.7,2,False,3,High Risk
C15668,Premium,Monthly,1486.54,14,61.3,2,False,2,Medium Risk
C15670,Standard,Monthly,610.33,35,52.7,2,True,1,Medium Risk
C15673,Premium,Annual,1082.08,25,28.3,3,True,1,Medium Risk
C15674,Basic,Monthly,415.66,10,15.1,4,True,4,High Risk
C15676,Premium,Annual,1228.08,32,33.0,3,True,1,Medium Risk
C15677,Basic,Monthly,400.59,16,51.6,2,False,2,Medium Risk
C15678,Basic,Annual,428.27,22,64.1,2,True,0,Low Risk
C15679,Standard,Monthly,740.25,4,36.1,4,False,4,High Risk
C15680,Basic,Annual,494.99,30,66.8,1,True,0,Low Risk
C15683,Basic,Monthly,448.3,11,21.3,4,True,3,High Risk
C15684,Standard,Monthly,831.52,2,50.3,2,False,3,High Risk
C15686,Basic,Monthly,485.26,10,18.6,4,False,5,High Risk
C15687,Basic,Annual,406.02,14,47.6,3,True,1,Medium Risk
C15688,Basic,Monthly,455.81,2,38.5,4,False,4,High Risk
C15689,Premium,Annual,1475.53,17,55.8,4,True,1,Medium Risk
C15690,Basic,Annual,327.9,4,50.9,1,True,1,Medium Risk
C15692,Standard,Monthly,751.01,0,55.9,3,False,4,High Risk
C15694,Standard,Monthly,858.57,19,50.4,2,False,2,Medium Risk
C15695,Standard,Monthly,735.15,17,59.1,4,True,2,Medium Risk
C15696,Standard,Annual,631.83,36,69.5,2,True,0,Low Risk
C15697,Basic,Annual,391.68,22,49.1,3,True,1,Medium Risk
C15698,Basic,Monthly,391.3,15,74.6,0,False,2,Medium Risk
C15699,Premium,Monthly,1104.32,5,50.4,3,True,3,High Risk
C15701,Premium,Annual,1467.34,33,67.9,2,True,0,Low Risk
C15703,Basic,Annual,302.06,34,34.1,4,False,2,Medium Risk
C15704,Standard,Annual,852.8,33,49.0,2,True,0,Low Risk
C15706,Premium,Annual,1428.39,34,12.9,5,True,2,Medium Risk
C15707,Basic,Monthly,428.86,34,26.2,6,False,3,High Risk
C15708,Standard,Monthly,634.49,25,39.0,2,False,2,Medium Risk
C15709,Basic,Monthly,398.72,18,82.5,1,False,2,Medium Risk
C15710,Basic,Monthly,404.77,17,16.1,6,False,4,High Risk
C15711,Standard,Monthly,803.79,35,41.7,2,True,1,Medium Risk
C15712,Basic,Monthly,466.39,30,27.0,4,False,3,High Risk
C15715,Premium,Monthly,1451.42,24,42.9,3,True,2,Medium Risk
C15717,Premium,Monthly,1310.73,7,17.7,4,False,5,High Risk
C15718,Standard,Annual,651.15,15,53.0,3,True,1,Medium Risk
C15720,Standard,Monthly,782.94,6,30.2,3,False,4,High Risk
C15723,Premium,Monthly,1113.88,21,42.4,2,False,2,Medium Risk
C15724,Standard,Monthly,660.39,7,53.8,2,False,3,High Risk
C15725,Standard,Monthly,890.57,22,71.9,1,False,2,Medium Risk
C15727,Premium,Monthly,1237.28,8,51.9,2,False,3,High Risk
C15728,Basic,Monthly,482.74,33,35.4,4,True,2,Medium Risk
C15729,Standard,Annual,637.99,35,34.2,3,True,1,Medium Risk
C15730,Standard,Monthly,806.92,32,46.7,2,False,2,Medium Risk
C15731,Standard,Monthly,725.75,15,42.8,2,True,1,Medium Risk
C15732,Premium,Monthly,1439.89,26,47.9,2,False,2,Medium Risk
C15734,Basic,Monthly,474.72,25,49.4,2,True,1,Medium Risk
C15735,Basic,Monthly,323.9,12,44.9,3,False,3,High Risk
C15737,Standard,Monthly,682.65,27,48.5,1,False,2,Medium Risk
C15738,Basic,Annual,413.86,10,45.7,3,True,2,Medium Risk
C15740,Standard,Annual,749.84,16,66.5,1,True,0,Low Risk
C15742,Basic,Monthly,328.55,5,70.0,1,True,2,Medium Risk
C15743,Premium,Monthly,1448.72,24,49.4,2,False,2,Medium Risk
C15744,Basic,Annual,485.22,35,2.0,5,False,3,High Risk
C15745,Premium,Annual,1363.03,27,32.5,3,True,1,Medium Risk
C15746,Basic,Monthly,445.9,9,10.3,5,False,5,High Risk
C15748,Standard,Annual,806.94,33,78.1,1,True,0,Low Risk
C15749,Basic,Annual,437.1,25,36.3,4,True,1,Medium Risk
C15750,Standard,Monthly,843.17,35,35.0,3,True,2,Medium Risk
C15751,Standard,Monthly,800.77,15,51.3,4,False,3,High Risk
C15753,Standard,Annual,722.94,29,52.5,2,True,0,Low Risk
C15754,Basic,Monthly,341.63,8,54.4,1,False,3,High Risk
C15755,Premium,Monthly,1174.45,8,30.8,3,False,4,High Risk
C15757,Standard,Monthly,783.79,4,39.6,3,False,4,High Risk
C15758,Standard,Monthly,625.39,12,34.2,2,False,2,Medium Risk
C15759,Standard,Monthly,717.23,28,58.6,3,False,3,High Risk
C15761,Standard,Annual,877.76,7,18.8,3,True,3,High Risk
C15762,Basic,Annual,443.76,23,11.2,4,True,2,Medium Risk
C15763,Premium,Annual,1170.28,7,37.9,3,True,2,Medium Risk
C15765,Premium,Monthly,1317.18,16,15.0,4,False,4,High Risk
C15766,Basic,Monthly,441.74,12,20.1,5,False,3,High Risk
C15768,Standard,Monthly,892.38,27,29.3,5,False,3,High Risk
C15769,Basic,Monthly,423.61,24,48.8,2,True,1,Medium Risk
C15770,Premium,Monthly,1287.06,4,10.9,4,False,5,High Risk
C15771,Premium,Monthly,1217.63,11,30.6,3,False,4,High Risk
C15772,Premium,Monthly,1311.5,19,29.0,5,False,3,High Risk
C15775,Premium,Monthly,1028.87,22,41.9,3,True,2,Medium Risk
C15776,Premium,Monthly,1373.6,27,50.1,2,True,1,Medium Risk
C15777,Standard,Annual,686.36,19,45.8,2,True,0,Low Risk
C15778,Basic,Monthly,487.39,14,48.5,2,False,2,Medium Risk
C15779,Premium,Monthly,1191.94,12,22.2,5,False,3,High Risk
C15780,Standard,Monthly,632.91,5,67.4,1,False,3,High Risk
C15781,Standard,Monthly,734.09,21,38.1,3,True,2,Medium Risk
C15783,Standard,Monthly,766.66,10,49.5,2,False,3,High Risk
C15786,Standard,Annual,786.02,24,24.4,4,False,2,Medium Risk
C15787,Standard,Monthly,787.11,14,20.8,4,False,3,High Risk
C15788,Standard,Annual,882.38,28,69.9,2,True,0,Low Risk
C15789,Premium,Monthly,1084.63,25,55.1,2,False,2,Medium Risk
C15790,Basic,Monthly,471.03,6,48.7,2,True,2,Medium Risk
C15791,Standard,Annual,774.67,35,19.3,3,True,2,Medium Risk
C15792,Basic,Annual,342.72,18,29.2,4,True,1,Medium Risk
C15793,Standard,Monthly,797.15,4,40.2,3,True,3,High Risk
C15796,Basic,Annual,343.68,34,43.4,3,True,1,Medium Risk
C15797,Standard,Monthly,895.41,2,78.7,0,False,3,High Risk
C15799,Basic,Monthly,423.6,17,47.3,2,False,2,Medium Risk
C15801,Standard,Monthly,685.49,6,28.4,4,True,3,High Risk
C15803,Premium,Monthly,1116.43,12,56.1,1,True,1,Medium Risk
C15804,Basic,Monthly,329.04,20,54.4,3,True,2,Medium Risk
C15806,Basic,Monthly,350.33,22,56.0,2,True,1,Medium Risk
C15808,Basic,Monthly,352.76,7,53.2,2,False,3,High Risk
C15811,Premium,Monthly,1276.89,28,16.5,4,False,4,High Risk
C15812,Basic,Monthly,425.01,1,35.5,3,True,3,High Risk
C15813,Basic,Annual,442.44,20,28.0,4,False,2,Medium Risk
C15814,Basic,Monthly,336.56,16,58.6,2,False,2,Medium Risk
C15815,Standard,Monthly,763.39,21,31.9,5,False,3,High Risk
C15816,Standard,Monthly,664.65,2,19.0,3,True,4,High Risk
C15817,Standard,Monthly,757.35,10,54.0,2,False,3,High Risk
C15818,Premium,Monthly,1363.39,7,40.7,2,True,2,Medium Risk
C15821,Premium,Monthly,1046.24,17,44.5,2,False,2,Medium Risk
C15822,Standard,Monthly,693.32,7,69.6,1,True,2,Medium Risk
C15823,Basic,Monthly,497.91,25,10.3,4,True,3,High Risk
C15824,Standard,Monthly,764.17,21,23.4,3,True,2,Medium Risk
C15825,Premium,Annual,1197.55,29,69.7,1,False,1,Medium Risk
C15827,Standard,Monthly,804.36,15,3.6,5,False,4,High Risk
C15829,Standard,Monthly,887.42,12,49.7,2,False,2,Medium Risk
C15833,Premium,Monthly,1260.09,19,64.6,1,True,1,Medium Risk
C15834,Standard,Monthly,796.68,5,37.9,2,False,3,High Risk
C15835,Basic,Annual,442.21,33,40.3,2,True,0,Low Risk
C15836,Premium,Monthly,1424.05,11,64.8,2,False,3,High Risk
C15837,Basic,Annual,489.78,23,34.9,3,True,1,Medium Risk
C15838,Premium,Monthly,1190.45,16,56.3,2,False,2,Medium Risk
C15840,Basic,Monthly,460.65,0,48.1,2,False,3,High Risk
C15841,Basic,Annual,426.55,24,69.8,2,True,0,Low Risk
C15842,Basic,Annual,487.27,5,39.5,2,True,1,Medium Risk
C15843,Premium,Monthly,1013.7,8,41.7,3,False,4,High Risk
C15847,Basic,Annual,452.2,19,51.6,2,True,0,Low Risk
C15851,Standard,Monthly,826.83,22,14.0,4,True,3,High Risk
C15852,Standard,Monthly,828.58,13,53.9,2,True,1,Medium Risk
C15855,Basic,Monthly,345.67,8,17.6,4,False,5,High Risk
C15858,Basic,Monthly,363.24,10,84.8,0,True,2,Medium Risk
C15859,Basic,Annual,303.19,33,23.9,3,True,1,Medium Risk
C15860,Standard,Monthly,756.76,19,9.4,5,False,4,High Risk
C15862,Basic,Monthly,315.01,15,31.6,3,False,3,High Risk
C15863,Basic,Annual,334.65,32,40.3,2,True,0,Low Risk
C15864,Basic,Monthly,330.68,32,60.8,2,True,1,Medium Risk
C15865,Premium,Annual,1087.41,26,63.6,1,False,1,Medium Risk
C15866,Standard,Annual,797.89,33,78.5,1,True,0,Low Risk
C15869,Standard,Monthly,739.42,7,46.4,2,True,2,Medium Risk
C15870,Basic,Monthly,486.9,32,43.2,2,True,1,Medium Risk
C15871,Standard,Annual,783.71,20,54.8,1,True,0,Low Risk
C15873,Basic,Monthly,452.14,12,35.9,3,True,2,Medium Risk
C15874,Premium,Monthly,1378.42,2,49.6,3,True,3,High Risk
C15875,Standard,Annual,788.81,32,21.9,4,True,1,Medium Risk
C15876,Standard,Annual,763.59,12,32.6,4,True,1,Medium Risk
C15877,Standard,Monthly,847.85,1,45.2,4,False,4,High Risk
C15879,Basic,Monthly,419.21,30,56.2,3,True,2,Medium Risk
C15881,Standard,Annual,693.5,35,32.9,3,True,1,Medium Risk
C15883,Standard,Monthly,711.82,28,35.0,2,True,1,Medium Risk
C15885,Premium,Monthly,1486.36,17,52.4,3,True,2,Medium Risk
C15886,Premium,Monthly,1408.33,6,28.3,3,False,4,High Risk
C15888,Premium,Annual,1391.9,30,40.9,4,True,1,Medium Risk
C15889,Basic,Monthly,469.36,24,39.6,3,False,3,High Risk
C15890,Standard,Monthly,857.97,19,68.4,1,False,2,Medium Risk
C15893,Basic,Annual,476.42,33,55.5,1,True,0,Low Risk
C15894,Basic,Annual,384.29,21,20.1,4,True,1,Medium Risk
C15895,Basic,Monthly,394.45,28,43.7,3,True,2,Medium Risk
C15896,Basic,Monthly,434.93,0,59.4,1,True,2,Medium Risk
C15897,Standard,Monthly,666.98,2,53.6,3,True,3,High Risk
C15898,Standard,Monthly,880.05,2,54.7,2,False,3,High Risk
C15899,Standard,Annual,620.75,18,65.9,1,True,0,Low Risk
C15900,Basic,Monthly,425.09,23,35.2,2,False,2,Medium Risk
C15902,Premium,Monthly,1375.29,6,31.7,3,False,4,High Risk
C15903,Basic,Monthly,427.79,19,18.5,3,True,3,High Risk
C15904,Basic,Monthly,464.95,6,77.8,2,True,2,Medium Risk
C15905,Standard,Annual,750.37,14,78.6,0,True,0,Low Risk
C15907,Basic,Monthly,337.1,6,18.6,4,False,5,High Risk
C15908,Standard,Annual,626.36,12,37.6,3,True,1,Medium Risk
C15911,Premium,Monthly,1427.4,22,33.2,3,False,3,High Risk
C15912,Basic,Monthly,356.38,31,33.0,3,True,2,Medium Risk
C15913,Standard,Monthly,693.57,17,41.7,2,False,2,Medium Risk
C15914,Basic,Monthly,346.67,7,21.5,3,False,4,High Risk
C15915,Basic,Monthly,323.3,26,25.5,3,True,2,Medium Risk
C15916,Standard,Monthly,732.16,14,22.1,4,True,2,Medium Risk
C15917,Basic,Monthly,482.12,7,68.9,1,False,3,High Risk
C15918,Basic,Monthly,311.22,28,40.0,3,False,3,High Risk
C15919,Basic,Annual,414.39,15,38.5,3,False,2,Medium Risk
C15920,Premium,Monthly,1038.3,7,64.8,2,True,2,Medium Risk
C15922,Basic,Monthly,436.96,6,14.8,5,False,5,High Risk
C15923,Basic,Monthly,411.51,22,21.5,5,False,3,High Risk
C15924,Basic,Monthly,315.44,30,39.8,3,True,2,Medium Risk
C15925,Standard,Monthly,851.61,30,33.7,6,True,2,Medium Risk
C15926,Basic,Annual,467.83,10,64.8,2,True,1,Medium Risk
C15927,Premium,Monthly,1261.92,2,49.5,2,True,2,Medium Risk
C15928,Basic,Monthly,468.85,4,63.0,2,True,2,Medium Risk
C15929,Basic,Annual,455.86,34,31.5,4,True,1,Medium Risk
C15930,Basic,Monthly,494.57,1,70.9,5,False,4,High Risk
C15931,Premium,Monthly,1465.8,20,50.1,2,True,1,Medium Risk
C15932,Basic,Annual,384.95,33,51.9,2,True,0,Low Risk
C15934,Basic,Monthly,495.42,4,83.6,1,False,3,High Risk
C15935,Basic,Monthly,480.99,22,47.7,4,True,2,Medium Risk
C15936,Basic,Monthly,377.17,13,13.3,4,False,4,High Risk
C15937,Standard,Annual,605.58,35,38.0,2,True,0,Low Risk
C15938,Premium,Annual,1264.46,30,24.0,4,True,1,Medium Risk
C15939,Basic,Monthly,342.67,35,55.9,3,False,3,High Risk
C15940,Standard,Monthly,881.64,10,20.9,5,False,4,High Risk
C15941,Basic,Monthly,342.36,7,40.7,3,True,3,High Risk
C15942,Basic,Annual,435.35,15,68.2,3,True,1,Medium Risk
C15943,Standard,Monthly,778.03,25,45.2,2,True,1,Medium Risk
C15944,Basic,Monthly,473.4,0,32.4,3,False,4,High Risk
C15945,Premium,Monthly,1043.09,0,10.5,4,True,4,High Risk
C15946,Standard,Annual,809.99,25,18.3,4,True,2,Medium Risk
C15947,Standard,Annual,692.8,5,6.6,4,True,3,High Risk
C15948,Basic,Annual,410.63,27,42.7,3,False,2,Medium Risk
C15949,Basic,Monthly,468.53,6,18.0,4,False,5,High Risk
C15951,Basic,Annual,416.07,27,60.2,3,True,1,Medium Risk
C15952,Basic,Monthly,390.85,9,64.1,1,False,3,High Risk
C15953,Basic,Annual,361.14,31,32.6,3,True,1,Medium Risk
C15954,Basic,Monthly,475.39,0,49.0,2,False,3,High Risk
C15955,Basic,Monthly,315.78,11,50.5,3,True,3,High Risk
C15956,Basic,Annual,438.96,29,48.1,3,True,1,Medium Risk
C15957,Basic,Annual,303.06,35,62.1,2,True,0,Low Risk
C15958,Standard,Monthly,663.51,7,39.1,3,True,3,High Risk
C15959,Standard,Annual,858.63,24,30.5,3,True,1,Medium Risk
C15960,Standard,Monthly,655.48,33,85.9,1,True,1,Medium Risk
C15962,Standard,Monthly,809.64,2,31.5,3,False,4,High Risk
C15965,Basic,Monthly,418.34,7,33.2,4,True,3,High Risk
C15966,Premium,Annual,1101.52,22,11.4,4,False,3,High Risk
C15967,Premium,Monthly,1292.05,15,66.6,2,False,2,Medium Risk
C15968,Basic,Monthly,467.2,25,40.2,2,True,1,Medium Risk
C15969,Standard,Monthly,607.9,7,31.6,5,False,4,High Risk
C15970,Standard,Annual,669.37,19,30.2,3,True,1,Medium Risk
C15971,Standard,Monthly,786.06,2,27.7,4,True,3,High Risk
C15972,Premium,Monthly,1264.42,29,71.5,1,False,2,Medium Risk
C15975,Basic,Monthly,387.5,5,46.4,3,True,3,High Risk
C15978,Premium,Annual,1240.38,18,41.7,5,False,2,Medium Risk
C15979,Standard,Annual,811.94,30,61.4,2,False,1,Medium Risk
C15981,Standard,Monthly,797.23,22,74.2,1,True,1,Medium Risk
C15982,Standard,Annual,726.34,28,38.4,4,True,1,Medium Risk
C15983,Premium,Monthly,1441.59,1,47.0,3,False,4,High Risk
C15984,Basic,Annual,453.69,32,35.6,3,True,1,Medium Risk
C15985,Premium,Annual,1080.47,11,11.2,5,False,4,High Risk
C15986,Basic,Monthly,359.67,14,49.2,3,False,3,High Risk
C15988,Basic,Monthly,475.3,20,64.8,0,False,2,Medium Risk
C15989,Premium,Monthly,1238.93,7,61.3,1,False,3,High Risk
C15990,Basic,Monthly,422.22,19,58.8,1,False,2,Medium Risk
C15991,Basic,Annual,359.62,29,6.7,5,True,2,Medium Risk
C15992,Basic,Monthly,348.96,34,49.8,2,True,1,Medium Risk
C15993,Standard,Monthly,786.26,20,34.1,3,True,2,Medium Risk
C15994,Standard,Monthly,645.68,19,54.0,2,False,2,Medium Risk
C15996,Premium,Monthly,1236.54,35,38.4,2,False,2,Medium Risk
C15997,Standard,Annual,677.61,31,27.6,3,False,2,Medium Risk
C15998,Basic,Monthly,330.32,15,40.6,2,True,1,Medium Risk
C16000,Premium,Monthly,1275.69,21,5.8,5,True,3,High Risk
C16001,Standard,Monthly,880.57,32,48.4,2,False,2,Medium Risk
C16002,Standard,Annual,699.14,25,69.9,1,True,0,Low Risk
C16003,Basic,Monthly,410.5,5,61.5,1,True,2,Medium Risk
C16004,Standard,Monthly,754.9,35,59.2,1,True,1,Medium Risk
C16005,Premium,Monthly,1306.37,8,37.9,4,False,4,High Risk
C16006,Basic,Annual,342.41,28,5.1,5,True,2,Medium Risk
C16008,Standard,Monthly,887.73,27,58.8,1,True,1,Medium Risk
C16009,Basic,Monthly,309.73,1,37.5,2,False,3,High Risk
C16010,Premium,Monthly,1351.63,18,66.6,1,True,1,Medium Risk
C16011,Basic,Monthly,497.42,1,48.8,1,False,3,High Risk
C16012,Premium,Monthly,1411.82,7,37.7,3,False,4,High Risk
C16014,Premium,Monthly,1387.69,28,49.9,2,False,2,Medium Risk
C16015,Standard,Annual,731.04,0,43.6,3,True,2,Medium Risk
C16017,Basic,Annual,481.39,35,64.3,3,True,1,Medium Risk
C16019,Premium,Monthly,1214.32,1,0.0,5,True,4,High Risk
C16020,Basic,Monthly,360.9,5,38.2,3,True,3,High Risk
C16021,Standard,Monthly,712.45,28,77.7,1,False,2,Medium Risk
C16022,Standard,Monthly,786.4,23,37.9,2,True,1,Medium Risk
C16023,Basic,Monthly,439.82,29,45.1,2,False,2,Medium Risk
C16024,Basic,Monthly,303.6,13,39.2,3,True,2,Medium Risk
C16025,Standard,Annual,889.08,31,39.9,5,True,1,Medium Risk
C16028,Standard,Annual,816.48,35,70.3,0,True,0,Low Risk
C16029,Basic,Monthly,483.77,9,45.3,3,True,3,High Risk
C16030,Premium,Monthly,1051.89,9,49.9,3,False,4,High Risk
C16031,Basic,Monthly,428.34,18,54.9,1,False,2,Medium Risk
C16032,Standard,Monthly,630.42,5,67.0,0,False,3,High Risk
C16034,Premium,Annual,1480.0,19,59.3,3,True,1,Medium Risk
C16035,Standard,Monthly,659.43,30,22.4,6,True,2,Medium Risk
C16038,Basic,Monthly,422.95,4,20.2,4,True,3,High Risk
C16039,Standard,Annual,845.43,35,31.8,3,False,2,Medium Risk
C16042,Standard,Annual,628.93,8,18.3,4,True,3,High Risk
C16043,Basic,Monthly,403.46,11,48.0,2,False,3,High Risk
C16044,Basic,Monthly,393.95,0,64.5,3,True,3,High Risk
C16045,Standard,Annual,708.7,23,32.1,5,True,1,Medium Risk
C16046,Basic,Monthly,420.24,22,44.2,2,False,2,Medium Risk
C16047,Standard,Annual,611.98,25,22.9,4,False,2,Medium Risk
C16050,Premium,Annual,1309.68,32,17.6,4,True,2,Medium Risk
C16052,Basic,Annual,307.75,31,39.8,2,True,0,Low Risk
C16055,Standard,Monthly,698.2,4,51.3,1,True,2,Medium Risk
C16056,Basic,Monthly,402.49,26,39.8,4,False,3,High Risk
C16057,Premium,Monthly,1031.57,26,68.9,1,False,2,Medium Risk
C16058,Standard,Monthly,745.17,18,55.2,2,True,1,Medium Risk
C16059,Premium,Annual,1441.78,35,53.3,4,False,2,Medium Risk
C16060,Basic,Monthly,448.51,31,69.8,2,False,2,Medium Risk
C16061,Standard,Annual,734.13,17,27.9,4,True,1,Medium Risk
C16063,Basic,Monthly,484.56,21,65.2,2,False,2,Medium Risk
C16064,Basic,Annual,307.37,13,25.9,3,True,1,Medium Risk
C16065,Premium,Monthly,1150.72,24,38.5,4,False,3,High Risk
C16066,Standard,Monthly,855.71,5,55.5,2,False,3,High Risk
C16067,Basic,Monthly,322.64,4,29.8,3,True,3,High Risk
C16068,Standard,Annual,645.01,24,39.8,2,True,0,Low Risk
C16070,Basic,Annual,422.3,26,24.5,3,False,2,Medium Risk
C16074,Standard,Monthly,662.08,28,50.7,3,False,3,High Risk
C16075,Standard,Monthly,822.82,19,56.7,4,True,2,Medium Risk
C16076,Standard,Monthly,644.41,15,40.0,2,False,2,Medium Risk
C16078,Premium,Monthly,1388.97,24,24.8,3,True,2,Medium Risk
C16079,Basic,Annual,471.88,4,61.5,1,True,1,Medium Risk
C16080,Standard,Annual,723.53,19,6.6,4,True,2,Medium Risk
C16082,Basic,Monthly,345.44,19,48.1,2,False,2,Medium Risk
C16083,Standard,Annual,884.79,19,60.8,2,False,1,Medium Risk
C16084,Standard,Monthly,736.95,18,71.7,1,False,2,Medium Risk
C16085,Premium,Monthly,1299.7,13,64.0,1,False,2,Medium Risk
C16087,Basic,Monthly,462.2,8,62.9,2,True,2,Medium Risk
C16089,Basic,Monthly,386.64,13,21.6,4,False,3,High Risk
C16090,Basic,Monthly,463.79,4,73.4,1,False,3,High Risk
C16091,Basic,Monthly,310.36,14,51.4,2,True,1,Medium Risk
C16094,Standard,Annual,672.76,33,63.8,1,True,0,Low Risk
C16095,Basic,Monthly,441.09,30,43.3,3,False,3,High Risk
C16097,Standard,Monthly,835.64,5,76.1,0,True,2,Medium Risk
C16098,Premium,Annual,1370.87,20,51.5,2,True,0,Low Risk
C16100,Basic,Annual,333.4,34,11.4,4,False,3,High Risk
C16102,Standard,Monthly,885.0,0,35.8,3,True,3,High Risk
C16103,Basic,Monthly,487.63,12,35.3,4,True,2,Medium Risk
C16104,Basic,Monthly,415.23,34,66.4,1,False,2,Medium Risk
C16106,Standard,Annual,874.99,34,49.7,2,True,0,Low Risk
C16107,Basic,Annual,378.33,8,31.9,3,True,2,Medium Risk
C16108,Premium,Monthly,1426.83,29,61.9,2,True,1,Medium Risk
C16109,Basic,Monthly,319.83,17,36.7,3,False,3,High Risk
C16110,Standard,Monthly,874.96,13,35.9,4,True,2,Medium Risk
C16112,Standard,Annual,662.74,25,62.8,2,True,0,Low Risk
C16113,Premium,Monthly,1237.08,10,24.4,5,True,3,High Risk
C16117,Basic,Monthly,442.33,5,44.4,2,False,3,High Risk
C16120,Basic,Annual,371.64,36,59.6,2,True,0,Low Risk
C16126,Basic,Monthly,356.65,34,16.2,4,False,4,High Risk
C16127,Basic,Monthly,357.31,4,33.1,3,False,4,High Risk
C16128,Basic,Monthly,444.21,24,45.7,2,True,1,Medium Risk
C16129,Premium,Annual,1459.4,5,65.1,1,True,1,Medium Risk
C16130,Basic,Monthly,377.12,19,54.3,3,True,2,Medium Risk
C16131,Standard,Monthly,677.61,19,49.2,3,False,3,High Risk
C16132,Basic,Monthly,406.74,1,41.8,2,False,3,High Risk
C16133,Basic,Monthly,393.11,10,56.6,1,False,3,High Risk
C16134,Standard,Monthly,640.96,16,56.3,2,True,1,Medium Risk
C16135,Premium,Annual,1228.58,30,74.2,1,False,1,Medium Risk
C16137,Basic,Annual,426.47,32,46.3,2,True,0,Low Risk
C16138,Standard,Monthly,777.42,23,8.3,5,False,4,High Risk
C16139,Standard,Monthly,667.93,17,36.2,4,False,3,High Risk
C16140,Premium,Monthly,1342.56,3,69.0,1,False,3,High Risk
C16141,Standard,Annual,816.37,25,38.8,2,True,0,Low Risk
C16142,Basic,Monthly,368.23,4,59.9,1,False,3,High Risk
C16143,Basic,Annual,420.96,29,19.6,3,True,2,Medium Risk
C16144,Premium,Annual,1291.51,20,48.3,2,False,1,Medium Risk
C16145,Basic,Annual,327.87,34,37.6,3,True,1,Medium Risk
C16147,Standard,Monthly,827.83,13,34.5,3,True,2,Medium Risk
C16148,Premium,Annual,1101.75,30,30.1,3,True,1,Medium Risk
C16149,Premium,Annual,1118.67,32,44.8,2,False,1,Medium Risk
C16150,Premium,Monthly,1360.5,22,18.5,4,False,4,High Risk
C16151,Standard,Monthly,778.9,35,33.4,4,False,3,High Risk
C16152,Standard,Monthly,826.95,27,77.3,1,False,2,Medium Risk
C16154,Premium,Annual,1073.56,6,12.0,5,True,3,High Risk
C16155,Premium,Monthly,1358.98,10,45.7,3,False,4,High Risk
C16156,Standard,Monthly,643.04,22,56.0,2,False,2,Medium Risk
C16157,Standard,Monthly,636.61,34,52.7,2,False,2,Medium Risk
C16158,Premium,Monthly,1106.04,1,49.0,2,False,3,High Risk
C16159,Premium,Annual,1367.58,28,65.3,1,True,0,Low Risk
C16161,Standard,Annual,869.28,29,60.3,2,True,0,Low Risk
C16163,Basic,Monthly,302.98,16,38.7,2,False,2,Medium Risk
C16164,Standard,Annual,863.18,26,51.7,4,False,2,Medium Risk
C16165,Premium,Monthly,1464.97,7,45.5,2,False,3,High Risk
C16166,Premium,Annual,1498.48,12,42.9,3,True,1,Medium Risk
C16169,Standard,Monthly,744.84,15,15.9,5,False,4,High Risk
C16170,Premium,Annual,1370.55,31,48.5,3,True,1,Medium Risk
C16171,Premium,Monthly,1179.32,4,46.7,2,True,2,Medium Risk
C16172,Basic,Monthly,328.08,13,50.4,3,False,3,High Risk
C16173,Standard,Annual,812.12,33,24.3,4,False,2,Medium Risk
C16174,Premium,Annual,1467.68,31,39.9,2,True,0,Low Risk
C16175,Standard,Annual,780.64,29,39.4,3,True,1,Medium Risk
C16177,Basic,Monthly,329.44,2,31.7,4,False,4,High Risk
C16179,Basic,Annual,493.9,34,66.4,2,True,0,Low Risk
C16180,Premium,Annual,1112.69,17,36.3,5,True,1,Medium Risk
C16181,Premium,Annual,1411.55,32,57.1,2,True,0,Low Risk
C16184,Standard,Monthly,802.47,3,56.1,2,False,3,High Risk
C16185,Basic,Annual,443.62,27,42.9,3,True,1,Medium Risk
C16186,Standard,Monthly,750.77,24,30.2,4,True,2,Medium Risk
C16187,Basic,Monthly,328.44,18,46.2,2,True,1,Medium Risk
C16190,Standard,Annual,743.84,25,25.9,4,True,1,Medium Risk
C16191,Basic,Monthly,497.73,18,78.1,0,False,2,Medium Risk
C16192,Basic,Annual,448.49,26,6.4,6,False,3,High Risk
C16193,Standard,Annual,673.51,8,11.3,4,True,3,High Risk
C16194,Standard,Monthly,722.34,22,48.7,2,True,1,Medium Risk
C16195,Standard,Monthly,685.62,33,35.3,3,False,3,High Risk
C16196,Standard,Monthly,703.19,0,61.1,1,False,3,High Risk
C16197,Basic,Monthly,465.03,34,58.2,2,False,2,Medium Risk
C16198,Basic,Annual,422.31,16,42.2,2,True,0,Low Risk
C16199,Basic,Monthly,360.13,10,26.6,3,True,3,High Risk
C16200,Premium,Monthly,1422.04,28,52.2,2,False,2,Medium Risk
C16202,Standard,Monthly,655.21,14,54.4,1,True,1,Medium Risk
C16203,Basic,Annual,323.76,27,76.9,1,True,0,Low Risk
C16204,Basic,Monthly,358.28,3,47.8,2,False,3,High Risk
C16205,Basic,Monthly,399.01,28,30.6,4,False,3,High Risk
C16206,Basic,Annual,333.34,26,40.7,3,True,1,Medium Risk
C16209,Standard,Monthly,780.66,32,45.6,2,False,2,Medium Risk
C16211,Basic,Monthly,347.3,13,18.3,4,True,3,High Risk
C16212,Standard,Annual,628.16,26,51.2,2,False,1,Medium Risk
C16213,Basic,Monthly,429.74,8,46.2,2,False,3,High Risk
C16216,Premium,Monthly,1101.04,6,45.4,2,True,2,Medium Risk
C16217,Basic,Annual,475.69,26,49.9,2,True,0,Low Risk
C16222,Basic,Annual,415.32,28,16.9,4,True,2,Medium Risk
C16223,Basic,Monthly,447.11,11,60.4,2,True,2,Medium Risk
C16224,Standard,Monthly,751.58,7,12.0,4,False,5,High Risk
C16227,Premium,Monthly,1105.05,21,9.7,4,True,3,High Risk
C16228,Basic,Annual,336.01,18,54.0,1,False,1,Medium Risk
C16229,Basic,Monthly,390.67,11,40.0,4,False,4,High Risk
C16231,Basic,Annual,353.82,25,10.7,4,False,3,High Risk
C16232,Standard,Monthly,732.82,35,70.6,2,False,2,Medium Risk
C16233,Basic,Annual,315.32,34,26.9,3,True,1,Medium Risk
C16235,Premium,Monthly,1451.32,27,40.1,3,False,3,High Risk
C16236,Basic,Monthly,429.39,31,65.5,2,True,1,Medium Risk
C16237,Basic,Annual,389.46,35,61.3,1,False,1,Medium Risk
C16238,Standard,Monthly,841.5,3,41.7,5,False,4,High Risk
C16239,Basic,Monthly,424.7,10,29.4,4,True,3,High Risk
C16240,Basic,Annual,474.45,31,53.0,3,True,1,Medium Risk
C16241,Basic,Monthly,461.52,30,15.1,4,False,4,High Risk
C16242,Basic,Monthly,406.21,1,39.1,3,False,4,High Risk
C16243,Basic,Monthly,462.04,0,63.6,1,True,2,Medium Risk
C16244,Basic,Monthly,465.63,23,45.9,3,True,2,Medium Risk
C16246,Standard,Annual,844.2,27,5.8,5,True,2,Medium Risk
C16248,Basic,Monthly,379.07,7,29.1,5,True,3,High Risk
C16249,Basic,Annual,309.7,36,11.1,5,True,2,Medium Risk
C16254,Standard,Monthly,829.11,11,69.1,1,True,2,Medium Risk
C16256,Premium,Monthly,1016.15,31,52.0,2,False,2,Medium Risk
C16257,Basic,Monthly,468.2,14,15.0,4,False,4,High Risk
C16258,Basic,Monthly,440.94,23,41.2,5,False,3,High Risk
C16259,Standard,Monthly,674.12,10,52.8,3,True,3,High Risk
C16260,Basic,Annual,450.82,22,45.2,4,False,2,Medium Risk
C16261,Basic,Annual,477.75,10,25.5,3,True,2,Medium Risk
C16263,Premium,Annual,1149.53,33,5.4,5,True,2,Medium Risk
C16264,Standard,Monthly,782.99,25,19.9,4,False,4,High Risk
C16265,Standard,Annual,854.87,7,8.1,4,False,4,High Risk
C16266,Standard,Annual,635.01,28,28.6,3,True,1,Medium Risk
C16267,Premium,Monthly,1153.01,1,45.4,3,True,3,High Risk
C16271,Premium,Monthly,1214.42,7,27.0,3,False,4,High Risk
C16272,Basic,Monthly,472.44,9,24.0,5,False,4,High Risk
C16273,Basic,Monthly,442.49,14,28.1,3,False,3,High Risk
C16274,Standard,Monthly,702.72,14,59.3,1,False,2,Medium Risk
C16275,Basic,Monthly,338.72,16,48.8,3,True,2,Medium Risk
C16277,Standard,Monthly,812.69,33,13.9,4,True,3,High Risk
C16278,Basic,Monthly,370.4,15,52.2,3,False,3,High Risk
C16279,Standard,Annual,745.88,33,18.3,4,False,3,High Risk
C16280,Standard,Monthly,654.92,28,34.3,3,True,2,Medium Risk
C16281,Premium,Annual,1049.58,24,14.8,5,False,3,High Risk
C16282,Basic,Annual,396.25,18,34.1,3,True,1,Medium Risk
C16283,Basic,Monthly,424.7,32,66.6,2,False,2,Medium Risk
C16284,Standard,Monthly,713.39,5,9.4,5,True,4,High Risk
C16285,Standard,Annual,871.3,2,62.9,4,True,2,Medium Risk
C16286,Premium,Annual,1427.32,29,30.5,3,True,1,Medium Risk
C16287,Standard,Monthly,716.66,0,59.0,3,True,3,High Risk
C16288,Basic,Monthly,356.22,10,27.9,4,True,3,High Risk
C16289,Basic,Annual,394.37,15,50.1,2,True,0,Low Risk
C16290,Standard,Monthly,703.34,21,57.4,1,True,1,Medium Risk
C16291,Basic,Annual,389.52,29,47.1,4,True,1,Medium Risk
C16293,Premium,Annual,1056.64,22,51.1,1,True,0,Low Risk
C16295,Premium,Monthly,1013.63,16,78.7,0,True,1,Medium Risk
C16296,Basic,Monthly,321.01,18,62.6,1,False,2,Medium Risk
C16297,Basic,Monthly,389.28,26,36.2,3,False,3,High Risk
C16298,Basic,Monthly,364.33,16,26.1,3,False,3,High Risk
C16299,Standard,Annual,850.84,31,62.0,3,True,1,Medium Risk
C16300,Premium,Monthly,1428.23,33,61.9,4,True,2,Medium Risk
C16301,Premium,Monthly,1211.8,13,48.2,2,False,2,Medium Risk
C16302,Premium,Monthly,1236.08,19,2.9,5,False,4,High Risk
C16303,Basic,Monthly,348.18,14,87.7,0,True,1,Medium Risk
C16307,Standard,Annual,691.91,36,29.2,4,True,1,Medium Risk
C16308,Premium,Annual,1004.24,12,35.6,4,False,2,Medium Risk
C16310,Standard,Monthly,843.96,11,13.0,4,False,5,High Risk
C16316,Basic,Monthly,347.43,10,30.2,3,True,3,High Risk
C16317,Standard,Annual,813.06,31,52.8,3,True,1,Medium Risk
C16319,Standard,Monthly,693.59,21,37.1,3,False,3,High Risk
C16320,Standard,Monthly,829.9,7,11.1,4,True,4,High Risk
C16321,Standard,Monthly,827.2,4,55.3,3,True,3,High Risk
C16324,Premium,Annual,1346.04,19,57.1,1,False,1,Medium Risk
C16326,Premium,Monthly,1091.83,10,43.4,2,False,3,High Risk
C16327,Standard,Monthly,649.28,2,37.8,3,False,4,High Risk
C16328,Basic,Monthly,492.69,16,5.6,5,False,4,High Risk
C16329,Basic,Monthly,495.05,30,19.1,4,True,3,High Risk
C16330,Basic,Annual,304.0,26,46.8,2,True,0,Low Risk
C16331,Basic,Monthly,362.89,25,29.2,3,False,3,High Risk
C16332,Basic,Annual,496.46,16,37.7,2,True,0,Low Risk
C16334,Premium,Monthly,1119.47,9,33.0,3,True,3,High Risk
C16335,Basic,Monthly,474.93,12,54.7,2,True,1,Medium Risk
C16336,Standard,Monthly,677.45,21,1.5,4,True,3,High Risk
C16338,Basic,Monthly,389.29,20,55.6,3,False,3,High Risk
C16339,Standard,Monthly,894.86,22,21.6,4,False,3,High Risk
C16340,Basic,Monthly,325.95,0,37.0,3,True,3,High Risk
C16341,Basic,Monthly,423.94,8,18.0,5,False,5,High Risk
C16342,Basic,Annual,467.97,12,25.6,4,True,1,Medium Risk
C16345,Standard,Monthly,746.98,0,8.9,4,False,5,High Risk
C16347,Premium,Monthly,1186.37,1,37.2,3,False,4,High Risk
C16348,Basic,Annual,496.53,36,24.0,3,True,1,Medium Risk
C16350,Basic,Annual,332.29,22,43.8,4,True,1,Medium Risk
C16352,Standard,Monthly,877.51,3,69.5,0,False,3,High Risk
C16353,Standard,Monthly,635.75,35,61.7,1,False,2,Medium Risk
C16354,Basic,Monthly,357.66,0,34.9,3,False,4,High Risk
C16356,Basic,Monthly,339.71,29,35.2,3,False,3,High Risk
C16360,Basic,Monthly,456.98,5,2.0,4,False,5,High Risk
C16361,Standard,Monthly,806.0,29,32.6,3,False,3,High Risk
C16362,Premium,Annual,1288.39,24,22.7,3,True,1,Medium Risk
C16363,Basic,Monthly,345.69,5,11.2,4,False,5,High Risk
C16364,Standard,Annual,635.39,20,15.9,4,True,2,Medium Risk
C16366,Basic,Annual,410.07,32,80.6,0,True,0,Low Risk
C16367,Standard,Annual,602.57,17,0.0,4,False,3,High Risk
C16368,Basic,Monthly,436.31,18,49.9,2,False,2,Medium Risk
C16369,Standard,Monthly,889.42,4,49.6,2,True,2,Medium Risk
C16370,Basic,Monthly,418.85,8,49.5,2,True,2,Medium Risk
C16371,Basic,Monthly,376.62,30,20.5,3,False,3,High Risk
C16372,Basic,Monthly,446.51,30,15.4,4,True,3,High Risk
C16375,Premium,Monthly,1068.71,22,29.1,3,True,2,Medium Risk
C16378,Basic,Annual,442.78,34,14.5,3,False,3,High Risk
C16379,Premium,Monthly,1463.59,4,57.1,1,False,3,High Risk
C16380,Basic,Monthly,416.26,29,50.7,3,False,3,High Risk
C16381,Basic,Annual,403.72,30,61.3,3,True,1,Medium Risk
C16383,Standard,Monthly,809.82,10,45.0,3,False,4,High Risk
C16384,Premium,Monthly,1118.54,5,70.2,1,True,2,Medium Risk
C16385,Standard,Monthly,609.25,21,50.2,2,True,1,Medium Risk
C16386,Basic,Monthly,416.99,2,34.1,3,False,4,High Risk
C16387,Basic,Monthly,353.3,15,43.1,3,False,3,High Risk
C16388,Basic,Annual,339.52,21,45.6,2,True,0,Low Risk
C16390,Standard,Annual,641.76,34,43.3,4,True,1,Medium Risk
C16392,Basic,Annual,330.53,20,26.2,4,True,1,Medium Risk
C16394,Basic,Monthly,308.32,17,64.0,1,True,1,Medium Risk
C16395,Premium,Monthly,1335.34,15,23.8,3,True,2,Medium Risk
C16397,Premium,Monthly,1395.77,4,17.6,5,True,4,High Risk
C16398,Standard,Annual,656.92,18,42.4,3,True,1,Medium Risk
C16399,Standard,Annual,631.48,20,82.6,0,True,0,Low Risk
C16400,Standard,Monthly,724.1,24,58.8,4,False,3,High Risk
C16401,Basic,Monthly,425.63,3,43.9,2,True,2,Medium Risk
C16402,Basic,Monthly,462.35,30,48.9,2,True,1,Medium Risk
C16403,Standard,Annual,774.82,35,70.7,1,True,0,Low Risk
C16404,Basic,Annual,329.7,32,41.8,2,True,0,Low Risk
C16405,Basic,Annual,447.65,11,13.5,5,True,3,High Risk
C16406,Standard,Annual,892.66,21,51.1,2,True,0,Low Risk
C16407,Standard,Annual,632.51,35,28.8,3,False,2,Medium Risk
C16408,Standard,Annual,641.16,28,22.0,4,False,2,Medium Risk
C16409,Standard,Monthly,638.13,8,10.8,4,False,5,High Risk
C16411,Premium,Monthly,1269.14,9,54.9,2,True,2,Medium Risk
C16413,Basic,Monthly,419.68,16,47.8,2,True,1,Medium Risk
C16415,Standard,Monthly,736.15,20,8.4,8,False,4,High Risk
C16416,Basic,Monthly,396.65,11,1.3,5,False,5,High Risk
C16417,Premium,Annual,1386.04,36,79.2,1,False,1,Medium Risk
C16420,Premium,Annual,1106.81,18,30.7,3,True,1,Medium Risk
C16421,Standard,Annual,866.01,9,27.1,4,False,3,High Risk
C16422,Premium,Monthly,1498.37,31,21.3,3,True,2,Medium Risk
C16424,Basic,Annual,362.5,34,17.2,5,True,2,Medium Risk
C16425,Premium,Annual,1330.95,29,29.3,4,False,2,Medium Risk
C16426,Basic,Annual,328.92,28,16.4,5,True,2,Medium Risk
C16427,Standard,Monthly,627.49,16,10.4,5,False,4,High Risk
C16428,Basic,Annual,373.39,18,66.9,2,False,1,Medium Risk
C16429,Standard,Annual,738.67,5,42.6,3,True,2,Medium Risk
C16431,Basic,Annual,329.63,29,30.5,3,True,1,Medium Risk
C16432,Standard,Monthly,848.66,12,71.5,1,False,2,Medium Risk
C16434,Standard,Monthly,781.02,7,60.0,1,False,3,High Risk
C16435,Standard,Monthly,821.37,8,44.8,2,True,2,Medium Risk
C16436,Standard,Monthly,857.83,16,24.2,4,False,3,High Risk
C16439,Standard,Annual,634.42,23,62.0,2,True,0,Low Risk
C16440,Standard,Monthly,682.32,1,31.8,3,True,3,High Risk
C16441,Premium,Annual,1397.78,35,73.2,0,True,0,Low Risk
C16443,Standard,Annual,606.45,28,36.6,4,True,1,Medium Risk
C16445,Basic,Monthly,455.03,2,26.0,5,False,4,High Risk
C16446,Premium,Monthly,1232.32,30,29.8,3,False,3,High Risk
C16447,Standard,Monthly,605.71,36,20.1,4,True,2,Medium Risk
C16448,Premium,Monthly,1136.86,13,46.2,3,True,2,Medium Risk
C16449,Standard,Annual,719.19,18,29.4,3,True,1,Medium Risk
C16450,Basic,Monthly,322.75,15,47.4,3,False,3,High Risk
C16451,Standard,Monthly,857.88,3,15.8,6,True,4,High Risk
C16453,Basic,Monthly,329.5,11,24.6,6,True,3,High Risk
C16454,Premium,Monthly,1493.85,31,20.4,5,True,2,Medium Risk
C16455,Standard,Annual,843.66,29,41.4,2,True,0,Low Risk
C16456,Basic,Annual,406.04,5,36.3,3,False,3,High Risk
C16457,Basic,Monthly,331.38,25,51.4,2,True,1,Medium Risk
C16458,Standard,Annual,651.49,35,21.0,5,True,1,Medium Risk
C16459,Standard,Monthly,828.64,34,71.5,0,False,2,Medium Risk
C16460,Basic,Annual,368.93,7,71.4,2,True,1,Medium Risk
C16461,Premium,Annual,1018.53,13,15.2,4,True,2,Medium Risk
C16463,Standard,Monthly,698.83,34,59.5,2,True,1,Medium Risk
C16464,Premium,Annual,1144.02,26,61.2,1,True,0,Low Risk
C16465,Standard,Monthly,714.56,7,56.7,4,True,3,High Risk
C16466,Basic,Monthly,357.37,4,40.6,3,True,3,High Risk
C16467,Standard,Monthly,823.4,35,83.4,1,False,2,Medium Risk
C16469,Standard,Monthly,864.72,0,69.5,1,True,2,Medium Risk
C16471,Standard,Monthly,851.81,26,9.3,5,False,4,High Risk
C16472,Basic,Monthly,324.06,11,43.9,2,True,2,Medium Risk
C16473,Standard,Monthly,785.21,10,17.2,5,False,5,High Risk
C16474,Basic,Monthly,377.98,34,51.9,2,False,2,Medium Risk
C16475,Premium,Monthly,1368.4,31,30.0,5,True,2,Medium Risk
C16476,Standard,Monthly,895.69,13,34.3,3,False,3,High Risk
C16480,Standard,Annual,796.93,21,42.9,3,True,1,Medium Risk
C16481,Basic,Monthly,364.9,24,27.2,3,True,2,Medium Risk
C16482,Standard,Annual,827.22,4,66.1,2,True,1,Medium Risk
C16483,Basic,Annual,480.96,36,48.9,3,True,1,Medium Risk
C16484,Basic,Monthly,462.73,33,49.0,3,True,2,Medium Risk
C16485,Premium,Monthly,1092.72,1,24.3,5,False,4,High Risk
C16486,Basic,Monthly,436.92,23,22.9,3,True,2,Medium Risk
C16487,Standard,Monthly,685.81,10,46.9,2,True,2,Medium Risk
C16488,Standard,Monthly,755.14,21,24.7,5,False,3,High Risk
C16489,Basic,Annual,340.61,13,71.0,3,True,1,Medium Risk
C16490,Basic,Annual,439.01,35,27.6,4,True,1,Medium Risk
C16491,Basic,Monthly,333.38,12,45.0,2,True,1,Medium Risk
C16493,Standard,Monthly,607.59,33,40.4,4,False,3,High Risk
C16494,Basic,Annual,450.01,14,30.3,3,True,1,Medium Risk
C16495,Premium,Annual,1019.26,25,27.7,4,False,2,Medium Risk
C16496,Standard,Monthly,767.46,36,66.1,2,True,1,Medium Risk
C16497,Standard,Annual,876.8,29,49.4,2,True,0,Low Risk
C16498,Standard,Annual,625.53,13,51.6,3,True,1,Medium Risk
C16499,Premium,Annual,1106.8,27,57.9,2,False,1,Medium Risk
C16500,Basic,Monthly,379.78,5,54.2,4,False,4,High Risk
C16501,Premium,Monthly,1169.55,21,54.9,1,False,2,Medium Risk
C16503,Standard,Annual,831.64,33,36.7,3,True,1,Medium Risk
C16504,Basic,Monthly,350.26,0,36.9,3,False,4,High Risk
C16505,Standard,Annual,729.85,19,23.6,4,True,1,Medium Risk
C16508,Premium,Monthly,1176.19,0,37.0,5,False,4,High Risk
C16509,Premium,Annual,1022.65,17,50.3,4,True,1,Medium Risk
C16512,Standard,Monthly,879.74,31,39.5,2,True,1,Medium Risk
C16513,Basic,Annual,323.44,25,67.2,2,True,0,Low Risk
C16514,Standard,Monthly,618.94,29,36.3,4,False,3,High Risk
C16515,Basic,Monthly,423.8,20,20.0,3,False,3,High Risk
C16516,Standard,Monthly,719.1,13,58.1,2,False,2,Medium Risk
C16517,Standard,Annual,618.08,20,19.4,4,True,2,Medium Risk
C16518,Basic,Monthly,300.4,7,42.9,2,True,2,Medium Risk
C16519,Premium,Annual,1061.98,33,43.6,2,True,0,Low Risk
C16520,Basic,Monthly,338.38,4,16.2,4,False,5,High Risk
C16522,Basic,Monthly,411.21,30,54.1,1,False,2,Medium Risk
C16523,Basic,Monthly,303.32,6,45.2,2,False,3,High Risk
C16524,Premium,Annual,1391.22,30,50.6,4,False,2,Medium Risk
C16525,Basic,Monthly,410.06,18,38.1,4,True,2,Medium Risk
C16526,Basic,Annual,440.95,2,73.5,2,True,1,Medium Risk
C16527,Basic,Annual,437.44,33,44.2,2,True,0,Low Risk
C16528,Standard,Monthly,865.62,12,29.5,3,True,2,Medium Risk
C16531,Standard,Monthly,731.38,0,30.6,3,False,4,High Risk
C16532,Basic,Annual,424.34,33,39.4,3,True,1,Medium Risk
C16534,Basic,Monthly,481.76,21,22.5,3,True,2,Medium Risk
C16535,Premium,Monthly,1329.07,1,63.1,2,False,3,High Risk
C16537,Standard,Annual,642.47,31,40.7,3,True,1,Medium Risk
C16538,Standard,Annual,618.9,20,1.3,5,True,2,Medium Risk
C16540,Basic,Monthly,432.82,29,39.0,3,True,2,Medium Risk
C16541,Basic,Annual,357.57,32,45.7,2,False,1,Medium Risk
C16542,Premium,Annual,1396.15,15,18.4,4,True,2,Medium Risk
C16543,Basic,Annual,360.2,30,51.6,3,True,1,Medium Risk
C16544,Premium,Monthly,1266.01,25,62.7,3,False,3,High Risk
C16546,Standard,Annual,683.4,17,58.7,1,True,0,Low Risk
C16547,Basic,Monthly,368.6,21,42.5,5,True,2,Medium Risk
C16549,Basic,Monthly,407.21,17,19.0,4,False,4,High Risk
C16550,Basic,Annual,350.82,28,78.6,0,True,0,Low Risk
C16552,Standard,Monthly,677.77,15,23.4,3,True,2,Medium Risk
C16554,Basic,Monthly,392.68,12,61.0,3,False,3,High Risk
C16555,Basic,Monthly,458.19,27,50.4,2,False,2,Medium Risk
C16556,Standard,Annual,712.76,25,62.2,1,True,0,Low Risk
C16558,Basic,Monthly,314.71,19,12.2,4,False,4,High Risk
C16559,Premium,Monthly,1238.03,14,55.0,2,True,1,Medium Risk
C16560,Standard,Monthly,861.87,2,39.7,2,True,2,Medium Risk
C16561,Basic,Monthly,319.06,18,36.7,3,False,3,High Risk
C16563,Basic,Monthly,409.72,13,19.1,5,False,4,High Risk
C16564,Basic,Monthly,379.13,18,25.1,3,True,2,Medium Risk
C16565,Basic,Monthly,346.35,5,35.7,5,True,3,High Risk
C16567,Standard,Annual,858.13,17,19.6,4,True,2,Medium Risk
C16568,Basic,Monthly,447.65,13,40.7,6,True,2,Medium Risk
C16570,Basic,Annual,493.31,24,42.4,3,True,1,Medium Risk
C16571,Standard,Monthly,663.56,10,20.8,5,False,4,High Risk
C16572,Basic,Monthly,313.82,10,62.1,2,True,2,Medium Risk
C16573,Standard,Monthly,793.89,10,23.9,3,True,3,High Risk
C16574,Premium,Monthly,1209.54,12,10.6,5,False,4,High Risk
C16576,Basic,Monthly,444.06,21,64.5,1,False,2,Medium Risk
C16577,Basic,Monthly,344.24,28,82.1,1,False,2,Medium Risk
C16578,Standard,Monthly,824.03,26,50.0,2,True,1,Medium Risk
C16579,Basic,Monthly,328.9,13,65.7,2,False,2,Medium Risk
C16580,Premium,Monthly,1187.55,25,64.8,2,False,2,Medium Risk
C16581,Basic,Annual,378.08,32,45.5,3,True,1,Medium Risk
C16582,Premium,Monthly,1434.1,21,59.2,1,False,2,Medium Risk
C16583,Basic,Monthly,306.0,11,23.2,4,False,4,High Risk
C16584,Standard,Annual,648.08,26,27.9,3,True,1,Medium Risk
C16585,Basic,Annual,391.29,17,49.0,2,True,0,Low Risk
C16587,Basic,Monthly,470.61,35,32.7,3,False,3,High Risk
C16588,Standard,Monthly,770.12,2,17.6,3,True,4,High Risk
C16589,Standard,Monthly,871.23,9,64.1,1,True,2,Medium Risk
C16590,Standard,Monthly,844.79,15,35.9,2,False,2,Medium Risk
C16591,Basic,Monthly,365.08,27,22.2,3,False,3,High Risk
C16592,Premium,Monthly,1042.81,19,7.3,4,True,3,High Risk
C16593,Basic,Monthly,403.5,15,25.0,4,True,2,Medium Risk
C16595,Basic,Monthly,318.77,23,42.2,5,False,3,High Risk
C16596,Basic,Monthly,369.84,22,34.8,4,False,3,High Risk
C16597,Premium,Monthly,1012.22,30,19.8,4,False,4,High Risk
C16599,Basic,Annual,335.54,11,31.7,3,True,2,Medium Risk
C16600,Premium,Annual,1003.71,29,25.4,5,True,1,Medium Risk
C16601,Basic,Monthly,362.2,23,6.7,4,True,3,High Risk
C16602,Basic,Monthly,472.23,3,48.0,2,False,3,High Risk
C16603,Basic,Monthly,382.91,2,47.3,2,True,2,Medium Risk
C16604,Standard,Monthly,672.79,19,52.6,3,False,3,High Risk
C16605,Standard,Monthly,726.71,25,65.7,3,False,3,High Risk
C16607,Standard,Monthly,787.2,9,67.2,1,False,3,High Risk
C16608,Basic,Monthly,489.89,13,27.6,6,False,3,High Risk
C16609,Basic,Monthly,419.68,10,39.7,3,True,3,High Risk
C16610,Standard,Monthly,777.55,13,76.7,1,True,1,Medium Risk
C16611,Standard,Monthly,616.63,11,41.5,3,True,3,High Risk
C16612,Standard,Monthly,818.22,17,63.5,2,True,1,Medium Risk
C16613,Basic,Monthly,342.69,21,33.6,3,False,3,High Risk
C16614,Basic,Monthly,315.63,26,63.4,1,True,1,Medium Risk
C16615,Standard,Monthly,838.29,16,9.6,5,False,4,High Risk
C16616,Basic,Monthly,330.85,17,53.1,2,False,2,Medium Risk
C16617,Basic,Monthly,488.57,20,69.8,1,True,1,Medium Risk
C16618,Basic,Annual,331.64,25,16.6,3,True,2,Medium Risk
C16619,Basic,Monthly,397.74,7,55.8,1,False,3,High Risk
C16620,Standard,Annual,868.88,5,48.0,2,True,1,Medium Risk
C16621,Standard,Annual,681.08,34,33.8,3,True,1,Medium Risk
C16622,Standard,Monthly,681.09,19,72.2,2,False,2,Medium Risk
C16624,Basic,Monthly,491.41,12,34.7,3,False,3,High Risk
C16625,Basic,Annual,359.82,10,18.1,5,True,3,High Risk
C16627,Basic,Monthly,415.95,26,6.3,4,True,3,High Risk
C16630,Standard,Monthly,840.58,2,53.7,2,True,2,Medium Risk
C16632,Standard,Monthly,688.1,16,39.6,3,False,3,High Risk
C16633,Basic,Monthly,384.06,16,30.7,3,True,2,Medium Risk
C16634,Basic,Annual,407.14,8,17.3,4,False,4,High Risk
C16635,Premium,Monthly,1268.1,11,62.9,1,False,3,High Risk
C16636,Basic,Monthly,430.19,7,28.6,3,False,4,High Risk
C16637,Standard,Annual,602.77,29,22.4,3,True,1,Medium Risk
C16639,Standard,Annual,638.85,10,62.5,2,False,2,Medium Risk
C16640,Basic,Monthly,486.66,12,66.9,0,True,1,Medium Risk
C16641,Basic,Monthly,441.07,20,31.3,5,True,2,Medium Risk
C16642,Basic,Annual,484.27,17,28.2,3,True,1,Medium Risk
C16643,Standard,Monthly,678.57,7,5.1,5,True,4,High Risk
C16645,Basic,Monthly,309.28,14,62.8,1,True,1,Medium Risk
C16646,Basic,Monthly,488.16,19,34.5,3,True,2,Medium Risk
C16647,Standard,Monthly,697.52,12,31.5,4,False,3,High Risk
C16648,Basic,Monthly,428.43,15,59.6,1,False,2,Medium Risk
C16651,Standard,Monthly,775.77,27,54.5,3,True,2,Medium Risk
C16652,Premium,Annual,1142.08,26,43.9,2,True,0,Low Risk
C16653,Basic,Annual,410.28,23,19.4,6,True,2,Medium Risk
C16654,Standard,Monthly,836.69,1,22.1,5,False,4,High Risk
C16655,Standard,Monthly,727.01,9,52.8,2,True,2,Medium Risk
C16656,Standard,Monthly,669.69,25,72.1,0,False,2,Medium Risk
C16657,Standard,Monthly,721.43,35,62.5,1,True,1,Medium Risk
C16658,Basic,Annual,316.81,23,61.3,1,False,1,Medium Risk
C16659,Basic,Annual,409.66,31,37.9,4,False,2,Medium Risk
C16660,Standard,Annual,683.89,9,80.2,0,True,1,Medium Risk
C16661,Premium,Monthly,1232.42,26,24.0,4,True,2,Medium Risk
C16662,Basic,Annual,453.36,26,54.9,2,True,0,Low Risk
C16663,Premium,Annual,1469.76,19,44.2,3,True,1,Medium Risk
C16664,Basic,Monthly,300.32,10,14.8,4,False,5,High Risk
C16666,Standard,Monthly,847.95,2,45.2,3,False,4,High Risk
C16667,Standard,Monthly,625.71,4,39.9,4,True,3,High Risk
C16668,Basic,Annual,478.27,28,54.7,1,True,0,Low Risk
C16669,Basic,Monthly,384.76,17,25.0,3,False,3,High Risk
C16670,Basic,Monthly,415.28,9,70.4,1,True,2,Medium Risk
C16671,Standard,Monthly,620.24,9,28.7,3,True,3,High Risk
C16674,Premium,Annual,1232.97,35,52.8,2,True,0,Low Risk
C16676,Standard,Annual,742.73,23,4.6,5,False,3,High Risk
C16677,Standard,Annual,775.29,25,52.8,2,False,1,Medium Risk
C16678,Basic,Monthly,492.64,8,23.0,5,False,4,High Risk
C16679,Basic,Monthly,366.6,13,9.5,5,False,4,High Risk
C16681,Standard,Monthly,835.01,16,42.9,2,False,2,Medium Risk
C16682,Basic,Monthly,324.67,9,3.7,6,False,5,High Risk
C16685,Standard,Monthly,711.59,26,72.0,1,False,2,Medium Risk
C16686,Basic,Monthly,403.51,29,58.0,1,True,1,Medium Risk
C16687,Standard,Monthly,817.28,15,41.7,3,True,2,Medium Risk
C16688,Standard,Annual,685.01,8,74.7,1,True,1,Medium Risk
C16689,Standard,Monthly,832.91,10,25.1,3,True,3,High Risk
C16692,Standard,Annual,807.14,0,28.3,3,True,2,Medium Risk
C16693,Premium,Monthly,1244.28,24,25.3,5,False,3,High Risk
C16694,Standard,Annual,646.81,11,62.0,1,False,2,Medium Risk
C16695,Premium,Annual,1139.27,24,35.4,3,True,1,Medium Risk
C16698,Basic,Monthly,359.91,31,48.0,2,False,2,Medium Risk
C16700,Basic,Monthly,498.78,9,63.9,1,False,3,High Risk
C16701,Premium,Monthly,1050.37,14,69.4,2,True,1,Medium Risk
C16703,Standard,Monthly,894.74,0,33.9,3,False,4,High Risk
C16704,Basic,Annual,447.71,25,80.7,2,True,0,Low Risk
C16706,Premium,Annual,1002.37,31,24.6,7,False,2,Medium Risk
C16707,Basic,Monthly,399.23,27,44.6,3,True,2,Medium Risk
C16710,Premium,Monthly,1104.93,2,46.8,2,False,3,High Risk
C16711,Standard,Monthly,787.35,7,31.9,5,False,4,High Risk
C16712,Basic,Monthly,392.9,8,42.4,4,False,4,High Risk
C16713,Basic,Monthly,427.64,12,25.7,4,False,3,High Risk
C16714,Premium,Monthly,1333.14,35,30.8,4,True,2,Medium Risk
C16715,Basic,Monthly,418.23,11,35.5,4,True,3,High Risk
C16716,Basic,Monthly,490.47,9,23.0,6,False,4,High Risk
C16720,Basic,Monthly,394.04,25,49.8,2,False,2,Medium Risk
C16721,Standard,Monthly,721.03,6,50.0,3,False,4,High Risk
C16722,Standard,Monthly,661.07,7,50.1,3,True,3,High Risk
C16723,Basic,Monthly,374.11,1,75.0,0,False,3,High Risk
C16724,Basic,Monthly,492.51,10,33.8,3,False,4,High Risk
C16725,Basic,Annual,333.41,26,31.8,3,True,1,Medium Risk
C16728,Basic,Monthly,438.32,6,39.3,4,False,4,High Risk
C16729,Standard,Monthly,778.24,9,12.6,5,True,4,High Risk
C16731,Standard,Annual,896.67,24,73.0,2,False,1,Medium Risk
C16732,Basic,Monthly,455.88,8,72.9,3,False,4,High Risk
C16733,Premium,Monthly,1136.73,30,43.2,3,False,3,High Risk
C16735,Standard,Annual,856.88,3,82.4,1,False,2,Medium Risk
C16736,Standard,Monthly,623.25,8,58.9,1,True,2,Medium Risk
C16737,Basic,Monthly,418.39,0,66.1,4,True,3,High Risk
C16738,Basic,Monthly,306.73,0,62.2,2,True,2,Medium Risk
C16739,Standard,Monthly,637.59,18,11.2,4,False,4,High Risk
C16740,Standard,Monthly,785.01,0,40.5,3,False,4,High Risk
C16742,Basic,Monthly,391.9,33,60.7,2,False,2,Medium Risk
C16743,Standard,Annual,764.1,30,21.5,4,True,1,Medium Risk
C16745,Standard,Monthly,680.05,24,42.3,3,False,3,High Risk
C16748,Basic,Annual,454.87,28,18.1,4,True,2,Medium Risk
C16750,Basic,Monthly,489.96,33,71.3,0,True,1,Medium Risk
C16751,Standard,Monthly,895.08,25,62.6,1,False,2,Medium Risk
C16752,Standard,Monthly,636.86,15,17.2,4,False,4,High Risk
C16753,Premium,Annual,1101.9,25,50.6,2,True,0,Low Risk
C16754,Basic,Monthly,497.85,0,38.0,3,True,3,High Risk
C16755,Basic,Annual,331.13,31,56.9,2,False,1,Medium Risk
C16756,Standard,Monthly,621.89,9,13.6,4,True,4,High Risk
C16757,Standard,Monthly,747.19,10,0.0,4,False,5,High Risk
C16758,Basic,Monthly,414.77,19,24.5,3,True,2,Medium Risk
C16759,Standard,Annual,602.01,17,24.4,3,False,2,Medium Risk
C16762,Standard,Monthly,645.56,31,44.7,2,False,2,Medium Risk
C16764,Standard,Monthly,809.42,35,39.0,3,True,2,Medium Risk
C16765,Basic,Monthly,434.99,11,60.8,2,True,2,Medium Risk
C16766,Premium,Monthly,1343.05,7,48.9,2,False,3,High Risk
C16767,Basic,Monthly,490.98,16,44.1,2,False,2,Medium Risk
C16768,Basic,Monthly,374.19,7,38.9,3,False,4,High Risk
C16771,Basic,Monthly,446.09,14,16.1,6,False,4,High Risk
C16772,Basic,Monthly,446.17,27,61.3,2,False,2,Medium Risk
C16773,Premium,Annual,1121.95,15,28.4,4,False,2,Medium Risk
C16775,Premium,Annual,1342.53,31,55.9,2,True,0,Low Risk
C16776,Standard,Annual,789.95,33,70.0,2,True,0,Low Risk
C16778,Standard,Annual,787.63,23,15.1,4,True,2,Medium Risk
C16779,Basic,Monthly,330.06,25,36.7,5,True,2,Medium Risk
C16780,Premium,Monthly,1361.12,15,49.0,2,False,2,Medium Risk
C16783,Premium,Annual,1250.1,16,48.7,3,True,1,Medium Risk
C16784,Basic,Monthly,389.48,9,13.2,5,False,5,High Risk
C16785,Standard,Monthly,617.1,19,41.8,5,False,3,High Risk
C16786,Premium,Monthly,1183.69,10,44.5,3,True,3,High Risk
C16789,Standard,Monthly,672.27,23,35.9,5,True,2,Medium Risk
C16790,Standard,Monthly,703.42,13,45.0,3,True,2,Medium Risk
C16791,Basic,Annual,431.12,31,29.5,5,True,1,Medium Risk
C16792,Basic,Monthly,424.38,0,60.1,1,True,2,Medium Risk
C16793,Basic,Annual,316.85,20,56.3,3,False,2,Medium Risk
C16795,Standard,Annual,680.81,16,65.9,2,False,1,Medium Risk
C16796,Premium,Monthly,1129.77,30,12.6,4,True,3,High Risk
C16798,Basic,Monthly,322.37,19,34.9,3,False,3,High Risk
C16799,Premium,Monthly,1474.29,6,79.9,1,False,3,High Risk
C16802,Basic,Monthly,412.9,13,35.6,3,False,3,High Risk
C16803,Basic,Monthly,425.59,23,63.8,2,False,2,Medium Risk
C16804,Standard,Monthly,610.31,22,30.4,4,True,2,Medium Risk
C16805,Basic,Annual,419.25,13,16.5,5,True,2,Medium Risk
C16806,Basic,Annual,410.84,31,72.1,0,True,0,Low Risk
C16807,Standard,Monthly,667.33,7,26.6,3,False,4,High Risk
C16808,Standard,Annual,635.73,19,37.6,3,True,1,Medium Risk
C16809,Standard,Monthly,619.35,16,25.4,4,True,2,Medium Risk
C16810,Basic,Annual,323.95,33,66.4,2,True,0,Low Risk
C16811,Premium,Annual,1243.15,28,41.2,2,True,0,Low Risk
C16812,Basic,Annual,463.62,18,15.7,5,False,3,High Risk
C16813,Standard,Annual,803.25,11,32.5,3,True,2,Medium Risk
C16814,Basic,Monthly,402.46,24,15.1,5,False,4,High Risk
C16816,Premium,Monthly,1346.26,25,76.9,2,False,2,Medium Risk
C16817,Premium,Monthly,1090.98,14,41.2,4,False,3,High Risk
C16818,Basic,Monthly,355.01,11,61.2,2,False,3,High Risk
C16819,Premium,Monthly,1086.81,3,50.0,3,True,3,High Risk
C16820,Basic,Annual,375.99,23,40.7,2,True,0,Low Risk
C16821,Premium,Annual,1130.66,12,90.0,1,True,0,Low Risk
C16822,Premium,Monthly,1469.68,13,14.8,5,False,4,High Risk
C16823,Basic,Annual,491.77,21,43.6,2,True,0,Low Risk
C16824,Basic,Annual,410.94,7,74.3,1,True,1,Medium Risk
C16825,Basic,Monthly,314.7,8,37.6,3,False,4,High Risk
C16827,Standard,Monthly,738.49,25,60.0,1,True,1,Medium Risk
C16828,Basic,Monthly,300.12,16,23.9,3,True,2,Medium Risk
C16829,Premium,Annual,1338.94,24,64.9,1,True,0,Low Risk
C16830,Premium,Annual,1369.39,29,36.2,2,True,0,Low Risk
C16831,Standard,Monthly,787.08,6,16.1,4,True,4,High Risk
C16832,Premium,Monthly,1469.32,25,20.2,5,False,3,High Risk
C16834,Basic,Monthly,422.34,30,73.2,1,True,1,Medium Risk
C16835,Standard,Annual,605.68,35,31.0,3,True,1,Medium Risk
C16836,Basic,Monthly,390.88,14,34.3,5,False,3,High Risk
C16837,Premium,Annual,1309.08,26,49.5,2,False,1,Medium Risk
C16838,Basic,Monthly,355.26,12,55.2,2,False,2,Medium Risk
C16839,Standard,Monthly,740.97,28,63.7,1,True,1,Medium Risk
C16840,Basic,Monthly,398.32,0,40.8,2,False,3,High Risk
C16841,Basic,Annual,447.79,33,32.2,3,False,2,Medium Risk
C16842,Basic,Annual,470.12,25,24.6,4,True,1,Medium Risk
C16843,Premium,Annual,1144.53,27,41.6,3,True,1,Medium Risk
C16846,Standard,Monthly,822.36,12,35.5,4,False,3,High Risk
C16847,Basic,Monthly,429.28,20,31.5,3,False,3,High Risk
C16849,Basic,Monthly,310.34,34,57.4,3,False,3,High Risk
C16850,Standard,Monthly,777.47,1,25.1,3,True,3,High Risk
C16851,Basic,Annual,313.91,6,29.8,3,True,2,Medium Risk
C16852,Standard,Monthly,660.46,24,9.3,5,True,3,High Risk
C16855,Basic,Annual,381.61,13,28.8,6,True,1,Medium Risk
C16856,Premium,Monthly,1153.54,15,52.4,3,False,3,High Risk
C16857,Basic,Monthly,328.59,35,76.2,0,False,2,Medium Risk
C16858,Basic,Annual,464.47,27,52.2,2,True,0,Low Risk
C16859,Basic,Annual,481.02,31,35.0,3,False,2,Medium Risk
C16860,Premium,Monthly,1457.64,5,32.0,3,False,4,High Risk
C16861,Premium,Annual,1328.35,25,33.9,3,True,1,Medium Risk
C16862,Standard,Monthly,702.65,24,69.0,2,False,2,Medium Risk
C16863,Premium,Monthly,1261.91,5,54.7,1,False,3,High Risk
C16865,Premium,Monthly,1280.88,2,61.3,3,False,4,High Risk
C16866,Basic,Monthly,323.5,14,51.3,1,False,2,Medium Risk
C16867,Premium,Monthly,1146.47,34,39.2,2,True,1,Medium Risk
C16870,Basic,Annual,353.36,24,43.1,3,True,1,Medium Risk
C16871,Basic,Monthly,303.1,14,43.9,2,True,1,Medium Risk
C16872,Standard,Monthly,877.35,22,62.7,2,False,2,Medium Risk
C16873,Premium,Monthly,1200.2,31,22.7,4,False,3,High Risk
C16874,Standard,Monthly,782.19,9,56.1,3,True,3,High Risk
C16876,Standard,Annual,766.52,32,22.6,5,True,1,Medium Risk
C16877,Standard,Annual,637.91,32,64.5,2,True,0,Low Risk
C16878,Basic,Annual,448.23,17,76.8,1,False,1,Medium Risk
C16879,Standard,Monthly,629.82,16,12.1,4,False,4,High Risk
C16880,Basic,Annual,361.81,13,70.7,1,True,0,Low Risk
C16881,Premium,Monthly,1270.31,5,53.4,2,False,3,High Risk
C16884,Premium,Monthly,1334.24,14,9.3,6,True,3,High Risk
C16886,Standard,Monthly,702.74,2,23.1,4,True,3,High Risk
C16887,Basic,Monthly,340.82,15,84.8,1,False,2,Medium Risk
C16888,Basic,Monthly,358.28,25,45.9,2,True,1,Medium Risk
C16890,Premium,Annual,1353.09,29,44.0,4,True,1,Medium Risk
C16894,Basic,Monthly,421.89,15,74.9,0,False,2,Medium Risk
C16896,Premium,Monthly,1130.44,10,23.3,5,True,3,High Risk
C16898,Standard,Monthly,720.17,3,17.9,4,False,5,High Risk
C16900,Premium,Annual,1441.14,36,81.0,1,False,1,Medium Risk
C16901,Standard,Monthly,761.28,24,46.4,2,False,2,Medium Risk
C16902,Standard,Monthly,721.46,6,54.4,3,False,4,High Risk
C16903,Premium,Annual,1386.96,4,34.6,3,False,3,High Risk
C16904,Basic,Monthly,406.32,3,43.4,2,False,3,High Risk
C16905,Basic,Monthly,413.18,18,45.5,2,True,1,Medium Risk
C16906,Basic,Annual,411.96,35,7.4,5,True,2,Medium Risk
C16907,Premium,Monthly,1409.4,26,66.1,4,True,2,Medium Risk
C16908,Basic,Monthly,340.81,30,55.5,1,False,2,Medium Risk
C16909,Premium,Monthly,1346.07,8,42.3,2,False,3,High Risk
C16911,Premium,Monthly,1281.62,7,71.5,3,False,4,High Risk
C16912,Basic,Annual,397.43,21,75.1,1,False,1,Medium Risk
C16913,Basic,Monthly,313.16,5,50.4,4,False,4,High Risk
C16914,Basic,Monthly,306.91,4,60.4,1,True,2,Medium Risk
C16915,Standard,Annual,805.44,21,17.6,4,True,2,Medium Risk
C16916,Premium,Annual,1214.36,30,61.5,2,False,1,Medium Risk
C16917,Basic,Annual,456.94,22,33.9,3,True,1,Medium Risk
C16919,Basic,Monthly,332.04,12,47.0,3,False,3,High Risk
C16924,Basic,Annual,353.18,25,44.5,4,True,1,Medium Risk
C16926,Basic,Monthly,331.63,5,24.1,3,True,3,High Risk
C16927,Standard,Monthly,775.89,0,53.3,2,False,3,High Risk
C16929,Premium,Monthly,1054.11,15,58.8,3,False,3,High Risk
C16931,Basic,Monthly,468.22,6,48.8,3,False,4,High Risk
C16932,Standard,Monthly,663.05,6,19.8,5,False,5,High Risk
C16934,Basic,Annual,419.07,15,32.8,4,False,2,Medium Risk
C16935,Basic,Monthly,476.79,33,13.1,5,True,3,High Risk
C16936,Standard,Annual,783.35,33,43.7,3,True,1,Medium Risk
C16937,Standard,Monthly,890.13,26,60.6,3,False,3,High Risk
C16938,Premium,Monthly,1323.19,13,17.0,4,True,3,High Risk
C16941,Basic,Monthly,466.16,13,16.2,5,False,4,High Risk
C16943,Premium,Annual,1392.86,35,49.3,2,True,0,Low Risk
C16944,Basic,Annual,425.5,32,57.7,1,True,0,Low Risk
C16945,Premium,Annual,1217.13,27,44.9,3,False,2,Medium Risk
C16947,Basic,Annual,395.07,35,64.3,1,True,0,Low Risk
C16948,Premium,Monthly,1392.24,33,54.1,1,True,1,Medium Risk
C16949,Basic,Monthly,478.9,9,67.8,0,False,3,High Risk
C16950,Basic,Monthly,377.51,0,22.7,5,True,3,High Risk
C16951,Basic,Monthly,387.5,32,40.2,2,True,1,Medium Risk
C16952,Basic,Monthly,403.82,1,50.0,2,True,2,Medium Risk
C16953,Basic,Monthly,480.7,33,39.2,3,False,3,High Risk
C16954,Standard,Monthly,830.16,3,28.3,3,True,3,High Risk
C16955,Standard,Monthly,896.92,5,54.9,2,True,2,Medium Risk
C16956,Premium,Monthly,1362.35,1,18.9,4,False,5,High Risk
C16958,Standard,Monthly,708.79,8,4.9,5,False,5,High Risk
C16959,Basic,Monthly,458.39,33,18.5,4,False,4,High Risk
C16960,Standard,Monthly,615.21,26,37.3,3,True,2,Medium Risk
C16961,Basic,Monthly,389.9,14,68.4,1,True,1,Medium Risk
C16962,Standard,Annual,783.7,10,54.3,1,False,2,Medium Risk
C16963,Basic,Annual,400.76,36,9.1,4,True,2,Medium Risk
C16964,Basic,Monthly,429.77,9,14.3,4,True,4,High Risk
C16965,Premium,Monthly,1386.1,10,27.8,4,False,4,High Risk
C16966,Premium,Monthly,1042.02,4,42.3,2,True,2,Medium Risk
C16967,Standard,Monthly,764.35,21,71.7,1,False,2,Medium Risk
C16968,Basic,Monthly,360.36,23,45.7,2,True,1,Medium Risk
C16969,Basic,Annual,437.17,4,64.1,2,True,1,Medium Risk
C16970,Premium,Monthly,1356.66,1,45.1,4,True,3,High Risk
C16971,Basic,Monthly,428.7,14,45.2,3,True,2,Medium Risk
C16972,Basic,Monthly,454.83,3,34.9,4,False,4,High Risk
C16974,Premium,Annual,1133.93,2,23.5,4,True,2,Medium Risk
C16977,Standard,Monthly,867.42,7,43.8,3,True,3,High Risk
C16979,Basic,Annual,463.92,30,32.1,3,True,1,Medium Risk
C16980,Standard,Monthly,676.44,35,33.7,3,False,3,High Risk
C16982,Premium,Monthly,1269.82,30,18.6,4,True,3,High Risk
C16983,Standard,Annual,785.62,22,57.2,1,True,0,Low Risk
C16984,Standard,Monthly,878.24,14,30.9,3,True,2,Medium Risk
C16985,Premium,Monthly,1029.49,5,37.1,3,True,3,High Risk
C16986,Basic,Monthly,334.64,1,66.7,1,False,3,High Risk
C16987,Premium,Annual,1199.1,31,19.4,4,True,2,Medium Risk
C16988,Basic,Monthly,308.24,15,64.6,2,False,2,Medium Risk
C16989,Premium,Monthly,1348.85,21,34.1,4,True,2,Medium Risk
C16990,Basic,Monthly,466.3,27,53.7,3,False,3,High Risk
C16991,Basic,Annual,331.94,24,23.7,5,True,1,Medium Risk
C16992,Premium,Annual,1137.53,22,51.3,2,True,0,Low Risk
C16993,Premium,Monthly,1497.66,29,47.0,3,True,2,Medium Risk
C16994,Premium,Monthly,1349.16,23,43.6,2,False,2,Medium Risk
C16995,Premium,Monthly,1461.78,11,25.8,3,True,3,High Risk
C16996,Standard,Monthly,605.64,21,59.1,2,False,2,Medium Risk
C16997,Basic,Annual,401.83,35,17.9,4,False,3,High Risk
C16999,Basic,Monthly,374.6,23,28.6,5,True,2,Medium Risk
C17000,Standard,Monthly,737.46,28,34.3,5,False,3,High Risk
C17001,Basic,Monthly,423.75,34,31.7,3,False,3,High Risk
C17002,Basic,Monthly,461.61,17,72.0,2,False,2,Medium Risk
C17004,Basic,Monthly,360.08,2,59.0,2,False,3,High Risk
C17005,Standard,Annual,605.87,31,42.7,3,False,2,Medium Risk
C17006,Standard,Monthly,706.7,24,50.0,3,True,2,Medium Risk
C17007,Standard,Monthly,713.03,12,60.6,3,False,3,High Risk
C17009,Standard,Monthly,658.77,0,53.8,4,False,4,High Risk
C17010,Premium,Annual,1372.91,21,35.7,4,True,1,Medium Risk
C17011,Premium,Monthly,1330.85,29,19.7,4,False,4,High Risk
C17012,Premium,Annual,1239.3,10,24.8,4,True,2,Medium Risk
C17014,Basic,Monthly,364.73,29,36.9,3,False,3,High Risk
C17015,Basic,Monthly,376.61,28,39.1,2,True,1,Medium Risk
C17016,Premium,Annual,1274.11,9,65.6,2,True,1,Medium Risk
C17017,Premium,Monthly,1401.29,23,37.0,5,True,2,Medium Risk
C17018,Basic,Annual,427.49,32,39.7,2,True,0,Low Risk
C17020,Basic,Monthly,357.9,28,33.9,3,False,3,High Risk
C17021,Premium,Annual,1419.67,35,68.0,1,True,0,Low Risk
C17022,Basic,Monthly,378.72,25,37.0,3,True,2,Medium Risk
C17023,Standard,Monthly,749.0,33,41.5,2,True,1,Medium Risk
C17024,Standard,Monthly,776.45,27,59.8,2,False,2,Medium Risk
C17025,Standard,Annual,704.36,5,53.8,1,True,1,Medium Risk
C17026,Standard,Monthly,611.34,10,74.3,0,False,3,High Risk
C17027,Standard,Annual,669.11,26,18.5,5,True,2,Medium Risk
C17028,Basic,Monthly,478.59,0,65.8,2,True,2,Medium Risk
C17030,Premium,Monthly,1470.8,33,63.3,2,False,2,Medium Risk
C17031,Premium,Annual,1049.44,4,33.4,3,True,2,Medium Risk
C17032,Premium,Annual,1390.29,20,22.2,4,True,1,Medium Risk
C17034,Basic,Monthly,452.1,21,28.7,4,False,3,High Risk
C17035,Basic,Annual,427.74,36,22.0,3,False,2,Medium Risk
C17037,Basic,Annual,346.93,15,44.6,2,True,0,Low Risk
C17038,Standard,Monthly,845.61,21,15.5,5,True,3,High Risk
C17039,Premium,Monthly,1074.48,7,45.8,7,True,3,High Risk
C17041,Standard,Monthly,829.11,16,30.5,4,False,3,High Risk
C17044,Basic,Annual,326.52,35,58.6,2,True,0,Low Risk
C17046,Basic,Annual,402.04,1,62.7,2,True,1,Medium Risk
C17047,Basic,Monthly,496.52,6,30.7,4,False,4,High Risk
C17048,Premium,Monthly,1419.08,2,7.2,4,True,4,High Risk
C17051,Basic,Monthly,343.84,11,36.1,3,False,4,High Risk
C17054,Basic,Annual,418.17,23,25.9,4,False,2,Medium Risk
C17055,Premium,Annual,1065.99,33,62.6,1,True,0,Low Risk
C17056,Standard,Annual,602.54,19,31.2,3,False,2,Medium Risk
C17057,Basic,Monthly,393.75,31,37.8,4,True,2,Medium Risk
C17058,Basic,Monthly,497.51,29,41.2,3,False,3,High Risk
C17059,Premium,Annual,1150.34,35,34.5,3,True,1,Medium Risk
C17060,Premium,Monthly,1422.09,24,27.9,4,True,2,Medium Risk
C17061,Basic,Annual,413.47,29,35.2,5,False,2,Medium Risk
C17063,Standard,Monthly,634.94,24,33.3,3,False,3,High Risk
C17064,Basic,Monthly,400.92,14,30.6,3,False,3,High Risk
C17065,Standard,Annual,806.88,27,10.2,5,False,3,High Risk
C17066,Standard,Annual,860.82,6,46.7,2,True,1,Medium Risk
C17068,Basic,Monthly,455.31,2,37.1,4,False,4,High Risk
C17069,Premium,Monthly,1263.75,16,61.4,1,False,2,Medium Risk
C17072,Standard,Annual,615.99,24,26.4,3,True,1,Medium Risk
C17073,Basic,Annual,363.17,22,18.8,3,True,2,Medium Risk
C17074,Basic,Monthly,335.3,7,45.2,2,False,3,High Risk
C17076,Premium,Annual,1241.13,35,51.7,2,True,0,Low Risk
C17077,Basic,Monthly,357.95,22,22.7,3,True,2,Medium Risk
C17078,Basic,Annual,358.77,34,50.1,2,True,0,Low Risk
C17079,Basic,Annual,358.71,14,56.2,2,True,0,Low Risk
C17081,Standard,Monthly,770.15,8,19.7,4,False,5,High Risk
C17082,Premium,Annual,1124.81,32,74.9,0,True,0,Low Risk
C17083,Basic,Monthly,484.43,11,43.7,2,True,2,Medium Risk
C17084,Basic,Monthly,363.06,25,36.1,4,False,3,High Risk
C17086,Basic,Annual,375.77,36,48.5,2,True,0,Low Risk
C17087,Standard,Annual,821.92,25,67.1,1,True,0,Low Risk
C17088,Premium,Annual,1326.17,30,66.8,1,True,0,Low Risk
C17089,Standard,Annual,843.25,25,38.0,3,True,1,Medium Risk
C17090,Basic,Annual,457.74,28,56.1,1,True,0,Low Risk
C17091,Standard,Annual,785.14,3,28.4,4,False,3,High Risk
C17092,Standard,Annual,867.87,1,52.0,4,True,2,Medium Risk
C17093,Premium,Annual,1072.87,29,30.9,3,False,2,Medium Risk
C17094,Basic,Annual,456.66,26,63.9,0,False,1,Medium Risk
C17095,Basic,Monthly,387.06,18,54.8,1,True,1,Medium Risk
C17096,Standard,Monthly,612.21,5,34.1,3,False,4,High Risk
C17097,Standard,Monthly,621.05,27,42.3,2,False,2,Medium Risk
C17098,Standard,Annual,688.27,8,17.3,4,True,3,High Risk
C17099,Basic,Monthly,359.8,3,63.0,1,True,2,Medium Risk
C17100,Basic,Annual,466.6,35,63.1,2,True,0,Low Risk
C17101,Standard,Annual,710.36,28,64.6,1,True,0,Low Risk
C17102,Basic,Monthly,388.98,30,19.2,5,True,3,High Risk
C17105,Basic,Annual,452.8,20,54.5,3,True,1,Medium Risk
C17106,Standard,Annual,889.25,19,25.9,4,False,2,Medium Risk
C17107,Basic,Monthly,485.31,18,23.6,6,True,2,Medium Risk
C17108,Standard,Monthly,614.19,33,37.1,4,False,3,High Risk
C17109,Basic,Monthly,326.12,13,44.0,3,False,3,High Risk
C17110,Basic,Annual,365.84,34,34.3,3,False,2,Medium Risk
C17113,Basic,Monthly,413.6,2,43.0,4,True,3,High Risk
C17114,Standard,Monthly,883.3,29,14.3,4,False,4,High Risk
C17115,Basic,Annual,315.27,2,59.3,2,True,1,Medium Risk
C17116,Basic,Monthly,448.82,8,37.5,3,False,4,High Risk
C17117,Basic,Monthly,463.75,1,38.8,3,True,3,High Risk
C17118,Basic,Monthly,473.83,16,72.4,0,False,2,Medium Risk
C17119,Basic,Annual,472.42,14,43.9,3,True,1,Medium Risk
C17120,Standard,Monthly,635.39,31,45.7,3,False,3,High Risk
C17121,Premium,Annual,1123.29,10,66.1,1,True,1,Medium Risk
C17122,Basic,Monthly,363.2,2,65.7,1,False,3,High Risk
C17123,Standard,Monthly,740.4,26,53.8,2,True,1,Medium Risk
C17124,Basic,Annual,358.61,30,33.1,3,True,1,Medium Risk
C17126,Premium,Monthly,1300.82,26,64.5,1,False,2,Medium Risk
C17127,Basic,Annual,440.54,18,35.2,3,True,1,Medium Risk
C17128,Basic,Monthly,481.33,16,71.6,2,False,2,Medium Risk
C17131,Premium,Monthly,1207.19,12,60.1,2,True,1,Medium Risk
C17132,Basic,Annual,416.82,33,39.6,3,True,1,Medium Risk
C17133,Basic,Annual,351.97,36,48.1,4,False,2,Medium Risk
C17135,Premium,Monthly,1276.93,15,20.0,6,False,3,High Risk
C17136,Standard,Annual,786.92,18,23.5,3,True,1,Medium Risk
C17137,Basic,Monthly,399.86,19,47.7,4,True,2,Medium Risk
C17138,Basic,Monthly,339.91,16,27.2,4,False,3,High Risk
C17139,Basic,Annual,383.02,27,10.7,6,True,2,Medium Risk
C17140,Premium,Monthly,1462.57,13,49.7,3,True,2,Medium Risk
C17142,Premium,Monthly,1437.86,3,26.1,4,False,4,High Risk
C17143,Standard,Monthly,833.92,26,78.1,3,False,3,High Risk
C17144,Basic,Monthly,498.04,26,44.0,5,False,3,High Risk
C17146,Standard,Monthly,771.21,15,28.3,3,True,2,Medium Risk
C17147,Premium,Annual,1478.38,31,26.3,5,False,2,Medium Risk
C17148,Standard,Monthly,652.34,5,62.8,1,False,3,High Risk
C17149,Basic,Monthly,421.35,24,50.2,3,True,2,Medium Risk
C17150,Basic,Monthly,359.67,5,64.6,2,True,2,Medium Risk
C17151,Basic,Monthly,489.46,2,57.5,1,False,3,High Risk
C17152,Basic,Monthly,400.95,8,30.6,5,False,4,High Risk
C17153,Premium,Annual,1257.57,24,24.4,4,True,1,Medium Risk
C17155,Basic,Monthly,324.55,20,29.7,4,True,2,Medium Risk
C17156,Basic,Annual,447.8,15,47.4,2,True,0,Low Risk
C17157,Premium,Monthly,1247.11,9,64.6,2,False,3,High Risk
C17158,Basic,Monthly,303.09,31,16.5,4,False,4,High Risk
C17159,Basic,Monthly,342.39,27,26.8,3,False,3,High Risk
C17162,Premium,Monthly,1486.6,26,31.7,3,False,3,High Risk
C17163,Basic,Monthly,335.73,2,85.7,0,False,3,High Risk
C17164,Premium,Monthly,1368.44,21,2.3,6,True,3,High Risk
C17165,Standard,Monthly,635.51,20,44.5,2,False,2,Medium Risk
C17166,Basic,Monthly,382.96,14,78.4,1,False,2,Medium Risk
C17167,Basic,Annual,486.12,21,28.3,6,True,1,Medium Risk
C17168,Basic,Annual,434.03,27,7.2,5,True,2,Medium Risk
C17169,Premium,Monthly,1318.86,26,30.2,4,False,3,High Risk
C17173,Basic,Annual,326.97,33,49.9,3,True,1,Medium Risk
C17174,Standard,Monthly,708.12,11,75.2,2,False,3,High Risk
C17175,Basic,Annual,475.28,28,61.6,1,True,0,Low Risk
C17176,Premium,Monthly,1130.8,5,43.0,3,False,4,High Risk
C17177,Basic,Monthly,428.03,20,35.3,3,True,2,Medium Risk
C17178,Basic,Annual,326.48,29,56.6,1,True,0,Low Risk
C17179,Basic,Monthly,337.45,0,72.6,1,True,2,Medium Risk
C17180,Basic,Annual,385.25,31,40.5,3,True,1,Medium Risk
C17182,Standard,Monthly,849.01,13,58.5,2,False,2,Medium Risk
C17183,Basic,Monthly,416.8,19,9.3,5,True,3,High Risk
C17184,Basic,Monthly,480.53,6,39.6,4,False,4,High Risk
C17185,Standard,Monthly,768.99,22,68.9,1,False,2,Medium Risk
C17187,Basic,Monthly,489.23,6,50.4,2,False,3,High Risk
C17188,Basic,Annual,488.48,35,26.6,4,True,1,Medium Risk
C17189,Premium,Annual,1087.04,10,57.3,1,True,1,Medium Risk
C17190,Standard,Annual,880.04,33,27.4,3,False,2,Medium Risk
C17191,Premium,Annual,1399.66,19,44.1,3,True,1,Medium Risk
C17192,Standard,Annual,711.85,31,75.7,1,True,0,Low Risk
C17193,Premium,Annual,1178.76,28,65.4,1,False,1,Medium Risk
C17194,Basic,Monthly,327.76,36,46.2,3,False,3,High Risk
C17197,Standard,Annual,857.95,13,52.9,3,True,1,Medium Risk
C17198,Standard,Annual,635.94,32,52.0,1,True,0,Low Risk
C17201,Basic,Monthly,454.65,3,61.9,2,True,2,Medium Risk
C17203,Basic,Monthly,320.58,14,80.0,1,False,2,Medium Risk
C17204,Basic,Monthly,349.46,32,48.8,2,False,2,Medium Risk
C17205,Standard,Monthly,675.53,25,64.3,1,False,2,Medium Risk
C17206,Standard,Annual,631.68,6,29.6,4,True,2,Medium Risk
C17207,Basic,Monthly,321.06,3,54.4,2,False,3,High Risk
C17208,Basic,Monthly,366.17,3,53.6,2,False,3,High Risk
C17211,Basic,Monthly,431.86,22,20.2,3,True,2,Medium Risk
C17213,Basic,Monthly,327.04,4,79.0,0,True,2,Medium Risk
C17214,Premium,Annual,1281.17,35,32.5,3,True,1,Medium Risk
C17215,Standard,Monthly,797.92,7,12.3,4,False,5,High Risk
C17217,Standard,Annual,698.34,29,30.0,3,True,1,Medium Risk
C17218,Basic,Annual,470.49,36,37.2,4,True,1,Medium Risk
C17219,Standard,Monthly,776.17,7,45.1,2,False,3,High Risk
C17220,Premium,Annual,1407.04,10,28.1,3,True,2,Medium Risk
C17224,Basic,Monthly,373.81,13,42.2,3,False,3,High Risk
C17225,Standard,Annual,728.14,11,50.7,2,True,1,Medium Risk
C17226,Premium,Monthly,1169.41,31,59.1,1,False,2,Medium Risk
C17230,Basic,Monthly,495.09,35,30.9,3,False,3,High Risk
C17232,Basic,Monthly,337.15,20,25.0,4,False,3,High Risk
C17233,Standard,Monthly,833.22,3,9.7,5,False,5,High Risk
C17234,Basic,Annual,374.01,29,37.2,4,False,2,Medium Risk
C17237,Standard,Annual,819.45,19,36.7,3,True,1,Medium Risk
C17239,Basic,Annual,352.94,34,64.8,1,True,0,Low Risk
C17241,Basic,Monthly,350.82,11,32.4,3,True,3,High Risk
C17242,Premium,Annual,1038.4,34,36.4,3,False,2,Medium Risk
C17243,Basic,Monthly,466.36,10,79.1,1,False,3,High Risk
C17244,Basic,Monthly,486.62,33,46.1,3,True,2,Medium Risk
C17245,Basic,Monthly,467.24,19,65.6,1,True,1,Medium Risk
C17246,Premium,Monthly,1103.38,5,40.2,4,True,3,High Risk
C17248,Basic,Monthly,435.9,12,49.9,3,False,3,High Risk
C17249,Standard,Annual,620.75,18,24.4,3,False,2,Medium Risk
C17250,Standard,Monthly,803.58,3,45.0,2,False,3,High Risk
C17252,Basic,Annual,486.06,30,33.9,4,True,1,Medium Risk
C17253,Premium,Monthly,1255.72,30,13.8,6,False,4,High Risk
C17254,Standard,Monthly,884.62,2,24.9,4,False,4,High Risk
C17255,Basic,Annual,429.7,25,45.7,3,False,2,Medium Risk
C17257,Standard,Annual,812.58,6,50.7,2,True,1,Medium Risk
C17258,Standard,Monthly,887.61,2,40.6,3,False,4,High Risk
C17260,Basic,Monthly,386.83,4,65.2,1,False,3,High Risk
C17261,Basic,Annual,398.28,17,62.0,2,True,0,Low Risk
C17262,Basic,Annual,362.14,21,23.9,4,False,2,Medium Risk
C17263,Standard,Monthly,781.21,25,49.1,2,True,1,Medium Risk
C17265,Premium,Monthly,1280.1,5,17.6,4,True,4,High Risk
C17266,Standard,Monthly,631.2,26,39.0,3,False,3,High Risk
C17267,Premium,Monthly,1407.03,7,52.7,3,False,4,High Risk
C17268,Standard,Monthly,765.59,7,62.6,2,True,2,Medium Risk
C17269,Basic,Monthly,401.69,5,56.1,3,False,4,High Risk
C17271,Premium,Monthly,1478.81,16,84.5,1,False,2,Medium Risk
C17272,Premium,Monthly,1221.13,10,49.7,2,True,2,Medium Risk
C17273,Premium,Monthly,1487.52,10,25.0,4,False,4,High Risk
C17274,Standard,Annual,769.98,22,25.5,3,True,1,Medium Risk
C17277,Premium,Monthly,1374.19,1,56.4,2,True,2,Medium Risk
C17278,Standard,Monthly,691.72,2,35.8,3,False,4,High Risk
C17279,Basic,Monthly,495.51,24,15.8,5,True,3,High Risk
C17280,Basic,Monthly,367.77,3,62.5,2,True,2,Medium Risk
C17281,Basic,Annual,393.16,7,71.5,0,True,1,Medium Risk
C17283,Basic,Monthly,428.23,23,64.7,3,True,2,Medium Risk
C17284,Standard,Monthly,868.53,4,15.2,4,True,4,High Risk
C17286,Premium,Annual,1198.35,27,40.1,4,False,2,Medium Risk
C17287,Basic,Annual,411.08,7,18.7,4,True,3,High Risk
C17288,Basic,Monthly,492.33,7,23.1,4,True,3,High Risk
C17289,Basic,Monthly,305.88,15,42.6,2,True,1,Medium Risk
C17290,Basic,Annual,339.99,20,12.8,7,True,2,Medium Risk
C17291,Standard,Monthly,874.65,5,56.2,2,True,2,Medium Risk
C17292,Standard,Monthly,855.27,18,30.7,2,False,2,Medium Risk
C17293,Basic,Annual,328.86,16,5.9,5,False,3,High Risk
C17294,Basic,Monthly,374.04,3,52.7,3,True,3,High Risk
C17295,Premium,Monthly,1243.99,26,57.1,1,False,2,Medium Risk
C17296,Basic,Annual,311.09,33,49.9,2,True,0,Low Risk
C17297,Standard,Monthly,824.3,23,57.2,4,False,3,High Risk
C17298,Standard,Annual,637.32,27,25.9,3,True,1,Medium Risk
C17299,Basic,Annual,339.61,30,37.3,3,True,1,Medium Risk
C17301,Standard,Monthly,701.38,12,46.5,3,False,3,High Risk
C17302,Premium,Monthly,1022.69,11,62.4,1,True,2,Medium Risk
C17303,Standard,Monthly,748.81,8,51.1,1,False,3,High Risk
C17305,Standard,Monthly,627.93,10,41.4,3,True,3,High Risk
C17306,Premium,Monthly,1006.77,3,17.2,5,False,5,High Risk
C17307,Standard,Monthly,888.41,16,39.1,3,False,3,High Risk
C17308,Basic,Monthly,484.1,9,17.2,4,True,4,High Risk
C17310,Basic,Annual,358.22,5,43.4,3,True,2,Medium Risk
C17311,Basic,Monthly,343.93,15,66.4,1,True,1,Medium Risk
C17312,Premium,Monthly,1179.06,4,28.7,3,False,4,High Risk
C17313,Basic,Monthly,386.77,23,35.3,3,False,3,High Risk
C17314,Standard,Monthly,628.35,26,39.5,2,False,2,Medium Risk
C17316,Basic,Monthly,436.23,4,59.2,1,False,3,High Risk
C17317,Basic,Monthly,421.96,7,52.1,2,False,3,High Risk
C17319,Basic,Monthly,482.92,21,23.1,5,False,3,High Risk
C17322,Premium,Annual,1088.2,16,39.0,2,True,0,Low Risk
C17323,Standard,Monthly,861.97,16,49.3,3,True,2,Medium Risk
C17324,Premium,Annual,1148.9,1,64.2,1,True,1,Medium Risk
C17327,Basic,Monthly,480.67,5,50.4,2,False,3,High Risk
C17328,Basic,Monthly,411.04,2,22.4,4,True,3,High Risk
C17329,Standard,Monthly,657.19,5,39.3,5,False,4,High Risk
C17330,Premium,Monthly,1388.4,30,74.7,2,True,1,Medium Risk
C17331,Premium,Monthly,1105.51,35,57.3,2,True,1,Medium Risk
C17332,Basic,Monthly,450.34,28,58.2,2,False,2,Medium Risk
C17333,Standard,Annual,742.27,34,68.9,1,True,0,Low Risk
C17334,Standard,Monthly,843.72,19,8.5,5,False,4,High Risk
C17335,Standard,Monthly,648.73,15,43.2,2,False,2,Medium Risk
C17336,Standard,Annual,686.72,23,38.3,3,True,1,Medium Risk
C17337,Basic,Monthly,392.32,0,47.4,2,False,3,High Risk
C17339,Basic,Monthly,417.46,3,48.0,2,False,3,High Risk
C17340,Premium,Monthly,1465.8,19,31.4,4,False,3,High Risk
C17342,Basic,Annual,375.05,31,22.8,4,False,2,Medium Risk
C17344,Premium,Annual,1325.6,18,72.5,2,True,0,Low Risk
C17345,Premium,Monthly,1057.97,18,46.1,2,False,2,Medium Risk
C17346,Standard,Monthly,680.26,31,53.3,2,True,1,Medium Risk
C17348,Basic,Monthly,300.01,21,0.0,7,False,4,High Risk
C17350,Premium,Monthly,1030.72,0,36.1,4,True,3,High Risk
C17351,Premium,Monthly,1063.7,3,61.8,2,False,3,High Risk
C17352,Basic,Annual,386.22,12,33.0,3,True,1,Medium Risk
C17354,Premium,Monthly,1054.28,27,18.8,4,False,4,High Risk
C17355,Standard,Annual,619.3,34,58.9,2,False,1,Medium Risk
C17356,Premium,Monthly,1371.51,35,70.7,1,True,1,Medium Risk
C17357,Premium,Annual,1492.64,12,48.9,3,True,1,Medium Risk
C17358,Premium,Monthly,1210.59,15,61.5,1,True,1,Medium Risk
C17359,Standard,Monthly,849.98,9,39.1,4,False,4,High Risk
C17361,Premium,Monthly,1109.09,7,18.7,4,True,4,High Risk
C17364,Premium,Monthly,1382.02,17,15.4,6,False,4,High Risk
C17365,Standard,Monthly,612.56,19,36.5,3,False,3,High Risk
C17366,Premium,Monthly,1387.18,0,55.6,3,False,4,High Risk
C17368,Standard,Annual,762.45,12,67.5,3,True,1,Medium Risk
C17369,Standard,Monthly,891.49,18,36.5,4,False,3,High Risk
C17372,Basic,Annual,299.36,5,25.8,3,True,2,Medium Risk
C17374,Standard,Monthly,647.15,2,4.2,6,True,4,High Risk
C17375,Basic,Annual,450.9,32,17.9,3,False,3,High Risk
C17376,Basic,Monthly,407.13,26,35.9,3,True,2,Medium Risk
C17377,Premium,Annual,1411.84,31,52.3,2,True,0,Low Risk
C17378,Premium,Monthly,1031.67,14,33.7,3,True,2,Medium Risk
C17380,Premium,Monthly,1096.63,9,37.1,5,False,4,High Risk
C17382,Basic,Monthly,373.26,8,40.1,4,False,4,High Risk
C17383,Basic,Annual,339.4,27,39.9,3,True,1,Medium Risk
C17386,Basic,Annual,302.82,34,48.8,3,False,2,Medium Risk
C17387,Basic,Annual,457.01,19,8.3,4,False,3,High Risk
C17388,Basic,Monthly,314.89,7,39.7,3,False,4,High Risk
C17390,Standard,Monthly,881.47,12,57.4,1,False,2,Medium Risk
C17391,Basic,Annual,447.79,35,42.2,4,False,2,Medium Risk
C17392,Basic,Monthly,315.81,28,39.8,6,True,2,Medium Risk
C17393,Standard,Monthly,600.42,24,37.6,4,False,3,High Risk
C17394,Basic,Monthly,331.69,5,3.9,6,True,4,High Risk
C17395,Basic,Monthly,455.05,28,76.3,3,False,3,High Risk
C17397,Basic,Annual,498.88,34,31.7,2,True,0,Low Risk
C17398,Standard,Monthly,617.26,2,66.0,1,False,3,High Risk
C17399,Standard,Monthly,755.6,8,44.2,2,False,3,High Risk
C17400,Standard,Monthly,789.07,28,42.4,3,False,3,High Risk
C17401,Standard,Monthly,785.04,22,39.6,3,True,2,Medium Risk
C17402,Premium,Monthly,1239.08,3,54.7,3,False,4,High Risk
C17404,Standard,Annual,617.83,33,46.4,2,False,1,Medium Risk
C17405,Basic,Monthly,311.32,29,9.6,4,False,4,High Risk
C17407,Premium,Monthly,1053.59,8,39.6,2,False,3,High Risk
C17408,Standard,Annual,874.66,31,46.8,4,True,1,Medium Risk
C17410,Standard,Monthly,898.39,32,15.4,6,False,4,High Risk
C17411,Premium,Monthly,1197.07,3,24.3,3,True,3,High Risk
C17412,Premium,Monthly,1052.51,11,72.3,1,False,3,High Risk
C17413,Premium,Monthly,1044.79,30,25.2,3,True,2,Medium Risk
C17414,Standard,Annual,775.7,2,55.1,1,True,1,Medium Risk
C17415,Basic,Annual,353.45,26,21.7,3,True,1,Medium Risk
C17416,Basic,Monthly,306.77,8,44.4,3,True,3,High Risk
C17417,Premium,Annual,1205.87,14,71.1,1,False,1,Medium Risk
C17418,Standard,Annual,599.09,3,46.1,2,True,1,Medium Risk
C17419,Basic,Monthly,372.52,3,53.6,2,False,3,High Risk
C17420,Standard,Monthly,721.74,10,25.9,5,False,4,High Risk
C17421,Premium,Monthly,1471.78,32,34.9,3,False,3,High Risk
C17422,Premium,Annual,1044.5,16,48.4,2,True,0,Low Risk
C17423,Premium,Monthly,1282.56,1,64.8,2,False,3,High Risk
C17424,Standard,Annual,818.35,24,44.2,3,True,1,Medium Risk
C17425,Standard,Annual,852.92,24,25.4,4,True,1,Medium Risk
C17427,Standard,Annual,603.52,33,55.1,1,True,0,Low Risk
C17428,Basic,Annual,479.07,30,55.4,2,True,0,Low Risk
C17429,Premium,Monthly,1120.76,12,48.4,2,False,2,Medium Risk
C17430,Basic,Monthly,476.98,25,54.1,4,True,2,Medium Risk
C17432,Standard,Monthly,895.0,17,65.1,1,False,2,Medium Risk
C17435,Standard,Monthly,629.65,15,30.4,3,False,3,High Risk
C17437,Premium,Monthly,1037.63,20,67.3,1,False,2,Medium Risk
C17438,Premium,Annual,1052.06,24,18.9,5,True,2,Medium Risk
C17439,Basic,Monthly,409.92,18,35.1,4,False,3,High Risk
C17441,Standard,Annual,681.31,35,53.8,2,True,0,Low Risk
C17442,Basic,Monthly,453.39,14,9.2,4,True,3,High Risk
C17444,Basic,Monthly,345.18,13,19.8,4,True,3,High Risk
C17445,Basic,Monthly,317.92,25,49.1,2,False,2,Medium Risk
C17446,Standard,Monthly,804.28,20,30.7,4,False,3,High Risk
C17448,Standard,Monthly,627.46,36,37.3,4,False,3,High Risk
C17449,Premium,Monthly,1086.81,7,70.6,1,True,2,Medium Risk
C17450,Standard,Annual,642.3,23,29.8,4,True,1,Medium Risk
C17452,Basic,Annual,438.51,35,31.7,3,True,1,Medium Risk
C17453,Standard,Monthly,881.16,4,58.9,2,False,3,High Risk
C17454,Standard,Annual,768.52,20,7.5,4,True,2,Medium Risk
C17455,Standard,Annual,655.0,16,63.9,2,False,1,Medium Risk
C17456,Basic,Annual,444.39,25,17.3,5,False,3,High Risk
C17457,Premium,Annual,1421.8,20,41.5,3,True,1,Medium Risk
C17458,Basic,Monthly,379.93,9,34.9,3,False,4,High Risk
C17459,Basic,Annual,397.43,7,22.9,4,True,2,Medium Risk
C17460,Standard,Annual,644.78,25,37.1,3,True,1,Medium Risk
C17461,Basic,Monthly,315.42,2,39.7,4,False,4,High Risk
C17462,Premium,Annual,1193.98,19,22.0,4,True,1,Medium Risk
C17463,Basic,Annual,379.59,28,11.0,5,True,2,Medium Risk
C17464,Standard,Monthly,636.6,1,76.5,0,True,2,Medium Risk
C17465,Basic,Annual,354.94,26,43.4,4,True,1,Medium Risk
C17466,Basic,Monthly,335.78,9,33.6,3,False,4,High Risk
C17467,Standard,Monthly,692.38,28,58.2,3,False,3,High Risk
C17471,Basic,Annual,359.66,29,47.8,2,False,1,Medium Risk
C17472,Standard,Monthly,884.89,13,58.2,1,True,1,Medium Risk
C17474,Basic,Annual,456.1,15,21.4,4,False,2,Medium Risk
C17475,Standard,Monthly,728.42,2,15.2,4,True,4,High Risk
C17477,Basic,Monthly,447.88,11,73.9,1,False,3,High Risk
C17479,Basic,Monthly,302.31,23,53.8,2,True,1,Medium Risk
C17480,Standard,Monthly,865.35,18,22.1,4,True,2,Medium Risk
C17482,Basic,Annual,351.72,4,34.1,3,True,2,Medium Risk
C17483,Standard,Monthly,881.2,6,26.9,3,True,3,High Risk
C17488,Basic,Annual,299.83,28,58.3,2,True,0,Low Risk
C17490,Basic,Monthly,304.18,24,46.8,2,False,2,Medium Risk
C17491,Basic,Monthly,462.03,6,72.2,3,True,3,High Risk
C17493,Premium,Monthly,1305.11,15,15.1,6,False,4,High Risk
C17494,Basic,Annual,491.1,29,64.1,1,False,1,Medium Risk
C17495,Premium,Monthly,1263.46,10,56.0,2,True,2,Medium Risk
C17496,Standard,Monthly,828.69,32,47.0,2,True,1,Medium Risk
C17497,Standard,Monthly,843.86,27,79.2,0,False,2,Medium Risk
C17498,Basic,Monthly,458.68,8,22.3,6,False,4,High Risk
C17499,Basic,Annual,486.56,31,25.3,3,True,1,Medium Risk
C17500,Standard,Annual,748.42,24,62.6,1,False,1,Medium Risk
C17501,Basic,Monthly,429.45,17,73.3,2,False,2,Medium Risk
C17502,Basic,Monthly,315.76,7,59.8,2,True,2,Medium Risk
C17504,Premium,Monthly,1428.31,5,20.7,4,True,3,High Risk
C17505,Basic,Annual,418.73,32,56.3,3,True,1,Medium Risk
C17506,Standard,Annual,863.02,30,68.4,1,True,0,Low Risk
C17508,Basic,Monthly,459.82,8,41.9,3,False,4,High Risk
C17509,Basic,Annual,326.19,24,43.9,3,True,1,Medium Risk
C17510,Standard,Annual,619.77,36,52.9,3,True,1,Medium Risk
C17511,Standard,Monthly,698.03,24,17.6,5,True,3,High Risk
C17514,Basic,Annual,365.57,32,48.2,2,True,0,Low Risk
C17516,Standard,Annual,671.94,18,54.7,2,False,1,Medium Risk
C17517,Standard,Monthly,675.1,28,33.0,3,False,3,High Risk
C17518,Standard,Annual,665.94,25,42.9,2,True,0,Low Risk
C17519,Standard,Monthly,828.19,21,7.4,4,False,4,High Risk
C17521,Premium,Monthly,1226.42,34,30.9,4,True,2,Medium Risk
C17523,Standard,Annual,817.61,7,35.3,4,True,2,Medium Risk
C17525,Standard,Monthly,602.86,10,37.7,5,True,3,High Risk
C17526,Standard,Annual,699.57,30,63.1,2,True,0,Low Risk
C17528,Premium,Monthly,1321.49,13,24.6,5,True,2,Medium Risk
C17529,Standard,Monthly,848.02,7,44.1,2,False,3,High Risk
C17530,Premium,Monthly,1007.64,19,26.2,5,False,3,High Risk
C17531,Standard,Monthly,885.63,36,77.2,0,True,1,Medium Risk
C17532,Premium,Monthly,1348.57,12,33.8,3,False,3,High Risk
C17533,Basic,Monthly,398.83,27,20.0,3,False,3,High Risk
C17534,Standard,Annual,671.27,34,55.4,2,False,1,Medium Risk
C17536,Standard,Annual,760.07,12,56.3,2,True,0,Low Risk
C17537,Basic,Annual,323.64,34,35.3,3,True,1,Medium Risk
C17538,Basic,Monthly,359.32,13,26.6,3,False,3,High Risk
C17539,Basic,Monthly,427.41,4,45.5,2,True,2,Medium Risk
C17540,Standard,Annual,665.57,19,64.7,1,True,0,Low Risk
C17541,Standard,Annual,636.3,33,20.7,4,True,1,Medium Risk
C17542,Basic,Annual,349.3,33,41.1,2,True,0,Low Risk
C17544,Basic,Monthly,481.17,36,39.2,3,True,2,Medium Risk
C17545,Basic,Annual,431.77,25,8.7,6,False,3,High Risk
C17547,Basic,Annual,390.38,16,39.9,2,True,0,Low Risk
C17548,Basic,Monthly,325.27,20,43.4,2,True,1,Medium Risk
C17549,Standard,Annual,860.44,11,71.5,1,True,1,Medium Risk
C17550,Basic,Annual,329.5,30,70.8,1,False,1,Medium Risk
C17553,Basic,Monthly,417.94,9,79.0,3,False,4,High Risk
C17554,Standard,Monthly,697.42,16,54.2,2,True,1,Medium Risk
C17555,Basic,Annual,309.21,29,65.3,0,True,0,Low Risk
C17557,Standard,Monthly,681.6,16,58.7,2,False,2,Medium Risk
C17559,Basic,Annual,393.94,13,58.9,3,True,1,Medium Risk
C17560,Basic,Monthly,474.73,26,6.6,5,False,4,High Risk
C17562,Premium,Annual,1493.21,29,2.6,5,False,3,High Risk
C17564,Standard,Monthly,749.09,3,29.2,3,False,4,High Risk
C17565,Premium,Annual,1252.25,29,68.5,1,True,0,Low Risk
C17567,Basic,Annual,332.07,14,62.3,2,True,0,Low Risk
C17568,Basic,Monthly,326.78,12,62.9,1,False,2,Medium Risk
C17569,Basic,Monthly,415.01,21,17.2,4,False,4,High Risk
C17570,Standard,Annual,614.72,24,35.9,4,True,1,Medium Risk
C17571,Premium,Annual,1225.77,17,60.5,1,True,0,Low Risk
C17572,Standard,Monthly,793.31,0,66.0,2,False,3,High Risk
C17573,Premium,Monthly,1074.26,9,49.7,2,True,2,Medium Risk
C17574,Basic,Monthly,385.74,18,72.8,0,False,2,Medium Risk
C17575,Basic,Annual,496.43,28,35.9,3,True,1,Medium Risk
C17576,Standard,Annual,856.77,35,65.9,2,True,0,Low Risk
C17578,Premium,Monthly,1184.1,1,38.5,4,False,4,High Risk
C17580,Basic,Monthly,384.19,7,39.0,2,False,3,High Risk
C17581,Premium,Annual,1302.25,17,37.0,4,True,1,Medium Risk
C17583,Basic,Monthly,367.18,22,68.6,1,False,2,Medium Risk
C17584,Standard,Monthly,826.17,15,21.0,5,False,3,High Risk
C17585,Standard,Annual,686.43,31,24.3,4,True,1,Medium Risk
C17587,Basic,Monthly,408.72,33,75.3,1,True,1,Medium Risk
C17590,Basic,Monthly,360.17,36,41.9,2,False,2,Medium Risk
C17591,Standard,Monthly,791.72,22,25.8,6,True,2,Medium Risk
C17592,Basic,Monthly,371.3,35,53.2,2,False,2,Medium Risk
C17593,Basic,Monthly,443.01,2,45.5,2,False,3,High Risk
C17594,Premium,Annual,1293.71,26,68.1,1,True,0,Low Risk
C17595,Basic,Monthly,447.62,26,21.5,3,True,2,Medium Risk
C17596,Basic,Annual,468.24,3,28.8,3,False,3,High Risk
C17597,Basic,Annual,455.44,14,59.1,1,False,1,Medium Risk
C17598,Basic,Annual,414.45,11,61.1,1,True,1,Medium Risk
C17599,Standard,Annual,728.53,26,47.0,2,True,0,Low Risk
C17602,Standard,Monthly,842.74,18,14.8,6,True,3,High Risk
C17603,Basic,Monthly,380.13,3,79.1,0,False,3,High Risk
C17604,Basic,Annual,456.15,34,79.8,0,True,0,Low Risk
C17605,Basic,Monthly,335.66,18,51.0,2,False,2,Medium Risk
C17606,Standard,Annual,672.46,1,18.4,5,True,3,High Risk
C17608,Basic,Monthly,423.18,13,72.7,1,False,2,Medium Risk
C17609,Standard,Monthly,644.16,21,29.7,3,False,3,High Risk
C17610,Standard,Annual,629.56,35,4.3,5,True,2,Medium Risk
C17611,Standard,Monthly,799.75,25,34.3,3,True,2,Medium Risk
C17612,Premium,Annual,1325.82,29,32.8,4,True,1,Medium Risk
C17613,Premium,Monthly,1112.74,19,32.1,3,False,3,High Risk
C17614,Premium,Annual,1082.17,32,45.1,2,False,1,Medium Risk
C17615,Premium,Monthly,1144.12,1,42.6,3,False,4,High Risk
C17617,Basic,Annual,364.5,17,18.6,4,True,2,Medium Risk
C17618,Basic,Monthly,478.57,4,56.2,1,True,2,Medium Risk
C17619,Basic,Monthly,352.34,18,24.5,4,True,2,Medium Risk
C17620,Standard,Monthly,861.78,14,55.1,4,False,3,High Risk
C17621,Basic,Annual,495.73,35,49.3,3,True,1,Medium Risk
C17623,Standard,Monthly,607.99,10,24.9,4,True,3,High Risk
C17624,Basic,Monthly,397.23,24,61.6,1,True,1,Medium Risk
C17627,Basic,Monthly,471.69,1,34.3,3,True,3,High Risk
C17630,Basic,Monthly,390.98,9,67.7,2,False,3,High Risk
C17631,Standard,Monthly,860.87,6,53.0,2,True,2,Medium Risk
C17633,Standard,Monthly,864.44,29,73.8,1,False,2,Medium Risk
C17634,Standard,Annual,669.21,31,58.6,1,False,1,Medium Risk
C17637,Standard,Annual,617.15,25,44.3,4,True,1,Medium Risk
C17638,Basic,Monthly,479.94,13,46.2,2,True,1,Medium Risk
C17640,Standard,Monthly,805.83,14,45.7,2,True,1,Medium Risk
C17641,Standard,Monthly,672.58,15,44.9,3,False,3,High Risk
C17642,Basic,Monthly,405.54,12,55.6,2,False,2,Medium Risk
C17643,Standard,Monthly,875.53,26,45.8,3,True,2,Medium Risk
C17644,Premium,Annual,1149.41,13,33.5,3,True,1,Medium Risk
C17645,Basic,Monthly,324.5,8,0.0,5,False,5,High Risk
C17647,Standard,Annual,781.61,17,54.9,2,True,0,Low Risk
C17648,Basic,Monthly,328.98,2,56.6,2,False,3,High Risk
C17649,Standard,Monthly,667.69,12,3.4,5,False,4,High Risk
C17650,Standard,Annual,796.03,29,57.3,2,True,0,Low Risk
C17651,Premium,Annual,1176.68,18,60.3,1,True,0,Low Risk
C17652,Standard,Annual,610.48,25,73.6,0,True,0,Low Risk
C17653,Standard,Annual,878.87,32,31.8,4,True,1,Medium Risk
C17654,Basic,Monthly,459.36,34,44.5,3,True,2,Medium Risk
C17656,Basic,Monthly,337.36,35,54.9,2,True,1,Medium Risk
C17657,Basic,Monthly,460.43,6,40.9,5,True,3,High Risk
C17658,Standard,Monthly,603.17,1,28.5,3,False,4,High Risk
C17659,Standard,Monthly,599.85,3,66.2,0,False,3,High Risk
C17660,Standard,Monthly,754.79,20,19.9,4,False,4,High Risk
C17662,Basic,Annual,461.7,35,47.0,2,False,1,Medium Risk
C17663,Premium,Monthly,1305.74,35,40.7,4,True,2,Medium Risk
C17665,Basic,Annual,346.56,8,28.7,5,True,2,Medium Risk
C17666,Standard,Monthly,662.19,30,8.3,4,False,4,High Risk
C17668,Basic,Annual,333.98,27,46.5,3,True,1,Medium Risk
C17669,Basic,Monthly,382.31,2,45.4,3,False,4,High Risk
C17671,Basic,Monthly,452.72,18,19.3,4,False,4,High Risk
C17672,Basic,Annual,390.25,28,67.9,1,False,1,Medium Risk
C17673,Premium,Monthly,1373.67,26,28.2,3,True,2,Medium Risk
C17674,Basic,Monthly,437.57,22,48.8,2,True,1,Medium Risk
C17675,Standard,Annual,788.27,10,10.3,4,True,3,High Risk
C17676,Standard,Monthly,665.45,8,50.4,2,False,3,High Risk
C17677,Basic,Monthly,407.23,25,49.7,3,False,3,High Risk
C17679,Basic,Monthly,461.23,14,48.8,2,True,1,Medium Risk
C17681,Standard,Annual,880.34,30,51.1,2,False,1,Medium Risk
C17682,Premium,Annual,1241.99,33,37.9,3,True,1,Medium Risk
C17683,Standard,Monthly,780.61,0,33.0,3,True,3,High Risk
C17686,Basic,Annual,302.56,33,65.8,2,True,0,Low Risk
C17687,Basic,Monthly,346.95,35,45.5,2,False,2,Medium Risk
C17688,Basic,Annual,314.5,17,40.9,3,True,1,Medium Risk
C17689,Basic,Monthly,404.95,29,39.3,2,True,1,Medium Risk
C17690,Premium,Annual,1232.19,32,50.9,2,False,1,Medium Risk
C17691,Premium,Annual,1093.9,36,19.3,4,True,2,Medium Risk
C17692,Basic,Annual,340.86,28,38.1,4,False,2,Medium Risk
C17694,Premium,Monthly,1365.49,21,44.4,3,False,3,High Risk
C17695,Standard,Annual,749.72,25,29.4,3,True,1,Medium Risk
C17696,Standard,Monthly,861.77,8,59.6,4,False,4,High Risk
C17697,Premium,Monthly,1479.7,22,42.8,2,True,1,Medium Risk
C17698,Basic,Monthly,320.49,15,16.6,4,False,4,High Risk
C17700,Standard,Annual,877.92,26,45.3,2,True,0,Low Risk
C17701,Premium,Monthly,1339.08,34,43.1,2,True,1,Medium Risk
C17703,Standard,Monthly,746.51,25,29.9,5,True,2,Medium Risk
C17704,Standard,Monthly,605.11,3,47.9,2,True,2,Medium Risk
C17705,Basic,Monthly,347.77,9,64.2,1,True,2,Medium Risk
C17706,Basic,Monthly,308.82,6,78.6,0,False,3,High Risk
C17707,Basic,Monthly,437.31,22,28.1,4,False,3,High Risk
C17708,Standard,Monthly,726.52,27,34.3,4,False,3,High Risk
C17709,Premium,Monthly,1182.72,2,41.1,2,False,3,High Risk
C17710,Basic,Monthly,425.08,24,45.3,4,False,3,High Risk
C17712,Premium,Annual,1379.94,14,24.2,7,True,1,Medium Risk
C17714,Basic,Annual,445.73,30,13.0,4,True,2,Medium Risk
C17716,Basic,Monthly,358.33,9,27.4,3,True,3,High Risk
C17717,Standard,Monthly,747.5,0,67.0,2,True,2,Medium Risk
C17718,Standard,Monthly,816.13,17,69.3,3,True,2,Medium Risk
C17719,Standard,Monthly,863.58,7,63.2,1,True,2,Medium Risk
C17720,Standard,Monthly,695.99,28,26.2,4,False,3,High Risk
C17721,Premium,Annual,1029.51,25,81.3,1,False,1,Medium Risk
C17722,Standard,Monthly,830.01,4,19.5,4,False,5,High Risk
C17723,Standard,Annual,882.18,22,23.4,4,True,1,Medium Risk
C17724,Standard,Monthly,747.6,14,28.4,3,True,2,Medium Risk
C17725,Basic,Monthly,304.22,22,22.9,4,False,3,High Risk
C17727,Basic,Monthly,428.75,2,43.4,3,True,3,High Risk
C17728,Premium,Annual,1375.45,26,40.7,3,False,2,Medium Risk
C17731,Basic,Annual,312.86,16,50.9,2,False,1,Medium Risk
C17739,Basic,Annual,415.14,34,47.0,2,True,0,Low Risk
C17740,Standard,Monthly,797.03,16,47.3,2,True,1,Medium Risk
C17741,Standard,Annual,729.88,32,39.0,3,True,1,Medium Risk
C17743,Basic,Monthly,313.88,4,50.5,2,False,3,High Risk
C17745,Premium,Monthly,1314.61,8,50.7,4,False,4,High Risk
C17746,Basic,Annual,446.32,29,53.5,2,False,1,Medium Risk
C17747,Basic,Annual,383.35,26,59.9,2,True,0,Low Risk
C17748,Standard,Monthly,746.83,32,48.7,2,True,1,Medium Risk
C17749,Basic,Monthly,449.22,4,40.9,3,False,4,High Risk
C17751,Standard,Monthly,781.84,29,53.3,3,True,2,Medium Risk
C17753,Basic,Annual,329.3,4,56.4,2,True,1,Medium Risk
C17754,Standard,Monthly,610.92,3,53.3,3,True,3,High Risk
C17755,Basic,Annual,304.74,34,33.7,3,True,1,Medium Risk
C17757,Premium,Monthly,1479.68,33,39.9,3,True,2,Medium Risk
C17758,Basic,Annual,437.95,34,26.2,3,True,1,Medium Risk
C17759,Standard,Monthly,863.47,20,33.0,2,True,1,Medium Risk
C17760,Premium,Annual,1447.69,26,39.8,3,False,2,Medium Risk
C17761,Premium,Monthly,1453.57,11,29.4,3,False,4,High Risk
C17762,Basic,Monthly,413.6,26,24.2,3,True,2,Medium Risk
C17764,Premium,Annual,1456.16,24,63.5,1,True,0,Low Risk
C17765,Standard,Annual,753.51,16,72.1,1,False,1,Medium Risk
C17766,Standard,Monthly,868.81,34,71.8,0,False,2,Medium Risk
C17767,Standard,Annual,722.61,26,62.9,4,True,1,Medium Risk
C17768,Basic,Monthly,308.16,5,53.4,3,False,4,High Risk
C17770,Premium,Annual,1080.86,31,24.4,4,True,1,Medium Risk
C17771,Standard,Monthly,697.75,10,68.0,2,False,3,High Risk
C17772,Premium,Monthly,1294.92,6,36.6,3,False,4,High Risk
C17773,Standard,Monthly,711.11,27,59.5,2,True,1,Medium Risk
C17774,Basic,Monthly,452.62,19,43.8,2,False,2,Medium Risk
C17776,Basic,Monthly,455.89,17,33.2,3,False,3,High Risk
C17777,Basic,Annual,300.99,17,73.2,2,True,0,Low Risk
C17778,Basic,Monthly,447.19,27,41.7,5,False,3,High Risk
C17779,Standard,Annual,822.67,21,22.6,4,True,1,Medium Risk
C17781,Premium,Monthly,1220.4,2,41.9,2,False,3,High Risk
C17783,Basic,Monthly,419.38,14,36.2,3,True,2,Medium Risk
C17785,Basic,Annual,394.57,31,14.8,5,True,2,Medium Risk
C17786,Premium,Monthly,1181.03,1,49.8,2,False,3,High Risk
C17787,Basic,Annual,441.08,31,46.8,2,True,0,Low Risk
C17788,Basic,Monthly,480.44,9,50.3,3,False,4,High Risk
C17789,Basic,Monthly,429.2,4,52.0,2,True,2,Medium Risk
C17790,Standard,Monthly,806.76,11,71.7,1,False,3,High Risk
C17791,Basic,Annual,432.67,30,51.5,1,False,1,Medium Risk
C17793,Basic,Monthly,486.46,31,16.1,5,False,4,High Risk
C17794,Standard,Annual,761.67,11,36.2,2,False,2,Medium Risk
C17795,Standard,Monthly,748.97,7,69.5,1,False,3,High Risk
C17797,Basic,Annual,435.84,20,77.3,1,True,0,Low Risk
C17798,Basic,Monthly,405.63,21,34.0,3,True,2,Medium Risk
C17799,Standard,Annual,731.1,30,22.0,5,True,1,Medium Risk
C17800,Standard,Annual,733.17,19,63.6,1,True,0,Low Risk
C17802,Basic,Annual,305.27,15,6.5,5,True,2,Medium Risk
C17803,Standard,Monthly,666.02,15,41.9,3,False,3,High Risk
C17805,Basic,Monthly,309.76,18,50.8,4,True,2,Medium Risk
C17806,Premium,Monthly,1431.32,0,60.3,1,False,3,High Risk
C17807,Premium,Monthly,1470.2,15,42.2,2,True,1,Medium Risk
C17808,Standard,Monthly,698.43,9,49.3,2,False,3,High Risk
C17809,Basic,Annual,446.12,28,42.2,4,False,2,Medium Risk
C17811,Standard,Monthly,833.09,13,39.4,3,False,3,High Risk
C17812,Basic,Monthly,390.98,18,14.8,4,False,4,High Risk
C17813,Basic,Annual,491.96,32,13.5,4,False,3,High Risk
C17814,Standard,Annual,671.99,26,67.8,1,False,1,Medium Risk
C17815,Basic,Monthly,302.68,1,22.9,5,False,4,High Risk
C17816,Premium,Monthly,1293.77,6,43.7,2,True,2,Medium Risk
C17817,Basic,Monthly,460.69,5,44.4,2,False,3,High Risk
C17818,Basic,Monthly,402.81,20,42.7,3,False,3,High Risk
C17819,Premium,Annual,1277.47,26,11.0,6,True,2,Medium Risk
C17820,Standard,Annual,790.92,27,76.1,1,False,1,Medium Risk
C17821,Standard,Monthly,612.62,6,44.1,2,True,2,Medium Risk
C17822,Basic,Monthly,355.55,33,14.2,5,True,3,High Risk
C17823,Standard,Monthly,823.07,3,25.9,4,False,4,High Risk
C17825,Standard,Monthly,620.28,35,68.0,1,True,1,Medium Risk
C17826,Premium,Annual,1095.68,29,56.7,1,True,0,Low Risk
C17827,Basic,Monthly,480.66,10,63.3,1,False,3,High Risk
C17829,Standard,Annual,632.79,29,52.9,3,True,1,Medium Risk
C17830,Standard,Monthly,800.02,24,51.7,2,False,2,Medium Risk
C17831,Standard,Annual,759.29,32,37.7,3,True,1,Medium Risk
C17832,Standard,Monthly,739.81,7,67.9,1,False,3,High Risk
C17833,Basic,Annual,461.19,15,17.5,5,True,2,Medium Risk
C17835,Basic,Monthly,469.03,30,41.1,2,False,2,Medium Risk
C17837,Standard,Annual,887.6,19,44.2,2,True,0,Low Risk
C17838,Standard,Monthly,877.9,25,71.2,1,False,2,Medium Risk
C17839,Premium,Annual,1333.71,28,39.6,3,True,1,Medium Risk
C17840,Standard,Annual,750.19,21,36.0,5,True,1,Medium Risk
C17842,Premium,Monthly,1201.85,15,24.9,4,False,3,High Risk
C17843,Basic,Monthly,469.33,26,27.9,3,False,3,High Risk
C17846,Standard,Annual,753.11,36,39.8,4,True,1,Medium Risk
C17849,Basic,Monthly,364.36,0,11.4,4,False,5,High Risk
C17850,Basic,Monthly,426.62,24,18.8,4,False,4,High Risk
C17851,Standard,Monthly,855.03,25,50.0,4,False,3,High Risk
C17852,Standard,Annual,717.04,17,48.0,2,True,0,Low Risk
C17853,Premium,Monthly,1148.21,30,45.3,2,False,2,Medium Risk
C17854,Standard,Annual,663.25,3,51.1,2,True,1,Medium Risk
C17855,Basic,Monthly,468.04,8,62.4,1,False,3,High Risk
C17856,Standard,Annual,839.41,35,57.0,2,True,0,Low Risk
C17857,Basic,Monthly,343.3,9,71.2,1,True,2,Medium Risk
C17859,Premium,Annual,1342.31,35,21.8,3,True,1,Medium Risk
C17860,Standard,Annual,829.98,11,85.9,2,True,1,Medium Risk
C17861,Standard,Annual,799.72,33,30.9,5,False,2,Medium Risk
C17862,Basic,Monthly,341.55,32,76.1,1,False,2,Medium Risk
C17863,Standard,Monthly,834.29,23,66.5,1,False,2,Medium Risk
C17864,Basic,Annual,341.23,23,60.2,3,False,2,Medium Risk
C17866,Premium,Annual,1032.16,32,60.6,3,True,1,Medium Risk
C17867,Basic,Annual,326.35,3,56.7,2,False,2,Medium Risk
C17868,Premium,Annual,1394.84,20,53.8,2,True,0,Low Risk
C17869,Standard,Annual,789.14,0,57.9,1,True,1,Medium Risk
C17870,Premium,Annual,1076.19,25,47.1,3,True,1,Medium Risk
C17874,Premium,Monthly,1452.96,21,38.6,3,True,2,Medium Risk
C17875,Basic,Monthly,374.43,22,33.3,4,True,2,Medium Risk
C17876,Basic,Monthly,305.83,31,21.0,4,False,3,High Risk
C17877,Premium,Monthly,1363.44,3,59.8,3,False,4,High Risk
C17878,Basic,Monthly,316.25,6,31.3,4,True,3,High Risk
C17879,Basic,Annual,492.94,24,70.5,1,True,0,Low Risk
C17881,Premium,Monthly,1097.43,9,34.5,5,False,4,High Risk
C17882,Basic,Annual,389.69,23,32.2,3,True,1,Medium Risk
C17883,Premium,Annual,1022.62,17,63.6,1,True,0,Low Risk
C17884,Premium,Annual,1422.77,28,34.2,3,False,2,Medium Risk
C17887,Basic,Annual,445.85,19,39.1,2,False,1,Medium Risk
C17888,Basic,Monthly,306.34,18,40.1,3,False,3,High Risk
C17889,Premium,Monthly,1035.49,18,21.0,5,True,2,Medium Risk
C17890,Basic,Monthly,396.17,6,68.5,1,True,2,Medium Risk
C17891,Basic,Monthly,331.68,23,77.3,0,True,1,Medium Risk
C17894,Premium,Monthly,1202.64,23,62.6,2,False,2,Medium Risk
C17895,Standard,Monthly,774.21,5,76.1,0,False,3,High Risk
C17896,Standard,Monthly,774.12,5,9.8,5,False,5,High Risk
C17898,Premium,Annual,1294.52,34,38.9,2,True,0,Low Risk
C17899,Basic,Annual,325.17,29,57.8,2,True,0,Low Risk
C17900,Basic,Annual,340.83,34,9.5,5,True,2,Medium Risk
C17901,Basic,Monthly,452.9,7,69.2,1,False,3,High Risk
C17902,Basic,Annual,307.79,3,47.7,2,True,1,Medium Risk
C17905,Standard,Monthly,620.34,0,22.8,3,False,4,High Risk
C17907,Premium,Monthly,1487.96,28,19.8,5,False,4,High Risk
C17908,Standard,Annual,622.14,35,8.0,6,True,2,Medium Risk
C17909,Basic,Annual,312.51,6,58.0,1,False,2,Medium Risk
C17910,Basic,Monthly,364.44,9,23.1,4,True,3,High Risk
C17912,Premium,Annual,1049.43,28,41.1,2,False,1,Medium Risk
C17913,Standard,Annual,705.1,3,30.7,4,False,3,High Risk
C17914,Basic,Annual,476.65,34,69.0,2,True,0,Low Risk
C17915,Basic,Annual,427.5,35,53.7,1,False,1,Medium Risk
C17916,Basic,Monthly,394.19,18,31.5,4,True,2,Medium Risk
C17918,Basic,Annual,459.44,21,61.6,5,False,2,Medium Risk
C17920,Standard,Monthly,719.14,8,55.9,2,False,3,High Risk
C17921,Basic,Annual,395.29,28,43.7,2,False,1,Medium Risk
C17922,Standard,Annual,862.88,17,50.1,2,False,1,Medium Risk
C17923,Standard,Annual,858.4,35,30.1,4,True,1,Medium Risk
C17924,Basic,Monthly,322.54,8,35.8,4,True,3,High Risk
C17926,Basic,Annual,353.56,24,17.7,4,True,2,Medium Risk
C17927,Basic,Annual,352.16,29,66.7,2,True,0,Low Risk
C17928,Standard,Annual,760.27,31,33.4,3,True,1,Medium Risk
C17929,Basic,Annual,350.66,27,31.8,3,True,1,Medium Risk
C17930,Premium,Monthly,1366.86,28,29.9,4,True,2,Medium Risk
C17931,Standard,Monthly,664.35,11,41.3,2,False,3,High Risk
C17935,Basic,Monthly,452.76,23,16.7,5,True,3,High Risk
C17938,Basic,Monthly,458.19,12,39.1,3,True,2,Medium Risk
C17939,Basic,Annual,327.51,17,43.1,2,True,0,Low Risk
C17940,Basic,Annual,419.74,26,35.7,3,True,1,Medium Risk
C17941,Standard,Monthly,843.25,29,58.1,1,False,2,Medium Risk
C17945,Premium,Annual,1160.92,28,18.5,4,False,3,High Risk
C17947,Premium,Annual,1276.3,27,15.0,4,False,3,High Risk
C17948,Premium,Monthly,1375.6,28,25.3,3,True,2,Medium Risk
C17949,Basic,Monthly,306.43,8,9.9,6,True,4,High Risk
C17950,Standard,Monthly,628.9,22,25.1,5,True,2,Medium Risk
C17951,Premium,Annual,1255.25,27,27.7,3,True,1,Medium Risk
C17952,Standard,Monthly,743.29,28,41.7,4,False,3,High Risk
C17954,Standard,Annual,838.64,27,16.5,4,False,3,High Risk
C17955,Basic,Monthly,308.58,14,36.4,4,False,3,High Risk
C17956,Basic,Monthly,445.22,35,72.7,1,False,2,Medium Risk
C17958,Premium,Monthly,1009.85,10,26.7,4,False,4,High Risk
C17960,Standard,Monthly,795.84,9,66.0,2,False,3,High Risk
C17962,Basic,Annual,476.11,8,53.9,3,True,2,Medium Risk
C17964,Basic,Monthly,356.23,3,32.4,5,False,4,High Risk
C17966,Standard,Annual,801.16,33,50.5,6,True,1,Medium Risk
C17969,Premium,Annual,1490.53,24,55.3,1,True,0,Low Risk
C17970,Premium,Monthly,1260.85,10,56.0,2,False,3,High Risk
C17971,Standard,Monthly,703.58,36,16.1,5,True,3,High Risk
C17972,Standard,Monthly,744.24,6,38.2,2,True,2,Medium Risk
C17973,Standard,Annual,629.76,3,64.9,1,True,1,Medium Risk
C17974,Premium,Annual,1208.26,17,42.1,3,True,1,Medium Risk
C17975,Basic,Monthly,471.41,33,39.5,4,True,2,Medium Risk
C17976,Premium,Annual,1406.2,31,49.8,2,True,0,Low Risk
C17977,Standard,Annual,770.43,16,36.9,3,True,1,Medium Risk
C17978,Basic,Monthly,454.14,6,17.5,4,False,5,High Risk
C17979,Standard,Monthly,729.91,7,50.2,3,True,3,High Risk
C17980,Basic,Monthly,439.11,0,65.0,3,False,4,High Risk
C17982,Premium,Monthly,1293.81,11,52.6,2,True,2,Medium Risk
C17983,Standard,Monthly,841.34,9,51.4,1,False,3,High Risk
C17984,Basic,Monthly,332.65,14,58.5,2,False,2,Medium Risk
C17985,Basic,Monthly,353.22,30,61.8,4,True,2,Medium Risk
C17986,Standard,Annual,813.26,32,34.4,4,True,1,Medium Risk
C17988,Basic,Annual,328.52,35,38.2,2,False,1,Medium Risk
C17989,Premium,Monthly,1272.02,7,34.0,4,False,4,High Risk
C17990,Basic,Annual,337.68,28,55.6,4,True,1,Medium Risk
C17991,Standard,Monthly,823.09,9,10.7,5,False,5,High Risk
C17993,Basic,Monthly,315.31,6,73.8,0,True,2,Medium Risk
C17995,Standard,Monthly,632.38,12,31.0,3,False,3,High Risk
C17996,Standard,Monthly,896.12,19,16.9,6,False,4,High Risk
C17997,Standard,Annual,796.01,24,13.0,4,True,2,Medium Risk
C17998,Premium,Monthly,1176.95,11,32.1,3,False,4,High Risk
C17999,Basic,Monthly,309.72,9,56.0,4,False,4,High Risk
C18001,Standard,Annual,722.04,21,31.8,3,False,2,Medium Risk
C18002,Standard,Monthly,617.13,0,52.4,3,True,3,High Risk
C18004,Premium,Monthly,1036.6,5,12.7,5,True,4,High Risk
C18005,Premium,Monthly,1244.12,6,55.2,4,False,4,High Risk
C18006,Premium,Annual,1057.46,2,56.2,3,True,2,Medium Risk
C18007,Standard,Monthly,785.7,24,42.4,2,False,2,Medium Risk
C18008,Basic,Monthly,487.07,3,36.9,3,True,3,High Risk
C18010,Standard,Annual,614.31,6,46.0,2,True,1,Medium Risk
C18011,Basic,Annual,418.32,26,57.6,4,True,1,Medium Risk
C18014,Premium,Monthly,1480.99,3,57.5,2,True,2,Medium Risk
C18016,Premium,Annual,1385.83,27,29.1,4,True,1,Medium Risk
C18017,Premium,Monthly,1159.38,1,68.9,1,False,3,High Risk
C18019,Standard,Monthly,869.15,2,36.8,2,False,3,High Risk
C18020,Basic,Monthly,436.03,25,39.1,3,True,2,Medium Risk
C18022,Basic,Annual,322.63,24,66.6,1,True,0,Low Risk
C18023,Standard,Monthly,831.15,2,49.1,3,False,4,High Risk
C18026,Basic,Annual,361.35,20,0.0,6,True,2,Medium Risk
C18027,Standard,Monthly,735.51,0,74.8,2,False,3,High Risk
C18028,Basic,Annual,310.51,19,51.6,2,False,1,Medium Risk
C18029,Basic,Annual,491.99,26,21.5,4,True,1,Medium Risk
C18030,Basic,Monthly,460.15,27,29.4,3,False,3,High Risk
C18031,Basic,Monthly,331.9,7,58.0,4,True,3,High Risk
C18032,Premium,Monthly,1421.62,17,67.7,1,False,2,Medium Risk
C18034,Premium,Monthly,1204.2,19,11.1,7,True,3,High Risk
C18035,Standard,Monthly,737.23,5,31.8,3,True,3,High Risk
C18037,Premium,Monthly,1303.74,14,34.6,3,False,3,High Risk
C18040,Premium,Annual,1486.7,36,28.2,3,True,1,Medium Risk
C18042,Basic,Annual,422.86,35,49.8,2,True,0,Low Risk
C18044,Basic,Annual,368.06,22,74.9,3,True,1,Medium Risk
C18046,Standard,Annual,613.59,34,4.4,5,False,3,High Risk
C18047,Standard,Annual,860.06,23,45.7,4,True,1,Medium Risk
C18048,Premium,Monthly,1160.72,11,18.4,5,False,5,High Risk
C18049,Standard,Monthly,677.56,2,73.5,2,True,2,Medium Risk
C18050,Basic,Monthly,481.41,17,67.9,1,True,1,Medium Risk
C18053,Standard,Monthly,742.65,4,39.7,2,True,2,Medium Risk
C18054,Standard,Annual,672.23,25,28.7,5,True,1,Medium Risk
C18055,Basic,Annual,335.97,9,24.5,4,True,2,Medium Risk
C18058,Standard,Monthly,727.67,7,51.6,3,True,3,High Risk
C18059,Standard,Monthly,842.55,34,62.5,4,False,3,High Risk
C18060,Standard,Monthly,880.45,13,13.4,4,False,4,High Risk
C18061,Standard,Monthly,623.74,11,31.1,4,True,3,High Risk
C18062,Basic,Monthly,497.87,28,66.0,1,False,2,Medium Risk
C18063,Standard,Annual,608.26,14,27.2,5,True,1,Medium Risk
C18065,Basic,Annual,453.73,32,45.0,2,False,1,Medium Risk
C18066,Basic,Annual,376.09,4,17.7,4,True,3,High Risk
C18067,Basic,Monthly,351.3,10,47.1,2,False,3,High Risk
C18068,Basic,Annual,337.61,34,3.6,4,True,2,Medium Risk
C18069,Standard,Monthly,649.49,11,79.6,0,False,3,High Risk
C18070,Premium,Monthly,1348.17,16,42.9,2,True,1,Medium Risk
C18072,Premium,Monthly,1264.6,33,42.1,2,True,1,Medium Risk
C18073,Basic,Monthly,447.67,21,32.0,4,True,2,Medium Risk
C18074,Basic,Monthly,470.31,10,59.4,2,True,2,Medium Risk
C18075,Basic,Annual,455.8,33,15.2,4,False,3,High Risk
C18077,Standard,Annual,629.39,2,75.9,2,True,1,Medium Risk
C18079,Standard,Monthly,637.1,14,42.6,3,False,3,High Risk
C18080,Standard,Annual,832.47,28,47.7,2,True,0,Low Risk
C18082,Standard,Monthly,807.83,11,28.4,4,False,4,High Risk
C18083,Premium,Monthly,1369.0,7,60.6,3,False,4,High Risk
C18084,Standard,Monthly,722.15,22,67.9,1,False,2,Medium Risk
C18085,Basic,Monthly,465.33,4,34.8,5,True,3,High Risk
C18087,Basic,Annual,485.03,29,16.4,4,False,3,High Risk
C18089,Premium,Annual,1212.59,29,21.4,3,True,1,Medium Risk
C18090,Basic,Annual,321.7,13,17.8,4,True,2,Medium Risk
C18091,Basic,Monthly,330.22,7,58.9,2,True,2,Medium Risk
C18092,Basic,Annual,419.47,35,80.1,1,True,0,Low Risk
C18095,Standard,Annual,819.56,17,36.8,3,False,2,Medium Risk
C18097,Standard,Annual,824.79,28,30.5,3,True,1,Medium Risk
C18098,Premium,Monthly,1153.42,19,48.3,3,True,2,Medium Risk
C18099,Standard,Annual,608.22,31,23.9,3,False,2,Medium Risk
C18101,Basic,Monthly,342.48,24,35.0,3,False,3,High Risk
C18102,Standard,Monthly,774.35,26,25.6,4,False,3,High Risk
C18103,Basic,Annual,341.94,33,49.0,2,True,0,Low Risk
C18104,Premium,Annual,1026.42,30,59.3,1,True,0,Low Risk
C18105,Basic,Monthly,486.76,9,12.6,6,False,5,High Risk
C18107,Standard,Annual,751.36,27,18.3,5,True,2,Medium Risk
C18108,Basic,Annual,433.25,25,41.7,2,True,0,Low Risk
C18110,Standard,Annual,635.78,25,9.9,6,True,2,Medium Risk
C18113,Standard,Monthly,807.72,6,29.2,4,False,4,High Risk
C18115,Basic,Annual,457.31,29,11.7,4,True,2,Medium Risk
C18119,Basic,Monthly,407.4,24,41.3,3,False,3,High Risk
C18120,Basic,Annual,369.26,11,58.5,1,True,1,Medium Risk
C18122,Basic,Annual,441.47,27,65.5,2,True,0,Low Risk
C18124,Basic,Annual,422.99,30,35.3,4,True,1,Medium Risk
C18127,Premium,Annual,1005.7,14,44.7,2,True,0,Low Risk
C18128,Basic,Monthly,470.99,34,42.4,3,True,2,Medium Risk
C18130,Basic,Annual,490.37,26,16.8,4,True,2,Medium Risk
C18131,Basic,Annual,336.61,33,23.4,3,True,1,Medium Risk
C18132,Standard,Monthly,605.77,26,44.4,2,False,2,Medium Risk
C18133,Standard,Annual,856.92,22,62.7,2,False,1,Medium Risk
C18135,Basic,Annual,432.61,34,59.0,2,True,0,Low Risk
C18137,Standard,Monthly,862.38,2,74.2,0,False,3,High Risk
C18142,Basic,Monthly,404.55,9,16.5,6,False,5,High Risk
C18143,Premium,Annual,1333.05,21,62.9,2,True,0,Low Risk
C18144,Basic,Monthly,358.07,18,56.2,2,True,1,Medium Risk
C18147,Basic,Annual,474.11,13,17.7,5,False,3,High Risk
C18149,Basic,Monthly,403.9,5,38.5,2,False,3,High Risk
C18150,Premium,Monthly,1212.73,27,75.2,2,False,2,Medium Risk
C18151,Standard,Annual,633.11,36,14.5,5,True,2,Medium Risk
C18152,Basic,Monthly,323.61,8,57.1,1,False,3,High Risk
C18153,Basic,Annual,446.78,28,29.4,5,True,1,Medium Risk
C18155,Standard,Monthly,796.06,19,46.3,3,False,3,High Risk
C18156,Standard,Monthly,773.21,1,15.9,3,True,4,High Risk
C18157,Basic,Monthly,354.65,14,1.8,7,True,3,High Risk
C18158,Premium,Annual,1234.33,2,0.0,5,True,3,High Risk
C18160,Basic,Annual,340.03,32,41.7,2,True,0,Low Risk
C18162,Standard,Monthly,602.64,9,12.5,4,False,5,High Risk
C18164,Basic,Monthly,437.23,1,54.7,1,True,2,Medium Risk
C18165,Premium,Monthly,1079.1,1,24.4,3,True,3,High Risk
C18166,Standard,Annual,832.85,29,50.6,2,False,1,Medium Risk
C18167,Standard,Monthly,876.84,10,48.4,2,True,2,Medium Risk
C18169,Basic,Monthly,454.59,5,43.5,2,False,3,High Risk
C18170,Basic,Annual,320.72,2,30.5,3,True,2,Medium Risk
C18173,Basic,Annual,389.76,23,23.5,3,True,1,Medium Risk
C18174,Basic,Monthly,469.55,6,77.4,3,True,3,High Risk
C18175,Premium,Monthly,1228.48,3,19.5,3,True,4,High Risk
C18176,Basic,Monthly,388.71,11,47.2,3,False,4,High Risk
C18177,Standard,Monthly,744.03,31,9.8,4,False,4,High Risk
C18178,Basic,Monthly,344.16,29,48.1,2,False,2,Medium Risk
C18179,Basic,Annual,463.21,12,27.4,4,True,1,Medium Risk
C18181,Basic,Monthly,309.36,35,39.4,6,False,3,High Risk
C18183,Basic,Monthly,340.33,13,38.0,5,False,3,High Risk
C18185,Basic,Monthly,498.65,17,31.3,3,False,3,High Risk
C18186,Standard,Monthly,638.26,16,43.0,2,False,2,Medium Risk
C18187,Basic,Monthly,318.76,35,48.8,2,True,1,Medium Risk
C18188,Standard,Monthly,823.13,24,57.9,2,True,1,Medium Risk
C18189,Basic,Monthly,436.53,10,53.0,3,False,4,High Risk
C18190,Basic,Annual,435.57,34,59.9,1,False,1,Medium Risk
C18191,Premium,Monthly,1488.16,2,60.2,3,False,4,High Risk
C18192,Standard,Monthly,824.26,27,44.6,2,False,2,Medium Risk
C18193,Standard,Annual,679.86,12,68.6,1,False,1,Medium Risk
C18196,Standard,Annual,805.55,16,31.0,5,True,1,Medium Risk
C18197,Premium,Monthly,1362.46,14,68.2,1,False,2,Medium Risk
C18200,Basic,Monthly,376.7,36,51.2,2,True,1,Medium Risk
C18201,Basic,Monthly,383.69,8,45.9,3,False,4,High Risk
C18202,Basic,Annual,444.76,30,71.7,3,True,1,Medium Risk
C18204,Basic,Annual,391.49,34,32.6,4,False,2,Medium Risk
C18205,Basic,Monthly,326.77,21,58.0,2,True,1,Medium Risk
C18206,Standard,Annual,692.45,31,37.1,4,True,1,Medium Risk
C18207,Basic,Monthly,422.15,23,26.0,4,True,2,Medium Risk
C18208,Basic,Monthly,387.42,22,74.5,1,False,2,Medium Risk
C18209,Standard,Monthly,727.0,6,11.9,4,True,4,High Risk
C18213,Basic,Annual,418.84,21,43.1,4,True,1,Medium Risk
C18214,Premium,Monthly,1428.33,16,44.2,3,False,3,High Risk
C18216,Basic,Monthly,405.44,18,40.7,3,True,2,Medium Risk
C18217,Standard,Monthly,632.53,35,31.5,3,False,3,High Risk
C18218,Basic,Annual,383.99,19,38.8,2,True,0,Low Risk
C18219,Basic,Monthly,416.88,14,13.9,6,True,3,High Risk
C18221,Basic,Monthly,302.32,31,37.9,3,True,2,Medium Risk
C18222,Basic,Monthly,355.48,18,76.0,1,False,2,Medium Risk
C18224,Premium,Monthly,1452.47,0,25.3,6,False,4,High Risk
C18225,Standard,Monthly,842.27,26,35.2,3,True,2,Medium Risk
C18226,Basic,Annual,473.03,21,36.8,3,True,1,Medium Risk
C18228,Standard,Annual,676.34,26,37.7,2,False,1,Medium Risk
C18230,Standard,Monthly,739.12,34,43.5,2,False,2,Medium Risk
C18232,Premium,Monthly,1407.07,19,19.8,4,True,3,High Risk
C18233,Premium,Monthly,1389.58,6,32.1,3,True,3,High Risk
C18234,Standard,Annual,699.14,12,0.1,5,True,2,Medium Risk
C18235,Premium,Monthly,1044.44,19,66.5,1,True,1,Medium Risk
C18236,Standard,Annual,629.41,36,14.3,4,False,3,High Risk
C18237,Basic,Monthly,458.59,25,56.8,2,False,2,Medium Risk
C18238,Premium,Monthly,1475.15,9,30.7,3,False,4,High Risk
C18239,Basic,Monthly,308.86,9,0.1,4,True,4,High Risk
C18240,Standard,Monthly,683.44,11,12.0,5,False,5,High Risk
C18241,Premium,Monthly,1351.03,4,34.6,3,False,4,High Risk
C18242,Standard,Monthly,791.24,16,34.6,4,False,3,High Risk
C18243,Standard,Annual,710.8,25,52.4,2,False,1,Medium Risk
C18244,Standard,Annual,607.26,24,26.9,4,False,2,Medium Risk
C18245,Premium,Monthly,1461.6,6,70.0,1,False,3,High Risk
C18246,Basic,Annual,347.92,1,60.3,3,True,2,Medium Risk
C18247,Basic,Annual,412.0,26,30.8,3,True,1,Medium Risk
C18248,Basic,Monthly,372.93,35,14.4,4,True,3,High Risk
C18249,Standard,Annual,825.72,31,26.8,3,False,2,Medium Risk
C18250,Basic,Monthly,329.92,14,56.9,3,False,3,High Risk
C18251,Basic,Annual,331.27,35,24.0,3,True,1,Medium Risk
C18252,Standard,Annual,837.28,33,50.9,3,True,1,Medium Risk
C18254,Basic,Monthly,342.97,0,29.1,3,False,4,High Risk
C18256,Standard,Monthly,669.9,5,38.5,4,True,3,High Risk
C18259,Basic,Annual,320.45,28,15.2,5,False,3,High Risk
C18260,Premium,Annual,1167.61,8,45.4,2,True,1,Medium Risk
C18262,Standard,Monthly,658.31,5,38.5,3,True,3,High Risk
C18264,Standard,Monthly,797.0,12,39.8,2,True,1,Medium Risk
C18265,Basic,Monthly,411.47,22,48.6,2,True,1,Medium Risk
C18269,Premium,Annual,1142.0,22,57.3,3,False,2,Medium Risk
C18270,Basic,Annual,460.85,16,60.9,2,False,1,Medium Risk
C18271,Basic,Monthly,315.7,19,47.7,3,True,2,Medium Risk
C18272,Basic,Annual,419.26,33,40.3,3,True,1,Medium Risk
C18273,Premium,Monthly,1380.74,36,55.7,2,True,1,Medium Risk
C18274,Standard,Annual,653.81,19,19.5,5,False,3,High Risk
C18275,Basic,Monthly,491.01,29,31.8,3,False,3,High Risk
C18276,Standard,Monthly,656.94,5,26.1,3,False,4,High Risk
C18277,Standard,Annual,634.09,28,23.4,6,True,1,Medium Risk
C18278,Standard,Monthly,779.02,17,40.2,3,True,2,Medium Risk
C18280,Standard,Monthly,658.22,18,39.2,3,False,3,High Risk
C18281,Premium,Monthly,1234.28,15,63.0,3,True,2,Medium Risk
C18282,Basic,Annual,432.18,10,39.8,5,False,3,High Risk
C18283,Basic,Annual,328.72,17,62.0,1,False,1,Medium Risk
C18285,Basic,Annual,317.64,32,15.1,4,True,2,Medium Risk
C18287,Premium,Annual,1169.53,30,34.0,4,False,2,Medium Risk
C18288,Standard,Annual,830.36,23,75.8,0,True,0,Low Risk
C18289,Basic,Monthly,468.2,7,49.1,2,False,3,High Risk
C18290,Standard,Monthly,688.5,15,42.2,2,False,2,Medium Risk
C18292,Standard,Monthly,809.78,10,57.0,1,True,2,Medium Risk
C18293,Standard,Annual,635.21,35,50.1,2,False,1,Medium Risk
C18294,Standard,Monthly,765.56,34,39.9,3,True,2,Medium Risk
C18295,Basic,Annual,374.75,29,18.0,4,True,2,Medium Risk
C18296,Basic,Monthly,302.49,17,22.7,5,False,3,High Risk
C18297,Basic,Monthly,332.5,1,72.0,1,True,2,Medium Risk
C18298,Standard,Monthly,610.61,35,29.5,4,True,2,Medium Risk
C18299,Basic,Monthly,304.11,35,30.6,3,True,2,Medium Risk
C18300,Premium,Annual,1465.66,11,59.2,2,True,1,Medium Risk
C18304,Basic,Monthly,339.82,31,30.3,3,True,2,Medium Risk
C18305,Basic,Monthly,300.18,11,47.3,2,True,2,Medium Risk
C18306,Basic,Monthly,410.31,3,10.5,4,True,4,High Risk
C18308,Premium,Annual,1437.44,34,14.5,4,True,2,Medium Risk
C18310,Standard,Monthly,820.52,27,29.1,3,False,3,High Risk
C18311,Standard,Monthly,863.43,6,40.6,2,False,3,High Risk
C18312,Basic,Monthly,420.68,30,31.8,3,False,3,High Risk
C18313,Premium,Annual,1150.48,23,44.5,2,True,0,Low Risk
C18314,Basic,Monthly,382.31,16,29.0,4,False,3,High Risk
C18315,Standard,Monthly,750.93,10,49.2,2,True,2,Medium Risk
C18317,Standard,Monthly,703.81,16,24.6,5,False,3,High Risk
C18319,Basic,Annual,392.61,31,43.5,3,True,1,Medium Risk
C18320,Premium,Monthly,1106.47,9,38.1,2,False,3,High Risk
C18321,Basic,Annual,388.69,28,21.2,4,True,1,Medium Risk
C18322,Standard,Monthly,718.4,14,42.9,3,True,2,Medium Risk
C18323,Standard,Annual,760.38,36,14.5,5,True,2,Medium Risk
C18324,Basic,Annual,456.64,29,11.1,4,True,2,Medium Risk
C18325,Basic,Monthly,336.68,8,51.2,2,False,3,High Risk
C18327,Basic,Annual,366.27,14,22.5,3,True,1,Medium Risk
C18328,Basic,Monthly,363.34,8,32.4,3,False,4,High Risk
C18330,Basic,Monthly,496.71,28,67.7,1,True,1,Medium Risk
C18331,Basic,Annual,448.56,15,79.2,1,True,0,Low Risk
C18332,Standard,Annual,772.38,35,45.7,5,True,1,Medium Risk
C18333,Basic,Annual,355.63,23,13.3,4,True,2,Medium Risk
C18336,Premium,Annual,1131.96,25,78.6,0,True,0,Low Risk
C18337,Premium,Annual,1316.66,11,73.9,0,True,1,Medium Risk
C18340,Basic,Monthly,458.93,16,44.2,3,True,2,Medium Risk
C18342,Standard,Annual,638.85,28,26.3,6,True,1,Medium Risk
C18343,Standard,Annual,825.92,7,72.3,1,True,1,Medium Risk
C18344,Premium,Monthly,1278.02,12,56.8,2,False,2,Medium Risk
C18345,Basic,Monthly,437.59,14,11.0,6,True,3,High Risk
C18346,Basic,Annual,355.33,26,48.7,3,True,1,Medium Risk
C18347,Premium,Annual,1125.77,7,32.3,5,True,2,Medium Risk
C18348,Premium,Monthly,1430.89,26,15.3,6,True,3,High Risk
C18350,Standard,Monthly,690.68,19,59.3,1,True,1,Medium Risk
C18351,Standard,Annual,705.76,22,50.0,4,True,1,Medium Risk
C18352,Basic,Monthly,447.37,3,21.1,4,True,3,High Risk
C18353,Basic,Monthly,451.3,10,55.0,2,False,3,High Risk
C18354,Standard,Monthly,791.68,1,66.9,1,False,3,High Risk
C18355,Standard,Monthly,759.37,1,31.0,3,False,4,High Risk
C18357,Basic,Annual,386.44,15,29.9,3,True,1,Medium Risk
C18358,Basic,Monthly,465.49,5,52.1,3,True,3,High Risk
C18359,Basic,Monthly,403.6,5,68.3,0,True,2,Medium Risk
C18360,Premium,Annual,1479.6,25,56.7,4,False,2,Medium Risk
C18361,Premium,Monthly,1438.24,8,51.2,2,True,2,Medium Risk
C18362,Basic,Annual,498.72,27,45.5,3,False,2,Medium Risk
C18363,Basic,Monthly,325.39,23,48.6,3,False,3,High Risk
C18364,Premium,Monthly,1449.41,2,73.5,1,False,3,High Risk
C18365,Premium,Monthly,1144.03,4,74.2,1,True,2,Medium Risk
C18366,Basic,Monthly,339.01,26,72.2,1,False,2,Medium Risk
C18367,Premium,Annual,1087.16,28,55.6,2,True,0,Low Risk
C18368,Standard,Monthly,704.42,5,51.8,3,False,4,High Risk
C18369,Premium,Monthly,1162.12,3,41.7,4,True,3,High Risk
C18371,Standard,Annual,873.69,32,41.8,2,True,0,Low Risk
C18372,Premium,Monthly,1079.03,12,51.2,3,False,3,High Risk
C18373,Basic,Monthly,437.04,4,26.3,7,True,3,High Risk
C18375,Basic,Monthly,387.42,1,57.6,1,False,3,High Risk
C18376,Standard,Monthly,796.36,2,17.8,6,False,5,High Risk
C18377,Premium,Monthly,1423.1,4,48.2,2,True,2,Medium Risk
C18379,Basic,Monthly,495.11,23,8.0,4,False,4,High Risk
C18380,Basic,Annual,351.57,35,16.4,4,True,2,Medium Risk
C18382,Basic,Monthly,396.72,8,64.1,1,False,3,High Risk
C18384,Standard,Annual,756.49,29,21.2,4,True,1,Medium Risk
C18386,Basic,Annual,352.81,24,79.1,3,True,1,Medium Risk
C18387,Basic,Annual,413.32,21,63.9,1,True,0,Low Risk
C18391,Premium,Monthly,1496.99,19,62.6,1,False,2,Medium Risk
C18392,Premium,Annual,1242.81,19,47.0,2,True,0,Low Risk
C18393,Basic,Monthly,368.05,33,36.7,3,False,3,High Risk
C18395,Basic,Monthly,399.17,29,11.9,5,True,3,High Risk
C18396,Basic,Monthly,364.07,1,63.8,1,False,3,High Risk
C18399,Basic,Annual,433.24,21,64.1,3,True,1,Medium Risk
C18402,Premium,Monthly,1278.72,16,2.1,6,True,3,High Risk
C18404,Basic,Annual,307.09,14,0.0,5,True,2,Medium Risk
C18406,Basic,Annual,361.73,0,51.1,2,False,2,Medium Risk
C18407,Basic,Annual,382.49,20,14.8,4,True,2,Medium Risk
C18408,Basic,Monthly,413.85,14,13.1,6,False,4,High Risk
C18409,Premium,Monthly,1275.55,18,63.5,1,False,2,Medium Risk
C18412,Standard,Annual,651.81,33,37.5,2,True,0,Low Risk
C18415,Basic,Monthly,371.26,36,58.2,2,False,2,Medium Risk
C18416,Premium,Monthly,1242.43,33,24.9,4,False,3,High Risk
C18417,Standard,Monthly,661.9,5,46.4,2,False,3,High Risk
C18418,Basic,Annual,332.22,17,67.5,1,True,0,Low Risk
C18420,Standard,Monthly,710.0,0,35.8,3,True,3,High Risk
C18421,Basic,Monthly,456.01,12,75.2,2,True,1,Medium Risk
C18423,Premium,Monthly,1313.09,20,35.3,3,True,2,Medium Risk
C18424,Standard,Monthly,873.47,1,15.3,5,True,4,High Risk
C18425,Basic,Monthly,373.72,19,40.0,2,True,1,Medium Risk
C18426,Premium,Monthly,1402.61,29,52.7,2,False,2,Medium Risk
C18427,Basic,Monthly,393.64,8,29.4,3,False,4,High Risk
C18429,Basic,Annual,497.3,19,12.0,4,True,2,Medium Risk
C18430,Standard,Monthly,652.49,12,34.9,4,True,2,Medium Risk
C18431,Standard,Annual,695.59,23,34.9,3,True,1,Medium Risk
C18432,Standard,Monthly,771.39,20,29.9,3,False,3,High Risk
C18433,Basic,Monthly,391.06,7,39.1,2,True,2,Medium Risk
C18434,Premium,Monthly,1117.92,6,63.9,2,False,3,High Risk
C18436,Basic,Monthly,390.88,2,34.0,3,False,4,High Risk
C18437,Standard,Monthly,604.58,10,10.7,5,False,5,High Risk
C18438,Basic,Monthly,362.53,28,62.3,1,False,2,Medium Risk
C18439,Standard,Annual,700.96,12,34.5,2,True,0,Low Risk
C18440,Basic,Annual,336.67,31,66.4,3,False,2,Medium Risk
C18441,Premium,Monthly,1220.75,17,53.5,2,False,2,Medium Risk
C18442,Premium,Monthly,1442.92,12,54.1,4,True,2,Medium Risk
C18443,Standard,Monthly,654.4,19,48.4,2,True,1,Medium Risk
C18444,Standard,Annual,673.93,26,44.1,2,True,0,Low Risk
C18446,Basic,Annual,396.3,30,61.3,2,True,0,Low Risk
C18447,Standard,Annual,811.1,34,59.9,1,False,1,Medium Risk
C18448,Standard,Annual,726.93,21,44.6,2,True,0,Low Risk
C18450,Standard,Monthly,600.23,26,21.5,4,False,3,High Risk
C18451,Standard,Monthly,768.38,4,64.8,3,False,4,High Risk
C18452,Standard,Monthly,757.71,32,18.9,5,True,3,High Risk
C18455,Premium,Annual,1466.03,28,41.2,3,False,2,Medium Risk
C18456,Basic,Monthly,381.55,29,22.4,4,False,3,High Risk
C18459,Basic,Monthly,479.76,17,72.2,1,False,2,Medium Risk
C18462,Standard,Annual,687.67,24,57.7,2,True,0,Low Risk
C18463,Standard,Monthly,842.26,15,20.1,4,False,3,High Risk
C18465,Basic,Monthly,482.7,34,51.2,3,True,2,Medium Risk
C18467,Basic,Annual,317.33,32,58.0,1,True,0,Low Risk
C18469,Standard,Annual,883.2,32,27.8,4,True,1,Medium Risk
C18471,Premium,Annual,1307.57,24,15.1,4,False,3,High Risk
C18474,Premium,Monthly,1456.9,14,54.8,2,True,1,Medium Risk
C18475,Standard,Monthly,692.79,7,56.7,2,True,2,Medium Risk
C18476,Premium,Annual,1123.76,15,14.9,5,True,2,Medium Risk
C18477,Basic,Annual,398.76,28,63.2,2,True,0,Low Risk
C18478,Premium,Annual,1109.6,4,73.4,0,True,1,Medium Risk
C18479,Premium,Monthly,1012.23,29,53.3,2,True,1,Medium Risk
C18480,Standard,Monthly,601.89,15,44.7,2,False,2,Medium Risk
C18482,Standard,Monthly,773.3,7,49.4,2,False,3,High Risk
C18485,Basic,Monthly,466.65,32,39.2,3,False,3,High Risk
C18486,Standard,Monthly,863.41,7,51.3,3,False,4,High Risk
C18489,Basic,Monthly,448.35,12,8.2,5,False,4,High Risk
C18490,Basic,Monthly,400.07,35,38.1,3,True,2,Medium Risk
C18491,Basic,Annual,478.99,12,18.7,4,True,2,Medium Risk
C18494,Basic,Annual,330.26,26,15.8,5,True,2,Medium Risk
C18496,Premium,Monthly,1482.15,20,50.2,2,False,2,Medium Risk
C18498,Basic,Monthly,312.46,6,44.4,5,True,3,High Risk
C18499,Basic,Annual,301.24,35,22.3,5,False,2,Medium Risk
C18501,Standard,Monthly,882.09,3,42.5,4,False,4,High Risk
C18502,Standard,Monthly,748.6,7,29.4,3,False,4,High Risk
C18503,Standard,Annual,700.43,26,31.4,4,False,2,Medium Risk
C18505,Premium,Monthly,1043.82,6,27.9,3,True,3,High Risk
C18507,Standard,Annual,602.43,25,48.5,3,True,1,Medium Risk
C18508,Premium,Monthly,1090.46,7,40.0,2,False,3,High Risk
C18509,Basic,Monthly,412.78,17,22.3,4,False,3,High Risk
C18510,Standard,Annual,870.38,18,42.4,3,True,1,Medium Risk
C18512,Standard,Monthly,824.4,16,33.8,3,False,3,High Risk
C18513,Basic,Monthly,328.39,30,73.6,1,False,2,Medium Risk
C18514,Standard,Annual,860.22,1,44.9,2,False,2,Medium Risk
C18515,Standard,Monthly,619.57,0,46.3,3,True,3,High Risk
C18516,Basic,Monthly,312.26,11,67.7,1,False,3,High Risk
C18518,Premium,Monthly,1249.46,9,64.0,1,False,3,High Risk
C18519,Basic,Monthly,404.45,8,75.3,2,False,3,High Risk
C18522,Standard,Annual,724.2,21,50.8,2,True,0,Low Risk
C18523,Standard,Annual,806.88,30,69.3,2,True,0,Low Risk
C18525,Standard,Monthly,728.65,19,17.2,4,True,3,High Risk
C18526,Basic,Monthly,379.75,16,47.0,2,True,1,Medium Risk
C18527,Premium,Annual,1190.04,23,49.9,3,False,2,Medium Risk
C18528,Premium,Annual,1459.09,30,60.0,2,False,1,Medium Risk
C18530,Standard,Monthly,599.63,0,24.7,4,False,4,High Risk
C18533,Basic,Monthly,366.59,29,30.6,3,False,3,High Risk
C18534,Basic,Monthly,449.71,2,63.6,4,False,4,High Risk
C18536,Standard,Annual,820.98,32,41.1,3,False,2,Medium Risk
C18537,Basic,Monthly,306.57,27,19.9,4,False,4,High Risk
C18539,Standard,Annual,601.76,21,38.4,3,True,1,Medium Risk
C18540,Basic,Monthly,369.09,8,62.5,1,False,3,High Risk
C18544,Basic,Annual,310.37,19,61.8,3,True,1,Medium Risk
C18545,Standard,Monthly,770.6,21,52.4,1,False,2,Medium Risk
C18547,Basic,Monthly,443.32,35,40.8,2,False,2,Medium Risk
C18548,Standard,Annual,835.44,29,74.3,2,True,0,Low Risk
C18549,Basic,Annual,314.36,16,15.1,4,True,2,Medium Risk
C18552,Standard,Monthly,730.36,24,67.1,2,True,1,Medium Risk
C18553,Basic,Monthly,465.2,32,22.0,4,False,3,High Risk
C18554,Standard,Monthly,637.68,6,39.7,3,False,4,High Risk
C18556,Premium,Annual,1174.86,27,45.8,2,True,0,Low Risk
C18559,Premium,Monthly,1195.63,24,62.3,1,False,2,Medium Risk
C18562,Standard,Monthly,620.2,6,47.6,2,False,3,High Risk
C18565,Standard,Monthly,818.81,26,34.6,3,False,3,High Risk
C18566,Basic,Monthly,483.23,12,21.6,4,False,3,High Risk
C18567,Basic,Annual,331.21,30,34.7,4,True,1,Medium Risk
C18571,Basic,Monthly,422.32,15,63.2,2,False,2,Medium Risk
C18572,Standard,Annual,685.12,4,13.4,6,False,4,High Risk
C18573,Basic,Monthly,457.75,25,56.6,3,False,3,High Risk
C18576,Standard,Monthly,841.63,11,15.4,4,True,4,High Risk
C18577,Basic,Annual,432.77,22,26.6,3,True,1,Medium Risk
C18578,Basic,Monthly,419.2,8,57.8,1,True,2,Medium Risk
C18579,Premium,Annual,1492.86,29,25.9,5,True,1,Medium Risk
C18581,Basic,Annual,445.07,26,13.8,4,True,2,Medium Risk
C18582,Basic,Annual,359.64,31,51.4,2,False,1,Medium Risk
C18583,Basic,Monthly,471.54,25,39.9,3,False,3,High Risk
C18587,Premium,Monthly,1022.46,23,36.5,3,False,3,High Risk
C18591,Standard,Monthly,697.53,24,64.2,2,False,2,Medium Risk
C18592,Premium,Monthly,1162.88,11,19.1,4,False,5,High Risk
C18594,Premium,Annual,1372.14,30,17.4,4,True,2,Medium Risk
C18595,Premium,Monthly,1359.37,17,57.0,1,False,2,Medium Risk
C18596,Basic,Monthly,310.09,9,20.3,6,False,4,High Risk
C18597,Basic,Monthly,447.85,8,38.6,3,False,4,High Risk
C18598,Standard,Monthly,882.84,10,16.3,5,True,4,High Risk
C18599,Basic,Annual,469.0,18,43.3,2,True,0,Low Risk
C18600,Premium,Monthly,1367.39,1,33.0,3,False,4,High Risk
C18601,Premium,Monthly,1057.75,4,32.9,5,False,4,High Risk
C18602,Basic,Monthly,430.88,4,37.1,4,False,4,High Risk
C18603,Basic,Annual,475.97,33,38.1,3,True,1,Medium Risk
C18605,Standard,Monthly,651.68,19,32.6,4,True,2,Medium Risk
C18606,Basic,Monthly,363.14,15,37.6,3,False,3,High Risk
C18607,Premium,Monthly,1126.33,18,34.1,3,True,2,Medium Risk
C18608,Standard,Annual,624.67,22,42.1,2,False,1,Medium Risk
C18610,Basic,Monthly,331.33,26,7.5,4,False,4,High Risk
C18611,Basic,Monthly,495.52,25,73.5,0,False,2,Medium Risk
C18612,Basic,Monthly,477.45,23,43.8,4,False,3,High Risk
C18613,Basic,Annual,433.68,32,26.9,4,True,1,Medium Risk
C18614,Standard,Annual,898.4,17,0.0,6,False,3,High Risk
C18615,Standard,Annual,793.17,7,48.1,4,True,2,Medium Risk
C18616,Basic,Monthly,438.4,14,37.6,3,True,2,Medium Risk
C18617,Standard,Monthly,733.46,22,71.0,1,True,1,Medium Risk
C18618,Standard,Monthly,629.9,1,30.7,3,False,4,High Risk
C18619,Basic,Monthly,493.66,2,45.7,4,False,4,High Risk
C18620,Premium,Monthly,1084.63,19,34.8,4,False,3,High Risk
C18621,Basic,Monthly,422.93,13,41.3,4,True,2,Medium Risk
C18622,Standard,Monthly,816.13,29,50.0,2,False,2,Medium Risk
C18623,Basic,Monthly,340.48,3,54.6,2,True,2,Medium Risk
C18624,Standard,Monthly,784.4,1,61.7,3,False,4,High Risk
C18626,Basic,Annual,480.38,4,22.8,4,True,2,Medium Risk
C18627,Standard,Monthly,611.15,8,36.8,4,False,4,High Risk
C18628,Premium,Monthly,1184.36,19,51.6,2,True,1,Medium Risk
C18630,Standard,Annual,607.03,23,66.8,2,True,0,Low Risk
C18631,Standard,Annual,891.73,34,18.1,4,True,2,Medium Risk
C18632,Standard,Monthly,601.01,19,18.5,5,False,4,High Risk
C18633,Premium,Annual,1081.69,28,81.5,0,False,1,Medium Risk
C18635,Basic,Monthly,301.46,35,29.3,3,False,3,High Risk
C18636,Premium,Annual,1186.44,18,65.5,1,True,0,Low Risk
C18637,Basic,Monthly,462.28,3,34.2,4,False,4,High Risk
C18638,Standard,Monthly,619.86,10,34.2,3,False,4,High Risk
C18639,Basic,Annual,448.09,22,68.5,1,True,0,Low Risk
C18640,Basic,Annual,357.04,33,60.0,1,True,0,Low Risk
C18642,Standard,Monthly,820.95,31,53.0,2,False,2,Medium Risk
C18643,Standard,Monthly,822.5,28,58.3,3,False,3,High Risk
C18644,Standard,Annual,625.52,33,75.0,0,True,0,Low Risk
C18645,Standard,Monthly,805.83,7,66.1,1,True,2,Medium Risk
C18646,Standard,Monthly,737.49,17,67.1,2,True,1,Medium Risk
C18647,Premium,Monthly,1302.42,7,45.2,3,False,4,High Risk
C18649,Basic,Monthly,428.37,0,41.1,2,False,3,High Risk
C18652,Basic,Annual,364.05,23,41.9,2,True,0,Low Risk
C18653,Standard,Annual,706.1,21,39.8,3,True,1,Medium Risk
C18655,Premium,Annual,1372.64,29,42.4,3,True,1,Medium Risk
C18656,Standard,Annual,640.71,9,58.6,3,True,2,Medium Risk
C18657,Standard,Annual,754.78,2,35.9,3,True,2,Medium Risk
C18658,Basic,Monthly,363.64,3,34.5,3,True,3,High Risk
C18660,Standard,Annual,876.66,33,39.3,3,True,1,Medium Risk
C18661,Basic,Monthly,474.69,7,75.7,0,False,3,High Risk
C18662,Premium,Monthly,1373.5,24,75.2,1,False,2,Medium Risk
C18663,Standard,Monthly,871.59,21,43.9,3,True,2,Medium Risk
C18664,Premium,Annual,1115.84,11,49.7,3,True,2,Medium Risk
C18666,Standard,Monthly,846.45,27,54.9,1,True,1,Medium Risk
C18668,Basic,Monthly,411.77,25,40.9,3,False,3,High Risk
C18669,Basic,Annual,408.04,25,61.5,1,False,1,Medium Risk
C18670,Basic,Annual,482.23,20,45.6,2,True,0,Low Risk
C18671,Basic,Monthly,327.23,32,25.5,3,True,2,Medium Risk
C18672,Standard,Monthly,832.05,12,39.0,3,False,3,High Risk
C18674,Standard,Monthly,868.94,16,19.1,6,True,3,High Risk
C18675,Basic,Monthly,441.05,9,18.1,7,True,4,High Risk
C18676,Basic,Monthly,359.29,2,37.2,5,False,4,High Risk
C18677,Standard,Monthly,827.03,16,18.2,4,False,4,High Risk
C18678,Standard,Monthly,686.64,0,41.0,3,False,4,High Risk
C18680,Basic,Annual,380.45,28,29.0,3,False,2,Medium Risk
C18681,Basic,Monthly,377.86,4,54.3,2,True,2,Medium Risk
C18682,Premium,Annual,1203.01,18,20.2,4,True,1,Medium Risk
C18683,Basic,Monthly,467.65,0,16.7,5,True,4,High Risk
C18684,Standard,Annual,842.47,27,73.3,2,True,0,Low Risk
C18685,Standard,Annual,620.51,24,79.6,1,True,0,Low Risk
C18691,Premium,Monthly,1304.38,6,48.7,2,True,2,Medium Risk
C18693,Standard,Monthly,839.44,21,57.0,4,False,3,High Risk
C18695,Premium,Monthly,1031.52,16,44.1,3,True,2,Medium Risk
C18696,Premium,Monthly,1222.08,0,31.8,3,False,4,High Risk
C18699,Basic,Annual,361.94,35,58.0,1,True,0,Low Risk
C18701,Basic,Annual,460.29,20,22.0,5,True,1,Medium Risk
C18702,Premium,Monthly,1086.21,29,52.0,2,True,1,Medium Risk
C18703,Premium,Monthly,1221.07,9,72.3,2,True,2,Medium Risk
C18705,Standard,Monthly,779.6,25,28.7,3,False,3,High Risk
C18707,Standard,Annual,747.36,2,30.8,5,False,3,High Risk
C18708,Basic,Annual,430.46,32,40.9,2,False,1,Medium Risk
C18710,Premium,Monthly,1414.54,25,15.8,4,False,4,High Risk
C18711,Basic,Monthly,334.34,10,75.0,1,True,2,Medium Risk
C18713,Basic,Monthly,335.4,6,24.6,5,False,4,High Risk
C18714,Standard,Monthly,766.06,14,42.7,3,True,2,Medium Risk
C18715,Premium,Annual,1094.71,34,58.5,4,True,1,Medium Risk
C18717,Basic,Monthly,487.96,11,45.7,3,True,3,High Risk
C18718,Basic,Annual,360.43,33,19.9,4,True,2,Medium Risk
C18719,Standard,Monthly,838.03,14,41.5,3,True,2,Medium Risk
C18720,Basic,Monthly,412.27,24,45.1,4,False,3,High Risk
C18721,Standard,Monthly,735.47,4,27.4,3,True,3,High Risk
C18722,Basic,Monthly,319.86,9,21.9,4,True,3,High Risk
C18724,Premium,Annual,1376.65,24,45.7,3,True,1,Medium Risk
C18725,Basic,Monthly,366.45,10,37.0,3,True,3,High Risk
C18726,Basic,Monthly,437.7,22,37.1,3,False,3,High Risk
C18728,Basic,Annual,454.09,32,43.0,2,True,0,Low Risk
C18729,Basic,Monthly,490.6,21,54.6,2,False,2,Medium Risk
C18730,Basic,Monthly,476.77,3,52.9,2,False,3,High Risk
C18731,Basic,Monthly,494.95,17,26.9,3,False,3,High Risk
C18732,Basic,Monthly,419.74,23,33.5,3,False,3,High Risk
C18733,Standard,Annual,783.68,9,46.1,2,True,1,Medium Risk
C18734,Standard,Annual,657.55,16,45.5,3,True,1,Medium Risk
C18735,Premium,Monthly,1226.46,4,38.2,3,False,4,High Risk
C18736,Standard,Monthly,712.92,20,37.7,3,False,3,High Risk
C18737,Basic,Annual,451.78,5,44.5,3,False,3,High Risk
C18738,Basic,Monthly,478.79,7,53.3,2,False,3,High Risk
C18739,Basic,Annual,487.96,18,70.1,1,True,0,Low Risk
C18740,Standard,Monthly,761.62,21,43.3,3,True,2,Medium Risk
C18741,Standard,Monthly,717.56,5,40.0,3,True,3,High Risk
C18742,Basic,Monthly,389.56,21,55.6,1,True,1,Medium Risk
C18743,Standard,Monthly,685.78,5,33.5,4,True,3,High Risk
C18744,Standard,Monthly,736.72,7,58.8,2,False,3,High Risk
C18745,Premium,Monthly,1480.04,21,50.7,2,False,2,Medium Risk
C18746,Premium,Monthly,1249.45,2,15.7,4,False,5,High Risk
C18747,Basic,Monthly,396.38,13,30.4,5,False,3,High Risk
C18748,Basic,Annual,333.58,35,41.0,2,False,1,Medium Risk
C18749,Standard,Annual,704.43,36,53.5,2,True,0,Low Risk
C18750,Standard,Annual,868.85,29,16.7,4,True,2,Medium Risk
C18752,Standard,Monthly,888.89,35,54.2,3,True,2,Medium Risk
C18753,Standard,Monthly,873.17,25,51.7,2,False,2,Medium Risk
C18754,Standard,Monthly,768.58,26,66.2,1,True,1,Medium Risk
C18757,Premium,Monthly,1100.66,5,16.4,5,True,4,High Risk
C18758,Standard,Monthly,737.36,6,69.4,0,False,3,High Risk
C18759,Standard,Annual,702.18,13,51.3,4,False,2,Medium Risk
C18760,Basic,Monthly,456.07,9,26.9,3,False,4,High Risk
C18762,Basic,Monthly,472.62,8,31.3,3,False,4,High Risk
C18765,Standard,Monthly,763.37,29,23.1,4,True,2,Medium Risk
C18766,Basic,Monthly,423.5,19,54.6,2,False,2,Medium Risk
C18767,Basic,Annual,429.78,34,42.7,3,False,2,Medium Risk
C18768,Standard,Annual,851.01,32,22.9,5,True,1,Medium Risk
C18769,Standard,Annual,814.29,32,69.2,2,True,0,Low Risk
C18771,Basic,Monthly,456.62,15,42.0,3,True,2,Medium Risk
C18772,Premium,Annual,1444.09,16,9.9,7,False,3,High Risk
C18773,Basic,Annual,418.89,7,64.4,3,True,2,Medium Risk
C18774,Standard,Monthly,776.15,11,52.5,3,True,3,High Risk
C18775,Premium,Annual,1264.67,23,27.8,3,True,1,Medium Risk
C18776,Standard,Monthly,683.54,16,25.4,5,False,3,High Risk
C18777,Standard,Annual,637.71,4,44.7,2,True,1,Medium Risk
C18778,Standard,Monthly,664.74,18,28.1,4,True,2,Medium Risk
C18779,Standard,Monthly,740.55,19,32.6,3,True,2,Medium Risk
C18780,Basic,Monthly,403.25,8,20.0,4,False,4,High Risk
C18781,Basic,Annual,433.32,32,51.5,2,True,0,Low Risk
C18782,Standard,Monthly,738.66,22,85.6,2,True,1,Medium Risk
C18783,Premium,Monthly,1227.14,25,75.3,2,True,1,Medium Risk
C18784,Basic,Annual,430.04,18,43.4,2,True,0,Low Risk
C18785,Standard,Annual,728.9,25,68.7,1,True,0,Low Risk
C18786,Basic,Annual,460.59,22,34.8,3,True,1,Medium Risk
C18788,Basic,Monthly,482.12,11,69.6,1,False,3,High Risk
C18789,Basic,Monthly,354.53,30,18.9,4,True,3,High Risk
C18790,Premium,Monthly,1374.83,27,63.6,2,False,2,Medium Risk
C18791,Standard,Monthly,601.68,20,31.8,4,False,3,High Risk
C18792,Basic,Monthly,364.15,22,26.3,3,True,2,Medium Risk
C18793,Basic,Annual,335.72,11,19.4,3,True,3,High Risk
C18794,Premium,Annual,1075.66,20,11.6,5,True,2,Medium Risk
C18795,Basic,Annual,488.43,18,41.7,3,True,1,Medium Risk
C18796,Standard,Monthly,700.06,15,54.3,3,False,3,High Risk
C18797,Basic,Monthly,476.18,11,51.9,2,False,3,High Risk
C18798,Standard,Monthly,826.63,15,28.1,3,False,3,High Risk
C18799,Basic,Monthly,307.33,1,11.3,6,False,5,High Risk
C18800,Standard,Annual,803.11,18,44.9,2,True,0,Low Risk
C18801,Basic,Annual,358.7,20,50.0,2,True,0,Low Risk
C18802,Standard,Monthly,779.17,16,38.3,2,False,2,Medium Risk
C18804,Basic,Monthly,446.56,17,18.3,4,False,4,High Risk
C18805,Standard,Annual,846.86,26,23.6,4,True,1,Medium Risk
C18806,Premium,Monthly,1467.58,9,34.5,3,False,4,High Risk
C18807,Premium,Monthly,1106.77,10,32.4,3,False,4,High Risk
C18810,Basic,Annual,370.66,23,25.3,5,True,1,Medium Risk
C18811,Basic,Annual,450.46,35,13.3,7,True,2,Medium Risk
C18812,Standard,Monthly,665.21,22,11.9,4,False,4,High Risk
C18813,Premium,Monthly,1182.03,15,42.6,2,False,2,Medium Risk
C18814,Basic,Annual,327.73,23,47.0,3,True,1,Medium Risk
C18815,Standard,Monthly,760.63,11,69.7,2,False,3,High Risk
C18816,Standard,Monthly,762.7,15,63.0,1,False,2,Medium Risk
C18817,Basic,Monthly,303.65,14,44.0,2,False,2,Medium Risk
C18818,Standard,Annual,676.68,33,68.2,3,True,1,Medium Risk
C18819,Basic,Monthly,491.14,3,21.2,5,False,4,High Risk
C18820,Basic,Annual,422.04,3,32.1,6,True,2,Medium Risk
C18821,Standard,Monthly,883.56,21,49.4,3,True,2,Medium Risk
C18822,Premium,Monthly,1297.77,24,50.3,2,True,1,Medium Risk
C18823,Basic,Monthly,408.48,12,36.9,3,False,3,High Risk
C18824,Standard,Monthly,636.81,4,32.0,3,False,4,High Risk
C18827,Basic,Annual,361.75,25,68.4,2,True,0,Low Risk
C18828,Premium,Monthly,1368.14,12,31.6,2,False,2,Medium Risk
C18830,Basic,Monthly,464.63,8,23.1,3,False,4,High Risk
C18831,Basic,Annual,424.28,21,74.4,1,True,0,Low Risk
C18832,Standard,Annual,739.79,26,43.0,5,True,1,Medium Risk
C18833,Basic,Monthly,452.93,26,14.4,4,False,4,High Risk
C18834,Basic,Monthly,350.26,5,63.3,2,True,2,Medium Risk
C18835,Standard,Monthly,665.53,1,21.9,4,True,3,High Risk
C18836,Standard,Monthly,603.81,8,51.5,2,False,3,High Risk
C18838,Basic,Monthly,451.61,12,19.7,3,False,4,High Risk
C18839,Basic,Annual,446.73,8,4.9,5,True,3,High Risk
C18842,Basic,Monthly,384.98,16,40.2,5,False,3,High Risk
C18843,Basic,Monthly,308.63,31,43.0,2,False,2,Medium Risk
C18845,Basic,Monthly,437.38,11,84.3,3,False,4,High Risk
C18846,Premium,Monthly,1113.52,1,48.6,3,False,4,High Risk
C18847,Basic,Annual,401.61,32,5.1,6,True,2,Medium Risk
C18848,Basic,Monthly,349.79,29,60.4,2,True,1,Medium Risk
C18849,Premium,Monthly,1314.9,1,46.7,3,True,3,High Risk
C18850,Standard,Annual,627.27,25,5.8,6,True,2,Medium Risk
C18851,Premium,Monthly,1127.96,18,50.4,4,False,3,High Risk
C18853,Standard,Annual,864.18,22,27.7,4,True,1,Medium Risk
C18854,Basic,Monthly,323.5,10,32.8,4,True,3,High Risk
C18856,Basic,Monthly,338.07,25,49.1,2,False,2,Medium Risk
C18857,Premium,Monthly,1304.95,24,50.3,2,True,1,Medium Risk
C18859,Basic,Monthly,367.62,6,9.4,5,True,4,High Risk
C18860,Standard,Monthly,677.0,4,21.5,3,True,3,High Risk
C18862,Standard,Monthly,872.6,0,48.3,2,False,3,High Risk
C18863,Basic,Annual,408.72,32,52.1,4,True,1,Medium Risk
C18864,Premium,Annual,1141.21,24,44.9,3,True,1,Medium Risk
C18865,Premium,Monthly,1119.13,20,10.2,4,True,3,High Risk
C18866,Basic,Monthly,304.58,5,29.2,3,False,4,High Risk
C18867,Standard,Annual,608.7,22,53.0,2,True,0,Low Risk
C18868,Basic,Monthly,436.58,8,33.0,2,False,3,High Risk
C18870,Standard,Monthly,799.36,0,14.2,4,False,5,High Risk
C18872,Basic,Monthly,433.09,0,51.6,2,True,2,Medium Risk
C18873,Standard,Monthly,643.77,9,29.7,4,False,4,High Risk
C18875,Basic,Monthly,323.55,3,21.9,3,True,3,High Risk
C18877,Basic,Monthly,340.17,15,33.5,4,False,3,High Risk
C18879,Standard,Annual,680.84,10,45.5,2,True,1,Medium Risk
C18880,Basic,Monthly,320.03,28,84.4,0,False,2,Medium Risk
C18882,Standard,Annual,748.28,9,20.8,4,True,2,Medium Risk
C18884,Basic,Monthly,376.89,34,14.2,5,True,3,High Risk
C18885,Standard,Monthly,894.14,7,24.2,4,True,3,High Risk
C18886,Basic,Monthly,440.43,35,55.8,2,False,2,Medium Risk
C18887,Basic,Annual,322.92,32,27.9,4,True,1,Medium Risk
C18888,Standard,Monthly,699.81,34,57.6,4,True,2,Medium Risk
C18891,Standard,Monthly,761.84,9,28.5,5,True,3,High Risk
C18892,Premium,Annual,1076.55,14,53.2,2,True,0,Low Risk
C18893,Basic,Annual,338.58,21,30.0,3,True,1,Medium Risk
C18894,Standard,Annual,828.82,16,50.2,2,False,1,Medium Risk
C18896,Standard,Monthly,637.7,35,54.5,2,False,2,Medium Risk
C18898,Basic,Annual,398.25,26,62.6,2,True,0,Low Risk
C18899,Basic,Annual,360.58,3,29.9,3,True,2,Medium Risk
C18900,Standard,Monthly,692.96,9,7.9,4,True,4,High Risk
C18901,Standard,Annual,668.5,14,3.4,6,True,2,Medium Risk
C18902,Standard,Monthly,705.31,30,21.3,3,False,3,High Risk
C18903,Basic,Monthly,358.63,17,45.5,3,True,2,Medium Risk
C18904,Premium,Monthly,1070.81,8,16.7,5,False,5,High Risk
C18907,Basic,Monthly,314.37,12,40.1,2,True,1,Medium Risk
C18908,Basic,Monthly,459.61,24,39.0,3,False,3,High Risk
C18909,Basic,Monthly,372.32,6,37.5,2,False,3,High Risk
C18910,Standard,Monthly,663.92,22,62.1,3,True,2,Medium Risk
C18911,Basic,Annual,459.49,35,18.5,4,True,2,Medium Risk
C18912,Standard,Monthly,854.54,4,42.5,2,False,3,High Risk
C18913,Premium,Monthly,1475.01,27,48.9,2,True,1,Medium Risk
C18914,Basic,Monthly,454.44,24,61.1,1,False,2,Medium Risk
C18916,Premium,Monthly,1419.91,34,62.7,1,False,2,Medium Risk
C18917,Standard,Monthly,642.52,1,47.4,2,True,2,Medium Risk
C18918,Standard,Annual,732.55,16,33.6,2,True,0,Low Risk
C18919,Basic,Annual,489.15,30,32.0,4,False,2,Medium Risk
C18920,Basic,Monthly,474.7,11,32.1,3,False,4,High Risk
C18921,Standard,Annual,743.16,28,14.7,4,True,2,Medium Risk
C18922,Basic,Annual,488.96,34,58.3,2,True,0,Low Risk
C18923,Basic,Annual,343.9,22,34.6,3,True,1,Medium Risk
C18924,Standard,Monthly,804.36,24,36.2,4,False,3,High Risk
C18927,Basic,Monthly,307.48,28,35.1,2,True,1,Medium Risk
C18928,Basic,Monthly,496.9,25,26.4,3,True,2,Medium Risk
C18929,Premium,Annual,999.87,18,48.9,2,False,1,Medium Risk
C18930,Basic,Annual,375.52,5,30.2,4,True,2,Medium Risk
C18931,Basic,Monthly,445.13,28,43.3,2,True,1,Medium Risk
C18932,Standard,Monthly,772.87,4,32.2,4,True,3,High Risk
C18933,Basic,Monthly,325.5,9,28.2,3,True,3,High Risk
C18935,Standard,Monthly,877.47,1,43.8,3,True,3,High Risk
C18936,Premium,Annual,1403.98,14,22.9,3,True,1,Medium Risk
C18937,Basic,Monthly,394.32,3,44.3,2,False,3,High Risk
C18939,Basic,Annual,433.91,36,31.5,3,True,1,Medium Risk
C18941,Standard,Monthly,841.93,30,2.5,6,False,4,High Risk
C18942,Standard,Monthly,835.0,5,70.1,0,True,2,Medium Risk
C18943,Premium,Annual,1005.02,33,53.4,3,True,1,Medium Risk
C18944,Basic,Annual,485.67,34,73.1,2,False,1,Medium Risk
C18945,Standard,Monthly,693.52,19,37.2,4,False,3,High Risk
C18946,Basic,Annual,471.84,34,58.4,1,False,1,Medium Risk
C18947,Basic,Annual,351.24,32,26.3,6,True,1,Medium Risk
C18951,Premium,Monthly,1176.36,25,62.4,3,False,3,High Risk
C18952,Standard,Annual,626.27,32,25.5,4,True,1,Medium Risk
C18954,Basic,Annual,457.61,32,42.0,3,True,1,Medium Risk
C18955,Standard,Monthly,748.21,30,32.1,3,True,2,Medium Risk
C18956,Standard,Monthly,850.24,3,59.3,1,False,3,High Risk
C18958,Premium,Monthly,1400.51,23,57.9,2,True,1,Medium Risk
C18959,Standard,Monthly,871.81,27,20.4,3,True,2,Medium Risk
C18960,Standard,Monthly,868.23,12,69.7,1,False,2,Medium Risk
C18961,Standard,Monthly,610.92,34,34.8,3,True,2,Medium Risk
C18963,Standard,Annual,639.36,26,35.8,2,True,0,Low Risk
C18965,Basic,Monthly,304.44,34,17.1,3,False,4,High Risk
C18966,Premium,Annual,1178.47,18,62.2,1,True,0,Low Risk
C18968,Standard,Monthly,636.6,27,38.9,3,False,3,High Risk
C18969,Standard,Monthly,740.75,12,27.3,3,True,2,Medium Risk
C18971,Basic,Annual,312.52,29,73.9,1,True,0,Low Risk
C18972,Premium,Annual,1166.15,17,31.3,4,True,1,Medium Risk
C18973,Standard,Annual,788.08,22,56.0,1,True,0,Low Risk
C18975,Premium,Monthly,1368.51,21,62.0,1,True,1,Medium Risk
C18976,Premium,Monthly,1032.02,13,33.2,3,True,2,Medium Risk
C18977,Basic,Annual,471.69,30,53.6,4,True,1,Medium Risk
C18978,Premium,Monthly,1118.71,15,25.5,4,False,3,High Risk
C18980,Basic,Monthly,418.45,13,54.2,3,False,3,High Risk
C18982,Basic,Monthly,459.32,4,16.6,4,False,5,High Risk
C18983,Basic,Monthly,307.32,14,48.6,2,False,2,Medium Risk
C18984,Basic,Monthly,353.08,30,30.1,3,False,3,High Risk
C18986,Basic,Monthly,478.02,33,37.2,5,True,2,Medium Risk
C18989,Basic,Annual,475.04,21,28.2,2,True,0,Low Risk
C18990,Basic,Monthly,352.99,34,66.9,1,True,1,Medium Risk
C18992,Basic,Annual,446.77,34,57.8,2,True,0,Low Risk
C18993,Standard,Annual,790.47,23,41.1,4,False,2,Medium Risk
C18995,Basic,Monthly,408.03,28,36.9,5,False,3,High Risk
C18996,Basic,Monthly,465.71,4,36.9,4,True,3,High Risk
C18997,Premium,Monthly,1170.65,31,41.3,5,True,2,Medium Risk
C18998,Standard,Annual,666.89,32,57.9,2,True,0,Low Risk
C18999,Basic,Annual,405.85,33,40.2,3,True,1,Medium Risk
C19000,Basic,Annual,312.23,13,27.9,3,True,1,Medium Risk
C19001,Basic,Monthly,497.24,23,60.2,1,True,1,Medium Risk
C19003,Basic,Monthly,422.57,28,14.5,4,False,4,High Risk
C19004,Basic,Monthly,395.31,13,70.5,1,True,1,Medium Risk
C19005,Standard,Monthly,668.47,10,67.9,1,False,3,High Risk
C19007,Basic,Annual,326.13,24,56.8,1,True,0,Low Risk
C19008,Basic,Annual,450.07,9,45.9,2,True,1,Medium Risk
C19009,Standard,Annual,824.22,26,52.5,1,True,0,Low Risk
C19010,Premium,Monthly,1416.3,18,17.0,6,False,4,High Risk
C19011,Standard,Monthly,876.81,0,39.6,3,False,4,High Risk
C19012,Standard,Monthly,769.25,4,20.0,4,False,4,High Risk
C19013,Basic,Annual,416.5,26,24.9,5,False,2,Medium Risk
C19014,Standard,Monthly,601.1,12,21.2,6,True,2,Medium Risk
C19015,Standard,Monthly,659.7,0,67.6,1,False,3,High Risk
C19017,Premium,Monthly,1456.52,5,36.0,5,False,4,High Risk
C19018,Standard,Monthly,846.0,12,58.2,3,False,3,High Risk
C19020,Basic,Annual,398.85,35,71.0,0,True,0,Low Risk
C19021,Standard,Annual,885.33,23,39.5,2,True,0,Low Risk
C19022,Standard,Annual,835.39,30,55.3,2,True,0,Low Risk
C19023,Standard,Annual,865.65,29,26.9,3,True,1,Medium Risk
C19024,Standard,Annual,605.24,22,12.2,4,True,2,Medium Risk
C19025,Basic,Monthly,348.72,35,25.7,4,True,2,Medium Risk
C19026,Premium,Annual,1376.16,27,3.9,5,True,2,Medium Risk
C19027,Basic,Monthly,495.73,19,35.0,3,False,3,High Risk
C19031,Basic,Monthly,441.52,24,38.4,5,True,2,Medium Risk
C19032,Basic,Monthly,358.84,8,36.9,3,True,3,High Risk
C19033,Basic,Annual,397.85,16,55.4,1,False,1,Medium Risk
C19034,Premium,Annual,1072.22,32,19.4,3,True,2,Medium Risk
C19035,Basic,Monthly,330.3,22,19.4,5,True,3,High Risk
C19037,Premium,Monthly,1317.92,30,34.3,3,False,3,High Risk
C19038,Standard,Monthly,871.65,3,20.8,4,True,3,High Risk
C19039,Basic,Monthly,337.53,14,60.9,1,False,2,Medium Risk
C19040,Basic,Annual,306.83,26,61.5,1,True,0,Low Risk
C19043,Basic,Annual,307.0,0,41.3,3,True,2,Medium Risk
C19044,Basic,Monthly,354.45,3,71.1,1,True,2,Medium Risk
C19045,Basic,Annual,457.3,23,20.3,5,True,1,Medium Risk
C19050,Premium,Annual,1056.54,20,21.1,4,True,1,Medium Risk
C19051,Standard,Monthly,891.75,35,37.0,4,False,3,High Risk
C19055,Premium,Annual,1173.59,31,15.3,4,True,2,Medium Risk
C19056,Standard,Monthly,758.24,22,32.2,4,False,3,High Risk
C19058,Basic,Monthly,430.55,7,52.5,3,True,3,High Risk
C19059,Standard,Annual,652.69,26,68.4,1,True,0,Low Risk
C19060,Basic,Monthly,439.53,9,64.7,3,False,4,High Risk
C19061,Basic,Annual,481.62,28,12.7,4,True,2,Medium Risk
C19062,Basic,Monthly,458.89,30,26.1,3,True,2,Medium Risk
C19063,Basic,Monthly,366.88,35,18.1,5,True,3,High Risk
C19064,Basic,Monthly,351.49,17,47.7,2,True,1,Medium Risk
C19065,Basic,Monthly,327.23,36,53.4,2,False,2,Medium Risk
C19066,Basic,Monthly,365.98,22,47.0,2,True,1,Medium Risk
C19068,Basic,Annual,331.72,21,38.9,3,False,2,Medium Risk
C19069,Premium,Monthly,1475.15,10,59.9,2,False,3,High Risk
C19071,Basic,Monthly,311.51,23,47.6,3,False,3,High Risk
C19073,Basic,Monthly,308.29,30,25.7,3,False,3,High Risk
C19076,Basic,Annual,429.93,21,16.5,4,True,2,Medium Risk
C19077,Standard,Monthly,710.26,14,67.9,3,True,2,Medium Risk
C19079,Standard,Annual,795.07,24,17.2,4,True,2,Medium Risk
C19080,Basic,Annual,491.46,16,25.4,4,True,1,Medium Risk
C19081,Basic,Monthly,323.88,15,67.7,1,False,2,Medium Risk
C19082,Standard,Annual,685.06,8,15.7,4,True,3,High Risk
C19085,Premium,Monthly,1089.69,2,48.5,3,False,4,High Risk
C19086,Basic,Monthly,456.33,24,55.3,2,True,1,Medium Risk
C19087,Premium,Annual,1479.98,4,77.3,0,True,1,Medium Risk
C19088,Standard,Monthly,895.47,1,46.4,3,False,4,High Risk
C19090,Basic,Monthly,319.51,28,31.8,3,True,2,Medium Risk
C19093,Basic,Annual,387.75,28,34.7,4,True,1,Medium Risk
C19095,Basic,Monthly,476.79,1,80.4,1,False,3,High Risk
C19096,Standard,Monthly,651.74,24,51.8,2,True,1,Medium Risk
C19098,Basic,Monthly,431.4,25,4.0,4,True,3,High Risk
C19099,Basic,Annual,418.51,15,16.5,4,True,2,Medium Risk
C19100,Standard,Monthly,613.17,15,55.3,2,False,2,Medium Risk
C19102,Basic,Annual,439.4,0,10.5,4,True,3,High Risk
C19103,Premium,Monthly,1228.99,14,37.7,2,False,2,Medium Risk
C19105,Standard,Annual,722.26,10,30.2,3,True,2,Medium Risk
C19107,Premium,Annual,1385.35,30,53.9,3,True,1,Medium Risk
C19108,Basic,Annual,327.75,36,36.9,2,True,0,Low Risk
C19113,Standard,Monthly,718.6,3,29.7,3,False,4,High Risk
C19114,Premium,Annual,1473.84,27,12.3,4,True,2,Medium Risk
C19115,Standard,Annual,897.98,34,56.8,2,True,0,Low Risk
C19116,Standard,Monthly,658.82,18,32.5,4,True,2,Medium Risk
C19117,Standard,Monthly,729.7,27,71.8,1,True,1,Medium Risk
C19119,Standard,Monthly,822.68,24,66.0,1,True,1,Medium Risk
C19121,Standard,Annual,733.31,25,20.1,4,True,1,Medium Risk
C19122,Basic,Annual,495.0,33,51.6,2,False,1,Medium Risk
C19123,Basic,Monthly,452.93,12,12.0,5,True,3,High Risk
C19124,Standard,Annual,662.68,5,52.1,2,True,1,Medium Risk
C19125,Standard,Monthly,860.91,9,69.8,2,False,3,High Risk
C19126,Basic,Monthly,331.97,12,55.0,3,False,3,High Risk
C19127,Basic,Annual,310.01,5,70.4,3,True,2,Medium Risk
C19128,Standard,Annual,734.04,20,24.9,4,True,1,Medium Risk
C19129,Basic,Annual,324.07,28,7.0,4,True,2,Medium Risk
C19131,Premium,Monthly,1451.81,28,55.1,3,False,3,High Risk
C19133,Standard,Annual,677.63,15,15.4,4,True,2,Medium Risk
C19134,Standard,Monthly,809.05,20,40.6,4,True,2,Medium Risk
C19135,Basic,Monthly,351.18,18,48.8,2,False,2,Medium Risk
C19136,Basic,Monthly,358.86,9,47.1,4,True,3,High Risk
C19137,Basic,Monthly,347.21,2,20.7,4,True,3,High Risk
C19138,Basic,Monthly,329.72,15,38.8,4,False,3,High Risk
C19139,Basic,Annual,301.79,36,51.1,2,False,1,Medium Risk
C19140,Basic,Monthly,359.36,17,51.7,2,False,2,Medium Risk
C19141,Basic,Annual,392.44,8,12.8,4,True,3,High Risk
C19142,Basic,Monthly,358.22,36,57.5,3,False,3,High Risk
C19143,Basic,Annual,393.26,35,71.3,2,True,0,Low Risk
C19144,Premium,Annual,1150.64,31,25.2,4,False,2,Medium Risk
C19145,Basic,Monthly,429.9,22,58.6,1,True,1,Medium Risk
C19146,Standard,Monthly,774.13,19,34.4,5,True,2,Medium Risk
C19147,Standard,Monthly,853.69,9,44.4,2,False,3,High Risk
C19148,Standard,Annual,666.36,31,78.4,1,False,1,Medium Risk
C19149,Basic,Monthly,378.26,31,61.4,1,True,1,Medium Risk
C19150,Basic,Annual,422.95,4,31.2,3,True,2,Medium Risk
C19151,Basic,Monthly,419.07,13,13.0,5,False,4,High Risk
C19152,Basic,Monthly,349.86,15,25.2,3,True,2,Medium Risk
C19153,Premium,Annual,1413.29,20,43.6,2,True,0,Low Risk
C19154,Basic,Monthly,477.39,9,62.7,1,False,3,High Risk
C19155,Standard,Monthly,760.2,35,36.7,3,False,3,High Risk
C19157,Standard,Monthly,665.53,3,61.3,3,True,3,High Risk
C19158,Standard,Annual,886.5,30,55.6,2,True,0,Low Risk
C19159,Standard,Monthly,686.58,21,44.0,2,True,1,Medium Risk
C19160,Premium,Monthly,1020.17,0,52.6,2,True,2,Medium Risk
C19161,Basic,Monthly,450.79,28,30.7,4,True,2,Medium Risk
C19164,Premium,Monthly,1478.63,4,25.2,3,False,4,High Risk
C19165,Basic,Annual,453.38,27,58.0,1,True,0,Low Risk
C19167,Basic,Annual,435.68,28,53.6,2,True,0,Low Risk
C19168,Standard,Annual,631.37,19,53.5,2,True,0,Low Risk
C19169,Standard,Annual,848.81,32,22.8,4,True,1,Medium Risk
C19170,Premium,Annual,1076.51,33,36.2,5,True,1,Medium Risk
C19172,Basic,Monthly,490.93,4,41.2,3,True,3,High Risk
C19175,Standard,Annual,753.33,34,18.2,5,True,2,Medium Risk
C19176,Basic,Annual,392.16,19,46.3,3,True,1,Medium Risk
C19177,Basic,Monthly,441.59,8,51.3,3,True,3,High Risk
C19179,Basic,Annual,379.0,21,32.5,4,True,1,Medium Risk
C19180,Basic,Annual,395.31,36,16.9,4,False,3,High Risk
C19181,Standard,Annual,617.62,11,31.2,4,False,3,High Risk
C19182,Basic,Monthly,306.44,18,49.2,3,False,3,High Risk
C19183,Premium,Annual,1238.41,18,37.7,1,True,0,Low Risk
C19184,Standard,Annual,677.78,26,24.2,3,False,2,Medium Risk
C19185,Standard,Annual,677.44,22,32.1,3,True,1,Medium Risk
C19186,Premium,Monthly,1340.6,5,69.9,0,False,3,High Risk
C19188,Basic,Monthly,468.29,32,17.1,6,True,3,High Risk
C19189,Standard,Monthly,680.07,28,42.2,3,False,3,High Risk
C19191,Standard,Annual,733.24,31,17.6,4,True,2,Medium Risk
C19192,Standard,Annual,668.68,31,12.5,5,True,2,Medium Risk
C19194,Premium,Monthly,1137.61,5,60.9,2,False,3,High Risk
C19195,Standard,Annual,609.14,36,19.4,4,True,2,Medium Risk
C19196,Standard,Monthly,749.0,16,1.1,4,True,3,High Risk
C19197,Basic,Monthly,402.0,4,13.6,5,True,4,High Risk
C19198,Basic,Monthly,373.91,7,40.0,2,False,3,High Risk
C19199,Basic,Monthly,459.38,22,22.7,4,False,3,High Risk
C19200,Standard,Monthly,752.37,11,21.3,6,False,4,High Risk
C19202,Basic,Annual,480.67,15,22.7,3,True,1,Medium Risk
C19203,Premium,Annual,1251.41,27,30.9,3,True,1,Medium Risk
C19204,Basic,Monthly,312.1,15,25.1,3,True,2,Medium Risk
C19205,Basic,Annual,399.74,24,25.5,5,False,2,Medium Risk
C19206,Standard,Annual,662.49,35,59.3,1,True,0,Low Risk
C19207,Basic,Monthly,494.57,25,53.4,3,False,3,High Risk
C19208,Basic,Monthly,358.19,11,42.3,3,False,4,High Risk
C19210,Premium,Monthly,1452.67,12,50.1,2,True,1,Medium Risk
C19211,Basic,Annual,464.61,26,12.6,6,True,2,Medium Risk
C19213,Premium,Monthly,1295.7,24,53.4,3,False,3,High Risk
C19214,Basic,Monthly,352.17,3,50.6,2,False,3,High Risk
C19215,Basic,Annual,349.89,6,36.1,3,True,2,Medium Risk
C19216,Basic,Annual,409.43,13,35.8,3,False,2,Medium Risk
C19218,Premium,Annual,1199.86,35,6.4,4,True,2,Medium Risk
C19221,Basic,Monthly,469.37,1,53.1,2,False,3,High Risk
C19222,Premium,Monthly,1210.22,30,71.8,1,False,2,Medium Risk
C19223,Standard,Annual,782.76,27,53.9,2,True,0,Low Risk
C19224,Standard,Monthly,705.01,31,6.5,4,True,3,High Risk
C19225,Standard,Monthly,890.46,25,55.7,2,False,2,Medium Risk
C19226,Basic,Monthly,495.73,32,24.9,3,True,2,Medium Risk
C19227,Basic,Monthly,390.58,2,5.3,5,True,4,High Risk
C19228,Standard,Monthly,763.69,26,6.3,5,False,4,High Risk
C19229,Basic,Monthly,301.74,0,38.1,3,False,4,High Risk
C19230,Standard,Monthly,699.02,15,56.1,3,False,3,High Risk
C19231,Standard,Monthly,658.45,25,66.0,2,False,2,Medium Risk
C19232,Basic,Annual,379.37,20,42.6,3,True,1,Medium Risk
C19233,Premium,Monthly,1333.14,7,47.8,2,False,3,High Risk
C19234,Basic,Annual,484.01,21,11.2,5,True,2,Medium Risk
C19235,Standard,Monthly,840.11,36,41.4,4,False,3,High Risk
C19238,Premium,Monthly,1349.46,9,51.3,2,False,3,High Risk
C19239,Basic,Annual,378.25,27,26.9,6,True,1,Medium Risk
C19240,Basic,Monthly,455.01,10,32.4,3,False,4,High Risk
C19242,Standard,Monthly,769.49,26,72.3,0,True,1,Medium Risk
C19245,Premium,Monthly,1497.59,17,45.4,2,False,2,Medium Risk
C19247,Standard,Annual,714.95,26,54.9,3,True,1,Medium Risk
C19248,Premium,Monthly,1035.27,13,77.3,1,False,2,Medium Risk
C19250,Premium,Monthly,1107.43,4,56.6,4,True,3,High Risk
C19251,Basic,Annual,381.27,34,46.8,2,True,0,Low Risk
C19253,Standard,Monthly,599.98,28,27.0,3,False,3,High Risk
C19254,Basic,Annual,435.19,31,30.2,4,False,2,Medium Risk
C19255,Standard,Annual,720.4,27,9.6,5,True,2,Medium Risk
C19256,Standard,Annual,777.43,17,52.1,2,True,0,Low Risk
C19257,Basic,Monthly,495.53,26,24.7,5,False,3,High Risk
C19259,Standard,Monthly,796.75,15,21.2,5,True,2,Medium Risk
C19261,Standard,Monthly,611.46,2,30.8,4,False,4,High Risk
C19262,Premium,Monthly,1482.12,8,40.5,2,False,3,High Risk
C19264,Standard,Monthly,895.44,18,61.7,1,True,1,Medium Risk
C19265,Premium,Monthly,1110.22,6,62.9,1,False,3,High Risk
C19266,Standard,Monthly,842.21,11,38.8,5,False,4,High Risk
C19267,Basic,Monthly,482.21,2,65.2,2,True,2,Medium Risk
C19269,Basic,Annual,410.72,35,33.7,5,False,2,Medium Risk
C19270,Basic,Monthly,305.43,17,32.4,3,False,3,High Risk
C19271,Premium,Monthly,1309.51,3,36.6,3,False,4,High Risk
C19272,Premium,Monthly,1298.52,7,36.9,4,False,4,High Risk
C19273,Basic,Monthly,483.66,15,52.9,2,False,2,Medium Risk
C19276,Standard,Annual,755.07,33,62.9,1,True,0,Low Risk
C19278,Premium,Monthly,1108.2,10,25.5,4,False,4,High Risk
C19280,Standard,Monthly,711.95,12,32.2,4,False,3,High Risk
C19283,Basic,Monthly,337.95,16,26.1,3,False,3,High Risk
C19284,Premium,Monthly,1133.11,7,13.9,7,False,5,High Risk
C19285,Premium,Annual,1371.75,14,0.0,5,False,3,High Risk
C19286,Standard,Monthly,823.17,12,67.3,2,False,2,Medium Risk
C19287,Standard,Monthly,813.55,11,22.8,4,True,3,High Risk
C19288,Standard,Monthly,628.51,21,29.1,3,True,2,Medium Risk
C19290,Basic,Annual,480.04,20,56.9,3,True,1,Medium Risk
C19291,Basic,Monthly,409.61,24,57.9,2,False,2,Medium Risk
C19292,Standard,Annual,676.41,23,24.8,4,True,1,Medium Risk
C19294,Basic,Monthly,424.77,10,63.3,1,False,3,High Risk
C19295,Basic,Monthly,421.68,4,55.0,1,False,3,High Risk
C19297,Standard,Monthly,790.46,13,60.9,1,False,2,Medium Risk
C19298,Premium,Monthly,1223.03,19,61.6,2,False,2,Medium Risk
C19302,Basic,Monthly,358.45,4,39.8,2,False,3,High Risk
C19304,Basic,Annual,340.01,18,67.5,2,False,1,Medium Risk
C19306,Standard,Monthly,750.8,8,60.3,2,False,3,High Risk
C19307,Basic,Annual,477.21,16,46.6,3,True,1,Medium Risk
C19309,Standard,Monthly,888.9,27,30.9,4,True,2,Medium Risk
C19310,Standard,Monthly,607.03,9,21.2,5,False,4,High Risk
C19311,Premium,Monthly,1443.02,9,47.8,2,True,2,Medium Risk
C19312,Basic,Monthly,388.95,32,41.9,2,False,2,Medium Risk
C19313,Premium,Monthly,1276.56,21,20.0,5,True,2,Medium Risk
C19314,Basic,Annual,465.51,22,47.0,3,True,1,Medium Risk
C19315,Basic,Monthly,487.16,0,65.5,2,True,2,Medium Risk
C19316,Standard,Annual,706.85,35,77.8,0,True,0,Low Risk
C19317,Standard,Monthly,659.3,8,52.9,3,True,3,High Risk
C19319,Basic,Monthly,346.5,26,0.7,4,False,4,High Risk
C19320,Standard,Monthly,836.9,9,52.1,2,False,3,High Risk
C19321,Premium,Monthly,1349.82,4,77.2,1,False,3,High Risk
C19323,Standard,Monthly,735.9,34,42.9,3,True,2,Medium Risk
C19325,Standard,Annual,805.98,0,29.1,3,True,2,Medium Risk
C19326,Basic,Annual,409.57,6,37.6,4,True,2,Medium Risk
C19327,Premium,Monthly,1119.31,30,13.8,4,False,4,High Risk
C19328,Premium,Monthly,1158.24,8,60.7,2,False,3,High Risk
C19330,Basic,Monthly,481.63,13,53.6,2,False,2,Medium Risk
C19331,Standard,Monthly,765.74,32,66.1,1,False,2,Medium Risk
C19332,Premium,Annual,1130.1,33,28.4,3,True,1,Medium Risk
C19333,Premium,Annual,1034.39,20,53.5,2,True,0,Low Risk
C19336,Standard,Annual,701.65,25,24.9,3,True,1,Medium Risk
C19337,Premium,Annual,1327.81,5,22.5,3,True,2,Medium Risk
C19338,Basic,Annual,424.7,14,30.8,3,True,1,Medium Risk
C19339,Basic,Annual,438.21,33,11.0,4,True,2,Medium Risk
C19341,Basic,Monthly,370.0,31,40.5,3,True,2,Medium Risk
C19342,Basic,Annual,316.75,29,56.3,1,True,0,Low Risk
C19343,Standard,Monthly,666.63,16,46.5,3,True,2,Medium Risk
C19345,Standard,Monthly,613.25,28,57.0,2,True,1,Medium Risk
C19346,Basic,Annual,333.63,9,51.5,3,False,3,High Risk
C19347,Standard,Annual,624.75,27,21.1,3,True,1,Medium Risk
C19348,Standard,Monthly,740.4,19,22.6,4,True,2,Medium Risk
C19349,Standard,Annual,825.04,29,52.1,3,True,1,Medium Risk
C19350,Basic,Monthly,473.84,11,0.6,5,False,5,High Risk
C19351,Standard,Annual,851.53,19,20.9,4,False,2,Medium Risk
C19352,Basic,Monthly,357.63,4,20.5,4,True,3,High Risk
C19353,Basic,Monthly,433.88,9,37.0,3,False,4,High Risk
C19354,Standard,Monthly,837.78,3,54.4,1,True,2,Medium Risk
C19356,Standard,Annual,716.9,27,55.9,2,True,0,Low Risk
C19357,Premium,Monthly,1056.2,8,25.8,3,False,4,High Risk
C19358,Basic,Annual,343.23,33,48.0,2,True,0,Low Risk
C19360,Premium,Monthly,1326.58,9,16.2,4,False,5,High Risk
C19361,Basic,Monthly,379.22,31,29.5,4,False,3,High Risk
C19362,Basic,Monthly,474.27,30,52.8,2,True,1,Medium Risk
C19363,Premium,Monthly,1154.52,21,71.4,1,False,2,Medium Risk
C19365,Basic,Annual,393.63,16,28.5,4,True,1,Medium Risk
C19366,Standard,Monthly,851.2,4,37.7,5,True,3,High Risk
C19367,Premium,Monthly,1308.54,12,73.4,1,False,2,Medium Risk
C19368,Standard,Monthly,893.99,13,6.7,4,False,4,High Risk
C19369,Standard,Monthly,633.93,3,40.0,2,False,3,High Risk
C19370,Basic,Monthly,403.79,7,27.3,3,True,3,High Risk
C19371,Basic,Annual,405.32,35,47.4,2,False,1,Medium Risk
C19374,Premium,Monthly,1224.87,8,71.9,1,False,3,High Risk
C19377,Basic,Annual,417.15,9,58.2,3,True,2,Medium Risk
C19378,Premium,Monthly,1465.48,32,3.9,5,False,4,High Risk
C19379,Standard,Monthly,685.04,33,34.9,4,True,2,Medium Risk
C19383,Basic,Monthly,413.35,5,35.9,3,False,4,High Risk
C19384,Standard,Monthly,778.88,23,49.8,2,False,2,Medium Risk
C19385,Premium,Annual,1475.93,20,59.3,1,True,0,Low Risk
C19386,Basic,Annual,319.49,33,22.6,5,True,1,Medium Risk
C19389,Standard,Monthly,670.81,21,66.4,1,False,2,Medium Risk
C19390,Basic,Monthly,463.35,3,31.7,2,False,3,High Risk
C19392,Standard,Annual,886.59,7,42.6,2,True,1,Medium Risk
C19393,Standard,Monthly,723.59,3,66.8,2,False,3,High Risk
C19394,Premium,Annual,1308.8,33,30.5,4,True,1,Medium Risk
C19395,Premium,Annual,1445.84,29,32.8,3,True,1,Medium Risk
C19396,Basic,Annual,375.2,32,49.7,2,True,0,Low Risk
C19397,Basic,Annual,367.31,33,12.5,7,True,2,Medium Risk
C19398,Premium,Monthly,1297.01,28,28.2,3,False,3,High Risk
C19399,Standard,Monthly,772.6,31,22.2,5,True,2,Medium Risk
C19400,Standard,Monthly,843.52,8,61.0,2,True,2,Medium Risk
C19401,Standard,Annual,732.85,22,20.9,4,True,1,Medium Risk
C19402,Premium,Monthly,1025.51,28,42.0,2,False,2,Medium Risk
C19404,Standard,Annual,666.75,17,39.9,3,True,1,Medium Risk
C19406,Basic,Monthly,484.26,10,42.3,4,True,3,High Risk
C19407,Basic,Annual,423.17,23,26.3,4,True,1,Medium Risk
C19408,Basic,Monthly,359.74,31,44.3,3,True,2,Medium Risk
C19410,Premium,Annual,1368.33,12,48.6,3,True,1,Medium Risk
C19411,Basic,Monthly,450.03,20,48.5,2,False,2,Medium Risk
C19412,Premium,Monthly,1235.57,12,54.6,2,False,2,Medium Risk
C19413,Basic,Monthly,415.11,25,34.2,3,True,2,Medium Risk
C19414,Standard,Monthly,806.95,16,27.9,4,False,3,High Risk
C19415,Basic,Monthly,336.26,21,43.2,2,False,2,Medium Risk
C19416,Basic,Annual,382.02,13,38.2,3,True,1,Medium Risk
C19417,Premium,Monthly,1411.77,9,40.4,4,True,3,High Risk
C19418,Standard,Monthly,607.18,11,25.0,3,True,3,High Risk
C19419,Standard,Monthly,656.59,6,67.6,1,False,3,High Risk
C19420,Basic,Annual,303.32,2,51.8,3,True,2,Medium Risk
C19421,Premium,Monthly,1336.26,28,68.6,2,True,1,Medium Risk
C19422,Basic,Monthly,391.25,9,58.2,4,False,4,High Risk
C19423,Basic,Monthly,306.15,26,71.8,2,True,1,Medium Risk
C19424,Standard,Monthly,831.56,13,50.6,2,True,1,Medium Risk
C19425,Standard,Monthly,839.72,19,50.3,4,False,3,High Risk
C19428,Premium,Monthly,1348.49,24,40.0,5,False,3,High Risk
C19429,Premium,Monthly,1424.2,29,57.7,2,False,2,Medium Risk
C19430,Basic,Annual,475.4,32,10.5,4,True,2,Medium Risk
C19432,Basic,Monthly,483.07,4,79.2,0,False,3,High Risk
C19433,Basic,Monthly,349.7,6,45.2,3,False,4,High Risk
C19437,Basic,Monthly,314.16,0,42.9,4,False,4,High Risk
C19438,Basic,Monthly,458.6,10,54.1,2,False,3,High Risk
C19439,Basic,Monthly,401.15,5,57.9,3,True,3,High Risk
C19440,Basic,Monthly,368.09,34,30.5,5,True,2,Medium Risk
C19441,Basic,Monthly,356.98,19,39.7,5,False,3,High Risk
C19443,Standard,Monthly,640.06,5,36.0,4,False,4,High Risk
C19444,Standard,Monthly,695.37,17,38.6,3,True,2,Medium Risk
C19445,Standard,Monthly,861.87,15,56.4,4,False,3,High Risk
C19446,Standard,Monthly,789.54,5,70.6,2,True,2,Medium Risk
C19447,Basic,Annual,410.22,19,9.0,4,True,2,Medium Risk
C19448,Standard,Monthly,620.29,7,23.7,3,False,4,High Risk
C19449,Basic,Monthly,363.22,3,44.2,3,False,4,High Risk
C19450,Premium,Annual,1439.38,6,36.0,3,True,2,Medium Risk
C19452,Standard,Annual,707.5,0,54.4,3,True,2,Medium Risk
C19453,Standard,Annual,712.44,20,24.5,5,True,1,Medium Risk
C19454,Basic,Monthly,405.07,2,36.5,4,False,4,High Risk
C19455,Basic,Monthly,487.91,12,26.8,4,True,2,Medium Risk
C19456,Standard,Annual,780.43,34,28.8,3,True,1,Medium Risk
C19457,Standard,Monthly,714.25,4,41.3,3,True,3,High Risk
C19458,Premium,Monthly,1396.13,23,44.7,3,True,2,Medium Risk
C19460,Premium,Monthly,1277.2,28,41.5,3,False,3,High Risk
C19461,Standard,Monthly,666.21,25,30.9,4,True,2,Medium Risk
C19463,Standard,Annual,718.94,31,65.3,0,True,0,Low Risk
C19464,Basic,Monthly,419.32,17,68.8,1,False,2,Medium Risk
C19465,Premium,Monthly,1400.71,0,55.4,2,False,3,High Risk
C19466,Standard,Monthly,672.71,30,27.1,4,False,3,High Risk
C19467,Premium,Monthly,1343.33,3,7.3,5,True,4,High Risk
C19469,Standard,Monthly,690.82,15,45.4,2,False,2,Medium Risk
C19470,Premium,Monthly,1257.6,31,69.5,1,False,2,Medium Risk
C19472,Standard,Monthly,639.31,25,68.2,1,True,1,Medium Risk
C19474,Basic,Monthly,449.45,10,59.9,1,False,3,High Risk
C19475,Premium,Monthly,1079.37,25,47.7,3,True,2,Medium Risk
C19476,Standard,Annual,770.99,33,41.8,4,False,2,Medium Risk
C19477,Standard,Monthly,879.32,1,51.9,2,False,3,High Risk
C19478,Basic,Monthly,483.49,1,60.1,2,True,2,Medium Risk
C19479,Standard,Monthly,814.6,15,36.5,3,True,2,Medium Risk
C19480,Standard,Monthly,706.41,34,33.5,3,False,3,High Risk
C19481,Standard,Annual,633.0,26,51.0,3,True,1,Medium Risk
C19482,Premium,Annual,1318.48,15,23.6,4,True,1,Medium Risk
C19483,Standard,Monthly,652.62,8,39.3,3,True,3,High Risk
C19485,Premium,Monthly,1218.43,7,44.2,4,False,4,High Risk
C19487,Basic,Annual,385.55,12,18.2,4,False,3,High Risk
C19488,Standard,Annual,646.42,34,11.4,4,True,2,Medium Risk
C19489,Standard,Annual,756.4,17,56.4,1,True,0,Low Risk
C19490,Premium,Monthly,1008.43,11,61.0,1,True,2,Medium Risk
C19491,Basic,Monthly,427.37,13,37.7,4,False,3,High Risk
C19493,Premium,Annual,1005.36,15,29.6,4,False,2,Medium Risk
C19494,Premium,Monthly,1450.26,2,59.9,2,False,3,High Risk
C19495,Standard,Monthly,772.08,30,69.7,1,False,2,Medium Risk
C19497,Basic,Monthly,314.72,23,6.6,5,True,3,High Risk
C19498,Premium,Monthly,1407.56,26,61.4,2,True,1,Medium Risk
C19499,Premium,Annual,1215.94,34,18.1,5,False,3,High Risk
C19501,Basic,Annual,491.82,18,26.6,3,True,1,Medium Risk
C19503,Basic,Monthly,429.42,25,4.2,4,False,4,High Risk
C19505,Premium,Annual,1172.35,18,21.0,4,False,2,Medium Risk
C19506,Premium,Monthly,1230.9,17,14.9,5,True,3,High Risk
C19507,Basic,Monthly,390.57,11,49.6,2,True,2,Medium Risk
C19508,Standard,Monthly,814.49,17,75.8,3,False,3,High Risk
C19512,Basic,Monthly,445.28,18,14.1,4,False,4,High Risk
C19513,Standard,Annual,724.96,24,37.4,4,True,1,Medium Risk
C19515,Premium,Monthly,1083.21,6,31.9,3,False,4,High Risk
C19518,Basic,Annual,326.27,13,20.2,4,True,1,Medium Risk
C19519,Premium,Annual,1017.62,16,58.4,1,True,0,Low Risk
C19520,Basic,Annual,486.01,21,73.2,1,False,1,Medium Risk
C19521,Basic,Monthly,381.29,18,38.2,3,False,3,High Risk
C19525,Basic,Monthly,358.38,12,1.3,6,False,4,High Risk
C19527,Basic,Monthly,436.4,12,50.9,2,True,1,Medium Risk
C19530,Standard,Monthly,655.59,5,63.2,1,True,2,Medium Risk
C19533,Basic,Monthly,350.55,19,34.5,3,True,2,Medium Risk
C19534,Standard,Monthly,820.53,16,30.1,3,True,2,Medium Risk
C19535,Basic,Annual,498.95,28,34.9,3,False,2,Medium Risk
C19536,Basic,Monthly,496.7,18,52.4,2,True,1,Medium Risk
C19537,Standard,Monthly,860.38,17,21.9,3,False,3,High Risk
C19538,Basic,Monthly,429.21,3,36.8,3,True,3,High Risk
C19540,Standard,Monthly,775.65,9,41.4,2,True,2,Medium Risk
C19541,Premium,Monthly,1431.93,14,33.2,3,True,2,Medium Risk
C19543,Basic,Annual,390.84,36,55.2,2,True,0,Low Risk
C19544,Standard,Monthly,699.52,35,32.7,4,False,3,High Risk
C19547,Basic,Monthly,393.38,26,56.8,3,False,3,High Risk
C19548,Basic,Monthly,411.02,7,66.7,2,False,3,High Risk
C19550,Basic,Monthly,372.94,11,42.6,3,True,3,High Risk
C19551,Basic,Monthly,401.65,31,57.6,1,False,2,Medium Risk
C19552,Basic,Monthly,347.46,2,51.2,2,False,3,High Risk
C19553,Standard,Monthly,702.98,27,16.6,6,True,3,High Risk
C19554,Basic,Annual,488.32,19,45.9,3,True,1,Medium Risk
C19555,Basic,Monthly,441.87,7,13.8,4,False,5,High Risk
C19556,Basic,Annual,366.91,31,40.9,3,True,1,Medium Risk
C19557,Basic,Monthly,369.03,24,35.6,4,False,3,High Risk
C19558,Standard,Monthly,789.17,0,66.0,1,False,3,High Risk
C19559,Basic,Monthly,395.61,25,56.2,1,False,2,Medium Risk
C19561,Premium,Annual,1191.11,10,26.5,4,True,2,Medium Risk
C19562,Basic,Monthly,397.17,21,36.0,5,True,2,Medium Risk
C19563,Basic,Monthly,448.49,7,62.3,2,False,3,High Risk
C19564,Basic,Monthly,491.11,19,58.3,1,False,2,Medium Risk
C19567,Basic,Monthly,353.8,12,20.7,4,True,2,Medium Risk
C19568,Premium,Monthly,1274.67,13,57.9,2,True,1,Medium Risk
C19569,Basic,Monthly,329.25,16,71.3,1,False,2,Medium Risk
C19570,Premium,Monthly,1489.87,28,47.4,2,False,2,Medium Risk
C19571,Standard,Annual,799.12,26,41.5,4,True,1,Medium Risk
C19573,Standard,Monthly,768.11,31,59.3,2,True,1,Medium Risk
C19574,Standard,Annual,853.05,33,19.2,4,False,3,High Risk
C19575,Basic,Monthly,388.64,16,47.6,1,True,1,Medium Risk
C19576,Standard,Monthly,883.78,29,35.3,6,False,3,High Risk
C19578,Basic,Annual,374.72,28,28.4,3,True,1,Medium Risk
C19579,Basic,Monthly,411.14,11,10.2,4,True,4,High Risk
C19580,Premium,Annual,1373.86,33,49.9,2,True,0,Low Risk
C19581,Standard,Annual,826.13,14,49.6,4,True,1,Medium Risk
C19583,Basic,Monthly,492.1,14,21.6,3,False,3,High Risk
C19584,Basic,Monthly,476.1,14,24.7,4,False,3,High Risk
C19585,Basic,Annual,383.04,29,50.2,2,True,0,Low Risk
C19586,Basic,Monthly,480.59,22,49.7,2,False,2,Medium Risk
C19587,Basic,Monthly,442.33,0,64.9,1,True,2,Medium Risk
C19590,Standard,Annual,762.15,21,51.4,2,False,1,Medium Risk
C19591,Basic,Monthly,445.87,14,68.9,1,False,2,Medium Risk
C19593,Premium,Monthly,1292.62,35,49.6,3,False,3,High Risk
C19595,Basic,Annual,432.96,22,44.8,3,True,1,Medium Risk
C19596,Premium,Monthly,1151.23,30,61.5,1,False,2,Medium Risk
C19597,Basic,Monthly,486.99,22,56.7,2,True,1,Medium Risk
C19598,Premium,Annual,1311.9,34,33.9,3,True,1,Medium Risk
C19599,Basic,Monthly,454.67,0,52.1,2,False,3,High Risk
C19600,Standard,Annual,787.89,33,44.2,2,True,0,Low Risk
C19601,Basic,Monthly,363.61,17,56.4,1,False,2,Medium Risk
C19602,Standard,Monthly,666.39,11,34.2,4,False,4,High Risk
C19603,Standard,Monthly,612.6,20,61.2,3,False,3,High Risk
C19604,Standard,Monthly,726.07,31,22.2,3,False,3,High Risk
C19605,Basic,Monthly,459.71,30,70.7,1,True,1,Medium Risk
C19606,Premium,Monthly,1428.02,0,60.6,1,False,3,High Risk
C19609,Premium,Annual,1215.0,32,0.0,5,True,2,Medium Risk
C19611,Standard,Monthly,638.85,35,58.9,2,True,1,Medium Risk
C19613,Basic,Annual,494.6,1,67.1,2,True,1,Medium Risk
C19614,Basic,Monthly,407.15,7,12.4,5,True,4,High Risk
C19615,Standard,Monthly,716.56,21,47.9,2,True,1,Medium Risk
C19618,Basic,Annual,307.79,13,48.0,2,False,1,Medium Risk
C19619,Standard,Monthly,883.96,17,4.5,5,True,3,High Risk
C19620,Standard,Monthly,693.51,27,37.8,3,True,2,Medium Risk
C19622,Basic,Annual,369.6,26,28.2,4,True,1,Medium Risk
C19624,Basic,Monthly,495.49,9,36.9,4,False,4,High Risk
C19625,Standard,Monthly,828.56,26,47.6,2,False,2,Medium Risk
C19626,Premium,Annual,1268.97,32,59.3,1,True,0,Low Risk
C19627,Basic,Annual,315.1,29,27.9,3,True,1,Medium Risk
C19628,Standard,Monthly,789.46,12,49.2,1,False,2,Medium Risk
C19629,Standard,Annual,779.55,34,28.5,3,True,1,Medium Risk
C19630,Basic,Monthly,389.52,16,78.8,1,True,1,Medium Risk
C19632,Premium,Annual,1104.87,34,44.4,2,True,0,Low Risk
C19634,Standard,Monthly,671.23,18,0.0,7,True,3,High Risk
C19635,Standard,Monthly,663.02,27,65.3,1,False,2,Medium Risk
C19636,Basic,Annual,301.79,27,32.4,4,True,1,Medium Risk
C19637,Standard,Monthly,805.86,9,38.1,3,True,3,High Risk
C19638,Premium,Monthly,1281.91,28,27.4,5,False,3,High Risk
C19639,Standard,Monthly,836.83,30,59.9,1,False,2,Medium Risk
C19640,Premium,Annual,1496.2,22,49.5,4,True,1,Medium Risk
C19642,Standard,Monthly,853.52,24,57.2,2,True,1,Medium Risk
C19643,Standard,Monthly,886.44,18,56.4,3,True,2,Medium Risk
C19645,Standard,Monthly,711.21,24,23.4,4,True,2,Medium Risk
C19647,Premium,Annual,1375.07,18,56.2,1,False,1,Medium Risk
C19648,Premium,Monthly,1364.67,1,57.0,1,False,3,High Risk
C19650,Basic,Monthly,343.41,19,82.6,1,True,1,Medium Risk
C19651,Standard,Monthly,634.63,34,21.5,4,True,2,Medium Risk
C19652,Premium,Monthly,1160.91,26,55.2,2,False,2,Medium Risk
C19653,Basic,Monthly,477.91,24,50.2,4,False,3,High Risk
C19654,Basic,Monthly,365.36,31,18.0,5,False,4,High Risk
C19655,Standard,Monthly,886.22,24,24.6,3,False,3,High Risk
C19656,Basic,Monthly,311.4,26,11.3,4,False,4,High Risk
C19658,Basic,Annual,329.19,13,3.0,4,True,2,Medium Risk
C19659,Basic,Monthly,339.96,7,59.8,1,True,2,Medium Risk
C19660,Basic,Monthly,331.56,20,16.9,4,True,3,High Risk
C19662,Standard,Annual,779.1,27,59.0,2,True,0,Low Risk
C19663,Standard,Annual,704.18,32,25.9,3,True,1,Medium Risk
C19664,Basic,Monthly,362.64,24,38.9,2,False,2,Medium Risk
C19666,Basic,Monthly,406.22,3,15.4,4,True,4,High Risk
C19667,Basic,Annual,342.9,32,53.3,2,True,0,Low Risk
C19668,Basic,Monthly,393.39,10,21.8,6,False,4,High Risk
C19669,Standard,Annual,682.76,13,48.0,3,True,1,Medium Risk
C19671,Premium,Monthly,1284.6,0,31.1,3,False,4,High Risk
C19672,Basic,Monthly,373.54,17,30.9,3,False,3,High Risk
C19673,Standard,Annual,873.53,7,36.7,3,True,2,Medium Risk
C19674,Standard,Monthly,707.56,15,47.6,2,True,1,Medium Risk
C19677,Premium,Monthly,1139.94,2,53.0,2,True,2,Medium Risk
C19678,Standard,Annual,621.79,34,17.9,6,True,2,Medium Risk
C19680,Basic,Monthly,329.25,8,63.0,1,True,2,Medium Risk
C19681,Premium,Monthly,1080.07,18,23.3,5,False,3,High Risk
C19682,Standard,Annual,863.95,17,70.4,2,True,0,Low Risk
C19683,Basic,Annual,478.65,7,30.9,3,True,2,Medium Risk
C19686,Basic,Monthly,358.96,23,30.3,3,False,3,High Risk
C19687,Premium,Annual,1375.04,18,27.2,3,True,1,Medium Risk
C19688,Basic,Annual,428.84,28,56.0,2,False,1,Medium Risk
C19689,Basic,Monthly,489.7,2,37.0,3,False,4,High Risk
C19690,Standard,Annual,692.79,25,27.3,3,True,1,Medium Risk
C19692,Basic,Monthly,314.65,26,12.9,4,True,3,High Risk
C19694,Premium,Monthly,1159.44,15,64.7,1,False,2,Medium Risk
C19696,Premium,Annual,1451.68,27,18.3,4,True,2,Medium Risk
C19697,Standard,Annual,705.23,10,73.1,0,True,1,Medium Risk
C19698,Basic,Monthly,478.41,9,54.4,2,False,3,High Risk
C19699,Basic,Annual,406.85,22,10.9,4,True,2,Medium Risk
C19700,Premium,Monthly,1380.72,33,30.1,3,True,2,Medium Risk
C19705,Basic,Monthly,442.41,2,46.2,3,True,3,High Risk
C19706,Standard,Monthly,848.24,10,76.2,2,True,2,Medium Risk
C19707,Basic,Monthly,392.05,6,26.0,4,True,3,High Risk
C19708,Standard,Monthly,613.31,12,8.8,4,False,4,High Risk
C19709,Premium,Monthly,1034.61,10,68.1,2,True,2,Medium Risk
C19710,Basic,Annual,439.56,21,31.1,5,True,1,Medium Risk
C19711,Standard,Annual,630.94,27,59.5,1,True,0,Low Risk
C19712,Premium,Monthly,1380.76,1,73.8,1,False,3,High Risk
C19713,Standard,Monthly,708.66,6,18.7,4,True,4,High Risk
C19714,Standard,Monthly,725.24,20,70.5,2,True,1,Medium Risk
C19715,Premium,Annual,1482.38,34,16.0,5,True,2,Medium Risk
C19716,Standard,Monthly,834.68,11,63.7,2,False,3,High Risk
C19717,Standard,Monthly,770.47,1,65.5,1,True,2,Medium Risk
C19718,Standard,Annual,893.4,9,48.9,3,True,2,Medium Risk
C19719,Basic,Monthly,435.36,28,59.7,2,True,1,Medium Risk
C19720,Standard,Monthly,813.39,9,50.6,4,True,3,High Risk
C19721,Standard,Annual,716.75,30,29.4,4,False,2,Medium Risk
C19723,Basic,Monthly,323.34,22,25.7,4,True,2,Medium Risk
C19724,Premium,Monthly,1302.89,23,36.2,3,False,3,High Risk
C19725,Basic,Monthly,442.78,7,59.8,2,False,3,High Risk
C19727,Standard,Annual,656.53,29,31.2,4,True,1,Medium Risk
C19729,Standard,Monthly,622.63,6,31.2,4,True,3,High Risk
C19730,Standard,Monthly,655.26,6,55.4,3,False,4,High Risk
C19731,Standard,Monthly,853.58,34,23.5,5,True,2,Medium Risk
C19732,Basic,Monthly,444.75,16,23.7,4,True,2,Medium Risk
C19733,Standard,Annual,826.32,4,49.1,2,True,1,Medium Risk
C19734,Basic,Monthly,487.36,34,48.1,2,True,1,Medium Risk
C19735,Basic,Annual,301.83,28,49.8,2,False,1,Medium Risk
C19739,Basic,Monthly,301.72,10,66.1,1,False,3,High Risk
C19740,Basic,Annual,477.39,26,24.0,4,True,1,Medium Risk
C19741,Basic,Annual,430.59,34,60.0,4,True,1,Medium Risk
C19742,Premium,Annual,1197.17,31,49.6,4,False,2,Medium Risk
C19743,Standard,Annual,605.54,21,54.2,1,True,0,Low Risk
C19745,Standard,Monthly,851.79,32,51.1,2,True,1,Medium Risk
C19748,Basic,Annual,452.83,2,33.0,3,True,2,Medium Risk
C19749,Basic,Monthly,454.22,32,55.0,2,False,2,Medium Risk
C19750,Basic,Monthly,311.89,16,33.0,4,True,2,Medium Risk
C19751,Standard,Monthly,728.29,9,60.1,2,False,3,High Risk
C19752,Basic,Monthly,411.47,4,27.9,3,True,3,High Risk
C19753,Basic,Monthly,389.52,22,40.5,2,False,2,Medium Risk
C19754,Basic,Monthly,432.6,6,20.9,3,True,3,High Risk
C19756,Standard,Annual,779.79,13,50.6,2,True,0,Low Risk
C19757,Standard,Annual,745.26,26,66.3,1,False,1,Medium Risk
C19759,Premium,Monthly,1477.39,17,40.1,3,False,3,High Risk
C19760,Basic,Annual,325.8,2,65.2,1,True,1,Medium Risk
C19762,Standard,Monthly,782.77,5,7.9,4,False,5,High Risk
C19763,Premium,Monthly,1432.35,32,24.3,3,True,2,Medium Risk
C19764,Standard,Monthly,844.67,20,39.5,3,False,3,High Risk
C19765,Standard,Annual,687.31,11,73.0,0,True,1,Medium Risk
C19766,Basic,Monthly,471.37,36,49.2,2,False,2,Medium Risk
C19767,Premium,Monthly,1303.79,4,58.4,1,False,3,High Risk
C19769,Basic,Monthly,404.5,8,14.9,4,True,4,High Risk
C19770,Premium,Annual,1408.22,25,19.4,4,True,2,Medium Risk
C19771,Premium,Annual,1293.57,31,42.7,4,True,1,Medium Risk
C19772,Basic,Monthly,324.23,25,53.1,2,False,2,Medium Risk
C19773,Standard,Annual,697.2,25,17.5,3,True,2,Medium Risk
C19774,Basic,Monthly,327.34,0,24.4,5,True,3,High Risk
C19775,Premium,Monthly,1096.85,29,35.5,2,False,2,Medium Risk
C19776,Premium,Annual,1446.75,25,12.0,4,False,3,High Risk
C19777,Standard,Annual,675.51,35,67.6,1,True,0,Low Risk
C19779,Basic,Annual,458.11,34,51.8,3,False,2,Medium Risk
C19780,Basic,Monthly,422.09,15,61.9,2,False,2,Medium Risk
C19781,Basic,Annual,359.31,33,48.5,2,True,0,Low Risk
C19782,Standard,Monthly,885.54,5,44.3,3,False,4,High Risk
C19783,Standard,Annual,700.52,21,30.8,3,True,1,Medium Risk
C19784,Standard,Monthly,846.05,33,34.8,3,False,3,High Risk
C19785,Standard,Monthly,681.32,2,11.0,4,False,5,High Risk
C19786,Basic,Monthly,323.88,26,0.0,5,False,4,High Risk
C19787,Standard,Annual,818.47,23,42.1,3,True,1,Medium Risk
C19788,Basic,Annual,304.27,27,62.0,1,True,0,Low Risk
C19789,Standard,Monthly,696.81,24,72.1,0,False,2,Medium Risk
C19791,Basic,Monthly,353.01,6,36.5,5,False,4,High Risk
C19792,Premium,Annual,1263.44,15,71.3,2,False,1,Medium Risk
C19793,Standard,Monthly,662.57,6,13.4,5,True,4,High Risk
C19794,Standard,Annual,688.12,13,22.0,4,False,2,Medium Risk
C19795,Standard,Monthly,745.04,10,42.2,3,False,4,High Risk
C19797,Standard,Monthly,756.54,21,37.1,3,False,3,High Risk
C19798,Basic,Monthly,478.68,2,44.5,3,True,3,High Risk
C19800,Standard,Monthly,826.6,28,78.1,1,True,1,Medium Risk
C19801,Basic,Annual,307.01,35,46.6,3,False,2,Medium Risk
C19802,Basic,Monthly,350.89,16,41.4,4,False,3,High Risk
C19804,Basic,Monthly,338.91,12,74.1,0,False,2,Medium Risk
C19805,Basic,Monthly,424.98,9,69.4,1,False,3,High Risk
C19806,Basic,Annual,395.65,31,33.8,4,True,1,Medium Risk
C19807,Premium,Monthly,1167.14,27,61.8,1,True,1,Medium Risk
C19810,Basic,Annual,474.51,15,44.4,4,True,1,Medium Risk
C19811,Premium,Monthly,1184.12,8,68.6,1,False,3,High Risk
C19812,Basic,Annual,340.82,30,75.4,1,True,0,Low Risk
C19813,Basic,Monthly,427.08,16,57.8,2,False,2,Medium Risk
C19815,Standard,Monthly,795.86,24,46.3,2,False,2,Medium Risk
C19816,Premium,Annual,1364.25,21,2.1,6,True,2,Medium Risk
C19817,Standard,Monthly,610.37,21,53.4,2,False,2,Medium Risk
C19818,Premium,Monthly,1252.71,14,31.5,4,True,2,Medium Risk
C19819,Basic,Monthly,426.79,13,32.0,4,True,2,Medium Risk
C19821,Standard,Monthly,668.96,10,57.0,2,True,2,Medium Risk
C19822,Basic,Monthly,454.13,23,59.6,3,False,3,High Risk
C19825,Basic,Annual,383.44,11,29.5,3,True,2,Medium Risk
C19826,Basic,Monthly,466.82,17,82.6,2,False,2,Medium Risk
C19829,Standard,Monthly,647.19,15,37.4,3,False,3,High Risk
C19830,Premium,Monthly,1248.31,25,30.5,4,False,3,High Risk
C19831,Standard,Annual,674.68,35,65.8,1,True,0,Low Risk
C19832,Premium,Annual,1485.52,9,30.1,4,True,2,Medium Risk
C19833,Basic,Annual,459.52,9,25.9,4,True,2,Medium Risk
C19834,Standard,Monthly,790.22,11,31.5,4,False,4,High Risk
C19836,Basic,Monthly,476.28,31,22.8,4,False,3,High Risk
C19837,Premium,Monthly,1122.34,6,11.8,4,False,5,High Risk
C19838,Standard,Monthly,691.96,16,22.7,4,True,2,Medium Risk
C19839,Basic,Monthly,364.46,17,27.0,3,False,3,High Risk
C19840,Standard,Monthly,858.84,12,41.6,5,False,3,High Risk
C19842,Premium,Annual,1385.04,21,65.2,3,False,2,Medium Risk
C19843,Basic,Annual,377.56,22,56.5,3,False,2,Medium Risk
C19844,Basic,Monthly,467.03,21,73.8,2,False,2,Medium Risk
C19846,Premium,Monthly,1257.06,22,36.3,4,True,2,Medium Risk
C19847,Basic,Monthly,415.02,7,38.3,5,False,4,High Risk
C19848,Premium,Annual,1154.45,31,61.3,2,True,0,Low Risk
C19849,Standard,Monthly,707.42,35,64.2,2,True,1,Medium Risk
C19851,Premium,Annual,1432.45,16,33.8,4,True,1,Medium Risk
C19852,Standard,Annual,836.89,16,63.4,4,True,1,Medium Risk
C19853,Premium,Monthly,1208.92,13,75.6,1,False,2,Medium Risk
C19855,Standard,Monthly,719.95,32,11.3,6,True,3,High Risk
C19856,Standard,Monthly,656.51,31,56.3,2,True,1,Medium Risk
C19857,Standard,Monthly,701.46,23,59.9,2,True,1,Medium Risk
C19858,Standard,Monthly,714.08,8,19.8,3,True,4,High Risk
C19859,Basic,Annual,325.02,28,40.6,3,True,1,Medium Risk
C19860,Standard,Monthly,673.3,1,28.1,3,False,4,High Risk
C19861,Standard,Monthly,642.7,13,50.8,2,False,2,Medium Risk
C19862,Basic,Monthly,320.68,35,12.4,5,True,3,High Risk
C19863,Standard,Annual,722.23,34,51.9,2,False,1,Medium Risk
C19864,Standard,Monthly,683.75,31,45.4,2,False,2,Medium Risk
C19868,Basic,Monthly,383.44,6,56.4,2,True,2,Medium Risk
C19869,Premium,Monthly,1112.36,2,9.2,4,True,4,High Risk
C19871,Basic,Monthly,321.23,2,21.6,4,False,4,High Risk
C19872,Basic,Annual,412.3,15,63.6,2,False,1,Medium Risk
C19873,Standard,Monthly,893.8,10,27.9,3,False,4,High Risk
C19875,Basic,Annual,302.35,34,27.7,4,False,2,Medium Risk
C19876,Basic,Monthly,456.04,21,72.3,2,False,2,Medium Risk
C19877,Standard,Monthly,707.11,8,65.8,1,True,2,Medium Risk
C19881,Basic,Annual,340.77,17,72.1,2,True,0,Low Risk
C19882,Basic,Monthly,384.7,3,63.4,1,False,3,High Risk
C19883,Standard,Monthly,891.77,17,73.6,0,False,2,Medium Risk
C19884,Basic,Monthly,316.38,20,53.2,6,True,2,Medium Risk
C19886,Standard,Monthly,852.31,7,72.3,1,True,2,Medium Risk
C19887,Basic,Annual,440.35,27,58.1,2,True,0,Low Risk
C19888,Premium,Monthly,1304.38,23,66.2,1,True,1,Medium Risk
C19891,Basic,Annual,468.65,2,13.0,6,True,3,High Risk
C19892,Standard,Annual,639.07,32,44.8,2,True,0,Low Risk
C19893,Basic,Monthly,323.3,13,64.7,1,True,1,Medium Risk
C19894,Basic,Annual,311.18,16,14.4,5,True,2,Medium Risk
C19897,Standard,Monthly,793.49,21,57.2,1,False,2,Medium Risk
C19898,Basic,Monthly,485.13,31,36.9,4,True,2,Medium Risk
C19899,Standard,Monthly,767.03,15,41.0,2,False,2,Medium Risk
C19900,Standard,Monthly,753.89,8,68.8,0,True,2,Medium Risk
C19901,Basic,Monthly,403.11,4,61.4,1,True,2,Medium Risk
C19902,Basic,Monthly,423.84,6,0.0,6,True,4,High Risk
C19903,Standard,Monthly,673.33,7,8.5,5,False,5,High Risk
C19904,Standard,Monthly,632.24,1,31.4,3,False,4,High Risk
C19905,Standard,Monthly,818.82,23,42.4,2,False,2,Medium Risk
C19906,Standard,Monthly,662.85,24,39.7,3,False,3,High Risk
C19908,Premium,Monthly,1385.98,30,15.9,5,True,3,High Risk
C19909,Basic,Monthly,370.86,25,58.3,5,True,2,Medium Risk
C19910,Basic,Monthly,443.6,27,47.1,4,True,2,Medium Risk
C19911,Standard,Annual,746.73,11,31.6,3,False,3,High Risk
C19914,Standard,Monthly,887.59,23,16.7,5,False,4,High Risk
C19915,Standard,Annual,800.77,32,23.9,3,True,1,Medium Risk
C19916,Premium,Monthly,1436.01,10,59.7,3,True,3,High Risk
C19917,Standard,Monthly,684.3,20,17.4,5,False,4,High Risk
C19918,Basic,Monthly,452.56,9,38.2,4,False,4,High Risk
C19919,Basic,Annual,343.11,18,62.7,2,False,1,Medium Risk
C19920,Basic,Monthly,434.7,27,48.0,2,True,1,Medium Risk
C19921,Basic,Monthly,395.12,0,32.3,3,False,4,High Risk
C19922,Basic,Monthly,346.17,15,0.1,4,False,4,High Risk
C19923,Standard,Monthly,783.18,7,57.7,2,True,2,Medium Risk
C19924,Standard,Monthly,667.84,1,9.0,6,True,4,High Risk
C19925,Standard,Monthly,852.22,3,17.0,5,False,5,High Risk
C19927,Premium,Annual,1206.22,23,5.9,5,True,2,Medium Risk
C19928,Basic,Annual,466.76,16,80.8,0,True,0,Low Risk
C19929,Basic,Monthly,437.11,0,37.2,3,False,4,High Risk
C19930,Basic,Annual,342.09,4,35.8,4,True,2,Medium Risk
C19933,Basic,Annual,456.47,6,50.3,2,True,1,Medium Risk
C19934,Basic,Annual,371.56,31,42.4,5,False,2,Medium Risk
C19936,Basic,Monthly,306.04,28,20.2,4,False,3,High Risk
C19937,Basic,Annual,491.23,19,66.2,2,True,0,Low Risk
C19941,Basic,Monthly,396.43,10,0.2,5,False,5,High Risk
C19942,Basic,Monthly,465.41,16,2.3,5,True,3,High Risk
C19945,Basic,Monthly,495.13,19,33.9,3,True,2,Medium Risk
C19947,Standard,Monthly,655.54,19,58.8,2,False,2,Medium Risk
C19948,Standard,Monthly,698.49,1,71.3,2,True,2,Medium Risk
C19949,Premium,Monthly,1306.43,27,10.8,5,False,4,High Risk
C19950,Standard,Annual,665.43,22,5.5,4,False,3,High Risk
C19951,Basic,Monthly,485.91,8,58.2,2,False,3,High Risk
C19952,Standard,Monthly,766.3,29,42.1,3,False,3,High Risk
C19953,Standard,Annual,853.53,19,10.6,4,True,2,Medium Risk
C19954,Basic,Monthly,307.21,9,51.4,4,True,3,High Risk
C19955,Standard,Monthly,738.95,15,39.4,2,True,1,Medium Risk
C19956,Standard,Monthly,730.24,26,62.5,1,False,2,Medium Risk
C19957,Standard,Monthly,616.59,27,48.9,2,True,1,Medium Risk
C19958,Standard,Annual,656.9,31,73.0,1,False,1,Medium Risk
C19959,Standard,Annual,892.57,11,52.1,2,True,1,Medium Risk
C19962,Premium,Monthly,1496.28,5,13.2,4,True,4,High Risk
C19963,Standard,Monthly,894.33,30,17.4,4,True,3,High Risk
C19966,Premium,Monthly,1373.98,21,22.2,5,False,3,High Risk
C19967,Basic,Annual,306.59,23,45.0,3,False,2,Medium Risk
C19969,Basic,Monthly,422.62,21,14.3,4,False,4,High Risk
C19970,Premium,Monthly,1356.37,25,13.5,4,True,3,High Risk
C19971,Basic,Annual,464.49,23,56.3,2,True,0,Low Risk
C19972,Basic,Monthly,318.83,8,49.1,4,False,4,High Risk
C19973,Basic,Monthly,481.42,5,60.0,2,True,2,Medium Risk
C19974,Standard,Annual,707.72,10,66.6,1,True,1,Medium Risk
C19977,Basic,Monthly,404.42,35,58.1,2,True,1,Medium Risk
C19978,Basic,Annual,359.41,30,26.1,3,False,2,Medium Risk
C19979,Standard,Annual,858.34,17,29.6,4,True,1,Medium Risk
C19980,Basic,Monthly,410.54,24,58.8,2,False,2,Medium Risk
C19982,Standard,Monthly,712.06,27,66.9,2,False,2,Medium Risk
C19984,Basic,Monthly,487.97,26,49.5,2,False,2,Medium Risk
C19985,Standard,Annual,845.84,22,34.7,3,False,2,Medium Risk
C19988,Basic,Monthly,321.28,10,26.3,4,True,3,High Risk
C19990,Standard,Monthly,677.89,17,28.1,5,False,3,High Risk
C19992,Basic,Monthly,314.64,16,23.3,3,False,3,High Risk
C19993,Basic,Monthly,420.53,22,31.4,4,True,2,Medium Risk
C19995,Standard,Monthly,708.91,22,56.5,2,False,2,Medium Risk
C20000,Premium,Monthly,1255.69,21,48.7,2,False,2,Medium Risk
C20002,Standard,Annual,772.57,13,59.9,3,True,1,Medium Risk
C20004,Standard,Monthly,794.53,22,35.8,3,False,3,High Risk
C20006,Premium,Monthly,1117.0,23,38.6,3,False,3,High Risk
C20007,Standard,Annual,865.28,25,38.5,2,True,0,Low Risk
C20008,Basic,Monthly,309.68,1,23.0,4,True,3,High Risk
C20010,Basic,Annual,302.02,19,12.7,4,True,2,Medium Risk
C20011,Standard,Monthly,846.17,31,65.7,1,True,1,Medium Risk
C20012,Standard,Monthly,894.26,24,45.1,4,True,2,Medium Risk
C20013,Premium,Monthly,1168.75,26,47.1,2,True,1,Medium Risk
C20014,Standard,Annual,650.31,30,48.7,2,True,0,Low Risk
C20016,Basic,Monthly,409.4,14,45.6,2,False,2,Medium Risk
C20017,Basic,Annual,468.77,18,21.7,3,True,1,Medium Risk
C20018,Basic,Annual,345.82,15,17.1,4,True,2,Medium Risk
C20019,Basic,Monthly,456.94,22,29.9,3,True,2,Medium Risk
C20020,Basic,Monthly,486.77,9,32.4,4,False,4,High Risk
C20021,Basic,Annual,407.51,35,54.6,2,True,0,Low Risk
C20025,Premium,Monthly,1179.44,19,47.6,2,False,2,Medium Risk
C20027,Basic,Annual,399.1,26,56.2,2,True,0,Low Risk
C20029,Standard,Monthly,771.83,17,29.3,4,False,3,High Risk
C20030,Standard,Monthly,606.84,10,28.4,3,True,3,High Risk
C20033,Basic,Monthly,371.49,3,82.7,0,False,3,High Risk
C20034,Standard,Monthly,783.63,13,49.8,3,True,2,Medium Risk
C20037,Premium,Monthly,1403.6,25,8.3,7,True,3,High Risk
C20038,Premium,Monthly,1334.92,28,32.8,5,False,3,High Risk
C20039,Standard,Annual,751.05,31,28.4,4,True,1,Medium Risk
C20041,Premium,Monthly,1467.15,7,50.3,3,True,3,High Risk
C20042,Standard,Monthly,693.36,10,38.0,3,False,4,High Risk
C20043,Premium,Annual,1049.36,19,63.3,3,False,2,Medium Risk
C20045,Standard,Monthly,622.85,22,63.3,2,False,2,Medium Risk
C20046,Standard,Annual,890.85,24,78.5,1,True,0,Low Risk
C20047,Standard,Monthly,887.36,16,63.6,2,False,2,Medium Risk
C20048,Basic,Monthly,379.59,17,20.2,4,True,2,Medium Risk
C20049,Basic,Monthly,418.96,32,47.7,2,True,1,Medium Risk
C20050,Basic,Monthly,349.05,35,26.3,3,True,2,Medium Risk
C20051,Basic,Monthly,337.68,0,35.4,3,False,4,High Risk
C20052,Standard,Monthly,879.48,11,15.8,4,False,5,High Risk
C20053,Basic,Annual,365.17,27,46.8,2,True,0,Low Risk
C20054,Basic,Monthly,389.87,25,40.5,3,True,2,Medium Risk
C20055,Standard,Annual,823.38,35,51.8,2,False,1,Medium Risk
C20057,Basic,Annual,309.7,31,41.3,2,True,0,Low Risk
C20058,Basic,Annual,373.47,25,54.3,4,True,1,Medium Risk
C20059,Basic,Monthly,328.18,32,22.1,6,True,2,Medium Risk
C20061,Standard,Annual,690.07,31,14.1,5,False,3,High Risk
C20062,Basic,Monthly,484.15,9,56.1,2,True,2,Medium Risk
C20063,Basic,Annual,306.51,31,27.7,3,True,1,Medium Risk
C20064,Premium,Monthly,1077.19,16,10.6,7,False,4,High Risk
C20065,Standard,Monthly,677.92,3,15.2,5,True,4,High Risk
C20066,Standard,Monthly,891.73,16,71.8,1,False,2,Medium Risk
C20069,Basic,Monthly,440.08,33,59.0,2,True,1,Medium Risk
C20070,Basic,Annual,378.78,31,24.6,3,False,2,Medium Risk
C20071,Standard,Monthly,801.19,3,62.3,2,False,3,High Risk
C20073,Standard,Monthly,743.93,10,43.5,2,False,3,High Risk
C20074,Standard,Monthly,612.28,10,40.4,2,True,2,Medium Risk
C20075,Basic,Annual,366.21,31,73.8,2,False,1,Medium Risk
C20076,Premium,Monthly,1343.07,5,41.3,3,True,3,High Risk
C20077,Premium,Monthly,1079.19,8,54.7,2,True,2,Medium Risk
C20078,Standard,Annual,885.26,34,23.1,4,True,1,Medium Risk
C20079,Premium,Annual,1076.21,24,46.5,2,False,1,Medium Risk
C20080,Basic,Monthly,457.33,21,29.2,5,True,2,Medium Risk
C20081,Basic,Annual,316.8,13,19.0,4,True,2,Medium Risk
C20083,Basic,Monthly,458.47,17,66.4,1,True,1,Medium Risk
C20084,Basic,Annual,416.86,12,6.0,6,True,2,Medium Risk
C20086,Standard,Monthly,748.13,21,35.9,3,False,3,High Risk
C20087,Basic,Annual,450.83,9,51.6,2,True,1,Medium Risk
C20088,Premium,Annual,1130.65,1,20.7,4,False,3,High Risk
C20089,Standard,Annual,820.45,30,48.2,3,True,1,Medium Risk
C20090,Basic,Annual,327.52,22,29.3,3,False,2,Medium Risk
C20091,Basic,Annual,431.77,25,81.8,0,True,0,Low Risk
C20093,Standard,Monthly,668.3,15,22.9,4,False,3,High Risk
C20095,Basic,Annual,388.73,16,42.8,3,False,2,Medium Risk
C20096,Standard,Monthly,860.79,17,14.7,4,False,4,High Risk
C20097,Basic,Monthly,421.2,22,26.9,3,True,2,Medium Risk
C20099,Basic,Monthly,445.73,7,27.7,4,False,4,High Risk
C20100,Basic,Monthly,308.6,13,60.5,2,False,2,Medium Risk
C20101,Basic,Monthly,328.72,26,68.6,1,False,2,Medium Risk
C20102,Basic,Annual,384.18,21,23.1,4,True,1,Medium Risk
C20103,Basic,Monthly,391.06,4,49.6,3,False,4,High Risk
C20104,Basic,Annual,318.37,27,68.6,1,False,1,Medium Risk
C20105,Standard,Monthly,862.78,7,36.1,3,False,4,High Risk
C20106,Standard,Monthly,791.14,9,37.8,3,False,4,High Risk
C20108,Basic,Annual,371.34,27,41.8,4,False,2,Medium Risk
C20110,Basic,Monthly,314.39,25,31.8,4,True,2,Medium Risk
C20113,Standard,Monthly,741.75,14,24.1,3,False,3,High Risk
C20114,Premium,Annual,1091.06,20,54.5,1,False,1,Medium Risk
C20115,Premium,Annual,1263.2,33,65.6,1,True,0,Low Risk
C20116,Premium,Monthly,1412.48,24,44.6,3,False,3,High Risk
C20117,Standard,Monthly,784.07,6,41.2,4,False,4,High Risk
C20118,Basic,Monthly,326.6,31,27.8,4,True,2,Medium Risk
C20119,Basic,Monthly,398.28,11,41.8,2,False,3,High Risk
C20121,Basic,Annual,482.55,12,19.0,5,False,3,High Risk
C20122,Standard,Annual,805.34,32,46.4,2,False,1,Medium Risk
C20123,Standard,Annual,866.15,11,23.9,3,True,2,Medium Risk
C20124,Basic,Monthly,355.89,5,35.9,4,True,3,High Risk
C20125,Basic,Monthly,408.65,20,41.9,2,False,2,Medium Risk
C20126,Standard,Monthly,744.55,17,27.5,4,True,2,Medium Risk
C20127,Standard,Monthly,656.02,14,66.0,2,True,1,Medium Risk
C20128,Basic,Monthly,385.77,5,66.0,2,False,3,High Risk
C20130,Standard,Monthly,865.02,8,51.5,2,True,2,Medium Risk
C20133,Basic,Annual,372.73,17,49.5,2,True,0,Low Risk
C20134,Basic,Monthly,436.14,19,53.8,3,False,3,High Risk
C20138,Standard,Annual,718.05,22,49.3,2,True,0,Low Risk
C20139,Basic,Monthly,401.95,16,48.7,3,True,2,Medium Risk
C20142,Standard,Monthly,870.84,18,5.1,4,True,3,High Risk
C20143,Premium,Monthly,1451.84,16,21.6,3,False,3,High Risk
C20144,Standard,Annual,739.37,33,51.6,4,True,1,Medium Risk
C20145,Standard,Annual,780.21,25,45.4,3,True,1,Medium Risk
C20146,Basic,Annual,498.89,23,48.3,2,False,1,Medium Risk
C20147,Standard,Annual,793.72,30,57.6,3,False,2,Medium Risk
C20148,Basic,Annual,319.82,15,55.4,2,True,0,Low Risk
C20150,Standard,Monthly,604.86,18,15.5,6,False,4,High Risk
C20151,Standard,Monthly,860.2,8,21.6,3,True,3,High Risk
C20153,Basic,Monthly,413.71,2,75.5,0,False,3,High Risk
C20155,Basic,Annual,442.45,31,32.9,4,False,2,Medium Risk
C20157,Standard,Annual,866.02,33,47.1,6,True,1,Medium Risk
C20158,Premium,Monthly,1161.93,1,45.1,3,True,3,High Risk
C20159,Basic,Monthly,367.24,9,45.8,2,True,2,Medium Risk
C20160,Basic,Monthly,418.49,8,2.6,5,False,5,High Risk
C20161,Premium,Annual,1045.76,27,40.8,5,False,2,Medium Risk
C20163,Standard,Monthly,606.73,14,37.9,3,False,3,High Risk
C20164,Standard,Monthly,686.54,32,55.1,2,False,2,Medium Risk
C20165,Standard,Annual,861.48,28,30.0,3,False,2,Medium Risk
C20166,Standard,Annual,643.41,34,33.3,3,False,2,Medium Risk
C20167,Basic,Monthly,458.38,12,4.3,5,False,4,High Risk
C20169,Premium,Monthly,1413.57,31,68.6,1,False,2,Medium Risk
C20170,Premium,Monthly,1397.55,14,17.7,4,False,4,High Risk
C20172,Standard,Monthly,786.1,30,40.6,3,True,2,Medium Risk
C20174,Standard,Monthly,756.26,32,32.2,5,True,2,Medium Risk
C20175,Basic,Annual,345.81,1,71.9,1,True,1,Medium Risk
C20176,Basic,Monthly,418.57,20,50.8,1,False,2,Medium Risk
C20178,Basic,Monthly,421.99,9,61.3,2,True,2,Medium Risk
C20179,Premium,Annual,1261.64,33,13.7,4,True,2,Medium Risk
C20180,Premium,Annual,1391.05,30,61.8,2,True,0,Low Risk
C20181,Basic,Monthly,366.4,25,64.6,2,True,1,Medium Risk
C20183,Basic,Annual,335.13,28,18.6,4,True,2,Medium Risk
C20184,Standard,Monthly,616.53,20,39.7,2,False,2,Medium Risk
C20185,Basic,Monthly,374.93,19,8.8,4,False,4,High Risk
C20186,Basic,Annual,341.69,21,13.4,5,True,2,Medium Risk
C20187,Basic,Monthly,330.47,13,64.2,2,False,2,Medium Risk
C20189,Premium,Monthly,1361.18,21,40.4,3,True,2,Medium Risk
C20190,Standard,Monthly,648.11,15,12.6,6,True,3,High Risk
C20191,Standard,Monthly,638.7,3,45.6,2,True,2,Medium Risk
C20193,Premium,Monthly,1443.31,3,49.3,3,True,3,High Risk
C20194,Basic,Monthly,360.16,21,42.6,3,True,2,Medium Risk
C20196,Standard,Monthly,816.61,35,56.8,1,False,2,Medium Risk
C20198,Premium,Monthly,1022.64,5,25.2,4,True,3,High Risk
C20199,Basic,Monthly,494.28,21,53.4,2,False,2,Medium Risk
C20200,Standard,Annual,635.91,13,27.9,3,True,1,Medium Risk
C20201,Premium,Annual,1346.22,27,39.5,4,True,1,Medium Risk
C20202,Standard,Annual,887.88,29,14.9,4,True,2,Medium Risk
C20203,Standard,Annual,614.9,28,2.1,5,True,2,Medium Risk
C20204,Standard,Annual,747.0,31,58.1,1,False,1,Medium Risk
C20205,Standard,Monthly,790.55,22,42.7,3,False,3,High Risk
C20206,Basic,Annual,320.37,19,52.3,3,True,1,Medium Risk
C20207,Basic,Monthly,447.03,17,51.0,2,True,1,Medium Risk
C20209,Basic,Monthly,479.02,16,51.6,2,False,2,Medium Risk
C20211,Standard,Monthly,788.23,19,21.1,4,False,3,High Risk
C20212,Standard,Monthly,601.41,15,36.1,2,False,2,Medium Risk
C20213,Standard,Monthly,725.84,12,63.1,2,False,2,Medium Risk
C20215,Standard,Monthly,894.59,17,57.3,1,False,2,Medium Risk
C20217,Premium,Annual,1455.39,12,21.7,4,True,1,Medium Risk
C20218,Basic,Monthly,494.57,5,56.1,4,False,4,High Risk
C20219,Standard,Monthly,741.67,3,61.2,1,False,3,High Risk
C20220,Standard,Monthly,605.77,29,41.3,3,False,3,High Risk
C20222,Basic,Annual,469.23,26,72.9,2,True,0,Low Risk
C20223,Basic,Annual,364.18,6,46.1,4,True,2,Medium Risk
C20224,Basic,Annual,300.26,0,22.8,6,True,2,Medium Risk
C20226,Basic,Annual,435.66,3,33.4,3,False,3,High Risk
C20227,Basic,Annual,409.29,33,15.9,5,True,2,Medium Risk
C20229,Basic,Monthly,473.32,31,41.2,2,True,1,Medium Risk
C20230,Basic,Annual,330.37,11,26.2,3,False,3,High Risk
C20232,Basic,Annual,310.83,36,35.5,5,True,1,Medium Risk
C20233,Standard,Monthly,818.09,14,73.1,0,False,2,Medium Risk
C20235,Standard,Annual,886.88,8,27.9,4,True,2,Medium Risk
C20236,Basic,Monthly,408.77,10,18.3,6,False,5,High Risk
C20237,Premium,Monthly,1194.0,4,23.6,4,False,4,High Risk
C20240,Basic,Annual,321.37,21,14.3,4,True,2,Medium Risk
C20243,Basic,Monthly,496.74,1,58.5,1,True,2,Medium Risk
C20244,Premium,Annual,1057.7,33,26.2,4,True,1,Medium Risk
C20245,Basic,Annual,385.15,24,40.6,3,True,1,Medium Risk
C20246,Premium,Monthly,1494.68,28,38.9,3,True,2,Medium Risk
C20247,Basic,Monthly,383.85,3,24.5,4,False,4,High Risk
C20248,Standard,Annual,745.81,25,80.9,0,False,1,Medium Risk
C20249,Standard,Annual,601.8,13,47.5,3,False,2,Medium Risk
C20251,Standard,Annual,884.81,2,23.8,3,False,3,High Risk
C20252,Premium,Monthly,1047.15,22,0.0,5,False,4,High Risk
C20253,Basic,Monthly,334.0,34,47.2,5,True,2,Medium Risk
C20255,Basic,Monthly,335.11,17,40.9,4,True,2,Medium Risk
C20258,Premium,Annual,1289.85,29,58.3,2,False,1,Medium Risk
C20259,Basic,Annual,406.66,28,29.8,3,True,1,Medium Risk
C20261,Premium,Monthly,1091.11,16,44.6,3,True,2,Medium Risk
C20263,Premium,Monthly,1199.45,4,59.7,3,False,4,High Risk
C20264,Premium,Monthly,1186.24,19,37.6,3,False,3,High Risk
C20266,Standard,Annual,800.65,18,37.8,3,True,1,Medium Risk
C20267,Basic,Monthly,372.68,30,71.5,1,True,1,Medium Risk
C20268,Standard,Annual,752.14,36,14.4,5,True,2,Medium Risk
C20269,Standard,Monthly,837.2,23,23.3,4,True,2,Medium Risk
C20271,Standard,Monthly,794.76,15,23.9,4,False,3,High Risk
C20272,Premium,Annual,1380.96,24,52.6,2,True,0,Low Risk
C20273,Basic,Annual,493.32,13,59.7,2,True,0,Low Risk
C20274,Basic,Monthly,328.35,36,52.3,2,True,1,Medium Risk
C20275,Standard,Monthly,678.85,7,40.9,2,False,3,High Risk
C20277,Standard,Annual,843.11,5,27.6,3,True,2,Medium Risk
C20278,Standard,Monthly,640.86,14,58.0,2,False,2,Medium Risk
C20280,Premium,Monthly,1368.24,5,35.1,4,True,3,High Risk
C20281,Standard,Monthly,800.23,15,72.6,2,True,1,Medium Risk
C20282,Premium,Monthly,1330.66,34,57.3,2,False,2,Medium Risk
C20283,Standard,Monthly,735.93,0,45.0,3,False,4,High Risk
C20284,Basic,Monthly,335.32,9,24.0,3,False,4,High Risk
C20287,Basic,Monthly,431.67,14,49.2,2,True,1,Medium Risk
C20289,Standard,Monthly,853.54,4,62.3,1,False,3,High Risk
C20290,Basic,Annual,325.23,27,34.8,4,True,1,Medium Risk
C20291,Premium,Annual,1065.24,35,28.1,5,True,1,Medium Risk
C20292,Premium,Monthly,1388.07,3,54.0,4,False,4,High Risk
C20293,Premium,Annual,1374.23,7,37.3,4,True,2,Medium Risk
C20294,Standard,Annual,802.3,30,34.6,3,True,1,Medium Risk
C20296,Standard,Monthly,655.72,13,27.0,3,False,3,High Risk
C20297,Standard,Monthly,643.34,17,20.4,4,True,2,Medium Risk
C20299,Standard,Monthly,875.16,10,63.6,1,False,3,High Risk
C20303,Standard,Annual,648.39,23,30.8,4,True,1,Medium Risk
C20304,Basic,Monthly,365.25,9,28.8,4,True,3,High Risk
C20305,Basic,Monthly,317.64,3,57.5,3,True,3,High Risk
C20306,Standard,Annual,705.1,32,70.1,0,True,0,Low Risk
C20307,Basic,Monthly,479.94,11,23.7,3,False,4,High Risk
C20309,Standard,Monthly,719.75,30,53.1,1,False,2,Medium Risk
C20311,Premium,Annual,1131.83,34,21.8,4,True,1,Medium Risk
C20312,Standard,Annual,749.41,20,71.9,0,True,0,Low Risk
C20314,Basic,Annual,340.89,29,29.9,4,True,1,Medium Risk
C20316,Premium,Monthly,1322.72,0,10.2,5,True,4,High Risk
C20317,Basic,Monthly,457.69,7,11.1,6,True,4,High Risk
C20318,Standard,Monthly,625.09,1,41.2,3,True,3,High Risk
C20320,Basic,Annual,329.75,26,15.6,5,False,3,High Risk
C20321,Basic,Annual,362.98,31,61.7,1,True,0,Low Risk
C20323,Basic,Annual,492.12,35,34.4,3,True,1,Medium Risk
C20324,Standard,Annual,754.67,31,74.3,0,True,0,Low Risk
C20326,Basic,Annual,430.14,35,31.1,3,True,1,Medium Risk
C20328,Basic,Annual,416.07,29,41.9,2,True,0,Low Risk
C20329,Basic,Monthly,495.91,13,16.4,4,False,4,High Risk
C20332,Basic,Annual,497.05,11,40.1,3,True,2,Medium Risk
C20333,Standard,Monthly,744.44,24,3.0,5,False,4,High Risk
C20334,Basic,Annual,333.12,21,22.9,6,True,1,Medium Risk
C20335,Basic,Monthly,423.0,6,50.6,2,False,3,High Risk
C20336,Standard,Monthly,757.23,24,41.9,3,True,2,Medium Risk
C20337,Basic,Monthly,381.3,1,20.2,5,True,3,High Risk
C20338,Premium,Annual,1192.78,27,40.2,4,True,1,Medium Risk
C20340,Standard,Monthly,744.77,23,26.7,3,False,3,High Risk
C20341,Premium,Monthly,1143.98,11,53.5,1,True,2,Medium Risk
C20342,Premium,Monthly,1343.19,19,45.4,2,True,1,Medium Risk
C20343,Basic,Annual,451.58,20,22.0,3,True,1,Medium Risk
C20344,Basic,Monthly,398.9,22,34.1,3,False,3,High Risk
C20345,Basic,Annual,319.62,32,24.3,3,True,1,Medium Risk
C20347,Standard,Monthly,865.61,13,60.7,1,False,2,Medium Risk
C20348,Standard,Monthly,790.74,12,80.5,1,False,2,Medium Risk
C20349,Standard,Monthly,646.82,0,34.0,3,False,4,High Risk
C20350,Standard,Monthly,766.98,18,53.0,2,False,2,Medium Risk
C20351,Basic,Monthly,478.0,23,10.1,4,True,3,High Risk
C20355,Premium,Monthly,1174.07,16,46.6,2,True,1,Medium Risk
C20358,Basic,Monthly,488.33,21,28.6,5,False,3,High Risk
C20359,Standard,Annual,815.5,15,23.8,4,False,2,Medium Risk
C20362,Premium,Monthly,1042.38,4,47.8,3,False,4,High Risk
C20363,Basic,Monthly,342.94,2,55.7,3,False,4,High Risk
C20364,Standard,Monthly,705.22,23,9.6,5,False,4,High Risk
C20366,Standard,Annual,754.04,33,81.6,0,True,0,Low Risk
C20367,Basic,Monthly,313.11,23,11.1,6,False,4,High Risk
C20369,Basic,Monthly,459.02,11,22.8,4,True,3,High Risk
C20371,Basic,Monthly,461.61,14,24.4,4,True,2,Medium Risk
C20373,Standard,Annual,609.77,9,20.7,5,True,2,Medium Risk
C20374,Basic,Monthly,471.4,19,15.2,4,False,4,High Risk
C20377,Basic,Annual,350.26,15,0.0,5,True,2,Medium Risk
C20378,Premium,Monthly,1130.5,29,46.8,3,True,2,Medium Risk
C20379,Standard,Monthly,685.38,21,60.1,0,True,1,Medium Risk
C20383,Standard,Monthly,640.6,9,8.2,5,True,4,High Risk
C20384,Standard,Monthly,619.92,10,71.8,3,True,3,High Risk
C20386,Premium,Annual,1066.57,26,39.9,4,False,2,Medium Risk
C20387,Basic,Monthly,421.52,4,24.6,3,False,4,High Risk
C20388,Basic,Annual,401.02,25,36.0,3,True,1,Medium Risk
C20392,Premium,Annual,1470.71,26,41.4,3,False,2,Medium Risk
C20393,Standard,Annual,729.5,28,21.4,5,False,2,Medium Risk
C20394,Basic,Monthly,402.49,10,37.9,2,False,3,High Risk
C20395,Standard,Monthly,678.94,3,36.9,5,True,3,High Risk
C20396,Standard,Annual,634.1,13,65.1,1,True,0,Low Risk
C20397,Standard,Annual,882.19,10,42.3,2,True,1,Medium Risk
C20398,Premium,Monthly,1017.16,26,7.6,5,True,3,High Risk
C20399,Standard,Monthly,766.43,19,24.9,3,False,3,High Risk
C20400,Standard,Annual,623.03,6,17.9,5,True,3,High Risk
C20401,Basic,Annual,497.49,30,35.9,4,False,2,Medium Risk
C20402,Standard,Annual,618.0,31,31.8,4,True,1,Medium Risk
C20403,Standard,Monthly,740.57,25,55.9,2,True,1,Medium Risk
C20404,Basic,Annual,455.37,23,57.4,4,True,1,Medium Risk
C20405,Standard,Annual,739.76,30,36.3,4,True,1,Medium Risk
C20406,Premium,Monthly,1045.54,7,39.9,3,True,3,High Risk
C20407,Standard,Monthly,696.89,22,41.0,3,False,3,High Risk
C20408,Basic,Annual,390.64,26,68.1,4,True,1,Medium Risk
C20409,Standard,Annual,636.13,32,43.9,2,True,0,Low Risk
C20410,Premium,Annual,1359.22,21,58.5,2,False,1,Medium Risk
C20411,Premium,Monthly,1407.99,26,65.2,4,True,2,Medium Risk
C20414,Basic,Annual,417.34,33,45.9,2,False,1,Medium Risk
C20418,Standard,Monthly,896.1,21,39.5,3,True,2,Medium Risk
C20419,Basic,Monthly,425.65,21,29.4,4,False,3,High Risk
C20420,Standard,Monthly,731.41,20,21.3,4,False,3,High Risk
C20421,Standard,Annual,881.18,27,40.5,3,True,1,Medium Risk
C20423,Basic,Annual,422.34,17,28.0,7,True,1,Medium Risk
C20425,Standard,Monthly,618.26,17,30.2,3,False,3,High Risk
C20426,Basic,Annual,490.49,32,48.6,2,True,0,Low Risk
C20428,Basic,Monthly,329.73,6,52.6,1,False,3,High Risk
C20429,Basic,Annual,323.51,5,27.2,3,True,2,Medium Risk
C20430,Standard,Monthly,688.02,11,59.4,4,False,4,High Risk
C20431,Basic,Monthly,441.9,9,17.8,4,False,5,High Risk
C20433,Basic,Monthly,435.47,7,42.5,3,False,4,High Risk
C20434,Premium,Monthly,1386.21,35,74.8,1,True,1,Medium Risk
C20435,Basic,Monthly,342.46,0,9.3,5,True,4,High Risk
C20437,Basic,Monthly,348.25,4,60.6,1,False,3,High Risk
C20439,Standard,Annual,801.3,32,33.1,4,True,1,Medium Risk
C20440,Basic,Monthly,351.46,27,30.1,4,False,3,High Risk
C20441,Premium,Monthly,1049.68,0,9.7,4,False,5,High Risk
C20442,Basic,Annual,437.73,34,41.8,2,True,0,Low Risk
C20443,Basic,Annual,345.16,9,18.3,5,True,3,High Risk
C20444,Basic,Monthly,351.19,3,38.4,3,False,4,High Risk
C20445,Standard,Annual,602.1,31,9.1,4,True,2,Medium Risk
C20446,Basic,Annual,365.57,32,32.7,4,False,2,Medium Risk
C20447,Basic,Monthly,384.23,14,51.2,3,True,2,Medium Risk
C20448,Basic,Annual,365.79,24,46.4,3,False,2,Medium Risk
C20449,Basic,Annual,498.44,29,17.8,4,True,2,Medium Risk
C20450,Premium,Monthly,1443.18,16,45.9,3,False,3,High Risk
C20451,Standard,Monthly,689.77,35,68.7,1,True,1,Medium Risk
C20454,Premium,Monthly,1081.8,34,40.5,3,False,3,High Risk
C20455,Standard,Monthly,672.94,9,16.5,4,True,4,High Risk
C20456,Standard,Monthly,803.81,21,55.4,4,True,2,Medium Risk
C20458,Standard,Monthly,732.71,3,44.5,4,False,4,High Risk
C20460,Premium,Monthly,1326.82,10,15.1,3,False,5,High Risk
C20461,Premium,Monthly,1406.56,13,30.8,4,True,2,Medium Risk
C20462,Basic,Monthly,325.59,14,14.9,4,True,3,High Risk
C20463,Basic,Monthly,484.2,23,34.1,4,True,2,Medium Risk
C20465,Premium,Monthly,1311.33,10,39.5,3,False,4,High Risk
C20466,Basic,Annual,441.91,15,54.0,3,True,1,Medium Risk
C20467,Basic,Monthly,413.92,15,43.8,2,False,2,Medium Risk
C20468,Standard,Monthly,802.46,10,60.1,2,True,2,Medium Risk
C20469,Premium,Annual,1389.28,23,34.1,3,False,2,Medium Risk
C20470,Basic,Monthly,481.97,2,53.4,3,False,4,High Risk
C20471,Premium,Annual,1282.4,29,43.5,3,True,1,Medium Risk
C20472,Standard,Monthly,680.13,9,4.3,8,True,4,High Risk
C20474,Basic,Annual,330.99,11,22.3,5,False,3,High Risk
C20475,Standard,Monthly,755.97,21,37.9,4,False,3,High Risk
C20476,Premium,Monthly,1216.36,27,39.3,5,False,3,High Risk
C20477,Basic,Monthly,361.9,20,66.3,1,True,1,Medium Risk
C20479,Basic,Monthly,482.25,1,31.4,2,True,2,Medium Risk
C20481,Standard,Monthly,616.99,6,72.8,2,False,3,High Risk
C20482,Basic,Monthly,488.05,22,38.8,2,True,1,Medium Risk
C20483,Basic,Annual,362.19,11,12.0,4,True,3,High Risk
C20485,Standard,Monthly,715.04,3,28.0,4,True,3,High Risk
C20489,Basic,Monthly,435.79,5,57.9,2,False,3,High Risk
C20490,Basic,Monthly,384.36,31,34.2,3,False,3,High Risk
C20491,Basic,Annual,350.95,31,46.3,3,False,2,Medium Risk
C20492,Standard,Monthly,693.86,4,11.1,4,False,5,High Risk
C20494,Basic,Monthly,437.92,22,44.6,2,False,2,Medium Risk
C20496,Standard,Annual,692.81,34,41.3,3,True,1,Medium Risk
C20497,Premium,Annual,1387.81,26,59.0,3,True,1,Medium Risk
C20499,Standard,Monthly,758.99,18,51.9,2,False,2,Medium Risk
C20500,Standard,Monthly,628.44,6,22.1,6,True,3,High Risk
C20501,Standard,Monthly,612.27,8,50.7,3,False,4,High Risk
C20503,Basic,Monthly,413.55,26,39.5,4,False,3,High Risk
C20504,Basic,Annual,491.57,36,65.0,1,True,0,Low Risk
C20505,Standard,Monthly,686.14,19,3.3,6,True,3,High Risk
C20506,Standard,Monthly,850.51,7,55.3,3,False,4,High Risk
C20508,Premium,Monthly,1466.81,10,23.6,5,False,4,High Risk
C20509,Basic,Annual,319.15,34,45.6,2,False,1,Medium Risk
C20510,Standard,Annual,841.1,14,18.1,4,True,2,Medium Risk
C20512,Basic,Monthly,332.55,8,43.1,3,False,4,High Risk
C20514,Basic,Monthly,382.59,27,24.8,5,False,3,High Risk
C20515,Basic,Annual,454.8,29,67.9,3,True,1,Medium Risk
C20516,Standard,Annual,769.86,5,57.5,1,True,1,Medium Risk
C20517,Standard,Annual,670.12,16,63.9,1,True,0,Low Risk
C20518,Basic,Monthly,395.5,22,5.4,5,False,4,High Risk
C20519,Basic,Monthly,491.31,35,71.9,3,False,3,High Risk
C20520,Basic,Annual,316.09,26,31.8,2,True,0,Low Risk
C20521,Basic,Monthly,495.39,28,46.5,2,False,2,Medium Risk
C20522,Standard,Annual,849.92,28,69.1,1,False,1,Medium Risk
C20523,Premium,Monthly,1027.8,18,32.8,3,True,2,Medium Risk
C20524,Premium,Monthly,1377.84,31,63.1,1,False,2,Medium Risk
C20526,Basic,Monthly,387.49,12,5.2,6,True,3,High Risk
C20527,Standard,Monthly,691.87,6,49.6,3,False,4,High Risk
C20528,Basic,Monthly,344.14,34,20.1,4,True,2,Medium Risk
C20529,Premium,Annual,1121.85,22,70.5,2,True,0,Low Risk
C20533,Basic,Annual,441.7,28,60.5,1,True,0,Low Risk
C20534,Basic,Monthly,402.55,0,16.0,4,True,4,High Risk
C20535,Basic,Annual,392.71,30,56.5,3,False,2,Medium Risk
C20536,Premium,Monthly,1108.09,30,14.2,4,False,4,High Risk
C20539,Standard,Annual,637.75,11,51.0,3,True,2,Medium Risk
C20540,Basic,Monthly,469.43,7,23.7,4,True,3,High Risk
C20541,Basic,Annual,416.15,35,46.3,3,True,1,Medium Risk
C20542,Standard,Monthly,760.15,24,10.4,5,False,4,High Risk
C20544,Standard,Annual,844.03,32,20.8,4,True,1,Medium Risk
C20545,Basic,Monthly,446.59,11,38.7,4,False,4,High Risk
C20546,Basic,Monthly,390.34,13,32.9,3,False,3,High Risk
C20547,Basic,Monthly,485.31,3,57.2,1,False,3,High Risk
C20548,Standard,Monthly,677.53,33,56.9,2,True,1,Medium Risk
C20550,Basic,Annual,496.05,35,58.2,1,True,0,Low Risk
C20551,Standard,Monthly,619.79,4,59.6,2,False,3,High Risk
C20554,Premium,Monthly,1108.31,15,29.3,4,False,3,High Risk
C20556,Basic,Monthly,446.87,19,46.1,2,True,1,Medium Risk
C20557,Standard,Monthly,745.28,22,33.0,4,True,2,Medium Risk
C20558,Basic,Monthly,395.26,30,46.7,3,True,2,Medium Risk
C20559,Standard,Monthly,819.76,12,38.7,4,False,3,High Risk
C20562,Standard,Monthly,866.81,28,34.6,2,True,1,Medium Risk
C20563,Premium,Annual,1011.98,30,70.7,1,True,0,Low Risk
C20564,Standard,Monthly,756.89,28,78.4,0,True,1,Medium Risk
C20565,Premium,Monthly,1304.78,14,51.9,1,True,1,Medium Risk
C20567,Premium,Monthly,1289.64,24,44.4,4,False,3,High Risk
C20568,Basic,Annual,461.15,31,26.4,4,True,1,Medium Risk
C20569,Basic,Monthly,465.27,22,77.1,0,False,2,Medium Risk
C20570,Premium,Monthly,1265.62,27,17.1,5,False,4,High Risk
C20571,Basic,Monthly,477.62,16,45.3,2,True,1,Medium Risk
C20572,Standard,Annual,702.45,25,23.9,4,True,1,Medium Risk
C20573,Basic,Monthly,426.44,13,74.6,2,False,2,Medium Risk
C20574,Basic,Annual,484.18,17,50.3,3,True,1,Medium Risk
C20575,Premium,Monthly,1087.62,31,26.8,4,False,3,High Risk
C20576,Premium,Annual,1274.42,35,60.7,1,False,1,Medium Risk
C20578,Premium,Monthly,1428.74,10,47.6,2,True,2,Medium Risk
C20579,Premium,Monthly,1043.67,11,59.9,1,True,2,Medium Risk
C20580,Standard,Annual,793.48,30,33.5,6,False,2,Medium Risk
C20581,Standard,Monthly,689.84,16,53.0,2,True,1,Medium Risk
C20583,Premium,Monthly,1254.36,13,50.3,4,True,2,Medium Risk
C20584,Premium,Annual,1004.16,13,37.7,3,True,1,Medium Risk
C20585,Standard,Monthly,666.04,1,37.8,3,False,4,High Risk
C20586,Standard,Annual,828.26,29,36.7,6,True,1,Medium Risk
C20587,Basic,Monthly,453.14,18,65.5,1,False,2,Medium Risk
C20588,Basic,Monthly,489.03,2,17.5,4,True,4,High Risk
C20589,Premium,Annual,1394.44,34,64.0,1,True,0,Low Risk
C20590,Basic,Monthly,483.18,8,43.5,3,False,4,High Risk
C20591,Standard,Monthly,862.97,8,37.8,2,False,3,High Risk
C20592,Premium,Monthly,1422.27,31,30.6,4,False,3,High Risk
C20593,Standard,Monthly,622.13,12,2.5,6,True,3,High Risk
C20594,Standard,Monthly,837.68,25,51.2,2,False,2,Medium Risk
C20596,Premium,Annual,1324.4,22,40.7,2,True,0,Low Risk
C20597,Basic,Monthly,325.38,25,67.1,1,True,1,Medium Risk
C20599,Standard,Annual,841.7,27,44.6,2,True,0,Low Risk
C20601,Standard,Monthly,662.52,14,35.2,4,True,2,Medium Risk
C20602,Standard,Monthly,686.77,3,14.3,4,False,5,High Risk
C20603,Basic,Monthly,412.3,20,20.7,4,False,3,High Risk
C20604,Basic,Annual,306.6,31,65.1,1,True,0,Low Risk
C20605,Basic,Monthly,358.65,15,72.0,2,False,2,Medium Risk
C20607,Standard,Monthly,741.74,7,35.8,5,False,4,High Risk
C20608,Standard,Monthly,845.3,22,41.4,3,False,3,High Risk
C20609,Basic,Monthly,357.18,4,29.2,4,True,3,High Risk
C20610,Standard,Monthly,618.92,6,43.2,2,True,2,Medium Risk
C20612,Basic,Monthly,317.05,5,60.3,2,True,2,Medium Risk
C20613,Premium,Monthly,1271.0,0,31.2,3,False,4,High Risk
C20615,Basic,Annual,495.3,34,24.2,3,False,2,Medium Risk
C20616,Premium,Annual,1493.88,16,24.9,3,True,1,Medium Risk
C20618,Basic,Monthly,375.05,6,55.7,2,True,2,Medium Risk
C20619,Standard,Monthly,759.91,15,37.2,3,True,2,Medium Risk
C20620,Standard,Monthly,880.44,35,29.3,4,False,3,High Risk
C20621,Basic,Annual,327.18,31,18.2,4,True,2,Medium Risk
C20622,Standard,Monthly,764.04,14,40.1,3,False,3,High Risk
C20623,Premium,Annual,1334.68,4,28.1,3,True,2,Medium Risk
C20625,Basic,Monthly,392.16,18,28.2,3,False,3,High Risk
C20626,Standard,Monthly,807.37,31,8.6,5,False,4,High Risk
C20627,Basic,Monthly,455.21,32,67.1,1,False,2,Medium Risk
C20628,Basic,Monthly,467.84,34,23.0,4,False,3,High Risk
C20629,Basic,Monthly,423.09,24,72.7,1,True,1,Medium Risk
C20630,Basic,Annual,418.9,15,42.1,4,False,2,Medium Risk
C20633,Basic,Annual,405.05,9,27.0,3,True,2,Medium Risk
C20634,Standard,Monthly,665.89,28,1.9,5,True,3,High Risk
C20635,Premium,Monthly,1239.56,3,55.5,1,True,2,Medium Risk
C20636,Premium,Annual,1449.63,16,47.5,4,True,1,Medium Risk
C20637,Basic,Monthly,408.66,8,49.9,2,False,3,High Risk
C20638,Standard,Monthly,782.79,29,58.1,2,False,2,Medium Risk
C20639,Basic,Monthly,350.54,0,53.3,2,False,3,High Risk
C20640,Standard,Annual,783.17,25,34.3,3,True,1,Medium Risk
C20641,Standard,Monthly,622.16,5,55.1,3,False,4,High Risk
C20642,Basic,Annual,349.34,18,11.2,5,False,3,High Risk
C20644,Premium,Monthly,1123.31,6,45.4,3,True,3,High Risk
C20646,Standard,Annual,812.16,23,54.9,1,True,0,Low Risk
C20648,Standard,Monthly,793.4,13,42.5,3,True,2,Medium Risk
C20649,Basic,Annual,338.98,28,36.1,4,True,1,Medium Risk
C20651,Premium,Annual,1211.36,10,9.8,4,True,3,High Risk
C20652,Standard,Monthly,840.79,8,77.6,0,False,3,High Risk
C20653,Premium,Monthly,1439.87,20,75.6,1,False,2,Medium Risk
C20654,Standard,Annual,685.49,14,42.0,2,False,1,Medium Risk
C20656,Standard,Annual,649.17,17,33.3,4,True,1,Medium Risk
C20657,Standard,Monthly,794.71,9,19.7,4,False,5,High Risk
C20658,Premium,Monthly,1053.43,2,18.6,5,True,4,High Risk
C20659,Standard,Monthly,895.68,21,40.5,3,False,3,High Risk
C20660,Basic,Monthly,497.27,16,10.9,4,False,4,High Risk
C20661,Standard,Monthly,749.12,33,62.9,1,True,1,Medium Risk
C20662,Basic,Monthly,365.94,2,38.7,3,False,4,High Risk
C20665,Standard,Monthly,892.95,25,52.1,1,True,1,Medium Risk
C20667,Standard,Monthly,665.59,9,38.8,2,False,3,High Risk
C20668,Standard,Annual,822.17,36,17.7,6,True,2,Medium Risk
C20669,Standard,Annual,767.7,5,42.8,2,True,1,Medium Risk
C20670,Basic,Monthly,311.24,10,57.0,1,True,2,Medium Risk
C20671,Basic,Monthly,332.34,1,23.0,6,False,4,High Risk
C20672,Standard,Annual,787.55,36,49.3,3,True,1,Medium Risk
C20673,Standard,Monthly,819.95,24,42.3,3,True,2,Medium Risk
C20674,Standard,Annual,824.69,33,46.1,2,False,1,Medium Risk
C20675,Premium,Monthly,1493.63,10,38.0,3,True,3,High Risk
C20676,Premium,Monthly,1472.37,4,65.1,2,False,3,High Risk
C20677,Premium,Monthly,1152.4,18,65.7,2,False,2,Medium Risk
C20678,Premium,Annual,1281.93,35,46.3,2,True,0,Low Risk
C20679,Basic,Monthly,316.13,4,69.5,1,True,2,Medium Risk
C20682,Standard,Monthly,786.91,12,56.2,2,True,1,Medium Risk
C20683,Standard,Annual,711.7,7,49.0,2,True,1,Medium Risk
C20686,Standard,Monthly,767.0,5,57.6,3,False,4,High Risk
C20689,Basic,Monthly,462.37,16,48.7,3,True,2,Medium Risk
C20690,Basic,Annual,467.19,28,40.5,4,True,1,Medium Risk
C20691,Basic,Monthly,404.75,33,71.4,1,False,2,Medium Risk
C20692,Basic,Monthly,447.78,20,55.1,1,True,1,Medium Risk
C20693,Premium,Annual,1015.42,13,50.8,3,True,1,Medium Risk
C20695,Basic,Monthly,299.72,9,64.8,2,False,3,High Risk
C20697,Standard,Monthly,878.44,12,45.5,3,True,2,Medium Risk
C20698,Standard,Monthly,773.75,23,53.8,3,False,3,High Risk
C20700,Premium,Monthly,1422.03,4,67.3,1,True,2,Medium Risk
C20701,Standard,Monthly,661.04,2,57.1,3,False,4,High Risk
C20702,Premium,Monthly,1188.21,26,40.4,4,False,3,High Risk
C20703,Basic,Monthly,496.46,20,68.1,1,True,1,Medium Risk
C20704,Standard,Annual,671.9,35,65.7,3,False,2,Medium Risk
C20706,Basic,Monthly,339.14,23,19.6,4,True,3,High Risk
C20707,Standard,Monthly,889.98,0,72.5,1,False,3,High Risk
C20709,Basic,Monthly,450.87,30,53.0,2,False,2,Medium Risk
C20710,Standard,Monthly,626.89,16,35.1,5,True,2,Medium Risk
C20711,Premium,Monthly,1030.92,14,88.5,0,False,2,Medium Risk
C20712,Basic,Monthly,471.36,33,53.3,2,True,1,Medium Risk
C20713,Premium,Monthly,1004.06,36,49.1,2,True,1,Medium Risk
C20714,Standard,Monthly,819.24,14,47.0,2,False,2,Medium Risk
C20715,Standard,Annual,648.05,34,29.3,3,False,2,Medium Risk
C20718,Standard,Monthly,703.99,8,31.5,3,True,3,High Risk
C20722,Premium,Annual,1276.69,35,39.3,3,True,1,Medium Risk
C20725,Basic,Monthly,330.74,0,45.4,2,False,3,High Risk
C20726,Basic,Monthly,494.7,32,37.2,4,False,3,High Risk
C20727,Basic,Monthly,489.93,26,64.9,2,True,1,Medium Risk
C20729,Standard,Monthly,886.85,3,55.0,2,True,2,Medium Risk
C20731,Basic,Annual,311.01,12,41.7,3,True,1,Medium Risk
C20734,Basic,Monthly,449.2,0,5.3,4,False,5,High Risk
C20736,Standard,Annual,619.69,20,31.8,4,True,1,Medium Risk
C20738,Basic,Monthly,426.54,25,61.7,1,False,2,Medium Risk
C20740,Standard,Monthly,820.14,10,43.9,3,True,3,High Risk
C20741,Premium,Monthly,1000.12,18,39.6,3,False,3,High Risk
C20742,Standard,Annual,751.92,34,39.2,3,False,2,Medium Risk
C20743,Premium,Annual,1347.15,35,41.7,2,True,0,Low Risk
C20744,Premium,Annual,1224.21,3,31.5,3,True,2,Medium Risk
C20745,Basic,Monthly,473.87,21,18.6,5,True,3,High Risk
C20746,Basic,Monthly,301.03,34,31.8,3,False,3,High Risk
C20747,Basic,Annual,354.1,36,59.4,2,True,0,Low Risk
C20750,Basic,Annual,331.16,33,56.7,1,False,1,Medium Risk
C20751,Standard,Monthly,679.61,1,52.1,3,False,4,High Risk
C20752,Basic,Monthly,305.35,2,7.7,5,False,5,High Risk
C20753,Standard,Monthly,724.85,36,28.4,3,False,3,High Risk
C20755,Standard,Monthly,687.3,35,29.0,3,True,2,Medium Risk
C20756,Basic,Monthly,333.49,35,19.6,4,True,3,High Risk
C20758,Basic,Annual,391.34,32,48.0,2,True,0,Low Risk
C20759,Premium,Monthly,1308.3,6,41.6,3,False,4,High Risk
C20760,Basic,Annual,319.06,8,41.1,3,True,2,Medium Risk
C20761,Premium,Annual,1338.41,22,30.4,3,False,2,Medium Risk
C20762,Standard,Annual,845.05,23,35.6,3,True,1,Medium Risk
C20764,Premium,Monthly,1161.07,2,59.0,2,True,2,Medium Risk
C20766,Standard,Monthly,660.3,10,53.0,3,True,3,High Risk
C20767,Premium,Annual,1047.72,4,30.3,3,True,2,Medium Risk
C20768,Basic,Monthly,360.64,2,27.9,4,False,4,High Risk
C20769,Basic,Monthly,376.25,5,57.9,1,False,3,High Risk
C20771,Basic,Annual,423.45,19,34.0,3,True,1,Medium Risk
C20772,Basic,Monthly,393.7,4,30.6,3,False,4,High Risk
C20773,Standard,Monthly,859.25,5,23.5,4,False,4,High Risk
C20774,Standard,Annual,825.49,31,23.5,5,True,1,Medium Risk
C20775,Standard,Annual,680.09,19,61.2,3,True,1,Medium Risk
C20776,Basic,Monthly,351.17,5,41.5,3,True,3,High Risk
C20778,Basic,Annual,419.37,32,37.6,3,True,1,Medium Risk
C20780,Standard,Monthly,722.08,27,25.8,5,False,3,High Risk
C20782,Standard,Annual,619.9,35,57.1,3,True,1,Medium Risk
C20783,Basic,Monthly,423.52,24,60.0,1,False,2,Medium Risk
C20784,Premium,Monthly,1256.42,11,79.1,1,True,2,Medium Risk
C20785,Standard,Annual,864.07,30,15.7,4,True,2,Medium Risk
C20786,Standard,Monthly,724.56,24,27.9,4,True,2,Medium Risk
C20788,Standard,Annual,733.04,29,27.4,3,True,1,Medium Risk
C20789,Standard,Annual,687.5,13,55.3,2,True,0,Low Risk
C20790,Standard,Monthly,636.28,16,21.8,4,True,2,Medium Risk
C20792,Premium,Monthly,1038.94,4,62.8,1,True,2,Medium Risk
C20793,Basic,Monthly,419.84,29,25.6,3,False,3,High Risk
C20794,Basic,Annual,452.6,26,50.4,4,True,1,Medium Risk
C20797,Standard,Monthly,885.92,22,67.8,1,False,2,Medium Risk
C20798,Standard,Annual,842.67,25,50.9,1,True,0,Low Risk
C20799,Premium,Monthly,1157.38,25,41.5,4,True,2,Medium Risk
C20803,Premium,Monthly,1074.17,29,65.1,2,False,2,Medium Risk
C20804,Basic,Annual,468.51,30,41.9,2,False,1,Medium Risk
C20805,Standard,Monthly,662.97,29,42.1,3,True,2,Medium Risk
C20806,Basic,Monthly,386.17,2,56.3,1,False,3,High Risk
C20807,Basic,Monthly,486.59,6,59.2,4,False,4,High Risk
C20808,Standard,Monthly,835.41,3,23.4,5,True,3,High Risk
C20809,Basic,Annual,352.08,25,60.2,2,True,0,Low Risk
C20811,Standard,Monthly,709.94,8,45.0,2,True,2,Medium Risk
C20812,Standard,Monthly,859.07,14,41.1,5,False,3,High Risk
C20814,Basic,Monthly,435.57,25,47.5,2,False,2,Medium Risk
C20815,Standard,Monthly,677.99,6,34.1,4,True,3,High Risk
C20816,Basic,Monthly,343.48,18,14.7,4,True,3,High Risk
C20817,Standard,Monthly,657.91,11,11.7,4,False,5,High Risk
C20820,Standard,Monthly,599.58,20,25.2,3,False,3,High Risk
C20821,Basic,Monthly,343.18,10,72.9,1,True,2,Medium Risk
C20822,Basic,Annual,496.53,32,55.8,3,True,1,Medium Risk
C20823,Premium,Monthly,1012.13,7,17.5,5,False,5,High Risk
C20824,Premium,Monthly,1303.21,34,14.1,4,False,4,High Risk
C20825,Standard,Annual,753.06,25,28.4,3,True,1,Medium Risk
C20826,Premium,Monthly,1279.17,8,50.6,2,False,3,High Risk
C20827,Standard,Annual,812.23,35,29.4,4,False,2,Medium Risk
C20829,Standard,Monthly,810.51,8,46.0,3,True,3,High Risk
C20830,Premium,Monthly,1478.41,1,44.8,3,True,3,High Risk
C20831,Basic,Annual,314.35,12,14.5,5,True,2,Medium Risk
C20832,Premium,Monthly,1114.02,18,47.3,3,True,2,Medium Risk
C20833,Basic,Annual,367.71,34,56.8,2,True,0,Low Risk
C20835,Basic,Monthly,493.7,1,59.0,2,True,2,Medium Risk
C20836,Basic,Monthly,435.56,17,48.0,2,False,2,Medium Risk
C20839,Basic,Monthly,448.52,26,54.8,1,True,1,Medium Risk
C20840,Premium,Monthly,1208.45,7,50.1,2,True,2,Medium Risk
C20843,Basic,Annual,486.42,31,32.1,4,False,2,Medium Risk
C20844,Basic,Monthly,323.16,23,61.5,3,True,2,Medium Risk
C20845,Basic,Monthly,397.36,5,58.4,2,False,3,High Risk
C20846,Standard,Monthly,620.63,20,15.6,4,False,4,High Risk
C20847,Basic,Monthly,376.06,28,42.8,2,False,2,Medium Risk
C20849,Basic,Annual,478.19,30,61.5,3,True,1,Medium Risk
C20850,Standard,Monthly,734.5,1,48.0,4,True,3,High Risk
C20851,Basic,Monthly,351.13,11,26.0,5,True,3,High Risk
C20853,Basic,Monthly,484.95,22,40.2,5,True,2,Medium Risk
C20854,Standard,Annual,806.78,24,10.4,6,True,2,Medium Risk
C20855,Basic,Monthly,460.8,12,41.7,3,True,2,Medium Risk
C20856,Basic,Monthly,392.98,18,59.5,2,False,2,Medium Risk
C20857,Basic,Monthly,356.4,8,37.0,4,False,4,High Risk
C20858,Standard,Annual,691.54,31,20.8,3,True,1,Medium Risk
C20859,Basic,Monthly,318.96,7,28.4,5,True,3,High Risk
C20860,Basic,Monthly,313.19,34,27.8,4,True,2,Medium Risk
C20861,Premium,Monthly,1035.8,25,47.8,2,True,1,Medium Risk
C20863,Basic,Monthly,351.69,19,65.9,0,False,2,Medium Risk
C20864,Premium,Annual,1484.3,23,57.8,1,True,0,Low Risk
C20865,Basic,Annual,365.05,29,9.1,6,True,2,Medium Risk
C20866,Basic,Monthly,433.16,5,32.2,4,False,4,High Risk
C20867,Basic,Monthly,330.58,27,52.3,2,False,2,Medium Risk
C20868,Standard,Monthly,652.93,28,65.2,1,False,2,Medium Risk
C20869,Premium,Annual,1316.09,28,44.9,2,True,0,Low Risk
C20871,Basic,Monthly,474.73,18,70.7,3,False,3,High Risk
C20873,Premium,Monthly,1402.67,8,45.1,4,False,4,High Risk
C20874,Basic,Annual,436.06,21,15.9,5,False,3,High Risk
C20876,Basic,Annual,490.4,25,17.9,5,False,3,High Risk
C20877,Standard,Monthly,690.54,30,57.1,1,False,2,Medium Risk
C20878,Basic,Monthly,399.36,26,43.9,2,False,2,Medium Risk
C20879,Basic,Monthly,304.21,31,37.1,4,True,2,Medium Risk
C20880,Standard,Monthly,870.54,17,30.6,3,True,2,Medium Risk
C20881,Standard,Annual,816.15,11,18.6,3,False,4,High Risk
C20884,Basic,Annual,469.72,15,64.4,1,True,0,Low Risk
C20885,Basic,Monthly,322.28,19,47.0,2,False,2,Medium Risk
C20886,Standard,Monthly,865.21,14,50.3,2,False,2,Medium Risk
C20888,Basic,Monthly,301.18,9,37.5,3,False,4,High Risk
C20889,Basic,Annual,481.24,23,60.1,2,False,1,Medium Risk
C20890,Basic,Monthly,366.15,25,57.9,3,True,2,Medium Risk
C20892,Basic,Monthly,375.41,15,38.3,3,True,2,Medium Risk
C20896,Standard,Annual,759.26,18,59.4,1,True,0,Low Risk
C20899,Basic,Annual,385.43,8,24.3,3,False,3,High Risk
C20900,Premium,Monthly,1418.4,33,69.2,1,False,2,Medium Risk
C20901,Standard,Monthly,615.25,22,35.1,4,False,3,High Risk
C20902,Basic,Monthly,364.88,16,18.6,5,False,4,High Risk
C20903,Standard,Monthly,673.54,19,8.5,6,False,4,High Risk
C20904,Standard,Annual,744.42,16,47.4,2,True,0,Low Risk
C20905,Standard,Monthly,703.42,32,31.1,3,True,2,Medium Risk
C20906,Standard,Monthly,716.88,3,49.8,2,False,3,High Risk
C20907,Standard,Annual,604.98,32,70.1,1,True,0,Low Risk
C20908,Basic,Monthly,484.26,27,67.3,1,True,1,Medium Risk
C20909,Basic,Monthly,454.81,5,8.1,5,False,5,High Risk
C20910,Basic,Monthly,370.4,12,68.4,1,False,2,Medium Risk
C20912,Basic,Annual,493.61,33,51.0,3,True,1,Medium Risk
C20914,Basic,Monthly,394.23,6,56.4,1,True,2,Medium Risk
C20915,Premium,Annual,1360.96,36,21.6,3,True,1,Medium Risk
C20916,Basic,Monthly,408.59,23,68.7,3,True,2,Medium Risk
C20917,Basic,Monthly,462.92,17,50.2,3,False,3,High Risk
C20918,Premium,Monthly,1328.14,29,8.9,4,True,3,High Risk
C20919,Basic,Annual,461.41,24,34.9,3,True,1,Medium Risk
C20921,Standard,Monthly,611.84,10,39.7,3,True,3,High Risk
C20922,Basic,Monthly,480.36,4,23.1,5,False,4,High Risk
C20923,Basic,Monthly,367.89,23,53.8,3,True,2,Medium Risk
C20924,Basic,Monthly,483.35,18,58.1,2,False,2,Medium Risk
C20925,Standard,Annual,771.17,10,56.1,1,False,2,Medium Risk
C20926,Basic,Monthly,299.57,3,55.6,2,True,2,Medium Risk
C20927,Standard,Monthly,851.85,29,55.6,2,True,1,Medium Risk
C20929,Premium,Monthly,1366.8,7,27.1,3,True,3,High Risk
C20930,Basic,Monthly,496.83,10,22.8,4,True,3,High Risk
C20931,Standard,Monthly,773.57,3,45.7,1,True,2,Medium Risk
C20933,Standard,Annual,729.8,19,39.9,3,True,1,Medium Risk
C20935,Standard,Monthly,799.48,22,64.3,1,False,2,Medium Risk
C20937,Premium,Monthly,1103.13,3,27.9,3,False,4,High Risk
C20938,Basic,Annual,363.95,16,24.6,3,False,2,Medium Risk
C20939,Basic,Monthly,377.15,27,66.2,1,True,1,Medium Risk
C20940,Standard,Monthly,678.18,5,41.7,3,False,4,High Risk
C20941,Basic,Monthly,310.73,1,58.2,1,False,3,High Risk
C20942,Standard,Monthly,703.87,0,33.2,4,True,3,High Risk
C20943,Standard,Monthly,869.61,28,13.0,4,True,3,High Risk
C20944,Basic,Monthly,408.34,0,37.1,3,False,4,High Risk
C20946,Standard,Annual,855.05,34,15.7,5,True,2,Medium Risk
C20950,Standard,Monthly,849.6,13,43.7,3,True,2,Medium Risk
C20952,Basic,Monthly,432.26,0,75.9,1,True,2,Medium Risk
C20955,Standard,Annual,885.73,31,67.7,1,True,0,Low Risk
C20956,Standard,Monthly,714.38,4,10.7,5,True,4,High Risk
C20957,Premium,Monthly,1250.83,6,56.2,3,False,4,High Risk
C20960,Basic,Monthly,374.1,26,42.8,3,False,3,High Risk
C20961,Basic,Monthly,476.14,25,11.0,5,True,3,High Risk
C20962,Premium,Monthly,1498.49,27,67.0,2,True,1,Medium Risk
C20963,Standard,Monthly,706.85,28,58.7,1,False,2,Medium Risk
C20964,Standard,Annual,644.99,24,51.3,2,True,0,Low Risk
C20966,Standard,Annual,842.72,6,40.4,4,True,2,Medium Risk
C20967,Standard,Monthly,672.84,10,21.3,4,False,4,High Risk
C20969,Basic,Annual,338.84,16,27.6,3,True,1,Medium Risk
C20970,Standard,Monthly,627.76,19,30.8,3,False,3,High Risk
C20971,Standard,Annual,777.47,25,51.8,4,True,1,Medium Risk
C20972,Basic,Monthly,447.15,26,40.1,4,False,3,High Risk
C20973,Premium,Annual,1338.22,2,1.4,5,True,3,High Risk
C20974,Basic,Monthly,357.41,30,40.6,2,False,2,Medium Risk
C20977,Standard,Annual,719.29,30,41.6,3,True,1,Medium Risk
C20978,Basic,Annual,462.18,16,58.6,1,True,0,Low Risk
C20979,Standard,Monthly,752.05,34,30.9,5,False,3,High Risk
C20980,Standard,Monthly,689.44,2,36.4,3,False,4,High Risk
C20981,Standard,Monthly,650.79,5,48.5,2,True,2,Medium Risk
C20982,Premium,Annual,1243.7,26,20.0,4,True,1,Medium Risk
C20983,Premium,Annual,1047.79,20,56.6,3,False,2,Medium Risk
C20984,Standard,Monthly,745.72,32,18.6,5,True,3,High Risk
C20985,Standard,Annual,795.9,21,3.5,5,False,3,High Risk
C20986,Basic,Annual,313.06,33,31.5,3,True,1,Medium Risk
C20987,Premium,Monthly,1427.24,2,16.1,5,True,4,High Risk
C20989,Premium,Monthly,1433.4,14,35.4,4,True,2,Medium Risk
C20990,Basic,Monthly,490.84,29,42.2,4,False,3,High Risk
C20991,Standard,Monthly,641.59,3,23.6,3,False,4,High Risk
C20992,Premium,Annual,1484.97,25,34.8,3,True,1,Medium Risk
C20993,Basic,Monthly,469.89,5,0.0,4,False,5,High Risk
C20994,Basic,Monthly,442.17,12,72.9,0,False,2,Medium Risk
C20995,Premium,Annual,1070.25,35,27.7,3,True,1,Medium Risk
C20996,Standard,Annual,669.6,18,43.3,4,True,1,Medium Risk
C20997,Standard,Annual,763.41,33,70.3,1,True,0,Low Risk
C20998,Basic,Monthly,446.6,4,68.1,1,False,3,High Risk
C20999,Premium,Monthly,1441.69,4,54.0,2,True,2,Medium Risk
C21001,Basic,Annual,454.58,26,17.2,4,True,2,Medium Risk
C21002,Premium,Monthly,1258.0,33,20.0,4,True,2,Medium Risk
C21003,Basic,Monthly,339.99,0,70.7,2,True,2,Medium Risk
C21004,Premium,Monthly,1357.27,17,19.6,3,False,4,High Risk
C21005,Premium,Annual,1203.16,30,33.7,3,True,1,Medium Risk
C21007,Basic,Monthly,496.76,18,14.1,3,False,4,High Risk
C21008,Basic,Monthly,489.17,18,48.4,3,False,3,High Risk
C21010,Standard,Annual,872.82,22,52.8,3,False,2,Medium Risk
C21011,Basic,Monthly,371.75,7,39.6,3,False,4,High Risk
C21012,Basic,Monthly,397.56,21,55.1,2,False,2,Medium Risk
C21013,Basic,Monthly,437.84,6,31.0,4,False,4,High Risk
C21014,Premium,Monthly,1334.12,5,46.5,3,False,4,High Risk
C21015,Basic,Monthly,394.8,18,28.8,3,False,3,High Risk
C21016,Basic,Monthly,365.13,3,17.5,4,True,4,High Risk
C21017,Basic,Monthly,361.71,33,75.4,0,False,2,Medium Risk
C21018,Standard,Monthly,853.99,14,8.3,5,True,3,High Risk
C21019,Standard,Monthly,886.92,23,42.1,4,True,2,Medium Risk
C21020,Standard,Annual,722.43,23,69.2,1,True,0,Low Risk
C21022,Basic,Annual,325.75,31,26.5,4,True,1,Medium Risk
C21023,Premium,Monthly,1465.26,10,20.6,4,True,3,High Risk
C21025,Basic,Monthly,400.32,3,34.4,4,True,3,High Risk
C21026,Standard,Monthly,881.15,19,21.8,4,True,2,Medium Risk
C21029,Basic,Monthly,344.72,33,58.0,2,False,2,Medium Risk
C21032,Standard,Monthly,618.33,24,58.8,1,False,2,Medium Risk
C21035,Basic,Monthly,333.64,19,54.7,2,True,1,Medium Risk
C21036,Standard,Monthly,826.22,14,32.5,4,False,3,High Risk
C21037,Basic,Monthly,410.19,5,20.4,5,True,3,High Risk
C21038,Standard,Monthly,729.93,21,15.8,3,True,3,High Risk
C21039,Basic,Monthly,410.54,2,75.0,1,True,2,Medium Risk
C21041,Basic,Monthly,362.13,24,20.2,5,False,3,High Risk
C21043,Standard,Monthly,823.12,7,21.8,5,False,4,High Risk
C21044,Basic,Annual,397.66,31,61.0,2,False,1,Medium Risk
C21046,Basic,Annual,328.95,34,60.5,2,False,1,Medium Risk
C21047,Standard,Monthly,671.83,28,29.3,4,False,3,High Risk
C21048,Premium,Monthly,1056.64,2,67.7,2,True,2,Medium Risk
C21049,Basic,Annual,299.83,24,45.3,2,True,0,Low Risk
C21051,Premium,Monthly,1417.99,12,37.4,3,True,2,Medium Risk
C21052,Standard,Monthly,637.61,8,38.6,4,False,4,High Risk
C21054,Basic,Monthly,414.26,26,42.0,4,True,2,Medium Risk
C21056,Basic,Annual,475.48,27,34.9,3,True,1,Medium Risk
C21057,Standard,Monthly,713.4,28,38.5,3,True,2,Medium Risk
C21058,Basic,Annual,458.3,11,33.5,7,True,2,Medium Risk
C21059,Standard,Monthly,678.15,0,60.5,1,False,3,High Risk
C21060,Standard,Annual,671.18,35,45.4,5,True,1,Medium Risk
C21061,Standard,Monthly,602.53,0,34.9,4,False,4,High Risk
C21062,Standard,Annual,782.27,32,35.0,3,True,1,Medium Risk
C21063,Standard,Annual,676.17,36,43.7,4,True,1,Medium Risk
C21064,Basic,Monthly,453.22,5,45.7,2,False,3,High Risk
C21066,Basic,Monthly,317.68,17,66.3,1,True,1,Medium Risk
C21067,Standard,Annual,822.48,13,37.5,5,True,1,Medium Risk
C21068,Basic,Monthly,491.99,17,59.9,2,False,2,Medium Risk
C21069,Premium,Annual,1259.78,6,44.8,3,True,2,Medium Risk
C21070,Basic,Monthly,441.32,30,34.6,4,True,2,Medium Risk
C21071,Basic,Monthly,413.64,27,33.0,3,True,2,Medium Risk
C21072,Premium,Annual,1339.51,19,55.6,1,True,0,Low Risk
C21074,Basic,Monthly,340.8,4,32.3,3,False,4,High Risk
C21076,Premium,Annual,1217.24,13,46.1,4,True,1,Medium Risk
C21077,Standard,Monthly,607.74,27,58.0,2,True,1,Medium Risk
C21079,Standard,Annual,636.96,35,50.6,2,True,0,Low Risk
C21080,Basic,Monthly,470.96,14,18.6,5,True,3,High Risk
C21081,Basic,Monthly,489.03,6,51.6,2,True,2,Medium Risk
C21082,Basic,Monthly,487.07,31,74.1,0,False,2,Medium Risk
C21083,Standard,Monthly,681.67,13,64.6,1,True,1,Medium Risk
C21084,Basic,Monthly,444.97,18,9.9,5,False,4,High Risk
C21085,Premium,Annual,1350.03,10,17.2,4,True,3,High Risk
C21087,Standard,Annual,799.57,35,16.9,4,False,3,High Risk
C21088,Premium,Annual,1471.05,21,58.0,4,False,2,Medium Risk
C21090,Premium,Monthly,1278.16,5,7.1,5,True,4,High Risk
C21091,Premium,Annual,1363.38,26,24.0,3,False,2,Medium Risk
C21092,Basic,Annual,338.28,20,25.7,4,True,1,Medium Risk
C21096,Premium,Annual,1163.69,27,48.0,2,False,1,Medium Risk
C21099,Standard,Monthly,892.22,31,23.0,3,False,3,High Risk
C21103,Basic,Monthly,497.59,19,33.5,3,True,2,Medium Risk
C21104,Standard,Monthly,717.4,5,61.9,1,True,2,Medium Risk
C21105,Basic,Monthly,428.81,4,36.3,3,False,4,High Risk
C21107,Basic,Monthly,452.1,5,38.3,3,True,3,High Risk
C21109,Premium,Annual,1451.51,15,79.6,1,True,0,Low Risk
C21110,Basic,Annual,347.29,33,56.9,1,True,0,Low Risk
C21112,Standard,Annual,872.48,28,36.0,3,True,1,Medium Risk
C21113,Standard,Annual,694.03,21,26.6,3,True,1,Medium Risk
C21115,Basic,Annual,442.82,22,37.5,2,False,1,Medium Risk
C21116,Basic,Monthly,444.87,9,43.9,2,False,3,High Risk
C21117,Standard,Monthly,711.82,3,54.8,1,False,3,High Risk
C21118,Premium,Annual,1059.7,27,63.1,1,True,0,Low Risk
C21119,Basic,Monthly,333.74,20,32.1,4,True,2,Medium Risk
C21120,Premium,Annual,1122.06,7,36.4,3,True,2,Medium Risk
C21121,Basic,Monthly,360.4,16,64.9,1,False,2,Medium Risk
C21123,Basic,Annual,435.84,34,29.7,3,True,1,Medium Risk
C21124,Premium,Monthly,1010.76,5,50.0,4,True,3,High Risk
C21126,Basic,Monthly,337.53,23,69.4,1,False,2,Medium Risk
C21127,Basic,Annual,396.55,28,49.2,2,True,0,Low Risk
C21128,Basic,Monthly,346.41,2,57.3,2,False,3,High Risk
C21129,Basic,Annual,441.34,4,69.1,0,True,1,Medium Risk
C21130,Standard,Monthly,795.05,5,40.0,2,True,2,Medium Risk
C21131,Basic,Monthly,337.08,28,38.1,4,False,3,High Risk
C21133,Standard,Annual,854.92,21,62.5,2,True,0,Low Risk
C21137,Standard,Annual,741.33,15,40.7,3,True,1,Medium Risk
C21138,Basic,Monthly,431.27,24,48.0,3,False,3,High Risk
C21142,Standard,Annual,773.25,12,52.0,2,False,1,Medium Risk
C21149,Basic,Annual,437.52,31,48.7,2,False,1,Medium Risk
C21150,Standard,Annual,601.32,31,46.3,2,True,0,Low Risk
C21151,Premium,Annual,1427.29,33,22.7,3,True,1,Medium Risk
C21152,Basic,Annual,315.37,28,51.0,2,False,1,Medium Risk
C21153,Standard,Monthly,782.23,11,67.6,1,True,2,Medium Risk
C21154,Basic,Monthly,329.78,8,70.0,1,False,3,High Risk
C21155,Basic,Monthly,445.72,31,71.9,1,False,2,Medium Risk
C21156,Standard,Monthly,840.75,11,52.6,2,True,2,Medium Risk
C21157,Basic,Annual,328.53,34,27.4,3,True,1,Medium Risk
C21158,Basic,Monthly,428.54,16,52.1,2,True,1,Medium Risk
C21159,Basic,Annual,480.46,16,32.7,3,True,1,Medium Risk
C21161,Standard,Monthly,754.2,4,40.0,4,True,3,High Risk
C21164,Premium,Annual,1349.49,17,62.9,1,True,0,Low Risk
C21166,Standard,Annual,799.56,33,45.6,3,True,1,Medium Risk
C21167,Standard,Monthly,606.42,9,64.7,1,True,2,Medium Risk
C21168,Standard,Monthly,826.98,13,49.6,2,False,2,Medium Risk
C21172,Standard,Monthly,795.0,19,16.5,4,True,3,High Risk
C21173,Basic,Annual,336.05,29,49.3,3,True,1,Medium Risk
C21175,Standard,Annual,621.06,18,40.8,3,True,1,Medium Risk
C21177,Premium,Annual,1402.72,28,46.6,2,True,0,Low Risk
C21179,Standard,Monthly,725.74,2,67.6,1,False,3,High Risk
C21180,Basic,Annual,399.31,34,39.9,2,True,0,Low Risk
C21181,Standard,Monthly,677.3,5,59.8,2,False,3,High Risk
C21182,Standard,Monthly,830.56,2,32.7,3,True,3,High Risk
C21184,Premium,Monthly,1261.67,18,21.6,5,False,3,High Risk
C21185,Basic,Monthly,350.78,7,52.8,3,False,4,High Risk
C21186,Premium,Monthly,1329.01,13,51.1,2,True,1,Medium Risk
C21187,Premium,Monthly,1282.94,16,28.2,4,False,3,High Risk
C21189,Basic,Annual,352.23,34,62.5,2,False,1,Medium Risk
C21190,Premium,Monthly,1175.03,13,49.4,2,False,2,Medium Risk
C21191,Basic,Monthly,309.87,18,56.6,4,True,2,Medium Risk
C21192,Premium,Annual,1076.31,30,0.5,5,True,2,Medium Risk
C21193,Premium,Monthly,1001.72,14,17.2,4,False,4,High Risk
C21194,Premium,Monthly,1134.84,14,55.6,1,False,2,Medium Risk
C21195,Basic,Annual,361.88,20,20.5,4,True,1,Medium Risk
C21197,Standard,Monthly,740.18,5,27.8,5,False,4,High Risk
C21198,Basic,Monthly,373.68,25,9.4,5,False,4,High Risk
C21199,Basic,Monthly,312.44,19,47.0,2,False,2,Medium Risk
C21200,Basic,Monthly,456.71,7,21.6,3,True,3,High Risk
C21203,Premium,Monthly,1426.89,15,17.0,3,False,4,High Risk
C21204,Standard,Monthly,746.75,25,50.9,2,False,2,Medium Risk
C21205,Premium,Monthly,1114.2,0,60.3,1,True,2,Medium Risk
C21206,Basic,Annual,492.95,23,69.9,2,True,0,Low Risk
C21207,Premium,Monthly,1433.1,24,65.1,1,True,1,Medium Risk
C21209,Premium,Annual,1480.09,33,40.2,2,True,0,Low Risk
C21211,Premium,Monthly,1305.5,27,57.7,1,False,2,Medium Risk
C21212,Premium,Monthly,1008.43,3,31.0,3,False,4,High Risk
C21213,Basic,Monthly,308.53,28,55.3,2,False,2,Medium Risk
C21214,Basic,Monthly,405.54,25,10.1,6,False,4,High Risk
C21215,Standard,Annual,888.81,34,65.2,1,True,0,Low Risk
C21216,Basic,Monthly,320.92,32,44.6,2,True,1,Medium Risk
C21217,Premium,Monthly,1159.65,7,56.1,2,False,3,High Risk
C21219,Standard,Monthly,625.79,0,56.7,2,False,3,High Risk
C21220,Basic,Monthly,452.61,27,25.5,4,False,3,High Risk
C21221,Premium,Annual,1398.21,10,46.5,2,True,1,Medium Risk
C21222,Basic,Monthly,389.99,9,56.9,1,False,3,High Risk
C21224,Premium,Monthly,1353.33,6,29.5,3,False,4,High Risk
C21225,Standard,Monthly,681.85,3,16.9,4,False,5,High Risk
C21226,Basic,Monthly,351.36,15,53.9,1,False,2,Medium Risk
C21227,Basic,Monthly,339.74,30,48.9,3,True,2,Medium Risk
C21228,Standard,Annual,639.06,36,3.2,5,False,3,High Risk
C21229,Standard,Annual,782.65,26,31.1,3,True,1,Medium Risk
C21230,Basic,Monthly,399.3,31,40.4,2,True,1,Medium Risk
C21232,Premium,Monthly,1260.22,16,13.3,4,False,4,High Risk
C21233,Basic,Monthly,321.59,18,23.0,3,False,3,High Risk
C21236,Standard,Monthly,895.87,20,48.7,3,False,3,High Risk
C21238,Basic,Annual,326.04,21,65.3,1,True,0,Low Risk
C21239,Basic,Monthly,358.67,22,57.7,2,True,1,Medium Risk
C21240,Basic,Monthly,335.72,23,31.7,3,False,3,High Risk
C21241,Standard,Monthly,751.58,33,41.4,2,False,2,Medium Risk
C21243,Standard,Annual,812.57,31,52.8,2,False,1,Medium Risk
C21244,Premium,Annual,1098.59,30,19.0,4,True,2,Medium Risk
C21246,Standard,Monthly,706.33,19,47.4,2,True,1,Medium Risk
C21247,Standard,Annual,741.49,25,21.9,4,True,1,Medium Risk
C21249,Basic,Monthly,340.32,0,61.6,1,True,2,Medium Risk
C21250,Standard,Monthly,796.71,35,56.7,1,False,2,Medium Risk
C21251,Basic,Monthly,321.04,27,10.2,4,False,4,High Risk
C21253,Premium,Monthly,1294.96,32,57.6,1,True,1,Medium Risk
C21254,Premium,Monthly,1412.59,0,14.3,4,True,4,High Risk
C21255,Standard,Annual,618.77,17,24.0,3,True,1,Medium Risk
C21256,Standard,Monthly,699.58,11,23.4,4,False,4,High Risk
C21257,Standard,Annual,712.7,24,25.9,3,True,1,Medium Risk
C21258,Basic,Annual,443.62,31,17.4,5,True,2,Medium Risk
C21259,Basic,Annual,436.2,20,46.0,2,False,1,Medium Risk
C21261,Premium,Monthly,1221.56,4,56.3,2,False,3,High Risk
C21262,Basic,Monthly,458.46,34,19.2,4,False,4,High Risk
C21263,Basic,Annual,337.49,20,64.6,1,True,0,Low Risk
C21264,Basic,Monthly,490.75,25,30.1,3,False,3,High Risk
C21265,Basic,Monthly,364.77,5,53.7,2,True,2,Medium Risk
C21267,Basic,Annual,350.37,10,58.2,3,False,3,High Risk
C21268,Premium,Annual,1482.44,34,24.6,3,True,1,Medium Risk
C21270,Standard,Monthly,697.11,17,72.4,2,True,1,Medium Risk
C21271,Basic,Monthly,359.11,35,23.5,4,False,3,High Risk
C21273,Standard,Annual,781.65,32,11.8,4,True,2,Medium Risk
C21274,Basic,Monthly,386.0,1,23.6,3,False,4,High Risk
C21275,Basic,Monthly,449.25,10,25.8,4,False,4,High Risk
C21276,Standard,Monthly,833.23,21,10.3,4,False,4,High Risk
C21277,Standard,Monthly,856.3,5,38.8,3,False,4,High Risk
C21278,Standard,Monthly,763.86,9,40.0,2,True,2,Medium Risk
C21280,Basic,Annual,444.06,30,54.5,4,True,1,Medium Risk
C21281,Basic,Monthly,306.97,33,56.5,1,False,2,Medium Risk
C21282,Basic,Monthly,362.13,31,30.7,6,True,2,Medium Risk
C21283,Standard,Monthly,702.91,15,45.4,2,False,2,Medium Risk
C21284,Premium,Annual,1284.87,2,65.9,1,True,1,Medium Risk
C21285,Standard,Monthly,823.31,25,68.9,1,False,2,Medium Risk
C21287,Basic,Annual,357.15,30,49.2,4,False,2,Medium Risk
C21288,Basic,Annual,447.66,35,47.8,2,True,0,Low Risk
C21289,Basic,Monthly,434.85,30,36.6,3,False,3,High Risk
C21292,Premium,Monthly,1155.86,0,39.8,3,True,3,High Risk
C21295,Standard,Monthly,790.42,2,25.8,3,False,4,High Risk
C21296,Premium,Annual,1095.16,31,62.6,2,True,0,Low Risk
C21298,Basic,Monthly,478.43,4,8.3,4,True,4,High Risk
C21299,Standard,Annual,691.45,3,36.6,2,True,1,Medium Risk
C21303,Basic,Monthly,493.73,3,16.1,4,False,5,High Risk
C21304,Premium,Monthly,1491.82,27,25.5,3,False,3,High Risk
C21307,Premium,Monthly,1328.44,0,11.9,5,True,4,High Risk
C21309,Basic,Annual,312.07,27,41.4,3,False,2,Medium Risk
C21310,Premium,Monthly,1400.81,8,32.3,3,False,4,High Risk
C21311,Premium,Monthly,1236.3,6,50.7,3,False,4,High Risk
C21312,Premium,Annual,1213.88,21,58.8,4,True,1,Medium Risk
C21314,Basic,Annual,357.22,14,67.8,1,True,0,Low Risk
C21316,Basic,Annual,498.6,13,40.9,3,True,1,Medium Risk
C21318,Premium,Annual,1335.45,36,11.8,4,True,2,Medium Risk
C21319,Basic,Monthly,467.66,3,55.7,2,False,3,High Risk
C21321,Basic,Monthly,387.65,0,73.5,0,False,3,High Risk
C21322,Basic,Monthly,338.37,22,28.7,3,True,2,Medium Risk
C21323,Premium,Annual,1395.06,4,32.5,3,False,3,High Risk
C21324,Standard,Annual,753.58,9,37.1,4,True,2,Medium Risk
C21325,Premium,Annual,1074.32,31,71.2,1,True,0,Low Risk
C21326,Standard,Monthly,879.13,7,32.9,3,False,4,High Risk
C21327,Premium,Monthly,1046.99,35,49.8,1,False,2,Medium Risk
C21329,Premium,Annual,1295.73,36,20.7,4,True,1,Medium Risk
C21332,Basic,Monthly,345.64,12,34.9,3,False,3,High Risk
C21333,Standard,Annual,638.62,25,64.5,3,True,1,Medium Risk
C21334,Basic,Monthly,395.88,0,53.0,3,False,4,High Risk
C21336,Standard,Monthly,780.45,30,45.3,2,False,2,Medium Risk
C21337,Premium,Annual,1289.77,35,62.7,1,True,0,Low Risk
C21340,Standard,Annual,624.29,6,9.2,4,False,4,High Risk
C21341,Basic,Monthly,392.32,14,32.6,3,False,3,High Risk
C21343,Basic,Monthly,417.4,32,35.6,3,True,2,Medium Risk
C21345,Basic,Monthly,404.88,11,64.3,2,False,3,High Risk
C21347,Premium,Annual,1020.39,26,46.3,2,True,0,Low Risk
C21348,Standard,Monthly,876.92,21,31.1,3,True,2,Medium Risk
C21349,Standard,Monthly,789.97,8,23.6,3,True,3,High Risk
C21350,Premium,Monthly,1041.76,27,46.6,3,False,3,High Risk
C21351,Basic,Annual,352.38,34,15.9,4,True,2,Medium Risk
C21354,Standard,Monthly,640.81,12,51.2,2,True,1,Medium Risk
C21356,Basic,Annual,357.84,33,73.4,1,True,0,Low Risk
C21357,Standard,Annual,768.37,21,20.0,7,True,1,Medium Risk
C21358,Premium,Monthly,1125.53,7,46.0,2,False,3,High Risk
C21359,Basic,Monthly,482.97,1,73.3,4,False,4,High Risk
C21361,Standard,Monthly,867.97,13,72.3,0,False,2,Medium Risk
C21362,Basic,Monthly,409.35,9,45.8,2,False,3,High Risk
C21363,Standard,Monthly,746.77,22,43.7,3,False,3,High Risk
C21365,Basic,Annual,391.86,32,18.8,4,False,3,High Risk
C21366,Standard,Monthly,736.53,2,54.8,2,False,3,High Risk
C21367,Standard,Monthly,646.03,1,61.5,2,True,2,Medium Risk
C21368,Standard,Annual,757.12,29,38.8,3,True,1,Medium Risk
C21369,Premium,Monthly,1355.59,3,33.0,3,False,4,High Risk
C21370,Standard,Annual,891.55,36,40.3,3,False,2,Medium Risk
C21371,Standard,Annual,749.34,32,51.7,1,False,1,Medium Risk
C21374,Standard,Monthly,639.93,12,42.3,5,False,3,High Risk
C21375,Standard,Annual,845.52,33,65.2,2,False,1,Medium Risk
C21376,Basic,Monthly,384.17,6,24.5,3,True,3,High Risk
C21377,Basic,Monthly,477.52,8,51.1,5,True,3,High Risk
C21379,Basic,Annual,335.38,35,59.3,2,True,0,Low Risk
C21380,Basic,Monthly,487.87,1,41.8,4,False,4,High Risk
C21381,Basic,Monthly,357.13,30,49.1,2,True,1,Medium Risk
C21382,Premium,Monthly,1472.27,16,47.6,3,False,3,High Risk
C21383,Premium,Monthly,1029.84,17,39.5,3,False,3,High Risk
C21385,Standard,Annual,862.58,33,67.1,3,True,1,Medium Risk
C21386,Basic,Monthly,482.16,8,45.4,3,False,4,High Risk
C21387,Standard,Annual,625.86,14,48.5,2,False,1,Medium Risk
C21388,Standard,Monthly,646.4,34,65.9,1,False,2,Medium Risk
C21389,Basic,Annual,457.69,33,21.6,3,True,1,Medium Risk
C21390,Standard,Annual,646.87,28,35.1,3,True,1,Medium Risk
C21391,Premium,Monthly,1006.48,2,34.2,4,True,3,High Risk
C21392,Premium,Annual,1432.18,36,34.3,3,True,1,Medium Risk
C21393,Standard,Monthly,804.97,1,28.0,4,True,3,High Risk
C21394,Basic,Monthly,344.25,12,46.7,3,True,2,Medium Risk
C21395,Basic,Annual,322.46,30,53.4,3,True,1,Medium Risk
C21396,Basic,Annual,430.59,33,52.2,2,True,0,Low Risk
C21397,Basic,Monthly,318.24,23,39.6,4,False,3,High Risk
C21399,Premium,Annual,1286.43,16,50.7,3,True,1,Medium Risk
C21400,Basic,Annual,332.37,32,55.0,1,True,0,Low Risk
C21401,Basic,Monthly,300.34,0,46.2,4,False,4,High Risk
C21402,Standard,Annual,731.62,27,64.4,1,True,0,Low Risk
C21403,Standard,Monthly,808.09,16,7.5,4,True,3,High Risk
C21404,Standard,Annual,858.39,34,12.1,6,True,2,Medium Risk
C21406,Standard,Annual,746.29,31,54.9,3,False,2,Medium Risk
C21407,Basic,Annual,391.1,24,8.8,6,False,3,High Risk
C21409,Premium,Annual,1350.17,36,24.6,3,False,2,Medium Risk
C21411,Premium,Monthly,1319.56,33,35.1,3,True,2,Medium Risk
C21412,Basic,Annual,386.35,36,36.0,3,True,1,Medium Risk
C21413,Standard,Monthly,637.24,10,43.9,3,False,4,High Risk
C21414,Standard,Annual,652.98,31,25.4,4,False,2,Medium Risk
C21415,Standard,Annual,687.51,10,37.8,3,False,3,High Risk
C21416,Standard,Monthly,651.11,0,43.5,2,True,2,Medium Risk
C21417,Standard,Annual,760.43,32,58.0,3,True,1,Medium Risk
C21418,Standard,Annual,802.02,34,7.6,5,False,3,High Risk
C21419,Basic,Monthly,346.36,0,76.6,0,True,2,Medium Risk
C21420,Premium,Annual,1428.01,19,56.2,2,True,0,Low Risk
C21422,Standard,Annual,770.5,34,77.7,2,False,1,Medium Risk
C21423,Standard,Monthly,798.32,12,65.8,2,False,2,Medium Risk
C21424,Basic,Monthly,480.31,17,16.3,4,True,3,High Risk
C21425,Basic,Monthly,430.23,14,64.1,2,True,1,Medium Risk
C21426,Basic,Monthly,327.85,14,59.3,4,False,3,High Risk
C21427,Basic,Annual,353.34,29,24.9,6,True,1,Medium Risk
C21428,Standard,Monthly,861.46,11,53.7,2,False,3,High Risk
C21429,Basic,Monthly,447.0,6,36.4,3,True,3,High Risk
C21431,Premium,Monthly,1178.12,21,40.7,4,False,3,High Risk
C21432,Standard,Annual,871.24,29,43.7,4,True,1,Medium Risk
C21433,Premium,Annual,1475.85,19,63.6,1,True,0,Low Risk
C21434,Basic,Monthly,462.45,13,41.0,2,False,2,Medium Risk
C21435,Standard,Monthly,746.86,31,15.4,5,True,3,High Risk
C21436,Basic,Annual,303.24,27,56.9,2,True,0,Low Risk
C21437,Premium,Annual,1467.35,15,24.6,4,True,1,Medium Risk
C21438,Basic,Monthly,453.75,26,56.0,2,True,1,Medium Risk
C21440,Basic,Monthly,417.04,26,58.5,2,False,2,Medium Risk
C21441,Premium,Annual,1040.95,19,69.1,2,True,0,Low Risk
C21442,Standard,Annual,783.07,32,9.1,4,True,2,Medium Risk
C21443,Basic,Annual,368.55,13,53.1,2,True,0,Low Risk
C21444,Basic,Annual,446.5,18,0.0,5,True,2,Medium Risk
C21445,Basic,Annual,364.63,34,65.7,2,True,0,Low Risk
C21447,Standard,Annual,891.7,27,42.7,4,True,1,Medium Risk
C21448,Standard,Monthly,668.49,21,34.9,4,False,3,High Risk
C21449,Premium,Monthly,1365.24,2,30.5,2,True,2,Medium Risk
C21450,Basic,Monthly,344.25,29,16.8,5,True,3,High Risk
C21451,Standard,Monthly,816.88,9,33.5,5,True,3,High Risk
C21452,Premium,Monthly,1369.82,9,56.3,2,False,3,High Risk
C21453,Standard,Monthly,704.37,17,14.4,4,False,4,High Risk
C21454,Standard,Monthly,660.54,29,13.5,6,True,3,High Risk
C21457,Premium,Annual,1317.24,33,24.6,4,True,1,Medium Risk
C21458,Premium,Annual,1045.12,34,29.4,3,True,1,Medium Risk
C21459,Premium,Monthly,1466.53,25,43.3,3,False,3,High Risk
C21461,Basic,Annual,496.46,26,69.8,0,True,0,Low Risk
C21462,Basic,Annual,433.4,27,58.9,2,True,0,Low Risk
C21464,Standard,Monthly,850.57,28,68.7,1,True,1,Medium Risk
C21465,Standard,Monthly,890.1,1,66.0,2,False,3,High Risk
C21467,Standard,Monthly,628.61,15,18.3,3,True,3,High Risk
C21468,Basic,Monthly,303.01,6,46.5,3,False,4,High Risk
C21469,Basic,Monthly,343.77,21,30.0,3,True,2,Medium Risk
C21470,Basic,Annual,473.47,29,32.1,3,True,1,Medium Risk
C21471,Basic,Annual,353.98,34,56.2,1,True,0,Low Risk
C21472,Basic,Annual,361.25,36,51.3,2,True,0,Low Risk
C21474,Standard,Annual,872.73,35,38.1,5,True,1,Medium Risk
C21476,Basic,Monthly,310.36,16,49.1,4,True,2,Medium Risk
C21477,Basic,Monthly,455.97,15,46.7,2,False,2,Medium Risk
C21478,Standard,Monthly,654.51,11,55.7,2,False,3,High Risk
C21479,Basic,Monthly,466.61,2,71.8,2,False,3,High Risk
C21482,Basic,Monthly,441.08,6,51.6,3,False,4,High Risk
C21483,Basic,Monthly,456.75,12,58.4,3,False,3,High Risk
C21485,Premium,Monthly,1207.66,4,50.9,3,True,3,High Risk
C21486,Standard,Annual,826.97,34,63.6,1,False,1,Medium Risk
C21487,Basic,Annual,371.55,26,72.3,1,True,0,Low Risk
C21489,Premium,Annual,1493.21,24,40.4,3,True,1,Medium Risk
C21490,Standard,Monthly,810.45,5,69.5,2,True,2,Medium Risk
C21491,Standard,Annual,830.57,26,31.7,3,True,1,Medium Risk
C21492,Standard,Annual,893.6,16,53.7,2,True,0,Low Risk
C21495,Standard,Annual,819.43,2,62.1,1,True,1,Medium Risk
C21496,Basic,Monthly,363.68,6,67.8,1,True,2,Medium Risk
C21497,Basic,Monthly,411.73,27,26.8,4,False,3,High Risk
C21498,Premium,Annual,1221.41,24,41.0,2,True,0,Low Risk
C21499,Basic,Annual,431.83,10,35.3,4,False,3,High Risk
C21500,Basic,Annual,449.62,18,69.7,1,True,0,Low Risk
C21501,Basic,Monthly,303.9,31,40.9,3,True,2,Medium Risk
C21504,Standard,Monthly,826.91,1,13.0,4,False,5,High Risk
C21505,Standard,Monthly,768.91,3,39.6,3,False,4,High Risk
C21506,Standard,Monthly,768.3,9,46.5,3,False,4,High Risk
C21507,Standard,Annual,738.56,17,61.1,2,True,0,Low Risk
C21508,Premium,Monthly,1384.03,22,47.6,2,False,2,Medium Risk
C21509,Standard,Monthly,897.89,18,31.7,3,False,3,High Risk
C21510,Standard,Monthly,851.15,15,37.3,3,False,3,High Risk
C21515,Standard,Monthly,600.5,11,58.2,2,True,2,Medium Risk
C21516,Standard,Annual,746.61,27,35.9,4,False,2,Medium Risk
C21517,Standard,Annual,613.47,9,8.5,4,True,3,High Risk
C21518,Standard,Annual,852.39,18,41.7,3,True,1,Medium Risk
C21519,Basic,Monthly,384.78,6,37.8,2,True,2,Medium Risk
C21522,Basic,Annual,362.59,36,17.2,3,True,2,Medium Risk
C21523,Premium,Monthly,1149.66,36,39.6,3,True,2,Medium Risk
C21524,Premium,Monthly,1145.19,23,35.5,5,False,3,High Risk
C21525,Standard,Monthly,708.23,2,25.1,3,False,4,High Risk
C21526,Basic,Monthly,457.27,6,65.3,1,False,3,High Risk
C21527,Premium,Monthly,1029.14,0,46.9,2,True,2,Medium Risk
C21530,Basic,Annual,372.83,33,11.4,4,True,2,Medium Risk
C21531,Premium,Monthly,1403.64,35,52.7,3,False,3,High Risk
C21533,Basic,Monthly,433.3,6,63.7,2,False,3,High Risk
C21534,Basic,Monthly,330.22,14,65.7,2,True,1,Medium Risk
C21535,Basic,Monthly,474.02,12,63.0,1,False,2,Medium Risk
C21536,Basic,Annual,309.83,6,35.5,3,True,2,Medium Risk
C21537,Standard,Annual,617.88,2,45.0,2,False,2,Medium Risk
C21538,Basic,Monthly,299.28,23,46.1,2,True,1,Medium Risk
C21539,Premium,Monthly,1382.22,24,41.9,4,True,2,Medium Risk
C21540,Basic,Annual,302.91,26,53.8,1,True,0,Low Risk
C21541,Basic,Monthly,433.37,3,18.0,4,True,4,High Risk
C21542,Basic,Monthly,306.3,12,20.9,3,False,3,High Risk
C21543,Basic,Monthly,495.71,23,44.8,3,False,3,High Risk
C21544,Basic,Monthly,473.79,4,57.4,2,False,3,High Risk
C21545,Standard,Annual,670.28,30,61.8,1,False,1,Medium Risk
C21547,Basic,Annual,442.62,11,25.1,3,True,2,Medium Risk
C21549,Standard,Monthly,873.29,14,36.6,3,False,3,High Risk
C21553,Standard,Monthly,767.41,2,34.6,5,True,3,High Risk
C21554,Basic,Monthly,312.92,5,18.2,5,False,5,High Risk
C21555,Basic,Monthly,452.91,4,54.3,2,True,2,Medium Risk
C21556,Basic,Annual,336.41,24,65.6,2,True,0,Low Risk
C21557,Basic,Monthly,443.97,24,56.3,3,False,3,High Risk
C21559,Basic,Monthly,454.2,4,24.4,3,True,3,High Risk
C21560,Basic,Annual,441.66,17,53.9,1,True,0,Low Risk
C21561,Basic,Annual,448.22,21,34.2,3,True,1,Medium Risk
C21562,Premium,Monthly,1316.51,15,30.6,3,False,3,High Risk
C21563,Standard,Monthly,845.58,0,40.5,3,False,4,High Risk
C21567,Basic,Monthly,393.75,25,62.8,3,False,3,High Risk
C21570,Basic,Annual,480.58,16,0.0,5,True,2,Medium Risk
C21571,Basic,Monthly,384.5,11,41.3,5,False,4,High Risk
C21572,Premium,Annual,1168.43,22,13.7,8,False,3,High Risk
C21574,Standard,Monthly,873.07,7,25.9,4,False,4,High Risk
C21575,Basic,Monthly,420.76,2,21.3,3,True,3,High Risk
C21576,Basic,Monthly,376.1,32,55.3,2,False,2,Medium Risk
C21577,Standard,Monthly,841.26,23,60.0,2,False,2,Medium Risk
C21580,Basic,Monthly,453.76,22,50.5,3,False,3,High Risk
C21581,Basic,Monthly,407.72,35,20.2,3,False,3,High Risk
C21582,Basic,Monthly,314.77,13,56.2,2,True,1,Medium Risk
C21583,Basic,Monthly,326.83,8,42.2,2,False,3,High Risk
C21586,Premium,Annual,1194.61,9,46.6,4,True,2,Medium Risk
C21588,Basic,Annual,327.15,31,46.4,2,True,0,Low Risk
C21589,Basic,Annual,346.46,24,54.0,3,True,1,Medium Risk
C21592,Basic,Monthly,310.19,31,49.1,3,True,2,Medium Risk
C21594,Basic,Annual,454.73,36,29.4,3,True,1,Medium Risk
C21595,Standard,Annual,730.51,23,49.7,2,True,0,Low Risk
C21596,Standard,Monthly,628.88,15,35.5,3,False,3,High Risk
C21597,Standard,Monthly,784.2,15,55.7,3,False,3,High Risk
C21598,Basic,Annual,345.09,12,11.7,4,True,2,Medium Risk
C21599,Basic,Annual,352.22,27,50.1,2,True,0,Low Risk
C21601,Basic,Monthly,466.41,11,67.8,1,False,3,High Risk
C21604,Basic,Monthly,435.15,32,13.1,5,False,4,High Risk
C21605,Standard,Monthly,828.17,24,59.3,1,False,2,Medium Risk
C21606,Standard,Annual,662.05,35,61.9,2,True,0,Low Risk
C21607,Standard,Monthly,780.53,3,14.9,5,False,5,High Risk
C21609,Basic,Monthly,393.17,27,28.8,3,False,3,High Risk
C21610,Basic,Monthly,318.27,29,58.4,3,True,2,Medium Risk
C21611,Standard,Monthly,877.56,25,20.0,4,False,3,High Risk
C21612,Standard,Monthly,630.28,7,55.1,2,False,3,High Risk
C21614,Basic,Monthly,425.34,28,32.7,3,False,3,High Risk
C21615,Standard,Monthly,867.61,20,14.4,4,False,4,High Risk
C21616,Basic,Annual,331.2,27,59.3,1,False,1,Medium Risk
C21618,Basic,Annual,320.28,21,82.3,1,False,1,Medium Risk
C21619,Standard,Monthly,797.46,2,30.4,3,False,4,High Risk
C21621,Premium,Monthly,1250.58,8,73.4,2,False,3,High Risk
C21622,Basic,Monthly,355.81,22,62.7,1,True,1,Medium Risk
C21624,Standard,Monthly,896.27,22,30.7,4,False,3,High Risk
C21625,Basic,Monthly,453.62,30,16.8,4,False,4,High Risk
C21626,Basic,Annual,354.37,30,45.8,2,False,1,Medium Risk
C21627,Premium,Monthly,1355.85,17,33.1,3,True,2,Medium Risk
C21628,Basic,Monthly,413.76,5,21.4,5,False,4,High Risk
C21629,Standard,Monthly,708.71,19,59.4,2,True,1,Medium Risk
C21630,Standard,Monthly,662.42,17,18.9,4,False,4,High Risk
C21631,Basic,Monthly,359.56,7,25.3,4,False,4,High Risk
C21632,Basic,Monthly,380.13,16,21.2,4,False,3,High Risk
C21633,Basic,Monthly,431.86,2,34.2,3,False,4,High Risk
C21635,Basic,Annual,491.07,29,27.9,5,True,1,Medium Risk
C21636,Basic,Monthly,367.73,6,63.4,2,True,2,Medium Risk
C21639,Basic,Annual,413.27,34,63.4,2,True,0,Low Risk
C21640,Basic,Annual,443.2,27,29.2,4,False,2,Medium Risk
C21642,Basic,Monthly,400.68,7,16.7,4,True,4,High Risk
C21643,Premium,Monthly,1353.45,23,61.2,1,True,1,Medium Risk
C21644,Premium,Annual,1099.67,34,10.5,5,False,3,High Risk
C21645,Standard,Annual,622.84,35,13.3,6,True,2,Medium Risk
C21646,Basic,Monthly,407.41,1,47.4,2,True,2,Medium Risk
C21647,Premium,Monthly,1263.31,1,23.8,4,True,3,High Risk
C21648,Standard,Annual,855.89,13,20.3,3,True,1,Medium Risk
C21650,Standard,Annual,709.67,25,24.1,3,False,2,Medium Risk
C21652,Basic,Monthly,333.37,12,57.5,1,True,1,Medium Risk
C21653,Basic,Annual,359.84,11,55.6,2,True,1,Medium Risk
C21654,Basic,Monthly,370.97,20,11.9,4,False,4,High Risk
C21655,Standard,Monthly,709.87,30,51.3,2,False,2,Medium Risk
C21656,Basic,Monthly,375.47,16,59.5,3,True,2,Medium Risk
C21657,Basic,Annual,366.85,16,73.2,1,False,1,Medium Risk
C21658,Basic,Monthly,416.83,35,32.5,5,True,2,Medium Risk
C21659,Premium,Monthly,1205.27,22,13.3,4,True,3,High Risk
C21660,Basic,Monthly,479.99,14,33.9,3,False,3,High Risk
C21661,Basic,Monthly,459.14,4,31.7,3,True,3,High Risk
C21663,Standard,Annual,661.65,32,40.3,4,True,1,Medium Risk
C21664,Standard,Monthly,882.13,9,67.3,1,False,3,High Risk
C21666,Standard,Monthly,691.21,11,34.8,3,False,4,High Risk
C21667,Standard,Annual,828.55,36,37.8,3,True,1,Medium Risk
C21668,Premium,Annual,1240.73,31,30.2,4,True,1,Medium Risk
C21669,Basic,Monthly,386.96,30,24.9,3,True,2,Medium Risk
C21670,Premium,Monthly,1243.28,25,33.0,4,True,2,Medium Risk
C21671,Basic,Annual,345.62,14,60.8,1,True,0,Low Risk
C21672,Standard,Monthly,802.0,15,39.2,4,True,2,Medium Risk
C21673,Basic,Monthly,448.25,27,56.6,1,False,2,Medium Risk
C21674,Standard,Monthly,826.6,16,65.8,2,False,2,Medium Risk
C21675,Premium,Annual,1371.06,33,0.0,5,True,2,Medium Risk
C21676,Premium,Monthly,1436.73,20,43.2,2,True,1,Medium Risk
C21677,Premium,Monthly,1228.49,35,28.7,4,False,3,High Risk
C21678,Standard,Monthly,812.1,12,36.7,4,False,3,High Risk
C21679,Basic,Annual,416.82,21,52.6,2,True,0,Low Risk
C21680,Basic,Monthly,405.89,1,57.3,2,True,2,Medium Risk
C21682,Standard,Annual,696.53,12,44.1,2,True,0,Low Risk
C21683,Basic,Monthly,345.61,6,16.7,4,True,4,High Risk
C21684,Standard,Monthly,802.73,17,23.2,5,False,3,High Risk
C21685,Basic,Annual,414.03,11,53.1,2,True,1,Medium Risk
C21687,Basic,Monthly,349.82,23,62.7,3,False,3,High Risk
C21688,Premium,Monthly,1364.37,5,33.6,3,True,3,High Risk
C21689,Basic,Annual,384.56,24,56.3,3,True,1,Medium Risk
C21690,Standard,Monthly,849.84,7,70.5,1,False,3,High Risk
C21691,Basic,Monthly,317.16,28,54.7,3,True,2,Medium Risk
C21692,Basic,Annual,441.48,34,77.1,1,True,0,Low Risk
C21693,Basic,Annual,419.01,15,39.6,3,True,1,Medium Risk
C21694,Standard,Monthly,851.22,2,1.5,4,True,4,High Risk
C21695,Standard,Monthly,729.0,36,48.2,2,False,2,Medium Risk
C21698,Premium,Annual,1065.85,19,36.1,3,True,1,Medium Risk
C21700,Standard,Annual,857.42,30,27.1,4,True,1,Medium Risk
C21701,Basic,Monthly,416.95,1,68.4,2,False,3,High Risk
C21702,Basic,Monthly,392.54,3,58.9,2,False,3,High Risk
C21703,Basic,Monthly,330.35,2,54.9,1,False,3,High Risk
C21706,Premium,Annual,1292.82,30,58.6,3,True,1,Medium Risk
C21708,Basic,Monthly,467.14,1,51.7,2,True,2,Medium Risk
C21709,Standard,Monthly,836.24,21,28.6,3,True,2,Medium Risk
C21710,Standard,Monthly,888.21,23,78.6,0,True,1,Medium Risk
C21711,Basic,Monthly,421.4,10,33.9,3,True,3,High Risk
C21712,Standard,Monthly,689.04,0,47.4,3,False,4,High Risk
C21713,Basic,Annual,426.75,29,28.1,4,True,1,Medium Risk
C21714,Basic,Annual,412.26,21,22.9,4,True,1,Medium Risk
C21715,Standard,Monthly,792.39,5,30.2,3,False,4,High Risk
C21716,Premium,Monthly,1062.61,14,46.6,2,False,2,Medium Risk
C21717,Basic,Annual,368.38,23,7.0,4,True,2,Medium Risk
C21718,Premium,Monthly,1393.51,5,50.4,1,False,3,High Risk
C21719,Basic,Annual,321.98,36,40.6,4,True,1,Medium Risk
C21720,Basic,Annual,449.67,25,26.5,3,True,1,Medium Risk
C21721,Premium,Monthly,1161.59,13,16.2,4,False,4,High Risk
C21722,Basic,Monthly,445.89,1,30.3,3,True,3,High Risk
C21723,Standard,Monthly,873.25,3,72.2,0,True,2,Medium Risk
C21724,Basic,Monthly,497.2,14,62.1,1,False,2,Medium Risk
C21725,Basic,Annual,332.54,29,5.6,5,True,2,Medium Risk
C21727,Basic,Annual,408.49,20,55.2,1,False,1,Medium Risk
C21729,Basic,Monthly,392.85,1,35.8,3,True,3,High Risk
C21731,Basic,Annual,447.27,24,54.4,1,True,0,Low Risk
C21732,Basic,Monthly,488.08,3,7.4,4,True,4,High Risk
C21733,Basic,Monthly,404.19,15,55.4,2,True,1,Medium Risk
C21734,Premium,Annual,1088.27,35,35.9,4,True,1,Medium Risk
C21738,Standard,Monthly,751.07,25,39.2,5,False,3,High Risk
C21740,Basic,Annual,441.75,15,23.8,3,True,1,Medium Risk
C21742,Premium,Monthly,1322.44,16,63.9,4,True,2,Medium Risk
C21743,Premium,Annual,1003.1,28,31.6,5,True,1,Medium Risk
C21744,Premium,Annual,1138.9,26,35.5,3,True,1,Medium Risk
C21745,Premium,Annual,1201.93,31,28.3,3,True,1,Medium Risk
C21746,Standard,Annual,782.24,29,41.0,4,True,1,Medium Risk
C21747,Standard,Monthly,807.25,31,81.2,1,True,1,Medium Risk
C21748,Basic,Annual,376.05,34,32.7,4,False,2,Medium Risk
C21749,Standard,Annual,766.2,24,43.0,2,True,0,Low Risk
C21750,Basic,Monthly,366.61,21,17.9,4,False,4,High Risk
C21752,Basic,Monthly,398.24,17,55.5,3,False,3,High Risk
C21754,Basic,Annual,482.07,30,76.5,0,True,0,Low Risk
C21755,Basic,Monthly,486.93,22,60.6,1,False,2,Medium Risk
C21756,Basic,Annual,344.14,25,31.1,3,True,1,Medium Risk
C21757,Basic,Monthly,363.73,17,78.1,1,True,1,Medium Risk
C21758,Basic,Annual,420.75,36,35.5,4,True,1,Medium Risk
C21759,Basic,Monthly,414.02,28,71.9,4,True,2,Medium Risk
C21760,Premium,Monthly,1344.77,9,46.8,3,True,3,High Risk
C21761,Basic,Monthly,394.99,17,35.9,3,False,3,High Risk
C21762,Basic,Monthly,460.02,8,33.1,3,False,4,High Risk
C21763,Premium,Monthly,1196.76,30,48.4,3,False,3,High Risk
C21764,Basic,Annual,323.25,14,22.2,4,True,1,Medium Risk
C21765,Standard,Monthly,739.59,7,63.5,2,True,2,Medium Risk
C21767,Basic,Monthly,487.46,21,33.9,3,False,3,High Risk
C21770,Basic,Annual,496.75,27,62.2,1,False,1,Medium Risk
C21772,Premium,Monthly,1188.14,27,77.5,0,True,1,Medium Risk
C21773,Standard,Monthly,828.25,7,34.7,3,False,4,High Risk
C21775,Basic,Annual,361.32,32,20.6,4,True,1,Medium Risk
C21776,Standard,Monthly,600.68,8,39.8,3,False,4,High Risk
C21777,Basic,Monthly,322.49,4,10.6,4,False,5,High Risk
C21778,Basic,Monthly,322.23,19,65.7,1,False,2,Medium Risk
C21779,Basic,Annual,445.75,19,70.5,1,True,0,Low Risk
C21780,Basic,Monthly,491.16,15,49.3,2,True,1,Medium Risk
C21782,Basic,Annual,459.08,21,50.6,2,False,1,Medium Risk
C21784,Standard,Monthly,758.53,1,59.8,1,False,3,High Risk
C21785,Basic,Annual,353.71,23,40.9,2,True,0,Low Risk
C21786,Standard,Monthly,893.42,22,20.6,4,False,3,High Risk
C21788,Standard,Monthly,676.07,8,37.5,4,False,4,High Risk
C21790,Premium,Annual,1130.4,26,21.3,4,True,1,Medium Risk
C21791,Basic,Monthly,368.84,5,53.0,1,True,2,Medium Risk
C21792,Basic,Annual,334.65,23,59.9,1,False,1,Medium Risk
C21793,Premium,Monthly,1066.19,19,23.9,4,False,3,High Risk
C21794,Premium,Monthly,1482.12,5,34.5,3,True,3,High Risk
C21795,Basic,Monthly,321.63,5,20.4,4,False,4,High Risk
C21796,Premium,Monthly,1004.52,13,34.9,4,False,3,High Risk
C21797,Standard,Annual,865.79,33,59.1,1,True,0,Low Risk
C21800,Premium,Monthly,1473.37,28,65.5,1,False,2,Medium Risk
C21801,Premium,Monthly,1465.17,23,11.3,5,True,3,High Risk
C21802,Standard,Monthly,840.33,15,18.5,5,True,3,High Risk
C21804,Basic,Monthly,477.82,9,46.7,2,True,2,Medium Risk
C21805,Basic,Monthly,435.61,4,33.7,5,False,4,High Risk
C21807,Standard,Annual,759.9,31,40.5,2,False,1,Medium Risk
C21809,Basic,Monthly,359.74,17,43.3,3,False,3,High Risk
C21810,Basic,Monthly,438.42,21,14.5,5,True,3,High Risk
C21811,Premium,Monthly,1252.65,10,25.5,4,False,4,High Risk
C21812,Premium,Monthly,1196.18,31,40.5,3,True,2,Medium Risk
C21813,Premium,Monthly,1168.45,28,40.6,2,True,1,Medium Risk
C21814,Standard,Monthly,698.59,8,26.6,4,True,3,High Risk
C21815,Standard,Annual,768.76,33,29.0,3,True,1,Medium Risk
C21816,Standard,Annual,717.53,14,2.5,7,False,3,High Risk
C21817,Basic,Monthly,424.83,20,0.0,5,False,4,High Risk
C21818,Standard,Annual,626.13,36,44.6,4,True,1,Medium Risk
C21819,Basic,Monthly,447.64,27,27.2,3,True,2,Medium Risk
C21820,Basic,Monthly,495.57,16,59.0,3,False,3,High Risk
C21821,Premium,Monthly,1370.19,15,9.4,4,False,4,High Risk
C21822,Standard,Monthly,797.36,13,18.3,3,True,3,High Risk
C21823,Basic,Monthly,355.7,5,47.2,2,False,3,High Risk
C21824,Basic,Monthly,420.02,5,59.2,1,True,2,Medium Risk
C21826,Standard,Annual,821.37,27,38.5,5,False,2,Medium Risk
C21827,Basic,Monthly,306.4,9,17.9,4,False,5,High Risk
C21829,Premium,Monthly,1463.49,26,40.8,4,True,2,Medium Risk
C21830,Standard,Monthly,705.37,1,11.4,7,False,5,High Risk
C21831,Standard,Annual,706.66,27,41.9,3,True,1,Medium Risk
C21833,Basic,Monthly,382.0,16,25.1,5,False,3,High Risk
C21834,Basic,Monthly,493.45,13,66.0,1,True,1,Medium Risk
C21836,Basic,Annual,355.76,34,37.4,2,False,1,Medium Risk
C21837,Premium,Monthly,1254.55,23,22.8,5,False,3,High Risk
C21838,Basic,Monthly,425.16,7,19.3,4,True,4,High Risk
C21839,Basic,Monthly,460.09,10,53.9,1,False,3,High Risk
C21840,Standard,Monthly,850.94,12,26.5,4,False,3,High Risk
C21841,Basic,Monthly,362.28,1,20.0,4,True,3,High Risk
C21842,Basic,Monthly,372.55,29,36.8,2,False,2,Medium Risk
C21843,Premium,Monthly,1345.2,25,35.5,4,True,2,Medium Risk
C21845,Basic,Monthly,392.78,12,59.6,2,True,1,Medium Risk
C21846,Basic,Monthly,437.53,22,34.9,3,True,2,Medium Risk
C21847,Standard,Monthly,688.62,7,76.6,0,False,3,High Risk
C21848,Basic,Annual,354.97,35,45.6,3,False,2,Medium Risk
C21849,Basic,Annual,303.34,31,56.1,3,True,1,Medium Risk
C21852,Standard,Annual,875.94,33,40.0,2,True,0,Low Risk
C21854,Basic,Monthly,338.65,4,45.8,4,False,4,High Risk
C21856,Basic,Monthly,477.44,9,31.2,3,True,3,High Risk
C21857,Premium,Monthly,1220.99,15,49.3,3,True,2,Medium Risk
C21858,Standard,Monthly,731.5,16,11.9,5,False,4,High Risk
C21859,Basic,Annual,431.61,26,26.5,4,False,2,Medium Risk
C21860,Basic,Monthly,399.97,3,69.2,1,False,3,High Risk
C21863,Standard,Monthly,741.51,20,50.0,2,False,2,Medium Risk
C21865,Basic,Monthly,367.22,4,39.2,3,False,4,High Risk
C21866,Basic,Monthly,382.44,23,78.1,0,True,1,Medium Risk
C21868,Basic,Annual,361.85,7,60.4,1,False,2,Medium Risk
C21870,Premium,Annual,1028.7,18,51.3,2,True,0,Low Risk
C21871,Basic,Annual,413.74,11,13.3,5,True,3,High Risk
C21872,Basic,Monthly,485.62,36,79.5,1,True,1,Medium Risk
C21875,Basic,Monthly,423.99,17,0.0,6,True,3,High Risk
C21876,Standard,Monthly,755.96,18,63.7,1,False,2,Medium Risk
C21877,Premium,Annual,1019.2,20,40.6,3,False,2,Medium Risk
C21878,Standard,Monthly,817.69,23,29.7,3,False,3,High Risk
C21879,Basic,Monthly,300.66,11,50.5,2,False,3,High Risk
C21880,Basic,Annual,393.21,24,35.3,4,True,1,Medium Risk
C21882,Premium,Annual,1234.69,25,41.4,4,False,2,Medium Risk
C21883,Premium,Monthly,1060.03,11,11.3,5,True,4,High Risk
C21884,Basic,Monthly,401.28,27,52.5,1,False,2,Medium Risk
C21885,Standard,Monthly,851.18,12,33.8,2,True,1,Medium Risk
C21887,Premium,Monthly,1220.8,26,66.9,1,False,2,Medium Risk
C21888,Basic,Monthly,303.82,7,68.5,1,True,2,Medium Risk
C21889,Basic,Monthly,401.48,14,38.5,3,True,2,Medium Risk
C21891,Standard,Annual,634.26,30,32.2,4,True,1,Medium Risk
C21893,Basic,Monthly,362.06,6,21.8,5,False,4,High Risk
C21894,Premium,Monthly,1055.38,6,52.6,2,False,3,High Risk
C21895,Standard,Monthly,733.86,6,58.6,1,False,3,High Risk
C21896,Basic,Annual,474.65,32,16.0,4,False,3,High Risk
C21897,Premium,Annual,1275.23,20,57.3,3,True,1,Medium Risk
C21898,Basic,Monthly,407.6,10,32.6,4,True,3,High Risk
C21899,Premium,Monthly,1038.56,28,42.2,3,True,2,Medium Risk
C21902,Basic,Annual,357.7,17,23.9,5,True,1,Medium Risk
C21903,Standard,Annual,882.5,17,70.0,2,False,1,Medium Risk
C21904,Premium,Annual,1344.66,32,38.0,4,True,1,Medium Risk
C21906,Standard,Monthly,690.43,4,77.3,3,False,4,High Risk
C21907,Standard,Monthly,883.1,18,62.7,1,True,1,Medium Risk
C21908,Standard,Annual,689.09,22,61.1,4,False,2,Medium Risk
C21909,Standard,Monthly,892.23,11,0.0,6,True,4,High Risk
C21910,Premium,Annual,1394.36,24,61.4,2,True,0,Low Risk
C21911,Standard,Monthly,795.37,5,21.9,4,False,4,High Risk
C21912,Standard,Annual,709.86,10,51.4,2,True,1,Medium Risk
C21913,Standard,Annual,869.42,20,11.3,4,False,3,High Risk
C21914,Basic,Annual,329.77,25,44.2,2,False,1,Medium Risk
C21915,Premium,Annual,1072.82,25,47.9,3,False,2,Medium Risk
C21916,Standard,Monthly,641.56,5,62.5,2,False,3,High Risk
C21917,Basic,Annual,396.05,22,37.5,5,False,2,Medium Risk
C21918,Basic,Monthly,464.83,12,25.1,4,True,2,Medium Risk
C21919,Premium,Annual,1331.22,26,29.8,5,True,1,Medium Risk
C21920,Basic,Monthly,316.0,7,77.7,0,True,2,Medium Risk
C21922,Premium,Monthly,1148.96,0,71.2,2,True,2,Medium Risk
C21927,Standard,Monthly,743.87,3,57.2,1,True,2,Medium Risk
C21930,Standard,Monthly,853.08,35,41.4,3,False,3,High Risk
C21933,Standard,Monthly,670.03,31,19.1,3,False,4,High Risk
C21934,Standard,Monthly,768.52,5,61.2,1,False,3,High Risk
C21935,Basic,Monthly,486.72,9,14.1,4,True,4,High Risk
C21936,Basic,Monthly,437.25,36,69.0,1,False,2,Medium Risk
C21937,Standard,Annual,885.54,4,56.8,3,True,2,Medium Risk
C21938,Standard,Monthly,654.55,34,29.7,4,True,2,Medium Risk
C21941,Basic,Annual,323.59,32,65.2,2,True,0,Low Risk
C21943,Premium,Monthly,1114.03,15,26.1,6,True,2,Medium Risk
C21946,Basic,Annual,457.41,32,27.0,4,True,1,Medium Risk
C21947,Basic,Monthly,384.48,28,33.7,3,False,3,High Risk
C21949,Basic,Monthly,398.28,17,36.9,3,True,2,Medium Risk
C21952,Basic,Annual,325.44,32,82.7,0,True,0,Low Risk
C21953,Basic,Monthly,408.39,2,40.8,3,False,4,High Risk
C21955,Premium,Monthly,1010.06,14,82.0,0,False,2,Medium Risk
C21956,Standard,Annual,709.35,27,10.5,5,True,2,Medium Risk
C21957,Basic,Monthly,370.76,20,74.0,0,False,2,Medium Risk
C21958,Standard,Monthly,834.4,21,12.7,5,True,3,High Risk
C21960,Standard,Monthly,662.34,8,23.1,3,False,4,High Risk
C21961,Premium,Monthly,1006.07,3,69.4,2,False,3,High Risk
C21962,Standard,Monthly,875.78,13,8.7,6,False,4,High Risk
C21963,Basic,Monthly,495.62,33,62.0,1,True,1,Medium Risk
C21965,Basic,Monthly,406.39,10,39.3,3,False,4,High Risk
C21966,Standard,Monthly,686.76,18,37.4,3,True,2,Medium Risk
C21967,Basic,Annual,427.84,26,14.8,5,True,2,Medium Risk
C21968,Premium,Annual,1030.6,36,6.1,6,True,2,Medium Risk
C21969,Basic,Monthly,385.17,8,36.8,3,True,3,High Risk
C21971,Standard,Annual,719.39,28,25.7,3,True,1,Medium Risk
C21972,Basic,Monthly,329.45,24,24.6,4,False,3,High Risk
C21973,Basic,Monthly,455.82,30,39.3,3,False,3,High Risk
C21974,Basic,Monthly,462.44,1,74.9,2,True,2,Medium Risk
C21975,Premium,Monthly,1316.41,16,34.5,3,False,3,High Risk
C21977,Basic,Monthly,407.71,5,29.4,3,False,4,High Risk
C21980,Premium,Monthly,1159.13,9,13.7,4,False,5,High Risk
C21981,Basic,Annual,471.02,33,10.8,4,True,2,Medium Risk
C21982,Standard,Monthly,666.73,34,36.9,2,False,2,Medium Risk
C21983,Basic,Monthly,306.39,25,58.6,5,False,3,High Risk
C21984,Standard,Monthly,804.63,20,43.3,2,True,1,Medium Risk
C21987,Standard,Monthly,878.47,0,63.5,1,True,2,Medium Risk
C21988,Basic,Annual,362.27,4,20.3,3,False,3,High Risk
C21989,Standard,Annual,740.96,10,70.5,2,True,1,Medium Risk
C21990,Standard,Annual,847.07,31,56.7,2,False,1,Medium Risk
C21991,Standard,Annual,822.25,20,67.5,2,True,0,Low Risk
C21992,Premium,Monthly,1453.25,4,32.5,3,True,3,High Risk
C21993,Basic,Annual,482.69,36,23.3,4,False,2,Medium Risk
C21994,Premium,Monthly,1359.65,1,69.9,2,True,2,Medium Risk
C21995,Premium,Monthly,1355.2,17,54.2,2,True,1,Medium Risk
C21996,Basic,Monthly,369.21,1,58.6,2,False,3,High Risk
C21997,Standard,Monthly,843.31,14,43.6,3,False,3,High Risk
C21998,Premium,Monthly,1380.2,16,58.9,3,True,2,Medium Risk
C22000,Basic,Annual,398.84,18,51.9,3,True,1,Medium Risk
C22001,Standard,Monthly,841.1,6,50.6,2,True,2,Medium Risk
C22002,Basic,Monthly,431.69,0,52.6,3,True,3,High Risk
C22003,Premium,Monthly,1409.11,28,49.6,4,True,2,Medium Risk
C22004,Standard,Monthly,636.34,15,68.2,2,True,1,Medium Risk
C22005,Standard,Annual,784.07,12,55.6,3,True,1,Medium Risk
C22006,Standard,Monthly,684.07,0,44.5,2,True,2,Medium Risk
C22007,Standard,Monthly,885.39,9,15.3,4,True,4,High Risk
C22009,Basic,Monthly,362.89,4,31.8,4,False,4,High Risk
C22010,Standard,Monthly,759.35,14,20.4,4,True,2,Medium Risk
C22011,Basic,Monthly,487.23,27,27.8,3,False,3,High Risk
C22012,Standard,Monthly,682.24,30,32.5,3,False,3,High Risk
C22017,Premium,Monthly,1243.89,7,27.9,4,False,4,High Risk
C22018,Basic,Monthly,339.62,34,41.8,2,False,2,Medium Risk
C22019,Standard,Monthly,680.17,26,37.5,4,True,2,Medium Risk
C22020,Standard,Annual,644.32,14,64.0,2,False,1,Medium Risk
C22021,Basic,Monthly,375.68,23,55.1,1,False,2,Medium Risk
C22022,Standard,Annual,693.26,23,22.1,4,False,2,Medium Risk
C22023,Basic,Annual,453.52,6,43.0,3,False,3,High Risk
C22024,Standard,Monthly,863.7,27,63.3,1,True,1,Medium Risk
C22027,Basic,Annual,343.98,25,65.1,1,True,0,Low Risk
C22028,Standard,Monthly,732.57,29,22.2,4,False,3,High Risk
C22029,Standard,Monthly,850.85,20,72.3,1,False,2,Medium Risk
C22030,Standard,Monthly,779.92,10,58.9,2,False,3,High Risk
C22033,Premium,Annual,1313.41,33,37.3,2,True,0,Low Risk
C22034,Standard,Monthly,826.25,17,21.3,4,True,2,Medium Risk
C22035,Basic,Monthly,374.89,35,70.9,2,True,1,Medium Risk
C22036,Basic,Annual,343.01,21,8.4,5,True,2,Medium Risk
C22038,Premium,Annual,1328.36,28,15.9,4,False,3,High Risk
C22039,Standard,Monthly,746.32,16,26.5,5,True,2,Medium Risk
C22040,Basic,Annual,466.5,27,25.0,3,True,1,Medium Risk
C22041,Basic,Monthly,369.88,19,67.3,1,True,1,Medium Risk
C22043,Basic,Monthly,485.61,10,49.6,2,False,3,High Risk
C22044,Basic,Monthly,410.35,26,22.9,4,True,2,Medium Risk
C22046,Standard,Monthly,697.36,9,58.2,1,True,2,Medium Risk
C22047,Basic,Annual,486.95,33,63.8,1,False,1,Medium Risk
C22048,Basic,Monthly,360.42,36,56.0,2,True,1,Medium Risk
C22049,Premium,Monthly,1032.46,22,47.0,3,True,2,Medium Risk
C22050,Standard,Monthly,770.16,1,40.7,3,True,3,High Risk
C22051,Standard,Annual,892.12,35,38.7,2,False,1,Medium Risk
C22052,Basic,Monthly,493.39,22,60.4,2,True,1,Medium Risk
C22053,Basic,Monthly,312.37,25,40.9,2,False,2,Medium Risk
C22054,Basic,Monthly,469.38,14,34.7,4,False,3,High Risk
C22055,Standard,Annual,789.33,22,39.3,3,True,1,Medium Risk
C22056,Basic,Annual,319.05,28,37.8,3,True,1,Medium Risk
C22057,Premium,Monthly,1300.84,2,50.2,2,False,3,High Risk
C22059,Basic,Monthly,437.83,25,48.1,3,False,3,High Risk
C22061,Basic,Monthly,324.09,24,23.1,4,False,3,High Risk
C22062,Premium,Monthly,1052.16,5,57.2,3,True,3,High Risk
C22064,Premium,Annual,1050.82,27,62.6,2,True,0,Low Risk
C22065,Premium,Monthly,1356.83,26,54.5,3,False,3,High Risk
C22066,Basic,Monthly,333.44,10,50.4,3,False,4,High Risk
C22067,Standard,Monthly,734.95,29,51.4,3,False,3,High Risk
C22069,Standard,Monthly,693.14,2,25.6,3,False,4,High Risk
C22071,Basic,Annual,335.22,33,12.8,4,False,3,High Risk
C22073,Basic,Annual,458.86,28,41.3,2,True,0,Low Risk
C22074,Standard,Monthly,639.23,2,54.1,1,False,3,High Risk
C22075,Standard,Annual,756.26,17,62.6,1,True,0,Low Risk
C22076,Standard,Monthly,796.31,7,59.7,1,False,3,High Risk
C22077,Standard,Annual,840.23,5,24.3,4,True,2,Medium Risk
C22078,Basic,Annual,445.53,27,57.0,1,True,0,Low Risk
C22079,Standard,Monthly,750.19,10,28.6,3,True,3,High Risk
C22080,Standard,Monthly,752.23,31,9.1,4,True,3,High Risk
C22081,Premium,Monthly,1257.75,26,33.6,3,False,3,High Risk
C22083,Premium,Annual,1131.04,16,33.5,4,True,1,Medium Risk
C22084,Basic,Monthly,388.42,25,33.9,3,True,2,Medium Risk
C22085,Standard,Monthly,749.16,35,2.3,4,False,4,High Risk
C22087,Basic,Monthly,330.05,12,44.0,4,False,3,High Risk
C22088,Basic,Monthly,484.99,5,12.3,4,True,4,High Risk
C22089,Premium,Monthly,1388.28,17,62.7,2,True,1,Medium Risk
C22090,Premium,Monthly,1413.4,8,31.4,3,True,3,High Risk
C22091,Standard,Monthly,713.66,23,48.6,2,True,1,Medium Risk
C22093,Basic,Annual,463.31,9,6.6,4,False,4,High Risk
C22094,Standard,Monthly,649.31,30,46.0,2,False,2,Medium Risk
C22095,Standard,Monthly,747.44,23,44.4,2,False,2,Medium Risk
C22096,Premium,Monthly,1143.86,6,60.2,1,False,3,High Risk
C22097,Premium,Monthly,1090.91,19,57.9,3,True,2,Medium Risk
C22098,Basic,Monthly,420.63,1,25.9,5,False,4,High Risk
C22099,Basic,Monthly,392.28,0,24.0,3,False,4,High Risk
C22101,Basic,Monthly,411.52,4,31.5,3,True,3,High Risk
C22102,Premium,Monthly,1453.25,30,61.5,1,True,1,Medium Risk
C22103,Standard,Annual,724.59,25,10.5,7,True,2,Medium Risk
C22104,Standard,Annual,835.72,28,65.8,1,True,0,Low Risk
C22106,Standard,Monthly,786.99,16,27.4,4,True,2,Medium Risk
C22107,Standard,Monthly,720.52,5,49.5,2,False,3,High Risk
C22108,Standard,Annual,713.42,14,21.1,4,True,1,Medium Risk
C22109,Premium,Monthly,1174.16,5,31.7,4,False,4,High Risk
C22110,Basic,Monthly,484.79,32,26.1,4,False,3,High Risk
C22112,Standard,Monthly,884.27,26,66.0,3,False,3,High Risk
C22113,Basic,Monthly,469.88,31,60.7,1,False,2,Medium Risk
C22114,Basic,Monthly,347.77,31,42.7,4,False,3,High Risk
C22115,Basic,Monthly,492.32,3,59.7,1,False,3,High Risk
C22119,Premium,Annual,1322.81,24,25.5,4,True,1,Medium Risk
C22120,Basic,Monthly,408.39,2,66.4,1,True,2,Medium Risk
C22121,Premium,Annual,1001.33,9,21.4,3,True,2,Medium Risk
C22122,Basic,Monthly,488.21,1,20.7,3,False,4,High Risk
C22123,Basic,Annual,486.69,8,32.1,3,True,2,Medium Risk
C22124,Premium,Monthly,1032.2,13,46.8,3,True,2,Medium Risk
C22125,Standard,Monthly,892.11,4,57.4,1,True,2,Medium Risk
C22126,Standard,Monthly,841.8,27,56.3,1,False,2,Medium Risk
C22127,Premium,Annual,1095.32,33,59.3,1,True,0,Low Risk
C22128,Standard,Annual,648.28,18,42.7,3,True,1,Medium Risk
C22130,Premium,Monthly,1290.47,25,26.4,4,True,2,Medium Risk
C22131,Standard,Annual,608.32,36,67.0,1,True,0,Low Risk
C22132,Standard,Monthly,747.68,22,33.5,3,False,3,High Risk
C22133,Basic,Monthly,324.77,34,21.0,3,True,2,Medium Risk
C22134,Basic,Monthly,366.82,34,47.7,2,False,2,Medium Risk
C22135,Standard,Annual,835.84,3,63.0,2,True,1,Medium Risk
C22136,Standard,Monthly,783.18,0,30.7,3,False,4,High Risk
C22137,Basic,Annual,397.99,15,56.2,2,True,0,Low Risk
C22138,Premium,Annual,1426.76,27,22.2,4,True,1,Medium Risk
C22140,Standard,Monthly,664.39,17,37.5,3,True,2,Medium Risk
C22141,Standard,Monthly,785.76,20,34.8,4,True,2,Medium Risk
C22142,Basic,Monthly,333.01,14,51.4,4,True,2,Medium Risk
C22144,Basic,Monthly,363.24,16,44.2,2,False,2,Medium Risk
C22145,Standard,Annual,692.38,17,35.2,4,True,1,Medium Risk
C22146,Standard,Monthly,607.36,4,28.7,5,True,3,High Risk
C22147,Premium,Monthly,1430.39,5,39.8,4,True,3,High Risk
C22148,Premium,Annual,1031.75,23,58.9,3,True,1,Medium Risk
C22149,Basic,Annual,372.84,29,52.9,2,True,0,Low Risk
C22151,Basic,Monthly,431.85,20,60.1,1,False,2,Medium Risk
C22152,Basic,Monthly,418.0,9,33.4,4,False,4,High Risk
C22153,Basic,Annual,402.0,36,33.2,3,True,1,Medium Risk
C22154,Basic,Annual,434.93,21,25.7,3,True,1,Medium Risk
C22155,Basic,Monthly,412.79,13,61.7,2,False,2,Medium Risk
C22157,Premium,Monthly,1428.26,4,54.7,2,False,3,High Risk
C22158,Basic,Annual,306.95,32,74.0,0,True,0,Low Risk
C22161,Standard,Monthly,761.55,29,66.0,1,True,1,Medium Risk
C22162,Premium,Monthly,1005.6,8,16.7,4,True,4,High Risk
C22163,Standard,Monthly,603.25,23,55.5,3,False,3,High Risk
C22164,Premium,Monthly,1489.31,21,45.9,3,False,3,High Risk
C22166,Basic,Monthly,448.86,9,67.8,2,False,3,High Risk
C22169,Basic,Annual,487.17,12,36.1,3,True,1,Medium Risk
C22170,Standard,Monthly,744.14,17,45.7,2,False,2,Medium Risk
C22171,Premium,Annual,1072.56,11,30.4,4,True,2,Medium Risk
C22172,Basic,Monthly,299.23,10,64.5,1,False,3,High Risk
C22173,Premium,Monthly,1310.56,15,28.7,5,True,2,Medium Risk
C22174,Premium,Annual,1333.2,35,61.3,3,False,2,Medium Risk
C22177,Basic,Monthly,324.66,22,53.3,2,True,1,Medium Risk
C22178,Basic,Annual,395.17,8,38.0,5,True,2,Medium Risk
C22181,Standard,Monthly,645.07,4,31.5,4,False,4,High Risk
C22183,Basic,Monthly,421.82,32,49.9,3,True,2,Medium Risk
C22185,Basic,Annual,387.61,22,22.5,4,True,1,Medium Risk
C22186,Premium,Monthly,1182.59,15,43.1,3,True,2,Medium Risk
C22187,Basic,Monthly,421.89,18,14.7,5,True,3,High Risk
C22189,Standard,Monthly,710.64,27,62.2,1,True,1,Medium Risk
C22190,Basic,Monthly,450.78,12,70.9,1,False,2,Medium Risk
C22191,Basic,Annual,410.56,18,53.3,3,True,1,Medium Risk
C22192,Premium,Annual,1110.84,31,55.2,2,True,0,Low Risk
C22194,Basic,Annual,412.63,27,72.8,1,True,0,Low Risk
C22197,Standard,Annual,676.7,31,18.6,5,False,3,High Risk
C22198,Standard,Annual,744.07,15,62.9,2,False,1,Medium Risk
C22199,Basic,Monthly,414.26,1,23.1,5,False,4,High Risk
C22200,Basic,Annual,397.62,23,59.4,1,False,1,Medium Risk
C22201,Basic,Monthly,385.04,14,68.9,1,True,1,Medium Risk
C22202,Basic,Annual,349.63,26,25.6,6,True,1,Medium Risk
C22203,Premium,Annual,1471.46,16,82.6,0,True,0,Low Risk
C22204,Basic,Annual,371.58,19,11.4,4,True,2,Medium Risk
C22205,Standard,Annual,647.17,10,18.5,4,True,3,High Risk
C22206,Basic,Monthly,325.28,12,37.0,2,False,2,Medium Risk
C22207,Basic,Monthly,405.09,2,16.2,5,False,5,High Risk
C22210,Standard,Annual,872.73,8,57.5,2,True,1,Medium Risk
C22211,Basic,Monthly,380.66,19,19.0,6,False,4,High Risk
C22212,Premium,Annual,1090.6,35,41.4,3,True,1,Medium Risk
C22213,Premium,Monthly,1014.94,15,55.5,2,True,1,Medium Risk
C22214,Premium,Annual,1252.23,33,32.8,5,True,1,Medium Risk
C22215,Standard,Annual,608.01,17,4.0,6,True,2,Medium Risk
C22219,Basic,Annual,374.63,33,38.0,5,True,1,Medium Risk
C22220,Basic,Monthly,326.33,11,4.6,5,True,4,High Risk
C22221,Standard,Annual,770.25,19,27.4,5,True,1,Medium Risk
C22222,Standard,Annual,887.86,32,45.6,2,False,1,Medium Risk
C22224,Premium,Monthly,1013.8,11,42.4,3,True,3,High Risk
C22225,Basic,Annual,306.17,20,57.4,3,True,1,Medium Risk
C22226,Premium,Monthly,1270.45,8,19.6,3,True,4,High Risk
C22227,Standard,Annual,778.42,21,52.4,2,True,0,Low Risk
C22228,Basic,Annual,380.89,31,29.7,3,True,1,Medium Risk
C22230,Standard,Monthly,633.29,0,28.4,4,True,3,High Risk
C22231,Standard,Monthly,740.68,21,60.8,1,True,1,Medium Risk
C22234,Standard,Monthly,822.44,32,28.1,3,False,3,High Risk
C22235,Standard,Monthly,599.64,31,33.3,2,True,1,Medium Risk
C22236,Basic,Annual,388.2,3,49.2,2,True,1,Medium Risk
C22237,Basic,Monthly,433.4,25,22.1,4,True,2,Medium Risk
C22238,Basic,Monthly,343.64,31,30.7,3,False,3,High Risk
C22239,Standard,Monthly,624.61,4,54.7,2,True,2,Medium Risk
C22240,Basic,Monthly,439.1,25,44.0,2,False,2,Medium Risk
C22241,Basic,Monthly,354.67,28,48.0,2,True,1,Medium Risk
C22242,Standard,Monthly,779.21,12,9.5,5,False,4,High Risk
C22243,Basic,Annual,448.72,34,48.8,2,True,0,Low Risk
C22244,Standard,Annual,744.94,17,34.3,3,True,1,Medium Risk
C22245,Premium,Monthly,1312.46,31,53.8,2,False,2,Medium Risk
C22247,Basic,Annual,410.74,17,27.1,4,True,1,Medium Risk
C22248,Basic,Monthly,361.0,0,51.9,2,True,2,Medium Risk
C22249,Premium,Monthly,1245.52,31,54.2,2,False,2,Medium Risk
C22250,Basic,Monthly,347.24,4,18.1,4,True,4,High Risk
C22252,Basic,Monthly,395.28,19,59.8,2,True,1,Medium Risk
C22254,Premium,Monthly,1355.01,3,21.9,6,True,3,High Risk
C22256,Basic,Monthly,328.45,16,59.6,1,False,2,Medium Risk
C22260,Standard,Annual,796.49,35,18.8,4,True,2,Medium Risk
C22261,Premium,Monthly,1117.96,35,69.1,1,True,1,Medium Risk
C22262,Basic,Monthly,327.07,11,20.9,5,True,3,High Risk
C22264,Standard,Monthly,639.02,33,52.8,2,True,1,Medium Risk
C22267,Basic,Monthly,385.96,28,17.1,4,True,3,High Risk
C22268,Premium,Monthly,1195.63,32,39.4,3,True,2,Medium Risk
C22269,Basic,Monthly,466.04,25,16.2,3,True,3,High Risk
C22270,Basic,Annual,394.01,35,25.4,4,True,1,Medium Risk
C22271,Basic,Monthly,437.53,9,67.7,3,True,3,High Risk
C22274,Standard,Monthly,679.91,10,50.3,2,True,2,Medium Risk
C22275,Basic,Monthly,368.75,24,24.6,5,True,2,Medium Risk
C22276,Basic,Annual,416.19,36,20.1,4,True,1,Medium Risk
C22278,Standard,Monthly,615.6,34,29.2,5,False,3,High Risk
C22279,Basic,Monthly,487.16,27,4.4,5,False,4,High Risk
C22280,Premium,Monthly,1144.11,16,69.0,1,False,2,Medium Risk
C22282,Basic,Monthly,313.41,16,21.0,5,True,2,Medium Risk
C22284,Basic,Monthly,468.77,19,31.6,3,True,2,Medium Risk
C22286,Premium,Monthly,1422.23,3,26.5,5,True,3,High Risk
C22287,Basic,Monthly,428.52,23,22.6,3,False,3,High Risk
C22288,Standard,Monthly,886.22,34,8.3,4,False,4,High Risk
C22289,Basic,Monthly,493.52,2,34.2,3,True,3,High Risk
C22290,Basic,Annual,483.6,36,72.5,1,True,0,Low Risk
C22292,Standard,Annual,723.16,26,7.0,4,True,2,Medium Risk
C22293,Premium,Annual,1378.81,30,11.6,5,False,3,High Risk
C22294,Basic,Monthly,340.86,9,38.0,2,True,2,Medium Risk
C22295,Basic,Monthly,456.95,28,63.8,1,False,2,Medium Risk
C22297,Premium,Monthly,1426.84,8,26.5,4,False,4,High Risk
C22298,Standard,Annual,809.02,15,56.5,1,True,0,Low Risk
C22299,Standard,Annual,668.15,2,35.4,2,True,1,Medium Risk
C22300,Basic,Annual,393.47,24,53.7,1,False,1,Medium Risk
C22304,Premium,Monthly,1293.54,5,44.8,4,True,3,High Risk
C22305,Basic,Annual,478.6,16,23.6,4,True,1,Medium Risk
C22306,Standard,Annual,603.98,36,3.3,5,True,2,Medium Risk
C22307,Standard,Annual,659.77,24,39.8,2,False,1,Medium Risk
C22308,Basic,Monthly,441.26,12,31.2,4,False,3,High Risk
C22309,Standard,Monthly,890.4,5,0.4,5,False,5,High Risk
C22311,Basic,Monthly,350.47,9,35.8,7,False,4,High Risk
C22313,Standard,Annual,813.57,24,10.6,4,True,2,Medium Risk
C22314,Basic,Annual,323.24,26,70.5,1,True,0,Low Risk
C22315,Basic,Monthly,480.87,12,39.1,3,False,3,High Risk
C22317,Premium,Monthly,1278.98,33,18.1,4,True,3,High Risk
C22318,Standard,Monthly,739.34,8,50.2,1,False,3,High Risk
C22319,Basic,Annual,493.65,13,22.2,6,False,2,Medium Risk
C22320,Premium,Annual,1462.64,15,39.5,2,True,0,Low Risk
C22321,Standard,Monthly,865.91,14,41.3,3,False,3,High Risk
C22324,Basic,Monthly,400.33,30,45.7,3,False,3,High Risk
C22325,Premium,Monthly,1289.59,8,59.6,2,False,3,High Risk
C22326,Basic,Monthly,308.51,5,58.6,1,True,2,Medium Risk
C22327,Standard,Annual,607.43,30,31.5,3,True,1,Medium Risk
C22328,Basic,Monthly,447.8,20,66.1,1,False,2,Medium Risk
C22329,Standard,Monthly,623.78,11,47.0,2,True,2,Medium Risk
C22330,Premium,Monthly,1099.73,12,14.0,5,False,4,High Risk
C22331,Standard,Monthly,659.21,2,60.9,3,False,4,High Risk
C22332,Basic,Monthly,456.36,5,68.9,1,False,3,High Risk
C22333,Premium,Monthly,1194.76,6,69.6,1,True,2,Medium Risk
C22334,Standard,Monthly,685.43,16,40.6,2,True,1,Medium Risk
C22336,Standard,Annual,799.04,17,4.9,7,True,2,Medium Risk
C22337,Premium,Monthly,1344.75,21,72.1,1,True,1,Medium Risk
C22338,Premium,Annual,1133.56,34,68.7,1,True,0,Low Risk
C22339,Standard,Monthly,773.99,1,42.7,3,True,3,High Risk
C22340,Basic,Annual,307.47,0,64.4,1,False,2,Medium Risk
C22342,Premium,Annual,1318.55,21,55.1,2,True,0,Low Risk
C22344,Basic,Monthly,425.19,21,78.8,0,True,1,Medium Risk
C22345,Basic,Monthly,303.15,21,57.2,2,True,1,Medium Risk
C22346,Standard,Monthly,690.71,12,26.2,5,False,3,High Risk
C22347,Basic,Monthly,354.48,30,81.7,0,False,2,Medium Risk
C22349,Standard,Monthly,665.87,19,57.5,1,False,2,Medium Risk
C22350,Standard,Monthly,729.23,19,15.3,4,False,4,High Risk
C22351,Standard,Monthly,715.26,35,47.9,2,True,1,Medium Risk
C22352,Basic,Annual,338.52,32,28.7,3,True,1,Medium Risk
C22353,Basic,Annual,310.68,25,74.1,1,False,1,Medium Risk
C22354,Premium,Annual,1347.25,30,22.3,4,True,1,Medium Risk
C22356,Basic,Monthly,307.91,16,73.3,1,False,2,Medium Risk
C22357,Standard,Monthly,631.81,34,20.3,5,False,3,High Risk
C22358,Basic,Annual,352.33,33,0.0,7,True,2,Medium Risk
C22359,Premium,Monthly,1460.85,17,43.6,2,False,2,Medium Risk
C22360,Basic,Monthly,487.64,17,74.3,1,False,2,Medium Risk
C22362,Basic,Annual,388.9,35,53.5,1,False,1,Medium Risk
C22363,Basic,Monthly,482.39,3,45.4,2,False,3,High Risk
C22364,Standard,Monthly,678.77,21,35.9,4,True,2,Medium Risk
C22367,Basic,Monthly,312.49,19,17.3,4,False,4,High Risk
C22368,Standard,Annual,658.84,21,66.3,2,True,0,Low Risk
C22369,Standard,Monthly,852.33,13,64.5,2,False,2,Medium Risk
C22370,Premium,Annual,1156.89,27,29.9,4,True,1,Medium Risk
C22371,Basic,Annual,409.94,26,53.3,1,True,0,Low Risk
C22372,Standard,Monthly,731.89,0,22.3,3,False,4,High Risk
C22375,Standard,Monthly,833.18,1,15.1,4,False,5,High Risk
C22376,Basic,Monthly,357.1,4,48.1,3,False,4,High Risk
C22377,Basic,Annual,438.99,19,24.1,4,True,1,Medium Risk
C22378,Premium,Annual,1168.52,30,36.6,4,True,1,Medium Risk
C22379,Basic,Annual,340.5,32,40.3,4,False,2,Medium Risk
C22380,Premium,Monthly,1216.35,21,59.0,1,True,1,Medium Risk
C22381,Premium,Monthly,1066.67,35,43.9,3,True,2,Medium Risk
C22382,Standard,Annual,841.95,18,32.8,3,True,1,Medium Risk
C22383,Premium,Monthly,1176.44,19,42.6,2,False,2,Medium Risk
C22384,Basic,Annual,381.18,16,29.4,4,True,1,Medium Risk
C22385,Standard,Annual,749.69,27,43.3,4,True,1,Medium Risk
C22386,Basic,Annual,492.67,13,44.4,2,True,0,Low Risk
C22388,Basic,Monthly,356.17,9,67.0,1,True,2,Medium Risk
C22389,Standard,Annual,673.82,34,27.7,5,True,1,Medium Risk
C22390,Premium,Annual,1463.0,31,34.5,3,True,1,Medium Risk
C22391,Basic,Monthly,359.53,16,59.5,1,False,2,Medium Risk
C22392,Standard,Monthly,669.53,4,34.6,3,True,3,High Risk
C22393,Basic,Annual,309.76,30,6.0,4,True,2,Medium Risk
C22394,Premium,Annual,1274.32,12,62.4,2,True,0,Low Risk
C22395,Basic,Annual,301.48,22,31.2,3,True,1,Medium Risk
C22396,Basic,Monthly,474.44,9,53.2,2,False,3,High Risk
C22398,Premium,Monthly,1166.58,32,68.8,1,False,2,Medium Risk
C22399,Standard,Monthly,620.55,2,40.3,3,True,3,High Risk
C22400,Basic,Monthly,309.45,13,51.4,1,True,1,Medium Risk
C22401,Basic,Monthly,339.64,11,4.0,6,False,5,High Risk
C22402,Basic,Monthly,318.55,1,45.0,2,True,2,Medium Risk
C22404,Basic,Monthly,405.08,2,37.2,3,False,4,High Risk
C22406,Basic,Monthly,429.27,4,0.0,6,True,4,High Risk
C22407,Basic,Annual,332.07,3,26.4,4,True,2,Medium Risk
C22408,Basic,Annual,449.47,19,17.1,4,False,3,High Risk
C22409,Basic,Monthly,422.38,6,41.7,4,False,4,High Risk
C22410,Standard,Monthly,710.18,3,45.9,2,False,3,High Risk
C22412,Basic,Annual,474.4,26,51.7,1,False,1,Medium Risk
C22413,Basic,Monthly,373.51,19,49.6,3,False,3,High Risk
C22414,Basic,Annual,462.16,24,43.7,3,True,1,Medium Risk
C22416,Premium,Monthly,1234.98,21,55.7,3,True,2,Medium Risk
C22417,Premium,Monthly,1102.44,1,22.5,4,False,4,High Risk
C22419,Basic,Annual,306.95,12,25.1,4,True,1,Medium Risk
C22420,Premium,Monthly,1220.84,25,67.6,1,True,1,Medium Risk
C22421,Standard,Monthly,753.42,19,57.7,2,False,2,Medium Risk
C22422,Standard,Annual,627.26,23,69.4,0,True,0,Low Risk
C22423,Basic,Monthly,433.61,7,61.3,1,True,2,Medium Risk
C22424,Standard,Monthly,633.58,21,53.6,2,False,2,Medium Risk
C22425,Premium,Annual,1433.11,34,77.9,0,True,0,Low Risk
C22426,Premium,Annual,1230.23,36,27.8,3,False,2,Medium Risk
C22427,Premium,Annual,1328.35,25,59.2,2,True,0,Low Risk
C22428,Standard,Monthly,851.72,31,51.1,3,True,2,Medium Risk
C22429,Basic,Monthly,425.75,2,14.9,6,True,4,High Risk
C22430,Basic,Monthly,313.27,12,52.4,3,True,2,Medium Risk
C22431,Standard,Monthly,614.16,0,54.2,4,False,4,High Risk
C22432,Standard,Annual,811.32,22,12.0,5,True,2,Medium Risk
C22435,Premium,Monthly,1053.92,18,53.4,2,True,1,Medium Risk
C22436,Premium,Annual,1106.29,32,37.6,4,True,1,Medium Risk
C22437,Premium,Annual,1323.04,35,75.6,0,True,0,Low Risk
C22439,Premium,Monthly,1067.86,7,58.2,3,False,4,High Risk
C22441,Basic,Annual,372.99,20,34.0,3,True,1,Medium Risk
C22442,Basic,Annual,485.87,14,32.9,3,True,1,Medium Risk
C22443,Premium,Monthly,1269.23,13,37.5,4,True,2,Medium Risk
C22444,Premium,Annual,1021.16,26,22.6,4,True,1,Medium Risk
C22445,Basic,Monthly,420.32,19,3.2,4,True,3,High Risk
C22446,Premium,Monthly,1060.24,24,45.8,2,False,2,Medium Risk
C22447,Premium,Monthly,1440.37,11,47.1,3,False,4,High Risk
C22449,Standard,Monthly,619.08,6,25.1,5,False,4,High Risk
C22450,Basic,Monthly,428.33,6,54.3,1,False,3,High Risk
C22452,Standard,Monthly,735.99,7,33.3,3,False,4,High Risk
C22453,Standard,Monthly,736.89,9,58.7,4,False,4,High Risk
C22454,Standard,Annual,849.64,32,15.5,4,True,2,Medium Risk
C22455,Basic,Annual,470.35,34,20.5,3,True,1,Medium Risk
C22456,Basic,Monthly,408.14,19,48.7,2,True,1,Medium Risk
C22457,Basic,Monthly,410.09,14,8.5,4,False,4,High Risk
C22458,Premium,Annual,1391.52,34,8.6,5,True,2,Medium Risk
C22459,Basic,Monthly,491.23,23,44.5,3,False,3,High Risk
C22460,Basic,Monthly,404.59,10,77.6,1,True,2,Medium Risk
C22461,Basic,Monthly,399.59,6,14.2,4,False,5,High Risk
C22463,Basic,Monthly,301.19,14,18.9,3,False,4,High Risk
C22465,Basic,Monthly,471.57,35,33.0,4,True,2,Medium Risk
C22466,Basic,Annual,421.36,4,57.5,2,True,1,Medium Risk
C22467,Standard,Monthly,654.21,0,54.0,3,False,4,High Risk
C22468,Standard,Monthly,648.55,14,60.2,2,True,1,Medium Risk
C22469,Premium,Monthly,1414.85,30,40.2,2,True,1,Medium Risk
C22470,Standard,Monthly,721.94,34,65.6,2,False,2,Medium Risk
C22471,Premium,Annual,1404.87,27,41.4,3,True,1,Medium Risk
C22472,Basic,Monthly,428.84,5,64.8,3,False,4,High Risk
C22473,Basic,Annual,382.28,33,47.7,3,True,1,Medium Risk
C22474,Standard,Monthly,810.12,7,78.3,1,True,2,Medium Risk
C22476,Basic,Monthly,363.75,20,59.2,3,False,3,High Risk
C22477,Basic,Monthly,457.77,4,40.8,4,True,3,High Risk
C22480,Basic,Annual,301.9,14,25.8,5,True,1,Medium Risk
C22481,Basic,Annual,306.86,10,31.0,5,True,2,Medium Risk
C22482,Standard,Monthly,692.99,12,18.5,4,False,4,High Risk
C22483,Basic,Annual,455.87,30,15.7,8,True,2,Medium Risk
C22484,Standard,Annual,863.58,15,22.0,4,True,1,Medium Risk
C22486,Standard,Monthly,819.89,27,27.9,5,False,3,High Risk
C22487,Standard,Monthly,679.73,10,42.9,2,False,3,High Risk
C22488,Basic,Annual,481.83,30,16.4,3,True,2,Medium Risk
C22490,Premium,Monthly,1361.23,9,46.0,2,False,3,High Risk
C22492,Basic,Annual,339.56,24,27.9,5,True,1,Medium Risk
C22494,Basic,Monthly,386.66,3,32.2,3,False,4,High Risk
C22495,Basic,Annual,492.95,28,56.2,1,True,0,Low Risk
C22496,Standard,Monthly,781.28,34,60.4,3,False,3,High Risk
C22497,Premium,Monthly,1144.72,31,25.6,3,False,3,High Risk
C22500,Basic,Annual,337.82,17,69.1,2,True,0,Low Risk
C22502,Basic,Annual,480.47,20,64.5,1,True,0,Low Risk
C22503,Standard,Monthly,665.67,20,14.5,4,True,3,High Risk
C22504,Basic,Annual,424.07,12,32.3,3,True,1,Medium Risk
C22505,Basic,Monthly,485.33,13,60.6,1,True,1,Medium Risk
C22508,Standard,Monthly,855.63,27,53.7,2,True,1,Medium Risk
C22509,Standard,Monthly,838.63,8,7.5,4,False,5,High Risk
C22510,Basic,Monthly,492.33,29,30.3,3,False,3,High Risk
C22511,Premium,Monthly,1333.78,21,21.6,3,False,3,High Risk
C22512,Basic,Monthly,328.2,1,26.2,3,False,4,High Risk
C22515,Standard,Annual,897.17,26,42.3,2,True,0,Low Risk
C22516,Basic,Annual,433.26,33,27.0,3,True,1,Medium Risk
C22517,Basic,Annual,339.11,20,41.5,3,True,1,Medium Risk
C22518,Standard,Monthly,815.72,13,33.5,3,False,3,High Risk
C22519,Standard,Annual,701.8,32,30.8,3,False,2,Medium Risk
C22523,Standard,Monthly,778.36,30,5.8,4,False,4,High Risk
C22524,Standard,Monthly,647.33,34,67.9,1,False,2,Medium Risk
C22525,Basic,Monthly,397.07,0,43.3,2,False,3,High Risk
C22530,Basic,Annual,415.89,34,32.7,2,False,1,Medium Risk
C22531,Basic,Annual,316.68,19,26.4,4,True,1,Medium Risk
C22534,Basic,Annual,412.32,30,53.2,3,True,1,Medium Risk
C22535,Standard,Monthly,655.62,0,41.9,3,False,4,High Risk
C22536,Basic,Monthly,359.25,3,15.8,4,True,4,High Risk
C22537,Basic,Monthly,447.91,15,24.2,4,True,2,Medium Risk
C22538,Basic,Monthly,415.6,0,61.9,1,False,3,High Risk
C22539,Standard,Annual,680.36,12,30.2,3,False,2,Medium Risk
C22541,Basic,Annual,422.84,27,47.2,3,True,1,Medium Risk
C22543,Premium,Monthly,1302.36,24,60.9,1,False,2,Medium Risk
C22544,Standard,Annual,640.54,12,69.8,1,False,1,Medium Risk
C22545,Standard,Monthly,653.89,10,67.3,1,True,2,Medium Risk
C22547,Basic,Annual,367.08,31,64.3,2,True,0,Low Risk
C22548,Standard,Monthly,824.65,29,52.9,2,True,1,Medium Risk
C22549,Basic,Monthly,447.46,15,16.1,6,False,4,High Risk
C22551,Standard,Annual,751.53,9,20.1,4,False,3,High Risk
C22552,Standard,Monthly,880.24,12,32.4,3,True,2,Medium Risk
C22553,Standard,Annual,599.29,33,59.5,2,True,0,Low Risk
C22554,Premium,Annual,1388.39,27,84.6,1,False,1,Medium Risk
C22556,Basic,Monthly,314.77,2,75.2,1,True,2,Medium Risk
C22559,Basic,Monthly,315.14,34,0.8,6,True,3,High Risk
C22562,Premium,Monthly,1175.5,28,58.5,2,False,2,Medium Risk
C22563,Standard,Monthly,893.62,30,53.6,2,False,2,Medium Risk
C22565,Basic,Monthly,484.48,34,59.9,1,False,2,Medium Risk
C22566,Premium,Annual,1380.94,21,39.2,3,True,1,Medium Risk
C22567,Premium,Annual,1097.7,27,45.1,2,True,0,Low Risk
C22568,Premium,Monthly,1157.23,4,44.3,3,False,4,High Risk
C22569,Standard,Monthly,700.16,22,25.9,3,False,3,High Risk
C22570,Standard,Monthly,778.88,13,26.8,4,False,3,High Risk
C22571,Standard,Monthly,746.2,13,74.8,1,False,2,Medium Risk
C22572,Premium,Monthly,1293.9,4,70.1,1,True,2,Medium Risk
C22573,Standard,Monthly,819.81,11,27.0,3,True,3,High Risk
C22574,Basic,Monthly,454.37,15,22.7,4,True,2,Medium Risk
C22576,Basic,Annual,435.46,35,59.8,2,False,1,Medium Risk
C22577,Basic,Annual,352.24,29,43.0,3,True,1,Medium Risk
C22580,Basic,Annual,416.8,12,79.2,1,True,0,Low Risk
C22582,Basic,Monthly,428.31,30,23.0,5,False,3,High Risk
C22583,Basic,Monthly,420.25,11,76.1,1,False,3,High Risk
C22584,Basic,Annual,407.19,28,62.3,1,False,1,Medium Risk
C22585,Standard,Monthly,702.1,19,25.1,4,False,3,High Risk
C22588,Standard,Annual,768.2,34,36.3,3,False,2,Medium Risk
C22589,Basic,Monthly,462.76,7,57.5,2,True,2,Medium Risk
C22590,Standard,Annual,610.9,1,70.1,2,True,1,Medium Risk
C22593,Basic,Annual,323.21,15,27.1,3,True,1,Medium Risk
C22595,Standard,Monthly,610.39,34,40.6,4,True,2,Medium Risk
C22597,Premium,Monthly,1233.68,33,34.3,6,False,3,High Risk
C22598,Basic,Monthly,409.88,25,21.9,3,True,2,Medium Risk
C22599,Standard,Monthly,751.52,0,27.1,4,False,4,High Risk
C22601,Basic,Monthly,377.99,16,26.9,4,False,3,High Risk
C22602,Basic,Monthly,455.72,4,38.4,3,True,3,High Risk
C22603,Basic,Monthly,435.0,32,46.1,3,False,3,High Risk
C22604,Basic,Monthly,411.54,18,44.7,2,False,2,Medium Risk
C22605,Standard,Monthly,788.49,24,39.8,4,True,2,Medium Risk
C22606,Basic,Annual,370.62,31,35.2,3,True,1,Medium Risk
C22607,Premium,Monthly,1491.1,19,59.6,1,True,1,Medium Risk
C22608,Premium,Monthly,1180.86,23,36.4,3,False,3,High Risk
C22609,Standard,Monthly,862.8,3,63.2,1,False,3,High Risk
C22610,Basic,Annual,305.01,21,35.8,6,True,1,Medium Risk
C22611,Basic,Annual,399.7,12,39.7,2,False,1,Medium Risk
C22612,Standard,Annual,709.3,27,28.0,3,True,1,Medium Risk
C22613,Premium,Monthly,1219.04,31,39.2,2,True,1,Medium Risk
C22617,Premium,Monthly,1256.22,6,47.7,2,False,3,High Risk
C22618,Basic,Monthly,399.56,24,11.0,4,False,4,High Risk
C22619,Standard,Monthly,868.28,25,64.5,0,False,2,Medium Risk
C22620,Standard,Monthly,865.31,0,52.7,2,True,2,Medium Risk
C22622,Standard,Monthly,672.42,29,62.7,2,True,1,Medium Risk
C22624,Premium,Monthly,1224.17,17,70.5,1,True,1,Medium Risk
C22625,Standard,Annual,785.39,16,68.9,2,True,0,Low Risk
C22626,Standard,Annual,811.18,4,78.7,3,True,2,Medium Risk
C22627,Standard,Monthly,708.62,27,45.9,2,False,2,Medium Risk
C22628,Basic,Monthly,326.29,31,37.4,3,False,3,High Risk
C22629,Premium,Annual,1172.35,5,54.3,1,True,1,Medium Risk
C22632,Premium,Monthly,1380.36,3,42.9,2,True,2,Medium Risk
C22633,Basic,Monthly,395.82,5,33.5,5,False,4,High Risk
C22634,Standard,Annual,660.07,4,23.6,4,True,2,Medium Risk
C22636,Premium,Monthly,1333.14,14,16.0,5,True,3,High Risk
C22637,Basic,Monthly,354.42,4,50.4,2,False,3,High Risk
C22639,Standard,Monthly,819.22,25,63.3,2,True,1,Medium Risk
C22640,Basic,Monthly,443.18,15,0.6,5,False,4,High Risk
C22641,Basic,Monthly,351.67,33,39.6,4,True,2,Medium Risk
C22643,Standard,Monthly,753.54,28,37.5,3,True,2,Medium Risk
C22645,Basic,Monthly,347.54,13,40.2,2,True,1,Medium Risk
C22646,Premium,Monthly,1304.23,0,70.4,3,False,4,High Risk
C22648,Standard,Annual,618.26,35,37.1,3,True,1,Medium Risk
C22651,Basic,Annual,389.05,25,43.8,2,True,0,Low Risk
C22652,Basic,Monthly,470.03,18,25.5,4,False,3,High Risk
C22653,Basic,Annual,402.07,24,20.1,4,True,1,Medium Risk
C22655,Basic,Monthly,453.32,6,56.6,2,False,3,High Risk
C22657,Standard,Monthly,763.15,3,34.1,3,False,4,High Risk
C22658,Premium,Monthly,1354.83,7,26.5,4,False,4,High Risk
C22661,Basic,Annual,416.14,15,49.7,2,True,0,Low Risk
C22663,Basic,Monthly,403.24,7,79.0,0,False,3,High Risk
C22664,Premium,Annual,1402.99,0,26.0,3,False,3,High Risk
C22666,Standard,Annual,746.37,25,50.7,2,True,0,Low Risk
C22670,Standard,Monthly,757.93,12,49.1,3,False,3,High Risk
C22672,Basic,Monthly,460.13,29,42.6,3,True,2,Medium Risk
C22673,Standard,Monthly,671.34,3,63.3,3,False,4,High Risk
C22674,Basic,Monthly,372.53,4,46.5,2,False,3,High Risk
C22675,Standard,Monthly,830.75,26,35.5,5,False,3,High Risk
C22676,Standard,Annual,606.08,15,31.3,4,True,1,Medium Risk
C22678,Standard,Annual,709.13,35,26.1,5,True,1,Medium Risk
C22679,Standard,Monthly,713.6,8,38.6,4,False,4,High Risk
C22680,Premium,Monthly,1301.16,21,8.6,4,False,4,High Risk
C22681,Basic,Monthly,376.18,2,59.7,2,True,2,Medium Risk
C22682,Standard,Monthly,631.1,31,26.8,7,True,2,Medium Risk
C22683,Basic,Annual,469.32,21,38.2,4,True,1,Medium Risk
C22685,Standard,Monthly,741.36,23,65.2,1,False,2,Medium Risk
C22686,Premium,Monthly,1436.99,12,16.8,6,False,4,High Risk
C22687,Standard,Monthly,798.48,17,31.1,4,False,3,High Risk
C22689,Basic,Annual,462.25,15,53.1,2,True,0,Low Risk
C22690,Basic,Monthly,472.97,15,39.9,5,False,3,High Risk
C22691,Basic,Annual,491.04,25,40.9,2,False,1,Medium Risk
C22692,Premium,Monthly,1153.83,3,21.1,3,False,4,High Risk
C22693,Standard,Monthly,659.83,20,29.1,3,False,3,High Risk
C22694,Standard,Monthly,613.68,26,21.4,3,False,3,High Risk
C22695,Premium,Monthly,1102.38,12,20.5,3,False,3,High Risk
C22697,Basic,Monthly,414.08,35,46.7,3,False,3,High Risk
C22699,Basic,Monthly,468.69,4,36.9,5,False,4,High Risk
C22700,Basic,Monthly,368.31,11,23.3,4,True,3,High Risk
C22701,Standard,Monthly,731.99,17,61.8,2,True,1,Medium Risk
C22702,Premium,Monthly,1137.15,8,64.5,1,True,2,Medium Risk
C22703,Standard,Annual,608.77,32,59.3,1,True,0,Low Risk
C22704,Standard,Annual,824.18,28,38.0,3,False,2,Medium Risk
C22706,Standard,Monthly,791.43,7,47.8,3,True,3,High Risk
C22707,Basic,Annual,341.41,29,15.8,5,True,2,Medium Risk
C22708,Basic,Monthly,343.06,4,29.5,3,False,4,High Risk
C22709,Standard,Annual,886.88,30,66.9,1,True,0,Low Risk
C22710,Basic,Monthly,322.63,2,68.2,0,True,2,Medium Risk
C22711,Standard,Monthly,758.05,24,37.3,3,False,3,High Risk
C22712,Premium,Annual,1010.9,24,19.8,5,False,3,High Risk
C22715,Standard,Annual,650.36,26,2.7,5,True,2,Medium Risk
C22716,Standard,Monthly,792.89,7,64.2,1,False,3,High Risk
C22718,Premium,Annual,1151.18,10,18.5,5,True,3,High Risk
C22719,Standard,Annual,687.03,15,11.2,5,True,2,Medium Risk
C22722,Basic,Annual,473.6,36,6.6,5,True,2,Medium Risk
C22723,Standard,Annual,777.14,28,76.4,0,True,0,Low Risk
C22724,Premium,Monthly,1054.57,0,49.6,2,False,3,High Risk
C22725,Standard,Monthly,670.16,33,47.7,3,True,2,Medium Risk
C22727,Standard,Monthly,649.8,34,21.7,3,False,3,High Risk
C22728,Standard,Monthly,835.75,10,34.6,3,True,3,High Risk
C22729,Premium,Monthly,1195.12,6,41.8,3,False,4,High Risk
C22732,Standard,Monthly,804.04,7,64.6,2,False,3,High Risk
C22737,Premium,Monthly,1239.87,14,36.0,4,False,3,High Risk
C22738,Premium,Annual,1141.33,25,39.4,2,False,1,Medium Risk
C22739,Basic,Monthly,389.89,22,35.9,4,True,2,Medium Risk
C22740,Basic,Annual,443.13,18,41.8,2,True,0,Low Risk
C22741,Standard,Monthly,614.74,2,35.6,3,False,4,High Risk
C22742,Premium,Annual,1465.13,34,25.9,4,True,1,Medium Risk
C22743,Basic,Monthly,311.28,27,45.1,3,False,3,High Risk
C22744,Basic,Monthly,354.53,19,47.4,2,False,2,Medium Risk
C22746,Standard,Monthly,743.08,15,32.9,4,True,2,Medium Risk
C22748,Standard,Monthly,835.4,9,38.0,3,True,3,High Risk
C22749,Standard,Monthly,872.26,30,53.4,2,True,1,Medium Risk
C22752,Basic,Annual,329.52,34,19.9,4,True,2,Medium Risk
C22753,Basic,Monthly,310.03,1,27.3,3,True,3,High Risk
C22755,Standard,Monthly,801.76,17,60.0,2,False,2,Medium Risk
C22757,Basic,Monthly,333.09,34,32.7,3,False,3,High Risk
C22759,Basic,Monthly,442.86,17,35.5,4,True,2,Medium Risk
C22763,Basic,Monthly,475.76,14,36.7,2,False,2,Medium Risk
C22764,Standard,Monthly,872.71,28,70.1,4,True,2,Medium Risk
C22766,Premium,Annual,1367.43,0,57.3,2,True,1,Medium Risk
C22767,Premium,Monthly,1480.21,27,28.5,4,True,2,Medium Risk
C22771,Premium,Monthly,1064.42,23,18.4,3,False,4,High Risk
C22773,Standard,Monthly,814.33,8,53.1,2,False,3,High Risk
C22774,Premium,Monthly,1464.34,4,19.9,4,True,4,High Risk
C22775,Basic,Monthly,315.12,31,38.4,4,False,3,High Risk
C22776,Basic,Monthly,494.23,11,65.7,1,False,3,High Risk
C22777,Basic,Annual,366.44,27,34.9,4,True,1,Medium Risk
C22778,Standard,Annual,819.25,4,22.0,5,True,2,Medium Risk
C22779,Premium,Annual,1111.06,16,68.4,2,True,0,Low Risk
C22780,Basic,Monthly,378.18,13,50.4,2,True,1,Medium Risk
C22782,Basic,Annual,414.07,25,19.6,5,True,2,Medium Risk
C22783,Basic,Annual,494.81,34,51.5,2,False,1,Medium Risk
C22784,Standard,Monthly,707.15,20,76.6,2,False,2,Medium Risk
C22785,Basic,Monthly,311.16,4,42.2,2,True,2,Medium Risk
C22786,Standard,Annual,808.54,9,56.5,2,True,1,Medium Risk
C22787,Basic,Annual,393.56,4,59.1,1,False,2,Medium Risk
C22788,Premium,Monthly,1217.17,6,64.3,1,True,2,Medium Risk
C22790,Premium,Monthly,1076.15,34,67.1,3,False,3,High Risk
C22793,Basic,Monthly,391.15,15,80.9,1,False,2,Medium Risk
C22794,Premium,Annual,1265.48,24,61.1,1,True,0,Low Risk
C22795,Standard,Monthly,711.29,31,67.0,1,False,2,Medium Risk
C22797,Basic,Monthly,347.77,8,41.6,3,True,3,High Risk
C22798,Standard,Monthly,837.1,0,25.2,4,True,3,High Risk
C22799,Basic,Monthly,488.27,5,75.6,0,True,2,Medium Risk
C22801,Premium,Monthly,1080.7,14,73.1,1,False,2,Medium Risk
C22802,Basic,Annual,429.29,30,55.9,2,False,1,Medium Risk
C22803,Basic,Annual,394.53,28,15.2,5,True,2,Medium Risk
C22806,Basic,Monthly,467.86,10,62.3,2,True,2,Medium Risk
C22807,Basic,Annual,447.61,9,46.4,2,True,1,Medium Risk
C22808,Basic,Annual,386.66,21,22.7,3,True,1,Medium Risk
C22809,Premium,Annual,1318.83,33,43.3,2,True,0,Low Risk
C22811,Standard,Monthly,887.53,24,10.1,4,True,3,High Risk
C22813,Basic,Monthly,467.77,17,17.4,4,True,3,High Risk
C22814,Basic,Annual,467.22,23,26.0,3,True,1,Medium Risk
C22815,Standard,Monthly,752.51,0,75.5,1,True,2,Medium Risk
C22816,Basic,Monthly,429.37,26,18.5,4,True,3,High Risk
C22817,Basic,Monthly,386.65,2,75.3,0,True,2,Medium Risk
C22819,Basic,Annual,360.24,7,12.3,5,True,3,High Risk
C22820,Standard,Monthly,892.68,17,59.9,2,False,2,Medium Risk
C22822,Basic,Annual,360.22,29,49.4,3,True,1,Medium Risk
C22823,Premium,Monthly,1423.69,16,40.4,3,True,2,Medium Risk
C22826,Standard,Monthly,623.31,3,25.0,3,False,4,High Risk
C22827,Standard,Monthly,686.72,14,56.4,3,False,3,High Risk
C22828,Basic,Monthly,382.45,32,60.5,3,True,2,Medium Risk
C22829,Standard,Monthly,785.96,22,33.1,4,False,3,High Risk
C22830,Premium,Monthly,1440.96,3,33.1,3,True,3,High Risk
C22832,Basic,Annual,487.0,4,42.6,2,False,2,Medium Risk
C22833,Standard,Annual,696.18,17,46.5,2,True,0,Low Risk
C22836,Premium,Monthly,1070.27,18,48.9,4,False,3,High Risk
C22837,Premium,Monthly,1098.74,20,29.4,3,True,2,Medium Risk
C22838,Standard,Monthly,841.42,32,47.4,2,True,1,Medium Risk
C22839,Standard,Annual,735.46,25,53.9,2,True,0,Low Risk
C22840,Standard,Monthly,802.88,24,14.0,5,False,4,High Risk
C22841,Standard,Annual,893.97,23,39.5,4,True,1,Medium Risk
C22842,Premium,Monthly,1419.09,22,60.4,1,True,1,Medium Risk
C22843,Standard,Monthly,775.11,20,54.3,3,True,2,Medium Risk
C22844,Premium,Monthly,1445.75,15,41.2,2,False,2,Medium Risk
C22845,Basic,Monthly,411.62,32,39.5,3,True,2,Medium Risk
C22847,Basic,Monthly,299.49,35,59.8,2,False,2,Medium Risk
C22848,Standard,Monthly,732.08,4,24.3,3,False,4,High Risk
C22849,Basic,Monthly,414.1,23,42.9,3,False,3,High Risk
C22851,Basic,Monthly,335.92,3,15.7,3,False,5,High Risk
C22853,Basic,Annual,404.32,20,59.6,3,True,1,Medium Risk
C22854,Basic,Annual,468.4,36,36.8,2,False,1,Medium Risk
C22855,Standard,Annual,824.75,26,69.7,1,False,1,Medium Risk
C22856,Standard,Monthly,663.34,10,59.8,2,False,3,High Risk
C22857,Standard,Annual,739.61,35,19.1,5,True,2,Medium Risk
C22858,Premium,Annual,1465.26,17,77.3,0,True,0,Low Risk
C22860,Standard,Annual,727.56,30,9.6,4,True,2,Medium Risk
C22861,Basic,Monthly,335.67,14,60.0,4,True,2,Medium Risk
C22862,Basic,Monthly,316.05,1,30.1,3,True,3,High Risk
C22863,Standard,Monthly,791.89,18,41.0,3,False,3,High Risk
C22864,Premium,Annual,1367.36,31,39.4,3,True,1,Medium Risk
C22865,Basic,Annual,483.52,22,22.6,4,True,1,Medium Risk
C22867,Basic,Monthly,397.71,27,49.4,2,True,1,Medium Risk
C22868,Standard,Annual,641.14,30,40.9,2,True,0,Low Risk
C22870,Standard,Monthly,802.64,4,9.6,5,True,4,High Risk
C22873,Basic,Annual,398.41,1,22.7,3,False,3,High Risk
C22875,Premium,Annual,1400.88,28,62.9,1,True,0,Low Risk
C22878,Standard,Monthly,670.74,27,52.6,2,False,2,Medium Risk
C22879,Basic,Monthly,438.46,3,47.3,2,True,2,Medium Risk
C22880,Standard,Monthly,626.35,13,24.5,4,True,2,Medium Risk
C22881,Standard,Monthly,674.67,28,9.5,4,True,3,High Risk
C22882,Basic,Annual,433.38,24,57.6,1,True,0,Low Risk
C22883,Basic,Annual,410.73,14,51.0,3,False,2,Medium Risk
C22884,Basic,Annual,350.03,34,56.7,1,True,0,Low Risk
C22887,Premium,Monthly,1335.88,8,57.6,1,False,3,High Risk
C22891,Standard,Monthly,835.15,13,65.2,1,False,2,Medium Risk
C22893,Standard,Monthly,712.23,22,44.2,4,False,3,High Risk
C22894,Standard,Annual,835.19,25,47.0,3,False,2,Medium Risk
C22895,Standard,Monthly,830.7,23,15.6,4,False,4,High Risk
C22896,Premium,Annual,1308.03,29,29.0,4,True,1,Medium Risk
C22897,Premium,Monthly,1041.43,17,16.0,4,True,3,High Risk
C22898,Standard,Monthly,785.41,3,47.4,4,True,3,High Risk
C22899,Premium,Annual,1380.33,24,26.6,4,True,1,Medium Risk
C22900,Basic,Monthly,427.16,23,33.1,4,True,2,Medium Risk
C22901,Basic,Annual,344.0,35,56.2,2,True,0,Low Risk
C22902,Premium,Annual,1202.37,35,17.8,5,True,2,Medium Risk
C22903,Standard,Monthly,855.02,10,58.9,1,True,2,Medium Risk
C22905,Standard,Annual,667.2,35,62.2,2,True,0,Low Risk
C22906,Basic,Monthly,496.41,27,41.6,5,False,3,High Risk
C22907,Basic,Monthly,452.93,6,54.9,2,False,3,High Risk
C22909,Basic,Monthly,312.65,1,73.6,0,True,2,Medium Risk
C22910,Basic,Annual,468.43,33,48.1,3,False,2,Medium Risk
C22911,Basic,Annual,469.77,29,74.0,1,True,0,Low Risk
C22912,Premium,Monthly,1115.98,2,29.1,5,True,3,High Risk
C22915,Standard,Monthly,858.26,16,34.2,4,True,2,Medium Risk
C22917,Standard,Annual,716.54,29,20.5,5,True,1,Medium Risk
C22918,Standard,Annual,699.56,13,48.9,3,False,2,Medium Risk
C22919,Basic,Annual,452.84,1,36.8,3,True,2,Medium Risk
C22920,Basic,Annual,434.91,0,78.7,0,True,1,Medium Risk
C22921,Basic,Annual,399.7,14,18.7,4,True,2,Medium Risk
C22922,Standard,Annual,809.03,35,49.7,3,True,1,Medium Risk
C22924,Basic,Monthly,460.94,5,57.5,1,False,3,High Risk
C22925,Standard,Monthly,616.55,27,28.8,4,True,2,Medium Risk
C22926,Basic,Annual,459.94,31,38.6,3,True,1,Medium Risk
C22927,Basic,Monthly,315.51,26,56.0,1,False,2,Medium Risk
C22928,Premium,Annual,1319.15,23,16.2,5,True,2,Medium Risk
C22929,Standard,Monthly,615.43,29,48.5,2,True,1,Medium Risk
C22930,Basic,Annual,396.5,32,32.7,4,True,1,Medium Risk
C22931,Standard,Annual,837.66,12,26.2,3,False,2,Medium Risk
C22932,Premium,Monthly,1415.47,11,52.3,3,False,4,High Risk
C22933,Standard,Monthly,645.39,20,17.3,3,False,4,High Risk
C22934,Standard,Monthly,848.52,25,27.5,3,False,3,High Risk
C22935,Basic,Annual,357.84,21,39.5,2,False,1,Medium Risk
C22936,Basic,Monthly,416.34,1,50.5,2,True,2,Medium Risk
C22937,Standard,Monthly,664.35,1,4.6,5,True,4,High Risk
C22938,Basic,Monthly,493.69,8,57.4,2,True,2,Medium Risk
C22939,Basic,Annual,496.21,35,37.6,3,True,1,Medium Risk
C22940,Basic,Monthly,429.6,8,42.4,3,True,3,High Risk
C22941,Standard,Monthly,806.88,3,55.4,1,False,3,High Risk
C22942,Basic,Annual,324.87,20,32.5,3,True,1,Medium Risk
C22944,Basic,Monthly,380.51,20,37.6,4,True,2,Medium Risk
C22946,Basic,Annual,479.43,18,10.2,4,True,2,Medium Risk
C22947,Standard,Monthly,687.03,6,17.6,5,False,5,High Risk
C22948,Premium,Monthly,1318.8,14,22.0,5,True,2,Medium Risk
C22949,Basic,Monthly,356.0,5,50.5,3,True,3,High Risk
C22950,Premium,Monthly,1222.27,10,36.8,3,True,3,High Risk
C22952,Premium,Monthly,1117.07,7,36.5,4,False,4,High Risk
C22953,Standard,Annual,648.85,33,17.0,4,True,2,Medium Risk
C22954,Premium,Monthly,1083.56,22,56.2,4,False,3,High Risk
C22955,Basic,Annual,450.33,14,45.6,2,True,0,Low Risk
C22957,Standard,Monthly,618.83,34,33.7,2,True,1,Medium Risk
C22959,Premium,Monthly,1105.35,12,40.0,3,True,2,Medium Risk
C22963,Basic,Monthly,400.99,13,55.3,3,False,3,High Risk
C22964,Standard,Monthly,839.09,26,17.9,4,False,4,High Risk
C22965,Standard,Annual,610.18,30,55.5,2,True,0,Low Risk
C22966,Basic,Monthly,404.17,16,72.8,0,True,1,Medium Risk
C22967,Standard,Monthly,793.63,5,28.9,3,True,3,High Risk
C22968,Premium,Annual,1447.37,24,18.1,4,True,2,Medium Risk
C22969,Standard,Monthly,847.37,7,35.7,2,False,3,High Risk
C22971,Standard,Monthly,874.98,5,66.2,1,True,2,Medium Risk
C22972,Basic,Monthly,363.31,15,61.8,1,False,2,Medium Risk
C22973,Premium,Annual,1075.41,31,21.6,5,False,2,Medium Risk
C22974,Premium,Annual,1344.26,20,42.2,2,True,0,Low Risk
C22976,Standard,Monthly,688.54,10,62.1,2,True,2,Medium Risk
C22977,Standard,Annual,804.69,17,76.7,2,True,0,Low Risk
C22978,Basic,Annual,409.12,25,34.9,3,True,1,Medium Risk
C22979,Premium,Monthly,1115.59,12,76.5,0,False,2,Medium Risk
C22980,Premium,Monthly,1275.76,27,45.0,4,False,3,High Risk
C22981,Basic,Annual,380.09,25,62.5,2,True,0,Low Risk
C22982,Basic,Monthly,449.23,32,27.1,4,False,3,High Risk
C22983,Basic,Monthly,312.57,10,58.7,2,False,3,High Risk
C22984,Standard,Monthly,778.73,16,39.9,2,False,2,Medium Risk
C22985,Basic,Annual,333.08,35,54.6,3,True,1,Medium Risk
C22986,Basic,Monthly,475.4,2,45.3,2,False,3,High Risk
C22987,Basic,Monthly,322.99,9,53.4,2,False,3,High Risk
C22988,Standard,Monthly,845.77,26,67.9,1,True,1,Medium Risk
C22989,Basic,Monthly,471.55,14,36.5,3,False,3,High Risk
C22990,Basic,Monthly,346.89,14,55.0,2,False,2,Medium Risk
C22991,Basic,Annual,344.07,34,50.5,3,True,1,Medium Risk
C22992,Premium,Monthly,1225.1,30,57.2,1,False,2,Medium Risk
C22993,Standard,Monthly,667.32,1,60.7,3,False,4,High Risk
C22994,Basic,Monthly,413.94,10,16.9,4,False,5,High Risk
C22996,Standard,Monthly,843.72,16,10.8,6,False,4,High Risk
C22997,Standard,Monthly,778.59,27,68.4,1,False,2,Medium Risk
C23000,Basic,Monthly,379.53,21,31.1,4,False,3,High Risk
C23001,Basic,Monthly,335.96,1,46.4,2,True,2,Medium Risk
C23002,Standard,Monthly,682.19,3,76.4,2,False,3,High Risk
C23004,Basic,Monthly,308.33,9,52.8,2,True,2,Medium Risk
C23005,Basic,Annual,364.38,18,29.1,3,True,1,Medium Risk
C23006,Basic,Monthly,326.64,11,32.6,3,False,4,High Risk
C23007,Basic,Annual,478.82,30,23.5,4,True,1,Medium Risk
C23008,Basic,Annual,468.14,17,59.1,2,False,1,Medium Risk
C23009,Standard,Monthly,724.44,7,23.9,3,True,3,High Risk
C23012,Basic,Annual,472.33,32,41.3,2,True,0,Low Risk
C23013,Standard,Monthly,883.29,17,60.3,1,True,1,Medium Risk
C23014,Premium,Monthly,1431.15,21,40.9,3,True,2,Medium Risk
C23016,Basic,Monthly,487.74,26,26.1,4,True,2,Medium Risk
C23017,Standard,Annual,625.41,14,56.7,2,True,0,Low Risk
C23018,Standard,Annual,841.67,8,26.1,3,True,2,Medium Risk
C23019,Premium,Monthly,1022.76,4,46.0,4,True,3,High Risk
C23020,Premium,Annual,1250.62,14,37.1,3,True,1,Medium Risk
C23021,Basic,Monthly,431.82,12,45.3,3,True,2,Medium Risk
C23024,Premium,Monthly,1280.6,17,0.8,6,False,4,High Risk
C23025,Premium,Annual,1377.86,10,38.6,2,True,1,Medium Risk
C23026,Premium,Monthly,1218.91,26,36.6,3,True,2,Medium Risk
C23028,Basic,Monthly,404.13,2,6.2,6,True,4,High Risk
C23030,Basic,Monthly,403.71,16,18.4,4,False,4,High Risk
C23031,Basic,Monthly,485.35,7,11.4,4,False,5,High Risk
C23034,Premium,Monthly,1371.59,28,32.5,3,False,3,High Risk
C23035,Basic,Monthly,329.01,13,44.3,3,True,2,Medium Risk
C23036,Premium,Monthly,999.31,23,40.9,2,False,2,Medium Risk
C23037,Basic,Monthly,381.78,29,20.6,4,False,3,High Risk
C23040,Premium,Monthly,1209.6,31,34.7,3,False,3,High Risk
C23041,Standard,Annual,689.72,13,24.2,3,True,1,Medium Risk
C23043,Basic,Monthly,380.41,23,46.6,2,False,2,Medium Risk
C23044,Basic,Annual,466.47,31,20.8,4,True,1,Medium Risk
C23045,Basic,Monthly,449.89,13,47.8,3,False,3,High Risk
C23046,Basic,Monthly,373.29,4,6.1,5,True,4,High Risk
C23047,Basic,Monthly,476.65,5,39.1,2,True,2,Medium Risk
C23048,Standard,Annual,898.64,22,33.0,5,True,1,Medium Risk
C23050,Standard,Annual,833.03,21,35.0,3,False,2,Medium Risk
C23051,Standard,Annual,623.91,5,33.5,3,True,2,Medium Risk
C23052,Basic,Monthly,453.79,15,31.1,3,True,2,Medium Risk
C23055,Basic,Monthly,397.64,0,48.5,3,False,4,High Risk
C23056,Basic,Monthly,327.02,33,51.4,2,False,2,Medium Risk
C23057,Basic,Annual,321.22,36,50.7,2,False,1,Medium Risk
C23058,Basic,Monthly,456.01,3,43.3,2,True,2,Medium Risk
C23059,Premium,Monthly,1412.8,13,78.4,0,False,2,Medium Risk
C23061,Standard,Monthly,606.3,9,33.2,3,False,4,High Risk
C23062,Standard,Monthly,674.51,9,30.9,4,True,3,High Risk
C23063,Basic,Monthly,359.59,3,15.5,4,False,5,High Risk
C23064,Premium,Monthly,1432.17,9,1.8,5,False,5,High Risk
C23065,Premium,Monthly,1113.8,10,39.4,2,True,2,Medium Risk
C23068,Basic,Monthly,383.72,21,18.0,4,True,3,High Risk
C23069,Premium,Monthly,1326.85,20,59.2,2,False,2,Medium Risk
C23070,Standard,Monthly,897.71,15,60.2,2,False,2,Medium Risk
C23072,Standard,Monthly,683.9,27,51.2,2,True,1,Medium Risk
C23073,Basic,Monthly,368.26,11,35.5,3,False,4,High Risk
C23074,Standard,Monthly,736.69,15,46.1,2,False,2,Medium Risk
C23075,Standard,Annual,783.43,25,46.6,3,True,1,Medium Risk
C23076,Standard,Annual,704.42,25,18.8,3,False,3,High Risk
C23077,Basic,Monthly,306.91,10,31.1,4,False,4,High Risk
C23078,Premium,Annual,1168.8,15,53.9,1,False,1,Medium Risk
C23080,Basic,Monthly,343.68,3,39.3,2,False,3,High Risk
C23081,Basic,Monthly,458.16,5,65.7,1,False,3,High Risk
C23082,Premium,Annual,1492.43,5,22.4,5,True,2,Medium Risk
C23083,Basic,Annual,386.39,20,40.5,4,True,1,Medium Risk
C23085,Premium,Annual,1290.25,35,55.3,1,True,0,Low Risk
C23086,Basic,Monthly,468.58,6,60.1,2,False,3,High Risk
C23090,Standard,Annual,855.04,21,27.0,3,False,2,Medium Risk
C23091,Standard,Monthly,807.86,14,0.0,6,True,3,High Risk
C23092,Premium,Monthly,1459.96,2,12.4,6,True,4,High Risk
C23093,Basic,Annual,439.58,23,27.1,4,True,1,Medium Risk
C23094,Basic,Annual,350.48,29,26.3,5,True,1,Medium Risk
C23095,Premium,Annual,1273.37,34,45.4,2,False,1,Medium Risk
C23096,Basic,Monthly,333.28,24,54.9,3,False,3,High Risk
C23097,Standard,Monthly,833.64,13,69.2,1,True,1,Medium Risk
C23098,Basic,Monthly,388.69,27,49.6,2,True,1,Medium Risk
C23101,Premium,Monthly,1097.01,12,11.7,5,False,4,High Risk
C23102,Standard,Monthly,611.38,22,0.0,5,False,4,High Risk
C23104,Basic,Annual,312.84,26,56.8,1,True,0,Low Risk
C23105,Basic,Annual,388.27,1,64.8,1,True,1,Medium Risk
C23109,Basic,Monthly,360.59,6,15.7,4,False,5,High Risk
C23110,Basic,Monthly,379.86,0,25.0,6,False,4,High Risk
C23111,Basic,Annual,415.33,0,49.2,2,True,1,Medium Risk
C23113,Basic,Monthly,343.83,0,33.6,3,False,4,High Risk
C23114,Basic,Monthly,374.18,22,59.8,2,False,2,Medium Risk
C23115,Basic,Annual,396.98,34,63.9,2,False,1,Medium Risk
C23116,Standard,Annual,865.82,27,48.5,4,True,1,Medium Risk
C23118,Basic,Annual,498.11,33,54.2,3,True,1,Medium Risk
C23120,Basic,Annual,301.74,20,14.8,4,True,2,Medium Risk
C23121,Basic,Monthly,430.77,20,44.5,4,True,2,Medium Risk
C23122,Premium,Monthly,1493.89,24,53.9,1,False,2,Medium Risk
C23123,Basic,Annual,454.74,9,43.8,2,True,1,Medium Risk
C23124,Standard,Monthly,709.61,2,56.0,2,False,3,High Risk
C23126,Basic,Annual,330.19,29,3.6,6,True,2,Medium Risk
C23128,Standard,Monthly,660.63,33,37.2,4,True,2,Medium Risk
C23129,Standard,Monthly,833.3,4,10.4,6,False,5,High Risk
C23130,Basic,Annual,318.45,31,16.1,5,True,2,Medium Risk
C23131,Standard,Annual,698.98,10,25.1,4,True,2,Medium Risk
C23132,Standard,Monthly,646.43,16,25.6,5,True,2,Medium Risk
C23133,Standard,Monthly,869.53,2,61.3,1,False,3,High Risk
C23135,Basic,Monthly,481.48,0,39.3,2,False,3,High Risk
C23136,Standard,Monthly,736.66,27,37.0,3,True,2,Medium Risk
C23137,Basic,Annual,317.58,33,23.9,4,False,2,Medium Risk
C23138,Standard,Monthly,641.3,20,31.4,3,True,2,Medium Risk
C23139,Basic,Monthly,307.57,12,34.5,3,False,3,High Risk
C23143,Standard,Annual,801.2,9,53.6,3,True,2,Medium Risk
C23144,Premium,Monthly,1190.01,16,48.3,2,True,1,Medium Risk
C23145,Standard,Monthly,613.35,0,29.4,4,False,4,High Risk
C23146,Standard,Monthly,634.4,26,55.1,3,True,2,Medium Risk
C23147,Standard,Monthly,644.56,22,50.3,3,True,2,Medium Risk
C23149,Basic,Monthly,437.39,34,51.6,2,False,2,Medium Risk
C23150,Basic,Monthly,317.9,3,51.7,3,False,4,High Risk
C23151,Basic,Monthly,463.28,3,53.9,3,True,3,High Risk
C23152,Standard,Monthly,608.77,19,38.2,3,True,2,Medium Risk
C23153,Premium,Annual,1324.25,13,49.1,3,False,2,Medium Risk
C23154,Basic,Annual,432.48,4,22.4,3,True,2,Medium Risk
C23155,Basic,Annual,376.57,22,32.3,4,True,1,Medium Risk
C23157,Premium,Annual,1120.2,24,5.7,6,True,2,Medium Risk
C23158,Basic,Monthly,428.1,22,51.9,3,False,3,High Risk
C23160,Premium,Annual,1353.55,32,65.5,1,True,0,Low Risk
C23161,Premium,Annual,1471.72,30,54.3,2,False,1,Medium Risk
C23163,Basic,Annual,388.66,23,29.8,3,True,1,Medium Risk
C23165,Basic,Annual,387.66,28,48.8,2,False,1,Medium Risk
C23166,Premium,Annual,1339.59,24,19.7,4,True,2,Medium Risk
C23167,Basic,Monthly,348.85,33,64.4,1,False,2,Medium Risk
C23168,Basic,Annual,304.84,34,70.0,1,True,0,Low Risk
C23169,Basic,Monthly,340.12,19,50.0,2,False,2,Medium Risk
C23171,Basic,Monthly,315.51,24,35.0,3,False,3,High Risk
C23173,Standard,Monthly,600.57,24,62.3,1,False,2,Medium Risk
C23174,Premium,Monthly,1451.45,25,46.7,3,True,2,Medium Risk
C23175,Basic,Monthly,498.22,8,52.9,3,False,4,High Risk
C23176,Premium,Monthly,1142.99,35,46.8,3,True,2,Medium Risk
C23178,Standard,Monthly,859.92,1,54.6,1,True,2,Medium Risk
C23180,Basic,Monthly,387.56,25,58.3,1,True,1,Medium Risk
C23181,Standard,Monthly,692.44,14,67.5,3,False,3,High Risk
C23183,Standard,Annual,660.87,16,56.6,2,False,1,Medium Risk
C23184,Basic,Annual,411.59,25,46.3,2,True,0,Low Risk
C23185,Standard,Monthly,693.88,6,11.1,4,False,5,High Risk
C23187,Premium,Annual,1068.71,35,29.5,3,True,1,Medium Risk
C23188,Basic,Annual,438.17,34,52.0,4,False,2,Medium Risk
C23189,Basic,Monthly,430.78,3,35.2,3,True,3,High Risk
C23192,Standard,Monthly,897.4,15,44.7,2,False,2,Medium Risk
C23193,Standard,Monthly,721.65,13,67.3,1,False,2,Medium Risk
C23196,Standard,Monthly,685.85,14,13.0,4,False,4,High Risk
C23198,Basic,Monthly,324.64,32,16.6,4,True,3,High Risk
C23200,Basic,Monthly,442.89,9,54.9,2,True,2,Medium Risk
C23201,Standard,Annual,718.77,24,43.0,4,True,1,Medium Risk
C23202,Standard,Monthly,782.73,25,66.9,2,False,2,Medium Risk
C23203,Basic,Monthly,404.13,33,52.6,2,True,1,Medium Risk
C23204,Standard,Monthly,882.15,18,21.7,5,False,3,High Risk
C23206,Standard,Monthly,660.97,10,42.4,2,True,2,Medium Risk
C23207,Basic,Monthly,494.4,22,46.0,2,False,2,Medium Risk
C23208,Basic,Annual,487.3,23,12.3,5,True,2,Medium Risk
C23210,Basic,Monthly,329.6,32,18.6,5,True,3,High Risk
C23211,Basic,Monthly,345.25,18,46.4,3,True,2,Medium Risk
C23212,Basic,Monthly,320.21,10,24.5,3,False,4,High Risk
C23214,Premium,Monthly,1125.99,12,49.4,3,True,2,Medium Risk
C23215,Basic,Monthly,368.27,28,17.9,4,False,4,High Risk
C23217,Premium,Annual,1388.42,26,68.0,2,True,0,Low Risk
C23218,Standard,Monthly,897.3,10,65.0,1,False,3,High Risk
C23219,Basic,Monthly,384.03,7,69.3,1,True,2,Medium Risk
C23220,Basic,Annual,366.63,20,49.7,2,True,0,Low Risk
C23221,Standard,Monthly,769.86,33,34.0,3,True,2,Medium Risk
C23222,Standard,Monthly,730.23,13,11.7,5,True,3,High Risk
C23225,Premium,Monthly,1163.27,32,41.6,2,False,2,Medium Risk
C23226,Basic,Monthly,379.42,14,36.0,2,False,2,Medium Risk
C23227,Premium,Annual,1092.09,7,26.1,4,True,2,Medium Risk
C23229,Premium,Annual,1189.41,19,10.1,6,False,3,High Risk
C23230,Premium,Annual,1068.25,32,16.5,4,True,2,Medium Risk
C23231,Standard,Monthly,740.79,10,64.1,2,False,3,High Risk
C23232,Basic,Monthly,491.07,24,14.0,4,False,4,High Risk
C23233,Basic,Monthly,398.87,12,61.2,1,False,2,Medium Risk
C23234,Basic,Annual,469.38,20,66.5,3,True,1,Medium Risk
C23235,Basic,Monthly,455.59,24,46.4,2,False,2,Medium Risk
C23236,Standard,Monthly,634.68,10,48.2,3,True,3,High Risk
C23238,Premium,Monthly,1422.19,18,26.1,4,False,3,High Risk
C23239,Basic,Annual,343.09,28,9.2,5,True,2,Medium Risk
C23241,Basic,Monthly,468.75,16,42.8,2,False,2,Medium Risk
C23242,Basic,Monthly,397.98,34,21.7,5,False,3,High Risk
C23243,Basic,Monthly,327.46,22,10.9,6,False,4,High Risk
C23244,Basic,Monthly,406.99,9,70.5,1,True,2,Medium Risk
C23246,Basic,Monthly,453.52,35,32.4,3,False,3,High Risk
C23247,Basic,Monthly,400.11,29,51.0,2,False,2,Medium Risk
C23248,Basic,Monthly,370.23,31,49.3,2,False,2,Medium Risk
C23250,Premium,Annual,1281.36,35,36.2,3,True,1,Medium Risk
C23251,Standard,Monthly,813.26,0,38.0,4,False,4,High Risk
C23253,Standard,Monthly,690.17,2,4.0,5,False,5,High Risk
C23255,Standard,Monthly,738.08,10,20.6,3,False,4,High Risk
C23256,Standard,Annual,602.69,34,63.3,1,True,0,Low Risk
C23257,Standard,Monthly,667.77,4,68.2,1,True,2,Medium Risk
C23259,Basic,Annual,462.82,2,61.7,4,True,2,Medium Risk
C23260,Basic,Annual,488.91,34,57.7,3,True,1,Medium Risk
C23261,Standard,Monthly,751.11,10,62.2,2,True,2,Medium Risk
C23262,Standard,Monthly,682.77,1,45.4,2,True,2,Medium Risk
C23263,Standard,Monthly,703.63,6,16.9,6,False,5,High Risk
C23264,Basic,Monthly,373.38,10,64.0,2,True,2,Medium Risk
C23265,Basic,Annual,386.37,21,16.3,6,True,2,Medium Risk
C23266,Standard,Monthly,730.55,36,66.0,2,True,1,Medium Risk
C23267,Standard,Annual,848.18,36,25.8,3,False,2,Medium Risk
C23268,Standard,Annual,842.78,25,25.2,4,True,1,Medium Risk
C23270,Basic,Monthly,392.8,23,50.7,1,False,2,Medium Risk
C23272,Basic,Annual,349.59,0,61.6,1,True,1,Medium Risk
C23274,Standard,Monthly,776.67,31,35.3,4,True,2,Medium Risk
C23275,Basic,Annual,443.99,8,56.6,1,True,1,Medium Risk
C23277,Premium,Monthly,1496.19,20,6.6,4,True,3,High Risk
C23278,Basic,Monthly,493.71,16,35.6,2,True,1,Medium Risk
C23280,Basic,Monthly,467.14,19,66.7,1,False,2,Medium Risk
C23283,Premium,Monthly,1060.02,11,67.3,1,False,3,High Risk
C23285,Standard,Monthly,813.5,8,28.0,5,True,3,High Risk
C23286,Standard,Annual,630.84,26,21.6,3,True,1,Medium Risk
C23287,Premium,Monthly,1391.38,22,43.1,2,False,2,Medium Risk
C23288,Basic,Monthly,481.54,15,29.7,3,False,3,High Risk
C23289,Basic,Monthly,344.65,16,21.8,4,False,3,High Risk
C23290,Premium,Monthly,1479.16,3,24.4,4,False,4,High Risk
C23291,Basic,Annual,469.75,28,35.7,3,True,1,Medium Risk
C23294,Basic,Monthly,479.54,24,58.2,2,True,1,Medium Risk
C23296,Standard,Annual,821.75,31,31.8,3,True,1,Medium Risk
C23297,Basic,Monthly,422.85,11,40.4,4,False,4,High Risk
C23298,Basic,Monthly,359.33,15,19.6,5,False,4,High Risk
C23300,Premium,Monthly,1148.63,11,43.3,2,False,3,High Risk
C23301,Basic,Monthly,438.91,11,52.1,2,False,3,High Risk
C23302,Standard,Annual,765.07,22,60.9,1,True,0,Low Risk
C23304,Standard,Annual,889.83,21,39.1,2,True,0,Low Risk
C23305,Basic,Annual,330.48,0,36.1,3,True,2,Medium Risk
C23307,Standard,Annual,611.85,19,27.8,5,True,1,Medium Risk
C23308,Standard,Annual,766.6,3,75.0,3,True,2,Medium Risk
C23309,Standard,Annual,634.4,18,50.2,3,True,1,Medium Risk
C23310,Basic,Annual,474.29,35,22.9,4,False,2,Medium Risk
C23311,Basic,Monthly,364.53,20,28.2,3,False,3,High Risk
C23312,Standard,Monthly,658.28,14,30.5,3,True,2,Medium Risk
C23313,Basic,Monthly,319.36,23,53.4,2,True,1,Medium Risk
C23315,Standard,Monthly,707.19,14,18.0,4,True,3,High Risk
C23316,Basic,Monthly,470.73,34,51.1,2,True,1,Medium Risk
C23318,Standard,Monthly,898.68,30,64.1,1,False,2,Medium Risk
C23319,Premium,Monthly,1244.45,21,13.9,5,False,4,High Risk
C23320,Premium,Annual,1163.75,14,24.8,4,True,1,Medium Risk
C23323,Basic,Annual,469.92,18,72.8,2,True,0,Low Risk
C23327,Standard,Monthly,677.11,23,48.8,3,False,3,High Risk
C23328,Basic,Monthly,336.6,17,25.4,6,False,3,High Risk
C23330,Standard,Annual,847.92,12,59.9,1,False,1,Medium Risk
C23331,Standard,Annual,777.68,6,36.4,3,True,2,Medium Risk
C23332,Standard,Annual,625.34,34,18.4,5,True,2,Medium Risk
C23334,Basic,Monthly,306.32,30,35.3,3,True,2,Medium Risk
C23335,Standard,Monthly,816.47,34,52.1,3,False,3,High Risk
C23336,Premium,Monthly,1060.17,30,67.6,3,True,2,Medium Risk
C23337,Standard,Annual,604.31,7,42.6,2,False,2,Medium Risk
C23338,Basic,Monthly,458.89,13,46.1,3,False,3,High Risk
C23339,Premium,Annual,1092.63,24,54.5,1,True,0,Low Risk
C23340,Basic,Monthly,303.84,15,55.7,1,False,2,Medium Risk
C23341,Standard,Monthly,631.12,20,21.1,4,False,3,High Risk
C23343,Standard,Monthly,847.48,20,40.5,4,False,3,High Risk
C23344,Basic,Monthly,312.6,29,42.0,4,False,3,High Risk
C23346,Premium,Monthly,1007.51,24,16.1,5,False,4,High Risk
C23347,Basic,Annual,300.5,27,53.2,3,True,1,Medium Risk
C23349,Basic,Monthly,349.78,2,7.0,4,False,5,High Risk
C23350,Standard,Monthly,813.63,14,31.0,3,True,2,Medium Risk
C23351,Premium,Monthly,1006.73,9,52.3,2,False,3,High Risk
C23352,Basic,Monthly,344.46,18,33.5,4,True,2,Medium Risk
C23353,Premium,Monthly,1131.96,10,47.4,2,True,2,Medium Risk
C23354,Basic,Monthly,490.87,1,60.6,2,True,2,Medium Risk
C23355,Premium,Annual,1433.48,24,30.8,4,True,1,Medium Risk
C23356,Basic,Annual,450.22,29,47.0,2,False,1,Medium Risk
C23358,Basic,Monthly,434.21,19,55.2,3,False,3,High Risk
C23361,Basic,Monthly,323.26,15,49.2,2,False,2,Medium Risk
C23362,Basic,Annual,345.79,28,70.5,1,True,0,Low Risk
C23364,Standard,Annual,778.86,36,75.2,0,True,0,Low Risk
C23365,Basic,Monthly,471.16,7,50.6,2,False,3,High Risk
C23366,Premium,Monthly,1487.01,20,14.4,6,True,3,High Risk
C23367,Standard,Annual,746.5,34,8.0,6,True,2,Medium Risk
C23368,Basic,Monthly,449.25,16,57.1,2,False,2,Medium Risk
C23369,Basic,Monthly,334.79,12,18.1,7,True,3,High Risk
C23370,Standard,Annual,889.62,33,51.5,3,False,2,Medium Risk
C23371,Basic,Annual,367.82,32,17.9,5,True,2,Medium Risk
C23372,Basic,Annual,401.13,32,37.3,2,True,0,Low Risk
C23373,Basic,Monthly,334.35,13,44.5,2,True,1,Medium Risk
C23374,Standard,Annual,697.73,0,36.9,4,True,2,Medium Risk
C23375,Premium,Monthly,1255.38,21,49.4,5,True,2,Medium Risk
C23377,Basic,Annual,345.3,19,25.3,3,True,1,Medium Risk
C23378,Basic,Annual,497.95,2,21.7,4,True,2,Medium Risk
C23381,Standard,Monthly,882.71,8,42.7,2,False,3,High Risk
C23382,Standard,Monthly,644.38,16,67.6,1,False,2,Medium Risk
C23383,Standard,Annual,640.54,28,44.0,4,True,1,Medium Risk
C23385,Standard,Annual,664.28,34,66.6,1,True,0,Low Risk
C23386,Basic,Monthly,332.19,26,39.8,4,False,3,High Risk
C23387,Basic,Monthly,341.38,32,44.1,2,False,2,Medium Risk
C23388,Standard,Annual,615.48,33,13.1,5,True,2,Medium Risk
C23390,Premium,Monthly,1366.99,7,67.6,1,True,2,Medium Risk
C23392,Premium,Monthly,1029.06,29,57.5,2,True,1,Medium Risk
C23393,Basic,Monthly,421.38,27,14.7,4,True,3,High Risk
C23396,Basic,Monthly,458.01,0,32.3,5,True,3,High Risk
C23397,Premium,Annual,1089.41,8,55.0,3,True,2,Medium Risk
C23398,Basic,Monthly,434.11,19,36.9,3,False,3,High Risk
C23400,Basic,Monthly,354.91,16,72.1,2,True,1,Medium Risk
C23401,Standard,Monthly,754.51,24,14.8,4,False,4,High Risk
C23402,Premium,Monthly,1358.69,2,60.7,1,True,2,Medium Risk
C23404,Standard,Annual,710.6,34,25.9,4,True,1,Medium Risk
C23407,Basic,Monthly,395.22,27,13.9,4,True,3,High Risk
C23408,Standard,Monthly,796.41,34,30.2,3,False,3,High Risk
C23409,Premium,Monthly,1445.64,11,61.5,2,False,3,High Risk
C23410,Standard,Monthly,600.74,25,25.6,4,True,2,Medium Risk
C23411,Basic,Monthly,345.37,19,62.8,1,False,2,Medium Risk
C23413,Premium,Monthly,1341.11,6,20.8,3,True,3,High Risk
C23415,Standard,Monthly,717.63,1,54.8,2,False,3,High Risk
C23416,Premium,Annual,1158.94,25,34.2,4,False,2,Medium Risk
C23417,Premium,Annual,1228.43,32,81.2,0,True,0,Low Risk
C23419,Basic,Annual,423.89,25,47.5,2,True,0,Low Risk
C23420,Standard,Annual,861.55,35,58.4,4,True,1,Medium Risk
C23422,Standard,Monthly,642.82,12,42.9,2,True,1,Medium Risk
C23423,Premium,Annual,1287.25,31,63.0,2,True,0,Low Risk
C23424,Standard,Annual,753.98,5,76.6,1,True,1,Medium Risk
C23425,Standard,Annual,845.74,35,51.2,2,False,1,Medium Risk
C23426,Basic,Annual,447.27,20,60.6,2,True,0,Low Risk
C23427,Basic,Monthly,374.3,0,37.6,3,True,3,High Risk
C23428,Basic,Monthly,452.07,24,58.1,3,True,2,Medium Risk
C23430,Premium,Monthly,1125.09,22,38.3,2,True,1,Medium Risk
C23431,Basic,Monthly,318.3,32,23.6,3,False,3,High Risk
C23432,Basic,Annual,412.5,33,61.7,3,False,2,Medium Risk
C23435,Standard,Monthly,868.9,22,23.0,3,True,2,Medium Risk
C23436,Standard,Monthly,883.2,30,57.1,2,True,1,Medium Risk
C23440,Basic,Annual,310.35,29,36.6,4,True,1,Medium Risk
C23442,Basic,Monthly,384.06,6,31.8,4,False,4,High Risk
C23443,Standard,Annual,611.37,24,48.5,2,True,0,Low Risk
C23444,Premium,Annual,1044.51,17,37.3,4,False,2,Medium Risk
C23445,Premium,Annual,1450.37,29,41.5,2,True,0,Low Risk
C23447,Basic,Monthly,404.86,0,55.3,1,False,3,High Risk
C23448,Basic,Monthly,498.41,6,55.6,2,False,3,High Risk
C23450,Basic,Monthly,412.92,16,43.3,4,False,3,High Risk
C23451,Standard,Annual,832.94,35,66.8,3,False,2,Medium Risk
C23453,Premium,Monthly,1006.4,28,53.8,5,False,3,High Risk
C23454,Standard,Monthly,688.87,7,50.6,2,True,2,Medium Risk
C23455,Basic,Monthly,316.95,24,35.7,4,True,2,Medium Risk
C23456,Standard,Monthly,698.56,19,68.2,1,False,2,Medium Risk
C23460,Premium,Monthly,1156.93,30,25.2,4,False,3,High Risk
C23462,Standard,Annual,718.29,15,63.7,2,True,0,Low Risk
C23463,Basic,Monthly,394.32,33,31.8,3,True,2,Medium Risk
C23465,Basic,Monthly,479.14,17,67.0,1,False,2,Medium Risk
C23466,Basic,Monthly,427.39,5,28.5,4,True,3,High Risk
C23468,Premium,Annual,1162.54,35,51.2,3,True,1,Medium Risk
C23469,Standard,Annual,838.41,24,52.8,2,True,0,Low Risk
C23470,Basic,Monthly,326.18,34,48.8,2,True,1,Medium Risk
C23471,Basic,Monthly,481.13,24,31.0,6,True,2,Medium Risk
C23472,Basic,Monthly,438.64,10,24.2,4,False,4,High Risk
C23473,Standard,Monthly,769.02,31,29.5,5,True,2,Medium Risk
C23474,Standard,Monthly,714.41,16,13.2,5,True,3,High Risk
C23475,Basic,Monthly,433.15,24,9.3,4,False,4,High Risk
C23476,Standard,Monthly,654.42,22,31.9,3,False,3,High Risk
C23477,Premium,Monthly,1063.83,18,1.9,5,False,4,High Risk
C23479,Standard,Annual,622.48,35,68.9,1,True,0,Low Risk
C23481,Standard,Monthly,765.83,12,76.2,1,False,2,Medium Risk
C23482,Premium,Annual,1144.96,19,21.0,4,True,1,Medium Risk
C23483,Standard,Monthly,848.01,26,36.9,4,True,2,Medium Risk
C23484,Premium,Monthly,1068.39,7,29.4,4,False,4,High Risk
C23485,Basic,Monthly,480.59,4,0.0,5,False,5,High Risk
C23488,Standard,Monthly,858.77,31,25.7,6,False,3,High Risk
C23490,Basic,Annual,434.21,29,38.2,5,True,1,Medium Risk
C23491,Premium,Annual,1164.17,21,60.3,3,False,2,Medium Risk
C23492,Basic,Monthly,393.94,7,52.4,2,True,2,Medium Risk
C23494,Basic,Monthly,497.31,18,45.2,2,False,2,Medium Risk
C23497,Basic,Monthly,360.49,16,26.0,4,True,2,Medium Risk
C23498,Basic,Annual,328.27,33,55.9,3,True,1,Medium Risk
C23501,Standard,Annual,727.28,31,66.5,1,True,0,Low Risk
C23503,Standard,Monthly,884.28,17,60.1,2,False,2,Medium Risk
C23504,Basic,Monthly,400.22,16,10.0,6,True,3,High Risk
C23505,Basic,Annual,435.65,31,23.4,5,True,1,Medium Risk
C23506,Standard,Annual,771.24,32,32.3,3,True,1,Medium Risk
C23510,Basic,Monthly,439.23,3,30.1,3,False,4,High Risk
C23512,Basic,Monthly,394.81,9,28.3,3,False,4,High Risk
C23514,Standard,Annual,832.77,24,7.1,4,True,2,Medium Risk
C23515,Standard,Monthly,694.29,13,54.7,1,False,2,Medium Risk
C23516,Standard,Annual,604.9,22,20.7,5,False,2,Medium Risk
C23517,Standard,Monthly,709.64,15,28.6,3,True,2,Medium Risk
C23518,Basic,Monthly,424.66,0,43.4,4,False,4,High Risk
C23521,Standard,Monthly,818.05,25,73.2,1,False,2,Medium Risk
C23522,Premium,Monthly,1218.5,13,57.2,1,False,2,Medium Risk
C23523,Premium,Monthly,1433.67,22,56.1,1,True,1,Medium Risk
C23524,Standard,Monthly,766.13,12,6.9,6,False,4,High Risk
C23525,Premium,Monthly,1453.21,1,3.1,6,False,5,High Risk
C23526,Premium,Annual,1252.45,30,58.6,2,True,0,Low Risk
C23529,Standard,Monthly,701.07,14,64.1,1,False,2,Medium Risk
C23531,Standard,Monthly,837.24,7,30.2,4,False,4,High Risk
C23533,Basic,Annual,333.14,20,43.1,2,True,0,Low Risk
C23536,Basic,Annual,374.41,7,68.1,1,True,1,Medium Risk
C23537,Premium,Monthly,1342.86,24,20.6,5,True,2,Medium Risk
C23539,Basic,Monthly,416.11,21,52.3,3,False,3,High Risk
C23542,Standard,Annual,843.36,31,65.5,1,True,0,Low Risk
C23543,Basic,Monthly,346.68,3,37.7,3,False,4,High Risk
C23545,Basic,Annual,453.65,29,48.0,2,True,0,Low Risk
C23546,Basic,Monthly,344.88,5,29.4,4,False,4,High Risk
C23548,Basic,Monthly,333.88,29,52.3,3,False,3,High Risk
C23549,Standard,Monthly,736.56,17,13.1,4,False,4,High Risk
C23551,Basic,Monthly,382.55,22,33.3,4,False,3,High Risk
C23552,Standard,Monthly,894.41,11,45.1,3,True,3,High Risk
C23553,Premium,Monthly,1169.63,29,59.8,1,True,1,Medium Risk
C23554,Standard,Monthly,764.61,33,47.1,2,True,1,Medium Risk
C23557,Basic,Monthly,405.07,12,52.2,1,False,2,Medium Risk
C23558,Standard,Annual,833.46,33,46.8,2,True,0,Low Risk
C23563,Standard,Annual,791.61,16,38.8,3,True,1,Medium Risk
C23567,Standard,Monthly,784.4,2,34.0,4,True,3,High Risk
C23569,Standard,Monthly,612.42,29,22.1,5,False,3,High Risk
C23570,Basic,Monthly,387.91,7,47.9,3,False,4,High Risk
C23571,Basic,Monthly,437.53,35,80.9,1,True,1,Medium Risk
C23572,Basic,Monthly,338.56,1,32.0,3,True,3,High Risk
C23573,Standard,Monthly,796.74,4,21.9,4,True,3,High Risk
C23574,Basic,Monthly,467.16,17,11.4,4,False,4,High Risk
C23577,Basic,Monthly,336.86,2,18.1,5,False,5,High Risk
C23578,Basic,Monthly,461.25,33,69.9,1,True,1,Medium Risk
C23579,Basic,Monthly,368.85,22,70.6,1,False,2,Medium Risk
C23581,Basic,Monthly,419.75,26,50.8,3,False,3,High Risk
C23582,Premium,Monthly,1497.54,5,45.6,4,False,4,High Risk
C23583,Premium,Annual,1310.53,21,57.9,3,True,1,Medium Risk
C23584,Basic,Annual,472.25,6,67.3,1,True,1,Medium Risk
C23586,Basic,Monthly,466.71,11,23.1,5,False,4,High Risk
C23587,Premium,Monthly,1181.79,12,29.9,3,False,3,High Risk
C23588,Standard,Monthly,618.43,26,45.7,3,False,3,High Risk
C23589,Premium,Annual,1422.46,32,8.8,5,True,2,Medium Risk
C23590,Standard,Annual,672.99,18,40.5,2,False,1,Medium Risk
C23591,Standard,Monthly,758.07,27,15.7,5,False,4,High Risk
C23593,Standard,Monthly,757.76,19,45.4,3,True,2,Medium Risk
C23594,Premium,Monthly,1016.38,11,26.4,3,True,3,High Risk
C23596,Standard,Monthly,860.91,6,14.3,5,True,4,High Risk
C23597,Premium,Monthly,1268.24,11,35.7,4,False,4,High Risk
C23598,Basic,Monthly,423.81,23,36.1,3,False,3,High Risk
C23600,Basic,Monthly,333.14,11,39.4,4,True,3,High Risk
C23601,Standard,Monthly,793.95,21,56.6,1,False,2,Medium Risk
C23603,Basic,Annual,427.83,20,9.6,6,True,2,Medium Risk
C23605,Premium,Monthly,1398.28,35,61.5,3,False,3,High Risk
C23609,Premium,Monthly,1083.39,25,55.9,3,False,3,High Risk
C23610,Basic,Monthly,349.16,6,58.3,2,False,3,High Risk
C23611,Basic,Annual,477.99,22,71.2,1,True,0,Low Risk
C23615,Basic,Monthly,423.82,9,64.8,1,False,3,High Risk
C23616,Standard,Annual,620.41,20,36.2,4,True,1,Medium Risk
C23617,Standard,Monthly,627.89,10,26.0,3,False,4,High Risk
C23618,Standard,Annual,884.92,32,44.8,2,True,0,Low Risk
C23619,Basic,Monthly,469.45,8,30.5,3,False,4,High Risk
C23621,Standard,Annual,866.29,34,50.3,3,True,1,Medium Risk
C23624,Basic,Monthly,365.41,12,12.1,4,False,4,High Risk
C23626,Basic,Annual,319.33,30,20.8,4,True,1,Medium Risk
C23627,Basic,Annual,479.84,3,10.1,6,False,4,High Risk
C23629,Standard,Annual,756.8,9,42.3,3,True,2,Medium Risk
C23630,Standard,Monthly,874.07,10,56.0,2,True,2,Medium Risk
C23631,Premium,Monthly,1256.37,31,38.8,2,True,1,Medium Risk
C23632,Basic,Annual,354.6,28,30.0,3,True,1,Medium Risk
C23633,Standard,Annual,699.3,30,36.7,3,False,2,Medium Risk
C23637,Basic,Annual,497.54,15,31.6,3,True,1,Medium Risk
C23638,Premium,Monthly,1366.3,3,41.8,3,False,4,High Risk
C23639,Basic,Monthly,333.77,11,58.0,2,False,3,High Risk
C23641,Premium,Monthly,1448.17,23,1.8,6,False,4,High Risk
C23642,Basic,Monthly,324.94,18,30.4,3,False,3,High Risk
C23644,Basic,Monthly,364.38,36,28.3,3,True,2,Medium Risk
C23645,Basic,Annual,343.29,1,81.6,0,True,1,Medium Risk
C23646,Basic,Annual,401.59,35,47.8,2,True,0,Low Risk
C23647,Premium,Annual,1024.07,12,51.2,2,True,0,Low Risk
C23648,Premium,Annual,1203.54,34,56.9,2,True,0,Low Risk
C23649,Standard,Monthly,674.95,7,33.7,3,False,4,High Risk
C23650,Basic,Monthly,451.52,20,40.5,2,True,1,Medium Risk
C23651,Basic,Annual,339.0,29,44.3,3,True,1,Medium Risk
C23652,Basic,Annual,425.12,1,15.2,5,True,3,High Risk
C23653,Standard,Annual,765.62,30,43.1,4,True,1,Medium Risk
C23654,Standard,Monthly,772.29,3,75.2,0,True,2,Medium Risk
C23655,Basic,Annual,427.13,28,35.0,4,True,1,Medium Risk
C23656,Premium,Monthly,1427.46,15,50.0,2,True,1,Medium Risk
C23658,Premium,Monthly,1020.3,20,10.6,4,True,3,High Risk
C23659,Standard,Monthly,724.8,23,25.2,5,True,2,Medium Risk
C23662,Standard,Monthly,754.8,23,35.6,3,True,2,Medium Risk
C23663,Basic,Monthly,326.23,21,23.7,4,True,2,Medium Risk
C23666,Basic,Monthly,364.91,23,33.7,3,False,3,High Risk
C23667,Basic,Annual,334.4,8,53.0,3,True,2,Medium Risk
C23668,Standard,Annual,683.32,24,71.8,1,True,0,Low Risk
C23669,Premium,Monthly,1352.2,4,23.3,3,True,3,High Risk
C23670,Standard,Monthly,642.98,14,17.0,3,True,3,High Risk
C23672,Standard,Monthly,671.88,30,29.3,4,False,3,High Risk
C23673,Premium,Monthly,1365.17,18,70.9,0,True,1,Medium Risk
C23674,Basic,Monthly,314.14,15,18.6,3,False,4,High Risk
C23675,Basic,Annual,443.69,16,43.6,4,True,1,Medium Risk
C23677,Basic,Monthly,305.59,35,66.2,0,False,2,Medium Risk
C23678,Standard,Monthly,688.2,27,40.0,4,False,3,High Risk
C23680,Premium,Annual,1293.04,13,53.0,3,True,1,Medium Risk
C23681,Basic,Monthly,374.29,20,55.2,1,True,1,Medium Risk
C23682,Premium,Monthly,1019.14,10,42.6,3,False,4,High Risk
C23683,Standard,Annual,771.68,14,15.3,4,True,2,Medium Risk
C23684,Standard,Monthly,606.98,2,40.5,4,False,4,High Risk
C23686,Basic,Monthly,377.04,28,38.3,3,False,3,High Risk
C23687,Standard,Monthly,810.05,13,41.6,2,True,1,Medium Risk
C23688,Standard,Annual,758.43,27,58.6,1,False,1,Medium Risk
C23689,Basic,Monthly,430.54,2,48.8,3,False,4,High Risk
C23690,Basic,Annual,410.57,32,80.6,1,True,0,Low Risk
C23691,Standard,Monthly,739.91,21,65.8,2,False,2,Medium Risk
C23692,Premium,Monthly,1043.48,22,49.7,2,False,2,Medium Risk
C23693,Basic,Annual,321.82,35,12.1,4,True,2,Medium Risk
C23694,Basic,Monthly,326.65,1,44.7,2,True,2,Medium Risk
C23695,Standard,Annual,741.27,29,23.2,4,True,1,Medium Risk
C23696,Premium,Monthly,1129.52,18,30.4,3,False,3,High Risk
C23697,Basic,Monthly,305.75,0,21.5,4,False,4,High Risk
C23698,Basic,Monthly,327.09,15,44.3,3,False,3,High Risk
C23699,Premium,Monthly,1432.13,12,66.8,1,False,2,Medium Risk
C23700,Standard,Monthly,788.35,0,70.0,3,False,4,High Risk
C23701,Standard,Monthly,773.72,24,61.0,2,False,2,Medium Risk
C23702,Basic,Monthly,317.84,25,61.8,2,False,2,Medium Risk
C23704,Basic,Monthly,440.79,21,53.4,2,False,2,Medium Risk
C23705,Standard,Monthly,653.92,1,69.5,2,False,3,High Risk
C23706,Standard,Annual,737.23,31,18.3,4,True,2,Medium Risk
C23707,Basic,Annual,429.26,30,71.1,0,True,0,Low Risk
C23708,Standard,Monthly,853.29,29,70.0,1,False,2,Medium Risk
C23709,Standard,Monthly,627.53,22,44.9,2,True,1,Medium Risk
C23711,Standard,Monthly,673.71,13,12.1,5,False,4,High Risk
C23712,Basic,Monthly,390.07,28,21.1,3,False,3,High Risk
C23713,Standard,Monthly,765.63,3,84.1,0,False,3,High Risk
C23714,Standard,Monthly,725.76,0,32.4,4,True,3,High Risk
C23715,Standard,Monthly,841.7,13,48.1,2,False,2,Medium Risk
C23716,Premium,Annual,1001.3,35,33.1,4,False,2,Medium Risk
C23717,Basic,Monthly,385.39,12,31.3,3,False,3,High Risk
C23719,Standard,Annual,812.04,25,22.8,5,True,1,Medium Risk
C23721,Basic,Annual,487.85,29,33.4,3,True,1,Medium Risk
C23722,Basic,Monthly,477.63,26,21.2,4,True,2,Medium Risk
C23723,Basic,Monthly,343.75,6,18.4,4,False,5,High Risk
C23724,Premium,Annual,1408.34,28,72.3,1,True,0,Low Risk
C23725,Premium,Monthly,1347.59,6,43.4,2,False,3,High Risk
C23726,Standard,Monthly,843.59,28,44.7,2,True,1,Medium Risk
C23727,Premium,Monthly,1221.01,5,67.6,0,False,3,High Risk
C23728,Standard,Monthly,699.46,13,55.6,1,True,1,Medium Risk
C23730,Premium,Annual,1177.98,22,55.6,2,True,0,Low Risk
C23731,Premium,Annual,1434.37,36,82.2,1,True,0,Low Risk
C23732,Basic,Annual,353.95,18,13.1,4,True,2,Medium Risk
C23733,Premium,Monthly,1411.94,10,58.3,1,True,2,Medium Risk
C23734,Basic,Monthly,328.95,15,48.6,4,False,3,High Risk
C23735,Basic,Monthly,375.13,16,41.2,2,True,1,Medium Risk
C23737,Basic,Monthly,342.37,10,46.2,2,False,3,High Risk
C23738,Premium,Monthly,1030.16,12,52.9,2,True,1,Medium Risk
C23741,Basic,Monthly,418.99,8,13.3,4,True,4,High Risk
C23742,Basic,Monthly,398.59,32,43.6,3,False,3,High Risk
C23743,Standard,Monthly,871.28,19,17.4,4,False,4,High Risk
C23744,Basic,Monthly,462.48,3,12.4,5,False,5,High Risk
C23747,Basic,Monthly,407.15,2,27.5,4,False,4,High Risk
C23748,Standard,Monthly,675.43,20,46.2,2,False,2,Medium Risk
C23750,Basic,Monthly,342.69,5,66.7,1,True,2,Medium Risk
C23751,Basic,Monthly,460.25,5,48.1,2,False,3,High Risk
C23754,Basic,Annual,381.2,33,14.7,5,True,2,Medium Risk
C23755,Premium,Monthly,1023.5,21,35.9,4,True,2,Medium Risk
C23759,Standard,Monthly,704.25,3,29.0,4,True,3,High Risk
C23760,Premium,Annual,1215.79,6,13.2,4,False,4,High Risk
C23761,Basic,Annual,440.57,14,30.9,4,False,2,Medium Risk
C23764,Basic,Annual,478.94,28,41.4,3,True,1,Medium Risk
C23765,Standard,Annual,804.95,25,8.6,5,False,3,High Risk
C23766,Basic,Monthly,407.5,16,4.2,5,True,3,High Risk
C23767,Basic,Monthly,477.4,11,31.5,4,False,4,High Risk
C23768,Standard,Monthly,873.66,27,26.2,3,True,2,Medium Risk
C23769,Basic,Annual,412.9,33,52.6,1,True,0,Low Risk
C23770,Standard,Monthly,838.05,14,22.9,4,False,3,High Risk
C23772,Standard,Monthly,851.1,4,27.4,3,False,4,High Risk
C23773,Basic,Monthly,312.09,1,34.8,4,True,3,High Risk
C23774,Basic,Monthly,400.43,20,6.4,6,False,4,High Risk
C23775,Basic,Annual,485.56,30,17.3,4,True,2,Medium Risk
C23779,Basic,Monthly,467.26,22,27.8,3,True,2,Medium Risk
C23780,Basic,Monthly,432.27,10,31.5,3,False,4,High Risk
C23782,Premium,Annual,1202.12,28,2.6,5,True,2,Medium Risk
C23785,Basic,Monthly,426.36,9,37.8,3,False,4,High Risk
C23786,Premium,Monthly,1386.49,7,37.7,2,False,3,High Risk
C23787,Standard,Annual,602.3,35,30.2,5,True,1,Medium Risk
C23788,Basic,Monthly,330.09,22,68.3,1,True,1,Medium Risk
C23790,Basic,Monthly,349.04,15,53.3,1,False,2,Medium Risk
C23792,Basic,Monthly,301.41,3,28.2,4,True,3,High Risk
C23793,Standard,Monthly,696.27,16,58.0,1,True,1,Medium Risk
C23794,Basic,Annual,329.97,33,42.1,4,True,1,Medium Risk
C23796,Basic,Monthly,458.37,4,13.1,5,True,4,High Risk
C23797,Standard,Monthly,651.79,36,50.7,2,False,2,Medium Risk
C23798,Basic,Monthly,438.66,27,60.5,1,False,2,Medium Risk
C23800,Basic,Monthly,393.97,1,16.4,3,False,5,High Risk
C23803,Basic,Monthly,364.52,30,58.4,1,False,2,Medium Risk
C23805,Standard,Annual,749.73,18,10.8,4,True,2,Medium Risk
C23806,Basic,Monthly,391.31,9,19.9,3,True,4,High Risk
C23807,Premium,Monthly,1381.97,23,20.1,3,True,2,Medium Risk
C23809,Basic,Monthly,385.82,19,49.4,3,False,3,High Risk
C23810,Basic,Annual,344.78,5,56.2,1,True,1,Medium Risk
C23811,Standard,Annual,603.14,35,47.4,4,True,1,Medium Risk
C23812,Standard,Monthly,849.94,33,7.5,4,False,4,High Risk
C23813,Basic,Monthly,394.74,0,33.7,4,True,3,High Risk
C23814,Basic,Monthly,371.29,2,32.3,3,False,4,High Risk
C23815,Standard,Monthly,769.67,2,43.9,2,False,3,High Risk
C23816,Standard,Monthly,662.77,17,57.1,2,True,1,Medium Risk
C23818,Basic,Annual,409.63,29,32.8,3,True,1,Medium Risk
C23819,Basic,Annual,363.45,25,5.1,4,True,2,Medium Risk
C23820,Basic,Monthly,372.25,30,57.1,1,True,1,Medium Risk
C23822,Basic,Monthly,489.18,8,15.7,5,False,5,High Risk
C23824,Standard,Annual,631.98,34,38.8,3,True,1,Medium Risk
C23825,Basic,Annual,477.89,19,47.9,2,True,0,Low Risk
C23828,Basic,Annual,375.71,21,44.2,3,True,1,Medium Risk
C23829,Basic,Monthly,460.67,26,23.4,3,False,3,High Risk
C23830,Basic,Annual,369.14,17,62.7,3,True,1,Medium Risk
C23831,Basic,Monthly,334.5,9,78.2,0,True,2,Medium Risk
C23832,Basic,Monthly,350.09,22,29.1,3,False,3,High Risk
C23836,Basic,Monthly,307.36,29,5.1,5,True,3,High Risk
C23837,Standard,Monthly,720.28,22,42.6,2,False,2,Medium Risk
C23838,Standard,Monthly,725.47,17,35.0,3,True,2,Medium Risk
C23839,Basic,Monthly,336.82,24,12.3,4,False,4,High Risk
C23840,Basic,Monthly,324.88,17,64.7,3,False,3,High Risk
C23841,Basic,Monthly,326.42,1,46.5,3,True,3,High Risk
C23842,Premium,Annual,1408.93,34,22.2,3,True,1,Medium Risk
C23843,Standard,Monthly,797.3,22,55.5,2,False,2,Medium Risk
C23844,Standard,Annual,839.75,23,31.0,4,True,1,Medium Risk
C23846,Premium,Monthly,1484.08,3,55.0,2,False,3,High Risk
C23847,Standard,Monthly,741.71,0,38.5,4,True,3,High Risk
C23848,Standard,Monthly,746.27,15,56.6,2,True,1,Medium Risk
C23849,Premium,Annual,1153.71,3,35.3,3,True,2,Medium Risk
C23851,Standard,Annual,791.1,33,13.9,5,True,2,Medium Risk
C23854,Basic,Annual,473.96,15,20.2,4,True,1,Medium Risk
C23855,Basic,Monthly,494.01,8,43.9,3,True,3,High Risk
C23856,Premium,Monthly,1035.78,10,9.5,4,False,5,High Risk
C23857,Standard,Monthly,766.56,11,67.8,1,False,3,High Risk
C23858,Basic,Annual,401.56,3,52.9,2,False,2,Medium Risk
C23859,Standard,Annual,711.48,33,53.5,2,False,1,Medium Risk
C23860,Standard,Monthly,672.35,32,55.2,3,True,2,Medium Risk
C23861,Premium,Annual,1439.9,32,42.8,5,True,1,Medium Risk
C23862,Basic,Monthly,383.57,14,59.2,2,False,2,Medium Risk
C23865,Standard,Monthly,884.97,13,29.7,4,True,2,Medium Risk
C23866,Standard,Annual,804.75,12,16.3,5,True,2,Medium Risk
C23868,Standard,Annual,767.72,21,33.2,3,True,1,Medium Risk
C23869,Basic,Monthly,411.05,7,75.4,0,True,2,Medium Risk
C23871,Basic,Annual,485.71,31,67.4,2,True,0,Low Risk
C23872,Basic,Annual,467.77,31,67.4,2,True,0,Low Risk
C23873,Standard,Annual,836.28,31,69.7,2,True,0,Low Risk
C23874,Standard,Monthly,810.37,12,29.7,3,True,2,Medium Risk
C23876,Standard,Monthly,725.46,27,43.3,3,True,2,Medium Risk
C23878,Standard,Monthly,736.75,15,64.9,1,False,2,Medium Risk
C23880,Basic,Monthly,431.89,6,47.3,2,False,3,High Risk
C23881,Standard,Monthly,745.47,5,67.5,2,False,3,High Risk
C23882,Standard,Monthly,870.6,15,66.1,1,False,2,Medium Risk
C23883,Premium,Annual,1142.91,12,30.8,4,True,1,Medium Risk
C23884,Premium,Monthly,1037.31,0,17.1,4,True,4,High Risk
C23885,Standard,Monthly,721.9,21,42.5,2,False,2,Medium Risk
C23886,Premium,Annual,1056.32,6,62.3,2,True,1,Medium Risk
C23887,Premium,Monthly,1145.23,30,18.7,4,True,3,High Risk
C23888,Basic,Annual,339.24,29,63.3,4,True,1,Medium Risk
C23889,Standard,Annual,815.34,18,31.2,3,True,1,Medium Risk
C23890,Premium,Annual,1378.08,28,37.1,3,True,1,Medium Risk
C23891,Standard,Annual,766.23,17,50.0,3,True,1,Medium Risk
C23892,Premium,Annual,1186.25,21,43.3,4,False,2,Medium Risk
C23893,Standard,Annual,748.1,31,39.3,2,True,0,Low Risk
C23895,Basic,Annual,355.05,31,38.8,6,True,1,Medium Risk
C23899,Basic,Monthly,465.03,11,56.6,1,True,2,Medium Risk
C23901,Basic,Monthly,410.75,0,30.9,3,False,4,High Risk
C23904,Basic,Annual,490.76,21,49.1,2,True,0,Low Risk
C23905,Premium,Annual,1240.74,35,55.0,2,False,1,Medium Risk
C23906,Standard,Monthly,832.21,17,61.3,1,False,2,Medium Risk
C23907,Basic,Monthly,466.95,7,34.9,4,True,3,High Risk
C23908,Standard,Monthly,889.64,15,66.1,3,False,3,High Risk
C23909,Standard,Annual,753.06,19,51.6,2,True,0,Low Risk
C23910,Standard,Monthly,874.85,9,66.3,2,False,3,High Risk
C23912,Basic,Annual,443.91,31,27.1,4,True,1,Medium Risk
C23913,Basic,Annual,311.22,27,50.1,2,True,0,Low Risk
C23914,Basic,Monthly,479.86,8,60.5,2,False,3,High Risk
C23915,Basic,Monthly,304.51,31,36.4,3,False,3,High Risk
C23916,Basic,Annual,360.52,30,46.6,2,True,0,Low Risk
C23917,Premium,Monthly,1107.02,6,40.0,3,False,4,High Risk
C23919,Basic,Monthly,495.33,29,24.0,4,False,3,High Risk
C23920,Premium,Monthly,1136.49,22,77.3,1,False,2,Medium Risk
C23921,Standard,Annual,812.17,24,37.7,3,True,1,Medium Risk
C23922,Premium,Monthly,1056.59,14,9.6,4,True,3,High Risk
C23923,Basic,Monthly,433.97,13,55.2,2,False,2,Medium Risk
C23924,Standard,Annual,863.86,35,35.5,4,True,1,Medium Risk
C23926,Standard,Monthly,782.51,11,14.8,3,True,4,High Risk
C23927,Basic,Monthly,472.71,11,46.0,2,False,3,High Risk
C23928,Standard,Monthly,691.95,14,11.5,4,False,4,High Risk
C23929,Standard,Annual,698.94,27,69.5,1,False,1,Medium Risk
C23930,Basic,Monthly,324.23,8,74.4,0,False,3,High Risk
C23931,Basic,Annual,326.7,30,74.9,1,True,0,Low Risk
C23932,Basic,Monthly,385.48,7,22.8,5,False,4,High Risk
C23934,Basic,Monthly,495.81,11,44.4,2,True,2,Medium Risk
C23937,Premium,Monthly,1145.08,2,75.1,2,False,3,High Risk
C23939,Basic,Monthly,376.71,25,69.0,3,False,3,High Risk
C23940,Basic,Monthly,397.01,30,62.4,3,False,3,High Risk
C23941,Premium,Monthly,1226.3,9,55.6,1,False,3,High Risk
C23942,Premium,Monthly,999.41,32,32.5,3,False,3,High Risk
C23943,Basic,Monthly,425.88,13,9.8,6,True,3,High Risk
C23944,Standard,Monthly,674.25,2,62.1,2,False,3,High Risk
C23945,Standard,Monthly,636.48,15,67.8,1,True,1,Medium Risk
C23946,Basic,Monthly,432.28,10,10.5,5,True,4,High Risk
C23951,Basic,Monthly,466.51,3,55.8,4,False,4,High Risk
C23952,Standard,Monthly,627.58,8,51.7,3,False,4,High Risk
C23953,Premium,Monthly,1343.87,23,53.6,2,False,2,Medium Risk
C23954,Basic,Annual,494.41,20,15.3,4,True,2,Medium Risk
C23957,Standard,Annual,891.15,9,52.3,2,True,1,Medium Risk
C23958,Basic,Annual,346.22,32,44.6,3,True,1,Medium Risk
C23959,Basic,Annual,343.94,19,8.4,4,True,2,Medium Risk
C23960,Premium,Annual,1163.55,10,10.1,5,False,4,High Risk
C23962,Standard,Monthly,804.74,27,20.4,4,False,3,High Risk
C23963,Standard,Annual,760.06,11,51.2,4,False,3,High Risk
C23965,Premium,Annual,1032.51,27,37.1,4,True,1,Medium Risk
C23966,Premium,Monthly,1324.04,15,25.6,4,True,2,Medium Risk
C23967,Standard,Monthly,722.31,11,44.5,2,False,3,High Risk
C23968,Basic,Annual,411.78,32,41.8,4,True,1,Medium Risk
C23969,Premium,Annual,1286.94,27,61.9,2,True,0,Low Risk
C23971,Standard,Annual,814.94,11,38.7,4,True,2,Medium Risk
C23972,Basic,Monthly,404.48,15,15.5,4,False,4,High Risk
C23974,Basic,Annual,354.93,34,34.0,5,True,1,Medium Risk
C23975,Premium,Annual,1402.21,17,48.2,2,False,1,Medium Risk
C23976,Basic,Annual,461.04,27,31.9,4,False,2,Medium Risk
C23977,Standard,Annual,813.54,31,58.5,1,True,0,Low Risk
C23978,Basic,Monthly,330.36,9,79.6,2,False,3,High Risk
C23980,Standard,Monthly,761.23,10,48.1,5,True,3,High Risk
C23981,Basic,Monthly,498.33,15,48.5,4,False,3,High Risk
C23982,Standard,Monthly,768.75,32,17.0,4,False,4,High Risk
C23985,Basic,Annual,415.17,5,28.0,4,True,2,Medium Risk
C23986,Basic,Annual,420.88,32,33.7,3,True,1,Medium Risk
C23987,Standard,Monthly,766.86,6,48.0,2,True,2,Medium Risk
C23988,Premium,Monthly,1327.39,10,66.9,2,False,3,High Risk
C23989,Standard,Monthly,867.31,20,49.6,2,True,1,Medium Risk
C23990,Premium,Annual,1338.81,18,43.0,3,False,2,Medium Risk
C23991,Premium,Monthly,1013.1,30,64.6,1,False,2,Medium Risk
C23992,Basic,Monthly,392.63,35,74.7,1,True,1,Medium Risk
C23993,Basic,Annual,418.71,9,33.7,5,True,2,Medium Risk
C23995,Basic,Monthly,317.27,23,60.2,1,False,2,Medium Risk
C23996,Basic,Monthly,301.03,7,61.1,1,False,3,High Risk
C23997,Premium,Annual,1385.49,24,77.8,0,True,0,Low Risk
C23998,Basic,Monthly,343.16,17,65.7,1,False,2,Medium Risk
C23999,Standard,Monthly,868.32,0,51.6,2,False,3,High Risk
C24002,Basic,Monthly,454.85,6,46.1,2,False,3,High Risk
C24003,Basic,Monthly,332.66,11,58.2,2,True,2,Medium Risk
C24004,Standard,Monthly,629.05,9,53.3,2,True,2,Medium Risk
C24005,Standard,Monthly,728.74,10,27.8,3,False,4,High Risk
C24007,Standard,Monthly,761.45,1,31.9,5,True,3,High Risk
C24008,Premium,Annual,1137.79,26,55.1,1,True,0,Low Risk
C24011,Basic,Annual,403.35,28,39.7,3,True,1,Medium Risk
C24017,Basic,Monthly,457.16,2,50.4,2,True,2,Medium Risk
C24018,Basic,Monthly,360.13,26,63.6,2,False,2,Medium Risk
C24021,Basic,Monthly,415.56,15,29.2,4,True,2,Medium Risk
C24023,Basic,Monthly,366.01,15,33.7,3,False,3,High Risk
C24024,Standard,Monthly,721.94,8,60.0,2,False,3,High Risk
C24025,Standard,Annual,717.64,33,40.5,5,True,1,Medium Risk
C24026,Premium,Monthly,1143.09,7,53.4,3,True,3,High Risk
C24027,Standard,Annual,677.13,19,66.7,1,False,1,Medium Risk
C24028,Basic,Annual,307.62,26,18.2,5,True,2,Medium Risk
C24030,Standard,Monthly,822.35,0,55.2,1,False,3,High Risk
C24032,Standard,Annual,643.84,30,73.3,1,False,1,Medium Risk
C24033,Standard,Monthly,776.42,5,14.5,5,False,5,High Risk
C24038,Basic,Monthly,369.72,29,55.4,1,True,1,Medium Risk
C24039,Premium,Annual,1160.43,19,69.5,1,True,0,Low Risk
C24040,Premium,Monthly,1065.01,27,39.1,3,False,3,High Risk
C24041,Standard,Annual,667.7,11,49.3,2,True,1,Medium Risk
C24043,Standard,Monthly,607.43,32,34.5,2,False,2,Medium Risk
C24046,Premium,Annual,1475.88,29,27.1,3,True,1,Medium Risk
C24047,Basic,Annual,367.52,21,8.8,4,True,2,Medium Risk
C24048,Basic,Monthly,397.23,8,42.5,4,False,4,High Risk
C24049,Basic,Annual,339.78,35,34.8,3,True,1,Medium Risk
C24050,Basic,Annual,400.09,21,28.3,4,True,1,Medium Risk
C24051,Standard,Monthly,608.17,35,37.9,4,False,3,High Risk
C24052,Premium,Monthly,1218.73,7,59.6,1,False,3,High Risk
C24054,Basic,Monthly,449.65,26,73.6,1,False,2,Medium Risk
C24055,Basic,Monthly,342.92,33,16.3,6,False,4,High Risk
C24057,Premium,Monthly,1430.64,22,31.1,3,True,2,Medium Risk
C24059,Standard,Monthly,701.53,27,42.0,3,True,2,Medium Risk
C24060,Standard,Annual,830.78,30,32.9,4,True,1,Medium Risk
C24063,Standard,Annual,802.42,36,14.9,4,True,2,Medium Risk
C24065,Standard,Monthly,682.79,10,47.4,3,False,4,High Risk
C24068,Basic,Monthly,484.42,8,39.3,3,False,4,High Risk
C24069,Basic,Annual,405.51,13,40.4,2,False,1,Medium Risk
C24070,Basic,Annual,326.05,35,69.6,3,True,1,Medium Risk
C24071,Basic,Annual,423.51,24,27.9,4,False,2,Medium Risk
C24072,Basic,Monthly,414.57,24,53.8,1,True,1,Medium Risk
C24076,Standard,Monthly,706.74,8,34.5,4,False,4,High Risk
C24077,Standard,Monthly,745.49,2,67.2,1,False,3,High Risk
C24079,Standard,Monthly,767.64,23,41.6,3,False,3,High Risk
C24080,Standard,Monthly,774.64,3,30.8,3,True,3,High Risk
C24081,Standard,Monthly,669.43,2,48.6,4,True,3,High Risk
C24083,Premium,Monthly,1324.62,24,53.4,3,True,2,Medium Risk
C24084,Premium,Annual,1241.69,36,33.0,3,True,1,Medium Risk
C24085,Premium,Monthly,1332.99,18,21.6,4,True,2,Medium Risk
C24086,Basic,Monthly,449.44,2,50.3,3,False,4,High Risk
C24087,Premium,Annual,1127.74,22,47.5,2,True,0,Low Risk
C24088,Premium,Monthly,1075.46,19,66.4,0,True,1,Medium Risk
C24089,Basic,Annual,416.68,17,59.5,3,False,2,Medium Risk
C24090,Basic,Monthly,484.97,35,47.0,3,False,3,High Risk
C24092,Basic,Monthly,454.67,15,88.7,3,True,2,Medium Risk
C24093,Standard,Monthly,644.35,4,43.0,4,False,4,High Risk
C24094,Basic,Monthly,330.71,21,32.4,4,False,3,High Risk
C24095,Standard,Monthly,709.96,12,9.5,4,False,4,High Risk
C24096,Standard,Monthly,791.03,5,44.5,2,True,2,Medium Risk
C24097,Basic,Monthly,319.55,23,59.1,2,False,2,Medium Risk
C24098,Premium,Annual,1351.95,25,52.5,2,True,0,Low Risk
C24100,Basic,Monthly,328.26,2,22.1,3,True,3,High Risk
C24101,Basic,Annual,397.88,18,60.4,4,True,1,Medium Risk
C24102,Standard,Monthly,875.77,3,36.9,3,False,4,High Risk
C24104,Premium,Annual,1161.96,35,31.9,3,False,2,Medium Risk
C24106,Basic,Monthly,413.66,26,4.3,5,False,4,High Risk
C24107,Standard,Monthly,765.29,14,19.5,5,False,4,High Risk
C24108,Basic,Monthly,419.23,28,61.2,2,False,2,Medium Risk
C24109,Basic,Monthly,383.45,22,28.6,4,True,2,Medium Risk
C24110,Standard,Monthly,833.54,10,49.7,2,False,3,High Risk
C24111,Premium,Annual,1017.34,13,26.4,5,False,2,Medium Risk
C24112,Standard,Annual,612.38,36,14.4,4,True,2,Medium Risk
C24113,Basic,Annual,337.64,23,41.2,2,True,0,Low Risk
C24114,Standard,Monthly,691.11,27,15.1,4,False,4,High Risk
C24115,Premium,Monthly,1460.93,22,58.0,1,True,1,Medium Risk
C24116,Premium,Monthly,1073.0,27,33.4,3,False,3,High Risk
C24120,Basic,Monthly,445.44,6,50.2,2,True,2,Medium Risk
C24121,Basic,Annual,351.38,35,40.7,5,True,1,Medium Risk
C24122,Standard,Monthly,892.31,19,15.0,4,False,4,High Risk
C24124,Standard,Monthly,808.9,33,23.1,3,False,3,High Risk
C24126,Basic,Monthly,493.27,27,47.0,3,True,2,Medium Risk
C24127,Premium,Annual,1061.04,14,58.1,2,True,0,Low Risk
C24128,Basic,Monthly,391.9,5,69.0,1,True,2,Medium Risk
C24129,Standard,Annual,893.44,29,66.2,2,False,1,Medium Risk
C24130,Standard,Monthly,752.78,17,43.5,2,False,2,Medium Risk
C24131,Premium,Monthly,1293.35,20,44.1,2,False,2,Medium Risk
C24132,Standard,Monthly,841.17,11,53.4,2,True,2,Medium Risk
C24134,Basic,Monthly,460.99,5,25.3,6,True,3,High Risk
C24135,Basic,Annual,378.63,21,7.6,5,True,2,Medium Risk
C24136,Standard,Monthly,797.07,35,40.0,3,False,3,High Risk
C24137,Basic,Monthly,356.35,10,22.8,5,True,3,High Risk
C24138,Standard,Annual,786.23,30,30.9,3,True,1,Medium Risk
C24139,Basic,Monthly,387.91,5,38.6,3,True,3,High Risk
C24140,Premium,Monthly,1171.86,17,26.9,3,False,3,High Risk
C24141,Premium,Monthly,1177.61,7,44.2,2,True,2,Medium Risk
C24142,Premium,Annual,1055.39,33,18.0,4,False,3,High Risk
C24143,Basic,Annual,361.17,34,3.9,5,True,2,Medium Risk
C24144,Standard,Annual,759.99,33,31.1,6,True,1,Medium Risk
C24145,Standard,Annual,600.96,18,57.9,1,True,0,Low Risk
C24146,Basic,Monthly,487.72,3,75.7,1,True,2,Medium Risk
C24147,Premium,Annual,1184.21,9,68.0,2,False,2,Medium Risk
C24148,Premium,Monthly,1049.78,10,60.5,3,True,3,High Risk
C24149,Basic,Annual,389.15,19,43.5,2,True,0,Low Risk
C24150,Basic,Monthly,313.79,25,14.5,4,False,4,High Risk
C24151,Basic,Monthly,344.63,17,68.1,0,True,1,Medium Risk
C24152,Standard,Annual,866.01,13,4.2,6,False,3,High Risk
C24154,Standard,Annual,766.37,29,10.5,6,False,3,High Risk
C24156,Basic,Annual,434.46,29,35.4,2,True,0,Low Risk
C24157,Basic,Annual,487.48,32,25.9,4,True,1,Medium Risk
C24159,Standard,Annual,647.98,21,26.7,3,False,2,Medium Risk
C24161,Standard,Monthly,646.09,16,47.3,4,True,2,Medium Risk
C24163,Standard,Annual,824.01,21,39.3,3,True,1,Medium Risk
C24164,Basic,Annual,412.11,9,56.3,1,True,1,Medium Risk
C24166,Standard,Monthly,783.09,16,65.7,1,False,2,Medium Risk
C24168,Basic,Monthly,340.32,35,32.7,3,False,3,High Risk
C24169,Premium,Monthly,1479.32,32,49.8,2,True,1,Medium Risk
C24170,Standard,Annual,736.28,13,0.0,6,True,2,Medium Risk
C24172,Basic,Annual,476.52,35,72.3,3,False,2,Medium Risk
C24174,Standard,Monthly,786.47,7,32.2,3,False,4,High Risk
C24175,Standard,Annual,779.53,26,46.2,3,False,2,Medium Risk
C24177,Basic,Annual,426.2,16,16.0,5,True,2,Medium Risk
C24179,Basic,Monthly,379.14,0,23.6,4,True,3,High Risk
C24181,Premium,Annual,1231.2,13,75.0,2,True,0,Low Risk
C24182,Basic,Annual,345.06,19,80.9,0,False,1,Medium Risk
C24183,Basic,Monthly,331.49,35,71.3,2,False,2,Medium Risk
C24186,Basic,Monthly,301.74,6,47.9,2,True,2,Medium Risk
C24187,Standard,Monthly,812.28,19,55.5,2,True,1,Medium Risk
C24188,Premium,Annual,1193.37,16,33.9,3,True,1,Medium Risk
C24189,Basic,Annual,413.88,22,52.3,2,True,0,Low Risk
C24190,Basic,Annual,444.96,21,66.1,1,True,0,Low Risk
C24193,Premium,Monthly,1131.52,32,51.5,2,False,2,Medium Risk
C24194,Standard,Monthly,658.31,9,29.1,4,False,4,High Risk
C24195,Basic,Monthly,483.44,0,63.3,2,False,3,High Risk
C24196,Premium,Monthly,1233.07,5,72.8,1,True,2,Medium Risk
C24197,Standard,Monthly,873.16,3,73.3,2,True,2,Medium Risk
C24198,Basic,Annual,452.45,8,54.3,2,True,1,Medium Risk
C24199,Basic,Annual,368.5,19,19.4,4,True,2,Medium Risk
C24200,Premium,Annual,1297.15,7,49.5,2,False,2,Medium Risk
C24201,Premium,Monthly,1290.89,27,53.3,2,True,1,Medium Risk
C24202,Premium,Annual,1271.7,34,68.8,1,True,0,Low Risk
C24203,Basic,Monthly,485.44,1,51.5,2,False,3,High Risk
C24204,Basic,Monthly,393.06,19,41.4,3,False,3,High Risk
C24205,Standard,Monthly,634.86,2,40.8,6,False,4,High Risk
C24206,Basic,Annual,426.12,22,52.8,2,True,0,Low Risk
C24207,Basic,Monthly,377.57,6,65.1,1,True,2,Medium Risk
C24209,Standard,Monthly,648.56,26,24.4,6,False,3,High Risk
C24210,Standard,Monthly,698.24,30,18.3,4,True,3,High Risk
C24212,Premium,Monthly,1474.49,17,50.8,2,True,1,Medium Risk
C24215,Premium,Annual,1232.62,0,57.3,2,True,1,Medium Risk
C24216,Premium,Annual,1265.41,5,54.3,3,True,2,Medium Risk
C24219,Basic,Monthly,409.66,15,71.6,2,True,1,Medium Risk
C24220,Basic,Monthly,374.54,6,18.4,4,True,4,High Risk
C24222,Standard,Monthly,744.13,6,66.1,1,True,2,Medium Risk
C24223,Standard,Annual,653.61,35,53.9,3,False,2,Medium Risk
C24224,Standard,Annual,775.94,20,73.6,1,True,0,Low Risk
C24226,Standard,Monthly,763.6,3,13.1,4,False,5,High Risk
C24227,Basic,Annual,311.58,23,48.5,2,True,0,Low Risk
C24229,Premium,Annual,1290.51,34,59.1,1,False,1,Medium Risk
C24232,Premium,Monthly,1410.12,6,57.9,2,True,2,Medium Risk
C24234,Basic,Annual,493.44,12,60.4,1,True,0,Low Risk
C24235,Standard,Monthly,866.89,29,55.2,2,False,2,Medium Risk
C24236,Basic,Monthly,308.63,30,79.9,0,False,2,Medium Risk
C24237,Standard,Monthly,889.25,27,56.1,3,False,3,High Risk
C24238,Premium,Monthly,1407.12,2,36.1,5,True,3,High Risk
C24240,Premium,Monthly,1327.09,24,24.2,3,True,2,Medium Risk
C24241,Basic,Monthly,389.48,4,22.2,4,False,4,High Risk
C24242,Basic,Annual,374.05,19,15.9,4,False,3,High Risk
C24244,Standard,Annual,734.44,5,59.7,2,True,1,Medium Risk
C24246,Standard,Annual,786.04,4,51.0,3,True,2,Medium Risk
C24247,Basic,Annual,367.13,34,61.8,1,False,1,Medium Risk
C24248,Basic,Monthly,489.55,24,38.1,4,False,3,High Risk
C24249,Basic,Annual,401.41,22,43.4,2,True,0,Low Risk
C24250,Standard,Monthly,688.82,16,64.5,1,True,1,Medium Risk
C24251,Premium,Monthly,1442.57,16,13.1,4,False,4,High Risk
C24252,Basic,Annual,311.98,23,47.3,2,True,0,Low Risk
C24253,Standard,Annual,602.11,9,5.5,5,True,3,High Risk
C24255,Premium,Annual,1243.48,11,65.4,1,False,2,Medium Risk
C24256,Standard,Monthly,814.19,21,28.8,3,False,3,High Risk
C24257,Standard,Monthly,806.74,36,9.3,4,False,4,High Risk
C24258,Basic,Annual,433.05,31,48.5,2,True,0,Low Risk
C24259,Premium,Monthly,1085.01,5,71.4,0,False,3,High Risk
C24260,Basic,Monthly,428.19,20,29.6,4,False,3,High Risk
C24262,Premium,Monthly,1130.48,20,27.0,4,False,3,High Risk
C24263,Basic,Annual,419.55,34,54.8,2,False,1,Medium Risk
C24264,Basic,Annual,399.81,17,26.3,3,True,1,Medium Risk
C24265,Basic,Annual,403.8,18,51.8,1,True,0,Low Risk
C24266,Standard,Monthly,610.73,12,71.0,0,False,2,Medium Risk
C24267,Basic,Monthly,355.19,12,36.7,3,True,2,Medium Risk
C24269,Basic,Annual,397.31,18,36.9,3,True,1,Medium Risk
C24270,Basic,Annual,393.64,34,59.2,2,False,1,Medium Risk
C24271,Standard,Monthly,750.71,7,52.0,2,True,2,Medium Risk
C24272,Basic,Monthly,354.74,17,34.4,3,False,3,High Risk
C24273,Standard,Monthly,866.36,4,49.0,2,True,2,Medium Risk
C24274,Basic,Annual,419.77,34,26.8,4,True,1,Medium Risk
C24275,Premium,Monthly,1233.9,31,14.6,4,False,4,High Risk
C24276,Premium,Monthly,1253.1,16,68.1,1,True,1,Medium Risk
C24278,Basic,Monthly,388.84,6,34.2,6,True,3,High Risk
C24279,Basic,Monthly,489.35,15,43.4,3,False,3,High Risk
C24280,Premium,Annual,1230.49,27,62.4,1,False,1,Medium Risk
C24281,Standard,Annual,627.14,19,54.8,2,True,0,Low Risk
C24282,Basic,Monthly,405.84,13,40.0,5,True,2,Medium Risk
C24283,Standard,Monthly,797.31,14,42.8,2,True,1,Medium Risk
C24285,Basic,Monthly,388.99,3,38.7,3,True,3,High Risk
C24289,Standard,Monthly,878.88,19,33.7,3,True,2,Medium Risk
C24290,Premium,Monthly,1294.12,24,42.4,2,True,1,Medium Risk
C24291,Standard,Monthly,826.29,18,40.0,3,False,3,High Risk
C24293,Standard,Monthly,841.31,13,32.0,3,False,3,High Risk
C24294,Standard,Monthly,847.99,10,86.4,0,False,3,High Risk
C24295,Basic,Monthly,393.15,0,22.1,4,True,3,High Risk
C24298,Basic,Monthly,355.13,4,55.5,1,False,3,High Risk
C24299,Standard,Monthly,673.61,5,17.6,3,False,5,High Risk
C24300,Standard,Annual,851.4,29,44.7,5,True,1,Medium Risk
C24301,Premium,Annual,1077.12,35,43.5,2,False,1,Medium Risk
C24302,Standard,Annual,784.52,14,2.3,6,True,2,Medium Risk
C24303,Basic,Monthly,390.74,18,59.6,3,False,3,High Risk
C24305,Basic,Monthly,461.7,0,61.6,1,True,2,Medium Risk
C24306,Standard,Annual,658.71,36,31.6,3,True,1,Medium Risk
C24307,Basic,Annual,342.21,31,13.2,5,True,2,Medium Risk
C24309,Basic,Monthly,414.13,8,37.4,3,False,4,High Risk
C24310,Standard,Monthly,707.53,31,29.5,4,True,2,Medium Risk
C24311,Standard,Annual,758.44,35,29.6,3,False,2,Medium Risk
C24313,Standard,Monthly,822.68,31,38.3,4,True,2,Medium Risk
C24314,Standard,Annual,756.58,34,55.1,3,True,1,Medium Risk
C24315,Standard,Monthly,650.41,0,33.1,4,False,4,High Risk
C24316,Standard,Monthly,602.67,28,7.2,4,True,3,High Risk
C24318,Premium,Monthly,1195.38,10,64.4,1,False,3,High Risk
C24319,Premium,Monthly,1161.38,16,20.3,4,False,3,High Risk
C24320,Basic,Monthly,496.76,27,43.1,4,True,2,Medium Risk
C24321,Standard,Monthly,775.92,29,28.4,3,True,2,Medium Risk
C24322,Standard,Monthly,695.24,23,44.7,2,True,1,Medium Risk
C24323,Standard,Monthly,691.71,2,37.7,3,False,4,High Risk
C24324,Standard,Monthly,608.37,7,59.0,2,True,2,Medium Risk
C24325,Basic,Monthly,409.39,34,3.5,6,True,3,High Risk
C24326,Basic,Annual,361.6,30,47.4,3,True,1,Medium Risk
C24328,Basic,Monthly,456.58,6,51.6,2,False,3,High Risk
C24330,Standard,Monthly,681.8,14,41.4,3,False,3,High Risk
C24331,Premium,Annual,1090.36,28,69.7,2,False,1,Medium Risk
C24332,Basic,Annual,497.69,27,40.1,2,True,0,Low Risk
C24333,Premium,Annual,1350.02,31,52.4,2,True,0,Low Risk
C24335,Standard,Monthly,744.44,26,71.0,1,True,1,Medium Risk
C24336,Basic,Monthly,410.77,2,44.5,4,True,3,High Risk
C24337,Standard,Monthly,831.24,21,38.7,3,True,2,Medium Risk
C24338,Basic,Annual,384.67,30,62.0,3,True,1,Medium Risk
C24340,Premium,Annual,1438.08,5,22.9,5,False,3,High Risk
C24343,Standard,Monthly,698.24,11,46.7,2,False,3,High Risk
C24344,Basic,Annual,322.96,21,62.3,1,False,1,Medium Risk
C24345,Standard,Monthly,744.61,18,32.1,3,True,2,Medium Risk
C24346,Premium,Annual,1199.42,13,47.6,2,True,0,Low Risk
C24347,Premium,Monthly,1143.68,30,15.9,4,False,4,High Risk
C24348,Standard,Monthly,701.47,7,27.9,3,False,4,High Risk
C24349,Basic,Monthly,477.38,12,54.7,2,True,1,Medium Risk
C24351,Basic,Monthly,491.84,9,60.0,2,False,3,High Risk
C24352,Basic,Monthly,316.11,26,73.6,0,True,1,Medium Risk
C24353,Premium,Annual,1391.19,18,49.9,2,True,0,Low Risk
C24354,Standard,Annual,687.51,21,35.9,2,False,1,Medium Risk
C24355,Basic,Monthly,388.6,20,24.9,3,True,2,Medium Risk
C24356,Basic,Monthly,495.39,20,36.5,3,False,3,High Risk
C24358,Standard,Monthly,652.15,27,58.0,1,False,2,Medium Risk
C24361,Standard,Monthly,849.69,2,45.4,3,False,4,High Risk
C24362,Standard,Monthly,841.95,24,49.4,2,False,2,Medium Risk
C24363,Basic,Monthly,389.84,1,44.1,3,True,3,High Risk
C24364,Standard,Annual,790.1,34,23.7,4,True,1,Medium Risk
C24365,Standard,Monthly,627.37,32,71.1,3,False,3,High Risk
C24366,Standard,Monthly,683.05,8,66.8,1,False,3,High Risk
C24367,Basic,Annual,415.79,7,29.9,3,False,3,High Risk
C24368,Premium,Monthly,1177.35,31,14.5,4,True,3,High Risk
C24369,Basic,Monthly,387.39,20,51.1,3,True,2,Medium Risk
C24370,Standard,Annual,866.84,32,17.5,4,True,2,Medium Risk
C24371,Standard,Monthly,720.86,4,58.2,2,True,2,Medium Risk
C24372,Premium,Monthly,1100.58,3,33.9,3,True,3,High Risk
C24373,Standard,Annual,675.51,18,40.9,2,True,0,Low Risk
C24374,Basic,Monthly,470.84,26,24.3,5,True,2,Medium Risk
C24377,Basic,Monthly,411.68,10,22.6,4,False,4,High Risk
C24378,Standard,Annual,824.96,10,43.9,2,True,1,Medium Risk
C24379,Standard,Monthly,779.85,6,56.0,2,False,3,High Risk
C24380,Premium,Annual,1119.88,29,0.0,5,True,2,Medium Risk
C24381,Premium,Monthly,1373.2,5,56.6,1,True,2,Medium Risk
C24382,Standard,Monthly,754.26,20,29.5,5,False,3,High Risk
C24384,Basic,Annual,391.28,16,16.8,4,True,2,Medium Risk
C24385,Basic,Annual,361.19,20,35.9,4,True,1,Medium Risk
C24386,Basic,Monthly,488.75,3,71.4,2,True,2,Medium Risk
C24389,Basic,Monthly,484.19,22,42.1,3,True,2,Medium Risk
C24390,Standard,Monthly,601.61,2,53.7,2,False,3,High Risk
C24391,Standard,Monthly,697.27,29,67.9,1,False,2,Medium Risk
C24393,Standard,Annual,678.0,35,35.8,3,False,2,Medium Risk
C24394,Standard,Monthly,730.64,8,42.7,2,True,2,Medium Risk
C24395,Premium,Monthly,1322.79,17,34.2,4,False,3,High Risk
C24396,Basic,Monthly,428.42,8,69.3,1,True,2,Medium Risk
C24397,Basic,Monthly,446.34,21,36.4,4,True,2,Medium Risk
C24400,Standard,Annual,889.16,32,23.0,3,True,1,Medium Risk
C24401,Premium,Annual,1342.99,24,42.5,2,True,0,Low Risk
C24403,Standard,Annual,775.92,30,55.2,2,True,0,Low Risk
C24404,Standard,Monthly,790.28,15,49.9,3,False,3,High Risk
C24405,Standard,Monthly,680.74,26,11.5,5,True,3,High Risk
C24406,Premium,Monthly,1189.96,0,21.5,5,False,4,High Risk
C24409,Standard,Monthly,763.61,18,38.1,3,True,2,Medium Risk
C24410,Standard,Monthly,672.08,2,25.5,4,True,3,High Risk
C24411,Basic,Annual,339.28,1,53.0,2,False,2,Medium Risk
C24413,Standard,Monthly,785.89,5,12.5,4,False,5,High Risk
C24414,Basic,Annual,474.55,27,58.4,1,True,0,Low Risk
C24415,Premium,Annual,1232.65,21,51.6,2,True,0,Low Risk
C24416,Standard,Annual,792.54,26,77.4,0,False,1,Medium Risk
C24417,Standard,Annual,641.75,34,39.1,3,True,1,Medium Risk
C24418,Basic,Monthly,439.28,3,9.0,6,True,4,High Risk
C24420,Basic,Monthly,364.18,0,19.2,6,True,4,High Risk
C24422,Standard,Monthly,729.47,8,41.0,4,False,4,High Risk
C24423,Standard,Monthly,727.9,27,36.4,3,True,2,Medium Risk
C24425,Standard,Annual,827.34,25,43.2,2,True,0,Low Risk
C24426,Standard,Monthly,803.45,20,51.1,3,True,2,Medium Risk
C24427,Basic,Monthly,444.62,14,57.8,1,True,1,Medium Risk
C24428,Premium,Monthly,1250.15,7,31.7,6,True,3,High Risk
C24430,Basic,Monthly,450.55,13,17.3,4,False,4,High Risk
C24432,Standard,Monthly,705.71,0,77.6,0,True,2,Medium Risk
C24433,Basic,Monthly,422.01,1,41.2,3,False,4,High Risk
C24434,Basic,Monthly,370.11,0,58.5,1,True,2,Medium Risk
C24436,Standard,Annual,821.29,30,57.5,2,True,0,Low Risk
C24438,Premium,Monthly,1099.49,16,23.9,3,True,2,Medium Risk
C24439,Premium,Monthly,1281.52,7,62.5,2,False,3,High Risk
C24440,Basic,Annual,424.41,11,65.6,1,False,2,Medium Risk
C24441,Standard,Monthly,799.78,2,46.6,2,True,2,Medium Risk
C24442,Standard,Monthly,890.38,2,70.8,2,True,2,Medium Risk
C24443,Standard,Monthly,850.07,0,30.7,2,False,3,High Risk
C24444,Basic,Annual,349.2,31,33.4,3,True,1,Medium Risk
C24445,Basic,Monthly,300.31,9,16.1,4,False,5,High Risk
C24446,Premium,Monthly,1423.38,8,64.2,2,True,2,Medium Risk
C24449,Standard,Annual,705.29,7,66.9,2,False,2,Medium Risk
C24451,Standard,Monthly,747.47,28,43.9,2,False,2,Medium Risk
C24452,Basic,Annual,426.47,14,49.0,2,True,0,Low Risk
C24453,Basic,Monthly,301.67,1,70.7,2,True,2,Medium Risk
C24454,Standard,Monthly,626.98,28,34.2,3,False,3,High Risk
C24455,Basic,Monthly,306.37,4,71.8,0,True,2,Medium Risk
C24456,Basic,Annual,322.94,22,32.8,4,False,2,Medium Risk
C24457,Basic,Annual,310.1,26,49.5,2,True,0,Low Risk
C24459,Basic,Monthly,496.19,33,15.2,4,True,3,High Risk
C24460,Standard,Monthly,783.17,15,44.3,2,True,1,Medium Risk
C24461,Standard,Annual,818.96,30,52.2,3,True,1,Medium Risk
C24462,Standard,Monthly,630.29,26,26.3,3,True,2,Medium Risk
C24463,Standard,Monthly,727.82,3,69.7,2,False,3,High Risk
C24464,Basic,Monthly,350.55,13,47.5,3,False,3,High Risk
C24467,Basic,Monthly,481.24,2,49.2,2,False,3,High Risk
C24468,Standard,Annual,647.07,19,45.6,3,True,1,Medium Risk
C24470,Standard,Monthly,896.93,18,36.4,3,False,3,High Risk
C24471,Standard,Monthly,695.0,10,66.7,1,True,2,Medium Risk
C24472,Standard,Annual,678.48,13,43.8,4,True,1,Medium Risk
C24473,Standard,Annual,603.58,6,49.4,2,False,2,Medium Risk
C24474,Premium,Annual,1275.55,36,62.5,1,True,0,Low Risk
C24476,Basic,Monthly,351.67,12,84.6,0,False,2,Medium Risk
C24477,Standard,Monthly,759.15,16,56.7,1,True,1,Medium Risk
C24480,Standard,Monthly,704.17,25,49.3,3,False,3,High Risk
C24482,Basic,Annual,476.8,35,60.5,3,True,1,Medium Risk
C24483,Basic,Monthly,490.68,21,68.9,1,False,2,Medium Risk
C24484,Premium,Monthly,1234.46,33,61.0,2,False,2,Medium Risk
C24485,Standard,Monthly,706.39,4,40.5,3,True,3,High Risk
C24487,Basic,Annual,383.14,30,34.7,2,True,0,Low Risk
C24490,Basic,Monthly,405.09,26,33.3,4,True,2,Medium Risk
C24491,Basic,Monthly,317.08,1,30.1,2,False,3,High Risk
C24494,Basic,Monthly,397.38,7,62.3,2,False,3,High Risk
C24497,Basic,Monthly,336.73,15,30.1,3,False,3,High Risk
C24498,Basic,Annual,489.24,0,11.8,5,True,3,High Risk
C24499,Basic,Annual,385.67,32,66.7,1,False,1,Medium Risk
C24500,Basic,Monthly,363.48,8,23.2,4,False,4,High Risk
C24501,Basic,Annual,464.13,30,47.9,3,True,1,Medium Risk
C24502,Basic,Monthly,365.27,24,33.1,3,True,2,Medium Risk
C24503,Premium,Monthly,1016.74,5,38.0,3,False,4,High Risk
C24506,Standard,Annual,719.42,33,28.6,4,False,2,Medium Risk
C24507,Standard,Monthly,631.62,23,59.3,1,False,2,Medium Risk
C24508,Basic,Annual,327.54,35,65.4,1,True,0,Low Risk
C24509,Basic,Monthly,353.86,6,72.4,1,True,2,Medium Risk
C24510,Basic,Monthly,457.18,0,24.4,4,False,4,High Risk
C24512,Basic,Annual,368.63,32,18.6,5,True,2,Medium Risk
C24514,Basic,Monthly,396.57,33,57.0,1,False,2,Medium Risk
C24515,Premium,Monthly,1042.46,31,22.5,7,True,2,Medium Risk
C24516,Basic,Annual,382.11,19,21.6,6,False,2,Medium Risk
C24517,Standard,Monthly,652.99,5,55.3,1,False,3,High Risk
C24518,Standard,Annual,799.55,34,51.4,3,True,1,Medium Risk
C24519,Basic,Monthly,332.96,1,59.9,2,True,2,Medium Risk
C24520,Standard,Annual,631.82,20,22.1,3,True,1,Medium Risk
C24521,Basic,Monthly,453.61,23,46.7,3,True,2,Medium Risk
C24522,Premium,Monthly,1303.8,13,54.6,3,True,2,Medium Risk
C24523,Basic,Annual,306.61,26,54.2,3,True,1,Medium Risk
C24524,Standard,Monthly,711.19,10,29.8,3,False,4,High Risk
C24526,Basic,Monthly,362.76,23,39.4,2,True,1,Medium Risk
C24527,Basic,Annual,461.86,7,38.4,4,True,2,Medium Risk
C24528,Standard,Monthly,821.18,6,51.4,2,False,3,High Risk
C24529,Standard,Monthly,882.56,10,64.5,1,False,3,High Risk
C24530,Standard,Monthly,884.8,10,43.5,2,False,3,High Risk
C24532,Standard,Monthly,861.53,21,37.0,3,False,3,High Risk
C24534,Standard,Monthly,842.38,24,71.3,4,False,3,High Risk
C24535,Standard,Annual,896.58,1,66.1,3,True,2,Medium Risk
C24538,Premium,Monthly,1213.23,14,48.0,4,False,3,High Risk
C24539,Standard,Annual,606.66,34,71.2,2,True,0,Low Risk
C24541,Basic,Annual,360.15,18,46.4,3,True,1,Medium Risk
C24542,Standard,Annual,610.45,8,44.0,2,False,2,Medium Risk
C24543,Premium,Monthly,1091.98,29,15.1,4,True,3,High Risk
C24544,Premium,Monthly,1458.3,16,43.1,2,True,1,Medium Risk
C24546,Basic,Annual,377.97,21,17.6,6,False,3,High Risk
C24547,Standard,Annual,698.95,31,42.5,2,True,0,Low Risk
C24548,Standard,Monthly,895.32,3,24.7,3,True,3,High Risk
C24549,Standard,Monthly,839.86,9,38.5,3,True,3,High Risk
C24550,Basic,Monthly,439.76,2,33.1,3,False,4,High Risk
C24551,Basic,Monthly,381.55,4,19.8,4,False,5,High Risk
C24553,Standard,Monthly,614.42,6,48.1,2,False,3,High Risk
C24554,Standard,Annual,809.33,22,37.2,2,True,0,Low Risk
C24555,Standard,Annual,735.92,29,8.6,6,False,3,High Risk
C24556,Basic,Monthly,452.5,19,39.3,3,False,3,High Risk
C24557,Premium,Annual,1033.09,26,58.5,3,True,1,Medium Risk
C24558,Standard,Monthly,843.27,5,36.3,3,False,4,High Risk
C24559,Premium,Annual,1176.01,24,57.3,4,True,1,Medium Risk
C24560,Premium,Annual,1081.85,33,48.7,3,False,2,Medium Risk
C24562,Standard,Monthly,880.13,15,55.7,1,True,1,Medium Risk
C24563,Standard,Monthly,640.25,24,10.6,5,False,4,High Risk
C24564,Basic,Annual,344.02,29,11.5,5,False,3,High Risk
C24566,Premium,Monthly,1137.92,25,8.9,6,False,4,High Risk
C24567,Premium,Monthly,1380.2,12,86.5,0,True,1,Medium Risk
C24568,Premium,Monthly,1458.1,21,40.1,2,True,1,Medium Risk
C24569,Basic,Monthly,438.7,15,33.0,4,False,3,High Risk
C24570,Standard,Monthly,880.62,16,70.8,1,True,1,Medium Risk
C24571,Standard,Monthly,718.9,32,55.5,2,True,1,Medium Risk
C24572,Premium,Annual,1173.3,29,63.6,2,True,0,Low Risk
C24573,Standard,Annual,847.79,20,30.3,4,True,1,Medium Risk
C24574,Basic,Annual,410.01,27,64.6,1,True,0,Low Risk
C24575,Standard,Annual,818.62,9,55.2,1,True,1,Medium Risk
C24576,Basic,Monthly,477.63,22,21.0,3,False,3,High Risk
C24577,Basic,Annual,461.92,18,40.4,2,True,0,Low Risk
C24579,Basic,Monthly,485.91,1,60.8,1,False,3,High Risk
C24581,Standard,Annual,870.59,29,50.0,2,True,0,Low Risk
C24582,Basic,Annual,399.19,33,54.3,3,False,2,Medium Risk
C24584,Standard,Monthly,764.05,25,47.2,2,True,1,Medium Risk
C24585,Standard,Monthly,657.15,28,73.4,1,False,2,Medium Risk
C24586,Basic,Annual,357.71,24,53.7,1,True,0,Low Risk
C24587,Premium,Monthly,1326.33,1,72.6,1,True,2,Medium Risk
C24588,Standard,Monthly,761.74,4,56.5,1,False,3,High Risk
C24591,Basic,Monthly,301.14,20,37.7,3,False,3,High Risk
C24592,Premium,Monthly,1088.29,20,63.0,1,True,1,Medium Risk
C24593,Basic,Annual,326.75,27,30.0,4,False,2,Medium Risk
C24594,Premium,Annual,1089.99,24,54.2,1,True,0,Low Risk
C24595,Standard,Monthly,848.07,3,51.7,2,False,3,High Risk
C24596,Basic,Monthly,368.6,6,23.3,4,True,3,High Risk
C24597,Standard,Annual,821.33,11,49.2,2,True,1,Medium Risk
C24598,Standard,Monthly,761.34,11,55.1,2,True,2,Medium Risk
C24599,Basic,Monthly,347.01,8,14.7,4,False,5,High Risk
C24601,Basic,Annual,475.46,19,24.8,4,True,1,Medium Risk
C24602,Premium,Annual,1116.76,20,41.0,2,True,0,Low Risk
C24603,Basic,Monthly,304.43,4,36.9,3,False,4,High Risk
C24604,Basic,Monthly,492.58,4,51.4,2,False,3,High Risk
C24605,Basic,Annual,366.66,9,43.8,3,True,2,Medium Risk
C24608,Basic,Monthly,483.17,23,27.6,4,False,3,High Risk
C24609,Standard,Monthly,828.04,3,60.2,1,True,2,Medium Risk
C24611,Standard,Monthly,629.72,29,81.7,0,True,1,Medium Risk
C24613,Standard,Monthly,634.16,4,16.4,5,False,5,High Risk
C24614,Basic,Annual,377.75,31,40.3,3,True,1,Medium Risk
C24616,Standard,Monthly,609.44,16,71.2,0,False,2,Medium Risk
C24618,Basic,Monthly,439.03,1,61.8,1,False,3,High Risk
C24619,Standard,Annual,894.62,1,15.0,5,True,3,High Risk
C24620,Standard,Monthly,607.68,21,-0.0,5,False,4,High Risk
C24621,Standard,Monthly,827.24,33,32.8,2,True,1,Medium Risk
C24622,Basic,Monthly,300.62,4,74.2,2,False,3,High Risk
C24623,Basic,Monthly,344.04,10,58.9,2,True,2,Medium Risk
C24624,Standard,Monthly,794.38,8,22.6,3,True,3,High Risk
C24625,Standard,Monthly,606.14,23,55.5,2,False,2,Medium Risk
C24626,Basic,Monthly,454.11,36,41.6,3,False,3,High Risk
C24627,Standard,Monthly,616.2,3,42.4,2,False,3,High Risk
C24628,Basic,Monthly,492.93,8,55.3,2,True,2,Medium Risk
C24629,Basic,Monthly,350.68,4,10.0,4,False,5,High Risk
C24630,Basic,Monthly,479.94,19,23.4,5,False,3,High Risk
C24631,Basic,Annual,372.97,24,63.4,1,True,0,Low Risk
C24632,Basic,Monthly,464.95,9,59.8,2,True,2,Medium Risk
C24633,Basic,Annual,457.91,28,58.1,3,True,1,Medium Risk
C24634,Basic,Monthly,404.12,20,55.4,4,True,2,Medium Risk
C24635,Standard,Monthly,614.87,10,4.9,7,True,4,High Risk
C24636,Standard,Monthly,774.29,4,48.4,2,True,2,Medium Risk
C24637,Basic,Monthly,350.12,9,55.5,2,True,2,Medium Risk
C24638,Basic,Monthly,373.36,16,59.8,1,True,1,Medium Risk
C24639,Basic,Monthly,352.81,5,83.3,1,False,3,High Risk
C24640,Basic,Monthly,319.95,31,83.1,0,False,2,Medium Risk
C24641,Basic,Monthly,325.22,33,49.3,2,True,1,Medium Risk
C24642,Basic,Annual,336.99,29,30.3,3,False,2,Medium Risk
C24644,Basic,Monthly,305.15,21,26.7,4,False,3,High Risk
C24648,Basic,Monthly,369.34,27,18.3,6,True,3,High Risk
C24649,Premium,Annual,1362.41,24,32.3,3,True,1,Medium Risk
C24650,Standard,Monthly,851.29,6,15.3,4,False,5,High Risk
C24651,Standard,Annual,794.93,17,57.7,3,True,1,Medium Risk
C24652,Premium,Monthly,1052.54,18,67.6,1,False,2,Medium Risk
C24653,Standard,Monthly,872.35,22,26.5,4,False,3,High Risk
C24656,Basic,Annual,486.02,31,58.8,3,True,1,Medium Risk
C24657,Standard,Annual,720.68,10,18.8,4,True,3,High Risk
C24658,Basic,Annual,380.39,31,46.9,2,True,0,Low Risk
C24659,Premium,Monthly,1024.92,16,78.4,0,False,2,Medium Risk
C24660,Basic,Annual,313.6,20,56.6,2,True,0,Low Risk
C24661,Standard,Monthly,731.83,2,11.7,4,False,5,High Risk
C24662,Basic,Monthly,466.91,4,38.1,2,False,3,High Risk
C24664,Basic,Annual,414.01,16,79.0,2,True,0,Low Risk
C24666,Standard,Annual,890.79,26,32.9,3,False,2,Medium Risk
C24667,Standard,Monthly,673.95,26,18.1,4,True,3,High Risk
C24668,Premium,Monthly,1223.44,4,42.2,4,True,3,High Risk
C24669,Standard,Monthly,734.25,7,41.8,3,False,4,High Risk
C24671,Standard,Annual,745.37,7,52.5,3,True,2,Medium Risk
C24672,Standard,Monthly,659.79,30,56.0,2,True,1,Medium Risk
C24674,Basic,Monthly,496.14,15,44.5,3,False,3,High Risk
C24675,Standard,Monthly,667.73,2,25.8,3,True,3,High Risk
C24676,Basic,Monthly,349.26,31,52.7,4,False,3,High Risk
C24677,Basic,Annual,473.49,27,43.1,3,True,1,Medium Risk
C24678,Premium,Annual,1164.19,22,28.9,4,True,1,Medium Risk
C24679,Basic,Monthly,357.29,17,26.5,3,True,2,Medium Risk
C24680,Basic,Monthly,327.93,22,22.9,4,True,2,Medium Risk
C24681,Basic,Annual,422.6,35,66.0,2,True,0,Low Risk
C24684,Premium,Annual,1307.91,32,21.0,6,True,1,Medium Risk
C24688,Basic,Monthly,352.65,10,37.5,4,True,3,High Risk
C24689,Basic,Annual,448.7,17,31.4,4,False,2,Medium Risk
C24690,Basic,Annual,407.3,30,51.5,4,False,2,Medium Risk
C24691,Basic,Monthly,433.23,22,20.0,5,False,3,High Risk
C24693,Standard,Annual,843.14,10,70.2,2,True,1,Medium Risk
C24694,Standard,Monthly,866.43,12,78.4,0,True,1,Medium Risk
C24695,Standard,Annual,710.08,10,30.5,3,True,2,Medium Risk
C24696,Basic,Annual,319.44,28,73.4,0,True,0,Low Risk
C24697,Standard,Annual,627.88,22,31.2,3,True,1,Medium Risk
C24698,Basic,Monthly,426.89,14,13.4,5,False,4,High Risk
C24699,Standard,Monthly,875.17,1,15.7,4,False,5,High Risk
C24700,Basic,Monthly,313.23,5,58.6,2,True,2,Medium Risk
C24702,Basic,Monthly,423.49,9,52.7,4,False,4,High Risk
C24703,Basic,Monthly,461.16,20,29.9,3,True,2,Medium Risk
C24705,Standard,Monthly,640.16,32,36.1,3,False,3,High Risk
C24707,Basic,Monthly,349.07,13,38.4,3,False,3,High Risk
C24708,Premium,Monthly,1172.46,15,61.3,2,False,2,Medium Risk
C24710,Basic,Monthly,346.79,11,45.2,3,False,4,High Risk
C24711,Premium,Annual,1175.47,35,52.9,1,True,0,Low Risk
C24713,Premium,Monthly,1260.03,28,76.8,1,False,2,Medium Risk
C24715,Premium,Monthly,1111.72,20,48.7,2,True,1,Medium Risk
C24716,Standard,Monthly,666.89,3,5.4,5,False,5,High Risk
C24717,Basic,Monthly,399.86,12,52.0,2,False,2,Medium Risk
C24718,Premium,Annual,1406.06,8,58.1,1,False,2,Medium Risk
C24719,Premium,Monthly,1182.16,11,42.6,4,True,3,High Risk
C24720,Standard,Monthly,695.46,23,72.5,1,False,2,Medium Risk
C24721,Basic,Annual,441.7,27,64.0,1,True,0,Low Risk
C24722,Standard,Annual,755.12,26,40.0,2,False,1,Medium Risk
C24723,Standard,Monthly,772.66,22,52.3,2,True,1,Medium Risk
C24724,Standard,Monthly,872.55,9,44.0,2,False,3,High Risk
C24725,Basic,Monthly,445.0,29,4.3,5,True,3,High Risk
C24726,Basic,Monthly,393.07,2,66.2,2,True,2,Medium Risk
C24727,Standard,Annual,870.6,34,58.9,1,True,0,Low Risk
C24728,Standard,Monthly,756.05,14,73.6,0,True,1,Medium Risk
C24731,Standard,Monthly,682.15,28,79.9,1,False,2,Medium Risk
C24732,Premium,Monthly,1431.76,11,25.3,4,False,4,High Risk
C24733,Basic,Monthly,438.57,28,25.0,3,True,2,Medium Risk
C24735,Basic,Annual,344.76,4,67.0,1,True,1,Medium Risk
C24736,Basic,Monthly,445.37,6,65.9,1,False,3,High Risk
C24738,Premium,Monthly,1291.92,16,9.8,5,False,4,High Risk
C24740,Premium,Monthly,1405.03,26,65.6,2,False,2,Medium Risk
C24741,Basic,Monthly,386.7,3,43.7,3,True,3,High Risk
C24742,Basic,Monthly,436.73,24,73.3,1,False,2,Medium Risk
C24743,Basic,Annual,438.08,27,34.7,3,True,1,Medium Risk
C24744,Standard,Monthly,781.6,26,19.3,4,True,3,High Risk
C24745,Basic,Monthly,321.54,17,24.1,5,False,3,High Risk
C24746,Standard,Monthly,733.73,31,61.0,3,True,2,Medium Risk
C24747,Premium,Annual,1186.61,27,31.6,3,True,1,Medium Risk
C24749,Basic,Annual,358.75,25,21.2,5,False,2,Medium Risk
C24750,Basic,Monthly,339.66,22,12.5,4,False,4,High Risk
C24751,Basic,Monthly,339.02,2,16.6,3,True,4,High Risk
C24752,Basic,Monthly,338.86,14,24.6,3,False,3,High Risk
C24754,Basic,Annual,413.06,2,35.7,3,True,2,Medium Risk
C24756,Basic,Monthly,319.78,9,30.6,3,False,4,High Risk
C24757,Premium,Annual,1161.95,27,48.6,3,False,2,Medium Risk
C24758,Basic,Annual,426.57,22,52.2,2,True,0,Low Risk
C24759,Basic,Monthly,491.28,9,28.6,3,True,3,High Risk
C24760,Standard,Annual,647.13,28,54.0,1,True,0,Low Risk
C24761,Premium,Monthly,1391.61,10,31.4,3,True,3,High Risk
C24764,Premium,Monthly,1239.98,17,8.6,6,True,3,High Risk
C24766,Basic,Monthly,398.57,35,50.4,5,False,3,High Risk
C24768,Basic,Monthly,448.73,8,73.1,2,False,3,High Risk
C24769,Standard,Annual,817.79,4,34.8,2,True,1,Medium Risk
C24771,Basic,Monthly,458.81,1,59.5,1,True,2,Medium Risk
C24772,Basic,Annual,466.95,27,34.0,3,True,1,Medium Risk
C24773,Premium,Monthly,1378.58,5,38.5,2,False,3,High Risk
C24774,Standard,Monthly,736.08,17,28.7,4,True,2,Medium Risk
C24775,Basic,Monthly,318.67,26,29.0,4,False,3,High Risk
C24776,Standard,Monthly,831.09,17,61.6,1,True,1,Medium Risk
C24777,Premium,Monthly,1172.55,11,9.1,4,False,5,High Risk
C24779,Premium,Annual,1244.04,21,58.4,3,True,1,Medium Risk
C24780,Basic,Annual,388.06,2,58.4,2,True,1,Medium Risk
C24781,Standard,Monthly,703.15,16,48.0,3,False,3,High Risk
C24783,Standard,Annual,759.28,29,56.6,1,True,0,Low Risk
C24784,Premium,Monthly,1270.89,21,46.8,2,True,1,Medium Risk
C24786,Basic,Monthly,448.64,18,44.5,2,True,1,Medium Risk
C24788,Basic,Annual,401.89,33,53.7,4,True,1,Medium Risk
C24789,Standard,Monthly,817.62,18,37.1,2,False,2,Medium Risk
C24791,Basic,Annual,427.82,21,56.3,3,True,1,Medium Risk
C24792,Standard,Monthly,760.37,21,33.7,3,True,2,Medium Risk
C24794,Basic,Annual,392.27,23,1.1,6,True,2,Medium Risk
C24795,Premium,Monthly,1464.55,14,33.0,3,False,3,High Risk
C24796,Premium,Monthly,1434.59,19,59.5,2,False,2,Medium Risk
C24797,Standard,Monthly,738.3,20,41.0,2,False,2,Medium Risk
C24798,Standard,Monthly,610.05,5,47.8,3,True,3,High Risk
C24799,Standard,Annual,631.69,8,9.3,6,False,4,High Risk
C24800,Premium,Monthly,1356.86,21,29.0,5,False,3,High Risk
C24801,Basic,Monthly,323.37,18,10.4,5,False,4,High Risk
C24802,Basic,Annual,354.7,24,1.4,5,True,2,Medium Risk
C24803,Standard,Monthly,851.62,8,68.4,2,True,2,Medium Risk
C24804,Basic,Annual,335.74,25,46.1,4,True,1,Medium Risk
C24805,Premium,Monthly,1412.58,34,62.2,2,False,2,Medium Risk
C24807,Basic,Monthly,463.57,10,60.9,4,False,4,High Risk
C24808,Premium,Monthly,1400.23,12,78.3,1,False,2,Medium Risk
C24809,Basic,Monthly,407.01,22,47.6,3,True,2,Medium Risk
C24811,Premium,Monthly,1371.87,18,10.3,5,False,4,High Risk
C24812,Basic,Monthly,383.59,25,64.5,1,False,2,Medium Risk
C24813,Premium,Annual,1464.77,36,15.5,5,True,2,Medium Risk
C24814,Premium,Monthly,1402.83,1,37.1,3,False,4,High Risk
C24816,Basic,Monthly,466.05,32,39.2,2,False,2,Medium Risk
C24817,Basic,Monthly,444.76,22,41.5,3,False,3,High Risk
C24818,Basic,Monthly,375.08,8,48.2,2,False,3,High Risk
C24819,Basic,Monthly,359.86,25,55.7,2,False,2,Medium Risk
C24823,Basic,Annual,432.97,26,33.3,2,True,0,Low Risk
C24824,Standard,Annual,782.33,12,44.8,3,True,1,Medium Risk
C24825,Basic,Monthly,322.66,6,62.6,1,False,3,High Risk
C24826,Basic,Monthly,467.06,3,36.7,4,False,4,High Risk
C24827,Premium,Monthly,1403.21,27,24.6,3,True,2,Medium Risk
C24828,Standard,Monthly,870.23,34,26.5,4,True,2,Medium Risk
C24830,Standard,Monthly,661.4,0,3.0,5,True,4,High Risk
C24831,Basic,Monthly,389.71,10,64.7,1,False,3,High Risk
C24832,Standard,Annual,626.86,30,56.8,2,False,1,Medium Risk
C24834,Standard,Monthly,887.31,28,57.7,1,False,2,Medium Risk
C24836,Premium,Monthly,1111.09,13,38.3,3,False,3,High Risk
C24838,Standard,Monthly,865.4,36,47.2,3,False,3,High Risk
C24840,Basic,Annual,419.52,15,63.2,1,True,0,Low Risk
C24841,Basic,Monthly,407.96,11,67.7,1,False,3,High Risk
C24842,Standard,Annual,775.16,30,61.6,3,False,2,Medium Risk
C24844,Premium,Monthly,1285.94,17,48.5,2,False,2,Medium Risk
C24845,Basic,Annual,308.86,13,49.1,2,True,0,Low Risk
C24846,Standard,Annual,670.56,24,55.2,2,True,0,Low Risk
C24848,Basic,Monthly,493.92,0,70.7,1,False,3,High Risk
C24850,Basic,Monthly,399.17,5,19.9,6,False,5,High Risk
C24853,Basic,Monthly,369.69,17,38.7,2,True,1,Medium Risk
C24854,Standard,Monthly,720.59,15,61.7,2,True,1,Medium Risk
C24855,Standard,Monthly,861.48,1,44.5,3,True,3,High Risk
C24856,Premium,Monthly,1214.54,25,52.2,4,False,3,High Risk
C24857,Standard,Monthly,831.07,13,63.4,2,True,1,Medium Risk
C24858,Premium,Annual,1147.66,17,25.3,3,True,1,Medium Risk
C24860,Premium,Monthly,1121.79,5,69.3,1,False,3,High Risk
C24861,Basic,Annual,472.22,23,67.0,2,True,0,Low Risk
C24862,Premium,Annual,1084.09,13,31.6,4,True,1,Medium Risk
C24863,Basic,Annual,451.48,28,31.3,3,True,1,Medium Risk
C24868,Basic,Monthly,366.53,6,56.4,1,True,2,Medium Risk
C24872,Standard,Monthly,889.71,3,59.6,2,False,3,High Risk
C24873,Standard,Monthly,828.26,11,46.6,2,False,3,High Risk
C24874,Standard,Monthly,794.32,0,35.6,4,False,4,High Risk
C24875,Standard,Monthly,693.47,24,50.0,2,True,1,Medium Risk
C24876,Basic,Monthly,429.9,5,46.5,2,True,2,Medium Risk
C24879,Basic,Monthly,411.48,27,26.7,4,False,3,High Risk
C24880,Standard,Monthly,644.28,33,66.0,2,False,2,Medium Risk
C24882,Basic,Monthly,393.37,8,46.2,3,True,3,High Risk
C24883,Standard,Monthly,684.06,12,45.3,2,False,2,Medium Risk
C24886,Premium,Monthly,1258.74,21,21.9,3,True,2,Medium Risk
C24887,Basic,Monthly,434.34,0,25.0,5,False,4,High Risk
C24888,Basic,Monthly,494.42,14,54.0,1,True,1,Medium Risk
C24889,Basic,Annual,477.35,33,51.9,2,False,1,Medium Risk
C24891,Standard,Monthly,773.44,23,26.1,3,True,2,Medium Risk
C24892,Basic,Annual,362.53,22,71.3,1,True,0,Low Risk
C24894,Premium,Monthly,1394.41,11,55.5,2,False,3,High Risk
C24895,Premium,Annual,1238.41,9,9.5,4,True,3,High Risk
C24896,Basic,Monthly,401.79,22,40.6,2,True,1,Medium Risk
C24897,Basic,Monthly,426.05,0,35.6,3,True,3,High Risk
C24898,Basic,Monthly,406.88,11,70.0,1,False,3,High Risk
C24900,Standard,Monthly,724.38,9,21.5,4,False,4,High Risk
C24901,Basic,Monthly,306.57,27,74.8,3,False,3,High Risk
C24907,Basic,Annual,327.7,35,55.2,2,False,1,Medium Risk
C24908,Standard,Monthly,721.64,25,22.3,4,False,3,High Risk
C24909,Basic,Annual,442.86,33,17.8,5,True,2,Medium Risk
C24910,Basic,Monthly,335.63,23,58.6,2,True,1,Medium Risk
C24911,Basic,Monthly,466.78,17,44.0,2,False,2,Medium Risk
C24912,Basic,Annual,367.4,21,33.3,4,True,1,Medium Risk
C24913,Standard,Monthly,620.98,13,34.0,2,False,2,Medium Risk
C24915,Standard,Monthly,711.3,30,54.0,2,True,1,Medium Risk
C24916,Basic,Annual,409.91,25,11.8,4,True,2,Medium Risk
C24917,Standard,Annual,758.45,31,56.7,3,True,1,Medium Risk
C24919,Basic,Monthly,478.5,18,28.8,3,True,2,Medium Risk
C24920,Premium,Annual,1212.96,25,40.3,2,True,0,Low Risk
C24922,Standard,Monthly,856.37,9,18.5,4,False,5,High Risk
C24923,Standard,Annual,890.53,32,53.3,3,True,1,Medium Risk
C24924,Standard,Monthly,663.47,16,63.1,2,False,2,Medium Risk
C24925,Basic,Annual,479.93,27,31.7,4,True,1,Medium Risk
C24926,Standard,Monthly,721.71,13,19.1,6,True,3,High Risk
C24927,Standard,Monthly,649.95,14,3.4,5,True,3,High Risk
C24928,Standard,Annual,849.92,33,60.7,1,True,0,Low Risk
C24929,Premium,Annual,1157.41,8,59.7,2,True,1,Medium Risk
C24930,Standard,Monthly,713.24,8,40.4,3,False,4,High Risk
C24932,Standard,Monthly,668.6,5,78.0,1,True,2,Medium Risk
C24933,Basic,Monthly,469.6,13,35.2,3,False,3,High Risk
C24934,Basic,Monthly,306.27,0,10.9,4,False,5,High Risk
C24936,Standard,Annual,707.83,24,70.5,1,True,0,Low Risk
C24937,Standard,Monthly,664.81,3,75.7,1,True,2,Medium Risk
C24939,Basic,Annual,456.84,35,15.2,6,True,2,Medium Risk
C24940,Premium,Monthly,1052.81,33,68.0,0,False,2,Medium Risk
C24941,Basic,Monthly,490.35,5,26.0,3,False,4,High Risk
C24942,Premium,Annual,1089.08,24,46.9,2,True,0,Low Risk
C24944,Standard,Annual,616.74,20,43.9,2,True,0,Low Risk
C24946,Premium,Monthly,1065.54,18,23.3,3,True,2,Medium Risk
C24947,Basic,Monthly,347.71,7,56.9,2,True,2,Medium Risk
C24951,Basic,Monthly,420.72,32,31.4,3,False,3,High Risk
C24955,Premium,Annual,1098.04,32,59.7,1,True,0,Low Risk
C24956,Premium,Annual,1430.06,35,46.0,2,True,0,Low Risk
C24957,Standard,Monthly,728.47,32,47.0,3,True,2,Medium Risk
C24958,Standard,Monthly,759.67,20,50.1,3,True,2,Medium Risk
C24959,Basic,Monthly,377.54,25,49.3,4,False,3,High Risk
C24960,Standard,Monthly,848.68,16,31.0,4,True,2,Medium Risk
C24961,Basic,Monthly,320.52,34,22.1,5,True,2,Medium Risk
C24962,Basic,Monthly,480.07,28,74.6,1,False,2,Medium Risk
C24964,Basic,Monthly,481.67,24,24.9,3,False,3,High Risk
C24966,Basic,Annual,376.07,28,34.3,5,True,1,Medium Risk
C24967,Basic,Monthly,321.29,29,55.8,3,False,3,High Risk
C24971,Premium,Annual,1122.74,30,42.3,2,True,0,Low Risk
C24973,Basic,Annual,301.31,21,46.0,3,True,1,Medium Risk
C24974,Premium,Monthly,1295.06,4,20.0,5,True,3,High Risk
C24976,Premium,Annual,1252.49,20,27.1,4,False,2,Medium Risk
C24977,Standard,Monthly,784.24,3,4.2,5,True,4,High Risk
C24978,Standard,Monthly,737.93,11,15.1,4,True,4,High Risk
C24980,Premium,Monthly,1329.04,14,27.9,5,False,3,High Risk
C24981,Standard,Annual,675.19,19,23.5,4,False,2,Medium Risk
C24982,Standard,Monthly,851.32,20,62.1,2,False,2,Medium Risk
C24983,Basic,Monthly,402.63,3,24.9,3,False,4,High Risk
C24984,Premium,Annual,1498.42,4,41.8,2,True,1,Medium Risk
C24985,Premium,Monthly,1274.81,5,54.3,2,False,3,High Risk
C24986,Basic,Annual,459.93,34,9.9,4,True,2,Medium Risk
C24987,Premium,Monthly,1351.25,14,31.7,3,False,3,High Risk
C24988,Basic,Monthly,319.44,23,42.0,4,False,3,High Risk
C24990,Basic,Monthly,347.27,13,21.8,4,True,2,Medium Risk
C24992,Standard,Monthly,651.84,0,59.4,2,True,2,Medium Risk
C24993,Standard,Annual,737.57,24,35.2,4,True,1,Medium Risk
C24994,Basic,Annual,448.63,26,22.5,3,True,1,Medium Risk
C24995,Standard,Annual,605.5,25,46.1,2,True,0,Low Risk
C24997,Basic,Annual,474.83,3,24.9,4,True,2,Medium Risk
C24998,Basic,Monthly,372.02,26,27.1,3,True,2,Medium Risk
C25000,Basic,Annual,416.38,28,26.7,4,True,1,Medium Risk
