customer_id,plan,contract_type,monthly_charges,payment_method,auto_renewal
C10001,Basic,Monthly,487.84,UPI,True
C10002,Basic,Annual,378.74,Credit Card,False
C10003,Premium,Monthly,1071.4,Credit Card,False
C10004,Premium,Monthly,1304.09,Credit Card,False
C10005,Premium,Annual,1425.37,Debit Card,True
C10006,Standard,Monthly,799.21,Debit Card,False
C10007,Standard,Monthly,693.01,Wallet,True
C10008,Basic,Monthly,328.82,UPI,True
C10009,Premium,Annual,1260.08,Credit Card,True
C10010,Basic,Monthly,374.87,UPI,False
C10011,Premium,Monthly,1037.44,UPI,True
C10012,Standard,Monthly,648.45,UPI,False
C10013,Basic,Monthly,326.6,UPI,True
C10014,Basic,Monthly,370.15,UPI,False
C10015,Basic,Monthly,407.22,Credit Card,False
C10016,Premium,Monthly,1018.8,UPI,True
C10017,Basic,Monthly,355.7,Debit Card,False
C10018,Standard,Annual,893.55,UPI,False
C10019,Basic,Monthly,308.73,Credit Card,True
C10020,Premium,Monthly,1410.87,UPI,False
C10021,Standard,Monthly,829.78,Credit Card,False
C10022,Basic,Monthly,309.81,Debit Card,False
C10023,Basic,Monthly,479.21,Credit Card,True
C10024,Standard,Monthly,816.67,UPI,False
C10025,Standard,Monthly,864.25,Wallet,True
C10026,Basic,Monthly,422.23,Credit Card,True
C10027,Premium,Monthly,1378.85,UPI,True
C10028,Basic,Monthly,334.74,Debit Card,True
C10029,Premium,Monthly,1282.62,Credit Card,True
C10030,Premium,Monthly,1170.26,Wallet,True
C10031,Basic,Monthly,335.73,UPI,True
C10032,Basic,Monthly,393.02,UPI,False
C10033,Basic,Monthly,493.8,UPI,False
C10034,Basic,Monthly,468.38,Net Banking,True
C10035,Basic,Monthly,397.89,UPI,False
C10036,Basic,Monthly,306.54,Debit Card,True
C10037,Basic,Annual,492.47,UPI,True
C10038,Standard,Annual,752.68,Debit Card,True
C10039,Basic,Monthly,315.25,Credit Card,False
C10040,Basic,Monthly,454.19,Credit Card,True
C10041,Standard,Annual,621.11,UPI,True
C10042,Standard,Monthly,896.3,Wallet,True
C10043,Basic,Monthly,371.46,Debit Card,False
C10044,Basic,Annual,347.37,Credit Card,True
C10045,Standard,Annual,688.86,UPI,True
C10046,Standard,Monthly,651.37,Credit Card,False
C10047,Premium,Monthly,1254.63,UPI,False
C10048,Premium,Annual,1238.89,UPI,True
C10049,Premium,Annual,1183.23,Credit Card,True
C10050,Standard,Monthly,646.82,UPI,True
C10051,Basic,Monthly,494.01,Credit Card,True
C10052,Premium,Monthly,1255.31,Debit Card,False
C10053,Basic,Monthly,443.95,Credit Card,True
C10054,Basic,Monthly,386.09,UPI,False
C10055,Basic,Annual,413.65,Wallet,False
C10056,Premium,Monthly,1180.64,UPI,True
C10057,Basic,Monthly,321.62,Credit Card,False
C10058,Basic,Monthly,445.88,Credit Card,False
C10059,Basic,Monthly,414.4,Net Banking,False
C10060,Basic,Monthly,341.82,Credit Card,True
C10061,Premium,Monthly,1088.04,Wallet,False
C10062,Basic,Monthly,373.01,UPI,False
C10063,Basic,Annual,333.29,Debit Card,True
C10064,Standard,Monthly,863.58,Wallet,False
C10065,Premium,Annual,1458.49,UPI,True
C10066,Standard,Annual,655.45,UPI,True
C10067,Standard,Annual,713.11,Net Banking,True
C10068,Standard,Monthly,802.97,UPI,False
C10069,Basic,Monthly,305.56,Credit Card,False
C10070,Standard,Monthly,748.73,UPI,False
C10071,Premium,Monthly,1055.11,Credit Card,False
C10072,Basic,Monthly,309.23,Wallet,False
C10073,Basic,Monthly,410.72,UPI,False
C10074,Standard,Annual,877.25,Wallet,False
C10075,Standard,Annual,854.84,UPI,False
C10076,Standard,Monthly,849.4,UPI,False
C10077,Basic,Monthly,498.39,Credit Card,False
C10078,Basic,Monthly,436.99,UPI,True
C10079,Basic,Monthly,405.75,Credit Card,True
C10080,Basic,Monthly,361.39,Credit Card,False
C10081,Premium,Monthly,1044.58,Debit Card,True
C10082,Basic,Monthly,419.04,Debit Card,True
C10083,Premium,Monthly,1021.61,UPI,True
C10084,Standard,Monthly,652.65,Wallet,True
C10085,Basic,Annual,371.52,Debit Card,True
C10086,Premium,Annual,1470.12,UPI,True
C10087,Standard,Monthly,749.55,Credit Card,False
C10088,Premium,Monthly,1352.83,UPI,True
C10089,Basic,Monthly,327.94,Credit Card,True
C10090,Premium,Monthly,1374.13,Debit Card,True
C10091,Standard,Monthly,690.51,Wallet,True
C10092,Basic,Monthly,393.09,UPI,False
C10093,Standard,Annual,894.05,Credit Card,False
C10094,Standard,Monthly,855.86,UPI,False
C10095,Standard,Monthly,812.29,UPI,True
C10096,Standard,Monthly,686.4,Net Banking,True
C10097,Basic,Annual,378.86,Credit Card,True
C10098,Standard,Annual,765.17,Credit Card,True
C10099,Premium,Annual,1300.16,UPI,True
C10100,Premium,Monthly,1128.2,Wallet,False
C10101,Basic,Monthly,308.66,Net Banking,True
C10102,Basic,Annual,383.86,Credit Card,True
C10103,Premium,Annual,1261.54,UPI,True
C10104,Basic,Annual,446.75,Credit Card,False
C10105,Basic,Monthly,474.32,Credit Card,False
C10106,Premium,Annual,1305.92,Debit Card,False
C10107,Basic,Annual,352.6,Credit Card,True
C10108,Basic,Annual,423.1,UPI,False
C10109,Basic,Monthly,309.77,Debit Card,False
C10110,Basic,Monthly,349.74,Debit Card,False
C10111,Basic,Monthly,495.73,Credit Card,False
C10112,Standard,Annual,672.13,Credit Card,True
C10113,Basic,Monthly,481.75,Debit Card,False
C10114,Standard,Monthly,752.93,Net Banking,False
C10115,Standard,Monthly,688.87,Net Banking,True
C10116,Basic,Monthly,417.53,Credit Card,True
C10117,Basic,Monthly,481.31,Credit Card,False
C10118,Premium,Monthly,1053.82,Debit Card,True
C10119,Standard,Annual,682.35,UPI,True
C10120,Basic,Monthly,299.63,Debit Card,False
C10121,Premium,Monthly,1379.45,UPI,False
C10122,Premium,Monthly,1059.46,Wallet,False
C10123,Standard,Monthly,775.48,UPI,False
C10124,Basic,Annual,484.36,Credit Card,True
C10125,Standard,Monthly,683.37,UPI,True
C10126,Basic,Monthly,470.71,Credit Card,True
C10127,Premium,Monthly,1446.43,Debit Card,False
C10128,Basic,Annual,307.83,Debit Card,True
C10129,Basic,Monthly,440.28,Wallet,True
C10130,Basic,Monthly,392.19,Wallet,False
C10131,Basic,Monthly,465.88,UPI,False
C10132,Basic,Monthly,422.26,Wallet,False
C10133,Basic,Monthly,339.43,Wallet,False
C10134,Standard,Monthly,824.22,Debit Card,False
C10135,Standard,Annual,809.95,UPI,False
C10136,Basic,Monthly,387.29,UPI,False
C10137,Standard,Monthly,862.33,UPI,False
C10138,Premium,Monthly,1302.0,Credit Card,False
C10139,Basic,Monthly,429.58,Credit Card,False
C10140,Basic,Annual,346.99,Credit Card,True
C10141,Premium,Annual,1415.81,Credit Card,False
C10142,Basic,Monthly,396.83,Net Banking,False
C10143,Basic,Annual,494.94,Debit Card,False
C10144,Standard,Monthly,618.12,UPI,False
C10145,Basic,Monthly,448.46,UPI,False
C10146,Premium,Monthly,1022.68,Wallet,False
C10147,Standard,Annual,618.34,Credit Card,False
C10148,Standard,Annual,725.49,UPI,True
C10149,Basic,Monthly,360.92,UPI,True
C10150,Basic,Monthly,318.23,UPI,True
C10151,Basic,Monthly,380.16,Credit Card,False
C10152,Standard,Annual,601.59,Wallet,True
C10153,Basic,Monthly,449.18,Wallet,True
C10154,Standard,Monthly,680.22,Debit Card,True
C10155,Standard,Monthly,623.85,Credit Card,True
C10156,Basic,Monthly,496.94,Credit Card,False
C10157,Premium,Annual,1448.14,Credit Card,True
C10158,Standard,Monthly,887.34,UPI,True
C10159,Basic,Annual,441.94,Net Banking,True
C10160,Standard,Annual,714.3,UPI,True
C10161,Basic,Annual,430.54,Net Banking,True
C10162,Basic,Monthly,483.69,Net Banking,True
C10163,Basic,Annual,338.88,Credit Card,True
C10164,Basic,Monthly,359.78,Credit Card,False
C10165,Basic,Monthly,488.18,Net Banking,True
C10166,Premium,Annual,1288.53,UPI,True
C10167,Standard,Monthly,732.56,Credit Card,False
C10168,Standard,Annual,706.4,Debit Card,True
C10169,Basic,Annual,307.13,Debit Card,True
C10170,Standard,Annual,831.65,UPI,True
C10171,Premium,Annual,1128.91,Wallet,True
C10172,Basic,Annual,473.62,UPI,False
C10173,Basic,Annual,441.62,Debit Card,False
C10174,Standard,Monthly,684.18,Credit Card,False
C10175,Standard,Monthly,622.18,Credit Card,True
C10176,Standard,Monthly,880.37,UPI,False
C10177,Premium,Monthly,1049.23,Debit Card,False
C10178,Premium,Monthly,1057.28,Credit Card,False
C10179,Standard,Annual,690.86,UPI,False
C10180,Basic,Annual,498.06,Credit Card,True
C10181,Premium,Annual,1106.88,Credit Card,True
C10182,Standard,Monthly,731.68,Credit Card,True
C10183,Premium,Monthly,1350.68,Debit Card,False
C10184,Standard,Annual,616.32,Net Banking,True
C10185,Premium,Annual,1130.27,Wallet,True
C10186,Basic,Monthly,345.38,Debit Card,False
C10187,Basic,Monthly,381.85,Debit Card,False
C10188,Basic,Monthly,326.32,UPI,False
C10189,Basic,Annual,349.21,UPI,True
C10190,Basic,Monthly,357.91,Debit Card,True
C10191,Basic,Monthly,476.57,UPI,False
C10192,Standard,Annual,860.06,Credit Card,True
C10193,Premium,Monthly,1069.84,Debit Card,True
C10194,Premium,Annual,1377.43,UPI,True
C10195,Basic,Monthly,450.92,UPI,False
C10196,Basic,Monthly,446.83,UPI,False
C10197,Basic,Monthly,472.03,Credit Card,False
C10198,Standard,Monthly,605.28,UPI,False
C10199,Standard,Monthly,739.54,Wallet,True
C10200,Premium,Monthly,1164.58,Debit Card,False
C10201,Premium,Monthly,1319.89,Credit Card,True
C10202,Basic,Annual,459.95,Net Banking,True
C10203,Standard,Monthly,688.27,Credit Card,True
C10204,Basic,Annual,417.67,Net Banking,True
C10205,Basic,Monthly,472.16,Debit Card,True
C10206,Standard,Monthly,746.29,UPI,True
C10207,Basic,Annual,490.84,Credit Card,True
C10208,Basic,Monthly,313.68,UPI,False
C10209,Basic,Monthly,313.62,UPI,False
C10210,Basic,Annual,434.22,UPI,True
C10211,Basic,Monthly,362.59,Credit Card,False
C10212,Basic,Annual,379.41,Debit Card,True
C10213,Basic,Monthly,368.2,Credit Card,False
C10214,Basic,Monthly,422.38,UPI,False
C10215,Basic,Monthly,383.08,Credit Card,True
C10216,Basic,Monthly,330.59,Credit Card,True
C10217,Premium,Annual,1135.92,Credit Card,True
C10218,Standard,Monthly,845.41,Credit Card,False
C10219,Basic,Monthly,491.66,Credit Card,False
C10220,Basic,Annual,346.67,UPI,True
C10221,Standard,Monthly,654.93,UPI,False
C10222,Standard,Monthly,809.42,UPI,False
C10223,Standard,Monthly,896.36,Wallet,False
C10224,Basic,Monthly,308.09,UPI,False
C10225,Premium,Monthly,1395.17,Wallet,True
C10226,Standard,Monthly,873.93,Credit Card,False
C10227,Standard,Monthly,693.16,Credit Card,False
C10228,Standard,Monthly,847.19,Credit Card,True
C10229,Basic,Monthly,409.2,Wallet,False
C10230,Basic,Monthly,308.3,Credit Card,True
C10231,Basic,Monthly,478.15,Credit Card,False
C10232,Basic,Monthly,393.34,UPI,False
C10233,Basic,Annual,358.66,Credit Card,True
C10234,Basic,Monthly,461.48,Debit Card,False
C10235,Premium,Annual,1347.25,UPI,False
C10236,Premium,Annual,1415.22,UPI,False
C10237,Basic,Monthly,417.98,Credit Card,False
C10238,Premium,Monthly,1469.1,Credit Card,False
C10239,Basic,Monthly,490.29,Debit Card,False
C10240,Basic,Monthly,307.46,Credit Card,False
C10241,Standard,Monthly,673.48,Debit Card,False
C10242,Basic,Monthly,460.28,Wallet,False
C10243,Premium,Annual,1367.37,Credit Card,True
C10244,Basic,Monthly,411.65,Debit Card,False
C10245,Standard,Monthly,726.71,Credit Card,True
C10246,Basic,Monthly,408.33,UPI,True
C10247,Standard,Monthly,697.54,Debit Card,True
C10248,Standard,Monthly,628.64,Debit Card,True
C10249,Premium,Monthly,1050.94,Net Banking,False
C10250,Standard,Monthly,616.97,Credit Card,True
C10251,Basic,Monthly,365.7,UPI,False
C10252,Basic,Monthly,471.52,Credit Card,False
C10253,Basic,Monthly,459.43,Debit Card,True
C10254,Basic,Annual,459.61,UPI,True
C10255,Premium,Monthly,1095.8,UPI,False
C10256,Premium,Annual,1489.07,Credit Card,True
C10257,Basic,Annual,377.06,Credit Card,False
C10258,Premium,Annual,1034.91,UPI,True
C10259,Premium,Monthly,1425.49,Credit Card,True
C10260,Standard,Monthly,791.35,UPI,False
C10261,Basic,Annual,432.07,UPI,True
C10262,Standard,Monthly,804.17,Credit Card,False
C10263,Basic,Monthly,375.2,Debit Card,True
C10264,Premium,Annual,1008.9,UPI,True
C10265,Basic,Annual,357.36,Credit Card,False
C10266,Basic,Monthly,388.71,Credit Card,False
C10267,Standard,Monthly,675.68,Debit Card,False
C10268,Premium,Annual,1001.37,UPI,True
C10269,Standard,Monthly,616.0,Debit Card,False
C10270,Basic,Monthly,391.27,Debit Card,True
C10271,Standard,Monthly,729.44,UPI,False
C10272,Basic,Monthly,351.26,Wallet,False
C10273,Basic,Monthly,310.32,UPI,True
C10274,Basic,Annual,456.57,Credit Card,True
C10275,Standard,Annual,881.9,Debit Card,True
C10276,Standard,Monthly,670.42,Credit Card,False
C10277,Standard,Monthly,816.7,Credit Card,False
C10278,Standard,Annual,690.23,Credit Card,True
C10279,Basic,Monthly,325.58,Credit Card,False
C10280,Standard,Monthly,775.0,Credit Card,True
C10281,Basic,Monthly,474.29,Credit Card,False
C10282,Premium,Monthly,1349.14,UPI,False
C10283,Premium,Monthly,1439.44,Net Banking,True
C10284,Basic,Annual,334.74,Debit Card,True
C10285,Basic,Annual,319.24,Debit Card,True
C10286,Premium,Monthly,1095.72,Debit Card,False
C10287,Standard,Monthly,678.62,UPI,False
C10288,Basic,Monthly,440.63,UPI,True
C10289,Standard,Annual,776.86,Wallet,True
C10290,Standard,Monthly,832.41,Net Banking,True
C10291,Standard,Monthly,780.53,UPI,True
C10292,Standard,Monthly,613.89,Debit Card,False
C10293,Basic,Annual,401.66,Debit Card,True
C10294,Standard,Annual,890.2,Credit Card,True
C10295,Premium,Monthly,1226.59,UPI,False
C10296,Premium,Monthly,1034.41,Wallet,False
C10297,Premium,Monthly,1267.08,Credit Card,False
C10298,Standard,Annual,767.2,UPI,False
C10299,Premium,Monthly,1283.17,UPI,False
C10300,Basic,Monthly,433.08,Credit Card,True
C10301,Standard,Annual,628.84,Credit Card,True
C10302,Premium,Monthly,1081.31,Credit Card,False
C10303,Premium,Monthly,1004.98,Wallet,True
C10304,Basic,Monthly,472.04,Credit Card,True
C10305,Standard,Annual,893.18,Net Banking,True
C10306,Basic,Monthly,403.3,Credit Card,False
C10307,Basic,Monthly,385.56,Debit Card,False
C10308,Premium,Annual,1187.71,UPI,True
C10309,Premium,Annual,1345.91,Credit Card,True
C10310,Basic,Monthly,353.41,UPI,True
C10311,Standard,Monthly,815.77,Credit Card,False
C10312,Standard,Monthly,638.36,UPI,False
C10313,Premium,Annual,1097.97,Wallet,True
C10314,Basic,Annual,351.02,Net Banking,True
C10315,Basic,Monthly,387.77,Wallet,False
C10316,Basic,Monthly,300.16,UPI,True
C10317,Basic,Monthly,403.07,Debit Card,False
C10318,Standard,Annual,847.34,Credit Card,True
C10319,Premium,Monthly,1460.48,Debit Card,False
C10320,Basic,Monthly,372.14,UPI,True
C10321,Basic,Monthly,360.46,UPI,False
C10322,Premium,Annual,1193.83,Net Banking,True
C10323,Basic,Monthly,484.6,Net Banking,False
C10324,Premium,Monthly,1372.11,Debit Card,False
C10325,Premium,Monthly,1279.11,Wallet,True
C10326,Basic,Monthly,334.5,Wallet,False
C10327,Basic,Annual,456.86,UPI,True
C10328,Basic,Annual,457.04,Credit Card,True
C10329,Standard,Monthly,635.5,Debit Card,False
C10330,Basic,Monthly,372.31,Debit Card,False
C10331,Basic,Monthly,459.37,UPI,False
C10332,Premium,Annual,1385.17,Credit Card,True
C10333,Standard,Monthly,614.17,UPI,False
C10334,Basic,Monthly,425.1,UPI,False
C10335,Basic,Monthly,393.54,Net Banking,False
C10336,Basic,Monthly,367.57,Wallet,True
C10337,Premium,Monthly,1455.93,Credit Card,False
C10338,Premium,Monthly,1303.03,UPI,True
C10339,Basic,Monthly,422.23,Debit Card,False
C10340,Basic,Monthly,317.03,UPI,True
C10341,Standard,Monthly,692.12,UPI,False
C10342,Basic,Monthly,449.6,UPI,True
C10343,Basic,Annual,364.57,Wallet,True
C10344,Standard,Monthly,831.05,UPI,False
C10345,Basic,Annual,369.86,Credit Card,True
C10346,Premium,Annual,1415.59,Credit Card,True
C10347,Premium,Monthly,1070.16,UPI,True
C10348,Basic,Monthly,474.51,Debit Card,False
C10349,Basic,Monthly,331.35,Wallet,False
C10350,Standard,Monthly,796.31,Net Banking,True
C10351,Basic,Monthly,413.81,Debit Card,True
C10352,Basic,Monthly,326.66,Net Banking,False
C10353,Basic,Monthly,385.22,Credit Card,False
C10354,Standard,Monthly,620.02,Credit Card,False
C10355,Basic,Monthly,344.3,UPI,False
C10356,Standard,Monthly,896.04,Credit Card,False
C10357,Standard,Annual,764.98,UPI,False
C10358,Premium,Monthly,1003.64,UPI,True
C10359,Standard,Annual,805.79,Debit Card,False
C10360,Standard,Monthly,799.37,UPI,True
C10361,Basic,Monthly,301.51,Debit Card,True
C10362,Standard,Monthly,649.63,Debit Card,False
C10363,Premium,Monthly,1060.94,Wallet,True
C10364,Premium,Annual,1360.67,Wallet,True
C10365,Basic,Monthly,387.02,Debit Card,False
C10366,Standard,Monthly,792.85,Wallet,True
C10367,Basic,Monthly,380.33,Debit Card,True
C10368,Standard,Monthly,812.65,Wallet,True
C10369,Premium,Monthly,1211.12,UPI,False
C10370,Premium,Monthly,1426.36,Debit Card,True
C10371,Basic,Monthly,437.41,Credit Card,False
C10372,Basic,Monthly,339.39,Debit Card,True
C10373,Basic,Monthly,372.99,UPI,False
C10374,Premium,Monthly,1089.39,UPI,False
C10375,Basic,Monthly,322.46,UPI,False
C10376,Premium,Monthly,1048.42,Net Banking,True
C10377,Basic,Annual,479.62,Debit Card,True
C10378,Standard,Annual,749.82,Credit Card,True
C10379,Basic,Monthly,397.55,UPI,True
C10380,Basic,Monthly,462.03,Credit Card,True
C10381,Basic,Monthly,357.16,UPI,True
C10382,Standard,Monthly,670.53,Debit Card,True
C10383,Basic,Monthly,420.08,Net Banking,False
C10384,Basic,Monthly,306.59,Credit Card,True
C10385,Standard,Monthly,642.16,Wallet,False
C10386,Standard,Monthly,825.55,Wallet,True
C10387,Premium,Annual,1362.71,Debit Card,False
C10388,Standard,Monthly,892.9,Net Banking,False
C10389,Premium,Annual,1184.87,UPI,False
C10390,Basic,Monthly,405.3,UPI,True
C10391,Standard,Monthly,609.41,UPI,True
C10392,Premium,Annual,1187.67,Credit Card,True
C10393,Standard,Annual,742.32,Wallet,True
C10394,Premium,Monthly,1041.68,Debit Card,False
C10395,Basic,Monthly,363.34,Debit Card,True
C10396,Basic,Annual,350.45,Wallet,True
C10397,Basic,Monthly,326.94,Debit Card,True
C10398,Standard,Annual,665.39,Wallet,True
C10399,Basic,Monthly,329.14,Credit Card,True
C10400,Standard,Annual,870.46,Credit Card,True
C10401,Basic,Monthly,433.76,Debit Card,False
C10402,Standard,Monthly,632.01,Credit Card,True
C10403,Premium,Monthly,1436.19,UPI,False
C10404,Basic,Monthly,304.41,Wallet,False
C10405,Standard,Monthly,709.98,Debit Card,False
C10406,Basic,Annual,320.51,Credit Card,True
C10407,Premium,Monthly,1263.0,Credit Card,True
C10408,Premium,Annual,1455.34,Wallet,True
C10409,Basic,Monthly,366.92,Credit Card,False
C10410,Basic,Monthly,416.43,UPI,True
C10411,Standard,Monthly,693.28,Debit Card,False
C10412,Standard,Monthly,864.04,Debit Card,False
C10413,Basic,Monthly,446.58,Debit Card,False
C10414,Basic,Monthly,458.38,UPI,False
C10415,Basic,Monthly,459.15,Credit Card,False
C10416,Standard,Monthly,650.57,Credit Card,False
C10417,Standard,Monthly,728.2,UPI,False
C10418,Premium,Annual,1216.3,Credit Card,False
C10419,Standard,Monthly,801.86,Net Banking,True
C10420,Basic,Monthly,483.7,UPI,True
C10421,Standard,Monthly,897.55,Debit Card,False
C10422,Standard,Monthly,683.96,Wallet,False
C10423,Basic,Monthly,453.7,UPI,False
C10424,Basic,Annual,431.79,UPI,True
C10425,Standard,Monthly,869.87,Debit Card,True
C10426,Basic,Monthly,422.98,Credit Card,True
C10427,Premium,Monthly,1122.43,Net Banking,False
C10428,Basic,Annual,469.79,UPI,False
C10429,Basic,Annual,411.15,Credit Card,True
C10430,Standard,Annual,666.03,Wallet,False
C10431,Basic,Monthly,421.09,Net Banking,False
C10432,Basic,Annual,498.53,Credit Card,False
C10433,Premium,Annual,1285.54,UPI,True
C10434,Premium,Monthly,1017.68,UPI,False
C10435,Premium,Monthly,1368.45,Credit Card,False
C10436,Basic,Annual,378.26,Debit Card,True
C10437,Premium,Monthly,1472.91,Wallet,True
C10438,Standard,Monthly,785.83,UPI,False
C10439,Premium,Annual,1149.57,Credit Card,True
C10440,Premium,Annual,1228.8,Credit Card,False
C10441,Basic,Monthly,397.47,UPI,False
C10442,Basic,Monthly,498.6,Credit Card,True
C10443,Basic,Annual,416.55,UPI,False
C10444,Standard,Monthly,874.17,UPI,True
C10445,Basic,Annual,305.17,UPI,True
C10446,Basic,Monthly,331.49,Debit Card,True
C10447,Standard,Annual,757.32,Credit Card,False
C10448,Basic,Monthly,411.11,UPI,True
C10449,Basic,Monthly,316.83,UPI,True
C10450,Premium,Monthly,1172.92,UPI,False
C10451,Basic,Annual,382.84,Credit Card,True
C10452,Basic,Monthly,404.01,Credit Card,False
C10453,Premium,Monthly,1400.44,Net Banking,True
C10454,Basic,Annual,418.84,Credit Card,True
C10455,Basic,Annual,459.14,UPI,True
C10456,Premium,Monthly,1384.85,Credit Card,False
C10457,Standard,Monthly,718.32,Debit Card,True
C10458,Standard,Monthly,756.48,UPI,True
C10459,Basic,Monthly,315.41,UPI,True
C10460,Basic,Monthly,458.14,Credit Card,True
C10461,Standard,Annual,613.87,Credit Card,False
C10462,Basic,Monthly,349.5,Credit Card,False
C10463,Basic,Monthly,363.17,Credit Card,False
C10464,Standard,Monthly,877.49,UPI,False
C10465,Standard,Annual,841.4,UPI,True
C10466,Standard,Monthly,842.96,Debit Card,False
C10467,Standard,Monthly,599.39,Credit Card,False
C10468,Standard,Monthly,806.03,Wallet,False
C10469,Basic,Annual,382.23,Credit Card,True
C10470,Standard,Monthly,639.37,Credit Card,False
C10471,Basic,Annual,419.52,UPI,True
C10472,Basic,Monthly,374.55,UPI,True
C10473,Premium,Monthly,1237.83,Credit Card,False
C10474,Standard,Monthly,664.16,Credit Card,False
C10475,Standard,Monthly,827.65,Debit Card,False
C10476,Standard,Monthly,667.71,Credit Card,True
C10477,Premium,Annual,1181.1,Wallet,False
C10478,Standard,Monthly,638.3,Credit Card,True
C10479,Standard,Annual,643.18,Credit Card,True
C10480,Standard,Annual,853.53,Debit Card,True
C10481,Basic,Annual,398.97,Credit Card,True
C10482,Basic,Annual,498.8,Debit Card,True
C10483,Basic,Monthly,437.6,Wallet,False
C10484,Standard,Annual,719.28,Debit Card,False
C10485,Basic,Annual,407.35,Credit Card,True
C10486,Basic,Annual,462.64,Credit Card,True
C10487,Premium,Annual,1092.39,Credit Card,True
C10488,Basic,Annual,367.99,Credit Card,False
C10489,Standard,Monthly,746.44,Credit Card,False
C10490,Standard,Monthly,658.52,Debit Card,True
C10491,Premium,Monthly,1022.28,Debit Card,False
C10492,Basic,Annual,482.62,Credit Card,True
C10493,Basic,Annual,327.31,Debit Card,True
C10494,Standard,Annual,866.94,Net Banking,True
C10495,Premium,Annual,1317.16,Net Banking,False
C10496,Basic,Monthly,390.67,Wallet,False
C10497,Standard,Monthly,600.92,Credit Card,True
C10498,Basic,Monthly,331.26,UPI,False
C10499,Basic,Monthly,450.92,Credit Card,False
C10500,Basic,Monthly,388.72,Credit Card,True
C10501,Premium,Monthly,1391.05,UPI,False
C10502,Basic,Monthly,417.56,UPI,False
C10503,Standard,Annual,631.6,Wallet,False
C10504,Basic,Monthly,434.48,Credit Card,False
C10505,Premium,Monthly,1361.63,Debit Card,False
C10506,Standard,Annual,819.55,Credit Card,True
C10507,Standard,Monthly,656.73,Credit Card,True
C10508,Premium,Annual,1068.07,UPI,True
C10509,Premium,Monthly,1274.43,UPI,False
C10510,Standard,Monthly,792.29,UPI,True
C10511,Basic,Annual,357.12,UPI,True
C10512,Basic,Monthly,395.06,Wallet,False
C10513,Standard,Annual,809.18,Net Banking,True
C10514,Standard,Annual,888.23,Debit Card,True
C10515,Standard,Monthly,777.15,Credit Card,True
C10516,Basic,Monthly,457.69,Wallet,False
C10517,Standard,Annual,659.88,Credit Card,True
C10518,Basic,Annual,463.75,Debit Card,True
C10519,Basic,Monthly,408.55,Debit Card,False
C10520,Basic,Annual,466.12,UPI,True
C10521,Standard,Monthly,786.15,UPI,True
C10522,Standard,Monthly,658.45,Net Banking,False
C10523,Standard,Annual,624.34,Credit Card,True
C10524,Basic,Annual,403.15,Debit Card,True
C10525,Basic,Annual,358.59,Wallet,False
C10526,Standard,Monthly,700.85,Net Banking,True
C10527,Basic,Monthly,386.58,Credit Card,False
C10528,Basic,Annual,398.87,UPI,True
C10529,Standard,Monthly,896.48,Debit Card,False
C10530,Standard,Monthly,885.89,UPI,False
C10531,Premium,Annual,1308.85,Wallet,True
C10532,Basic,Monthly,439.57,Credit Card,False
C10533,Basic,Monthly,352.01,Debit Card,False
C10534,Basic,Monthly,313.33,Credit Card,False
C10535,Basic,Monthly,382.76,UPI,True
C10536,Standard,Annual,776.18,UPI,True
C10537,Basic,Monthly,347.46,Credit Card,True
C10538,Standard,Monthly,863.61,Debit Card,False
C10539,Basic,Monthly,385.3,Net Banking,False
C10540,Premium,Monthly,1040.68,Credit Card,True
C10541,Basic,Monthly,337.5,Net Banking,True
C10542,Standard,Annual,704.42,UPI,True
C10543,Premium,Annual,1193.87,Credit Card,True
C10544,Premium,Monthly,1222.17,UPI,False
C10545,Basic,Monthly,351.61,Debit Card,False
C10546,Basic,Monthly,342.36,UPI,False
C10547,Basic,Monthly,384.91,Credit Card,False
C10548,Basic,Monthly,429.19,Net Banking,False
C10549,Standard,Monthly,708.93,Credit Card,True
C10550,Standard,Monthly,658.11,Net Banking,True
C10551,Premium,Annual,1477.33,Debit Card,True
C10552,Standard,Monthly,875.95,UPI,True
C10553,Basic,Monthly,415.19,Debit Card,True
C10554,Standard,Monthly,715.72,Net Banking,True
C10555,Premium,Monthly,1498.43,UPI,True
C10556,Basic,Monthly,358.13,Wallet,False
C10557,Standard,Monthly,783.72,UPI,False
C10558,Standard,Annual,720.23,Credit Card,True
C10559,Standard,Monthly,894.45,UPI,True
C10560,Standard,Monthly,703.85,Wallet,False
C10561,Basic,Annual,325.94,Credit Card,True
C10562,Standard,Annual,858.98,Net Banking,True
C10563,Basic,Monthly,350.99,UPI,False
C10564,Premium,Monthly,1276.73,Wallet,False
C10565,Standard,Monthly,686.6,Credit Card,False
C10566,Standard,Monthly,756.45,UPI,False
C10567,Premium,Monthly,1190.46,Credit Card,False
C10568,Basic,Monthly,401.95,UPI,False
C10569,Standard,Monthly,743.39,Credit Card,False
C10570,Standard,Monthly,604.41,UPI,True
C10571,Basic,Monthly,417.8,Net Banking,True
C10572,Premium,Monthly,1180.97,UPI,True
C10573,Basic,Annual,461.04,Net Banking,True
C10574,Standard,Monthly,787.76,Credit Card,True
C10575,Premium,Monthly,1374.36,UPI,False
C10576,Basic,Annual,329.57,Credit Card,False
C10577,Standard,Monthly,602.97,Debit Card,False
C10578,Standard,Monthly,760.83,UPI,True
C10579,Standard,Monthly,688.12,UPI,False
C10580,Basic,Annual,335.5,Wallet,True
C10581,Standard,Annual,682.26,Debit Card,True
C10582,Standard,Annual,693.8,UPI,False
C10583,Basic,Monthly,312.49,Credit Card,False
C10584,Basic,Monthly,382.5,UPI,False
C10585,Standard,Monthly,861.83,Debit Card,True
C10586,Basic,Monthly,429.45,UPI,False
C10587,Premium,Monthly,1258.53,Net Banking,False
C10588,Basic,Monthly,465.01,UPI,False
C10589,Basic,Monthly,358.93,Wallet,True
C10590,Premium,Monthly,1312.52,Net Banking,True
C10591,Basic,Annual,404.23,UPI,False
C10592,Standard,Monthly,773.74,UPI,False
C10593,Standard,Annual,822.51,Credit Card,True
C10594,Premium,Monthly,1053.67,Debit Card,False
C10595,Premium,Monthly,1253.96,UPI,False
C10596,Basic,Monthly,369.03,UPI,False
C10597,Basic,Monthly,371.64,Credit Card,True
C10598,Basic,Monthly,332.69,Credit Card,True
C10599,Basic,Monthly,309.9,Net Banking,True
C10600,Basic,Monthly,470.07,Credit Card,True
C10601,Standard,Monthly,652.51,Credit Card,False
C10602,Premium,Monthly,1371.36,Credit Card,False
C10603,Basic,Monthly,305.26,Credit Card,True
C10604,Standard,Monthly,790.41,Credit Card,True
C10605,Standard,Annual,673.96,Credit Card,True
C10606,Basic,Annual,455.75,UPI,False
C10607,Basic,Annual,355.36,UPI,True
C10608,Basic,Monthly,417.19,UPI,False
C10609,Standard,Monthly,718.86,UPI,False
C10610,Standard,Monthly,651.39,Wallet,True
C10611,Standard,Monthly,887.75,UPI,True
C10612,Standard,Monthly,861.42,Debit Card,True
C10613,Premium,Monthly,1271.4,Credit Card,True
C10614,Standard,Monthly,802.51,Debit Card,False
C10615,Premium,Monthly,1497.22,UPI,False
C10616,Standard,Annual,790.23,Debit Card,True
C10617,Basic,Monthly,484.03,Debit Card,True
C10618,Standard,Monthly,650.91,UPI,True
C10619,Standard,Monthly,753.29,Credit Card,False
C10620,Basic,Monthly,470.26,UPI,True
C10621,Basic,Monthly,413.96,UPI,False
C10622,Premium,Monthly,1376.16,Debit Card,False
C10623,Basic,Monthly,453.58,Credit Card,False
C10624,Basic,Monthly,485.75,UPI,False
C10625,Premium,Monthly,1205.25,Debit Card,True
C10626,Basic,Monthly,433.27,Credit Card,True
C10627,Premium,Monthly,1387.19,Credit Card,True
C10628,Premium,Monthly,1301.7,Credit Card,False
C10629,Basic,Monthly,423.99,UPI,True
C10630,Standard,Monthly,610.97,Credit Card,True
C10631,Standard,Monthly,788.24,Debit Card,False
C10632,Basic,Annual,360.77,UPI,False
C10633,Standard,Monthly,601.98,Debit Card,False
C10634,Premium,Monthly,1069.09,Debit Card,False
C10635,Basic,Monthly,310.79,Credit Card,False
C10636,Standard,Annual,649.69,Net Banking,True
C10637,Standard,Monthly,881.74,Debit Card,False
C10638,Basic,Monthly,384.55,Credit Card,False
C10639,Standard,Monthly,850.56,Debit Card,True
C10640,Basic,Monthly,372.56,Credit Card,False
C10641,Standard,Monthly,601.53,Wallet,True
C10642,Standard,Annual,826.71,Credit Card,True
C10643,Basic,Monthly,350.33,Credit Card,False
C10644,Premium,Monthly,1444.54,Wallet,True
C10645,Basic,Monthly,410.85,Credit Card,True
C10646,Standard,Monthly,754.96,UPI,False
C10647,Standard,Monthly,837.16,UPI,False
C10648,Basic,Annual,343.12,UPI,True
C10649,Premium,Monthly,1098.64,Net Banking,True
C10650,Basic,Monthly,454.86,UPI,True
C10651,Basic,Monthly,492.63,UPI,True
C10652,Premium,Monthly,1249.34,Credit Card,True
C10653,Standard,Monthly,804.07,Credit Card,False
C10654,Premium,Monthly,1233.28,Debit Card,False
C10655,Basic,Monthly,350.24,Credit Card,False
C10656,Premium,Monthly,1385.03,Wallet,True
C10657,Standard,Monthly,720.01,UPI,False
C10658,Standard,Annual,864.76,Debit Card,True
C10659,Basic,Monthly,475.34,UPI,False
C10660,Premium,Annual,1221.23,Wallet,True
C10661,Basic,Monthly,489.76,Credit Card,True
C10662,Basic,Annual,440.21,Debit Card,True
C10663,Basic,Annual,455.97,Net Banking,True
C10664,Basic,Annual,437.6,Credit Card,True
C10665,Premium,Annual,1112.46,UPI,False
C10666,Standard,Monthly,897.46,Credit Card,True
C10667,Standard,Monthly,745.81,Wallet,False
C10668,Basic,Annual,325.73,Credit Card,True
C10669,Standard,Monthly,800.14,Net Banking,True
C10670,Standard,Annual,858.46,Debit Card,False
C10671,Basic,Monthly,448.23,UPI,True
C10672,Standard,Annual,838.33,Debit Card,True
C10673,Basic,Monthly,410.16,UPI,False
C10674,Standard,Monthly,840.39,Credit Card,False
C10675,Basic,Monthly,488.95,Debit Card,True
C10676,Basic,Monthly,345.57,UPI,False
C10677,Premium,Monthly,1408.69,UPI,False
C10678,Standard,Monthly,800.21,Debit Card,True
C10679,Basic,Monthly,446.82,Debit Card,False
C10680,Premium,Monthly,1188.6,UPI,False
C10681,Basic,Annual,482.65,Debit Card,False
C10682,Standard,Monthly,785.59,Credit Card,False
C10683,Premium,Monthly,1370.64,Net Banking,False
C10684,Basic,Monthly,464.38,Credit Card,True
C10685,Basic,Monthly,382.84,Credit Card,False
C10686,Premium,Monthly,1432.43,Net Banking,False
C10687,Premium,Monthly,1383.9,Debit Card,False
C10688,Basic,Annual,462.38,Wallet,True
C10689,Basic,Annual,449.08,UPI,True
C10690,Premium,Monthly,1244.88,Debit Card,True
C10691,Basic,Monthly,393.11,Credit Card,False
C10692,Basic,Annual,429.9,UPI,True
C10693,Basic,Monthly,369.43,Wallet,True
C10694,Basic,Monthly,373.62,Credit Card,False
C10695,Premium,Annual,1349.9,UPI,False
C10696,Basic,Annual,427.41,Net Banking,False
C10697,Basic,Monthly,421.53,UPI,True
C10698,Standard,Monthly,835.88,Credit Card,False
C10699,Standard,Monthly,669.96,Credit Card,False
C10700,Basic,Monthly,432.07,UPI,False
C10701,Basic,Annual,336.17,Net Banking,True
C10702,Basic,Monthly,488.94,Net Banking,False
C10703,Standard,Monthly,734.0,UPI,False
C10704,Basic,Annual,310.41,Credit Card,True
C10705,Basic,Annual,418.51,Credit Card,False
C10706,Standard,Monthly,898.62,UPI,False
C10707,Standard,Monthly,710.06,UPI,False
C10708,Basic,Monthly,446.36,Net Banking,False
C10709,Basic,Monthly,421.33,Credit Card,False
C10710,Basic,Annual,413.2,Debit Card,True
C10711,Basic,Monthly,456.82,Credit Card,False
C10712,Standard,Annual,808.92,UPI,True
C10713,Basic,Monthly,495.13,UPI,False
C10714,Basic,Monthly,379.87,UPI,True
C10715,Basic,Monthly,361.26,Credit Card,False
C10716,Basic,Annual,408.78,Debit Card,False
C10717,Standard,Monthly,740.47,Net Banking,True
C10718,Premium,Monthly,1497.91,Credit Card,True
C10719,Basic,Monthly,382.23,UPI,False
C10720,Basic,Annual,459.62,UPI,True
C10721,Basic,Monthly,370.34,Debit Card,False
C10722,Basic,Monthly,439.66,UPI,False
C10723,Basic,Monthly,496.89,Credit Card,False
C10724,Premium,Annual,1486.23,Credit Card,True
C10725,Basic,Annual,311.51,Debit Card,True
C10726,Basic,Monthly,379.62,Net Banking,False
C10727,Basic,Monthly,307.36,Debit Card,True
C10728,Standard,Monthly,873.68,Credit Card,True
C10729,Premium,Monthly,1343.52,Wallet,True
C10730,Premium,Annual,1393.26,UPI,True
C10731,Standard,Annual,709.17,UPI,True
C10732,Basic,Monthly,433.67,Wallet,True
C10733,Basic,Monthly,313.2,Credit Card,False
C10734,Standard,Monthly,858.74,UPI,False
C10735,Basic,Monthly,470.92,UPI,False
C10736,Basic,Monthly,308.96,Credit Card,True
C10737,Premium,Monthly,1447.03,Credit Card,True
C10738,Standard,Annual,776.66,Debit Card,False
C10739,Premium,Monthly,1304.4,Debit Card,True
C10740,Basic,Monthly,457.19,Wallet,False
C10741,Basic,Annual,414.28,UPI,False
C10742,Premium,Annual,1258.5,UPI,True
C10743,Standard,Monthly,635.58,Net Banking,True
C10744,Standard,Monthly,621.07,Credit Card,True
C10745,Basic,Monthly,399.73,Credit Card,True
C10746,Standard,Annual,784.96,Wallet,False
C10747,Premium,Monthly,1081.07,UPI,True
C10748,Premium,Annual,1228.57,Credit Card,False
C10749,Standard,Annual,710.51,UPI,True
C10750,Basic,Annual,326.45,Net Banking,True
C10751,Standard,Monthly,750.72,UPI,True
C10752,Standard,Monthly,739.48,Debit Card,False
C10753,Premium,Monthly,1003.04,UPI,False
C10754,Premium,Monthly,1254.8,UPI,True
C10755,Basic,Monthly,392.58,Wallet,False
C10756,Standard,Annual,866.33,Credit Card,False
C10757,Basic,Annual,455.25,Credit Card,True
C10758,Basic,Monthly,305.52,Wallet,False
C10759,Premium,Annual,1070.24,Credit Card,False
C10760,Premium,Annual,1482.27,Net Banking,True
C10761,Standard,Monthly,876.91,Credit Card,True
C10762,Basic,Monthly,498.82,Debit Card,True
C10763,Basic,Annual,307.84,Debit Card,True
C10764,Standard,Monthly,734.58,Credit Card,True
C10765,Standard,Monthly,792.06,UPI,True
C10766,Standard,Monthly,658.46,UPI,True
C10767,Standard,Annual,757.04,Credit Card,True
C10768,Basic,Annual,407.74,Credit Card,False
C10769,Basic,Annual,377.55,Debit Card,True
C10770,Premium,Annual,1268.91,Debit Card,False
C10771,Basic,Monthly,419.36,Credit Card,True
C10772,Premium,Annual,1351.98,UPI,True
C10773,Standard,Monthly,744.25,UPI,False
C10774,Premium,Monthly,1358.29,Debit Card,True
C10775,Standard,Monthly,650.93,Wallet,False
C10776,Standard,Monthly,759.75,Credit Card,False
C10777,Premium,Monthly,1370.1,Credit Card,False
C10778,Standard,Monthly,857.98,Net Banking,False
C10779,Basic,Annual,328.47,Debit Card,True
C10780,Basic,Monthly,365.51,UPI,False
C10781,Basic,Monthly,494.3,Wallet,False
C10782,Standard,Annual,638.1,Net Banking,True
C10783,Standard,Annual,702.51,Debit Card,False
C10784,Standard,Monthly,802.75,Credit Card,True
C10785,Basic,Monthly,375.11,UPI,False
C10786,Standard,Monthly,768.45,UPI,False
C10787,Basic,Monthly,405.44,UPI,True
C10788,Standard,Monthly,811.85,UPI,False
C10789,Basic,Annual,361.19,UPI,False
C10790,Standard,Monthly,775.65,Credit Card,True
C10791,Standard,Annual,678.46,Debit Card,True
C10792,Basic,Monthly,390.85,UPI,False
C10793,Basic,Annual,491.94,Credit Card,True
C10794,Standard,Monthly,864.44,Wallet,False
C10795,Basic,Monthly,359.03,Debit Card,True
C10796,Basic,Annual,465.66,Credit Card,True
C10797,Standard,Monthly,775.07,Net Banking,False
C10798,Premium,Monthly,1045.47,Net Banking,False
C10799,Basic,Monthly,448.21,Debit Card,False
C10800,Basic,Monthly,408.88,Credit Card,False
C10801,Premium,Monthly,1207.75,Wallet,True
C10802,Basic,Monthly,399.01,Credit Card,False
C10803,Basic,Annual,470.91,Credit Card,True
C10804,Standard,Annual,867.0,Credit Card,False
C10805,Standard,Annual,840.31,Debit Card,False
C10806,Basic,Monthly,318.42,UPI,False
C10807,Standard,Annual,812.64,UPI,True
C10808,Basic,Annual,405.63,Credit Card,True
C10809,Premium,Monthly,1017.33,UPI,True
C10810,Premium,Annual,1401.6,Wallet,True
C10811,Basic,Monthly,342.46,UPI,True
C10812,Basic,Monthly,383.95,Credit Card,False
C10813,Basic,Monthly,439.04,Debit Card,False
C10814,Standard,Annual,833.82,Net Banking,True
C10815,Basic,Monthly,431.66,Net Banking,False
C10816,Basic,Monthly,313.84,Credit Card,True
C10817,Standard,Annual,681.67,UPI,True
C10818,Basic,Monthly,385.14,Credit Card,True
C10819,Standard,Monthly,719.75,Debit Card,False
C10820,Basic,Monthly,424.34,Credit Card,False
C10821,Basic,Monthly,460.91,Credit Card,True
C10822,Standard,Monthly,677.76,Credit Card,True
C10823,Standard,Annual,694.93,Credit Card,True
C10824,Premium,Annual,1049.56,Credit Card,True
C10825,Standard,Monthly,736.81,Wallet,True
C10826,Premium,Monthly,1445.59,Debit Card,True
C10827,Basic,Annual,356.6,UPI,True
C10828,Basic,Monthly,390.11,UPI,True
C10829,Basic,Annual,349.59,UPI,True
C10830,Standard,Monthly,719.33,Credit Card,True
C10831,Standard,Monthly,887.69,Credit Card,False
C10832,Basic,Monthly,330.8,UPI,False
C10833,Premium,Monthly,1247.41,UPI,True
C10834,Standard,Monthly,756.28,UPI,False
C10835,Basic,Monthly,423.75,UPI,True
C10836,Premium,Annual,1481.19,Credit Card,False
C10837,Standard,Monthly,897.76,Credit Card,False
C10838,Premium,Annual,1149.7,Credit Card,False
C10839,Standard,Monthly,797.0,Debit Card,False
C10840,Standard,Monthly,827.84,Wallet,True
C10841,Basic,Annual,492.33,Credit Card,True
C10842,Premium,Annual,1110.42,Debit Card,True
C10843,Basic,Monthly,443.92,Credit Card,False
C10844,Basic,Annual,464.29,UPI,True
C10845,Standard,Monthly,663.82,Wallet,True
C10846,Basic,Monthly,460.28,Credit Card,True
C10847,Standard,Monthly,777.05,Debit Card,False
C10848,Basic,Monthly,403.79,Net Banking,False
C10849,Basic,Annual,325.01,UPI,True
C10850,Basic,Monthly,396.87,Credit Card,False
C10851,Basic,Annual,483.09,Credit Card,True
C10852,Basic,Monthly,379.79,Credit Card,True
C10853,Standard,Monthly,745.77,UPI,False
C10854,Premium,Annual,1056.15,Debit Card,False
C10855,Standard,Monthly,605.27,Wallet,False
C10856,Premium,Annual,1089.94,UPI,True
C10857,Premium,Monthly,1430.35,Debit Card,False
C10858,Standard,Monthly,649.77,Debit Card,True
C10859,Basic,Monthly,362.98,Net Banking,False
C10860,Standard,Annual,632.66,Credit Card,True
C10861,Standard,Annual,609.71,UPI,False
C10862,Basic,Monthly,395.69,Net Banking,False
C10863,Standard,Monthly,660.61,Net Banking,False
C10864,Basic,Monthly,351.24,UPI,False
C10865,Basic,Monthly,299.76,Debit Card,False
C10866,Premium,Annual,1271.51,Debit Card,False
C10867,Basic,Monthly,462.45,UPI,True
C10868,Basic,Monthly,483.39,UPI,True
C10869,Standard,Monthly,611.0,Credit Card,False
C10870,Basic,Monthly,355.69,UPI,True
C10871,Premium,Annual,1456.09,Credit Card,True
C10872,Basic,Monthly,442.22,Credit Card,True
C10873,Basic,Monthly,475.55,Debit Card,True
C10874,Basic,Annual,443.5,Credit Card,True
C10875,Basic,Monthly,376.97,Credit Card,False
C10876,Standard,Annual,696.61,UPI,True
C10877,Basic,Monthly,384.13,Credit Card,False
C10878,Basic,Monthly,359.83,Net Banking,False
C10879,Standard,Monthly,813.86,Credit Card,True
C10880,Basic,Monthly,467.62,UPI,True
C10881,Premium,Monthly,1201.14,Wallet,True
C10882,Basic,Monthly,386.25,UPI,True
C10883,Basic,Monthly,380.85,UPI,False
C10884,Basic,Monthly,327.87,Credit Card,False
C10885,Standard,Monthly,835.01,Debit Card,True
C10886,Standard,Monthly,693.51,Debit Card,False
C10887,Basic,Annual,460.58,UPI,True
C10888,Basic,Monthly,301.37,UPI,False
C10889,Premium,Monthly,1055.59,UPI,True
C10890,Premium,Monthly,1099.99,Debit Card,False
C10891,Basic,Monthly,311.83,UPI,False
C10892,Premium,Monthly,1034.92,Credit Card,False
C10893,Basic,Monthly,390.01,Credit Card,False
C10894,Standard,Monthly,800.36,Debit Card,True
C10895,Basic,Monthly,351.51,Net Banking,False
C10896,Basic,Monthly,364.7,UPI,False
C10897,Basic,Annual,490.65,Credit Card,True
C10898,Standard,Monthly,652.85,Credit Card,False
C10899,Standard,Annual,882.09,Credit Card,True
C10900,Standard,Annual,610.95,Credit Card,True
C10901,Basic,Annual,404.0,Wallet,True
C10902,Basic,Monthly,454.25,Credit Card,True
C10903,Standard,Annual,633.37,Debit Card,True
C10904,Basic,Monthly,331.56,Credit Card,True
C10905,Standard,Monthly,611.01,Wallet,True
C10906,Basic,Annual,441.64,Wallet,True
C10907,Premium,Monthly,1190.51,UPI,True
C10908,Basic,Annual,416.2,Debit Card,False
C10909,Premium,Annual,1153.82,Credit Card,True
C10910,Premium,Monthly,1189.85,Credit Card,True
C10911,Premium,Monthly,1181.93,Credit Card,True
C10912,Basic,Monthly,415.63,Credit Card,False
C10913,Premium,Annual,1193.79,Net Banking,True
C10914,Basic,Annual,428.55,UPI,True
C10915,Basic,Monthly,446.7,Credit Card,True
C10916,Basic,Annual,315.94,UPI,True
C10917,Premium,Monthly,1255.88,Debit Card,False
C10918,Standard,Monthly,801.04,UPI,False
C10919,Standard,Annual,787.13,UPI,True
C10920,Basic,Monthly,433.39,UPI,False
C10921,Standard,Monthly,752.81,Net Banking,False
C10922,Basic,Annual,392.18,Credit Card,True
C10923,Basic,Monthly,427.65,Debit Card,False
C10924,Basic,Annual,412.33,UPI,True
C10925,Basic,Monthly,407.94,UPI,False
C10926,Premium,Annual,1216.81,UPI,False
C10927,Standard,Monthly,613.14,Net Banking,False
C10928,Basic,Monthly,461.03,Debit Card,False
C10929,Basic,Monthly,404.33,Credit Card,True
C10930,Basic,Monthly,466.89,Net Banking,True
C10931,Standard,Monthly,652.18,UPI,True
C10932,Basic,Annual,351.41,Debit Card,True
C10933,Basic,Monthly,404.52,Credit Card,False
C10934,Basic,Monthly,438.2,Credit Card,False
C10935,Basic,Monthly,355.49,Credit Card,True
C10936,Basic,Monthly,479.26,Credit Card,False
C10937,Basic,Monthly,379.38,Debit Card,True
C10938,Basic,Monthly,446.42,UPI,False
C10939,Premium,Monthly,1165.8,Net Banking,False
C10940,Standard,Monthly,702.91,Net Banking,True
C10941,Basic,Monthly,448.97,Credit Card,True
C10942,Basic,Monthly,303.97,Net Banking,True
C10943,Premium,Monthly,1475.45,Debit Card,False
C10944,Basic,Annual,306.42,Credit Card,True
C10945,Standard,Annual,665.11,Debit Card,True
C10946,Standard,Monthly,804.47,UPI,True
C10947,Premium,Monthly,1451.37,Credit Card,True
C10948,Basic,Monthly,391.43,UPI,True
C10949,Basic,Monthly,380.15,Credit Card,False
C10950,Standard,Monthly,763.42,Credit Card,True
C10951,Basic,Monthly,319.0,UPI,True
C10952,Basic,Annual,299.98,Wallet,True
C10953,Basic,Monthly,305.38,Credit Card,False
C10954,Basic,Monthly,439.17,Credit Card,False
C10955,Basic,Annual,333.29,UPI,False
C10956,Standard,Annual,626.15,Debit Card,False
C10957,Basic,Monthly,454.43,Debit Card,True
C10958,Premium,Monthly,1468.24,Debit Card,True
C10959,Premium,Annual,1492.25,Net Banking,True
C10960,Basic,Monthly,329.03,Debit Card,False
C10961,Basic,Monthly,444.92,UPI,False
C10962,Standard,Monthly,626.32,UPI,False
C10963,Basic,Annual,341.58,Debit Card,True
C10964,Standard,Annual,659.8,Credit Card,True
C10965,Basic,Monthly,434.17,Net Banking,False
C10966,Basic,Monthly,311.73,UPI,True
C10967,Basic,Monthly,323.47,Wallet,False
C10968,Standard,Monthly,688.02,Debit Card,True
C10969,Standard,Monthly,851.08,Credit Card,False
C10970,Standard,Monthly,681.85,UPI,True
C10971,Basic,Monthly,413.96,Credit Card,True
C10972,Standard,Annual,771.35,Debit Card,True
C10973,Premium,Monthly,1191.31,Debit Card,False
C10974,Standard,Annual,612.96,Debit Card,True
C10975,Premium,Annual,1330.31,Net Banking,False
C10976,Basic,Monthly,466.69,Debit Card,False
C10977,Premium,Annual,1053.68,Debit Card,True
C10978,Standard,Monthly,641.52,Debit Card,False
C10979,Standard,Annual,620.03,Credit Card,True
C10980,Basic,Monthly,451.79,UPI,True
C10981,Premium,Monthly,1343.61,UPI,False
C10982,Premium,Monthly,1044.84,Debit Card,True
C10983,Premium,Annual,1063.8,Credit Card,True
C10984,Basic,Annual,345.43,UPI,True
C10985,Basic,Annual,302.69,Wallet,True
C10986,Basic,Annual,322.16,Credit Card,True
C10987,Standard,Annual,880.11,Credit Card,True
C10988,Standard,Annual,641.19,Net Banking,True
C10989,Premium,Annual,1195.15,UPI,True
C10990,Basic,Monthly,366.85,UPI,True
C10991,Premium,Annual,1165.11,Credit Card,True
C10992,Premium,Monthly,1343.8,Debit Card,True
C10993,Basic,Annual,492.77,UPI,True
C10994,Basic,Monthly,361.52,UPI,False
C10995,Premium,Monthly,1358.2,Net Banking,False
C10996,Standard,Annual,645.65,Debit Card,True
C10997,Basic,Monthly,398.05,Debit Card,False
C10998,Standard,Monthly,712.06,Credit Card,True
C10999,Basic,Annual,344.33,UPI,True
C11000,Premium,Monthly,1380.59,UPI,True
C11001,Premium,Monthly,1041.14,UPI,False
C11002,Basic,Monthly,423.44,Credit Card,False
C11003,Basic,Annual,345.39,Credit Card,True
C11004,Standard,Monthly,665.71,Credit Card,False
C11005,Premium,Annual,1124.95,Debit Card,True
C11006,Basic,Monthly,400.82,Credit Card,False
C11007,Standard,Monthly,791.5,Debit Card,True
C11008,Basic,Annual,369.43,Debit Card,True
C11009,Basic,Annual,453.39,Wallet,True
C11010,Standard,Monthly,740.11,Credit Card,True
C11011,Basic,Monthly,305.28,Credit Card,False
C11012,Basic,Monthly,445.67,Debit Card,True
C11013,Standard,Monthly,646.49,UPI,True
C11014,Standard,Annual,768.21,Net Banking,True
C11015,Premium,Monthly,1251.18,Debit Card,False
C11016,Premium,Monthly,1174.54,Debit Card,True
C11017,Basic,Monthly,400.46,Credit Card,True
C11018,Basic,Annual,382.68,UPI,True
C11019,Basic,Monthly,350.17,Debit Card,True
C11020,Standard,Annual,609.52,Debit Card,True
C11021,Basic,Monthly,381.57,Credit Card,True
C11022,Premium,Monthly,1091.39,Debit Card,False
C11023,Premium,Monthly,1279.9,Wallet,True
C11024,Standard,Monthly,888.52,UPI,True
C11025,Standard,Annual,743.99,Debit Card,False
C11026,Standard,Annual,825.94,Debit Card,False
C11027,Standard,Monthly,710.99,Credit Card,False
C11028,Basic,Annual,330.75,UPI,False
C11029,Standard,Monthly,694.23,Credit Card,True
C11030,Basic,Annual,420.4,UPI,True
C11031,Basic,Monthly,377.25,Debit Card,False
C11032,Standard,Monthly,668.02,Wallet,True
C11033,Basic,Monthly,415.51,UPI,True
C11034,Basic,Monthly,372.92,Credit Card,True
C11035,Basic,Monthly,455.88,Credit Card,False
C11036,Basic,Monthly,406.0,Debit Card,False
C11037,Premium,Annual,1134.45,Debit Card,True
C11038,Basic,Monthly,408.65,Debit Card,False
C11039,Basic,Annual,312.75,Credit Card,True
C11040,Basic,Annual,311.71,Debit Card,False
C11041,Standard,Monthly,886.18,Net Banking,False
C11042,Standard,Monthly,757.38,UPI,False
C11043,Basic,Monthly,407.27,Debit Card,True
C11044,Basic,Monthly,450.72,Credit Card,False
C11045,Basic,Monthly,344.24,Credit Card,True
C11046,Standard,Annual,722.73,UPI,True
C11047,Basic,Monthly,448.73,Debit Card,False
C11048,Standard,Annual,661.37,Debit Card,True
C11049,Premium,Monthly,1485.88,Credit Card,False
C11050,Basic,Monthly,349.4,Credit Card,True
C11051,Basic,Monthly,449.16,Credit Card,False
C11052,Premium,Monthly,1361.55,Debit Card,False
C11053,Basic,Monthly,354.82,Wallet,False
C11054,Basic,Monthly,447.23,Net Banking,True
C11055,Standard,Annual,720.35,Credit Card,True
C11056,Basic,Monthly,366.82,Wallet,False
C11057,Standard,Annual,805.03,Debit Card,True
C11058,Premium,Monthly,1299.7,Net Banking,True
C11059,Basic,Annual,418.56,Debit Card,True
C11060,Standard,Annual,808.59,Credit Card,False
C11061,Basic,Annual,425.06,Net Banking,True
C11062,Basic,Monthly,341.74,Wallet,False
C11063,Standard,Monthly,653.4,Credit Card,True
C11064,Premium,Monthly,1350.97,Credit Card,False
C11065,Basic,Monthly,393.32,UPI,False
C11066,Standard,Annual,784.71,UPI,True
C11067,Standard,Monthly,664.04,Net Banking,False
C11068,Basic,Monthly,336.21,Wallet,False
C11069,Basic,Annual,414.27,Credit Card,True
C11070,Basic,Monthly,422.06,Debit Card,True
C11071,Premium,Annual,1197.46,Debit Card,True
C11072,Basic,Annual,345.35,Net Banking,True
C11073,Premium,Monthly,1111.61,UPI,True
C11074,Basic,Annual,340.09,Credit Card,True
C11075,Basic,Annual,345.27,Debit Card,True
C11076,Standard,Monthly,886.18,Credit Card,True
C11077,Basic,Annual,432.61,Net Banking,False
C11078,Standard,Annual,621.7,UPI,True
C11079,Basic,Monthly,391.31,Debit Card,False
C11080,Basic,Monthly,496.19,Net Banking,False
C11081,Standard,Monthly,759.12,Credit Card,False
C11082,Premium,Monthly,1272.31,Debit Card,False
C11083,Basic,Monthly,406.4,UPI,True
C11084,Premium,Annual,1121.55,Debit Card,True
C11085,Basic,Monthly,304.3,UPI,True
C11086,Standard,Monthly,727.75,UPI,False
C11087,Premium,Annual,1137.64,Debit Card,False
C11088,Basic,Annual,429.83,UPI,True
C11089,Premium,Annual,1470.89,Credit Card,True
C11090,Basic,Annual,383.28,Debit Card,True
C11091,Basic,Annual,488.37,Credit Card,True
C11092,Standard,Monthly,623.91,Credit Card,False
C11093,Basic,Monthly,387.3,Net Banking,False
C11094,Basic,Annual,389.71,Wallet,True
C11095,Basic,Annual,436.1,Net Banking,True
C11096,Premium,Annual,1387.33,UPI,True
C11097,Basic,Monthly,492.84,Net Banking,False
C11098,Standard,Annual,629.79,UPI,False
C11099,Basic,Annual,380.9,Debit Card,True
C11100,Premium,Monthly,1210.92,Debit Card,False
C11101,Standard,Monthly,687.06,UPI,False
C11102,Premium,Annual,1381.51,Credit Card,True
C11103,Standard,Annual,682.8,Debit Card,True
C11104,Basic,Monthly,429.45,Credit Card,True
C11105,Basic,Annual,490.18,UPI,True
C11106,Standard,Monthly,634.12,Wallet,False
C11107,Premium,Monthly,1088.01,UPI,True
C11108,Basic,Monthly,348.43,Debit Card,False
C11109,Premium,Monthly,1222.07,UPI,False
C11110,Basic,Monthly,317.31,UPI,False
C11111,Premium,Monthly,1199.88,Debit Card,False
C11112,Basic,Annual,313.79,Credit Card,True
C11113,Premium,Monthly,1027.33,Debit Card,False
C11114,Premium,Monthly,1008.61,Credit Card,True
C11115,Basic,Annual,392.62,Debit Card,False
C11116,Premium,Monthly,1208.97,Net Banking,True
C11117,Standard,Monthly,714.46,UPI,False
C11118,Basic,Monthly,441.36,UPI,False
C11119,Basic,Monthly,342.23,Debit Card,True
C11120,Premium,Monthly,1180.23,UPI,False
C11121,Standard,Monthly,759.71,UPI,False
C11122,Basic,Monthly,318.36,Net Banking,False
C11123,Standard,Annual,896.63,Debit Card,True
C11124,Basic,Annual,428.55,Credit Card,False
C11125,Standard,Monthly,759.65,UPI,False
C11126,Basic,Monthly,348.75,Credit Card,False
C11127,Standard,Monthly,732.69,Credit Card,True
C11128,Basic,Monthly,496.2,UPI,False
C11129,Premium,Monthly,1342.73,Credit Card,False
C11130,Standard,Annual,733.25,Credit Card,False
C11131,Standard,Monthly,615.5,Wallet,True
C11132,Standard,Annual,656.67,Net Banking,True
C11133,Basic,Annual,360.1,UPI,True
C11134,Premium,Annual,1243.28,Credit Card,False
C11135,Standard,Annual,754.5,Credit Card,False
C11136,Standard,Monthly,822.06,Debit Card,False
C11137,Standard,Monthly,666.06,Debit Card,True
C11138,Premium,Annual,1373.62,Credit Card,True
C11139,Premium,Monthly,1300.9,Net Banking,True
C11140,Premium,Monthly,1070.15,UPI,False
C11141,Standard,Monthly,813.0,UPI,False
C11142,Standard,Monthly,747.84,Net Banking,False
C11143,Standard,Monthly,600.43,Debit Card,True
C11144,Standard,Monthly,694.66,UPI,True
C11145,Basic,Monthly,335.13,UPI,False
C11146,Standard,Monthly,872.29,Credit Card,False
C11147,Premium,Monthly,1134.42,Credit Card,False
C11148,Premium,Annual,1283.42,Debit Card,True
C11149,Basic,Annual,438.66,Net Banking,True
C11150,Basic,Monthly,447.06,UPI,False
C11151,Basic,Monthly,469.04,Debit Card,False
C11152,Premium,Monthly,1377.11,UPI,False
C11153,Premium,Monthly,1219.0,Debit Card,False
C11154,Basic,Monthly,311.46,Debit Card,True
C11155,Basic,Annual,408.96,Debit Card,True
C11156,Basic,Annual,369.64,Credit Card,True
C11157,Basic,Annual,408.06,Net Banking,True
C11158,Basic,Monthly,304.88,Credit Card,False
C11159,Premium,Monthly,1368.64,Net Banking,False
C11160,Basic,Monthly,317.0,Credit Card,False
C11161,Basic,Monthly,457.25,Net Banking,True
C11162,Premium,Annual,1146.17,Debit Card,False
C11163,Standard,Annual,637.02,UPI,False
C11164,Basic,Monthly,313.54,Credit Card,True
C11165,Standard,Monthly,701.45,Debit Card,False
C11166,Basic,Monthly,371.76,Net Banking,False
C11167,Standard,Annual,863.72,UPI,False
C11168,Basic,Annual,317.17,Credit Card,True
C11169,Premium,Annual,1264.8,Credit Card,True
C11170,Premium,Monthly,1195.58,Debit Card,False
C11171,Premium,Monthly,1445.67,Debit Card,False
C11172,Basic,Annual,314.33,Debit Card,True
C11173,Basic,Monthly,436.41,UPI,True
C11174,Premium,Annual,1111.0,Credit Card,True
C11175,Basic,Monthly,402.58,UPI,False
C11176,Standard,Annual,684.18,Debit Card,True
C11177,Standard,Annual,809.42,UPI,False
C11178,Standard,Monthly,787.81,UPI,False
C11179,Basic,Monthly,460.09,Debit Card,True
C11180,Basic,Monthly,423.26,Wallet,True
C11181,Basic,Annual,328.47,UPI,False
C11182,Basic,Monthly,371.22,Wallet,False
C11183,Standard,Monthly,799.92,UPI,False
C11184,Basic,Monthly,431.76,Debit Card,False
C11185,Basic,Monthly,369.96,Net Banking,False
C11186,Basic,Monthly,459.75,UPI,False
C11187,Standard,Monthly,756.72,Credit Card,True
C11188,Standard,Monthly,674.09,UPI,True
C11189,Premium,Monthly,1462.54,Credit Card,False
C11190,Basic,Monthly,439.23,Credit Card,True
C11191,Premium,Monthly,1072.0,Credit Card,False
C11192,Standard,Monthly,800.98,UPI,False
C11193,Standard,Monthly,662.63,Wallet,True
C11194,Basic,Annual,431.8,Credit Card,False
C11195,Standard,Monthly,871.59,Credit Card,True
C11196,Basic,Annual,303.68,Wallet,True
C11197,Basic,Monthly,464.17,UPI,False
C11198,Standard,Monthly,603.42,UPI,True
C11199,Basic,Annual,319.0,Credit Card,False
C11200,Basic,Monthly,396.9,Wallet,False
C11201,Standard,Monthly,675.27,Credit Card,False
C11202,Standard,Monthly,736.1,Debit Card,False
C11203,Basic,Monthly,493.65,Credit Card,False
C11204,Standard,Annual,798.48,Credit Card,True
C11205,Standard,Monthly,808.98,UPI,True
C11206,Standard,Monthly,777.07,UPI,True
C11207,Standard,Annual,672.61,Debit Card,True
C11208,Standard,Monthly,836.24,Debit Card,True
C11209,Premium,Monthly,1463.29,Debit Card,False
C11210,Basic,Annual,388.85,Credit Card,True
C11211,Premium,Monthly,1305.95,Credit Card,False
C11212,Basic,Annual,486.43,Debit Card,False
C11213,Standard,Monthly,819.89,UPI,False
C11214,Basic,Annual,405.68,Credit Card,True
C11215,Basic,Annual,447.02,Credit Card,True
C11216,Basic,Annual,305.76,UPI,True
C11217,Premium,Monthly,1187.68,UPI,True
C11218,Standard,Monthly,851.87,Debit Card,False
C11219,Basic,Monthly,339.86,Debit Card,False
C11220,Basic,Monthly,390.1,UPI,True
C11221,Basic,Monthly,455.69,Credit Card,False
C11222,Basic,Monthly,455.7,UPI,False
C11223,Standard,Monthly,807.66,Credit Card,False
C11224,Premium,Monthly,1408.22,Debit Card,False
C11225,Standard,Monthly,685.56,Credit Card,False
C11226,Premium,Annual,1404.3,Credit Card,True
C11227,Standard,Annual,848.48,Wallet,True
C11228,Standard,Monthly,676.96,Credit Card,False
C11229,Standard,Monthly,648.11,Credit Card,False
C11230,Premium,Monthly,1163.72,Net Banking,True
C11231,Standard,Monthly,785.11,Net Banking,False
C11232,Premium,Annual,1217.43,Credit Card,False
C11233,Basic,Monthly,459.54,Credit Card,False
C11234,Premium,Annual,1134.22,Wallet,True
C11235,Standard,Monthly,859.8,UPI,False
C11236,Basic,Monthly,438.94,Credit Card,False
C11237,Basic,Monthly,372.14,UPI,False
C11238,Premium,Monthly,1403.25,Credit Card,True
C11239,Basic,Monthly,452.32,Debit Card,False
C11240,Basic,Annual,414.55,Credit Card,True
C11241,Premium,Monthly,1124.61,UPI,False
C11242,Basic,Monthly,465.0,Credit Card,False
C11243,Standard,Monthly,868.47,Net Banking,True
C11244,Basic,Annual,404.04,Credit Card,True
C11245,Basic,Monthly,431.22,Credit Card,False
C11246,Premium,Monthly,1279.56,Wallet,False
C11247,Standard,Annual,879.82,Credit Card,True
C11248,Premium,Annual,1249.07,Credit Card,True
C11249,Basic,Annual,328.83,Net Banking,True
C11250,Basic,Monthly,324.1,Credit Card,True
C11251,Basic,Annual,382.1,Net Banking,False
C11252,Premium,Annual,1256.09,Net Banking,False
C11253,Basic,Monthly,360.68,UPI,True
C11254,Premium,Monthly,1174.44,UPI,True
C11255,Basic,Monthly,337.54,Net Banking,False
C11256,Basic,Annual,366.69,Credit Card,True
C11257,Basic,Monthly,388.18,Debit Card,True
C11258,Basic,Monthly,455.92,Debit Card,True
C11259,Basic,Monthly,378.91,Net Banking,True
C11260,Basic,Annual,304.62,UPI,True
C11261,Standard,Monthly,697.53,Wallet,True
C11262,Premium,Monthly,1285.6,Wallet,True
C11263,Standard,Monthly,779.88,Credit Card,False
C11264,Standard,Annual,620.49,Wallet,True
C11265,Standard,Monthly,797.15,Credit Card,False
C11266,Standard,Monthly,660.16,UPI,False
C11267,Premium,Annual,1405.72,Debit Card,True
C11268,Basic,Monthly,405.1,UPI,False
C11269,Basic,Monthly,478.53,UPI,False
C11270,Basic,Monthly,402.06,Credit Card,False
C11271,Basic,Monthly,356.08,UPI,True
C11272,Standard,Monthly,688.3,Debit Card,False
C11273,Standard,Monthly,797.28,UPI,True
C11274,Premium,Monthly,1468.5,Debit Card,False
C11275,Standard,Monthly,657.74,Debit Card,False
C11276,Premium,Monthly,1486.54,Credit Card,True
C11277,Standard,Annual,696.5,Credit Card,True
C11278,Standard,Monthly,727.96,UPI,False
C11279,Premium,Annual,1001.91,Debit Card,True
C11280,Basic,Monthly,359.33,Net Banking,False
C11281,Basic,Monthly,305.94,UPI,False
C11282,Standard,Monthly,599.43,UPI,True
C11283,Basic,Monthly,416.86,Debit Card,False
C11284,Basic,Annual,446.01,UPI,False
C11285,Basic,Monthly,363.72,UPI,False
C11286,Basic,Annual,441.34,UPI,True
C11287,Basic,Monthly,352.63,Credit Card,False
C11288,Basic,Monthly,340.12,Debit Card,True
C11289,Standard,Monthly,680.63,Debit Card,False
C11290,Standard,Annual,728.89,UPI,True
C11291,Basic,Monthly,329.37,Wallet,True
C11292,Basic,Monthly,454.81,Debit Card,True
C11293,Standard,Monthly,756.65,UPI,False
C11294,Standard,Monthly,884.08,Debit Card,True
C11295,Standard,Annual,837.66,Credit Card,True
C11296,Basic,Annual,428.12,Wallet,True
C11297,Premium,Monthly,1278.41,Credit Card,True
C11298,Standard,Monthly,679.48,UPI,False
C11299,Premium,Annual,1075.58,UPI,True
C11300,Basic,Annual,394.26,UPI,True
C11301,Premium,Annual,1323.33,Debit Card,True
C11302,Basic,Monthly,355.77,UPI,False
C11303,Premium,Annual,1120.42,Credit Card,True
C11304,Basic,Monthly,320.19,Credit Card,False
C11305,Premium,Monthly,1440.6,UPI,True
C11306,Premium,Annual,1080.62,UPI,True
C11307,Premium,Monthly,1006.74,UPI,False
C11308,Basic,Monthly,347.22,UPI,False
C11309,Standard,Annual,766.9,Credit Card,True
C11310,Basic,Monthly,397.11,UPI,False
C11311,Standard,Monthly,655.26,Credit Card,False
C11312,Standard,Monthly,728.75,UPI,False
C11313,Basic,Annual,430.48,Credit Card,True
C11314,Basic,Annual,478.73,Credit Card,True
C11315,Basic,Monthly,348.38,UPI,True
C11316,Basic,Monthly,351.12,Debit Card,True
C11317,Basic,Monthly,417.51,Credit Card,True
C11318,Standard,Monthly,868.18,UPI,False
C11319,Premium,Annual,1051.3,Wallet,False
C11320,Basic,Monthly,304.3,UPI,False
C11321,Standard,Annual,627.88,Credit Card,True
C11322,Basic,Monthly,310.86,Debit Card,False
C11323,Standard,Monthly,864.75,Net Banking,False
C11324,Basic,Monthly,479.26,Debit Card,False
C11325,Basic,Annual,431.71,UPI,False
C11326,Standard,Monthly,891.28,Debit Card,False
C11327,Basic,Monthly,357.13,UPI,False
C11328,Basic,Monthly,484.88,UPI,False
C11329,Basic,Monthly,434.13,Debit Card,True
C11330,Basic,Annual,419.38,Credit Card,True
C11331,Basic,Monthly,418.12,Debit Card,True
C11332,Basic,Monthly,313.03,Debit Card,False
C11333,Basic,Annual,327.53,Net Banking,True
C11334,Standard,Annual,802.44,Debit Card,False
C11335,Basic,Monthly,427.52,UPI,True
C11336,Basic,Monthly,451.06,Credit Card,False
C11337,Standard,Annual,893.64,Credit Card,True
C11338,Standard,Monthly,864.98,Wallet,True
C11339,Basic,Annual,358.56,Credit Card,False
C11340,Basic,Monthly,362.59,UPI,False
C11341,Basic,Monthly,410.76,Credit Card,False
C11342,Standard,Monthly,723.31,UPI,True
C11343,Basic,Annual,442.74,Credit Card,False
C11344,Premium,Monthly,1066.22,Debit Card,False
C11345,Basic,Monthly,385.28,Debit Card,True
C11346,Standard,Monthly,830.05,Wallet,False
C11347,Standard,Monthly,823.85,Credit Card,False
C11348,Basic,Monthly,307.51,Debit Card,True
C11349,Basic,Annual,436.54,Credit Card,False
C11350,Basic,Annual,389.47,Debit Card,True
C11351,Standard,Monthly,860.87,UPI,False
C11352,Basic,Monthly,451.92,UPI,True
C11353,Basic,Monthly,459.77,Credit Card,False
C11354,Standard,Monthly,624.57,Wallet,False
C11355,Basic,Monthly,432.74,Credit Card,False
C11356,Basic,Monthly,454.58,Credit Card,True
C11357,Premium,Annual,1284.83,Credit Card,False
C11358,Standard,Annual,615.48,Debit Card,False
C11359,Standard,Monthly,854.38,Net Banking,True
C11360,Premium,Monthly,1165.22,Credit Card,False
C11361,Premium,Monthly,1032.02,UPI,False
C11362,Premium,Monthly,1042.16,Credit Card,True
C11363,Standard,Annual,691.07,Credit Card,True
C11364,Standard,Monthly,653.19,Credit Card,False
C11365,Standard,Monthly,877.54,UPI,True
C11366,Standard,Annual,807.93,Wallet,True
C11367,Basic,Monthly,345.39,UPI,False
C11368,Basic,Monthly,384.1,Credit Card,False
C11369,Premium,Monthly,1094.38,Credit Card,True
C11370,Standard,Annual,872.3,Net Banking,True
C11371,Premium,Monthly,1203.59,Credit Card,False
C11372,Premium,Monthly,1033.27,Debit Card,True
C11373,Basic,Monthly,345.12,Debit Card,True
C11374,Premium,Monthly,1388.1,Net Banking,True
C11375,Basic,Monthly,478.99,UPI,False
C11376,Basic,Monthly,366.61,Net Banking,False
C11377,Basic,Monthly,322.15,UPI,True
C11378,Premium,Annual,1201.92,Credit Card,True
C11379,Basic,Monthly,416.79,Debit Card,True
C11380,Standard,Monthly,782.98,UPI,False
C11381,Basic,Monthly,339.15,Debit Card,False
C11382,Basic,Monthly,330.45,Net Banking,False
C11383,Standard,Annual,653.61,Credit Card,False
C11384,Basic,Monthly,309.86,Debit Card,True
C11385,Basic,Monthly,383.28,Credit Card,False
C11386,Basic,Annual,329.34,UPI,True
C11387,Basic,Monthly,379.93,Credit Card,False
C11388,Premium,Annual,1297.47,UPI,False
C11389,Premium,Monthly,1084.98,Debit Card,False
C11390,Basic,Annual,463.12,Net Banking,True
C11391,Standard,Annual,892.01,Net Banking,False
C11392,Basic,Annual,473.06,Credit Card,True
C11393,Basic,Annual,454.53,UPI,True
C11394,Basic,Monthly,461.28,Credit Card,True
C11395,Premium,Monthly,1096.39,Credit Card,True
C11396,Basic,Annual,448.74,UPI,True
C11397,Basic,Monthly,322.16,Credit Card,True
C11398,Basic,Monthly,376.26,UPI,False
C11399,Basic,Monthly,368.93,Debit Card,False
C11400,Basic,Monthly,434.11,Debit Card,False
C11401,Basic,Monthly,443.22,Credit Card,True
C11402,Basic,Monthly,375.88,Net Banking,True
C11403,Premium,Monthly,1075.36,UPI,False
C11404,Premium,Monthly,1032.58,Credit Card,False
C11405,Basic,Monthly,362.52,Debit Card,False
C11406,Basic,Monthly,448.7,Debit Card,False
C11407,Basic,Monthly,425.2,Wallet,True
C11408,Basic,Monthly,360.71,Credit Card,True
C11409,Basic,Annual,346.75,Credit Card,True
C11410,Basic,Monthly,469.8,Credit Card,False
C11411,Basic,Annual,307.15,Credit Card,True
C11412,Basic,Monthly,444.66,Debit Card,False
C11413,Basic,Monthly,328.46,Credit Card,False
C11414,Premium,Monthly,1453.41,Wallet,False
C11415,Premium,Monthly,1320.07,Credit Card,True
C11416,Premium,Annual,1083.5,Credit Card,True
C11417,Premium,Annual,1299.28,Credit Card,True
C11418,Standard,Annual,660.72,Credit Card,False
C11419,Basic,Monthly,494.37,UPI,False
C11420,Standard,Monthly,777.82,Credit Card,True
C11421,Standard,Monthly,676.09,Credit Card,False
C11422,Standard,Monthly,678.22,Credit Card,False
C11423,Basic,Annual,300.07,Credit Card,True
C11424,Standard,Annual,819.93,Credit Card,False
C11425,Basic,Monthly,342.82,Debit Card,False
C11426,Basic,Monthly,496.92,UPI,False
C11427,Basic,Annual,432.58,UPI,True
C11428,Basic,Monthly,463.62,Debit Card,True
C11429,Basic,Monthly,439.89,Credit Card,False
C11430,Basic,Annual,455.42,Debit Card,True
C11431,Basic,Monthly,367.82,Debit Card,False
C11432,Standard,Monthly,705.6,UPI,False
C11433,Standard,Monthly,831.61,UPI,False
C11434,Premium,Annual,1298.41,Debit Card,True
C11435,Standard,Monthly,793.04,Net Banking,True
C11436,Standard,Annual,659.31,UPI,True
C11437,Basic,Annual,480.34,Net Banking,True
C11438,Basic,Monthly,480.91,Debit Card,False
C11439,Basic,Monthly,424.68,Credit Card,False
C11440,Basic,Monthly,396.52,Debit Card,False
C11441,Premium,Monthly,1035.9,UPI,True
C11442,Basic,Monthly,408.98,Debit Card,False
C11443,Standard,Annual,644.29,UPI,True
C11444,Basic,Annual,345.12,Net Banking,True
C11445,Standard,Annual,753.13,Credit Card,True
C11446,Standard,Monthly,828.58,Debit Card,False
C11447,Standard,Annual,848.44,UPI,True
C11448,Basic,Monthly,402.25,Net Banking,False
C11449,Basic,Monthly,457.6,Credit Card,False
C11450,Basic,Monthly,466.3,UPI,True
C11451,Standard,Monthly,606.31,Credit Card,True
C11452,Standard,Monthly,799.49,UPI,False
C11453,Basic,Monthly,374.33,UPI,False
C11454,Premium,Annual,1327.48,UPI,False
C11455,Standard,Annual,888.72,Credit Card,True
C11456,Standard,Annual,788.73,Debit Card,True
C11457,Premium,Monthly,1481.84,UPI,True
C11458,Basic,Monthly,317.16,Debit Card,False
C11459,Basic,Annual,373.72,UPI,True
C11460,Basic,Monthly,358.32,Credit Card,True
C11461,Premium,Annual,1496.17,Net Banking,False
C11462,Basic,Monthly,441.62,Credit Card,False
C11463,Standard,Monthly,731.53,Credit Card,False
C11464,Basic,Monthly,495.97,Net Banking,True
C11465,Premium,Monthly,1190.06,Credit Card,False
C11466,Standard,Monthly,796.56,Wallet,False
C11467,Basic,Monthly,352.43,Credit Card,False
C11468,Premium,Monthly,1427.65,Credit Card,True
C11469,Standard,Monthly,896.25,Debit Card,False
C11470,Standard,Annual,807.09,Debit Card,True
C11471,Basic,Monthly,489.77,Credit Card,True
C11472,Premium,Monthly,1419.88,Debit Card,False
C11473,Standard,Annual,660.83,UPI,True
C11474,Basic,Monthly,299.6,UPI,True
C11475,Basic,Annual,395.99,UPI,True
C11476,Basic,Monthly,374.58,UPI,True
C11477,Standard,Monthly,674.9,Credit Card,False
C11478,Standard,Monthly,798.61,Wallet,False
C11479,Basic,Monthly,494.25,Credit Card,False
C11480,Basic,Annual,399.81,Credit Card,True
C11481,Premium,Monthly,1049.15,UPI,True
C11482,Standard,Monthly,637.36,UPI,False
C11483,Premium,Annual,1399.11,Debit Card,True
C11484,Basic,Monthly,409.63,Net Banking,False
C11485,Premium,Monthly,1095.16,UPI,True
C11486,Standard,Monthly,613.37,Credit Card,True
C11487,Premium,Monthly,1381.51,Debit Card,True
C11488,Basic,Annual,428.39,Credit Card,False
C11489,Standard,Monthly,611.04,Credit Card,False
C11490,Standard,Annual,734.27,Debit Card,True
C11491,Premium,Annual,1302.15,Credit Card,True
C11492,Standard,Monthly,680.19,UPI,False
C11493,Premium,Monthly,1253.31,UPI,False
C11494,Basic,Monthly,416.01,Credit Card,True
C11495,Basic,Monthly,304.64,Net Banking,True
C11496,Basic,Monthly,493.27,Debit Card,True
C11497,Basic,Annual,301.69,UPI,True
C11498,Standard,Annual,846.5,Debit Card,True
C11499,Premium,Monthly,1337.56,Net Banking,True
C11500,Basic,Monthly,377.19,Net Banking,False
C11501,Basic,Annual,300.9,Credit Card,True
C11502,Basic,Annual,461.39,Wallet,True
C11503,Standard,Monthly,675.81,UPI,False
C11504,Standard,Annual,798.03,Wallet,True
C11505,Basic,Monthly,333.44,Net Banking,True
C11506,Premium,Monthly,1341.17,Debit Card,False
C11507,Premium,Monthly,1113.36,Wallet,True
C11508,Standard,Monthly,796.21,Credit Card,True
C11509,Premium,Annual,1277.87,Credit Card,True
C11510,Basic,Monthly,310.16,Credit Card,True
C11511,Basic,Monthly,477.99,Wallet,True
C11512,Premium,Monthly,1231.42,Wallet,True
C11513,Basic,Monthly,429.12,Debit Card,True
C11514,Basic,Monthly,497.71,Net Banking,False
C11515,Basic,Monthly,474.1,Debit Card,True
C11516,Basic,Monthly,352.12,Credit Card,False
C11517,Standard,Monthly,697.28,UPI,False
C11518,Premium,Monthly,1259.3,UPI,True
C11519,Standard,Monthly,807.98,Credit Card,True
C11520,Premium,Annual,1357.33,UPI,False
C11521,Standard,Monthly,650.13,Debit Card,False
C11522,Basic,Monthly,332.77,Credit Card,False
C11523,Standard,Annual,841.68,Wallet,True
C11524,Standard,Annual,647.82,UPI,False
C11525,Standard,Monthly,667.69,Credit Card,True
C11526,Basic,Annual,475.13,Credit Card,True
C11527,Premium,Annual,1414.8,Credit Card,True
C11528,Premium,Monthly,1400.11,Credit Card,False
C11529,Basic,Monthly,354.98,Debit Card,False
C11530,Standard,Monthly,889.91,Debit Card,False
C11531,Standard,Annual,778.52,Debit Card,True
C11532,Basic,Monthly,475.16,Credit Card,False
C11533,Basic,Annual,398.29,UPI,True
C11534,Premium,Annual,1463.15,Net Banking,True
C11535,Basic,Monthly,459.02,UPI,True
C11536,Basic,Monthly,332.65,UPI,True
C11537,Basic,Monthly,492.54,Net Banking,False
C11538,Standard,Monthly,828.19,Credit Card,True
C11539,Premium,Monthly,1269.66,UPI,False
C11540,Premium,Monthly,1325.54,Wallet,False
C11541,Basic,Monthly,454.72,Wallet,False
C11542,Basic,Monthly,397.97,Debit Card,False
C11543,Basic,Monthly,386.91,UPI,True
C11544,Standard,Annual,863.93,Credit Card,True
C11545,Standard,Monthly,669.27,UPI,False
C11546,Basic,Monthly,394.88,UPI,True
C11547,Basic,Monthly,449.83,UPI,False
C11548,Standard,Annual,879.56,UPI,True
C11549,Basic,Monthly,414.05,UPI,True
C11550,Standard,Annual,794.14,Credit Card,True
C11551,Standard,Monthly,651.51,Credit Card,False
C11552,Basic,Monthly,424.61,Credit Card,False
C11553,Premium,Annual,1082.75,Debit Card,False
C11554,Standard,Annual,736.91,Net Banking,True
C11555,Basic,Monthly,466.55,Net Banking,False
C11556,Premium,Monthly,1211.58,Debit Card,False
C11557,Standard,Monthly,824.53,UPI,True
C11558,Basic,Monthly,407.77,Debit Card,False
C11559,Basic,Monthly,377.61,UPI,False
C11560,Basic,Monthly,420.32,Credit Card,False
C11561,Basic,Annual,379.23,Credit Card,True
C11562,Premium,Monthly,1091.03,Wallet,False
C11563,Standard,Annual,810.86,Credit Card,True
C11564,Standard,Monthly,865.19,UPI,True
C11565,Standard,Annual,629.07,Wallet,True
C11566,Basic,Monthly,400.85,Debit Card,True
C11567,Premium,Annual,1121.73,Debit Card,False
C11568,Basic,Monthly,434.69,UPI,True
C11569,Basic,Monthly,412.93,UPI,False
C11570,Standard,Annual,724.35,Credit Card,True
C11571,Premium,Monthly,1243.44,Debit Card,True
C11572,Standard,Monthly,837.22,UPI,False
C11573,Standard,Annual,817.19,Net Banking,True
C11574,Basic,Annual,497.59,UPI,True
C11575,Premium,Monthly,1487.63,Credit Card,False
C11576,Standard,Annual,734.23,Credit Card,False
C11577,Premium,Monthly,1411.79,Net Banking,False
C11578,Premium,Monthly,1125.22,UPI,False
C11579,Standard,Annual,699.63,UPI,True
C11580,Basic,Monthly,423.55,UPI,True
C11581,Basic,Annual,461.6,Debit Card,True
C11582,Basic,Monthly,479.86,UPI,False
C11583,Standard,Monthly,657.72,Net Banking,False
C11584,Standard,Monthly,871.84,Credit Card,True
C11585,Premium,Monthly,1186.58,Wallet,False
C11586,Basic,Monthly,466.71,UPI,False
C11587,Standard,Monthly,882.05,UPI,True
C11588,Basic,Annual,383.03,UPI,False
C11589,Basic,Monthly,459.57,UPI,False
C11590,Premium,Annual,1408.22,UPI,True
C11591,Standard,Annual,714.92,Debit Card,True
C11592,Basic,Monthly,455.78,UPI,True
C11593,Standard,Monthly,687.28,UPI,False
C11594,Basic,Monthly,305.72,UPI,False
C11595,Basic,Monthly,309.07,UPI,False
C11596,Premium,Monthly,1236.01,Net Banking,False
C11597,Basic,Annual,428.03,Credit Card,True
C11598,Standard,Monthly,643.26,Wallet,True
C11599,Standard,Monthly,706.79,Credit Card,True
C11600,Premium,Monthly,1006.79,Wallet,False
C11601,Standard,Monthly,807.06,Wallet,True
C11602,Premium,Monthly,1157.53,Debit Card,True
C11603,Basic,Monthly,361.51,Credit Card,False
C11604,Basic,Monthly,402.24,Net Banking,False
C11605,Standard,Monthly,640.64,Debit Card,True
C11606,Basic,Monthly,378.56,Net Banking,False
C11607,Standard,Annual,778.17,Debit Card,False
C11608,Standard,Monthly,644.59,UPI,False
C11609,Basic,Monthly,488.74,UPI,False
C11610,Standard,Annual,812.95,Net Banking,True
C11611,Standard,Monthly,792.24,Credit Card,True
C11612,Standard,Monthly,887.16,UPI,False
C11613,Basic,Monthly,343.27,Credit Card,False
C11614,Standard,Annual,689.69,UPI,True
C11615,Standard,Monthly,639.28,Credit Card,True
C11616,Standard,Annual,683.78,Wallet,True
C11617,Standard,Monthly,704.98,Credit Card,True
C11618,Basic,Monthly,461.6,UPI,False
C11619,Standard,Monthly,758.76,Debit Card,True
C11620,Basic,Monthly,447.23,Net Banking,True
C11621,Basic,Monthly,465.79,Credit Card,False
C11622,Basic,Monthly,463.98,Credit Card,False
C11623,Standard,Monthly,770.36,UPI,True
C11624,Standard,Monthly,793.82,Credit Card,True
C11625,Basic,Annual,359.92,Debit Card,False
C11626,Premium,Annual,1206.43,Credit Card,True
C11627,Premium,Annual,1415.17,Credit Card,True
C11628,Basic,Monthly,317.48,Credit Card,True
C11629,Basic,Monthly,483.14,UPI,False
C11630,Basic,Monthly,303.91,Credit Card,False
C11631,Basic,Annual,377.01,UPI,False
C11632,Standard,Monthly,791.84,Debit Card,False
C11633,Standard,Monthly,761.52,UPI,True
C11634,Basic,Monthly,486.8,Credit Card,True
C11635,Basic,Monthly,460.66,Debit Card,True
C11636,Standard,Annual,713.52,UPI,True
C11637,Standard,Monthly,751.81,UPI,False
C11638,Basic,Annual,319.73,Net Banking,False
C11639,Premium,Monthly,1226.57,UPI,True
C11640,Basic,Annual,380.55,Debit Card,True
C11641,Basic,Monthly,375.98,UPI,False
C11642,Basic,Monthly,299.4,Credit Card,True
C11643,Standard,Monthly,695.95,UPI,True
C11644,Premium,Monthly,1478.0,Wallet,False
C11645,Basic,Monthly,360.63,UPI,True
C11646,Premium,Monthly,1401.8,UPI,True
C11647,Basic,Monthly,393.35,Credit Card,True
C11648,Basic,Monthly,399.47,Net Banking,False
C11649,Standard,Monthly,867.0,UPI,False
C11650,Basic,Monthly,488.99,Net Banking,True
C11651,Basic,Annual,421.03,Credit Card,True
C11652,Standard,Monthly,836.82,UPI,False
C11653,Basic,Monthly,300.07,Debit Card,True
C11654,Basic,Monthly,333.12,Credit Card,False
C11655,Standard,Monthly,668.86,Credit Card,False
C11656,Basic,Monthly,379.33,Debit Card,False
C11657,Basic,Monthly,457.17,Credit Card,False
C11658,Standard,Annual,768.23,Credit Card,True
C11659,Standard,Monthly,759.06,UPI,True
C11660,Premium,Annual,1435.58,UPI,True
C11661,Basic,Annual,348.65,UPI,True
C11662,Standard,Annual,835.58,Credit Card,False
C11663,Premium,Monthly,1106.62,Wallet,False
C11664,Basic,Monthly,371.5,Net Banking,False
C11665,Basic,Monthly,355.31,Credit Card,False
C11666,Premium,Annual,1149.19,Credit Card,True
C11667,Standard,Monthly,630.93,Credit Card,True
C11668,Premium,Monthly,1196.94,Debit Card,True
C11669,Standard,Monthly,831.18,Debit Card,False
C11670,Basic,Monthly,352.02,UPI,False
C11671,Basic,Monthly,493.97,Debit Card,False
C11672,Standard,Annual,860.06,Net Banking,True
C11673,Basic,Monthly,470.87,Credit Card,False
C11674,Standard,Annual,730.12,UPI,True
C11675,Premium,Monthly,1050.61,Net Banking,True
C11676,Basic,Annual,425.84,Credit Card,True
C11677,Premium,Monthly,1191.1,UPI,True
C11678,Standard,Monthly,784.41,Credit Card,False
C11679,Basic,Annual,369.21,Credit Card,True
C11680,Basic,Annual,382.14,UPI,True
C11681,Basic,Monthly,452.41,Net Banking,False
C11682,Standard,Annual,858.35,UPI,True
C11683,Basic,Monthly,433.87,UPI,False
C11684,Basic,Monthly,378.51,Debit Card,True
C11685,Standard,Monthly,809.4,Debit Card,False
C11686,Standard,Annual,749.94,UPI,False
C11687,Basic,Monthly,304.5,Wallet,True
C11688,Basic,Monthly,484.72,Debit Card,True
C11689,Basic,Annual,375.86,UPI,True
C11690,Standard,Monthly,602.74,Net Banking,True
C11691,Premium,Monthly,1027.98,UPI,False
C11692,Standard,Monthly,828.06,Credit Card,True
C11693,Standard,Monthly,682.81,Net Banking,True
C11694,Basic,Annual,346.76,UPI,False
C11695,Standard,Monthly,812.82,Debit Card,False
C11696,Basic,Monthly,347.1,UPI,False
C11697,Premium,Monthly,1271.62,UPI,False
C11698,Basic,Monthly,451.27,Debit Card,False
C11699,Basic,Monthly,446.35,Credit Card,False
C11700,Standard,Annual,686.16,Debit Card,True
C11701,Premium,Annual,1314.22,UPI,True
C11702,Standard,Monthly,845.11,Credit Card,True
C11703,Standard,Monthly,768.25,Credit Card,False
C11704,Basic,Annual,474.82,Credit Card,False
C11705,Basic,Monthly,483.74,Credit Card,False
C11706,Standard,Monthly,869.07,UPI,False
C11707,Premium,Monthly,1065.83,UPI,False
C11708,Standard,Monthly,737.4,Debit Card,True
C11709,Standard,Annual,859.98,UPI,True
C11710,Premium,Monthly,1226.41,Debit Card,False
C11711,Basic,Monthly,362.46,Debit Card,False
C11712,Standard,Monthly,614.04,Debit Card,False
C11713,Standard,Annual,619.54,Debit Card,True
C11714,Premium,Annual,1038.42,Credit Card,True
C11715,Premium,Annual,1431.71,Credit Card,False
C11716,Standard,Monthly,766.68,UPI,False
C11717,Basic,Annual,355.59,Credit Card,True
C11718,Basic,Monthly,390.86,UPI,False
C11719,Standard,Monthly,849.26,Net Banking,True
C11720,Standard,Monthly,877.9,Debit Card,True
C11721,Basic,Monthly,412.91,Credit Card,False
C11722,Basic,Annual,385.2,Debit Card,True
C11723,Basic,Annual,489.96,UPI,False
C11724,Premium,Monthly,1420.56,UPI,True
C11725,Standard,Annual,660.02,Debit Card,False
C11726,Basic,Monthly,372.68,Debit Card,False
C11727,Premium,Monthly,1258.3,Credit Card,True
C11728,Premium,Monthly,1248.09,UPI,False
C11729,Premium,Monthly,1109.34,UPI,False
C11730,Standard,Monthly,648.39,Debit Card,True
C11731,Basic,Monthly,470.39,UPI,True
C11732,Standard,Monthly,745.81,Credit Card,True
C11733,Basic,Annual,390.25,UPI,True
C11734,Standard,Annual,640.02,Credit Card,True
C11735,Basic,Monthly,398.9,UPI,False
C11736,Premium,Monthly,1482.38,Credit Card,False
C11737,Basic,Monthly,471.08,Net Banking,False
C11738,Standard,Monthly,655.85,Debit Card,True
C11739,Premium,Monthly,1092.67,Credit Card,True
C11740,Basic,Monthly,321.1,Credit Card,True
C11741,Basic,Monthly,315.97,UPI,False
C11742,Standard,Monthly,771.12,UPI,True
C11743,Basic,Monthly,306.47,Credit Card,False
C11744,Basic,Annual,446.4,UPI,True
C11745,Premium,Monthly,1440.41,Net Banking,True
C11746,Standard,Annual,801.25,Debit Card,False
C11747,Standard,Monthly,707.19,UPI,False
C11748,Premium,Annual,1051.12,Net Banking,True
C11749,Standard,Monthly,714.72,Debit Card,False
C11750,Premium,Annual,1167.58,Credit Card,True
C11751,Standard,Monthly,866.52,Debit Card,False
C11752,Basic,Monthly,334.55,UPI,True
C11753,Premium,Annual,1272.38,UPI,True
C11754,Basic,Annual,439.86,Credit Card,True
C11755,Standard,Monthly,738.69,UPI,False
C11756,Standard,Monthly,690.83,Credit Card,True
C11757,Basic,Monthly,360.76,Credit Card,True
C11758,Premium,Monthly,1262.04,Net Banking,True
C11759,Premium,Monthly,1221.48,Credit Card,False
C11760,Basic,Monthly,328.0,Credit Card,True
C11761,Standard,Monthly,773.47,Credit Card,False
C11762,Basic,Annual,452.34,UPI,True
C11763,Basic,Monthly,341.67,Wallet,True
C11764,Basic,Monthly,343.42,Debit Card,False
C11765,Basic,Annual,311.73,Credit Card,True
C11766,Standard,Annual,721.6,Debit Card,False
C11767,Standard,Monthly,851.92,Debit Card,True
C11768,Basic,Monthly,339.06,Net Banking,False
C11769,Standard,Monthly,652.0,UPI,True
C11770,Basic,Monthly,409.03,Debit Card,False
C11771,Premium,Monthly,1417.14,UPI,True
C11772,Basic,Monthly,377.11,Credit Card,True
C11773,Basic,Annual,354.25,Debit Card,True
C11774,Basic,Monthly,437.82,UPI,True
C11775,Standard,Monthly,838.39,UPI,True
C11776,Premium,Monthly,1266.66,Wallet,False
C11777,Basic,Annual,451.56,Debit Card,False
C11778,Basic,Annual,473.82,UPI,True
C11779,Basic,Monthly,381.32,Net Banking,False
C11780,Premium,Monthly,1165.94,Wallet,False
C11781,Standard,Annual,784.59,Credit Card,False
C11782,Premium,Monthly,1168.47,Net Banking,False
C11783,Basic,Monthly,352.46,UPI,False
C11784,Standard,Annual,618.14,Debit Card,True
C11785,Standard,Monthly,652.44,UPI,False
C11786,Premium,Annual,1426.27,Debit Card,True
C11787,Premium,Monthly,1367.21,UPI,False
C11788,Premium,Monthly,1188.67,UPI,False
C11789,Basic,Monthly,374.5,Net Banking,True
C11790,Standard,Monthly,794.64,Credit Card,False
C11791,Basic,Monthly,487.78,Debit Card,False
C11792,Standard,Monthly,621.12,Net Banking,True
C11793,Basic,Annual,332.0,UPI,False
C11794,Basic,Annual,426.03,UPI,False
C11795,Standard,Monthly,742.96,UPI,True
C11796,Standard,Annual,648.33,UPI,False
C11797,Basic,Annual,303.67,Net Banking,True
C11798,Standard,Annual,614.38,Credit Card,True
C11799,Basic,Monthly,318.73,Net Banking,False
C11800,Standard,Monthly,778.3,Net Banking,False
C11801,Standard,Annual,601.32,UPI,False
C11802,Basic,Monthly,331.66,Credit Card,True
C11803,Basic,Monthly,467.49,Debit Card,True
C11804,Basic,Monthly,322.8,UPI,False
C11805,Basic,Annual,426.62,Wallet,True
C11806,Basic,Annual,453.13,Credit Card,True
C11807,Premium,Annual,1114.21,Credit Card,False
C11808,Basic,Monthly,494.88,UPI,True
C11809,Standard,Annual,667.61,Debit Card,True
C11810,Standard,Annual,724.28,Debit Card,True
C11811,Premium,Annual,1313.0,UPI,True
C11812,Premium,Annual,1057.38,UPI,True
C11813,Standard,Monthly,891.71,Wallet,True
C11814,Standard,Monthly,614.85,Credit Card,False
C11815,Basic,Annual,335.71,Credit Card,False
C11816,Basic,Annual,443.68,UPI,True
C11817,Premium,Annual,1457.79,Debit Card,True
C11818,Standard,Monthly,629.39,Wallet,False
C11819,Basic,Monthly,348.95,UPI,True
C11820,Basic,Monthly,454.67,Credit Card,False
C11821,Standard,Monthly,639.63,Wallet,True
C11822,Premium,Monthly,1077.71,Debit Card,True
C11823,Standard,Monthly,626.19,UPI,False
C11824,Premium,Monthly,1282.47,UPI,True
C11825,Premium,Annual,1457.1,UPI,True
C11826,Basic,Monthly,342.43,Net Banking,False
C11827,Standard,Monthly,752.0,Net Banking,False
C11828,Premium,Monthly,1280.11,Credit Card,False
C11829,Basic,Monthly,401.58,Wallet,True
C11830,Basic,Monthly,453.07,Net Banking,True
C11831,Basic,Annual,450.86,UPI,True
C11832,Basic,Monthly,372.93,Credit Card,False
C11833,Premium,Monthly,1405.55,Debit Card,False
C11834,Standard,Monthly,611.18,Wallet,True
C11835,Premium,Monthly,1460.19,Net Banking,False
C11836,Standard,Monthly,849.36,Credit Card,False
C11837,Standard,Monthly,607.93,Net Banking,True
C11838,Basic,Monthly,383.38,Credit Card,False
C11839,Basic,Monthly,371.22,UPI,True
C11840,Standard,Monthly,803.62,Credit Card,False
C11841,Standard,Annual,843.57,Wallet,True
C11842,Premium,Monthly,1334.92,Net Banking,False
C11843,Basic,Monthly,392.9,UPI,False
C11844,Standard,Monthly,601.58,Wallet,True
C11845,Basic,Monthly,464.05,Credit Card,False
C11846,Standard,Monthly,867.35,UPI,False
C11847,Standard,Monthly,837.33,Credit Card,False
C11848,Basic,Annual,428.18,UPI,True
C11849,Basic,Monthly,394.21,Debit Card,True
C11850,Standard,Monthly,717.61,Debit Card,False
C11851,Basic,Annual,400.23,UPI,True
C11852,Premium,Annual,1020.04,Debit Card,False
C11853,Basic,Annual,299.82,Credit Card,True
C11854,Basic,Annual,349.25,Debit Card,True
C11855,Standard,Annual,602.47,UPI,True
C11856,Standard,Monthly,895.27,Debit Card,False
C11857,Basic,Monthly,361.46,Debit Card,True
C11858,Basic,Monthly,334.08,UPI,True
C11859,Basic,Annual,385.76,Credit Card,False
C11860,Premium,Monthly,1090.85,Debit Card,True
C11861,Basic,Monthly,407.74,UPI,False
C11862,Basic,Annual,482.22,Credit Card,True
C11863,Basic,Monthly,395.21,UPI,False
C11864,Premium,Monthly,1055.85,Debit Card,True
C11865,Basic,Monthly,474.39,UPI,False
C11866,Premium,Monthly,1254.11,Credit Card,True
C11867,Basic,Annual,318.64,Credit Card,True
C11868,Basic,Monthly,341.97,Wallet,True
C11869,Basic,Monthly,379.61,Debit Card,True
C11870,Standard,Monthly,741.78,Net Banking,False
C11871,Basic,Monthly,408.2,UPI,True
C11872,Basic,Monthly,445.83,Credit Card,False
C11873,Premium,Monthly,1028.1,Credit Card,False
C11874,Standard,Monthly,827.09,UPI,True
C11875,Basic,Monthly,463.82,Wallet,False
C11876,Standard,Monthly,624.93,Credit Card,False
C11877,Standard,Monthly,745.82,Wallet,True
C11878,Premium,Monthly,1451.86,Net Banking,False
C11879,Premium,Monthly,1252.2,Credit Card,False
C11880,Premium,Annual,1098.09,Credit Card,True
C11881,Standard,Monthly,637.08,Wallet,True
C11882,Basic,Monthly,331.65,Credit Card,True
C11883,Standard,Monthly,760.15,Debit Card,False
C11884,Standard,Monthly,691.07,Credit Card,True
C11885,Standard,Monthly,675.49,Credit Card,False
C11886,Basic,Monthly,336.47,Credit Card,True
C11887,Standard,Monthly,600.44,UPI,False
C11888,Premium,Monthly,1393.25,UPI,False
C11889,Basic,Monthly,319.09,Net Banking,True
C11890,Basic,Monthly,379.36,Debit Card,True
C11891,Standard,Annual,779.03,UPI,True
C11892,Premium,Monthly,1225.27,Wallet,False
C11893,Standard,Monthly,853.59,UPI,False
C11894,Standard,Monthly,751.36,Credit Card,False
C11895,Standard,Monthly,631.08,UPI,False
C11896,Standard,Monthly,757.33,Credit Card,True
C11897,Basic,Annual,498.3,UPI,True
C11898,Premium,Monthly,1380.24,UPI,False
C11899,Standard,Annual,654.22,Credit Card,True
C11900,Standard,Monthly,652.59,UPI,True
C11901,Basic,Monthly,471.24,UPI,True
C11902,Basic,Monthly,450.42,UPI,False
C11903,Basic,Monthly,381.94,Credit Card,False
C11904,Standard,Monthly,753.22,Debit Card,False
C11905,Standard,Monthly,881.75,UPI,True
C11906,Standard,Annual,697.35,Debit Card,True
C11907,Basic,Monthly,415.64,Credit Card,False
C11908,Basic,Monthly,439.91,Credit Card,False
C11909,Standard,Monthly,765.1,UPI,True
C11910,Basic,Monthly,406.08,Wallet,True
C11911,Standard,Monthly,892.03,Wallet,True
C11912,Basic,Monthly,469.77,Net Banking,False
C11913,Premium,Monthly,1070.24,Credit Card,True
C11914,Premium,Annual,1167.16,UPI,True
C11915,Basic,Monthly,340.94,UPI,False
C11916,Basic,Annual,352.61,UPI,True
C11917,Standard,Monthly,844.75,UPI,False
C11918,Basic,Monthly,320.87,Credit Card,True
C11919,Standard,Annual,778.86,Wallet,True
C11920,Standard,Monthly,649.53,UPI,True
C11921,Basic,Monthly,405.38,Wallet,False
C11922,Standard,Monthly,750.37,Wallet,False
C11923,Basic,Monthly,329.06,Credit Card,False
C11924,Standard,Monthly,612.96,Credit Card,False
C11925,Premium,Annual,1462.06,UPI,True
C11926,Premium,Monthly,1297.92,Credit Card,False
C11927,Basic,Monthly,487.25,Debit Card,True
C11928,Basic,Monthly,347.47,Debit Card,True
C11929,Basic,Monthly,445.68,Credit Card,True
C11930,Premium,Monthly,1145.92,Credit Card,False
C11931,Basic,Monthly,403.78,UPI,True
C11932,Basic,Monthly,348.67,Wallet,False
C11933,Basic,Monthly,422.63,UPI,False
C11934,Basic,Annual,390.6,Wallet,True
C11935,Premium,Annual,1409.45,UPI,True
C11936,Basic,Annual,453.57,Wallet,True
C11937,Basic,Monthly,450.33,Credit Card,False
C11938,Premium,Monthly,1328.27,Debit Card,True
C11939,Basic,Monthly,366.49,UPI,True
C11940,Standard,Monthly,776.31,UPI,False
C11941,Standard,Monthly,723.96,Credit Card,True
C11942,Standard,Monthly,701.66,Debit Card,False
C11943,Basic,Monthly,439.84,UPI,False
C11944,Standard,Monthly,718.92,Wallet,False
C11945,Basic,Annual,458.0,Net Banking,True
C11946,Basic,Monthly,398.33,UPI,True
C11947,Premium,Annual,1122.89,Wallet,False
C11948,Premium,Monthly,1282.42,Debit Card,False
C11949,Standard,Annual,760.47,Credit Card,True
C11950,Basic,Annual,445.09,UPI,True
C11951,Basic,Monthly,439.96,UPI,False
C11952,Standard,Monthly,788.47,Credit Card,False
C11953,Standard,Monthly,611.41,Credit Card,True
C11954,Standard,Monthly,839.19,UPI,True
C11955,Standard,Annual,780.85,Debit Card,True
C11956,Standard,Monthly,779.22,Debit Card,False
C11957,Basic,Annual,382.5,Wallet,True
C11958,Basic,Monthly,308.13,Debit Card,True
C11959,Premium,Monthly,1057.15,Debit Card,False
C11960,Basic,Monthly,299.46,Credit Card,True
C11961,Basic,Monthly,345.19,Wallet,False
C11962,Standard,Monthly,750.6,Net Banking,True
C11963,Standard,Monthly,871.5,Credit Card,True
C11964,Basic,Monthly,442.7,UPI,True
C11965,Basic,Monthly,449.64,UPI,True
C11966,Premium,Monthly,1009.94,UPI,False
C11967,Basic,Annual,391.23,Credit Card,True
C11968,Premium,Monthly,1354.51,UPI,True
C11969,Standard,Monthly,679.24,Net Banking,False
C11970,Premium,Monthly,1476.62,UPI,True
C11971,Standard,Annual,730.66,Net Banking,True
C11972,Basic,Monthly,371.01,UPI,True
C11973,Standard,Monthly,828.05,UPI,True
C11974,Standard,Annual,819.86,UPI,False
C11975,Standard,Monthly,680.43,UPI,False
C11976,Standard,Annual,797.94,UPI,True
C11977,Standard,Monthly,880.11,Wallet,True
C11978,Standard,Monthly,734.87,Credit Card,False
C11979,Standard,Annual,648.86,Credit Card,True
C11980,Premium,Annual,1393.19,Wallet,True
C11981,Basic,Monthly,377.33,Credit Card,True
C11982,Standard,Monthly,672.57,Wallet,False
C11983,Basic,Monthly,477.34,UPI,False
C11984,Basic,Annual,304.34,Wallet,False
C11985,Basic,Annual,424.03,UPI,False
C11986,Premium,Monthly,1485.74,Wallet,True
C11987,Standard,Monthly,895.18,Net Banking,False
C11988,Standard,Monthly,896.53,Debit Card,False
C11989,Premium,Monthly,1259.47,UPI,False
C11990,Basic,Monthly,346.13,UPI,True
C11991,Premium,Monthly,1338.17,UPI,False
C11992,Basic,Monthly,482.23,UPI,False
C11993,Standard,Monthly,784.05,UPI,False
C11994,Basic,Monthly,460.32,Credit Card,False
C11995,Premium,Monthly,1396.4,Net Banking,True
C11996,Basic,Annual,393.54,Net Banking,True
C11997,Basic,Annual,356.5,Wallet,True
C11998,Standard,Monthly,876.12,Debit Card,False
C11999,Basic,Monthly,412.82,Net Banking,False
C12000,Standard,Monthly,701.78,UPI,False
C12001,Standard,Annual,615.92,Credit Card,True
C12002,Basic,Annual,345.61,Credit Card,True
C12003,Basic,Annual,376.61,UPI,True
C12004,Standard,Annual,744.8,UPI,False
C12005,Basic,Monthly,456.28,UPI,False
C12006,Premium,Monthly,1381.05,Credit Card,True
C12007,Standard,Monthly,775.18,Wallet,False
C12008,Standard,Monthly,610.29,Credit Card,True
C12009,Standard,Annual,639.81,Credit Card,True
C12010,Premium,Monthly,1260.18,Debit Card,True
C12011,Basic,Annual,375.23,Debit Card,False
C12012,Standard,Monthly,834.87,UPI,True
C12013,Standard,Monthly,603.62,UPI,False
C12014,Premium,Monthly,1485.28,Debit Card,False
C12015,Basic,Monthly,408.42,UPI,True
C12016,Standard,Annual,688.49,Net Banking,True
C12017,Basic,Annual,349.64,Debit Card,False
C12018,Premium,Monthly,1398.66,Credit Card,False
C12019,Standard,Annual,855.03,Credit Card,False
C12020,Basic,Monthly,318.39,Debit Card,False
C12021,Premium,Monthly,1099.62,Net Banking,False
C12022,Standard,Annual,692.74,Debit Card,True
C12023,Basic,Monthly,494.35,UPI,True
C12024,Standard,Monthly,878.14,Wallet,False
C12025,Basic,Monthly,458.65,UPI,True
C12026,Basic,Annual,360.91,Credit Card,True
C12027,Standard,Monthly,691.63,Debit Card,False
C12028,Premium,Monthly,1425.31,Credit Card,True
C12029,Premium,Annual,1403.48,Credit Card,True
C12030,Basic,Monthly,383.22,Net Banking,False
C12031,Basic,Monthly,423.58,Credit Card,True
C12032,Premium,Monthly,1066.92,Net Banking,True
C12033,Premium,Monthly,1445.15,UPI,True
C12034,Basic,Annual,465.43,Credit Card,True
C12035,Premium,Monthly,1191.77,UPI,True
C12036,Standard,Monthly,715.21,UPI,False
C12037,Standard,Monthly,710.28,Credit Card,False
C12038,Standard,Monthly,751.6,Debit Card,False
C12039,Premium,Monthly,1119.34,Credit Card,True
C12040,Standard,Monthly,649.28,Credit Card,True
C12041,Standard,Monthly,657.21,Wallet,False
C12042,Basic,Monthly,458.88,Wallet,True
C12043,Standard,Monthly,761.01,Debit Card,False
C12044,Basic,Monthly,320.01,Wallet,False
C12045,Standard,Annual,622.54,Wallet,True
C12046,Standard,Annual,864.55,Credit Card,True
C12047,Basic,Monthly,497.55,Credit Card,True
C12048,Premium,Monthly,1368.43,UPI,True
C12049,Standard,Monthly,716.94,Net Banking,True
C12050,Basic,Monthly,344.09,Credit Card,False
C12051,Basic,Annual,323.88,Debit Card,True
C12052,Standard,Monthly,885.14,Wallet,True
C12053,Basic,Monthly,365.88,Debit Card,False
C12054,Basic,Annual,330.17,Debit Card,True
C12055,Basic,Monthly,324.85,Credit Card,True
C12056,Basic,Monthly,423.61,Debit Card,True
C12057,Standard,Annual,729.12,Debit Card,True
C12058,Premium,Annual,1407.33,Credit Card,True
C12059,Standard,Monthly,651.09,Credit Card,False
C12060,Basic,Monthly,426.39,Wallet,True
C12061,Basic,Monthly,447.1,Net Banking,False
C12062,Premium,Monthly,1001.78,UPI,True
C12063,Standard,Monthly,828.49,Wallet,False
C12064,Basic,Monthly,433.5,Credit Card,True
C12065,Standard,Annual,791.74,Credit Card,False
C12066,Basic,Monthly,440.11,Credit Card,True
C12067,Basic,Monthly,299.78,Debit Card,True
C12068,Standard,Monthly,724.17,Credit Card,True
C12069,Basic,Monthly,436.92,UPI,True
C12070,Basic,Annual,416.56,Wallet,False
C12071,Standard,Monthly,766.31,UPI,False
C12072,Basic,Annual,427.95,UPI,True
C12073,Basic,Monthly,378.38,Debit Card,False
C12074,Standard,Monthly,654.03,UPI,False
C12075,Basic,Monthly,437.41,Credit Card,False
C12076,Basic,Monthly,440.57,Debit Card,True
C12077,Standard,Monthly,694.43,Credit Card,False
C12078,Standard,Monthly,707.8,UPI,True
C12079,Premium,Monthly,1141.81,UPI,True
C12080,Premium,Monthly,1058.37,Wallet,True
C12081,Premium,Monthly,1257.44,Credit Card,False
C12082,Premium,Monthly,1480.87,Net Banking,False
C12083,Premium,Monthly,1216.44,Credit Card,True
C12084,Basic,Monthly,413.15,Credit Card,False
C12085,Premium,Annual,1473.94,Credit Card,False
C12086,Standard,Annual,631.05,Debit Card,True
C12087,Basic,Annual,438.57,Debit Card,True
C12088,Premium,Monthly,1456.1,UPI,True
C12089,Standard,Monthly,666.05,Credit Card,False
C12090,Basic,Monthly,482.91,UPI,False
C12091,Standard,Monthly,634.1,UPI,True
C12092,Standard,Monthly,658.38,Wallet,False
C12093,Standard,Monthly,893.72,UPI,True
C12094,Basic,Monthly,326.17,Debit Card,False
C12095,Basic,Monthly,377.7,Credit Card,False
C12096,Premium,Annual,1242.99,Debit Card,True
C12097,Standard,Annual,729.48,Debit Card,True
C12098,Basic,Annual,455.42,UPI,True
C12099,Basic,Monthly,361.13,Net Banking,True
C12100,Basic,Annual,343.75,UPI,True
C12101,Standard,Monthly,748.33,UPI,True
C12102,Basic,Annual,386.01,Credit Card,True
C12103,Basic,Monthly,448.34,Credit Card,True
C12104,Basic,Annual,350.44,UPI,True
C12105,Basic,Monthly,488.47,UPI,False
C12106,Premium,Annual,1233.99,Credit Card,True
C12107,Premium,Monthly,1164.21,Credit Card,False
C12108,Basic,Annual,457.94,UPI,True
C12109,Basic,Monthly,462.44,Credit Card,True
C12110,Premium,Monthly,1331.53,Net Banking,False
C12111,Standard,Monthly,885.23,UPI,False
C12112,Basic,Annual,460.51,Credit Card,False
C12113,Standard,Annual,895.56,Debit Card,True
C12114,Standard,Monthly,729.99,Net Banking,True
C12115,Basic,Monthly,453.6,Debit Card,False
C12116,Premium,Monthly,1242.62,UPI,False
C12117,Standard,Monthly,768.14,Credit Card,False
C12118,Standard,Monthly,621.94,Net Banking,False
C12119,Premium,Monthly,1215.76,Credit Card,False
C12120,Premium,Monthly,1467.27,Wallet,True
C12121,Basic,Monthly,313.48,UPI,False
C12122,Premium,Monthly,1300.9,Debit Card,False
C12123,Premium,Monthly,1134.37,Credit Card,True
C12124,Standard,Annual,829.14,UPI,True
C12125,Standard,Monthly,812.22,Credit Card,True
C12126,Basic,Annual,470.35,Credit Card,True
C12127,Basic,Annual,464.72,Debit Card,False
C12128,Basic,Monthly,441.55,Debit Card,False
C12129,Premium,Monthly,1496.24,Credit Card,False
C12130,Basic,Monthly,478.44,Debit Card,True
C12131,Basic,Monthly,388.01,UPI,True
C12132,Basic,Monthly,330.43,UPI,False
C12133,Premium,Annual,1410.87,Net Banking,True
C12134,Basic,Monthly,302.97,Credit Card,True
C12135,Basic,Annual,415.34,UPI,True
C12136,Basic,Monthly,393.55,Debit Card,False
C12137,Basic,Monthly,463.67,Credit Card,True
C12138,Basic,Monthly,315.91,Debit Card,False
C12139,Standard,Monthly,698.35,Debit Card,True
C12140,Premium,Annual,1375.85,UPI,True
C12141,Standard,Monthly,671.85,UPI,False
C12142,Basic,Monthly,299.16,Credit Card,True
C12143,Standard,Annual,626.32,Credit Card,True
C12144,Standard,Monthly,605.96,Credit Card,True
C12145,Standard,Monthly,837.09,UPI,False
C12146,Standard,Annual,821.76,Credit Card,True
C12147,Standard,Monthly,763.87,Debit Card,True
C12148,Basic,Monthly,407.36,UPI,False
C12149,Standard,Monthly,666.88,Credit Card,False
C12150,Basic,Monthly,421.77,UPI,True
C12151,Standard,Annual,690.15,Credit Card,False
C12152,Standard,Annual,625.98,Credit Card,True
C12153,Basic,Monthly,344.95,Debit Card,False
C12154,Standard,Monthly,603.77,Credit Card,True
C12155,Standard,Monthly,681.24,Credit Card,True
C12156,Basic,Monthly,429.87,Credit Card,True
C12157,Premium,Monthly,1054.71,Credit Card,False
C12158,Premium,Annual,1197.48,Credit Card,False
C12159,Premium,Monthly,1193.06,Net Banking,True
C12160,Basic,Annual,357.25,UPI,True
C12161,Premium,Annual,1186.86,Net Banking,True
C12162,Basic,Annual,301.47,Credit Card,True
C12163,Basic,Annual,347.21,Debit Card,True
C12164,Standard,Annual,837.18,Debit Card,False
C12165,Basic,Monthly,339.48,Credit Card,False
C12166,Basic,Annual,469.02,Wallet,True
C12167,Standard,Monthly,604.51,Debit Card,True
C12168,Basic,Annual,468.02,UPI,True
C12169,Standard,Monthly,713.47,UPI,True
C12170,Premium,Monthly,1287.87,Wallet,False
C12171,Basic,Monthly,482.35,UPI,True
C12172,Basic,Monthly,416.56,Credit Card,True
C12173,Basic,Monthly,350.49,Credit Card,True
C12174,Premium,Monthly,1116.36,UPI,True
C12175,Premium,Monthly,1435.42,Wallet,False
C12176,Standard,Monthly,870.8,Credit Card,False
C12177,Basic,Annual,343.18,UPI,False
C12178,Standard,Annual,659.57,UPI,True
C12179,Standard,Monthly,607.18,Credit Card,True
C12180,Basic,Monthly,447.24,UPI,False
C12181,Basic,Monthly,384.12,UPI,False
C12182,Basic,Annual,410.48,Debit Card,True
C12183,Basic,Monthly,375.62,Wallet,False
C12184,Standard,Annual,772.99,UPI,True
C12185,Standard,Monthly,828.68,Net Banking,False
C12186,Standard,Monthly,613.04,UPI,False
C12187,Basic,Monthly,354.69,Credit Card,True
C12188,Standard,Monthly,690.58,Debit Card,False
C12189,Basic,Monthly,416.35,Debit Card,False
C12190,Basic,Monthly,339.06,UPI,False
C12191,Standard,Monthly,710.4,UPI,True
C12192,Premium,Monthly,1085.78,Net Banking,True
C12193,Premium,Monthly,1069.88,UPI,False
C12194,Basic,Monthly,473.93,Debit Card,False
C12195,Standard,Annual,852.22,UPI,True
C12196,Standard,Monthly,608.94,Credit Card,True
C12197,Standard,Monthly,798.37,Credit Card,True
C12198,Premium,Monthly,1146.36,Net Banking,False
C12199,Standard,Monthly,822.61,Credit Card,False
C12200,Standard,Monthly,818.49,UPI,False
C12201,Standard,Annual,858.24,Credit Card,True
C12202,Standard,Monthly,883.11,Debit Card,True
C12203,Premium,Annual,1475.52,UPI,True
C12204,Standard,Monthly,605.44,UPI,True
C12205,Basic,Monthly,381.11,UPI,False
C12206,Standard,Monthly,817.55,UPI,False
C12207,Basic,Monthly,472.94,Credit Card,False
C12208,Basic,Monthly,437.16,Credit Card,False
C12209,Basic,Annual,408.19,Credit Card,False
C12210,Premium,Monthly,1447.38,Credit Card,True
C12211,Standard,Monthly,731.47,Credit Card,False
C12212,Standard,Monthly,806.87,Credit Card,True
C12213,Basic,Monthly,337.29,Credit Card,False
C12214,Basic,Monthly,412.86,Net Banking,True
C12215,Standard,Annual,599.82,Net Banking,True
C12216,Basic,Annual,492.06,UPI,True
C12217,Standard,Annual,779.55,Credit Card,False
C12218,Standard,Monthly,783.17,Wallet,True
C12219,Standard,Monthly,828.01,Credit Card,True
C12220,Standard,Monthly,618.08,Debit Card,True
C12221,Standard,Monthly,778.62,Credit Card,False
C12222,Standard,Monthly,796.74,Wallet,True
C12223,Basic,Monthly,474.74,Debit Card,True
C12224,Premium,Monthly,1392.14,Credit Card,True
C12225,Standard,Annual,635.75,Credit Card,True
C12226,Basic,Monthly,464.87,Debit Card,False
C12227,Basic,Monthly,469.26,Net Banking,True
C12228,Basic,Monthly,399.24,Wallet,True
C12229,Basic,Annual,409.44,Debit Card,True
C12230,Standard,Monthly,826.05,Credit Card,False
C12231,Basic,Monthly,403.42,Debit Card,False
C12232,Premium,Monthly,1015.95,UPI,True
C12233,Standard,Monthly,691.23,Debit Card,False
C12234,Basic,Monthly,323.78,UPI,False
C12235,Premium,Monthly,1004.37,Net Banking,False
C12236,Basic,Monthly,381.3,Wallet,True
C12237,Premium,Monthly,1438.89,UPI,False
C12238,Basic,Annual,448.48,Credit Card,True
C12239,Standard,Monthly,838.27,Credit Card,False
C12240,Standard,Annual,768.32,Debit Card,True
C12241,Basic,Annual,344.2,Wallet,True
C12242,Standard,Monthly,607.2,UPI,True
C12243,Basic,Annual,465.79,Credit Card,True
C12244,Premium,Monthly,1489.99,UPI,True
C12245,Basic,Monthly,381.15,Credit Card,False
C12246,Standard,Monthly,893.71,Debit Card,False
C12247,Premium,Monthly,1423.11,Net Banking,False
C12248,Premium,Monthly,1496.0,Credit Card,True
C12249,Basic,Annual,307.21,Net Banking,True
C12250,Standard,Monthly,662.96,Debit Card,True
C12251,Basic,Monthly,363.3,UPI,True
C12252,Basic,Annual,496.99,Debit Card,True
C12253,Standard,Monthly,599.3,Credit Card,True
C12254,Standard,Monthly,814.76,UPI,False
C12255,Basic,Monthly,427.15,Wallet,False
C12256,Basic,Annual,299.12,UPI,True
C12257,Basic,Monthly,397.43,Credit Card,False
C12258,Standard,Annual,622.61,Debit Card,True
C12259,Basic,Monthly,425.35,Net Banking,False
C12260,Basic,Monthly,443.3,Debit Card,True
C12261,Premium,Monthly,1358.77,Credit Card,True
C12262,Standard,Annual,823.8,Credit Card,True
C12263,Standard,Annual,892.76,Credit Card,True
C12264,Premium,Annual,1472.11,Credit Card,True
C12265,Standard,Annual,662.1,Debit Card,True
C12266,Basic,Annual,428.92,UPI,False
C12267,Basic,Monthly,421.35,Credit Card,False
C12268,Standard,Monthly,721.69,UPI,True
C12269,Standard,Annual,727.18,Wallet,True
C12270,Basic,Monthly,321.97,Credit Card,False
C12271,Standard,Annual,788.2,Wallet,True
C12272,Basic,Annual,349.91,Debit Card,True
C12273,Standard,Monthly,755.81,Credit Card,False
C12274,Basic,Monthly,346.86,Credit Card,True
C12275,Standard,Monthly,885.49,Credit Card,False
C12276,Standard,Monthly,637.53,UPI,False
C12277,Basic,Monthly,347.76,UPI,False
C12278,Basic,Monthly,495.61,Debit Card,True
C12279,Basic,Monthly,404.91,Credit Card,False
C12280,Premium,Monthly,1217.93,Debit Card,True
C12281,Basic,Monthly,350.78,UPI,False
C12282,Premium,Monthly,1490.47,Credit Card,True
C12283,Premium,Monthly,1476.4,UPI,False
C12284,Basic,Monthly,347.71,UPI,False
C12285,Basic,Monthly,377.6,Wallet,True
C12286,Standard,Monthly,851.07,Net Banking,False
C12287,Premium,Monthly,1061.3,Wallet,True
C12288,Standard,Annual,879.74,UPI,True
C12289,Standard,Annual,866.98,Debit Card,False
C12290,Premium,Monthly,1097.77,Credit Card,False
C12291,Premium,Annual,1370.23,Wallet,True
C12292,Standard,Monthly,787.6,UPI,False
C12293,Basic,Annual,348.34,UPI,True
C12294,Basic,Annual,408.14,UPI,False
C12295,Standard,Monthly,638.64,Debit Card,True
C12296,Standard,Monthly,822.94,Credit Card,False
C12297,Standard,Monthly,688.05,UPI,True
C12298,Basic,Monthly,442.53,Credit Card,False
C12299,Basic,Monthly,467.24,UPI,False
C12300,Premium,Monthly,1363.68,Credit Card,True
C12301,Basic,Monthly,318.79,Debit Card,False
C12302,Standard,Annual,882.94,Debit Card,True
C12303,Basic,Monthly,456.12,Credit Card,True
C12304,Basic,Monthly,382.09,UPI,False
C12305,Basic,Monthly,336.93,Debit Card,False
C12306,Standard,Monthly,797.97,Credit Card,False
C12307,Basic,Annual,431.0,Net Banking,False
C12308,Premium,Monthly,1297.0,Debit Card,True
C12309,Standard,Monthly,776.96,Credit Card,False
C12310,Basic,Annual,461.8,UPI,True
C12311,Standard,Monthly,834.94,UPI,False
C12312,Standard,Monthly,636.23,Debit Card,True
C12313,Standard,Monthly,622.19,Credit Card,True
C12314,Basic,Monthly,393.21,Debit Card,False
C12315,Premium,Annual,1248.31,Credit Card,True
C12316,Basic,Monthly,374.9,UPI,False
C12317,Premium,Monthly,1192.19,Credit Card,True
C12318,Basic,Annual,369.91,UPI,True
C12319,Basic,Monthly,404.15,Credit Card,False
C12320,Premium,Monthly,1496.94,Credit Card,True
C12321,Basic,Monthly,405.52,Wallet,False
C12322,Standard,Monthly,708.84,Debit Card,True
C12323,Basic,Monthly,372.06,Credit Card,False
C12324,Premium,Monthly,1231.41,UPI,True
C12325,Standard,Monthly,803.61,UPI,False
C12326,Premium,Monthly,1446.68,Credit Card,True
C12327,Standard,Monthly,629.27,Debit Card,True
C12328,Premium,Monthly,1402.56,Credit Card,False
C12329,Standard,Annual,768.3,Net Banking,True
C12330,Standard,Monthly,716.19,Debit Card,True
C12331,Premium,Monthly,1381.16,UPI,True
C12332,Standard,Monthly,864.3,Net Banking,False
C12333,Standard,Annual,859.22,UPI,True
C12334,Standard,Monthly,859.89,Credit Card,True
C12335,Standard,Monthly,887.58,UPI,False
C12336,Basic,Monthly,413.41,Debit Card,True
C12337,Basic,Monthly,434.75,Credit Card,False
C12338,Premium,Annual,1292.59,Credit Card,False
C12339,Premium,Monthly,1129.18,UPI,False
C12340,Basic,Annual,370.81,Credit Card,True
C12341,Premium,Annual,1429.39,Debit Card,True
C12342,Premium,Monthly,1291.98,Credit Card,True
C12343,Premium,Annual,1397.04,Wallet,True
C12344,Premium,Annual,1139.98,Credit Card,True
C12345,Premium,Monthly,1400.55,Credit Card,True
C12346,Premium,Monthly,1114.52,UPI,True
C12347,Standard,Monthly,636.64,Debit Card,False
C12348,Premium,Monthly,1388.13,UPI,False
C12349,Standard,Annual,648.16,Wallet,False
C12350,Standard,Annual,893.84,Debit Card,False
C12351,Basic,Monthly,452.86,Debit Card,True
C12352,Basic,Annual,395.76,UPI,True
C12353,Basic,Monthly,458.29,Credit Card,False
C12354,Standard,Annual,844.48,UPI,True
C12355,Premium,Monthly,1195.63,Debit Card,False
C12356,Standard,Monthly,773.84,UPI,True
C12357,Standard,Monthly,804.41,Net Banking,False
C12358,Standard,Monthly,600.41,Net Banking,False
C12359,Basic,Annual,330.26,Credit Card,True
C12360,Standard,Monthly,659.79,UPI,False
C12361,Premium,Monthly,1178.9,Credit Card,False
C12362,Basic,Monthly,448.81,UPI,False
C12363,Basic,Monthly,302.1,Net Banking,False
C12364,Basic,Monthly,482.26,UPI,False
C12365,Standard,Monthly,877.3,Credit Card,True
C12366,Premium,Annual,1218.05,Debit Card,True
C12367,Premium,Annual,1311.39,UPI,True
C12368,Basic,Monthly,355.19,Debit Card,False
C12369,Premium,Monthly,1125.47,Debit Card,False
C12370,Premium,Annual,1045.1,UPI,True
C12371,Basic,Monthly,373.68,Credit Card,True
C12372,Premium,Monthly,1141.75,Wallet,True
C12373,Basic,Annual,480.9,Wallet,True
C12374,Basic,Annual,316.59,UPI,True
C12375,Basic,Monthly,320.32,Credit Card,False
C12376,Standard,Monthly,750.25,UPI,False
C12377,Basic,Annual,421.55,Credit Card,True
C12378,Premium,Annual,1380.63,Credit Card,True
C12379,Basic,Annual,333.26,UPI,True
C12380,Basic,Monthly,403.53,Debit Card,True
C12381,Premium,Monthly,1408.89,UPI,True
C12382,Basic,Annual,473.36,UPI,True
C12383,Basic,Monthly,459.5,Net Banking,True
C12384,Premium,Monthly,1042.94,Wallet,True
C12385,Standard,Annual,799.11,UPI,True
C12386,Standard,Annual,668.36,UPI,False
C12387,Premium,Monthly,1260.49,Debit Card,True
C12388,Standard,Annual,690.36,Credit Card,False
C12389,Standard,Annual,599.81,Credit Card,True
C12390,Standard,Monthly,735.01,UPI,True
C12391,Basic,Monthly,443.12,Credit Card,True
C12392,Standard,Monthly,798.19,Debit Card,False
C12393,Basic,Monthly,343.36,Debit Card,True
C12394,Basic,Monthly,313.61,Wallet,True
C12395,Premium,Annual,1124.93,Credit Card,True
C12396,Basic,Monthly,360.7,Net Banking,False
C12397,Standard,Monthly,819.33,UPI,False
C12398,Basic,Monthly,324.03,Wallet,False
C12399,Standard,Monthly,680.88,Wallet,False
C12400,Standard,Annual,682.99,Net Banking,True
C12401,Basic,Monthly,371.91,Credit Card,False
C12402,Premium,Annual,1330.31,Net Banking,True
C12403,Standard,Annual,852.36,Credit Card,True
C12404,Basic,Annual,461.25,Credit Card,True
C12405,Basic,Monthly,410.11,Wallet,False
C12406,Basic,Annual,377.61,Debit Card,True
C12407,Premium,Annual,1368.53,Debit Card,True
C12408,Premium,Monthly,1426.07,Credit Card,True
C12409,Standard,Annual,859.83,Credit Card,False
C12410,Standard,Annual,896.16,Debit Card,True
C12411,Premium,Monthly,1238.65,Net Banking,True
C12412,Standard,Monthly,627.4,UPI,False
C12413,Standard,Monthly,779.34,Credit Card,False
C12414,Basic,Monthly,318.64,Credit Card,True
C12415,Basic,Annual,495.69,Debit Card,True
C12416,Standard,Annual,691.81,Debit Card,True
C12417,Basic,Monthly,309.84,Wallet,False
C12418,Basic,Monthly,427.96,Wallet,False
C12419,Standard,Monthly,838.6,Credit Card,True
C12420,Standard,Monthly,842.3,Wallet,False
C12421,Premium,Monthly,1136.93,Net Banking,False
C12422,Standard,Monthly,682.41,UPI,False
C12423,Basic,Annual,442.27,Credit Card,True
C12424,Premium,Annual,1310.29,Wallet,True
C12425,Basic,Annual,495.78,Debit Card,True
C12426,Premium,Monthly,1350.62,Credit Card,False
C12427,Standard,Annual,836.92,Credit Card,True
C12428,Basic,Monthly,328.39,Credit Card,False
C12429,Basic,Monthly,442.98,UPI,False
C12430,Basic,Monthly,346.51,Credit Card,True
C12431,Basic,Monthly,427.15,Debit Card,False
C12432,Basic,Annual,305.85,UPI,True
C12433,Premium,Annual,999.44,Credit Card,True
C12434,Standard,Monthly,770.4,Credit Card,True
C12435,Standard,Monthly,851.08,Credit Card,True
C12436,Standard,Annual,658.38,Credit Card,False
C12437,Standard,Monthly,859.6,Debit Card,True
C12438,Basic,Annual,399.96,Wallet,True
C12439,Basic,Monthly,488.93,Credit Card,True
C12440,Basic,Monthly,455.01,Credit Card,False
C12441,Basic,Monthly,340.56,UPI,False
C12442,Premium,Monthly,1458.88,UPI,False
C12443,Premium,Monthly,1042.83,Wallet,True
C12444,Standard,Monthly,803.96,Credit Card,False
C12445,Standard,Monthly,861.51,Credit Card,False
C12446,Basic,Monthly,470.66,UPI,True
C12447,Basic,Monthly,334.7,Wallet,False
C12448,Standard,Monthly,602.26,UPI,False
C12449,Standard,Annual,629.07,Net Banking,True
C12450,Premium,Monthly,1239.1,Debit Card,False
C12451,Standard,Monthly,705.21,UPI,True
C12452,Standard,Annual,820.31,Credit Card,False
C12453,Basic,Monthly,463.53,UPI,False
C12454,Basic,Monthly,401.59,Debit Card,False
C12455,Basic,Annual,462.87,Credit Card,True
C12456,Basic,Annual,369.66,Credit Card,False
C12457,Standard,Monthly,773.69,Net Banking,True
C12458,Basic,Monthly,431.84,Debit Card,False
C12459,Basic,Monthly,302.78,UPI,True
C12460,Basic,Monthly,309.32,UPI,False
C12461,Basic,Monthly,461.22,Debit Card,True
C12462,Basic,Monthly,412.01,Credit Card,False
C12463,Basic,Monthly,323.27,Credit Card,True
C12464,Standard,Annual,898.33,Debit Card,False
C12465,Basic,Annual,412.18,Debit Card,False
C12466,Premium,Monthly,1069.88,Debit Card,True
C12467,Premium,Annual,1382.7,Credit Card,False
C12468,Standard,Annual,836.25,UPI,True
C12469,Basic,Monthly,498.01,UPI,False
C12470,Basic,Monthly,482.31,Credit Card,True
C12471,Standard,Monthly,771.18,Credit Card,False
C12472,Premium,Monthly,1272.59,Wallet,True
C12473,Standard,Monthly,652.54,Credit Card,False
C12474,Basic,Annual,408.21,Credit Card,False
C12475,Premium,Monthly,1085.34,UPI,False
C12476,Basic,Monthly,476.71,Credit Card,True
C12477,Basic,Monthly,345.53,Debit Card,False
C12478,Standard,Monthly,754.62,Credit Card,True
C12479,Standard,Annual,698.53,UPI,True
C12480,Premium,Monthly,1464.72,Debit Card,False
C12481,Basic,Annual,478.87,Credit Card,True
C12482,Basic,Monthly,454.04,Credit Card,True
C12483,Premium,Monthly,1207.34,UPI,False
C12484,Standard,Annual,705.57,Debit Card,True
C12485,Premium,Monthly,1238.57,UPI,False
C12486,Standard,Monthly,770.16,Debit Card,True
C12487,Basic,Monthly,452.92,Net Banking,False
C12488,Basic,Monthly,327.18,Credit Card,False
C12489,Basic,Monthly,329.4,UPI,False
C12490,Premium,Monthly,1042.42,UPI,True
C12491,Premium,Annual,1334.34,Debit Card,False
C12492,Standard,Monthly,720.31,Credit Card,True
C12493,Standard,Monthly,682.29,Net Banking,False
C12494,Premium,Monthly,1339.55,Credit Card,False
C12495,Standard,Annual,635.5,UPI,True
C12496,Standard,Monthly,851.78,Credit Card,True
C12497,Basic,Annual,427.49,UPI,True
C12498,Standard,Monthly,637.02,Wallet,True
C12499,Premium,Annual,1454.47,UPI,True
C12500,Standard,Monthly,731.8,Wallet,False
C12501,Premium,Monthly,1355.49,Wallet,False
C12502,Premium,Annual,1370.69,UPI,True
C12503,Standard,Monthly,758.02,Credit Card,False
C12504,Standard,Monthly,840.38,Debit Card,True
C12505,Premium,Annual,1130.91,Credit Card,True
C12506,Basic,Annual,465.94,UPI,False
C12507,Premium,Monthly,1242.76,Credit Card,False
C12508,Basic,Monthly,333.16,Credit Card,False
C12509,Basic,Monthly,492.3,UPI,False
C12510,Premium,Monthly,1432.1,Credit Card,True
C12511,Standard,Annual,822.64,Debit Card,True
C12512,Basic,Monthly,469.64,Credit Card,True
C12513,Standard,Monthly,866.81,UPI,True
C12514,Basic,Monthly,346.0,UPI,False
C12515,Standard,Monthly,725.49,Wallet,True
C12516,Basic,Annual,369.11,UPI,True
C12517,Standard,Monthly,721.23,Credit Card,False
C12518,Standard,Monthly,741.17,Net Banking,True
C12519,Standard,Monthly,638.05,Debit Card,True
C12520,Basic,Monthly,351.46,Debit Card,False
C12521,Standard,Monthly,667.1,Debit Card,False
C12522,Standard,Annual,809.65,Debit Card,True
C12523,Basic,Monthly,316.73,UPI,False
C12524,Basic,Monthly,420.56,Debit Card,True
C12525,Premium,Annual,1377.83,Credit Card,True
C12526,Standard,Monthly,789.04,Wallet,True
C12527,Standard,Annual,805.23,Credit Card,True
C12528,Premium,Annual,1179.43,Net Banking,True
C12529,Premium,Monthly,1312.74,UPI,True
C12530,Standard,Monthly,826.27,Net Banking,True
C12531,Basic,Annual,344.64,Credit Card,True
C12532,Basic,Monthly,341.8,Credit Card,True
C12533,Standard,Monthly,678.95,UPI,True
C12534,Premium,Monthly,1152.14,Credit Card,True
C12535,Basic,Monthly,443.6,Debit Card,True
C12536,Basic,Monthly,315.94,Wallet,False
C12537,Basic,Monthly,480.07,Credit Card,True
C12538,Basic,Annual,426.82,Debit Card,False
C12539,Basic,Annual,459.38,UPI,True
C12540,Basic,Annual,321.94,Credit Card,True
C12541,Premium,Annual,1217.79,UPI,True
C12542,Basic,Annual,332.51,UPI,True
C12543,Premium,Annual,1236.4,Net Banking,True
C12544,Basic,Monthly,379.18,Net Banking,True
C12545,Standard,Monthly,876.76,Credit Card,True
C12546,Standard,Monthly,817.52,Debit Card,True
C12547,Standard,Monthly,629.12,Credit Card,False
C12548,Standard,Annual,773.6,Credit Card,True
C12549,Basic,Monthly,351.74,Wallet,True
C12550,Standard,Monthly,881.2,Wallet,False
C12551,Premium,Monthly,1099.18,Net Banking,False
C12552,Basic,Monthly,449.08,Debit Card,False
C12553,Basic,Monthly,461.14,Debit Card,False
C12554,Standard,Monthly,845.83,Debit Card,False
C12555,Basic,Monthly,371.3,Credit Card,False
C12556,Standard,Monthly,752.03,Debit Card,True
C12557,Standard,Monthly,827.51,Debit Card,False
C12558,Basic,Monthly,334.21,Debit Card,True
C12559,Standard,Monthly,873.35,Debit Card,True
C12560,Premium,Monthly,1310.08,Net Banking,False
C12561,Premium,Monthly,1058.07,Net Banking,False
C12562,Standard,Monthly,605.04,Credit Card,True
C12563,Basic,Annual,475.92,Credit Card,True
C12564,Premium,Annual,1057.76,UPI,True
C12565,Standard,Monthly,685.34,Debit Card,True
C12566,Standard,Annual,886.22,Credit Card,False
C12567,Basic,Monthly,436.8,UPI,False
C12568,Basic,Monthly,329.96,Credit Card,False
C12569,Premium,Monthly,1465.66,UPI,False
C12570,Standard,Annual,678.57,Wallet,True
C12571,Basic,Monthly,336.66,Net Banking,True
C12572,Basic,Monthly,462.52,Net Banking,False
C12573,Basic,Monthly,388.47,UPI,False
C12574,Premium,Annual,1064.06,Debit Card,True
C12575,Premium,Monthly,1322.01,Wallet,True
C12576,Basic,Monthly,438.94,Credit Card,False
C12577,Basic,Monthly,475.47,Debit Card,True
C12578,Basic,Annual,299.36,Credit Card,True
C12579,Standard,Monthly,892.81,Credit Card,False
C12580,Standard,Monthly,757.24,Credit Card,False
C12581,Basic,Monthly,408.09,UPI,False
C12582,Basic,Annual,481.23,Credit Card,False
C12583,Standard,Monthly,697.87,Credit Card,False
C12584,Standard,Annual,605.48,Wallet,True
C12585,Standard,Monthly,637.92,Credit Card,True
C12586,Standard,Monthly,876.38,UPI,False
C12587,Standard,Annual,859.8,Credit Card,True
C12588,Premium,Monthly,1203.79,Debit Card,False
C12589,Basic,Monthly,457.54,Credit Card,False
C12590,Standard,Monthly,732.94,Debit Card,False
C12591,Basic,Monthly,383.5,UPI,True
C12592,Standard,Monthly,736.47,Wallet,True
C12593,Premium,Monthly,1290.23,Credit Card,True
C12594,Standard,Monthly,793.78,Credit Card,True
C12595,Basic,Monthly,439.53,UPI,False
C12596,Basic,Annual,491.31,Debit Card,True
C12597,Standard,Annual,805.47,UPI,True
C12598,Premium,Monthly,1309.25,Debit Card,False
C12599,Premium,Annual,1394.29,UPI,False
C12600,Basic,Monthly,498.02,Net Banking,True
C12601,Basic,Monthly,382.04,UPI,False
C12602,Basic,Monthly,420.06,Credit Card,False
C12603,Standard,Monthly,856.97,UPI,True
C12604,Basic,Monthly,479.23,Credit Card,True
C12605,Basic,Monthly,356.55,Net Banking,False
C12606,Premium,Monthly,1299.55,Wallet,False
C12607,Basic,Monthly,381.09,UPI,True
C12608,Standard,Annual,891.24,UPI,True
C12609,Basic,Monthly,408.46,Credit Card,False
C12610,Standard,Annual,797.72,Net Banking,True
C12611,Premium,Annual,1050.21,Credit Card,True
C12612,Basic,Monthly,311.88,Credit Card,True
C12613,Basic,Annual,354.05,Credit Card,False
C12614,Premium,Annual,1082.52,Debit Card,True
C12615,Basic,Monthly,368.75,Debit Card,True
C12616,Standard,Annual,604.2,UPI,True
C12617,Basic,Monthly,405.51,Credit Card,True
C12618,Basic,Monthly,492.68,Debit Card,True
C12619,Standard,Monthly,848.39,Credit Card,False
C12620,Basic,Annual,498.84,Credit Card,True
C12621,Standard,Annual,888.03,Credit Card,True
C12622,Standard,Monthly,662.99,Credit Card,True
C12623,Basic,Monthly,383.25,UPI,False
C12624,Premium,Monthly,1136.83,Credit Card,True
C12625,Basic,Monthly,393.34,Credit Card,True
C12626,Standard,Monthly,849.82,Wallet,False
C12627,Standard,Monthly,769.89,UPI,False
C12628,Standard,Monthly,816.9,UPI,False
C12629,Basic,Monthly,378.75,Credit Card,False
C12630,Standard,Monthly,733.52,Debit Card,False
C12631,Premium,Annual,1081.55,UPI,True
C12632,Standard,Annual,876.88,Credit Card,False
C12633,Premium,Monthly,1472.1,UPI,False
C12634,Standard,Monthly,828.81,Wallet,False
C12635,Standard,Monthly,885.01,UPI,True
C12636,Basic,Annual,419.17,UPI,True
C12637,Basic,Annual,396.17,Debit Card,True
C12638,Standard,Annual,754.49,Credit Card,False
C12639,Standard,Monthly,704.47,Debit Card,True
C12640,Standard,Monthly,824.99,Debit Card,True
C12641,Standard,Annual,799.45,UPI,True
C12642,Basic,Annual,406.36,UPI,False
C12643,Premium,Monthly,1218.8,Debit Card,False
C12644,Standard,Annual,649.93,Debit Card,True
C12645,Basic,Annual,358.79,UPI,True
C12646,Premium,Monthly,1162.7,UPI,True
C12647,Standard,Monthly,650.03,Credit Card,True
C12648,Basic,Monthly,396.2,Debit Card,True
C12649,Basic,Annual,385.12,Wallet,True
C12650,Basic,Annual,485.09,Debit Card,False
C12651,Basic,Monthly,462.73,UPI,False
C12652,Premium,Annual,1365.3,UPI,True
C12653,Standard,Annual,793.37,UPI,True
C12654,Basic,Monthly,305.47,UPI,False
C12655,Standard,Monthly,879.61,Wallet,False
C12656,Standard,Annual,833.1,UPI,True
C12657,Premium,Monthly,1400.25,UPI,True
C12658,Basic,Monthly,386.14,Debit Card,True
C12659,Basic,Monthly,379.61,Wallet,False
C12660,Basic,Annual,466.47,UPI,True
C12661,Basic,Monthly,458.96,UPI,False
C12662,Premium,Annual,1182.1,UPI,True
C12663,Standard,Monthly,637.34,Net Banking,True
C12664,Premium,Monthly,1405.27,Credit Card,True
C12665,Premium,Monthly,1155.93,UPI,False
C12666,Basic,Monthly,417.33,Credit Card,False
C12667,Basic,Monthly,498.16,Credit Card,True
C12668,Basic,Monthly,442.96,UPI,True
C12669,Basic,Annual,308.02,Debit Card,True
C12670,Basic,Monthly,472.0,Credit Card,False
C12671,Basic,Monthly,381.7,UPI,True
C12672,Standard,Monthly,671.09,Debit Card,False
C12673,Basic,Annual,307.22,UPI,True
C12674,Standard,Monthly,782.34,Debit Card,True
C12675,Standard,Monthly,677.8,Debit Card,False
C12676,Standard,Monthly,869.99,Credit Card,False
C12677,Basic,Monthly,437.01,UPI,True
C12678,Standard,Monthly,728.72,Wallet,False
C12679,Standard,Monthly,765.93,Debit Card,True
C12680,Standard,Monthly,785.9,Credit Card,True
C12681,Basic,Monthly,335.47,Credit Card,False
C12682,Basic,Monthly,441.15,UPI,False
C12683,Premium,Annual,1228.87,Credit Card,True
C12684,Standard,Monthly,846.56,Debit Card,False
C12685,Standard,Monthly,744.61,Credit Card,True
C12686,Standard,Monthly,776.97,UPI,True
C12687,Basic,Annual,438.15,Credit Card,True
C12688,Standard,Annual,823.8,Credit Card,True
C12689,Standard,Annual,766.77,UPI,True
C12690,Standard,Monthly,700.35,Net Banking,False
C12691,Standard,Monthly,891.47,UPI,False
C12692,Premium,Monthly,1136.96,Credit Card,False
C12693,Standard,Annual,676.84,UPI,True
C12694,Premium,Monthly,1428.98,UPI,False
C12695,Premium,Monthly,1043.57,Credit Card,True
C12696,Premium,Monthly,1099.31,Wallet,True
C12697,Basic,Annual,409.99,Credit Card,True
C12698,Standard,Monthly,653.52,Credit Card,False
C12699,Standard,Monthly,694.49,UPI,False
C12700,Basic,Monthly,470.98,Credit Card,True
C12701,Premium,Annual,1030.45,Debit Card,False
C12702,Standard,Annual,841.51,Credit Card,True
C12703,Premium,Monthly,1026.7,UPI,False
C12704,Basic,Monthly,429.63,UPI,False
C12705,Basic,Monthly,475.94,UPI,False
C12706,Basic,Annual,442.31,Credit Card,True
C12707,Basic,Monthly,401.09,UPI,True
C12708,Standard,Monthly,702.22,Credit Card,False
C12709,Basic,Annual,328.68,Wallet,True
C12710,Basic,Monthly,370.96,UPI,True
C12711,Premium,Monthly,1326.58,UPI,False
C12712,Standard,Annual,863.76,Debit Card,True
C12713,Basic,Annual,371.28,Credit Card,True
C12714,Basic,Annual,302.94,Credit Card,True
C12715,Premium,Monthly,1423.98,UPI,True
C12716,Basic,Monthly,463.81,Debit Card,True
C12717,Basic,Monthly,370.64,UPI,False
C12718,Premium,Monthly,1389.55,Credit Card,True
C12719,Basic,Annual,388.5,Debit Card,False
C12720,Standard,Monthly,886.46,Debit Card,False
C12721,Standard,Monthly,888.38,Debit Card,False
C12722,Premium,Monthly,1197.94,Credit Card,True
C12723,Standard,Monthly,639.63,Credit Card,True
C12724,Basic,Monthly,483.67,Net Banking,False
C12725,Premium,Monthly,1189.92,UPI,True
C12726,Basic,Monthly,406.35,Debit Card,True
C12727,Premium,Monthly,1367.76,Credit Card,True
C12728,Premium,Monthly,1057.84,Wallet,False
C12729,Basic,Monthly,495.18,Credit Card,False
C12730,Basic,Annual,456.84,UPI,True
C12731,Premium,Monthly,1301.14,Credit Card,True
C12732,Basic,Monthly,437.79,Net Banking,False
C12733,Basic,Monthly,342.4,Net Banking,True
C12734,Standard,Monthly,656.49,Debit Card,True
C12735,Premium,Monthly,1284.16,Wallet,True
C12736,Basic,Monthly,492.13,Debit Card,False
C12737,Premium,Annual,1146.06,Credit Card,True
C12738,Basic,Annual,474.59,Credit Card,False
C12739,Basic,Annual,339.08,UPI,True
C12740,Basic,Annual,368.98,Credit Card,False
C12741,Premium,Monthly,1149.24,Credit Card,False
C12742,Standard,Annual,764.61,Net Banking,True
C12743,Basic,Monthly,459.47,UPI,True
C12744,Basic,Monthly,438.83,Wallet,False
C12745,Standard,Monthly,877.59,Credit Card,False
C12746,Standard,Monthly,739.84,Credit Card,False
C12747,Basic,Monthly,488.76,Credit Card,False
C12748,Premium,Annual,1373.59,Credit Card,True
C12749,Basic,Monthly,418.5,UPI,True
C12750,Standard,Monthly,620.62,Credit Card,False
C12751,Basic,Annual,485.54,Credit Card,True
C12752,Premium,Annual,1017.98,Credit Card,True
C12753,Basic,Annual,306.65,Debit Card,True
C12754,Standard,Monthly,828.77,Debit Card,True
C12755,Standard,Monthly,791.64,Net Banking,True
C12756,Premium,Monthly,1403.93,Net Banking,False
C12757,Standard,Monthly,894.26,Credit Card,True
C12758,Basic,Annual,362.24,UPI,True
C12759,Standard,Annual,717.79,Credit Card,True
C12760,Basic,Monthly,488.23,Debit Card,True
C12761,Basic,Monthly,377.47,Credit Card,True
C12762,Basic,Annual,469.28,Net Banking,True
C12763,Standard,Monthly,767.57,Credit Card,False
C12764,Standard,Monthly,811.99,Credit Card,True
C12765,Basic,Annual,351.34,UPI,True
C12766,Standard,Annual,665.53,UPI,True
C12767,Basic,Monthly,468.49,UPI,True
C12768,Premium,Monthly,1058.77,UPI,True
C12769,Premium,Annual,1015.02,UPI,False
C12770,Standard,Monthly,878.06,Credit Card,True
C12771,Basic,Monthly,349.71,Credit Card,True
C12772,Basic,Annual,374.99,Debit Card,True
C12773,Standard,Monthly,654.47,Credit Card,True
C12774,Standard,Monthly,786.66,Wallet,False
C12775,Standard,Annual,875.45,UPI,True
C12776,Basic,Monthly,326.92,Debit Card,False
C12777,Basic,Monthly,495.08,Debit Card,True
C12778,Basic,Annual,403.9,UPI,True
C12779,Standard,Annual,756.06,UPI,True
C12780,Basic,Monthly,366.65,Credit Card,True
C12781,Basic,Monthly,433.39,Debit Card,False
C12782,Basic,Monthly,317.0,UPI,True
C12783,Basic,Monthly,343.37,Wallet,False
C12784,Standard,Annual,884.94,Credit Card,True
C12785,Basic,Monthly,486.18,Debit Card,False
C12786,Standard,Annual,637.21,Debit Card,False
C12787,Standard,Monthly,708.77,Credit Card,False
C12788,Basic,Annual,491.05,Debit Card,True
C12789,Basic,Annual,370.84,Debit Card,True
C12790,Basic,Monthly,299.98,Debit Card,False
C12791,Premium,Monthly,1253.47,Wallet,False
C12792,Basic,Monthly,492.92,Credit Card,False
C12793,Basic,Monthly,316.67,Wallet,True
C12794,Premium,Monthly,1346.05,Credit Card,True
C12795,Basic,Annual,442.08,Wallet,False
C12796,Basic,Annual,343.38,Debit Card,True
C12797,Premium,Annual,1474.22,Debit Card,False
C12798,Premium,Annual,1198.94,Debit Card,True
C12799,Basic,Monthly,353.06,Debit Card,False
C12800,Standard,Annual,749.84,Wallet,False
C12801,Premium,Monthly,1025.38,UPI,False
C12802,Standard,Monthly,710.13,Credit Card,True
C12803,Standard,Monthly,604.8,Credit Card,True
C12804,Standard,Monthly,659.34,Wallet,False
C12805,Standard,Annual,689.12,Wallet,True
C12806,Premium,Annual,1219.7,UPI,True
C12807,Premium,Annual,1187.52,Credit Card,True
C12808,Standard,Monthly,678.33,Net Banking,True
C12809,Basic,Monthly,431.7,Net Banking,True
C12810,Standard,Annual,688.86,UPI,True
C12811,Standard,Monthly,628.12,Wallet,False
C12812,Basic,Annual,466.58,Credit Card,True
C12813,Basic,Annual,392.42,UPI,True
C12814,Standard,Monthly,614.16,Wallet,True
C12815,Basic,Monthly,402.98,Credit Card,True
C12816,Premium,Monthly,1100.59,UPI,False
C12817,Basic,Annual,368.69,Credit Card,True
C12818,Standard,Monthly,695.5,Credit Card,False
C12819,Premium,Annual,1482.4,UPI,True
C12820,Basic,Monthly,332.76,Debit Card,False
C12821,Premium,Monthly,1467.54,Debit Card,False
C12822,Basic,Monthly,301.99,UPI,False
C12823,Basic,Annual,376.82,UPI,False
C12824,Basic,Annual,319.77,UPI,True
C12825,Basic,Monthly,326.72,Debit Card,False
C12826,Standard,Monthly,609.63,Credit Card,True
C12827,Standard,Monthly,846.96,Credit Card,True
C12828,Basic,Monthly,498.56,Debit Card,True
C12829,Standard,Annual,613.71,Wallet,True
C12830,Premium,Annual,1123.32,UPI,True
C12831,Premium,Annual,1144.73,Credit Card,False
C12832,Basic,Monthly,320.89,Debit Card,False
C12833,Standard,Monthly,637.39,Debit Card,False
C12834,Standard,Monthly,862.8,Credit Card,True
C12835,Basic,Monthly,358.49,UPI,False
C12836,Premium,Annual,1170.84,Net Banking,True
C12837,Standard,Annual,611.15,UPI,True
C12838,Basic,Annual,332.39,Credit Card,True
C12839,Basic,Annual,452.72,UPI,True
C12840,Standard,Monthly,838.81,Credit Card,False
C12841,Basic,Monthly,320.42,UPI,False
C12842,Basic,Annual,353.67,UPI,False
C12843,Standard,Monthly,753.81,Wallet,True
C12844,Premium,Annual,1166.04,Credit Card,True
C12845,Basic,Monthly,439.89,UPI,False
C12846,Premium,Annual,1180.09,UPI,True
C12847,Standard,Monthly,685.19,Wallet,True
C12848,Standard,Monthly,870.35,Credit Card,True
C12849,Standard,Annual,889.15,Credit Card,False
C12850,Standard,Annual,650.64,Net Banking,True
C12851,Premium,Monthly,1378.03,Net Banking,True
C12852,Premium,Monthly,1434.65,UPI,True
C12853,Basic,Monthly,340.9,UPI,False
C12854,Basic,Monthly,336.06,Debit Card,True
C12855,Standard,Monthly,881.2,Credit Card,True
C12856,Basic,Monthly,313.91,UPI,False
C12857,Basic,Annual,322.04,Debit Card,False
C12858,Standard,Monthly,825.89,Credit Card,False
C12859,Basic,Monthly,482.96,Debit Card,False
C12860,Basic,Monthly,426.16,Credit Card,True
C12861,Standard,Monthly,634.74,Wallet,False
C12862,Premium,Monthly,1388.32,Wallet,False
C12863,Premium,Monthly,1205.45,Debit Card,True
C12864,Standard,Monthly,667.53,Wallet,True
C12865,Basic,Monthly,461.37,Credit Card,True
C12866,Premium,Annual,1440.17,Credit Card,True
C12867,Premium,Annual,1210.66,UPI,False
C12868,Standard,Monthly,769.81,Credit Card,True
C12869,Basic,Annual,410.97,Wallet,False
C12870,Standard,Monthly,800.84,Credit Card,False
C12871,Basic,Monthly,314.98,Net Banking,True
C12872,Basic,Annual,347.45,UPI,True
C12873,Standard,Monthly,822.2,Credit Card,False
C12874,Standard,Monthly,800.19,Debit Card,False
C12875,Basic,Monthly,343.43,Wallet,True
C12876,Basic,Annual,498.41,Debit Card,True
C12877,Premium,Annual,1449.91,Debit Card,False
C12878,Basic,Monthly,310.78,Debit Card,False
C12879,Basic,Monthly,463.32,Credit Card,True
C12880,Standard,Monthly,659.94,UPI,False
C12881,Standard,Monthly,796.66,Credit Card,True
C12882,Standard,Annual,833.44,UPI,True
C12883,Basic,Annual,379.07,Debit Card,True
C12884,Premium,Annual,1197.41,Wallet,False
C12885,Basic,Monthly,337.67,UPI,False
C12886,Premium,Monthly,1463.71,Credit Card,False
C12887,Standard,Monthly,706.33,UPI,False
C12888,Basic,Monthly,421.5,UPI,True
C12889,Basic,Annual,495.9,Wallet,True
C12890,Basic,Monthly,357.43,Debit Card,False
C12891,Premium,Annual,1341.12,Net Banking,True
C12892,Basic,Monthly,393.33,UPI,False
C12893,Premium,Annual,1376.67,Net Banking,True
C12894,Premium,Annual,1002.02,UPI,False
C12895,Premium,Monthly,1418.56,Credit Card,True
C12896,Basic,Monthly,359.87,Credit Card,False
C12897,Basic,Monthly,394.33,UPI,False
C12898,Standard,Monthly,767.88,UPI,True
C12899,Standard,Monthly,705.19,Debit Card,True
C12900,Premium,Annual,1429.38,Credit Card,True
C12901,Standard,Monthly,669.48,UPI,False
C12902,Basic,Monthly,443.68,Credit Card,False
C12903,Basic,Annual,364.34,Credit Card,True
C12904,Basic,Annual,471.74,Credit Card,False
C12905,Standard,Annual,768.04,Credit Card,True
C12906,Basic,Monthly,472.27,UPI,False
C12907,Standard,Monthly,651.6,Debit Card,False
C12908,Basic,Monthly,454.78,UPI,False
C12909,Standard,Monthly,846.53,Debit Card,True
C12910,Standard,Monthly,754.36,Credit Card,False
C12911,Basic,Monthly,331.74,Credit Card,False
C12912,Standard,Monthly,676.64,UPI,False
C12913,Basic,Monthly,425.61,Wallet,True
C12914,Premium,Monthly,1427.69,Debit Card,False
C12915,Basic,Annual,480.55,Debit Card,False
C12916,Premium,Annual,1453.04,Credit Card,True
C12917,Basic,Annual,455.84,Net Banking,False
C12918,Standard,Monthly,607.04,UPI,False
C12919,Basic,Monthly,304.45,Credit Card,False
C12920,Basic,Annual,352.54,UPI,True
C12921,Basic,Monthly,344.89,Net Banking,True
C12922,Basic,Monthly,377.98,Wallet,False
C12923,Standard,Annual,770.75,Debit Card,True
C12924,Premium,Monthly,1263.99,UPI,False
C12925,Standard,Annual,741.81,Credit Card,True
C12926,Standard,Monthly,848.54,UPI,True
C12927,Standard,Monthly,630.16,Credit Card,True
C12928,Premium,Monthly,1416.02,UPI,True
C12929,Basic,Annual,350.07,Net Banking,False
C12930,Basic,Annual,300.97,Debit Card,True
C12931,Standard,Annual,876.31,UPI,False
C12932,Premium,Monthly,1378.06,Net Banking,False
C12933,Basic,Annual,339.0,UPI,True
C12934,Basic,Annual,390.35,Credit Card,True
C12935,Standard,Annual,706.74,Debit Card,False
C12936,Standard,Monthly,820.21,UPI,False
C12937,Standard,Annual,639.39,UPI,True
C12938,Basic,Monthly,480.06,Debit Card,True
C12939,Basic,Monthly,460.46,Debit Card,False
C12940,Basic,Monthly,480.42,Debit Card,True
C12941,Basic,Monthly,421.41,Wallet,False
C12942,Premium,Monthly,1423.46,UPI,False
C12943,Basic,Monthly,420.85,Net Banking,True
C12944,Basic,Monthly,301.38,Debit Card,False
C12945,Premium,Monthly,1412.01,Credit Card,False
C12946,Standard,Annual,894.78,Debit Card,True
C12947,Premium,Monthly,1097.06,Debit Card,False
C12948,Standard,Monthly,777.07,Net Banking,False
C12949,Standard,Monthly,793.43,Credit Card,True
C12950,Basic,Monthly,446.73,UPI,False
C12951,Premium,Monthly,1267.01,UPI,False
C12952,Premium,Monthly,1477.87,Credit Card,False
C12953,Standard,Monthly,673.7,Credit Card,False
C12954,Standard,Monthly,763.98,UPI,False
C12955,Premium,Monthly,1278.75,UPI,True
C12956,Basic,Annual,490.7,UPI,True
C12957,Basic,Monthly,347.86,Net Banking,False
C12958,Basic,Monthly,429.92,Wallet,False
C12959,Basic,Monthly,449.42,Credit Card,False
C12960,Standard,Monthly,752.65,Credit Card,False
C12961,Standard,Annual,808.83,UPI,False
C12962,Standard,Annual,842.57,Wallet,True
C12963,Standard,Monthly,616.76,Debit Card,False
C12964,Basic,Monthly,416.76,Debit Card,False
C12965,Standard,Annual,693.78,UPI,True
C12966,Standard,Annual,635.76,Net Banking,False
C12967,Standard,Monthly,706.89,Debit Card,True
C12968,Standard,Monthly,766.31,UPI,False
C12969,Standard,Monthly,732.53,Debit Card,True
C12970,Standard,Monthly,894.4,Credit Card,False
C12971,Standard,Monthly,604.52,Debit Card,False
C12972,Basic,Monthly,486.12,UPI,False
C12973,Basic,Monthly,343.24,Credit Card,True
C12974,Standard,Annual,747.53,Debit Card,True
C12975,Premium,Monthly,1227.3,UPI,False
C12976,Basic,Monthly,383.64,Debit Card,False
C12977,Standard,Annual,733.91,UPI,True
C12978,Basic,Monthly,412.39,UPI,True
C12979,Standard,Annual,668.57,Credit Card,True
C12980,Basic,Annual,338.49,Net Banking,True
C12981,Basic,Monthly,474.86,UPI,False
C12982,Basic,Monthly,330.03,Net Banking,False
C12983,Standard,Annual,712.08,Net Banking,True
C12984,Standard,Monthly,625.14,Credit Card,True
C12985,Basic,Annual,470.96,UPI,True
C12986,Standard,Monthly,661.78,Credit Card,False
C12987,Premium,Monthly,1296.26,Credit Card,False
C12988,Premium,Monthly,1414.57,UPI,False
C12989,Standard,Monthly,700.74,Credit Card,True
C12990,Standard,Monthly,883.38,Debit Card,False
C12991,Standard,Annual,856.43,Wallet,True
C12992,Basic,Annual,355.24,UPI,True
C12993,Basic,Annual,383.7,Debit Card,True
C12994,Basic,Monthly,371.82,Wallet,True
C12995,Premium,Annual,1157.8,UPI,False
C12996,Basic,Monthly,407.02,Wallet,False
C12997,Basic,Monthly,325.24,Wallet,False
C12998,Basic,Monthly,334.91,Debit Card,False
C12999,Basic,Monthly,354.57,UPI,False
C13000,Basic,Monthly,434.23,Wallet,False
C13001,Standard,Monthly,710.29,UPI,False
C13002,Standard,Monthly,657.67,Wallet,False
C13003,Premium,Monthly,1130.5,Credit Card,False
C13004,Basic,Monthly,385.71,Debit Card,False
C13005,Standard,Annual,751.7,Wallet,True
C13006,Standard,Annual,869.7,UPI,True
C13007,Basic,Monthly,346.67,Net Banking,False
C13008,Standard,Monthly,783.11,UPI,True
C13009,Standard,Monthly,673.48,UPI,False
C13010,Standard,Monthly,810.62,UPI,False
C13011,Basic,Annual,402.26,UPI,True
C13012,Premium,Annual,1020.97,Credit Card,True
C13013,Standard,Monthly,845.29,Credit Card,True
C13014,Standard,Monthly,822.67,Credit Card,False
C13015,Basic,Monthly,421.72,Debit Card,True
C13016,Standard,Monthly,763.66,Credit Card,True
C13017,Basic,Monthly,377.56,UPI,False
C13018,Standard,Monthly,794.46,Wallet,False
C13019,Standard,Annual,878.76,UPI,True
C13020,Basic,Annual,324.04,Credit Card,True
C13021,Premium,Monthly,1468.49,Credit Card,False
C13022,Basic,Monthly,410.48,UPI,True
C13023,Basic,Annual,375.53,Net Banking,True
C13024,Standard,Annual,740.85,Credit Card,True
C13025,Basic,Annual,373.4,Credit Card,True
C13026,Basic,Monthly,353.84,UPI,False
C13027,Standard,Annual,624.16,Debit Card,True
C13028,Standard,Annual,862.17,Credit Card,False
C13029,Standard,Monthly,894.77,Debit Card,True
C13030,Premium,Monthly,1415.05,Debit Card,True
C13031,Premium,Monthly,1141.6,Debit Card,True
C13032,Basic,Annual,308.88,Wallet,True
C13033,Standard,Monthly,695.58,Debit Card,False
C13034,Premium,Annual,1006.71,UPI,True
C13035,Basic,Monthly,464.69,Net Banking,True
C13036,Standard,Monthly,788.87,UPI,True
C13037,Basic,Monthly,453.46,Credit Card,False
C13038,Basic,Monthly,496.4,Net Banking,False
C13039,Basic,Monthly,389.13,Credit Card,False
C13040,Premium,Monthly,1246.6,Net Banking,False
C13041,Standard,Monthly,847.63,UPI,True
C13042,Basic,Monthly,389.38,Credit Card,False
C13043,Standard,Annual,809.12,Credit Card,True
C13044,Basic,Annual,301.49,UPI,True
C13045,Standard,Monthly,707.69,Debit Card,True
C13046,Standard,Monthly,611.52,Debit Card,False
C13047,Basic,Annual,422.91,Debit Card,True
C13048,Basic,Annual,420.73,UPI,True
C13049,Basic,Monthly,358.55,Debit Card,False
C13050,Standard,Annual,840.33,Wallet,True
C13051,Premium,Monthly,1275.44,Wallet,False
C13052,Standard,Annual,845.59,Debit Card,True
C13053,Basic,Monthly,315.29,Credit Card,False
C13054,Standard,Monthly,685.66,Debit Card,False
C13055,Basic,Annual,399.73,Net Banking,True
C13056,Premium,Monthly,1193.54,Credit Card,False
C13057,Basic,Monthly,404.46,Credit Card,False
C13058,Standard,Monthly,889.73,Net Banking,True
C13059,Premium,Monthly,1194.35,Wallet,False
C13060,Premium,Annual,1396.68,Wallet,False
C13061,Basic,Monthly,451.71,Credit Card,True
C13062,Basic,Monthly,476.17,Debit Card,False
C13063,Standard,Monthly,849.3,Debit Card,False
C13064,Basic,Monthly,380.47,Credit Card,False
C13065,Standard,Monthly,830.25,UPI,True
C13066,Basic,Monthly,299.5,UPI,False
C13067,Standard,Monthly,611.38,UPI,False
C13068,Standard,Monthly,706.17,UPI,False
C13069,Basic,Annual,462.66,Debit Card,False
C13070,Premium,Monthly,1359.57,Wallet,False
C13071,Premium,Monthly,1268.7,Credit Card,False
C13072,Basic,Monthly,357.13,UPI,False
C13073,Premium,Monthly,1078.4,Net Banking,True
C13074,Standard,Annual,774.62,Debit Card,True
C13075,Basic,Monthly,475.75,Credit Card,False
C13076,Basic,Monthly,310.24,Credit Card,True
C13077,Basic,Monthly,423.3,Wallet,False
C13078,Premium,Monthly,1190.89,UPI,False
C13079,Premium,Annual,1413.95,Net Banking,True
C13080,Standard,Monthly,849.24,Credit Card,True
C13081,Basic,Monthly,323.87,Debit Card,False
C13082,Basic,Monthly,391.51,Net Banking,True
C13083,Standard,Monthly,796.92,Credit Card,True
C13084,Premium,Monthly,1415.58,Wallet,True
C13085,Premium,Monthly,1209.06,Debit Card,False
C13086,Basic,Annual,391.9,UPI,True
C13087,Standard,Monthly,641.89,Credit Card,True
C13088,Basic,Monthly,418.14,Debit Card,False
C13089,Basic,Monthly,380.8,Net Banking,False
C13090,Basic,Annual,301.18,Credit Card,False
C13091,Standard,Annual,786.17,Credit Card,True
C13092,Basic,Monthly,302.49,Net Banking,True
C13093,Standard,Monthly,677.16,Credit Card,True
C13094,Standard,Monthly,665.43,Credit Card,False
C13095,Basic,Annual,399.21,UPI,True
C13096,Standard,Monthly,717.43,Debit Card,False
C13097,Basic,Monthly,479.0,Credit Card,False
C13098,Standard,Monthly,828.46,UPI,False
C13099,Basic,Monthly,400.99,Credit Card,True
C13100,Basic,Monthly,470.33,Debit Card,True
C13101,Basic,Annual,434.78,Credit Card,False
C13102,Basic,Monthly,314.35,Credit Card,False
C13103,Standard,Annual,745.93,Credit Card,True
C13104,Premium,Monthly,1197.61,UPI,False
C13105,Standard,Monthly,723.05,Net Banking,False
C13106,Standard,Monthly,814.52,UPI,True
C13107,Basic,Monthly,441.1,Net Banking,False
C13108,Standard,Monthly,834.05,Net Banking,False
C13109,Standard,Monthly,721.19,UPI,True
C13110,Premium,Monthly,1438.84,Credit Card,False
C13111,Basic,Annual,326.77,UPI,True
C13112,Basic,Monthly,408.09,Debit Card,True
C13113,Basic,Monthly,376.7,Credit Card,True
C13114,Basic,Monthly,313.53,Wallet,True
C13115,Standard,Annual,702.96,Debit Card,True
C13116,Basic,Annual,463.61,UPI,True
C13117,Basic,Annual,396.85,UPI,True
C13118,Basic,Annual,333.89,Credit Card,True
C13119,Standard,Annual,758.65,Credit Card,False
C13120,Basic,Monthly,463.1,UPI,False
C13121,Basic,Monthly,422.19,UPI,True
C13122,Basic,Annual,313.95,Net Banking,False
C13123,Premium,Monthly,1442.13,Debit Card,False
C13124,Basic,Annual,453.69,UPI,True
C13125,Standard,Monthly,822.96,UPI,False
C13126,Basic,Annual,442.82,Credit Card,True
C13127,Standard,Monthly,810.14,Net Banking,True
C13128,Standard,Monthly,761.06,Credit Card,False
C13129,Basic,Annual,304.56,Credit Card,False
C13130,Basic,Monthly,387.66,Wallet,True
C13131,Basic,Monthly,467.65,UPI,True
C13132,Standard,Monthly,821.02,Credit Card,False
C13133,Standard,Monthly,788.79,Credit Card,False
C13134,Basic,Monthly,409.01,Net Banking,False
C13135,Standard,Annual,863.02,Credit Card,True
C13136,Basic,Monthly,471.15,Credit Card,False
C13137,Premium,Monthly,1091.23,UPI,True
C13138,Basic,Annual,377.52,UPI,True
C13139,Standard,Monthly,729.03,UPI,False
C13140,Standard,Annual,830.54,UPI,True
C13141,Premium,Annual,1103.37,Wallet,False
C13142,Premium,Monthly,1121.72,Credit Card,False
C13143,Basic,Monthly,347.02,Wallet,False
C13144,Premium,Annual,1102.56,UPI,True
C13145,Standard,Monthly,664.72,Net Banking,False
C13146,Basic,Monthly,427.7,Debit Card,False
C13147,Basic,Annual,391.78,Wallet,True
C13148,Premium,Monthly,1219.97,Wallet,False
C13149,Standard,Monthly,609.34,Debit Card,True
C13150,Premium,Annual,1398.2,Wallet,True
C13151,Basic,Monthly,351.85,Credit Card,True
C13152,Standard,Monthly,804.96,Credit Card,False
C13153,Standard,Annual,612.94,UPI,True
C13154,Standard,Monthly,857.29,Debit Card,True
C13155,Basic,Monthly,346.01,UPI,False
C13156,Premium,Monthly,1337.93,Debit Card,True
C13157,Basic,Monthly,431.61,UPI,False
C13158,Basic,Monthly,477.64,Credit Card,False
C13159,Premium,Monthly,1339.62,Credit Card,True
C13160,Basic,Monthly,446.04,Credit Card,True
C13161,Premium,Monthly,1209.7,Debit Card,False
C13162,Standard,Monthly,770.84,Debit Card,False
C13163,Standard,Monthly,629.77,UPI,False
C13164,Basic,Monthly,480.99,UPI,True
C13165,Standard,Monthly,690.62,Debit Card,False
C13166,Standard,Annual,821.21,Wallet,True
C13167,Basic,Monthly,439.88,Credit Card,False
C13168,Basic,Monthly,397.35,Wallet,False
C13169,Basic,Monthly,389.58,UPI,False
C13170,Basic,Monthly,436.36,Debit Card,False
C13171,Basic,Annual,490.44,Debit Card,True
C13172,Basic,Monthly,445.3,Credit Card,True
C13173,Basic,Monthly,348.47,UPI,False
C13174,Standard,Monthly,870.79,Debit Card,True
C13175,Basic,Monthly,317.89,Credit Card,False
C13176,Standard,Monthly,861.0,Net Banking,False
C13177,Basic,Monthly,386.8,UPI,False
C13178,Standard,Monthly,630.34,Credit Card,True
C13179,Basic,Monthly,401.36,UPI,True
C13180,Premium,Monthly,1498.74,Debit Card,False
C13181,Standard,Monthly,699.85,Credit Card,False
C13182,Standard,Monthly,737.23,UPI,False
C13183,Basic,Monthly,495.87,UPI,False
C13184,Standard,Monthly,655.0,Debit Card,True
C13185,Standard,Monthly,860.38,Credit Card,False
C13186,Basic,Monthly,485.74,Credit Card,True
C13187,Basic,Annual,434.56,Credit Card,False
C13188,Basic,Monthly,299.98,UPI,False
C13189,Basic,Monthly,408.49,Debit Card,False
C13190,Standard,Monthly,843.99,Net Banking,False
C13191,Standard,Annual,849.8,Credit Card,True
C13192,Basic,Annual,303.57,Debit Card,True
C13193,Standard,Monthly,670.75,Debit Card,False
C13194,Standard,Monthly,868.5,UPI,True
C13195,Premium,Monthly,1488.61,UPI,True
C13196,Basic,Monthly,422.62,Wallet,False
C13197,Premium,Annual,1313.42,UPI,False
C13198,Basic,Annual,401.09,UPI,True
C13199,Standard,Monthly,884.86,Net Banking,False
C13200,Premium,Monthly,1060.35,Wallet,True
C13201,Basic,Monthly,377.75,UPI,False
C13202,Basic,Monthly,410.26,UPI,False
C13203,Basic,Monthly,459.71,Wallet,False
C13204,Premium,Monthly,1295.88,Net Banking,False
C13205,Basic,Monthly,449.97,Credit Card,True
C13206,Standard,Monthly,629.74,Wallet,True
C13207,Basic,Monthly,300.3,UPI,False
C13208,Basic,Monthly,402.64,Credit Card,True
C13209,Standard,Monthly,724.51,Debit Card,True
C13210,Premium,Annual,1416.45,Credit Card,True
C13211,Standard,Monthly,740.12,UPI,False
C13212,Premium,Monthly,1183.01,Debit Card,False
C13213,Basic,Monthly,376.05,UPI,False
C13214,Standard,Monthly,618.32,Net Banking,False
C13215,Standard,Monthly,736.68,Net Banking,True
C13216,Basic,Monthly,352.42,Debit Card,True
C13217,Basic,Annual,412.77,Credit Card,True
C13218,Standard,Monthly,867.72,Credit Card,False
C13219,Premium,Monthly,1048.5,Credit Card,False
C13220,Standard,Annual,745.28,Credit Card,True
C13221,Basic,Monthly,406.22,Net Banking,False
C13222,Basic,Monthly,383.07,Wallet,False
C13223,Basic,Annual,470.74,Credit Card,True
C13224,Standard,Annual,627.53,UPI,False
C13225,Standard,Monthly,607.42,Debit Card,True
C13226,Standard,Annual,830.17,UPI,True
C13227,Basic,Monthly,458.81,Net Banking,True
C13228,Premium,Monthly,1262.29,Debit Card,False
C13229,Basic,Monthly,334.73,Debit Card,False
C13230,Premium,Monthly,1484.99,Credit Card,False
C13231,Premium,Annual,1254.56,Net Banking,True
C13232,Premium,Monthly,1388.21,Net Banking,True
C13233,Basic,Annual,339.98,Debit Card,True
C13234,Basic,Monthly,348.71,UPI,True
C13235,Standard,Annual,831.92,UPI,True
C13236,Basic,Monthly,396.78,UPI,False
C13237,Standard,Monthly,717.38,Credit Card,True
C13238,Basic,Monthly,403.92,Net Banking,False
C13239,Basic,Annual,407.28,Credit Card,True
C13240,Premium,Monthly,1130.2,Net Banking,False
C13241,Standard,Monthly,667.01,Debit Card,True
C13242,Basic,Monthly,352.03,Debit Card,True
C13243,Standard,Monthly,705.3,UPI,True
C13244,Basic,Monthly,332.06,Credit Card,True
C13245,Standard,Annual,688.85,Debit Card,False
C13246,Standard,Monthly,864.85,Credit Card,True
C13247,Basic,Annual,369.98,Debit Card,True
C13248,Standard,Annual,713.23,Debit Card,True
C13249,Premium,Monthly,1288.17,Wallet,False
C13250,Basic,Monthly,449.47,UPI,False
C13251,Basic,Monthly,326.78,Debit Card,False
C13252,Standard,Monthly,737.08,Net Banking,True
C13253,Basic,Monthly,448.01,Debit Card,False
C13254,Standard,Annual,881.34,Debit Card,True
C13255,Basic,Monthly,445.83,UPI,False
C13256,Standard,Monthly,808.96,Wallet,True
C13257,Basic,Monthly,317.11,Credit Card,False
C13258,Standard,Annual,890.48,UPI,True
C13259,Premium,Annual,1176.52,Debit Card,True
C13260,Standard,Monthly,599.1,Debit Card,False
C13261,Basic,Monthly,493.93,Credit Card,False
C13262,Premium,Annual,1327.91,Credit Card,True
C13263,Basic,Monthly,447.11,UPI,False
C13264,Standard,Monthly,816.19,UPI,True
C13265,Standard,Annual,683.32,Credit Card,True
C13266,Standard,Monthly,882.74,UPI,True
C13267,Basic,Monthly,468.81,Credit Card,False
C13268,Basic,Monthly,362.23,Credit Card,False
C13269,Premium,Monthly,1163.0,Credit Card,True
C13270,Standard,Monthly,873.27,Net Banking,False
C13271,Standard,Annual,640.39,Credit Card,True
C13272,Premium,Monthly,1346.7,Credit Card,False
C13273,Standard,Monthly,879.92,Debit Card,False
C13274,Premium,Monthly,1467.15,Credit Card,False
C13275,Basic,Annual,438.43,UPI,True
C13276,Basic,Monthly,330.74,Debit Card,True
C13277,Basic,Monthly,331.43,UPI,False
C13278,Standard,Monthly,813.63,UPI,True
C13279,Basic,Monthly,354.0,UPI,False
C13280,Basic,Annual,309.78,UPI,True
C13281,Basic,Monthly,337.83,UPI,True
C13282,Premium,Monthly,1291.92,Net Banking,False
C13283,Premium,Monthly,1453.64,Credit Card,False
C13284,Standard,Annual,699.33,UPI,True
C13285,Standard,Monthly,757.11,Debit Card,False
C13286,Basic,Annual,381.04,UPI,True
C13287,Standard,Annual,638.72,Wallet,False
C13288,Premium,Annual,1277.63,Credit Card,True
C13289,Basic,Monthly,490.32,Wallet,False
C13290,Basic,Monthly,435.23,Debit Card,True
C13291,Basic,Monthly,444.17,Wallet,True
C13292,Basic,Monthly,407.8,Wallet,True
C13293,Basic,Monthly,467.48,Credit Card,True
C13294,Basic,Monthly,326.03,Wallet,True
C13295,Basic,Monthly,354.65,Credit Card,False
C13296,Premium,Monthly,1267.42,UPI,True
C13297,Basic,Monthly,315.75,Debit Card,False
C13298,Basic,Monthly,342.91,Credit Card,True
C13299,Basic,Annual,345.47,UPI,True
C13300,Basic,Annual,445.78,Debit Card,False
C13301,Basic,Monthly,306.3,Debit Card,True
C13302,Basic,Monthly,480.94,Debit Card,False
C13303,Basic,Annual,486.05,Credit Card,True
C13304,Standard,Monthly,759.56,Debit Card,True
C13305,Basic,Annual,302.35,Net Banking,False
C13306,Standard,Monthly,858.55,Credit Card,False
C13307,Standard,Monthly,664.76,UPI,False
C13308,Basic,Monthly,364.42,UPI,True
C13309,Basic,Monthly,396.35,Credit Card,False
C13310,Basic,Monthly,414.64,Credit Card,True
C13311,Standard,Annual,605.67,UPI,True
C13312,Basic,Monthly,320.7,Net Banking,False
C13313,Standard,Annual,828.28,Debit Card,True
C13314,Standard,Annual,743.83,UPI,True
C13315,Basic,Monthly,460.12,UPI,True
C13316,Basic,Annual,311.19,Debit Card,True
C13317,Premium,Monthly,1063.79,Debit Card,False
C13318,Standard,Monthly,812.15,Wallet,False
C13319,Premium,Annual,1079.02,Net Banking,True
C13320,Standard,Monthly,709.89,Credit Card,False
C13321,Standard,Monthly,750.1,Credit Card,True
C13322,Standard,Monthly,614.21,Net Banking,True
C13323,Premium,Monthly,1109.69,UPI,False
C13324,Standard,Monthly,701.28,Credit Card,False
C13325,Premium,Monthly,1422.23,Debit Card,False
C13326,Premium,Monthly,1433.27,UPI,True
C13327,Premium,Monthly,1390.31,UPI,True
C13328,Premium,Annual,1166.31,UPI,True
C13329,Basic,Monthly,492.89,UPI,True
C13330,Premium,Annual,1367.26,Credit Card,True
C13331,Basic,Annual,355.83,UPI,False
C13332,Standard,Monthly,755.87,Credit Card,True
C13333,Standard,Monthly,756.38,UPI,False
C13334,Standard,Monthly,620.21,Debit Card,False
C13335,Standard,Monthly,886.54,Net Banking,False
C13336,Basic,Monthly,380.75,Net Banking,False
C13337,Basic,Monthly,452.77,Wallet,True
C13338,Premium,Monthly,1324.06,Wallet,True
C13339,Premium,Monthly,1156.18,Debit Card,True
C13340,Premium,Annual,1251.82,Net Banking,True
C13341,Basic,Monthly,342.65,Credit Card,False
C13342,Standard,Annual,826.92,Debit Card,True
C13343,Premium,Annual,1215.99,Net Banking,True
C13344,Premium,Monthly,1114.06,UPI,False
C13345,Premium,Monthly,1120.0,UPI,False
C13346,Standard,Monthly,682.2,Net Banking,False
C13347,Basic,Annual,482.81,Net Banking,False
C13348,Basic,Monthly,318.2,Credit Card,True
C13349,Basic,Monthly,471.13,Net Banking,False
C13350,Basic,Annual,442.15,Credit Card,True
C13351,Standard,Monthly,611.1,Credit Card,False
C13352,Basic,Monthly,420.03,Wallet,False
C13353,Premium,Annual,1402.75,Credit Card,True
C13354,Basic,Monthly,485.99,UPI,False
C13355,Basic,Annual,389.45,Credit Card,True
C13356,Standard,Monthly,851.42,Wallet,False
C13357,Premium,Annual,1459.08,Wallet,True
C13358,Basic,Monthly,426.31,UPI,False
C13359,Premium,Monthly,1192.74,Debit Card,False
C13360,Standard,Monthly,689.58,Debit Card,False
C13361,Standard,Monthly,751.04,Credit Card,True
C13362,Basic,Monthly,382.32,Credit Card,False
C13363,Standard,Annual,822.19,Credit Card,True
C13364,Basic,Monthly,361.92,Debit Card,True
C13365,Basic,Monthly,441.02,UPI,False
C13366,Basic,Monthly,320.58,Debit Card,False
C13367,Basic,Monthly,355.93,UPI,True
C13368,Basic,Monthly,402.34,Debit Card,True
C13369,Standard,Annual,634.63,Credit Card,True
C13370,Basic,Monthly,456.63,Credit Card,True
C13371,Standard,Monthly,776.94,Wallet,False
C13372,Basic,Monthly,397.8,Debit Card,True
C13373,Standard,Monthly,742.77,Debit Card,False
C13374,Basic,Monthly,449.1,Net Banking,True
C13375,Basic,Monthly,327.54,Credit Card,False
C13376,Standard,Monthly,626.29,Debit Card,False
C13377,Standard,Monthly,704.24,Net Banking,True
C13378,Premium,Monthly,1328.86,Wallet,False
C13379,Basic,Monthly,483.38,Debit Card,False
C13380,Standard,Annual,630.91,Credit Card,True
C13381,Basic,Monthly,447.08,Credit Card,False
C13382,Basic,Monthly,462.78,Net Banking,True
C13383,Basic,Monthly,451.27,UPI,False
C13384,Standard,Monthly,894.17,UPI,True
C13385,Premium,Annual,1331.49,Wallet,True
C13386,Basic,Monthly,487.28,Credit Card,True
C13387,Standard,Annual,885.49,UPI,True
C13388,Basic,Annual,483.12,Credit Card,True
C13389,Basic,Annual,317.21,Debit Card,True
C13390,Basic,Annual,313.74,UPI,True
C13391,Standard,Monthly,789.74,Net Banking,True
C13392,Basic,Monthly,384.45,UPI,True
C13393,Premium,Monthly,1381.27,UPI,True
C13394,Standard,Monthly,759.72,Credit Card,False
C13395,Premium,Annual,1045.73,Credit Card,True
C13396,Basic,Monthly,320.28,Debit Card,True
C13397,Standard,Monthly,714.8,Credit Card,True
C13398,Standard,Annual,765.89,Wallet,False
C13399,Basic,Monthly,349.41,UPI,False
C13400,Basic,Annual,343.34,Debit Card,True
C13401,Basic,Annual,303.31,UPI,True
C13402,Basic,Annual,379.73,Credit Card,True
C13403,Basic,Monthly,343.32,Credit Card,True
C13404,Premium,Monthly,1340.63,Debit Card,False
C13405,Premium,Monthly,1472.96,UPI,True
C13406,Premium,Monthly,1427.53,Credit Card,True
C13407,Basic,Monthly,384.36,Net Banking,True
C13408,Standard,Annual,709.76,UPI,True
C13409,Standard,Monthly,896.15,UPI,False
C13410,Basic,Monthly,369.08,Credit Card,True
C13411,Basic,Monthly,465.51,Wallet,True
C13412,Premium,Monthly,1167.16,Credit Card,False
C13413,Standard,Annual,878.7,Debit Card,True
C13414,Basic,Monthly,376.63,UPI,False
C13415,Basic,Monthly,464.5,Debit Card,True
C13416,Standard,Annual,810.81,Credit Card,True
C13417,Premium,Annual,1244.7,Net Banking,True
C13418,Standard,Annual,831.26,UPI,True
C13419,Standard,Annual,684.39,Credit Card,True
C13420,Premium,Monthly,1480.66,Debit Card,False
C13421,Premium,Annual,1150.81,Debit Card,True
C13422,Basic,Annual,425.22,Credit Card,True
C13423,Premium,Monthly,1190.22,UPI,False
C13424,Basic,Monthly,439.41,Net Banking,False
C13425,Basic,Monthly,399.8,UPI,False
C13426,Standard,Monthly,847.89,Wallet,True
C13427,Basic,Monthly,454.87,Credit Card,True
C13428,Premium,Annual,1369.55,Net Banking,True
C13429,Standard,Monthly,797.92,UPI,False
C13430,Premium,Annual,1297.34,Credit Card,True
C13431,Basic,Monthly,484.88,Credit Card,False
C13432,Basic,Monthly,442.69,UPI,True
C13433,Premium,Annual,1044.46,Credit Card,True
C13434,Basic,Monthly,302.54,Debit Card,False
C13435,Standard,Monthly,840.37,UPI,True
C13436,Basic,Monthly,423.46,UPI,False
C13437,Basic,Annual,494.43,Credit Card,True
C13438,Premium,Annual,1397.69,Wallet,True
C13439,Premium,Monthly,1269.6,UPI,True
C13440,Standard,Monthly,820.14,UPI,False
C13441,Premium,Monthly,1158.91,Wallet,False
C13442,Basic,Monthly,493.89,Wallet,True
C13443,Basic,Monthly,365.64,UPI,True
C13444,Standard,Monthly,830.63,UPI,True
C13445,Premium,Monthly,1401.78,UPI,True
C13446,Standard,Monthly,791.17,UPI,False
C13447,Basic,Annual,413.89,UPI,True
C13448,Basic,Monthly,411.04,UPI,False
C13449,Basic,Monthly,400.87,Net Banking,False
C13450,Premium,Monthly,1431.74,UPI,False
C13451,Standard,Monthly,721.83,Credit Card,True
C13452,Basic,Annual,411.81,UPI,False
C13453,Standard,Monthly,891.3,UPI,True
C13454,Standard,Monthly,830.13,Debit Card,False
C13455,Basic,Annual,493.71,Credit Card,True
C13456,Premium,Monthly,1376.68,Credit Card,False
C13457,Standard,Monthly,830.57,UPI,True
C13458,Standard,Monthly,826.48,Debit Card,False
C13459,Premium,Annual,1323.31,Debit Card,True
C13460,Standard,Monthly,772.08,UPI,True
C13461,Premium,Annual,1350.12,Net Banking,False
C13462,Basic,Monthly,370.84,UPI,False
C13463,Standard,Monthly,784.45,Credit Card,False
C13464,Basic,Monthly,413.88,UPI,True
C13465,Basic,Monthly,458.64,Debit Card,False
C13466,Premium,Annual,1003.71,Net Banking,True
C13467,Basic,Monthly,308.33,Debit Card,True
C13468,Standard,Annual,679.13,Credit Card,True
C13469,Basic,Monthly,310.52,Wallet,True
C13470,Premium,Monthly,1092.43,Debit Card,False
C13471,Standard,Monthly,680.99,UPI,False
C13472,Premium,Monthly,1323.07,UPI,False
C13473,Premium,Monthly,1215.75,Net Banking,True
C13474,Standard,Monthly,788.45,Debit Card,False
C13475,Basic,Monthly,477.57,UPI,False
C13476,Standard,Monthly,801.78,Wallet,False
C13477,Basic,Monthly,386.6,Wallet,True
C13478,Basic,Monthly,460.33,Credit Card,False
C13479,Basic,Annual,336.02,Credit Card,True
C13480,Basic,Monthly,324.63,Credit Card,True
C13481,Standard,Annual,644.29,Debit Card,True
C13482,Basic,Monthly,322.37,Credit Card,False
C13483,Premium,Monthly,1123.76,UPI,False
C13484,Basic,Monthly,466.02,UPI,False
C13485,Premium,Monthly,1471.46,UPI,False
C13486,Basic,Monthly,373.41,Credit Card,False
C13487,Basic,Annual,449.02,Credit Card,True
C13488,Basic,Monthly,349.86,Credit Card,True
C13489,Premium,Monthly,1322.6,Credit Card,True
C13490,Standard,Annual,656.42,Debit Card,False
C13491,Basic,Monthly,348.08,Wallet,False
C13492,Premium,Monthly,1423.36,Debit Card,True
C13493,Basic,Annual,323.72,Net Banking,True
C13494,Standard,Annual,719.57,UPI,True
C13495,Basic,Monthly,420.8,UPI,False
C13496,Basic,Monthly,401.19,Credit Card,False
C13497,Basic,Monthly,359.52,Credit Card,False
C13498,Standard,Monthly,818.87,Wallet,True
C13499,Standard,Annual,699.29,Debit Card,True
C13500,Standard,Monthly,707.86,Net Banking,False
C13501,Basic,Annual,490.81,Debit Card,True
C13502,Standard,Monthly,831.89,Credit Card,True
C13503,Standard,Annual,708.85,UPI,True
C13504,Basic,Monthly,379.97,Net Banking,False
C13505,Basic,Annual,343.42,Credit Card,False
C13506,Basic,Annual,392.44,Debit Card,False
C13507,Basic,Annual,307.07,Credit Card,True
C13508,Premium,Annual,1039.8,UPI,True
C13509,Basic,Monthly,486.83,Credit Card,True
C13510,Premium,Monthly,1203.35,Debit Card,False
C13511,Basic,Monthly,302.12,Debit Card,False
C13512,Standard,Monthly,671.97,Debit Card,False
C13513,Standard,Monthly,679.8,Credit Card,False
C13514,Premium,Monthly,1426.61,UPI,True
C13515,Premium,Monthly,1427.91,Credit Card,True
C13516,Basic,Monthly,319.21,Wallet,False
C13517,Basic,Monthly,320.83,UPI,False
C13518,Standard,Annual,856.94,UPI,True
C13519,Basic,Monthly,481.65,Wallet,False
C13520,Basic,Annual,401.62,Credit Card,False
C13521,Basic,Monthly,388.32,UPI,True
C13522,Standard,Monthly,873.11,Credit Card,True
C13523,Standard,Monthly,689.69,UPI,False
C13524,Standard,Monthly,772.38,Debit Card,True
C13525,Basic,Monthly,338.23,Credit Card,False
C13526,Standard,Monthly,859.54,UPI,False
C13527,Basic,Annual,490.83,UPI,False
C13528,Standard,Annual,840.4,UPI,False
C13529,Standard,Monthly,798.13,Credit Card,False
C13530,Basic,Monthly,343.41,Credit Card,True
C13531,Basic,Monthly,485.73,Credit Card,False
C13532,Standard,Monthly,683.79,Net Banking,False
C13533,Standard,Monthly,713.85,Credit Card,True
C13534,Premium,Annual,1051.27,UPI,True
C13535,Premium,Monthly,1367.52,UPI,True
C13536,Standard,Monthly,717.74,Net Banking,False
C13537,Standard,Monthly,735.72,UPI,False
C13538,Basic,Monthly,444.3,Credit Card,True
C13539,Standard,Monthly,824.15,Wallet,True
C13540,Standard,Annual,773.09,Credit Card,True
C13541,Basic,Annual,493.6,UPI,True
C13542,Standard,Monthly,805.25,Credit Card,False
C13543,Basic,Monthly,474.13,UPI,False
C13544,Basic,Monthly,408.3,Credit Card,False
C13545,Standard,Monthly,858.72,Debit Card,True
C13546,Basic,Annual,309.54,UPI,True
C13547,Standard,Monthly,814.16,UPI,True
C13548,Basic,Monthly,477.07,Credit Card,False
C13549,Basic,Monthly,496.85,UPI,False
C13550,Basic,Monthly,454.94,Debit Card,True
C13551,Basic,Monthly,396.54,Debit Card,False
C13552,Basic,Annual,383.25,Debit Card,True
C13553,Premium,Monthly,1326.47,Credit Card,True
C13554,Premium,Monthly,1274.91,Credit Card,True
C13555,Basic,Monthly,465.64,UPI,True
C13556,Standard,Monthly,611.13,Credit Card,False
C13557,Premium,Monthly,1148.85,UPI,False
C13558,Basic,Annual,372.31,UPI,True
C13559,Basic,Monthly,421.35,Debit Card,False
C13560,Basic,Annual,464.31,UPI,True
C13561,Standard,Monthly,736.47,UPI,True
C13562,Basic,Monthly,306.07,Credit Card,False
C13563,Standard,Annual,677.11,UPI,True
C13564,Basic,Annual,397.39,UPI,False
C13565,Basic,Monthly,380.18,Debit Card,True
C13566,Standard,Annual,607.42,Debit Card,False
C13567,Basic,Monthly,466.56,Debit Card,True
C13568,Basic,Monthly,378.0,Credit Card,False
C13569,Basic,Monthly,319.67,Wallet,True
C13570,Basic,Monthly,349.38,UPI,False
C13571,Premium,Monthly,1294.83,Net Banking,True
C13572,Standard,Monthly,761.48,Debit Card,False
C13573,Premium,Annual,1022.65,Wallet,True
C13574,Basic,Monthly,408.89,Credit Card,False
C13575,Basic,Monthly,317.15,Credit Card,True
C13576,Standard,Annual,608.06,Credit Card,True
C13577,Basic,Monthly,305.02,Net Banking,True
C13578,Basic,Monthly,418.8,Credit Card,False
C13579,Standard,Monthly,882.02,UPI,False
C13580,Premium,Annual,1329.34,UPI,True
C13581,Basic,Monthly,397.34,Wallet,False
C13582,Premium,Monthly,1222.44,Debit Card,False
C13583,Standard,Monthly,857.04,Debit Card,False
C13584,Standard,Monthly,678.25,UPI,False
C13585,Standard,Annual,748.74,Net Banking,True
C13586,Basic,Monthly,456.14,Wallet,False
C13587,Basic,Monthly,344.55,Debit Card,True
C13588,Basic,Monthly,313.8,Credit Card,True
C13589,Standard,Monthly,811.04,UPI,True
C13590,Basic,Monthly,440.42,Debit Card,True
C13591,Basic,Monthly,433.46,UPI,False
C13592,Standard,Monthly,896.97,UPI,True
C13593,Standard,Annual,794.64,Debit Card,False
C13594,Basic,Monthly,414.18,UPI,True
C13595,Premium,Annual,1086.01,UPI,True
C13596,Basic,Monthly,352.26,Debit Card,True
C13597,Standard,Annual,759.68,Credit Card,True
C13598,Standard,Monthly,783.96,UPI,False
C13599,Standard,Monthly,676.86,Credit Card,False
C13600,Basic,Monthly,407.75,Net Banking,True
C13601,Basic,Monthly,390.59,Net Banking,False
C13602,Basic,Monthly,461.85,UPI,False
C13603,Premium,Monthly,1191.57,Net Banking,True
C13604,Standard,Monthly,765.36,Credit Card,False
C13605,Standard,Monthly,756.68,Credit Card,False
C13606,Basic,Monthly,413.39,Credit Card,True
C13607,Basic,Monthly,490.16,UPI,True
C13608,Basic,Annual,440.37,UPI,True
C13609,Basic,Annual,477.96,UPI,True
C13610,Basic,Annual,454.71,Credit Card,False
C13611,Premium,Annual,1247.55,Wallet,True
C13612,Basic,Monthly,402.73,UPI,True
C13613,Basic,Annual,376.29,UPI,False
C13614,Premium,Monthly,1111.34,UPI,False
C13615,Standard,Annual,776.07,Wallet,False
C13616,Premium,Monthly,1293.68,UPI,False
C13617,Basic,Monthly,403.09,Credit Card,False
C13618,Standard,Monthly,686.59,UPI,False
C13619,Basic,Monthly,314.12,Credit Card,False
C13620,Standard,Annual,761.39,Debit Card,True
C13621,Basic,Monthly,401.15,Debit Card,True
C13622,Basic,Monthly,346.92,UPI,True
C13623,Standard,Annual,728.35,Wallet,True
C13624,Basic,Annual,475.36,UPI,False
C13625,Basic,Annual,304.57,Net Banking,False
C13626,Standard,Monthly,686.45,Credit Card,False
C13627,Basic,Annual,486.79,UPI,False
C13628,Basic,Monthly,488.08,Debit Card,False
C13629,Standard,Monthly,858.11,UPI,True
C13630,Basic,Monthly,485.15,Credit Card,False
C13631,Premium,Monthly,1193.09,Debit Card,False
C13632,Basic,Annual,371.37,Credit Card,True
C13633,Basic,Annual,354.39,Credit Card,False
C13634,Basic,Monthly,329.45,Credit Card,True
C13635,Basic,Monthly,349.58,Debit Card,False
C13636,Standard,Annual,746.46,Credit Card,True
C13637,Standard,Annual,620.05,Credit Card,True
C13638,Standard,Annual,772.79,UPI,False
C13639,Premium,Monthly,1492.69,UPI,False
C13640,Basic,Monthly,310.8,Net Banking,False
C13641,Standard,Monthly,610.84,Wallet,False
C13642,Standard,Monthly,718.83,Debit Card,True
C13643,Basic,Annual,420.26,Net Banking,True
C13644,Premium,Monthly,1162.35,UPI,False
C13645,Basic,Monthly,314.72,Credit Card,False
C13646,Basic,Annual,430.2,UPI,True
C13647,Basic,Monthly,421.35,UPI,True
C13648,Standard,Annual,712.86,Wallet,False
C13649,Premium,Monthly,1166.63,Debit Card,False
C13650,Basic,Monthly,397.05,Debit Card,False
C13651,Standard,Monthly,714.74,Debit Card,False
C13652,Basic,Monthly,349.08,Credit Card,False
C13653,Basic,Monthly,393.03,Net Banking,True
C13654,Basic,Annual,417.5,Debit Card,True
C13655,Standard,Monthly,798.17,Debit Card,False
C13656,Basic,Monthly,432.85,Debit Card,False
C13657,Basic,Monthly,498.71,UPI,True
C13658,Standard,Monthly,790.13,Wallet,False
C13659,Basic,Monthly,436.58,Credit Card,False
C13660,Standard,Annual,684.96,Credit Card,False
C13661,Premium,Monthly,1224.09,UPI,True
C13662,Basic,Annual,436.35,UPI,False
C13663,Basic,Monthly,354.81,UPI,False
C13664,Basic,Monthly,316.85,Debit Card,False
C13665,Standard,Monthly,760.23,Credit Card,False
C13666,Standard,Monthly,689.92,Credit Card,False
C13667,Basic,Monthly,409.14,UPI,False
C13668,Basic,Monthly,396.09,Credit Card,False
C13669,Standard,Monthly,606.24,UPI,True
C13670,Standard,Monthly,826.41,Credit Card,False
C13671,Standard,Monthly,683.47,Wallet,False
C13672,Basic,Monthly,323.8,Wallet,True
C13673,Basic,Annual,308.02,Net Banking,True
C13674,Basic,Monthly,479.88,UPI,False
C13675,Standard,Monthly,625.94,Debit Card,True
C13676,Basic,Monthly,444.76,Credit Card,False
C13677,Premium,Monthly,1475.85,Wallet,False
C13678,Standard,Monthly,700.94,UPI,False
C13679,Basic,Monthly,417.51,Wallet,True
C13680,Basic,Monthly,311.85,UPI,False
C13681,Standard,Annual,776.84,Credit Card,True
C13682,Basic,Monthly,450.85,UPI,False
C13683,Premium,Monthly,1367.77,UPI,False
C13684,Basic,Monthly,387.16,Debit Card,False
C13685,Basic,Annual,463.65,Credit Card,False
C13686,Standard,Monthly,604.29,UPI,False
C13687,Basic,Annual,323.69,Credit Card,False
C13688,Standard,Monthly,692.74,Net Banking,True
C13689,Premium,Monthly,1182.27,Debit Card,False
C13690,Standard,Monthly,712.61,Credit Card,True
C13691,Basic,Monthly,360.87,Net Banking,True
C13692,Basic,Monthly,406.38,Debit Card,True
C13693,Premium,Annual,1123.87,UPI,True
C13694,Basic,Monthly,398.61,Credit Card,True
C13695,Basic,Annual,432.16,UPI,True
C13696,Premium,Monthly,1380.57,UPI,False
C13697,Standard,Monthly,686.88,Credit Card,False
C13698,Basic,Monthly,385.98,Wallet,True
C13699,Basic,Monthly,414.55,Debit Card,False
C13700,Basic,Monthly,374.01,Debit Card,True
C13701,Standard,Annual,730.48,UPI,True
C13702,Basic,Annual,360.62,UPI,True
C13703,Basic,Annual,338.41,Credit Card,True
C13704,Standard,Annual,836.74,Net Banking,False
C13705,Basic,Annual,371.33,Credit Card,True
C13706,Basic,Annual,416.12,UPI,True
C13707,Standard,Monthly,701.0,Net Banking,False
C13708,Premium,Monthly,1293.67,Debit Card,True
C13709,Basic,Annual,322.31,Wallet,True
C13710,Standard,Monthly,765.5,Credit Card,False
C13711,Standard,Monthly,784.29,Credit Card,False
C13712,Premium,Monthly,1476.49,UPI,False
C13713,Premium,Monthly,1163.09,Credit Card,True
C13714,Standard,Annual,615.96,Wallet,True
C13715,Standard,Monthly,804.87,Credit Card,True
C13716,Basic,Monthly,377.36,Credit Card,False
C13717,Basic,Monthly,478.64,Debit Card,True
C13718,Standard,Monthly,804.36,Credit Card,False
C13719,Premium,Monthly,1485.56,Net Banking,False
C13720,Standard,Annual,615.67,UPI,True
C13721,Basic,Monthly,386.93,Debit Card,False
C13722,Standard,Monthly,883.42,Credit Card,False
C13723,Standard,Annual,891.04,UPI,True
C13724,Premium,Monthly,1062.42,Net Banking,True
C13725,Premium,Annual,1311.76,Debit Card,True
C13726,Standard,Monthly,628.85,Net Banking,True
C13727,Standard,Annual,861.01,Debit Card,True
C13728,Premium,Monthly,1461.99,Debit Card,False
C13729,Basic,Monthly,356.9,UPI,True
C13730,Standard,Monthly,856.4,Debit Card,True
C13731,Basic,Monthly,395.54,UPI,False
C13732,Basic,Monthly,299.25,Credit Card,True
C13733,Premium,Monthly,1418.93,Debit Card,False
C13734,Premium,Monthly,1063.91,UPI,False
C13735,Basic,Monthly,341.21,Net Banking,False
C13736,Premium,Annual,1387.41,Credit Card,False
C13737,Basic,Monthly,369.32,Wallet,False
C13738,Basic,Annual,421.28,UPI,True
C13739,Standard,Monthly,750.28,Wallet,True
C13740,Standard,Monthly,754.17,Debit Card,True
C13741,Premium,Annual,1430.29,Credit Card,False
C13742,Basic,Monthly,324.5,UPI,False
C13743,Basic,Monthly,479.8,Credit Card,False
C13744,Standard,Monthly,839.67,Credit Card,True
C13745,Basic,Monthly,307.84,Net Banking,True
C13746,Premium,Monthly,1452.32,Credit Card,True
C13747,Basic,Monthly,466.17,Credit Card,False
C13748,Basic,Monthly,339.63,UPI,True
C13749,Premium,Annual,1236.26,Credit Card,False
C13750,Basic,Annual,302.26,Credit Card,True
C13751,Premium,Annual,1451.62,Wallet,True
C13752,Basic,Monthly,319.12,Debit Card,True
C13753,Basic,Monthly,475.85,UPI,False
C13754,Standard,Monthly,881.86,UPI,True
C13755,Standard,Monthly,668.18,Credit Card,False
C13756,Basic,Annual,358.83,Debit Card,True
C13757,Basic,Monthly,485.99,Credit Card,True
C13758,Standard,Monthly,638.7,Debit Card,False
C13759,Standard,Monthly,809.53,Debit Card,True
C13760,Basic,Monthly,491.35,Credit Card,True
C13761,Premium,Monthly,1467.16,Credit Card,False
C13762,Standard,Monthly,744.84,UPI,False
C13763,Standard,Monthly,619.94,Credit Card,False
C13764,Standard,Annual,688.55,Debit Card,True
C13765,Basic,Annual,442.33,Wallet,True
C13766,Standard,Monthly,631.12,Debit Card,False
C13767,Premium,Annual,1397.28,UPI,True
C13768,Basic,Monthly,409.86,UPI,False
C13769,Standard,Annual,688.82,Credit Card,False
C13770,Premium,Monthly,1343.44,UPI,False
C13771,Basic,Monthly,311.28,UPI,False
C13772,Premium,Monthly,1308.45,Credit Card,False
C13773,Standard,Monthly,809.39,Debit Card,False
C13774,Basic,Monthly,411.31,Debit Card,False
C13775,Basic,Annual,386.58,UPI,True
C13776,Standard,Monthly,795.77,Debit Card,True
C13777,Basic,Monthly,424.65,Debit Card,False
C13778,Standard,Monthly,881.84,Credit Card,True
C13779,Basic,Annual,362.73,Wallet,True
C13780,Standard,Annual,686.47,UPI,True
C13781,Premium,Monthly,1408.54,Credit Card,True
C13782,Basic,Monthly,395.3,Wallet,False
C13783,Basic,Annual,401.59,UPI,True
C13784,Basic,Monthly,486.15,UPI,False
C13785,Basic,Monthly,427.17,Debit Card,True
C13786,Basic,Annual,459.72,Wallet,False
C13787,Basic,Annual,319.2,Debit Card,True
C13788,Basic,Monthly,453.01,UPI,True
C13789,Premium,Monthly,1405.77,Credit Card,False
C13790,Standard,Annual,852.63,UPI,True
C13791,Premium,Monthly,1009.05,UPI,True
C13792,Premium,Annual,1088.86,Credit Card,True
C13793,Basic,Monthly,307.55,Debit Card,False
C13794,Standard,Monthly,769.82,Net Banking,False
C13795,Basic,Monthly,413.19,Credit Card,False
C13796,Standard,Monthly,739.79,Net Banking,False
C13797,Basic,Monthly,493.21,UPI,False
C13798,Standard,Monthly,645.69,UPI,True
C13799,Standard,Monthly,777.27,Credit Card,False
C13800,Standard,Monthly,780.68,Debit Card,False
C13801,Standard,Monthly,811.93,Debit Card,False
C13802,Basic,Monthly,345.61,Credit Card,False
C13803,Premium,Monthly,1126.56,UPI,False
C13804,Basic,Monthly,395.52,UPI,False
C13805,Standard,Monthly,764.11,Net Banking,True
C13806,Basic,Annual,387.26,Net Banking,True
C13807,Premium,Monthly,1123.46,Credit Card,True
C13808,Basic,Monthly,438.64,UPI,True
C13809,Basic,Monthly,434.3,Net Banking,False
C13810,Standard,Monthly,602.15,UPI,False
C13811,Basic,Monthly,434.27,UPI,False
C13812,Standard,Monthly,767.31,Credit Card,False
C13813,Premium,Monthly,1040.69,Credit Card,True
C13814,Basic,Monthly,368.55,UPI,False
C13815,Standard,Annual,768.16,Credit Card,True
C13816,Standard,Monthly,838.5,UPI,True
C13817,Basic,Monthly,355.21,UPI,False
C13818,Basic,Monthly,471.98,Net Banking,True
C13819,Premium,Monthly,1405.1,Net Banking,False
C13820,Premium,Annual,1231.29,UPI,False
C13821,Premium,Monthly,1071.3,Credit Card,True
C13822,Basic,Monthly,391.72,Credit Card,False
C13823,Basic,Annual,459.43,Credit Card,True
C13824,Standard,Monthly,742.18,Credit Card,False
C13825,Basic,Monthly,359.61,Debit Card,True
C13826,Basic,Monthly,327.77,Credit Card,True
C13827,Premium,Monthly,1212.51,Debit Card,False
C13828,Standard,Monthly,889.43,Debit Card,False
C13829,Premium,Monthly,1143.11,UPI,False
C13830,Premium,Annual,1078.44,UPI,True
C13831,Standard,Monthly,605.47,UPI,False
C13832,Standard,Monthly,767.33,UPI,False
C13833,Basic,Monthly,406.8,Credit Card,False
C13834,Premium,Monthly,1318.57,UPI,True
C13835,Standard,Annual,728.07,UPI,True
C13836,Standard,Monthly,762.86,Net Banking,False
C13837,Basic,Monthly,486.4,Debit Card,False
C13838,Standard,Monthly,729.89,Debit Card,True
C13839,Standard,Monthly,795.6,Credit Card,True
C13840,Premium,Monthly,1364.15,UPI,False
C13841,Standard,Monthly,838.28,Credit Card,True
C13842,Standard,Monthly,661.63,UPI,False
C13843,Premium,Monthly,1233.49,Wallet,False
C13844,Basic,Monthly,376.98,Debit Card,True
C13845,Standard,Monthly,798.42,Credit Card,False
C13846,Basic,Annual,452.39,Net Banking,True
C13847,Basic,Monthly,363.27,Net Banking,False
C13848,Standard,Monthly,621.14,Credit Card,False
C13849,Basic,Monthly,422.33,Credit Card,False
C13850,Standard,Monthly,826.13,Debit Card,True
C13851,Standard,Monthly,653.8,Credit Card,False
C13852,Basic,Monthly,340.67,Credit Card,False
C13853,Basic,Monthly,382.24,UPI,False
C13854,Premium,Monthly,1085.58,Credit Card,False
C13855,Basic,Monthly,394.68,UPI,False
C13856,Standard,Monthly,715.09,UPI,False
C13857,Premium,Monthly,1438.81,UPI,True
C13858,Basic,Monthly,358.59,Net Banking,True
C13859,Standard,Monthly,707.69,UPI,False
C13860,Basic,Monthly,399.85,Debit Card,False
C13861,Standard,Monthly,754.67,Debit Card,True
C13862,Basic,Annual,405.87,UPI,True
C13863,Premium,Annual,1304.65,Wallet,True
C13864,Premium,Monthly,1106.54,Wallet,True
C13865,Basic,Monthly,381.97,Debit Card,False
C13866,Standard,Monthly,602.15,Credit Card,True
C13867,Standard,Monthly,710.36,UPI,False
C13868,Premium,Monthly,1219.82,Credit Card,False
C13869,Standard,Monthly,663.01,UPI,False
C13870,Premium,Monthly,1299.9,UPI,True
C13871,Standard,Annual,658.17,Credit Card,True
C13872,Standard,Annual,708.02,UPI,False
C13873,Basic,Monthly,366.28,Net Banking,False
C13874,Basic,Monthly,414.32,UPI,True
C13875,Basic,Annual,476.8,Credit Card,True
C13876,Basic,Annual,426.96,UPI,True
C13877,Basic,Annual,328.95,Debit Card,False
C13878,Premium,Monthly,1101.42,UPI,False
C13879,Standard,Annual,835.25,Debit Card,True
C13880,Standard,Monthly,663.03,Debit Card,False
C13881,Basic,Monthly,340.97,Wallet,False
C13882,Standard,Monthly,854.46,UPI,True
C13883,Standard,Monthly,715.66,Credit Card,False
C13884,Standard,Monthly,739.54,Wallet,True
C13885,Basic,Annual,474.92,Debit Card,True
C13886,Standard,Monthly,730.22,Credit Card,False
C13887,Standard,Annual,863.07,UPI,True
C13888,Basic,Monthly,301.59,Credit Card,True
C13889,Standard,Monthly,778.29,Net Banking,True
C13890,Standard,Monthly,739.26,Debit Card,False
C13891,Basic,Monthly,349.57,UPI,False
C13892,Standard,Monthly,640.94,UPI,True
C13893,Basic,Monthly,452.39,Debit Card,True
C13894,Standard,Annual,621.66,UPI,True
C13895,Basic,Monthly,443.04,Credit Card,True
C13896,Basic,Annual,393.45,Debit Card,True
C13897,Basic,Monthly,436.69,Debit Card,True
C13898,Premium,Annual,1391.87,Credit Card,True
C13899,Premium,Annual,1276.88,Net Banking,False
C13900,Basic,Annual,479.42,Debit Card,False
C13901,Standard,Monthly,654.98,Net Banking,False
C13902,Standard,Monthly,764.0,Credit Card,False
C13903,Basic,Annual,384.91,UPI,False
C13904,Standard,Annual,633.47,UPI,False
C13905,Basic,Annual,447.44,UPI,True
C13906,Basic,Annual,445.35,UPI,True
C13907,Basic,Annual,349.46,Net Banking,True
C13908,Standard,Annual,807.22,Credit Card,True
C13909,Standard,Monthly,862.28,UPI,True
C13910,Basic,Monthly,439.43,Debit Card,False
C13911,Standard,Monthly,861.22,UPI,False
C13912,Standard,Annual,797.22,Credit Card,False
C13913,Premium,Annual,1223.01,UPI,True
C13914,Standard,Monthly,646.33,UPI,False
C13915,Basic,Monthly,389.08,Credit Card,True
C13916,Standard,Monthly,713.55,Net Banking,False
C13917,Basic,Monthly,453.25,UPI,False
C13918,Basic,Annual,306.29,UPI,True
C13919,Basic,Annual,345.45,UPI,True
C13920,Premium,Monthly,1322.71,Credit Card,False
C13921,Standard,Annual,620.53,Credit Card,True
C13922,Basic,Monthly,342.61,Debit Card,False
C13923,Standard,Monthly,687.03,Debit Card,False
C13924,Premium,Monthly,1229.05,Net Banking,True
C13925,Standard,Annual,655.53,Debit Card,True
C13926,Standard,Monthly,737.25,Credit Card,False
C13927,Standard,Monthly,680.6,Debit Card,False
C13928,Basic,Annual,311.85,Debit Card,True
C13929,Basic,Monthly,395.53,UPI,True
C13930,Basic,Annual,346.04,UPI,True
C13931,Basic,Monthly,328.5,UPI,False
C13932,Standard,Monthly,759.28,Wallet,False
C13933,Basic,Monthly,356.28,Wallet,False
C13934,Premium,Monthly,1234.81,Net Banking,False
C13935,Basic,Annual,465.86,Credit Card,False
C13936,Basic,Annual,318.0,Credit Card,True
C13937,Premium,Monthly,1209.57,Debit Card,True
C13938,Basic,Monthly,369.21,Wallet,False
C13939,Basic,Annual,323.52,Credit Card,True
C13940,Standard,Monthly,658.41,Credit Card,False
C13941,Standard,Monthly,740.97,UPI,False
C13942,Basic,Monthly,452.74,Wallet,True
C13943,Basic,Monthly,450.19,Wallet,True
C13944,Basic,Monthly,354.77,Wallet,True
C13945,Standard,Monthly,608.89,Net Banking,False
C13946,Standard,Annual,886.62,Net Banking,True
C13947,Basic,Monthly,481.48,Wallet,True
C13948,Standard,Monthly,735.27,Credit Card,True
C13949,Premium,Monthly,1119.95,Debit Card,False
C13950,Basic,Monthly,447.72,Credit Card,False
C13951,Basic,Annual,385.82,UPI,True
C13952,Standard,Monthly,601.34,Credit Card,True
C13953,Basic,Monthly,329.07,Net Banking,False
C13954,Basic,Monthly,491.12,UPI,True
C13955,Basic,Monthly,498.24,Debit Card,True
C13956,Standard,Monthly,832.84,Net Banking,True
C13957,Premium,Annual,1140.89,Credit Card,True
C13958,Basic,Monthly,453.84,Credit Card,True
C13959,Basic,Annual,299.52,Credit Card,True
C13960,Premium,Monthly,1395.39,UPI,False
C13961,Basic,Monthly,447.43,Wallet,True
C13962,Premium,Monthly,1362.89,UPI,True
C13963,Basic,Annual,386.03,Credit Card,False
C13964,Standard,Monthly,729.92,UPI,False
C13965,Standard,Monthly,687.97,Debit Card,False
C13966,Basic,Monthly,427.65,Net Banking,False
C13967,Premium,Annual,1464.45,Credit Card,True
C13968,Standard,Monthly,631.08,Debit Card,False
C13969,Standard,Annual,717.09,Debit Card,False
C13970,Basic,Annual,425.92,UPI,False
C13971,Standard,Annual,806.31,Credit Card,False
C13972,Basic,Monthly,452.44,Wallet,False
C13973,Standard,Annual,866.75,Debit Card,True
C13974,Basic,Annual,435.34,Credit Card,True
C13975,Standard,Monthly,865.94,UPI,False
C13976,Standard,Annual,737.9,UPI,True
C13977,Standard,Monthly,650.9,UPI,False
C13978,Basic,Monthly,385.23,Debit Card,False
C13979,Basic,Monthly,356.85,UPI,False
C13980,Standard,Monthly,781.63,Net Banking,False
C13981,Basic,Monthly,471.48,Debit Card,False
C13982,Standard,Annual,808.47,Credit Card,True
C13983,Premium,Annual,1461.08,UPI,True
C13984,Standard,Monthly,869.18,UPI,False
C13985,Standard,Annual,862.66,UPI,True
C13986,Standard,Monthly,861.06,Debit Card,False
C13987,Basic,Annual,408.71,Credit Card,True
C13988,Basic,Annual,470.23,Net Banking,True
C13989,Standard,Monthly,694.41,Net Banking,True
C13990,Standard,Annual,843.48,UPI,True
C13991,Standard,Monthly,808.17,Wallet,False
C13992,Basic,Monthly,466.57,UPI,False
C13993,Premium,Annual,1356.56,Debit Card,True
C13994,Standard,Monthly,672.29,Debit Card,False
C13995,Basic,Annual,421.41,Credit Card,True
C13996,Standard,Monthly,764.52,Wallet,True
C13997,Basic,Monthly,488.23,Net Banking,True
C13998,Standard,Annual,888.09,Debit Card,False
C13999,Standard,Monthly,844.89,Debit Card,True
C14000,Standard,Annual,699.06,Credit Card,True
C14001,Premium,Monthly,1076.64,UPI,True
C14002,Standard,Monthly,859.29,Debit Card,False
C14003,Standard,Annual,871.3,UPI,True
C14004,Premium,Monthly,1357.69,Credit Card,True
C14005,Standard,Monthly,779.36,Net Banking,True
C14006,Standard,Annual,871.32,UPI,True
C14007,Basic,Annual,415.84,Credit Card,True
C14008,Basic,Monthly,314.98,Credit Card,False
C14009,Standard,Annual,766.8,UPI,True
C14010,Standard,Monthly,764.33,Debit Card,False
C14011,Standard,Monthly,607.99,Credit Card,False
C14012,Basic,Monthly,476.78,Wallet,False
C14013,Basic,Monthly,485.81,UPI,True
C14014,Standard,Annual,673.03,UPI,False
C14015,Basic,Monthly,371.47,Credit Card,True
C14016,Standard,Monthly,759.11,UPI,False
C14017,Standard,Annual,661.8,UPI,True
C14018,Standard,Annual,889.53,Credit Card,True
C14019,Standard,Monthly,724.12,Net Banking,False
C14020,Standard,Annual,689.4,Wallet,True
C14021,Basic,Annual,379.12,Debit Card,True
C14022,Premium,Monthly,1311.55,Net Banking,True
C14023,Premium,Monthly,1225.92,Credit Card,False
C14024,Basic,Annual,474.42,UPI,False
C14025,Premium,Monthly,1423.71,UPI,False
C14026,Standard,Monthly,791.23,Credit Card,False
C14027,Basic,Monthly,359.51,Credit Card,False
C14028,Basic,Monthly,423.28,UPI,False
C14029,Basic,Monthly,379.92,Debit Card,False
C14030,Basic,Monthly,411.12,Debit Card,True
C14031,Basic,Monthly,359.94,Net Banking,False
C14032,Standard,Monthly,886.56,Debit Card,False
C14033,Basic,Monthly,301.79,Credit Card,False
C14034,Basic,Annual,350.37,Credit Card,True
C14035,Standard,Monthly,805.17,Wallet,True
C14036,Standard,Monthly,806.04,Credit Card,False
C14037,Premium,Annual,1357.98,Credit Card,False
C14038,Standard,Annual,697.57,UPI,True
C14039,Premium,Monthly,1252.68,UPI,True
C14040,Standard,Monthly,824.46,Credit Card,True
C14041,Standard,Annual,688.43,Debit Card,True
C14042,Basic,Annual,347.06,Credit Card,True
C14043,Standard,Annual,791.42,Credit Card,True
C14044,Premium,Monthly,1056.97,Credit Card,False
C14045,Standard,Annual,625.13,Wallet,True
C14046,Standard,Annual,845.7,Net Banking,False
C14047,Basic,Annual,434.47,UPI,True
C14048,Premium,Monthly,1399.38,Debit Card,True
C14049,Premium,Annual,1158.97,Credit Card,False
C14050,Standard,Monthly,773.94,Net Banking,False
C14051,Standard,Annual,759.67,Credit Card,True
C14052,Standard,Annual,881.5,Net Banking,True
C14053,Basic,Monthly,483.33,UPI,False
C14054,Basic,Annual,361.42,UPI,True
C14055,Basic,Annual,381.69,UPI,True
C14056,Basic,Annual,325.92,Credit Card,True
C14057,Standard,Monthly,661.5,UPI,False
C14058,Basic,Monthly,382.2,Debit Card,False
C14059,Basic,Annual,497.95,UPI,True
C14060,Standard,Monthly,744.23,UPI,False
C14061,Standard,Monthly,765.61,Wallet,False
C14062,Standard,Monthly,823.16,UPI,True
C14063,Basic,Monthly,468.63,Debit Card,True
C14064,Standard,Monthly,818.09,UPI,False
C14065,Basic,Annual,418.24,Credit Card,False
C14066,Basic,Monthly,492.18,UPI,False
C14067,Premium,Monthly,1406.56,Net Banking,False
C14068,Basic,Monthly,328.72,Debit Card,False
C14069,Standard,Monthly,857.09,Debit Card,True
C14070,Premium,Monthly,1237.62,Credit Card,False
C14071,Basic,Annual,441.84,Credit Card,True
C14072,Premium,Annual,1060.35,Credit Card,True
C14073,Premium,Annual,1122.88,Credit Card,True
C14074,Standard,Annual,691.48,Credit Card,True
C14075,Standard,Monthly,674.95,UPI,False
C14076,Basic,Monthly,496.58,Credit Card,False
C14077,Standard,Annual,744.33,Credit Card,True
C14078,Basic,Monthly,389.77,Credit Card,True
C14079,Standard,Monthly,639.28,Credit Card,True
C14080,Basic,Annual,348.44,Credit Card,True
C14081,Premium,Monthly,1277.8,Net Banking,True
C14082,Basic,Monthly,347.83,UPI,False
C14083,Premium,Monthly,1478.2,Credit Card,True
C14084,Standard,Monthly,823.59,UPI,False
C14085,Basic,Monthly,422.16,UPI,False
C14086,Basic,Monthly,426.07,UPI,True
C14087,Basic,Monthly,314.97,Debit Card,True
C14088,Basic,Monthly,487.56,UPI,False
C14089,Basic,Monthly,393.37,UPI,True
C14090,Standard,Annual,748.64,Wallet,True
C14091,Basic,Annual,373.08,Credit Card,True
C14092,Basic,Monthly,456.98,Wallet,False
C14093,Basic,Monthly,331.1,Debit Card,True
C14094,Standard,Monthly,867.2,Credit Card,False
C14095,Premium,Monthly,1400.89,Debit Card,True
C14096,Premium,Annual,1314.51,Credit Card,False
C14097,Basic,Monthly,313.5,Credit Card,False
C14098,Premium,Annual,1423.02,Debit Card,True
C14099,Basic,Monthly,341.68,Credit Card,False
C14100,Premium,Monthly,1108.14,Net Banking,False
C14101,Basic,Monthly,433.09,UPI,False
C14102,Standard,Monthly,801.26,UPI,True
C14103,Standard,Monthly,769.77,Credit Card,False
C14104,Standard,Monthly,790.94,UPI,False
C14105,Basic,Monthly,394.05,Debit Card,True
C14106,Premium,Annual,1301.01,Credit Card,False
C14107,Standard,Monthly,889.53,Credit Card,True
C14108,Basic,Monthly,417.83,Credit Card,True
C14109,Premium,Annual,1491.1,Credit Card,True
C14110,Standard,Annual,631.79,UPI,True
C14111,Standard,Monthly,720.18,Credit Card,True
C14112,Basic,Annual,303.29,Credit Card,True
C14113,Basic,Annual,438.15,Net Banking,True
C14114,Premium,Monthly,1429.89,Credit Card,True
C14115,Basic,Annual,377.71,Credit Card,True
C14116,Standard,Annual,667.2,Credit Card,True
C14117,Premium,Monthly,1098.3,Debit Card,True
C14118,Basic,Monthly,384.11,Wallet,False
C14119,Basic,Annual,368.91,UPI,True
C14120,Basic,Monthly,481.73,Credit Card,True
C14121,Basic,Annual,356.2,Debit Card,False
C14122,Basic,Monthly,348.0,UPI,True
C14123,Standard,Monthly,712.23,UPI,True
C14124,Basic,Annual,444.88,UPI,True
C14125,Basic,Annual,422.55,Debit Card,True
C14126,Basic,Monthly,390.27,Credit Card,False
C14127,Basic,Monthly,415.57,UPI,True
C14128,Basic,Annual,427.35,UPI,True
C14129,Standard,Annual,704.02,Wallet,True
C14130,Basic,Monthly,306.87,Debit Card,False
C14131,Basic,Annual,492.14,Credit Card,True
C14132,Basic,Monthly,347.7,UPI,False
C14133,Basic,Annual,417.22,Credit Card,True
C14134,Standard,Annual,801.07,Debit Card,True
C14135,Standard,Monthly,798.4,Debit Card,False
C14136,Premium,Monthly,1354.33,Credit Card,True
C14137,Basic,Monthly,398.77,UPI,False
C14138,Standard,Monthly,897.61,Wallet,False
C14139,Basic,Annual,325.27,UPI,True
C14140,Basic,Monthly,384.08,Net Banking,False
C14141,Basic,Annual,449.15,Debit Card,True
C14142,Premium,Annual,1236.63,UPI,True
C14143,Premium,Monthly,1288.66,Wallet,True
C14144,Premium,Annual,1111.57,Net Banking,False
C14145,Premium,Monthly,1382.69,Debit Card,False
C14146,Basic,Monthly,372.05,Credit Card,False
C14147,Premium,Monthly,1140.36,UPI,True
C14148,Basic,Annual,421.74,Net Banking,True
C14149,Standard,Monthly,879.69,Debit Card,False
C14150,Basic,Annual,425.65,Debit Card,True
C14151,Basic,Annual,327.17,Credit Card,False
C14152,Premium,Monthly,1284.52,Wallet,False
C14153,Basic,Annual,386.18,Debit Card,True
C14154,Basic,Annual,492.86,Credit Card,True
C14155,Premium,Monthly,1292.65,Wallet,False
C14156,Standard,Monthly,696.31,Credit Card,False
C14157,Basic,Monthly,466.6,Wallet,False
C14158,Standard,Annual,865.89,UPI,True
C14159,Basic,Annual,425.0,UPI,True
C14160,Standard,Monthly,897.31,UPI,False
C14161,Basic,Annual,436.32,UPI,True
C14162,Basic,Monthly,348.92,UPI,True
C14163,Standard,Monthly,613.78,Credit Card,True
C14164,Standard,Monthly,867.28,Credit Card,False
C14165,Basic,Annual,383.88,Credit Card,True
C14166,Premium,Monthly,1216.23,Credit Card,False
C14167,Basic,Annual,401.83,Credit Card,True
C14168,Basic,Monthly,457.92,Credit Card,True
C14169,Premium,Monthly,1386.27,Credit Card,True
C14170,Basic,Monthly,380.49,Net Banking,False
C14171,Premium,Monthly,1152.87,UPI,False
C14172,Standard,Monthly,814.27,Credit Card,True
C14173,Standard,Monthly,608.85,Debit Card,False
C14174,Basic,Monthly,377.0,Debit Card,True
C14175,Standard,Monthly,686.23,UPI,False
C14176,Basic,Monthly,300.76,Debit Card,False
C14177,Standard,Monthly,843.83,Net Banking,False
C14178,Premium,Monthly,1374.96,UPI,True
C14179,Basic,Annual,411.42,UPI,True
C14180,Standard,Monthly,809.03,Net Banking,False
C14181,Basic,Monthly,347.9,Credit Card,True
C14182,Basic,Monthly,419.26,Wallet,False
C14183,Standard,Annual,640.51,Credit Card,False
C14184,Basic,Monthly,438.28,Credit Card,False
C14185,Standard,Monthly,606.74,Wallet,False
C14186,Standard,Monthly,725.83,Credit Card,False
C14187,Premium,Monthly,1333.06,Debit Card,True
C14188,Premium,Monthly,1483.11,UPI,False
C14189,Basic,Annual,437.31,UPI,True
C14190,Basic,Monthly,361.79,UPI,False
C14191,Basic,Monthly,389.31,Credit Card,True
C14192,Standard,Monthly,687.35,Credit Card,False
C14193,Standard,Annual,747.03,Credit Card,True
C14194,Standard,Monthly,652.04,Wallet,True
C14195,Standard,Monthly,651.07,Credit Card,True
C14196,Basic,Annual,348.18,UPI,True
C14197,Standard,Monthly,852.31,Credit Card,False
C14198,Basic,Monthly,327.03,Credit Card,True
C14199,Basic,Monthly,390.64,Debit Card,True
C14200,Premium,Annual,1242.23,Wallet,True
C14201,Standard,Monthly,622.22,Credit Card,False
C14202,Standard,Monthly,776.98,Net Banking,False
C14203,Basic,Monthly,313.34,Debit Card,True
C14204,Basic,Monthly,456.99,Credit Card,False
C14205,Basic,Monthly,469.91,UPI,True
C14206,Standard,Annual,828.51,UPI,False
C14207,Basic,Annual,478.24,UPI,False
C14208,Basic,Monthly,340.73,UPI,False
C14209,Basic,Monthly,347.6,Credit Card,False
C14210,Standard,Annual,699.86,UPI,True
C14211,Basic,Annual,440.55,Credit Card,True
C14212,Basic,Monthly,495.19,Net Banking,False
C14213,Basic,Monthly,344.87,Net Banking,True
C14214,Standard,Monthly,856.19,Wallet,True
C14215,Basic,Annual,389.24,Net Banking,True
C14216,Basic,Monthly,399.59,Credit Card,False
C14217,Basic,Monthly,482.93,Debit Card,True
C14218,Premium,Monthly,1283.47,Debit Card,False
C14219,Basic,Annual,397.05,Credit Card,True
C14220,Standard,Monthly,766.32,UPI,True
C14221,Basic,Monthly,495.39,Debit Card,False
C14222,Basic,Annual,300.78,Credit Card,True
C14223,Standard,Annual,649.21,Credit Card,True
C14224,Basic,Monthly,472.12,Debit Card,False
C14225,Basic,Monthly,398.94,UPI,True
C14226,Basic,Annual,351.55,UPI,True
C14227,Basic,Monthly,310.97,Net Banking,False
C14228,Premium,Monthly,1016.32,Wallet,False
C14229,Standard,Monthly,843.41,Debit Card,True
C14230,Premium,Monthly,1175.35,Net Banking,False
C14231,Premium,Annual,1416.92,Credit Card,False
C14232,Premium,Monthly,1047.49,Debit Card,True
C14233,Standard,Monthly,778.35,Credit Card,False
C14234,Standard,Monthly,653.06,Credit Card,False
C14235,Basic,Monthly,385.08,Credit Card,False
C14236,Basic,Monthly,441.92,Credit Card,False
C14237,Standard,Annual,787.18,UPI,True
C14238,Basic,Annual,330.71,Credit Card,True
C14239,Premium,Annual,1180.53,Wallet,True
C14240,Basic,Annual,397.01,UPI,True
C14241,Premium,Monthly,1084.26,Credit Card,False
C14242,Basic,Annual,348.83,UPI,True
C14243,Standard,Annual,809.7,UPI,False
C14244,Standard,Monthly,739.59,Debit Card,True
C14245,Standard,Monthly,821.68,Credit Card,False
C14246,Standard,Annual,780.87,Net Banking,True
C14247,Premium,Monthly,1253.45,UPI,False
C14248,Basic,Monthly,466.39,Credit Card,False
C14249,Basic,Monthly,415.74,Net Banking,True
C14250,Standard,Monthly,791.32,Credit Card,False
C14251,Basic,Monthly,379.63,Credit Card,False
C14252,Basic,Monthly,441.58,Debit Card,False
C14253,Premium,Monthly,1119.13,Debit Card,False
C14254,Basic,Monthly,410.47,UPI,True
C14255,Standard,Monthly,831.09,Debit Card,True
C14256,Premium,Annual,1106.13,Credit Card,True
C14257,Basic,Monthly,394.88,UPI,False
C14258,Premium,Monthly,1063.62,Credit Card,True
C14259,Basic,Monthly,369.35,Credit Card,False
C14260,Standard,Annual,763.66,UPI,True
C14261,Standard,Monthly,748.98,Credit Card,True
C14262,Premium,Monthly,1143.66,Wallet,True
C14263,Basic,Annual,311.89,Debit Card,False
C14264,Basic,Monthly,450.1,Credit Card,False
C14265,Basic,Annual,485.78,Credit Card,True
C14266,Premium,Monthly,1185.42,Net Banking,False
C14267,Premium,Monthly,1103.13,Wallet,True
C14268,Basic,Monthly,324.66,Net Banking,False
C14269,Standard,Annual,782.21,Credit Card,True
C14270,Premium,Monthly,1340.37,UPI,False
C14271,Basic,Monthly,497.2,Credit Card,True
C14272,Basic,Monthly,321.14,Credit Card,True
C14273,Basic,Monthly,400.45,UPI,False
C14274,Premium,Monthly,1246.93,Net Banking,True
C14275,Premium,Monthly,1221.67,UPI,True
C14276,Basic,Annual,413.14,Credit Card,True
C14277,Standard,Monthly,781.34,Wallet,False
C14278,Standard,Annual,641.91,UPI,True
C14279,Standard,Monthly,616.38,Debit Card,True
C14280,Basic,Monthly,428.7,Credit Card,False
C14281,Standard,Annual,767.27,UPI,True
C14282,Basic,Monthly,355.4,Net Banking,False
C14283,Premium,Monthly,1169.79,UPI,False
C14284,Basic,Monthly,310.81,Credit Card,True
C14285,Basic,Annual,386.69,Net Banking,False
C14286,Standard,Monthly,852.87,Debit Card,True
C14287,Basic,Annual,462.18,UPI,True
C14288,Standard,Monthly,714.96,Debit Card,False
C14289,Standard,Monthly,774.29,UPI,False
C14290,Premium,Monthly,1311.26,Debit Card,True
C14291,Premium,Monthly,1104.87,UPI,False
C14292,Basic,Monthly,461.15,UPI,True
C14293,Basic,Monthly,458.75,Credit Card,False
C14294,Basic,Monthly,302.85,Net Banking,False
C14295,Premium,Annual,1216.19,Credit Card,False
C14296,Standard,Monthly,709.23,Wallet,True
C14297,Standard,Monthly,693.97,Wallet,True
C14298,Standard,Monthly,842.32,Wallet,False
C14299,Basic,Annual,299.13,Credit Card,True
C14300,Standard,Annual,793.58,Wallet,True
C14301,Basic,Monthly,469.82,Debit Card,True
C14302,Basic,Monthly,410.81,Debit Card,True
C14303,Standard,Monthly,647.1,UPI,False
C14304,Premium,Monthly,1327.14,UPI,False
C14305,Premium,Annual,1219.02,Credit Card,True
C14306,Basic,Annual,444.29,Credit Card,True
C14307,Premium,Annual,1349.94,Net Banking,True
C14308,Basic,Annual,420.67,Credit Card,True
C14309,Basic,Annual,405.55,Credit Card,True
C14310,Basic,Annual,346.58,UPI,True
C14311,Basic,Monthly,454.82,Net Banking,False
C14312,Standard,Monthly,885.03,Debit Card,False
C14313,Standard,Monthly,875.3,Wallet,False
C14314,Standard,Monthly,754.54,Credit Card,True
C14315,Standard,Monthly,599.27,Debit Card,False
C14316,Basic,Monthly,492.92,Credit Card,False
C14317,Standard,Monthly,695.17,Net Banking,False
C14318,Basic,Monthly,326.99,Debit Card,False
C14319,Standard,Monthly,888.92,UPI,False
C14320,Standard,Annual,819.71,Debit Card,True
C14321,Standard,Monthly,601.11,Debit Card,False
C14322,Basic,Monthly,458.51,Credit Card,False
C14323,Basic,Monthly,332.93,UPI,False
C14324,Standard,Monthly,850.1,Net Banking,True
C14325,Basic,Monthly,438.97,UPI,False
C14326,Standard,Annual,835.47,Debit Card,True
C14327,Basic,Monthly,374.03,Debit Card,True
C14328,Basic,Monthly,315.21,UPI,False
C14329,Premium,Annual,1064.5,Net Banking,False
C14330,Basic,Monthly,374.58,Credit Card,False
C14331,Basic,Annual,438.0,Debit Card,False
C14332,Basic,Monthly,352.8,Wallet,False
C14333,Standard,Monthly,686.03,UPI,True
C14334,Standard,Annual,685.41,Debit Card,True
C14335,Basic,Monthly,349.68,UPI,False
C14336,Standard,Annual,752.55,Debit Card,True
C14337,Standard,Monthly,731.87,UPI,True
C14338,Basic,Annual,321.48,Debit Card,True
C14339,Basic,Monthly,356.77,Credit Card,True
C14340,Premium,Annual,1274.76,UPI,True
C14341,Standard,Monthly,751.34,Credit Card,False
C14342,Basic,Monthly,444.97,Net Banking,False
C14343,Premium,Monthly,1430.14,Credit Card,False
C14344,Premium,Annual,1310.42,Debit Card,True
C14345,Basic,Annual,359.32,Credit Card,True
C14346,Standard,Annual,804.84,Net Banking,True
C14347,Basic,Monthly,418.52,Debit Card,False
C14348,Basic,Monthly,370.51,Wallet,False
C14349,Standard,Annual,683.91,Net Banking,True
C14350,Basic,Monthly,461.13,Credit Card,True
C14351,Premium,Monthly,1320.24,Credit Card,False
C14352,Standard,Monthly,707.3,Credit Card,False
C14353,Basic,Monthly,317.97,Credit Card,False
C14354,Basic,Monthly,337.04,Credit Card,False
C14355,Basic,Monthly,399.59,UPI,True
C14356,Standard,Annual,665.32,UPI,True
C14357,Premium,Monthly,1273.45,Credit Card,False
C14358,Basic,Monthly,417.58,Credit Card,True
C14359,Premium,Monthly,1085.83,UPI,True
C14360,Basic,Monthly,442.64,Net Banking,False
C14361,Basic,Monthly,368.53,Credit Card,True
C14362,Basic,Monthly,467.14,Net Banking,False
C14363,Standard,Monthly,677.97,Wallet,True
C14364,Standard,Monthly,726.87,Credit Card,True
C14365,Basic,Monthly,465.8,UPI,False
C14366,Standard,Annual,859.7,Credit Card,True
C14367,Standard,Monthly,866.62,UPI,False
C14368,Basic,Monthly,303.18,Credit Card,True
C14369,Basic,Monthly,393.39,UPI,False
C14370,Basic,Annual,419.7,Debit Card,True
C14371,Basic,Monthly,388.28,UPI,False
C14372,Basic,Monthly,322.03,Credit Card,False
C14373,Standard,Monthly,843.07,Debit Card,False
C14374,Basic,Annual,307.97,Credit Card,False
C14375,Basic,Monthly,449.02,Credit Card,False
C14376,Basic,Monthly,405.44,Wallet,True
C14377,Basic,Annual,377.66,UPI,True
C14378,Standard,Monthly,615.58,Net Banking,False
C14379,Standard,Monthly,746.19,Credit Card,False
C14380,Basic,Annual,471.3,Credit Card,True
C14381,Premium,Monthly,1364.6,Net Banking,False
C14382,Basic,Annual,446.24,Debit Card,False
C14383,Standard,Monthly,759.6,UPI,False
C14384,Basic,Monthly,314.81,Wallet,True
C14385,Standard,Monthly,855.15,Credit Card,False
C14386,Standard,Monthly,704.61,Debit Card,True
C14387,Basic,Monthly,305.01,Credit Card,False
C14388,Basic,Monthly,303.33,Wallet,True
C14389,Standard,Monthly,613.71,Credit Card,False
C14390,Premium,Annual,1119.26,Credit Card,False
C14391,Premium,Monthly,1163.38,Net Banking,False
C14392,Basic,Annual,467.14,Debit Card,True
C14393,Basic,Monthly,486.76,UPI,False
C14394,Basic,Monthly,467.73,Net Banking,True
C14395,Standard,Monthly,737.24,Debit Card,False
C14396,Basic,Monthly,494.63,Wallet,False
C14397,Premium,Annual,1222.14,UPI,False
C14398,Premium,Monthly,1071.28,Wallet,True
C14399,Standard,Annual,891.81,UPI,True
C14400,Basic,Monthly,437.97,Credit Card,False
C14401,Basic,Monthly,418.23,UPI,True
C14402,Basic,Monthly,466.48,UPI,True
C14403,Basic,Monthly,353.1,Credit Card,True
C14404,Basic,Annual,493.02,Net Banking,True
C14405,Standard,Monthly,763.06,Credit Card,True
C14406,Basic,Monthly,373.55,Credit Card,True
C14407,Basic,Monthly,313.5,Credit Card,False
C14408,Premium,Monthly,1031.94,Net Banking,True
C14409,Standard,Monthly,652.96,Credit Card,False
C14410,Premium,Monthly,1171.32,UPI,False
C14411,Standard,Annual,641.37,Debit Card,True
C14412,Premium,Annual,1461.23,UPI,True
C14413,Basic,Annual,438.75,UPI,True
C14414,Standard,Monthly,779.67,Debit Card,False
C14415,Standard,Monthly,718.73,Debit Card,False
C14416,Basic,Monthly,440.65,Credit Card,True
C14417,Basic,Monthly,451.1,UPI,True
C14418,Basic,Monthly,462.17,Credit Card,True
C14419,Standard,Monthly,829.78,Debit Card,True
C14420,Standard,Annual,610.34,Credit Card,False
C14421,Basic,Monthly,437.04,UPI,True
C14422,Standard,Monthly,881.12,UPI,False
C14423,Basic,Monthly,491.98,Credit Card,True
C14424,Standard,Monthly,848.18,UPI,False
C14425,Basic,Monthly,367.97,Credit Card,False
C14426,Standard,Monthly,754.45,Wallet,True
C14427,Standard,Monthly,780.59,Credit Card,False
C14428,Basic,Annual,351.41,UPI,True
C14429,Basic,Monthly,396.42,UPI,False
C14430,Standard,Monthly,724.18,Credit Card,False
C14431,Basic,Monthly,323.23,Debit Card,False
C14432,Basic,Monthly,338.11,Credit Card,True
C14433,Premium,Monthly,1331.54,Debit Card,False
C14434,Standard,Annual,894.37,Credit Card,False
C14435,Premium,Annual,1125.82,Debit Card,False
C14436,Basic,Annual,304.69,Debit Card,True
C14437,Basic,Annual,355.47,Credit Card,False
C14438,Premium,Monthly,1327.85,Credit Card,False
C14439,Basic,Monthly,340.93,UPI,False
C14440,Basic,Annual,434.53,UPI,True
C14441,Basic,Monthly,343.8,Credit Card,True
C14442,Standard,Monthly,630.04,Credit Card,True
C14443,Premium,Monthly,1206.75,UPI,True
C14444,Premium,Monthly,1248.66,UPI,True
C14445,Basic,Monthly,419.24,Debit Card,False
C14446,Basic,Monthly,417.76,UPI,False
C14447,Basic,Monthly,495.24,Credit Card,False
C14448,Premium,Annual,1239.26,Debit Card,False
C14449,Premium,Monthly,1477.47,Credit Card,False
C14450,Standard,Annual,746.37,Debit Card,True
C14451,Premium,Monthly,1259.91,UPI,False
C14452,Premium,Monthly,1273.71,Wallet,False
C14453,Standard,Monthly,754.08,Debit Card,False
C14454,Premium,Monthly,1417.31,UPI,False
C14455,Basic,Monthly,429.71,Wallet,True
C14456,Standard,Monthly,741.52,Credit Card,False
C14457,Premium,Monthly,1161.68,Credit Card,False
C14458,Basic,Monthly,335.87,Net Banking,False
C14459,Premium,Monthly,1161.67,UPI,True
C14460,Standard,Monthly,650.11,Debit Card,True
C14461,Premium,Annual,1173.22,Debit Card,True
C14462,Basic,Annual,384.5,Debit Card,True
C14463,Basic,Annual,367.92,UPI,True
C14464,Premium,Monthly,1156.92,Net Banking,True
C14465,Premium,Monthly,1003.59,Net Banking,True
C14466,Premium,Annual,1213.91,UPI,True
C14467,Basic,Annual,326.7,UPI,True
C14468,Standard,Monthly,606.05,UPI,True
C14469,Basic,Monthly,460.53,Credit Card,True
C14470,Basic,Monthly,452.84,Debit Card,False
C14471,Basic,Annual,466.77,UPI,False
C14472,Standard,Monthly,608.53,Credit Card,False
C14473,Standard,Monthly,637.97,Debit Card,True
C14474,Standard,Monthly,865.98,Credit Card,True
C14475,Premium,Annual,1355.58,Credit Card,True
C14476,Standard,Monthly,897.88,Debit Card,True
C14477,Premium,Monthly,1128.44,Credit Card,False
C14478,Premium,Monthly,1190.26,Credit Card,False
C14479,Basic,Monthly,357.01,Credit Card,True
C14480,Standard,Monthly,773.77,UPI,False
C14481,Basic,Monthly,376.93,UPI,False
C14482,Standard,Monthly,824.3,Wallet,False
C14483,Standard,Monthly,686.04,UPI,False
C14484,Basic,Monthly,455.33,Credit Card,False
C14485,Basic,Annual,343.85,Net Banking,True
C14486,Premium,Monthly,1396.5,UPI,False
C14487,Standard,Monthly,739.72,Credit Card,True
C14488,Premium,Annual,1111.81,Net Banking,False
C14489,Standard,Monthly,870.18,Debit Card,False
C14490,Standard,Annual,689.78,Credit Card,True
C14491,Standard,Monthly,814.78,Credit Card,False
C14492,Standard,Annual,823.76,UPI,True
C14493,Basic,Monthly,339.35,UPI,False
C14494,Standard,Monthly,688.26,Credit Card,False
C14495,Standard,Monthly,795.24,Credit Card,False
C14496,Basic,Monthly,402.36,Credit Card,False
C14497,Basic,Annual,417.99,Debit Card,False
C14498,Standard,Monthly,620.04,UPI,False
C14499,Standard,Monthly,600.15,Wallet,True
C14500,Premium,Monthly,1383.64,Debit Card,False
C14501,Basic,Monthly,322.84,Credit Card,True
C14502,Basic,Annual,454.22,Debit Card,True
C14503,Basic,Annual,301.85,UPI,False
C14504,Basic,Annual,454.81,UPI,False
C14505,Standard,Monthly,808.74,Debit Card,True
C14506,Premium,Monthly,1286.53,UPI,True
C14507,Premium,Annual,1302.02,Wallet,True
C14508,Standard,Annual,828.38,Debit Card,False
C14509,Premium,Monthly,1294.04,UPI,False
C14510,Standard,Annual,814.9,Wallet,True
C14511,Premium,Annual,1023.41,Credit Card,True
C14512,Premium,Annual,1000.89,Credit Card,True
C14513,Basic,Monthly,460.12,Wallet,True
C14514,Basic,Monthly,478.45,UPI,True
C14515,Basic,Monthly,483.64,Debit Card,True
C14516,Basic,Monthly,459.16,Credit Card,True
C14517,Basic,Monthly,364.89,UPI,False
C14518,Standard,Monthly,768.38,Credit Card,False
C14519,Basic,Monthly,472.32,Debit Card,False
C14520,Basic,Monthly,321.69,Credit Card,False
C14521,Premium,Monthly,1071.08,Net Banking,True
C14522,Basic,Monthly,315.04,Credit Card,False
C14523,Standard,Monthly,887.68,UPI,False
C14524,Standard,Monthly,653.23,Net Banking,False
C14525,Basic,Monthly,309.75,UPI,False
C14526,Basic,Monthly,426.01,Credit Card,False
C14527,Basic,Annual,367.17,Debit Card,False
C14528,Basic,Monthly,340.61,UPI,True
C14529,Premium,Monthly,1244.39,UPI,False
C14530,Standard,Monthly,739.67,Net Banking,False
C14531,Basic,Annual,373.37,Net Banking,False
C14532,Standard,Annual,696.08,UPI,True
C14533,Premium,Monthly,1494.67,Net Banking,False
C14534,Basic,Annual,342.81,UPI,True
C14535,Basic,Monthly,382.24,UPI,False
C14536,Premium,Monthly,1018.68,Credit Card,False
C14537,Basic,Monthly,337.51,Wallet,True
C14538,Basic,Monthly,331.09,Debit Card,False
C14539,Standard,Monthly,666.94,Credit Card,True
C14540,Basic,Annual,450.33,Net Banking,True
C14541,Premium,Monthly,1268.13,UPI,False
C14542,Premium,Monthly,1495.76,UPI,False
C14543,Basic,Annual,326.51,Net Banking,False
C14544,Basic,Annual,488.06,Credit Card,True
C14545,Basic,Monthly,493.7,UPI,False
C14546,Basic,Monthly,321.65,Net Banking,True
C14547,Standard,Monthly,745.21,UPI,False
C14548,Standard,Monthly,867.64,Debit Card,True
C14549,Basic,Monthly,385.81,Credit Card,False
C14550,Basic,Annual,420.71,Credit Card,True
C14551,Basic,Monthly,382.29,Net Banking,False
C14552,Basic,Monthly,487.15,Net Banking,False
C14553,Premium,Monthly,1329.21,Debit Card,False
C14554,Basic,Annual,320.72,Credit Card,True
C14555,Standard,Monthly,671.09,Wallet,True
C14556,Basic,Monthly,435.97,Credit Card,False
C14557,Standard,Monthly,773.23,Credit Card,True
C14558,Standard,Monthly,684.69,Debit Card,True
C14559,Basic,Monthly,456.53,UPI,False
C14560,Basic,Monthly,465.42,Wallet,False
C14561,Basic,Annual,303.43,Wallet,True
C14562,Basic,Annual,354.93,Credit Card,True
C14563,Standard,Annual,778.34,Net Banking,True
C14564,Standard,Monthly,655.79,Wallet,False
C14565,Basic,Monthly,479.72,UPI,True
C14566,Basic,Annual,476.87,UPI,True
C14567,Premium,Annual,999.27,Credit Card,False
C14568,Basic,Annual,430.67,Credit Card,True
C14569,Basic,Monthly,474.57,Credit Card,False
C14570,Premium,Annual,1380.32,UPI,True
C14571,Standard,Monthly,755.88,Credit Card,True
C14572,Standard,Annual,815.24,Credit Card,True
C14573,Basic,Annual,375.39,Net Banking,True
C14574,Basic,Annual,311.44,Credit Card,False
C14575,Basic,Monthly,350.65,Net Banking,False
C14576,Basic,Monthly,365.26,Net Banking,True
C14577,Basic,Monthly,479.9,Net Banking,False
C14578,Standard,Monthly,878.0,UPI,True
C14579,Basic,Monthly,459.19,UPI,False
C14580,Basic,Monthly,395.4,UPI,False
C14581,Basic,Monthly,346.46,Debit Card,False
C14582,Premium,Monthly,1132.86,Debit Card,False
C14583,Basic,Monthly,438.76,UPI,False
C14584,Premium,Monthly,1169.91,Credit Card,True
C14585,Standard,Annual,731.5,UPI,True
C14586,Basic,Monthly,415.86,UPI,False
C14587,Premium,Monthly,1136.23,Credit Card,True
C14588,Basic,Monthly,437.18,Credit Card,False
C14589,Standard,Monthly,654.08,Credit Card,False
C14590,Basic,Monthly,318.09,UPI,False
C14591,Basic,Annual,486.46,Credit Card,True
C14592,Premium,Monthly,1425.56,UPI,False
C14593,Standard,Monthly,807.82,Credit Card,False
C14594,Standard,Monthly,883.33,Debit Card,True
C14595,Basic,Monthly,478.27,Debit Card,False
C14596,Basic,Monthly,353.49,Debit Card,False
C14597,Standard,Monthly,652.67,Debit Card,True
C14598,Basic,Monthly,317.43,Debit Card,False
C14599,Premium,Annual,1204.84,Credit Card,True
C14600,Standard,Monthly,687.66,Credit Card,False
C14601,Standard,Monthly,701.5,Debit Card,False
C14602,Premium,Annual,1407.01,Debit Card,True
C14603,Standard,Annual,655.86,UPI,True
C14604,Basic,Monthly,489.53,Net Banking,True
C14605,Standard,Annual,833.12,Credit Card,True
C14606,Standard,Monthly,847.97,UPI,False
C14607,Basic,Monthly,306.03,Debit Card,False
C14608,Basic,Monthly,332.43,UPI,False
C14609,Basic,Annual,313.67,Credit Card,True
C14610,Basic,Monthly,376.3,Debit Card,True
C14611,Standard,Monthly,625.49,Net Banking,False
C14612,Premium,Annual,1042.74,Credit Card,False
C14613,Standard,Annual,883.79,Wallet,True
C14614,Premium,Monthly,1442.13,Credit Card,False
C14615,Standard,Annual,894.1,Wallet,True
C14616,Premium,Annual,1365.94,Credit Card,False
C14617,Premium,Annual,1245.84,Credit Card,True
C14618,Basic,Monthly,436.54,UPI,False
C14619,Premium,Monthly,1269.81,Debit Card,False
C14620,Premium,Monthly,1265.02,Net Banking,False
C14621,Basic,Annual,414.28,UPI,True
C14622,Basic,Monthly,413.8,Net Banking,False
C14623,Premium,Monthly,1444.79,Debit Card,True
C14624,Basic,Monthly,396.61,Debit Card,False
C14625,Standard,Monthly,734.71,Credit Card,True
C14626,Standard,Monthly,612.48,UPI,False
C14627,Premium,Monthly,1050.03,Debit Card,False
C14628,Standard,Monthly,793.29,Net Banking,False
C14629,Premium,Monthly,1215.93,Wallet,True
C14630,Standard,Monthly,615.99,UPI,True
C14631,Basic,Monthly,422.71,Credit Card,True
C14632,Basic,Monthly,474.72,UPI,False
C14633,Premium,Monthly,1110.68,Debit Card,True
C14634,Standard,Monthly,680.76,Debit Card,False
C14635,Standard,Annual,693.25,Net Banking,True
C14636,Basic,Monthly,405.18,Debit Card,True
C14637,Basic,Annual,431.72,UPI,True
C14638,Standard,Monthly,745.72,Credit Card,False
C14639,Standard,Monthly,680.14,Credit Card,False
C14640,Standard,Monthly,872.52,Credit Card,True
C14641,Basic,Monthly,456.79,Credit Card,False
C14642,Premium,Monthly,1263.29,UPI,True
C14643,Premium,Annual,1146.69,Debit Card,True
C14644,Basic,Monthly,418.43,UPI,False
C14645,Standard,Monthly,794.48,Credit Card,True
C14646,Basic,Monthly,453.47,Credit Card,True
C14647,Basic,Annual,472.12,Credit Card,True
C14648,Basic,Annual,419.97,Debit Card,True
C14649,Basic,Monthly,449.22,Net Banking,False
C14650,Basic,Monthly,349.21,UPI,False
C14651,Basic,Monthly,312.62,UPI,True
C14652,Standard,Monthly,772.35,UPI,True
C14653,Premium,Monthly,1099.69,Credit Card,False
C14654,Standard,Monthly,880.73,Debit Card,False
C14655,Standard,Monthly,607.25,Wallet,False
C14656,Premium,Monthly,1282.94,Debit Card,False
C14657,Basic,Monthly,325.4,Net Banking,True
C14658,Basic,Monthly,466.68,Net Banking,False
C14659,Basic,Monthly,427.6,UPI,False
C14660,Basic,Monthly,448.28,Credit Card,False
C14661,Premium,Monthly,1056.94,Credit Card,True
C14662,Premium,Monthly,1005.65,UPI,False
C14663,Standard,Monthly,795.01,Credit Card,False
C14664,Standard,Monthly,758.56,UPI,False
C14665,Standard,Monthly,739.13,Credit Card,False
C14666,Basic,Annual,340.38,Debit Card,True
C14667,Basic,Monthly,364.73,Credit Card,True
C14668,Standard,Monthly,819.16,Credit Card,False
C14669,Basic,Annual,407.27,Credit Card,True
C14670,Standard,Annual,677.78,UPI,True
C14671,Standard,Monthly,693.37,Debit Card,False
C14672,Basic,Annual,344.71,Credit Card,True
C14673,Basic,Monthly,415.27,Credit Card,False
C14674,Standard,Monthly,703.13,Credit Card,True
C14675,Basic,Annual,475.22,Wallet,True
C14676,Premium,Monthly,1113.16,Credit Card,True
C14677,Basic,Monthly,430.14,Net Banking,False
C14678,Standard,Monthly,788.33,Debit Card,False
C14679,Basic,Annual,361.39,UPI,True
C14680,Standard,Annual,671.6,Credit Card,True
C14681,Standard,Monthly,811.08,Debit Card,False
C14682,Standard,Monthly,700.18,UPI,False
C14683,Premium,Monthly,1294.1,Credit Card,False
C14684,Premium,Monthly,1115.69,Wallet,False
C14685,Standard,Monthly,683.71,Wallet,False
C14686,Premium,Annual,1386.5,UPI,True
C14687,Basic,Monthly,344.93,UPI,True
C14688,Standard,Annual,640.51,Credit Card,False
C14689,Standard,Annual,627.92,Credit Card,False
C14690,Basic,Monthly,408.43,Credit Card,False
C14691,Standard,Monthly,663.63,UPI,False
C14692,Basic,Monthly,405.11,Credit Card,True
C14693,Standard,Monthly,749.05,Credit Card,False
C14694,Standard,Monthly,795.78,Credit Card,True
C14695,Basic,Annual,430.07,Debit Card,True
C14696,Basic,Monthly,492.38,Debit Card,True
C14697,Standard,Monthly,613.79,Debit Card,False
C14698,Basic,Monthly,329.52,Credit Card,False
C14699,Basic,Monthly,323.7,Debit Card,False
C14700,Basic,Monthly,435.25,UPI,False
C14701,Premium,Monthly,1095.94,Debit Card,True
C14702,Basic,Monthly,351.29,UPI,False
C14703,Basic,Annual,392.8,Net Banking,True
C14704,Basic,Monthly,409.45,Net Banking,False
C14705,Basic,Monthly,381.23,Wallet,True
C14706,Premium,Annual,1148.14,UPI,True
C14707,Basic,Monthly,415.76,Net Banking,True
C14708,Basic,Monthly,466.73,UPI,False
C14709,Standard,Monthly,877.65,Wallet,False
C14710,Basic,Monthly,299.18,Credit Card,True
C14711,Premium,Monthly,1442.08,Wallet,False
C14712,Standard,Monthly,645.01,Credit Card,True
C14713,Premium,Monthly,1079.78,Credit Card,False
C14714,Standard,Monthly,812.64,Wallet,True
C14715,Standard,Monthly,726.8,Wallet,True
C14716,Basic,Monthly,429.63,Credit Card,True
C14717,Premium,Monthly,1240.76,Wallet,True
C14718,Standard,Monthly,765.15,UPI,False
C14719,Premium,Monthly,1219.79,Net Banking,False
C14720,Standard,Monthly,795.0,Debit Card,True
C14721,Basic,Annual,427.11,UPI,False
C14722,Basic,Annual,311.71,Debit Card,True
C14723,Standard,Annual,757.16,Credit Card,True
C14724,Premium,Monthly,1281.57,Debit Card,False
C14725,Basic,Annual,327.33,UPI,True
C14726,Standard,Annual,752.15,UPI,True
C14727,Premium,Monthly,1475.81,Debit Card,False
C14728,Basic,Monthly,332.0,Credit Card,False
C14729,Basic,Monthly,349.71,Debit Card,True
C14730,Standard,Monthly,789.26,Debit Card,False
C14731,Basic,Monthly,466.08,Debit Card,False
C14732,Standard,Monthly,865.8,UPI,False
C14733,Basic,Monthly,359.16,Credit Card,False
C14734,Standard,Monthly,887.74,Debit Card,False
C14735,Basic,Monthly,374.87,Debit Card,False
C14736,Standard,Annual,869.07,UPI,True
C14737,Basic,Monthly,475.78,UPI,False
C14738,Basic,Monthly,385.26,Net Banking,False
C14739,Premium,Monthly,1469.27,UPI,True
C14740,Standard,Monthly,764.25,UPI,False
C14741,Basic,Monthly,460.29,Net Banking,False
C14742,Basic,Annual,488.85,Credit Card,True
C14743,Premium,Annual,1223.9,UPI,False
C14744,Basic,Monthly,483.22,Wallet,False
C14745,Premium,Annual,1124.87,UPI,True
C14746,Premium,Monthly,1438.34,UPI,True
C14747,Standard,Annual,838.93,Credit Card,True
C14748,Standard,Monthly,754.57,Credit Card,False
C14749,Standard,Monthly,750.73,Credit Card,True
C14750,Standard,Monthly,853.77,Debit Card,True
C14751,Standard,Monthly,716.84,Debit Card,True
C14752,Premium,Annual,1365.95,Credit Card,True
C14753,Basic,Monthly,458.39,Credit Card,True
C14754,Basic,Annual,412.66,UPI,False
C14755,Standard,Monthly,835.05,Credit Card,False
C14756,Standard,Monthly,821.12,UPI,False
C14757,Basic,Annual,496.06,UPI,True
C14758,Basic,Monthly,405.58,Debit Card,False
C14759,Premium,Monthly,1380.11,UPI,False
C14760,Standard,Monthly,644.3,UPI,False
C14761,Basic,Annual,438.9,Debit Card,True
C14762,Standard,Monthly,840.55,UPI,True
C14763,Basic,Monthly,353.57,UPI,False
C14764,Standard,Monthly,679.31,Debit Card,False
C14765,Standard,Monthly,796.52,Credit Card,False
C14766,Standard,Monthly,647.46,Credit Card,False
C14767,Standard,Monthly,732.22,UPI,False
C14768,Standard,Annual,801.92,Credit Card,False
C14769,Standard,Monthly,831.69,Credit Card,False
C14770,Standard,Monthly,616.58,Debit Card,False
C14771,Basic,Monthly,336.33,Credit Card,False
C14772,Basic,Annual,443.76,Credit Card,True
C14773,Premium,Annual,1335.7,Wallet,True
C14774,Premium,Monthly,1264.16,Debit Card,False
C14775,Basic,Monthly,342.89,UPI,True
C14776,Basic,Monthly,300.64,Credit Card,True
C14777,Basic,Annual,496.94,Debit Card,False
C14778,Basic,Monthly,312.39,Debit Card,False
C14779,Basic,Monthly,442.65,Debit Card,False
C14780,Standard,Monthly,663.52,Net Banking,False
C14781,Basic,Monthly,350.89,Credit Card,True
C14782,Basic,Monthly,483.08,Wallet,False
C14783,Basic,Monthly,403.84,UPI,True
C14784,Premium,Annual,1306.71,Debit Card,True
C14785,Premium,Monthly,1363.29,Credit Card,True
C14786,Premium,Monthly,1209.06,Debit Card,False
C14787,Premium,Monthly,1397.03,Debit Card,False
C14788,Basic,Monthly,395.31,UPI,True
C14789,Basic,Monthly,396.23,Debit Card,False
C14790,Standard,Monthly,610.33,Net Banking,False
C14791,Standard,Monthly,770.37,UPI,False
C14792,Premium,Annual,1141.86,Credit Card,False
C14793,Premium,Annual,1337.44,Debit Card,False
C14794,Basic,Monthly,327.83,UPI,False
C14795,Standard,Annual,694.95,UPI,False
C14796,Standard,Monthly,844.07,Debit Card,True
C14797,Basic,Monthly,329.8,Net Banking,False
C14798,Basic,Monthly,300.64,Debit Card,False
C14799,Basic,Monthly,339.68,UPI,True
C14800,Basic,Monthly,449.91,UPI,False
C14801,Basic,Annual,388.14,Credit Card,False
C14802,Basic,Monthly,416.44,Debit Card,False
C14803,Standard,Monthly,784.08,Wallet,True
C14804,Standard,Annual,765.92,Wallet,True
C14805,Basic,Monthly,383.17,UPI,True
C14806,Basic,Monthly,300.76,Net Banking,False
C14807,Premium,Monthly,1003.9,Credit Card,True
C14808,Basic,Monthly,329.39,Net Banking,True
C14809,Standard,Annual,666.97,Credit Card,False
C14810,Basic,Monthly,356.93,Wallet,False
C14811,Standard,Annual,730.96,Net Banking,False
C14812,Basic,Monthly,477.42,Wallet,False
C14813,Premium,Monthly,1227.89,UPI,True
C14814,Premium,Annual,1084.0,Credit Card,True
C14815,Basic,Monthly,456.13,UPI,False
C14816,Standard,Monthly,883.91,Wallet,False
C14817,Premium,Annual,1174.44,Credit Card,True
C14818,Basic,Monthly,464.03,Credit Card,False
C14819,Basic,Monthly,360.61,UPI,False
C14820,Standard,Monthly,885.63,Credit Card,True
C14821,Premium,Annual,1414.93,Net Banking,True
C14822,Standard,Monthly,840.09,Credit Card,True
C14823,Basic,Monthly,434.62,UPI,True
C14824,Basic,Monthly,435.85,UPI,False
C14825,Basic,Monthly,423.73,Credit Card,True
C14826,Standard,Monthly,637.94,UPI,True
C14827,Standard,Monthly,687.5,Net Banking,True
C14828,Premium,Annual,1227.71,UPI,True
C14829,Basic,Monthly,465.72,UPI,False
C14830,Basic,Annual,411.66,UPI,True
C14831,Premium,Monthly,1174.06,Debit Card,True
C14832,Basic,Monthly,443.47,Wallet,False
C14833,Premium,Annual,1215.15,Debit Card,True
C14834,Premium,Monthly,1391.38,Debit Card,False
C14835,Standard,Monthly,826.2,Wallet,True
C14836,Premium,Monthly,1066.78,Credit Card,True
C14837,Basic,Monthly,300.53,Net Banking,False
C14838,Basic,Annual,350.88,UPI,False
C14839,Basic,Monthly,419.79,UPI,True
C14840,Standard,Monthly,612.65,Debit Card,True
C14841,Premium,Monthly,1260.51,Wallet,False
C14842,Standard,Monthly,855.26,Credit Card,False
C14843,Standard,Monthly,680.17,Debit Card,False
C14844,Premium,Monthly,1233.59,UPI,True
C14845,Standard,Monthly,711.05,Net Banking,False
C14846,Standard,Monthly,775.87,Net Banking,False
C14847,Premium,Monthly,1490.85,Net Banking,False
C14848,Standard,Monthly,693.32,Credit Card,False
C14849,Basic,Annual,493.94,Wallet,False
C14850,Premium,Monthly,1408.14,Wallet,True
C14851,Standard,Annual,619.84,Debit Card,False
C14852,Premium,Annual,1190.41,UPI,True
C14853,Basic,Monthly,383.52,UPI,True
C14854,Standard,Monthly,669.93,Net Banking,True
C14855,Standard,Monthly,827.54,Wallet,True
C14856,Basic,Monthly,381.52,Debit Card,True
C14857,Standard,Monthly,722.97,Net Banking,False
C14858,Premium,Monthly,1264.03,UPI,True
C14859,Standard,Annual,816.26,Credit Card,True
C14860,Basic,Monthly,369.37,Debit Card,False
C14861,Basic,Monthly,355.02,Wallet,True
C14862,Basic,Monthly,480.49,UPI,True
C14863,Premium,Annual,1072.14,Debit Card,True
C14864,Basic,Annual,450.81,Credit Card,True
C14865,Premium,Monthly,1366.51,UPI,True
C14866,Basic,Monthly,486.83,Debit Card,True
C14867,Basic,Monthly,318.78,Debit Card,False
C14868,Basic,Monthly,475.93,UPI,True
C14869,Premium,Monthly,1249.7,UPI,False
C14870,Basic,Monthly,485.57,Net Banking,True
C14871,Basic,Annual,352.66,Debit Card,True
C14872,Basic,Annual,451.88,Credit Card,False
C14873,Standard,Annual,791.49,Debit Card,False
C14874,Basic,Annual,362.94,Credit Card,True
C14875,Basic,Monthly,353.45,Debit Card,True
C14876,Basic,Monthly,369.13,Debit Card,True
C14877,Standard,Monthly,637.43,Credit Card,True
C14878,Premium,Annual,1359.32,Credit Card,True
C14879,Basic,Annual,355.95,UPI,True
C14880,Basic,Monthly,446.39,Net Banking,True
C14881,Basic,Monthly,471.78,Credit Card,False
C14882,Standard,Monthly,812.43,Debit Card,False
C14883,Basic,Monthly,423.0,Credit Card,False
C14884,Basic,Annual,353.0,Credit Card,True
C14885,Premium,Monthly,1030.5,Net Banking,False
C14886,Premium,Annual,1347.04,Wallet,True
C14887,Premium,Monthly,1310.51,Wallet,False
C14888,Premium,Annual,1176.48,Debit Card,False
C14889,Standard,Annual,700.08,Credit Card,True
C14890,Basic,Monthly,300.84,UPI,False
C14891,Basic,Monthly,469.37,Net Banking,False
C14892,Basic,Monthly,385.55,UPI,True
C14893,Standard,Monthly,743.83,UPI,False
C14894,Standard,Monthly,800.16,UPI,False
C14895,Standard,Monthly,680.35,UPI,True
C14896,Basic,Monthly,452.04,Net Banking,False
C14897,Basic,Annual,447.53,Wallet,True
C14898,Premium,Monthly,1294.16,UPI,False
C14899,Standard,Annual,726.19,Net Banking,True
C14900,Basic,Annual,478.25,Debit Card,True
C14901,Basic,Monthly,328.27,Debit Card,False
C14902,Premium,Monthly,1020.12,Credit Card,False
C14903,Basic,Annual,393.17,UPI,True
C14904,Standard,Annual,623.26,UPI,True
C14905,Basic,Annual,318.89,Credit Card,False
C14906,Standard,Monthly,823.63,Debit Card,False
C14907,Basic,Monthly,390.32,Credit Card,False
C14908,Basic,Monthly,424.62,Debit Card,False
C14909,Basic,Monthly,414.62,Credit Card,True
C14910,Basic,Monthly,313.93,Debit Card,True
C14911,Standard,Annual,730.38,Debit Card,False
C14912,Premium,Monthly,1038.94,Debit Card,False
C14913,Premium,Monthly,1490.61,Credit Card,False
C14914,Premium,Annual,1430.76,Credit Card,True
C14915,Basic,Monthly,362.22,Net Banking,False
C14916,Premium,Annual,1214.87,Net Banking,True
C14917,Standard,Annual,730.58,UPI,False
C14918,Standard,Monthly,722.38,Debit Card,True
C14919,Standard,Monthly,756.89,Wallet,False
C14920,Basic,Monthly,448.97,Credit Card,False
C14921,Premium,Annual,1127.45,UPI,True
C14922,Premium,Monthly,1299.45,Credit Card,True
C14923,Standard,Monthly,634.63,Net Banking,False
C14924,Basic,Monthly,447.4,Credit Card,True
C14925,Basic,Annual,365.19,Credit Card,True
C14926,Standard,Monthly,643.92,UPI,False
C14927,Basic,Monthly,327.32,UPI,True
C14928,Basic,Monthly,371.76,Credit Card,False
C14929,Standard,Annual,835.19,UPI,True
C14930,Standard,Annual,636.43,Debit Card,True
C14931,Standard,Monthly,817.23,UPI,False
C14932,Standard,Annual,615.87,Credit Card,True
C14933,Standard,Monthly,727.83,UPI,True
C14934,Basic,Monthly,299.93,Credit Card,True
C14935,Premium,Annual,1356.27,Debit Card,True
C14936,Standard,Monthly,817.66,Credit Card,False
C14937,Basic,Annual,342.74,Credit Card,True
C14938,Premium,Annual,1347.13,Credit Card,True
C14939,Premium,Annual,1275.86,Wallet,False
C14940,Basic,Monthly,371.94,Debit Card,True
C14941,Standard,Monthly,761.07,UPI,False
C14942,Basic,Monthly,405.69,UPI,False
C14943,Standard,Annual,667.81,Debit Card,True
C14944,Standard,Monthly,853.04,UPI,True
C14945,Standard,Monthly,863.78,UPI,False
C14946,Standard,Annual,889.18,UPI,True
C14947,Premium,Monthly,1351.15,Credit Card,True
C14948,Standard,Monthly,818.12,Credit Card,False
C14949,Standard,Monthly,712.42,Credit Card,False
C14950,Basic,Monthly,463.38,UPI,True
C14951,Basic,Monthly,343.51,UPI,True
C14952,Standard,Monthly,647.98,UPI,False
C14953,Standard,Monthly,757.23,Debit Card,True
C14954,Standard,Monthly,844.11,Credit Card,True
C14955,Basic,Monthly,474.5,Debit Card,False
C14956,Premium,Annual,1243.37,Net Banking,False
C14957,Standard,Monthly,803.08,UPI,False
C14958,Standard,Monthly,826.77,Net Banking,False
C14959,Standard,Monthly,790.48,Credit Card,False
C14960,Basic,Monthly,490.43,Credit Card,True
C14961,Premium,Monthly,1362.0,Net Banking,True
C14962,Premium,Annual,1025.41,Debit Card,True
C14963,Basic,Monthly,484.38,Wallet,False
C14964,Standard,Monthly,836.86,UPI,False
C14965,Standard,Annual,676.37,UPI,True
C14966,Premium,Monthly,1075.98,Debit Card,False
C14967,Standard,Monthly,846.36,Debit Card,False
C14968,Standard,Monthly,748.96,UPI,False
C14969,Basic,Monthly,316.86,Net Banking,False
C14970,Premium,Monthly,1300.74,Wallet,False
C14971,Standard,Monthly,827.74,Wallet,False
C14972,Standard,Monthly,684.58,Debit Card,False
C14973,Basic,Monthly,434.89,Credit Card,True
C14974,Basic,Monthly,397.94,UPI,True
C14975,Basic,Annual,380.69,Credit Card,False
C14976,Basic,Annual,453.59,Wallet,True
C14977,Premium,Annual,1108.57,Credit Card,True
C14978,Basic,Monthly,347.1,Credit Card,True
C14979,Standard,Monthly,677.87,Credit Card,True
C14980,Premium,Annual,1023.98,Credit Card,True
C14981,Standard,Monthly,626.62,Credit Card,True
C14982,Basic,Monthly,333.43,Debit Card,False
C14983,Standard,Monthly,725.65,Debit Card,False
C14984,Basic,Monthly,445.84,Net Banking,False
C14985,Basic,Annual,446.47,Credit Card,True
C14986,Standard,Monthly,865.37,Debit Card,True
C14987,Basic,Annual,445.24,UPI,True
C14988,Basic,Monthly,417.16,Credit Card,True
C14989,Premium,Monthly,1304.39,Debit Card,True
C14990,Basic,Monthly,323.56,Credit Card,False
C14991,Standard,Monthly,790.49,UPI,False
C14992,Premium,Monthly,1075.18,Credit Card,True
C14993,Standard,Annual,827.0,Wallet,True
C14994,Premium,Monthly,1326.58,UPI,True
C14995,Basic,Monthly,429.42,Credit Card,True
C14996,Standard,Annual,869.56,Net Banking,True
C14997,Basic,Monthly,347.76,UPI,True
C14998,Basic,Annual,365.59,Credit Card,True
C14999,Standard,Monthly,809.34,Credit Card,False
C15000,Basic,Annual,301.56,Wallet,True
C15001,Basic,Monthly,376.27,UPI,False
C15002,Standard,Monthly,646.3,Wallet,True
C15003,Standard,Monthly,841.64,Debit Card,True
C15004,Standard,Monthly,700.15,Credit Card,False
C15005,Premium,Monthly,1266.7,UPI,False
C15006,Premium,Monthly,1323.92,Credit Card,False
C15007,Standard,Monthly,750.93,Credit Card,False
C15008,Basic,Annual,320.44,UPI,True
C15009,Basic,Monthly,406.11,Debit Card,False
C15010,Standard,Annual,807.73,Credit Card,True
C15011,Basic,Annual,460.34,Credit Card,True
C15012,Basic,Monthly,324.66,Debit Card,False
C15013,Basic,Annual,381.51,Credit Card,False
C15014,Premium,Monthly,1218.86,UPI,False
C15015,Standard,Monthly,887.22,Credit Card,False
C15016,Standard,Monthly,769.47,Debit Card,True
C15017,Standard,Monthly,761.6,Debit Card,False
C15018,Premium,Monthly,1350.4,Net Banking,False
C15019,Basic,Monthly,471.34,Debit Card,False
C15020,Basic,Annual,486.49,Credit Card,True
C15021,Premium,Monthly,1217.59,UPI,False
C15022,Standard,Annual,855.1,Debit Card,False
C15023,Basic,Annual,347.03,Debit Card,True
C15024,Basic,Monthly,306.87,Net Banking,True
C15025,Basic,Annual,348.94,Net Banking,True
C15026,Basic,Monthly,443.83,Credit Card,True
C15027,Premium,Monthly,1221.13,Wallet,False
C15028,Basic,Annual,380.59,Debit Card,True
C15029,Premium,Monthly,1345.32,Credit Card,True
C15030,Basic,Monthly,308.46,Net Banking,True
C15031,Standard,Monthly,831.71,UPI,True
C15032,Standard,Monthly,740.53,Credit Card,True
C15033,Basic,Monthly,324.9,Credit Card,False
C15034,Premium,Monthly,1025.37,Credit Card,False
C15035,Premium,Monthly,1359.95,Debit Card,False
C15036,Premium,Monthly,1196.81,Credit Card,True
C15037,Standard,Annual,889.95,Wallet,True
C15038,Basic,Annual,318.0,UPI,True
C15039,Premium,Annual,1485.37,Net Banking,True
C15040,Premium,Monthly,1302.01,Debit Card,True
C15041,Basic,Monthly,475.84,Credit Card,False
C15042,Standard,Monthly,895.22,Credit Card,False
C15043,Standard,Monthly,883.61,Debit Card,False
C15044,Standard,Monthly,671.25,Debit Card,False
C15045,Basic,Monthly,310.5,UPI,False
C15046,Standard,Annual,863.1,Credit Card,True
C15047,Basic,Monthly,497.09,Debit Card,False
C15048,Premium,Monthly,1391.21,UPI,True
C15049,Standard,Monthly,651.52,UPI,True
C15050,Premium,Annual,1052.94,UPI,True
C15051,Basic,Monthly,443.86,Debit Card,True
C15052,Standard,Annual,637.09,Net Banking,True
C15053,Standard,Monthly,868.75,Wallet,False
C15054,Basic,Monthly,417.62,Credit Card,True
C15055,Basic,Monthly,326.95,Wallet,False
C15056,Basic,Annual,319.24,Credit Card,True
C15057,Basic,Annual,359.43,UPI,True
C15058,Basic,Annual,362.93,UPI,True
C15059,Basic,Monthly,357.33,Credit Card,False
C15060,Basic,Monthly,483.67,Wallet,False
C15061,Basic,Monthly,427.75,UPI,False
C15062,Basic,Annual,464.71,UPI,True
C15063,Basic,Monthly,445.15,Net Banking,True
C15064,Standard,Monthly,850.14,Wallet,True
C15065,Basic,Monthly,319.19,UPI,False
C15066,Premium,Monthly,1113.34,Net Banking,True
C15067,Basic,Monthly,421.02,UPI,True
C15068,Basic,Monthly,498.78,Debit Card,False
C15069,Premium,Monthly,1074.43,Wallet,True
C15070,Basic,Annual,393.45,Credit Card,False
C15071,Standard,Annual,883.59,UPI,False
C15072,Standard,Annual,775.95,UPI,True
C15073,Premium,Monthly,1400.64,UPI,False
C15074,Basic,Monthly,401.35,Credit Card,False
C15075,Standard,Monthly,730.65,Net Banking,False
C15076,Premium,Monthly,1092.13,UPI,False
C15077,Standard,Annual,810.51,UPI,True
C15078,Basic,Annual,299.86,UPI,True
C15079,Basic,Monthly,498.36,UPI,False
C15080,Basic,Monthly,471.37,UPI,True
C15081,Basic,Annual,492.7,Net Banking,True
C15082,Premium,Monthly,1199.97,UPI,False
C15083,Basic,Annual,485.84,Net Banking,False
C15084,Standard,Monthly,740.11,Credit Card,False
C15085,Basic,Monthly,350.29,Credit Card,False
C15086,Basic,Annual,456.73,UPI,False
C15087,Basic,Monthly,368.69,Credit Card,True
C15088,Premium,Annual,1085.05,Credit Card,True
C15089,Basic,Monthly,310.66,Credit Card,False
C15090,Standard,Monthly,885.0,Wallet,True
C15091,Basic,Monthly,412.12,UPI,False
C15092,Standard,Annual,642.44,UPI,True
C15093,Basic,Annual,456.51,Net Banking,True
C15094,Premium,Monthly,1081.17,Credit Card,False
C15095,Standard,Monthly,641.45,Credit Card,False
C15096,Standard,Monthly,848.76,UPI,False
C15097,Basic,Monthly,467.99,Debit Card,False
C15098,Standard,Annual,812.85,Credit Card,False
C15099,Basic,Annual,308.22,UPI,False
C15100,Premium,Annual,1051.69,Debit Card,True
C15101,Basic,Monthly,343.02,Debit Card,False
C15102,Basic,Annual,303.08,UPI,True
C15103,Basic,Annual,490.28,Net Banking,True
C15104,Basic,Annual,441.47,Credit Card,True
C15105,Standard,Annual,886.3,Debit Card,True
C15106,Basic,Monthly,325.93,Debit Card,True
C15107,Basic,Annual,356.66,UPI,True
C15108,Basic,Monthly,421.55,UPI,False
C15109,Standard,Monthly,896.64,UPI,False
C15110,Basic,Monthly,402.19,Debit Card,False
C15111,Basic,Monthly,381.96,Debit Card,False
C15112,Premium,Monthly,1296.68,Credit Card,False
C15113,Standard,Monthly,898.15,Net Banking,True
C15114,Standard,Monthly,630.4,Wallet,False
C15115,Premium,Monthly,1034.4,Debit Card,False
C15116,Standard,Monthly,692.86,Credit Card,False
C15117,Standard,Monthly,673.33,Wallet,True
C15118,Premium,Annual,1358.72,UPI,True
C15119,Premium,Monthly,1211.28,Debit Card,True
C15120,Standard,Monthly,805.57,Credit Card,True
C15121,Basic,Monthly,445.78,Wallet,False
C15122,Premium,Annual,1031.0,Credit Card,True
C15123,Premium,Annual,1314.26,UPI,True
C15124,Basic,Annual,444.86,Credit Card,False
C15125,Premium,Annual,1227.93,Wallet,True
C15126,Premium,Monthly,1420.87,Debit Card,False
C15127,Basic,Monthly,342.53,Credit Card,False
C15128,Standard,Monthly,659.54,Debit Card,False
C15129,Basic,Monthly,432.57,UPI,False
C15130,Basic,Monthly,453.28,UPI,False
C15131,Basic,Monthly,339.98,UPI,False
C15132,Premium,Monthly,1221.45,Net Banking,True
C15133,Basic,Annual,361.43,Credit Card,True
C15134,Basic,Monthly,353.41,UPI,False
C15135,Basic,Monthly,374.31,Debit Card,False
C15136,Standard,Annual,862.2,Net Banking,True
C15137,Premium,Monthly,1383.63,Credit Card,False
C15138,Basic,Monthly,369.11,Wallet,False
C15139,Basic,Annual,329.35,Debit Card,True
C15140,Basic,Monthly,414.34,Debit Card,False
C15141,Basic,Monthly,309.64,Wallet,False
C15142,Basic,Monthly,316.88,Credit Card,False
C15143,Standard,Monthly,848.39,UPI,True
C15144,Basic,Monthly,373.61,Debit Card,False
C15145,Standard,Monthly,624.74,Debit Card,False
C15146,Premium,Annual,1152.96,Wallet,True
C15147,Premium,Monthly,1458.06,Credit Card,False
C15148,Premium,Monthly,1205.95,Debit Card,True
C15149,Basic,Monthly,486.85,UPI,False
C15150,Standard,Monthly,735.02,Credit Card,False
C15151,Premium,Monthly,1411.24,Debit Card,False
C15152,Standard,Monthly,599.88,Net Banking,True
C15153,Standard,Annual,744.99,Debit Card,True
C15154,Standard,Annual,814.53,Credit Card,False
C15155,Standard,Monthly,827.35,Wallet,True
C15156,Standard,Monthly,805.19,Wallet,True
C15157,Basic,Monthly,463.36,Debit Card,True
C15158,Standard,Monthly,820.81,Credit Card,False
C15159,Premium,Monthly,1227.96,Credit Card,False
C15160,Standard,Monthly,633.21,Net Banking,False
C15161,Basic,Monthly,379.59,Debit Card,False
C15162,Basic,Monthly,347.66,UPI,True
C15163,Standard,Annual,778.14,UPI,True
C15164,Standard,Monthly,694.33,Debit Card,False
C15165,Standard,Annual,833.3,Debit Card,True
C15166,Standard,Annual,885.16,Credit Card,True
C15167,Standard,Annual,808.7,Credit Card,True
C15168,Premium,Monthly,1432.81,Debit Card,False
C15169,Standard,Monthly,758.49,Credit Card,True
C15170,Basic,Annual,484.2,Debit Card,True
C15171,Basic,Monthly,300.08,Credit Card,False
C15172,Premium,Monthly,1292.26,Credit Card,False
C15173,Basic,Annual,465.17,Credit Card,True
C15174,Basic,Monthly,302.42,UPI,True
C15175,Standard,Monthly,682.04,UPI,False
C15176,Premium,Annual,1031.23,Credit Card,True
C15177,Basic,Annual,390.62,Debit Card,True
C15178,Standard,Monthly,771.37,Net Banking,False
C15179,Basic,Monthly,304.08,Credit Card,False
C15180,Premium,Annual,1357.17,Net Banking,False
C15181,Standard,Monthly,838.89,Net Banking,True
C15182,Premium,Monthly,1011.48,Credit Card,False
C15183,Premium,Annual,1212.81,Debit Card,True
C15184,Standard,Monthly,865.14,Debit Card,False
C15185,Standard,Monthly,645.83,Wallet,False
C15186,Premium,Annual,1396.83,UPI,False
C15187,Premium,Annual,1345.19,Credit Card,False
C15188,Basic,Annual,408.61,UPI,True
C15189,Standard,Annual,603.85,Credit Card,True
C15190,Standard,Monthly,651.65,Net Banking,True
C15191,Standard,Monthly,870.8,UPI,True
C15192,Basic,Monthly,318.94,Wallet,True
C15193,Premium,Monthly,1099.39,Credit Card,False
C15194,Standard,Monthly,763.21,Net Banking,True
C15195,Premium,Monthly,1204.4,Credit Card,False
C15196,Basic,Monthly,465.21,Credit Card,False
C15197,Standard,Monthly,866.65,Credit Card,True
C15198,Premium,Monthly,1413.75,Net Banking,False
C15199,Standard,Monthly,669.04,Credit Card,False
C15200,Premium,Monthly,1170.23,Credit Card,False
C15201,Standard,Monthly,760.7,Net Banking,False
C15202,Basic,Annual,405.91,UPI,True
C15203,Standard,Monthly,830.04,Debit Card,True
C15204,Basic,Monthly,474.75,Net Banking,True
C15205,Premium,Monthly,1095.3,UPI,False
C15206,Premium,Monthly,1026.12,Debit Card,True
C15207,Standard,Monthly,844.73,Debit Card,False
C15208,Basic,Monthly,436.82,Credit Card,False
C15209,Standard,Annual,811.48,UPI,True
C15210,Basic,Monthly,409.74,Wallet,False
C15211,Premium,Monthly,1411.05,Credit Card,False
C15212,Basic,Monthly,431.99,Debit Card,False
C15213,Premium,Annual,1300.24,UPI,True
C15214,Premium,Monthly,1365.85,UPI,True
C15215,Basic,Annual,442.44,Credit Card,True
C15216,Basic,Annual,354.47,Credit Card,True
C15217,Basic,Annual,301.8,Debit Card,True
C15218,Premium,Annual,1338.39,UPI,True
C15219,Standard,Monthly,798.19,Debit Card,True
C15220,Standard,Monthly,848.43,Debit Card,True
C15221,Basic,Annual,428.94,Wallet,True
C15222,Premium,Monthly,1309.69,Debit Card,True
C15223,Basic,Monthly,430.92,Net Banking,False
C15224,Premium,Monthly,1401.9,UPI,True
C15225,Basic,Annual,321.18,Credit Card,True
C15226,Premium,Monthly,1279.22,Credit Card,False
C15227,Basic,Monthly,414.33,Wallet,False
C15228,Standard,Monthly,697.07,UPI,False
C15229,Basic,Monthly,462.71,UPI,True
C15230,Basic,Annual,376.63,Credit Card,True
C15231,Premium,Annual,1319.33,Debit Card,False
C15232,Standard,Annual,864.11,Debit Card,False
C15233,Basic,Annual,450.12,Credit Card,True
C15234,Standard,Monthly,603.28,Debit Card,True
C15235,Standard,Monthly,889.73,Wallet,True
C15236,Basic,Monthly,389.23,UPI,True
C15237,Basic,Annual,315.05,Credit Card,True
C15238,Standard,Monthly,715.33,UPI,True
C15239,Standard,Monthly,862.69,UPI,True
C15240,Basic,Monthly,398.94,UPI,False
C15241,Standard,Monthly,625.54,UPI,False
C15242,Basic,Monthly,366.46,Wallet,False
C15243,Standard,Monthly,690.01,Debit Card,False
C15244,Basic,Monthly,436.43,UPI,True
C15245,Basic,Annual,498.8,UPI,True
C15246,Standard,Monthly,770.35,UPI,False
C15247,Basic,Monthly,400.63,UPI,False
C15248,Basic,Monthly,384.14,Net Banking,True
C15249,Standard,Monthly,697.54,UPI,False
C15250,Basic,Monthly,463.56,Debit Card,True
C15251,Premium,Monthly,1466.09,Debit Card,True
C15252,Basic,Monthly,328.62,Wallet,False
C15253,Basic,Monthly,497.66,UPI,True
C15254,Basic,Annual,323.64,Debit Card,True
C15255,Basic,Annual,313.76,UPI,True
C15256,Basic,Monthly,367.07,UPI,True
C15257,Standard,Monthly,861.55,Net Banking,False
C15258,Standard,Annual,755.14,Debit Card,True
C15259,Basic,Monthly,405.36,Credit Card,False
C15260,Basic,Annual,380.23,Debit Card,False
C15261,Premium,Monthly,1459.37,Net Banking,False
C15262,Basic,Monthly,364.2,Debit Card,False
C15263,Premium,Monthly,1203.13,Debit Card,False
C15264,Basic,Annual,358.59,Net Banking,True
C15265,Premium,Monthly,1314.21,UPI,False
C15266,Basic,Annual,383.11,UPI,False
C15267,Standard,Monthly,822.01,Wallet,False
C15268,Standard,Monthly,632.24,Debit Card,False
C15269,Basic,Monthly,395.39,UPI,False
C15270,Premium,Monthly,1346.29,Wallet,True
C15271,Standard,Monthly,830.87,Debit Card,True
C15272,Basic,Monthly,376.37,Debit Card,True
C15273,Basic,Monthly,467.86,UPI,True
C15274,Basic,Monthly,449.75,UPI,True
C15275,Premium,Annual,1343.37,Credit Card,False
C15276,Basic,Annual,402.19,Debit Card,True
C15277,Basic,Annual,445.6,Credit Card,False
C15278,Premium,Monthly,1014.69,UPI,False
C15279,Basic,Annual,299.33,Wallet,True
C15280,Standard,Monthly,651.88,Debit Card,False
C15281,Basic,Monthly,304.62,Credit Card,False
C15282,Standard,Annual,652.06,UPI,True
C15283,Standard,Annual,898.49,Debit Card,True
C15284,Standard,Annual,750.21,Credit Card,True
C15285,Basic,Monthly,420.99,UPI,False
C15286,Basic,Monthly,436.84,Wallet,False
C15287,Standard,Monthly,834.15,Wallet,False
C15288,Basic,Annual,414.42,Debit Card,True
C15289,Basic,Monthly,362.89,Credit Card,False
C15290,Premium,Monthly,1047.27,UPI,False
C15291,Basic,Monthly,433.21,Net Banking,True
C15292,Standard,Monthly,766.54,UPI,True
C15293,Basic,Annual,484.97,Debit Card,False
C15294,Basic,Annual,461.79,Credit Card,True
C15295,Standard,Monthly,626.04,UPI,True
C15296,Basic,Monthly,404.37,Wallet,False
C15297,Basic,Monthly,457.7,Credit Card,False
C15298,Standard,Annual,647.19,UPI,True
C15299,Standard,Monthly,881.64,Debit Card,True
C15300,Basic,Monthly,427.33,UPI,True
C15301,Standard,Annual,844.8,UPI,True
C15302,Premium,Monthly,1419.88,UPI,True
C15303,Standard,Monthly,824.05,UPI,False
C15304,Premium,Monthly,1186.58,Credit Card,True
C15305,Basic,Monthly,456.56,Credit Card,False
C15306,Basic,Annual,332.7,Debit Card,False
C15307,Premium,Monthly,1280.2,UPI,False
C15308,Basic,Annual,440.31,Credit Card,True
C15309,Basic,Monthly,337.6,Credit Card,False
C15310,Premium,Annual,1057.31,Credit Card,False
C15311,Premium,Monthly,1033.93,UPI,True
C15312,Basic,Annual,446.62,Debit Card,True
C15313,Standard,Annual,614.4,UPI,True
C15314,Standard,Monthly,866.6,Debit Card,False
C15315,Standard,Monthly,889.98,UPI,False
C15316,Premium,Monthly,1257.0,Credit Card,True
C15317,Basic,Monthly,362.75,Net Banking,False
C15318,Premium,Monthly,1045.31,Credit Card,True
C15319,Premium,Annual,1335.79,Credit Card,True
C15320,Standard,Monthly,891.93,Credit Card,False
C15321,Basic,Annual,300.13,Wallet,True
C15322,Basic,Monthly,352.61,Credit Card,False
C15323,Standard,Monthly,607.79,Wallet,False
C15324,Basic,Monthly,458.08,UPI,True
C15325,Standard,Annual,895.36,Credit Card,True
C15326,Basic,Annual,312.31,Credit Card,False
C15327,Premium,Monthly,1130.9,Debit Card,True
C15328,Premium,Monthly,1082.09,Net Banking,False
C15329,Premium,Monthly,1004.77,Wallet,False
C15330,Premium,Monthly,1254.6,Credit Card,False
C15331,Premium,Monthly,1358.1,Credit Card,False
C15332,Premium,Annual,1155.48,Wallet,True
C15333,Basic,Annual,364.99,UPI,False
C15334,Basic,Monthly,333.16,Debit Card,False
C15335,Basic,Monthly,438.61,UPI,False
C15336,Basic,Annual,354.24,Credit Card,False
C15337,Standard,Annual,728.91,Debit Card,True
C15338,Basic,Monthly,310.47,Debit Card,False
C15339,Standard,Annual,782.78,Credit Card,True
C15340,Standard,Monthly,898.2,Credit Card,True
C15341,Standard,Annual,604.66,Net Banking,False
C15342,Premium,Annual,1221.76,Net Banking,True
C15343,Standard,Monthly,750.08,Wallet,True
C15344,Basic,Annual,328.73,Credit Card,True
C15345,Premium,Monthly,1306.74,Debit Card,True
C15346,Basic,Annual,354.45,Debit Card,True
C15347,Basic,Monthly,481.77,Debit Card,True
C15348,Standard,Monthly,684.34,Wallet,True
C15349,Basic,Monthly,330.73,Credit Card,True
C15350,Basic,Monthly,385.14,Debit Card,False
C15351,Standard,Monthly,828.96,Wallet,False
C15352,Basic,Monthly,440.79,Credit Card,False
C15353,Standard,Monthly,799.47,Wallet,False
C15354,Basic,Annual,488.24,UPI,True
C15355,Standard,Monthly,728.25,Net Banking,False
C15356,Basic,Monthly,412.99,UPI,True
C15357,Basic,Monthly,468.89,UPI,True
C15358,Standard,Annual,825.79,UPI,True
C15359,Basic,Monthly,491.57,Credit Card,True
C15360,Premium,Monthly,1226.62,Credit Card,False
C15361,Premium,Monthly,1479.67,UPI,True
C15362,Basic,Monthly,419.24,Debit Card,True
C15363,Basic,Monthly,386.76,Credit Card,True
C15364,Basic,Monthly,481.69,UPI,False
C15365,Standard,Monthly,810.23,Debit Card,False
C15366,Premium,Monthly,1235.75,UPI,False
C15367,Premium,Monthly,1209.72,UPI,False
C15368,Premium,Monthly,1387.43,Credit Card,True
C15369,Basic,Monthly,361.77,UPI,True
C15370,Basic,Monthly,304.91,UPI,True
C15371,Premium,Monthly,1095.41,Credit Card,False
C15372,Basic,Monthly,315.95,UPI,True
C15373,Premium,Monthly,1325.67,Wallet,False
C15374,Basic,Monthly,451.25,UPI,True
C15375,Standard,Monthly,613.38,Credit Card,False
C15376,Basic,Monthly,479.33,Net Banking,False
C15377,Basic,Annual,299.44,Net Banking,True
C15378,Standard,Monthly,663.56,Net Banking,True
C15379,Basic,Monthly,409.86,Debit Card,False
C15380,Basic,Annual,333.11,Credit Card,False
C15381,Basic,Monthly,430.33,UPI,False
C15382,Standard,Monthly,637.32,UPI,False
C15383,Basic,Monthly,361.31,Debit Card,False
C15384,Premium,Monthly,1231.61,Credit Card,False
C15385,Premium,Annual,1012.09,UPI,True
C15386,Basic,Annual,312.05,Credit Card,True
C15387,Standard,Monthly,754.31,Net Banking,False
C15388,Basic,Monthly,401.71,Wallet,True
C15389,Standard,Monthly,620.28,Credit Card,True
C15390,Premium,Monthly,1272.7,UPI,True
C15391,Standard,Monthly,702.26,Debit Card,False
C15392,Standard,Monthly,803.86,UPI,True
C15393,Standard,Annual,640.91,Credit Card,True
C15394,Basic,Annual,464.07,UPI,True
C15395,Basic,Monthly,304.92,Debit Card,False
C15396,Basic,Monthly,490.29,UPI,True
C15397,Basic,Annual,309.94,Credit Card,True
C15398,Standard,Monthly,601.03,Credit Card,False
C15399,Basic,Monthly,492.68,Debit Card,True
C15400,Standard,Monthly,813.9,UPI,True
C15401,Standard,Monthly,662.8,UPI,False
C15402,Standard,Annual,806.76,UPI,True
C15403,Basic,Monthly,414.65,Debit Card,False
C15404,Basic,Annual,454.9,UPI,True
C15405,Basic,Annual,479.01,Wallet,True
C15406,Premium,Monthly,1258.88,UPI,True
C15407,Basic,Monthly,377.64,Wallet,True
C15408,Standard,Monthly,885.63,Credit Card,False
C15409,Basic,Monthly,439.7,Debit Card,False
C15410,Basic,Monthly,371.71,Credit Card,True
C15411,Basic,Monthly,354.98,UPI,False
C15412,Basic,Monthly,391.39,UPI,False
C15413,Standard,Annual,618.06,Debit Card,True
C15414,Standard,Monthly,731.64,Net Banking,False
C15415,Standard,Monthly,688.83,UPI,True
C15416,Premium,Annual,1283.33,UPI,True
C15417,Premium,Monthly,1168.01,UPI,False
C15418,Basic,Monthly,440.19,UPI,False
C15419,Standard,Annual,754.94,UPI,False
C15420,Basic,Monthly,449.17,Net Banking,True
C15421,Basic,Monthly,469.45,Wallet,False
C15422,Premium,Monthly,1383.63,Credit Card,False
C15423,Standard,Annual,611.09,Credit Card,True
C15424,Basic,Monthly,435.27,Credit Card,True
C15425,Basic,Monthly,314.92,Credit Card,True
C15426,Standard,Monthly,800.73,Debit Card,True
C15427,Premium,Monthly,1128.4,Credit Card,False
C15428,Basic,Annual,461.76,Wallet,True
C15429,Basic,Monthly,319.48,UPI,False
C15430,Basic,Annual,372.59,Credit Card,False
C15431,Standard,Annual,727.9,Credit Card,True
C15432,Standard,Monthly,604.98,Credit Card,True
C15433,Premium,Monthly,1164.97,Debit Card,True
C15434,Standard,Annual,799.68,UPI,True
C15435,Standard,Annual,843.47,Credit Card,True
C15436,Basic,Annual,322.55,Debit Card,True
C15437,Basic,Monthly,460.63,Credit Card,False
C15438,Basic,Monthly,358.89,UPI,False
C15439,Basic,Monthly,344.03,Wallet,True
C15440,Standard,Monthly,808.67,Credit Card,True
C15441,Standard,Annual,644.12,Credit Card,True
C15442,Standard,Monthly,890.85,Wallet,False
C15443,Basic,Annual,352.15,UPI,True
C15444,Basic,Annual,365.01,UPI,True
C15445,Basic,Monthly,303.39,Credit Card,False
C15446,Basic,Monthly,329.14,UPI,False
C15447,Standard,Monthly,606.67,Wallet,True
C15448,Standard,Monthly,627.19,Credit Card,False
C15449,Standard,Monthly,779.52,UPI,False
C15450,Basic,Monthly,486.27,UPI,True
C15451,Standard,Monthly,698.34,UPI,True
C15452,Premium,Annual,1134.45,Credit Card,False
C15453,Standard,Monthly,789.45,Debit Card,False
C15454,Basic,Monthly,314.22,Debit Card,True
C15455,Standard,Monthly,842.63,UPI,False
C15456,Basic,Annual,497.44,UPI,True
C15457,Standard,Monthly,632.43,UPI,False
C15458,Basic,Monthly,492.83,Credit Card,False
C15459,Standard,Monthly,699.69,UPI,True
C15460,Basic,Monthly,434.71,UPI,False
C15461,Standard,Annual,728.47,Wallet,False
C15462,Standard,Annual,717.54,Net Banking,False
C15463,Basic,Annual,408.08,Credit Card,True
C15464,Standard,Monthly,894.72,Debit Card,True
C15465,Standard,Monthly,737.72,Debit Card,False
C15466,Basic,Monthly,491.43,Credit Card,False
C15467,Basic,Monthly,328.62,Debit Card,True
C15468,Basic,Annual,449.31,Net Banking,True
C15469,Basic,Annual,451.2,UPI,True
C15470,Basic,Monthly,391.62,UPI,False
C15471,Basic,Monthly,346.46,UPI,False
C15472,Standard,Monthly,715.16,UPI,True
C15473,Standard,Monthly,731.24,UPI,False
C15474,Premium,Monthly,1456.29,Credit Card,True
C15475,Standard,Monthly,820.96,Net Banking,False
C15476,Standard,Annual,848.62,UPI,False
C15477,Basic,Monthly,345.2,UPI,True
C15478,Basic,Annual,398.74,UPI,False
C15479,Standard,Monthly,664.81,Wallet,False
C15480,Basic,Monthly,446.26,Credit Card,False
C15481,Basic,Monthly,428.84,Debit Card,False
C15482,Premium,Monthly,1493.42,UPI,False
C15483,Premium,Monthly,1107.21,Wallet,True
C15484,Basic,Annual,319.28,UPI,True
C15485,Basic,Annual,342.84,UPI,True
C15486,Basic,Monthly,443.33,UPI,False
C15487,Standard,Annual,682.63,Credit Card,True
C15488,Standard,Monthly,787.76,Credit Card,True
C15489,Basic,Monthly,436.62,Credit Card,True
C15490,Basic,Annual,323.74,Credit Card,False
C15491,Standard,Monthly,850.86,UPI,True
C15492,Standard,Monthly,867.67,Debit Card,False
C15493,Premium,Monthly,1328.8,Credit Card,False
C15494,Basic,Monthly,492.52,Net Banking,True
C15495,Basic,Monthly,394.0,Debit Card,False
C15496,Standard,Monthly,604.58,Debit Card,False
C15497,Basic,Monthly,481.27,Credit Card,False
C15498,Basic,Monthly,300.55,Debit Card,False
C15499,Basic,Monthly,340.15,Wallet,False
C15500,Standard,Monthly,657.06,Credit Card,True
C15501,Basic,Annual,351.48,UPI,True
C15502,Basic,Monthly,454.55,Wallet,False
C15503,Standard,Annual,813.08,Credit Card,True
C15504,Basic,Monthly,326.04,Debit Card,True
C15505,Basic,Monthly,484.51,Wallet,False
C15506,Basic,Monthly,363.21,Net Banking,True
C15507,Basic,Monthly,401.99,UPI,True
C15508,Premium,Monthly,1105.64,UPI,True
C15509,Standard,Monthly,896.16,Net Banking,False
C15510,Premium,Monthly,1412.12,UPI,True
C15511,Premium,Monthly,1178.66,UPI,False
C15512,Standard,Monthly,801.17,Debit Card,False
C15513,Premium,Annual,1227.11,Debit Card,True
C15514,Basic,Annual,468.44,Credit Card,True
C15515,Standard,Monthly,791.25,UPI,False
C15516,Premium,Monthly,1432.92,Credit Card,False
C15517,Standard,Annual,612.4,Credit Card,True
C15518,Basic,Monthly,491.07,Wallet,True
C15519,Standard,Monthly,777.21,UPI,True
C15520,Premium,Monthly,1280.25,Debit Card,True
C15521,Premium,Annual,1187.99,Net Banking,True
C15522,Basic,Annual,316.62,Credit Card,False
C15523,Premium,Annual,1011.8,UPI,True
C15524,Premium,Annual,1470.52,UPI,True
C15525,Standard,Monthly,823.25,Debit Card,False
C15526,Standard,Annual,859.81,Wallet,False
C15527,Basic,Annual,468.04,Credit Card,False
C15528,Basic,Monthly,424.46,UPI,False
C15529,Basic,Monthly,411.36,UPI,False
C15530,Premium,Monthly,1246.42,Debit Card,False
C15531,Standard,Monthly,865.44,Wallet,False
C15532,Basic,Annual,365.31,Wallet,True
C15533,Premium,Annual,1141.88,UPI,True
C15534,Standard,Annual,821.09,Debit Card,True
C15535,Premium,Monthly,1116.66,Credit Card,False
C15536,Basic,Monthly,345.01,Net Banking,True
C15537,Basic,Monthly,305.83,Debit Card,True
C15538,Basic,Annual,376.85,Credit Card,True
C15539,Standard,Annual,843.13,Credit Card,True
C15540,Standard,Monthly,625.42,UPI,True
C15541,Standard,Monthly,639.45,Wallet,False
C15542,Basic,Monthly,449.68,Net Banking,False
C15543,Basic,Monthly,357.0,UPI,True
C15544,Basic,Annual,442.02,Credit Card,True
C15545,Premium,Monthly,1300.84,Net Banking,True
C15546,Standard,Annual,639.0,Debit Card,True
C15547,Standard,Monthly,737.71,UPI,True
C15548,Basic,Monthly,421.47,Net Banking,False
C15549,Basic,Monthly,407.97,Net Banking,False
C15550,Standard,Monthly,666.17,UPI,False
C15551,Standard,Monthly,849.25,Credit Card,False
C15552,Standard,Monthly,637.51,Credit Card,False
C15553,Standard,Monthly,693.06,Debit Card,True
C15554,Basic,Monthly,379.35,Debit Card,True
C15555,Premium,Annual,1395.08,Credit Card,True
C15556,Standard,Annual,897.36,Debit Card,False
C15557,Basic,Monthly,396.86,Debit Card,False
C15558,Basic,Monthly,393.49,Credit Card,False
C15559,Standard,Monthly,735.25,Credit Card,True
C15560,Premium,Monthly,1182.97,Wallet,False
C15561,Standard,Monthly,850.59,UPI,False
C15562,Basic,Monthly,315.27,Debit Card,True
C15563,Basic,Monthly,440.37,UPI,False
C15564,Standard,Monthly,808.34,Credit Card,False
C15565,Basic,Annual,377.86,UPI,True
C15566,Standard,Annual,687.83,Net Banking,True
C15567,Basic,Annual,469.01,UPI,False
C15568,Basic,Monthly,410.03,Debit Card,True
C15569,Premium,Monthly,1205.11,Credit Card,True
C15570,Basic,Monthly,377.12,Credit Card,False
C15571,Premium,Annual,1124.37,UPI,True
C15572,Standard,Monthly,668.24,Net Banking,True
C15573,Basic,Monthly,349.55,UPI,False
C15574,Premium,Annual,1093.62,UPI,True
C15575,Basic,Monthly,369.05,UPI,False
C15576,Basic,Annual,436.36,Wallet,True
C15577,Premium,Monthly,1428.47,Debit Card,False
C15578,Basic,Monthly,485.5,Credit Card,True
C15579,Standard,Monthly,685.7,UPI,True
C15580,Basic,Monthly,441.47,Credit Card,True
C15581,Basic,Annual,441.94,Net Banking,True
C15582,Standard,Monthly,704.42,Credit Card,True
C15583,Premium,Annual,1199.62,Wallet,True
C15584,Premium,Monthly,1112.04,UPI,True
C15585,Standard,Monthly,716.05,Credit Card,False
C15586,Standard,Monthly,827.09,UPI,False
C15587,Standard,Annual,818.57,UPI,True
C15588,Basic,Annual,403.65,Debit Card,False
C15589,Basic,Monthly,488.38,UPI,True
C15590,Premium,Monthly,1402.58,UPI,False
C15591,Basic,Annual,359.3,Debit Card,True
C15592,Basic,Monthly,407.01,UPI,True
C15593,Standard,Annual,872.0,UPI,False
C15594,Basic,Monthly,310.25,UPI,False
C15595,Basic,Monthly,385.29,Net Banking,False
C15596,Standard,Monthly,606.77,UPI,True
C15597,Standard,Monthly,768.23,UPI,True
C15598,Premium,Annual,1355.55,Credit Card,True
C15599,Premium,Monthly,1384.41,Debit Card,False
C15600,Standard,Annual,829.21,UPI,False
C15601,Standard,Monthly,772.11,UPI,False
C15602,Premium,Monthly,1211.69,Credit Card,False
C15603,Standard,Monthly,689.1,Credit Card,False
C15604,Basic,Annual,382.31,UPI,True
C15605,Basic,Monthly,475.49,Debit Card,True
C15606,Premium,Monthly,1306.54,Credit Card,False
C15607,Basic,Annual,384.9,UPI,False
C15608,Basic,Monthly,350.27,Wallet,False
C15609,Basic,Monthly,364.27,UPI,False
C15610,Basic,Monthly,471.9,Debit Card,False
C15611,Premium,Monthly,1114.01,Credit Card,True
C15612,Basic,Monthly,326.22,Credit Card,True
C15613,Basic,Annual,318.86,UPI,True
C15614,Basic,Monthly,352.59,Net Banking,True
C15615,Standard,Monthly,824.95,Credit Card,False
C15616,Standard,Monthly,888.79,UPI,False
C15617,Basic,Monthly,393.51,Debit Card,False
C15618,Premium,Annual,1049.65,Debit Card,True
C15619,Basic,Monthly,408.08,Credit Card,False
C15620,Standard,Monthly,835.44,Debit Card,False
C15621,Basic,Monthly,458.91,Credit Card,False
C15622,Basic,Monthly,425.28,UPI,False
C15623,Basic,Monthly,425.56,Credit Card,False
C15624,Premium,Monthly,1328.07,UPI,True
C15625,Basic,Monthly,336.17,UPI,False
C15626,Standard,Monthly,747.49,Net Banking,True
C15627,Basic,Monthly,331.39,UPI,True
C15628,Basic,Annual,341.77,UPI,True
C15629,Premium,Monthly,1254.03,UPI,True
C15630,Basic,Monthly,451.66,Debit Card,False
C15631,Standard,Monthly,809.25,Credit Card,False
C15632,Basic,Monthly,464.28,Debit Card,False
C15633,Basic,Monthly,455.02,Credit Card,True
C15634,Basic,Monthly,412.8,UPI,False
C15635,Premium,Monthly,1414.06,Credit Card,False
C15636,Premium,Monthly,1301.13,Credit Card,True
C15637,Basic,Monthly,306.37,Credit Card,True
C15638,Premium,Monthly,1154.85,Debit Card,False
C15639,Standard,Annual,825.38,Credit Card,True
C15640,Basic,Annual,408.93,UPI,True
C15641,Standard,Monthly,762.72,Wallet,True
C15642,Premium,Monthly,1096.78,UPI,False
C15643,Basic,Monthly,423.58,Credit Card,False
C15644,Basic,Monthly,490.67,UPI,False
C15645,Basic,Annual,321.88,Credit Card,True
C15646,Basic,Monthly,451.07,Wallet,False
C15647,Basic,Monthly,463.9,UPI,True
C15648,Basic,Monthly,464.65,Net Banking,False
C15649,Standard,Annual,792.79,Net Banking,True
C15650,Basic,Monthly,490.17,UPI,True
C15651,Standard,Annual,716.78,Wallet,False
C15652,Standard,Monthly,749.59,UPI,True
C15653,Basic,Monthly,319.34,Credit Card,False
C15654,Standard,Monthly,807.52,Credit Card,False
C15655,Standard,Monthly,819.59,Credit Card,False
C15656,Basic,Monthly,470.24,Credit Card,True
C15657,Basic,Monthly,480.18,Net Banking,False
C15658,Standard,Annual,624.78,UPI,True
C15659,Basic,Monthly,356.6,Wallet,False
C15660,Basic,Monthly,330.31,Net Banking,False
C15661,Basic,Annual,448.18,Debit Card,True
C15662,Standard,Monthly,783.41,UPI,False
C15663,Standard,Annual,770.64,Debit Card,False
C15664,Standard,Annual,825.5,UPI,False
C15665,Basic,Monthly,362.38,Debit Card,True
C15666,Standard,Monthly,819.29,Net Banking,True
C15667,Basic,Monthly,405.04,UPI,False
C15668,Premium,Monthly,1486.54,Wallet,False
C15669,Standard,Monthly,742.54,Debit Card,True
C15670,Standard,Monthly,610.33,UPI,True
C15671,Basic,Monthly,445.39,Credit Card,False
C15672,Premium,Annual,1084.64,Debit Card,True
C15673,Premium,Annual,1082.08,UPI,True
C15674,Basic,Monthly,415.66,Wallet,True
C15675,Standard,Monthly,828.57,Net Banking,False
C15676,Premium,Annual,1228.08,Wallet,True
C15677,Basic,Monthly,400.59,Credit Card,False
C15678,Basic,Annual,428.27,Net Banking,True
C15679,Standard,Monthly,740.25,UPI,False
C15680,Basic,Annual,494.99,UPI,True
C15681,Basic,Monthly,302.38,Credit Card,False
C15682,Premium,Monthly,1476.97,Credit Card,True
C15683,Basic,Monthly,448.3,Wallet,True
C15684,Standard,Monthly,831.52,Debit Card,False
C15685,Standard,Monthly,606.18,Wallet,False
C15686,Basic,Monthly,485.26,UPI,False
C15687,Basic,Annual,406.02,UPI,True
C15688,Basic,Monthly,455.81,Credit Card,False
C15689,Premium,Annual,1475.53,Debit Card,True
C15690,Basic,Annual,327.9,Credit Card,True
C15691,Basic,Monthly,369.03,Credit Card,True
C15692,Standard,Monthly,751.01,UPI,False
C15693,Standard,Annual,616.91,UPI,False
C15694,Standard,Monthly,858.57,Credit Card,False
C15695,Standard,Monthly,735.15,Credit Card,True
C15696,Standard,Annual,631.83,Credit Card,True
C15697,Basic,Annual,391.68,Wallet,True
C15698,Basic,Monthly,391.3,Credit Card,False
C15699,Premium,Monthly,1104.32,Net Banking,True
C15700,Basic,Monthly,377.34,Debit Card,False
C15701,Premium,Annual,1467.34,Debit Card,True
C15702,Basic,Monthly,463.18,Credit Card,False
C15703,Basic,Annual,302.06,UPI,False
C15704,Standard,Annual,852.8,UPI,True
C15705,Premium,Annual,1197.0,Credit Card,False
C15706,Premium,Annual,1428.39,UPI,True
C15707,Basic,Monthly,428.86,Credit Card,False
C15708,Standard,Monthly,634.49,UPI,False
C15709,Basic,Monthly,398.72,Net Banking,False
C15710,Basic,Monthly,404.77,Debit Card,False
C15711,Standard,Monthly,803.79,Credit Card,True
C15712,Basic,Monthly,466.39,UPI,False
C15713,Basic,Monthly,453.28,Credit Card,False
C15714,Basic,Monthly,400.56,UPI,False
C15715,Premium,Monthly,1451.42,UPI,True
C15716,Standard,Annual,632.78,UPI,False
C15717,Premium,Monthly,1310.73,Debit Card,False
C15718,Standard,Annual,651.15,Credit Card,True
C15719,Basic,Monthly,487.09,UPI,False
C15720,Standard,Monthly,782.94,UPI,False
C15721,Premium,Monthly,1380.84,Debit Card,False
C15722,Basic,Monthly,317.5,Credit Card,False
C15723,Premium,Monthly,1113.88,Credit Card,False
C15724,Standard,Monthly,660.39,Debit Card,False
C15725,Standard,Monthly,890.57,UPI,False
C15726,Basic,Monthly,487.47,UPI,False
C15727,Premium,Monthly,1237.28,UPI,False
C15728,Basic,Monthly,482.74,Debit Card,True
C15729,Standard,Annual,637.99,Net Banking,True
C15730,Standard,Monthly,806.92,Credit Card,False
C15731,Standard,Monthly,725.75,Credit Card,True
C15732,Premium,Monthly,1439.89,Credit Card,False
C15733,Standard,Monthly,867.07,UPI,True
C15734,Basic,Monthly,474.72,Debit Card,True
C15735,Basic,Monthly,323.9,Credit Card,False
C15736,Standard,Annual,776.5,Debit Card,False
C15737,Standard,Monthly,682.65,Wallet,False
C15738,Basic,Annual,413.86,Wallet,True
C15739,Basic,Monthly,354.83,UPI,False
C15740,Standard,Annual,749.84,Credit Card,True
C15741,Basic,Monthly,494.58,Debit Card,False
C15742,Basic,Monthly,328.55,Debit Card,True
C15743,Premium,Monthly,1448.72,Net Banking,False
C15744,Basic,Annual,485.22,Debit Card,False
C15745,Premium,Annual,1363.03,Net Banking,True
C15746,Basic,Monthly,445.9,UPI,False
C15747,Standard,Monthly,866.33,Credit Card,True
C15748,Standard,Annual,806.94,Credit Card,True
C15749,Basic,Annual,437.1,UPI,True
C15750,Standard,Monthly,843.17,Credit Card,True
C15751,Standard,Monthly,800.77,UPI,False
C15752,Basic,Monthly,320.3,Debit Card,False
C15753,Standard,Annual,722.94,Debit Card,True
C15754,Basic,Monthly,341.63,Debit Card,False
C15755,Premium,Monthly,1174.45,UPI,False
C15756,Basic,Monthly,413.79,Credit Card,True
C15757,Standard,Monthly,783.79,Net Banking,False
C15758,Standard,Monthly,625.39,Credit Card,False
C15759,Standard,Monthly,717.23,Credit Card,False
C15760,Premium,Annual,1313.42,Net Banking,True
C15761,Standard,Annual,877.76,UPI,True
C15762,Basic,Annual,443.76,Credit Card,True
C15763,Premium,Annual,1170.28,UPI,True
C15764,Standard,Monthly,839.19,Credit Card,False
C15765,Premium,Monthly,1317.18,Credit Card,False
C15766,Basic,Monthly,441.74,Net Banking,False
C15767,Standard,Monthly,688.35,Wallet,True
C15768,Standard,Monthly,892.38,Debit Card,False
C15769,Basic,Monthly,423.61,UPI,True
C15770,Premium,Monthly,1287.06,Credit Card,False
C15771,Premium,Monthly,1217.63,Credit Card,False
C15772,Premium,Monthly,1311.5,Debit Card,False
C15773,Basic,Annual,311.78,Credit Card,True
C15774,Premium,Monthly,1450.12,UPI,True
C15775,Premium,Monthly,1028.87,Credit Card,True
C15776,Premium,Monthly,1373.6,Credit Card,True
C15777,Standard,Annual,686.36,Credit Card,True
C15778,Basic,Monthly,487.39,Wallet,False
C15779,Premium,Monthly,1191.94,Credit Card,False
C15780,Standard,Monthly,632.91,UPI,False
C15781,Standard,Monthly,734.09,Credit Card,True
C15782,Basic,Monthly,316.29,Credit Card,False
C15783,Standard,Monthly,766.66,Credit Card,False
C15784,Standard,Monthly,829.58,UPI,True
C15785,Standard,Monthly,836.19,Credit Card,False
C15786,Standard,Annual,786.02,Credit Card,False
C15787,Standard,Monthly,787.11,Wallet,False
C15788,Standard,Annual,882.38,Credit Card,True
C15789,Premium,Monthly,1084.63,UPI,False
C15790,Basic,Monthly,471.03,Wallet,True
C15791,Standard,Annual,774.67,Debit Card,True
C15792,Basic,Annual,342.72,UPI,True
C15793,Standard,Monthly,797.15,Credit Card,True
C15794,Standard,Monthly,828.72,Credit Card,False
C15795,Basic,Annual,491.79,Debit Card,False
C15796,Basic,Annual,343.68,Credit Card,True
C15797,Standard,Monthly,895.41,Credit Card,False
C15798,Standard,Monthly,790.4,Credit Card,True
C15799,Basic,Monthly,423.6,Credit Card,False
C15800,Standard,Monthly,819.55,UPI,False
C15801,Standard,Monthly,685.49,UPI,True
C15802,Basic,Monthly,368.56,UPI,True
C15803,Premium,Monthly,1116.43,Wallet,True
C15804,Basic,Monthly,329.04,Wallet,True
C15805,Basic,Annual,303.4,Debit Card,True
C15806,Basic,Monthly,350.33,UPI,True
C15807,Basic,Annual,436.72,Credit Card,True
C15808,Basic,Monthly,352.76,UPI,False
C15809,Standard,Monthly,607.42,UPI,True
C15810,Standard,Monthly,679.18,Credit Card,False
C15811,Premium,Monthly,1276.89,Debit Card,False
C15812,Basic,Monthly,425.01,UPI,True
C15813,Basic,Annual,442.44,UPI,False
C15814,Basic,Monthly,336.56,Credit Card,False
C15815,Standard,Monthly,763.39,Net Banking,False
C15816,Standard,Monthly,664.65,UPI,True
C15817,Standard,Monthly,757.35,Wallet,False
C15818,Premium,Monthly,1363.39,Wallet,True
C15819,Basic,Monthly,438.25,UPI,False
C15820,Basic,Monthly,454.54,Wallet,False
C15821,Premium,Monthly,1046.24,Credit Card,False
C15822,Standard,Monthly,693.32,Debit Card,True
C15823,Basic,Monthly,497.91,UPI,True
C15824,Standard,Monthly,764.17,Debit Card,True
C15825,Premium,Annual,1197.55,Credit Card,False
C15826,Standard,Monthly,744.37,Credit Card,False
C15827,Standard,Monthly,804.36,Debit Card,False
C15828,Premium,Annual,1277.06,Credit Card,False
C15829,Standard,Monthly,887.42,Net Banking,False
C15830,Standard,Monthly,888.73,Wallet,False
C15831,Basic,Monthly,422.72,UPI,False
C15832,Basic,Monthly,489.13,Debit Card,False
C15833,Premium,Monthly,1260.09,UPI,True
C15834,Standard,Monthly,796.68,Debit Card,False
C15835,Basic,Annual,442.21,Wallet,True
C15836,Premium,Monthly,1424.05,UPI,False
C15837,Basic,Annual,489.78,Wallet,True
C15838,Premium,Monthly,1190.45,Credit Card,False
C15839,Basic,Annual,303.26,UPI,False
C15840,Basic,Monthly,460.65,UPI,False
C15841,Basic,Annual,426.55,UPI,True
C15842,Basic,Annual,487.27,Net Banking,True
C15843,Premium,Monthly,1013.7,UPI,False
C15844,Standard,Monthly,663.39,Wallet,False
C15845,Basic,Monthly,483.02,Credit Card,False
C15846,Standard,Monthly,883.5,Credit Card,True
C15847,Basic,Annual,452.2,Credit Card,True
C15848,Standard,Monthly,736.62,Net Banking,False
C15849,Standard,Annual,771.57,Wallet,False
C15850,Basic,Monthly,462.76,UPI,True
C15851,Standard,Monthly,826.83,UPI,True
C15852,Standard,Monthly,828.58,UPI,True
C15853,Premium,Annual,1208.56,UPI,True
C15854,Premium,Annual,1188.84,Credit Card,False
C15855,Basic,Monthly,345.67,Credit Card,False
C15856,Basic,Monthly,317.74,Credit Card,True
C15857,Premium,Annual,1319.86,Credit Card,True
C15858,Basic,Monthly,363.24,Credit Card,True
C15859,Basic,Annual,303.19,UPI,True
C15860,Standard,Monthly,756.76,Debit Card,False
C15861,Standard,Monthly,733.15,Credit Card,False
C15862,Basic,Monthly,315.01,Credit Card,False
C15863,Basic,Annual,334.65,Wallet,True
C15864,Basic,Monthly,330.68,UPI,True
C15865,Premium,Annual,1087.41,UPI,False
C15866,Standard,Annual,797.89,UPI,True
C15867,Basic,Monthly,432.82,Net Banking,True
C15868,Basic,Monthly,463.24,Wallet,True
C15869,Standard,Monthly,739.42,Wallet,True
C15870,Basic,Monthly,486.9,Credit Card,True
C15871,Standard,Annual,783.71,Debit Card,True
C15872,Standard,Monthly,624.46,Credit Card,False
C15873,Basic,Monthly,452.14,UPI,True
C15874,Premium,Monthly,1378.42,Credit Card,True
C15875,Standard,Annual,788.81,Net Banking,True
C15876,Standard,Annual,763.59,UPI,True
C15877,Standard,Monthly,847.85,UPI,False
C15878,Premium,Monthly,1127.28,Debit Card,False
C15879,Basic,Monthly,419.21,UPI,True
C15880,Standard,Monthly,620.02,Credit Card,False
C15881,Standard,Annual,693.5,UPI,True
C15882,Standard,Monthly,685.37,Debit Card,True
C15883,Standard,Monthly,711.82,Credit Card,True
C15884,Basic,Annual,314.09,Debit Card,False
C15885,Premium,Monthly,1486.36,Credit Card,True
C15886,Premium,Monthly,1408.33,Debit Card,False
C15887,Premium,Monthly,1228.53,Debit Card,True
C15888,Premium,Annual,1391.9,Wallet,True
C15889,Basic,Monthly,469.36,Debit Card,False
C15890,Standard,Monthly,857.97,Credit Card,False
C15891,Basic,Monthly,410.91,Credit Card,False
C15892,Basic,Monthly,413.41,Credit Card,False
C15893,Basic,Annual,476.42,UPI,True
C15894,Basic,Annual,384.29,Debit Card,True
C15895,Basic,Monthly,394.45,Wallet,True
C15896,Basic,Monthly,434.93,Debit Card,True
C15897,Standard,Monthly,666.98,UPI,True
C15898,Standard,Monthly,880.05,UPI,False
C15899,Standard,Annual,620.75,Debit Card,True
C15900,Basic,Monthly,425.09,Debit Card,False
C15901,Basic,Monthly,302.4,Credit Card,True
C15902,Premium,Monthly,1375.29,Credit Card,False
C15903,Basic,Monthly,427.79,Credit Card,True
C15904,Basic,Monthly,464.95,UPI,True
C15905,Standard,Annual,750.37,Wallet,True
C15906,Basic,Monthly,420.25,Debit Card,False
C15907,Basic,Monthly,337.1,Wallet,False
C15908,Standard,Annual,626.36,Credit Card,True
C15909,Standard,Monthly,808.81,Debit Card,True
C15910,Basic,Monthly,418.6,Credit Card,False
C15911,Premium,Monthly,1427.4,Debit Card,False
C15912,Basic,Monthly,356.38,UPI,True
C15913,Standard,Monthly,693.57,Debit Card,False
C15914,Basic,Monthly,346.67,Credit Card,False
C15915,Basic,Monthly,323.3,UPI,True
C15916,Standard,Monthly,732.16,Credit Card,True
C15917,Basic,Monthly,482.12,UPI,False
C15918,Basic,Monthly,311.22,UPI,False
C15919,Basic,Annual,414.39,UPI,False
C15920,Premium,Monthly,1038.3,UPI,True
C15921,Standard,Monthly,613.49,Debit Card,False
C15922,Basic,Monthly,436.96,UPI,False
C15923,Basic,Monthly,411.51,Wallet,False
C15924,Basic,Monthly,315.44,UPI,True
C15925,Standard,Monthly,851.61,UPI,True
C15926,Basic,Annual,467.83,Credit Card,True
C15927,Premium,Monthly,1261.92,Debit Card,True
C15928,Basic,Monthly,468.85,Debit Card,True
C15929,Basic,Annual,455.86,Net Banking,True
C15930,Basic,Monthly,494.57,UPI,False
C15931,Premium,Monthly,1465.8,Wallet,True
C15932,Basic,Annual,384.95,Debit Card,True
C15933,Basic,Monthly,330.34,UPI,True
C15934,Basic,Monthly,495.42,UPI,False
C15935,Basic,Monthly,480.99,UPI,True
C15936,Basic,Monthly,377.17,Credit Card,False
C15937,Standard,Annual,605.58,Credit Card,True
C15938,Premium,Annual,1264.46,Credit Card,True
C15939,Basic,Monthly,342.67,UPI,False
C15940,Standard,Monthly,881.64,Credit Card,False
C15941,Basic,Monthly,342.36,Wallet,True
C15942,Basic,Annual,435.35,Credit Card,True
C15943,Standard,Monthly,778.03,Debit Card,True
C15944,Basic,Monthly,473.4,Credit Card,False
C15945,Premium,Monthly,1043.09,Wallet,True
C15946,Standard,Annual,809.99,UPI,True
C15947,Standard,Annual,692.8,Credit Card,True
C15948,Basic,Annual,410.63,Net Banking,False
C15949,Basic,Monthly,468.53,Debit Card,False
C15950,Basic,Monthly,355.06,UPI,False
C15951,Basic,Annual,416.07,Credit Card,True
C15952,Basic,Monthly,390.85,Credit Card,False
C15953,Basic,Annual,361.14,Credit Card,True
C15954,Basic,Monthly,475.39,Debit Card,False
C15955,Basic,Monthly,315.78,UPI,True
C15956,Basic,Annual,438.96,Net Banking,True
C15957,Basic,Annual,303.06,Credit Card,True
C15958,Standard,Monthly,663.51,Net Banking,True
C15959,Standard,Annual,858.63,UPI,True
C15960,Standard,Monthly,655.48,Credit Card,True
C15961,Standard,Monthly,717.53,Net Banking,False
C15962,Standard,Monthly,809.64,UPI,False
C15963,Standard,Monthly,742.21,UPI,True
C15964,Basic,Monthly,476.86,Wallet,False
C15965,Basic,Monthly,418.34,Credit Card,True
C15966,Premium,Annual,1101.52,Net Banking,False
C15967,Premium,Monthly,1292.05,UPI,False
C15968,Basic,Monthly,467.2,UPI,True
C15969,Standard,Monthly,607.9,UPI,False
C15970,Standard,Annual,669.37,Wallet,True
C15971,Standard,Monthly,786.06,Debit Card,True
C15972,Premium,Monthly,1264.42,UPI,False
C15973,Premium,Monthly,1183.77,Debit Card,False
C15974,Standard,Annual,802.34,Credit Card,True
C15975,Basic,Monthly,387.5,Credit Card,True
C15976,Basic,Monthly,480.46,Credit Card,False
C15977,Basic,Monthly,338.85,Credit Card,False
C15978,Premium,Annual,1240.38,Credit Card,False
C15979,Standard,Annual,811.94,Net Banking,False
C15980,Premium,Monthly,1363.34,Credit Card,False
C15981,Standard,Monthly,797.23,Net Banking,True
C15982,Standard,Annual,726.34,UPI,True
C15983,Premium,Monthly,1441.59,Debit Card,False
C15984,Basic,Annual,453.69,Credit Card,True
C15985,Premium,Annual,1080.47,Net Banking,False
C15986,Basic,Monthly,359.67,UPI,False
C15987,Premium,Monthly,1177.62,Credit Card,False
C15988,Basic,Monthly,475.3,Wallet,False
C15989,Premium,Monthly,1238.93,UPI,False
C15990,Basic,Monthly,422.22,UPI,False
C15991,Basic,Annual,359.62,Credit Card,True
C15992,Basic,Monthly,348.96,Credit Card,True
C15993,Standard,Monthly,786.26,UPI,True
C15994,Standard,Monthly,645.68,Credit Card,False
C15995,Premium,Annual,1399.8,Credit Card,False
C15996,Premium,Monthly,1236.54,Credit Card,False
C15997,Standard,Annual,677.61,UPI,False
C15998,Basic,Monthly,330.32,UPI,True
C15999,Standard,Monthly,775.79,Credit Card,True
C16000,Premium,Monthly,1275.69,UPI,True
C16001,Standard,Monthly,880.57,UPI,False
C16002,Standard,Annual,699.14,UPI,True
C16003,Basic,Monthly,410.5,Credit Card,True
C16004,Standard,Monthly,754.9,UPI,True
C16005,Premium,Monthly,1306.37,Credit Card,False
C16006,Basic,Annual,342.41,UPI,True
C16007,Standard,Monthly,796.06,Debit Card,False
C16008,Standard,Monthly,887.73,Debit Card,True
C16009,Basic,Monthly,309.73,UPI,False
C16010,Premium,Monthly,1351.63,Debit Card,True
C16011,Basic,Monthly,497.42,Net Banking,False
C16012,Premium,Monthly,1411.82,Credit Card,False
C16013,Standard,Annual,617.68,UPI,False
C16014,Premium,Monthly,1387.69,Credit Card,False
C16015,Standard,Annual,731.04,Net Banking,True
C16016,Basic,Monthly,347.36,UPI,True
C16017,Basic,Annual,481.39,Credit Card,True
C16018,Standard,Monthly,811.18,Credit Card,True
C16019,Premium,Monthly,1214.32,Debit Card,True
C16020,Basic,Monthly,360.9,Credit Card,True
C16021,Standard,Monthly,712.45,Wallet,False
C16022,Standard,Monthly,786.4,UPI,True
C16023,Basic,Monthly,439.82,Debit Card,False
C16024,Basic,Monthly,303.6,Net Banking,True
C16025,Standard,Annual,889.08,UPI,True
C16026,Basic,Monthly,484.52,Wallet,True
C16027,Basic,Annual,429.19,Net Banking,True
C16028,Standard,Annual,816.48,UPI,True
C16029,Basic,Monthly,483.77,UPI,True
C16030,Premium,Monthly,1051.89,Debit Card,False
C16031,Basic,Monthly,428.34,Credit Card,False
C16032,Standard,Monthly,630.42,UPI,False
C16033,Premium,Monthly,1403.12,Credit Card,False
C16034,Premium,Annual,1480.0,UPI,True
C16035,Standard,Monthly,659.43,Wallet,True
C16036,Standard,Monthly,876.27,Credit Card,True
C16037,Basic,Annual,372.83,Net Banking,True
C16038,Basic,Monthly,422.95,UPI,True
C16039,Standard,Annual,845.43,UPI,False
C16040,Standard,Monthly,599.43,UPI,True
C16041,Basic,Monthly,480.19,Wallet,True
C16042,Standard,Annual,628.93,Credit Card,True
C16043,Basic,Monthly,403.46,Debit Card,False
C16044,Basic,Monthly,393.95,Credit Card,True
C16045,Standard,Annual,708.7,UPI,True
C16046,Basic,Monthly,420.24,Credit Card,False
C16047,Standard,Annual,611.98,Credit Card,False
C16048,Premium,Monthly,1228.4,Net Banking,True
C16049,Basic,Monthly,363.49,Wallet,True
C16050,Premium,Annual,1309.68,Credit Card,True
C16051,Premium,Annual,1492.59,Credit Card,False
C16052,Basic,Annual,307.75,UPI,True
C16053,Basic,Annual,367.87,UPI,False
C16054,Standard,Annual,876.44,Wallet,True
C16055,Standard,Monthly,698.2,UPI,True
C16056,Basic,Monthly,402.49,Debit Card,False
C16057,Premium,Monthly,1031.57,Credit Card,False
C16058,Standard,Monthly,745.17,Credit Card,True
C16059,Premium,Annual,1441.78,Debit Card,False
C16060,Basic,Monthly,448.51,UPI,False
C16061,Standard,Annual,734.13,Credit Card,True
C16062,Premium,Annual,1170.87,Credit Card,True
C16063,Basic,Monthly,484.56,Net Banking,False
C16064,Basic,Annual,307.37,Debit Card,True
C16065,Premium,Monthly,1150.72,UPI,False
C16066,Standard,Monthly,855.71,Net Banking,False
C16067,Basic,Monthly,322.64,Credit Card,True
C16068,Standard,Annual,645.01,Credit Card,True
C16069,Standard,Monthly,766.12,Credit Card,False
C16070,Basic,Annual,422.3,Net Banking,False
C16071,Premium,Monthly,1342.02,Credit Card,False
C16072,Standard,Monthly,690.59,Credit Card,False
C16073,Standard,Monthly,870.68,Debit Card,False
C16074,Standard,Monthly,662.08,Wallet,False
C16075,Standard,Monthly,822.82,UPI,True
C16076,Standard,Monthly,644.41,UPI,False
C16077,Standard,Monthly,863.33,Credit Card,True
C16078,Premium,Monthly,1388.97,UPI,True
C16079,Basic,Annual,471.88,Debit Card,True
C16080,Standard,Annual,723.53,Credit Card,True
C16081,Premium,Monthly,1307.25,Credit Card,False
C16082,Basic,Monthly,345.44,Credit Card,False
C16083,Standard,Annual,884.79,Credit Card,False
C16084,Standard,Monthly,736.95,Wallet,False
C16085,Premium,Monthly,1299.7,Credit Card,False
C16086,Premium,Monthly,1112.53,UPI,True
C16087,Basic,Monthly,462.2,Debit Card,True
C16088,Basic,Monthly,322.73,Wallet,False
C16089,Basic,Monthly,386.64,UPI,False
C16090,Basic,Monthly,463.79,UPI,False
C16091,Basic,Monthly,310.36,Net Banking,True
C16092,Basic,Monthly,342.61,Debit Card,False
C16093,Standard,Monthly,717.44,Credit Card,False
C16094,Standard,Annual,672.76,Credit Card,True
C16095,Basic,Monthly,441.09,Net Banking,False
C16096,Basic,Monthly,494.12,UPI,False
C16097,Standard,Monthly,835.64,Debit Card,True
C16098,Premium,Annual,1370.87,Debit Card,True
C16099,Basic,Monthly,426.6,Net Banking,False
C16100,Basic,Annual,333.4,Credit Card,False
C16101,Basic,Monthly,408.71,Credit Card,False
C16102,Standard,Monthly,885.0,Credit Card,True
C16103,Basic,Monthly,487.63,Debit Card,True
C16104,Basic,Monthly,415.23,Credit Card,False
C16105,Standard,Monthly,699.91,Credit Card,False
C16106,Standard,Annual,874.99,Debit Card,True
C16107,Basic,Annual,378.33,Debit Card,True
C16108,Premium,Monthly,1426.83,UPI,True
C16109,Basic,Monthly,319.83,Credit Card,False
C16110,Standard,Monthly,874.96,UPI,True
C16111,Basic,Monthly,319.09,Credit Card,False
C16112,Standard,Annual,662.74,Net Banking,True
C16113,Premium,Monthly,1237.08,Debit Card,True
C16114,Basic,Monthly,392.94,Credit Card,True
C16115,Basic,Monthly,466.77,Credit Card,True
C16116,Standard,Monthly,825.33,Debit Card,False
C16117,Basic,Monthly,442.33,Net Banking,False
C16118,Standard,Monthly,694.92,Debit Card,False
C16119,Standard,Monthly,696.37,UPI,False
C16120,Basic,Annual,371.64,Credit Card,True
C16121,Basic,Annual,433.91,UPI,True
C16122,Basic,Monthly,467.07,Credit Card,False
C16123,Standard,Monthly,772.26,Credit Card,True
C16124,Basic,Monthly,373.15,Debit Card,True
C16125,Premium,Monthly,1201.48,Debit Card,False
C16126,Basic,Monthly,356.65,Credit Card,False
C16127,Basic,Monthly,357.31,Debit Card,False
C16128,Basic,Monthly,444.21,UPI,True
C16129,Premium,Annual,1459.4,Net Banking,True
C16130,Basic,Monthly,377.12,Debit Card,True
C16131,Standard,Monthly,677.61,Debit Card,False
C16132,Basic,Monthly,406.74,Net Banking,False
C16133,Basic,Monthly,393.11,UPI,False
C16134,Standard,Monthly,640.96,Credit Card,True
C16135,Premium,Annual,1228.58,UPI,False
C16136,Standard,Monthly,811.93,UPI,False
C16137,Basic,Annual,426.47,UPI,True
C16138,Standard,Monthly,777.42,Debit Card,False
C16139,Standard,Monthly,667.93,Credit Card,False
C16140,Premium,Monthly,1342.56,Credit Card,False
C16141,Standard,Annual,816.37,UPI,True
C16142,Basic,Monthly,368.23,Wallet,False
C16143,Basic,Annual,420.96,Wallet,True
C16144,Premium,Annual,1291.51,UPI,False
C16145,Basic,Annual,327.87,Credit Card,True
C16146,Premium,Monthly,1429.93,Debit Card,False
C16147,Standard,Monthly,827.83,Credit Card,True
C16148,Premium,Annual,1101.75,Wallet,True
C16149,Premium,Annual,1118.67,Credit Card,False
C16150,Premium,Monthly,1360.5,Net Banking,False
C16151,Standard,Monthly,778.9,Credit Card,False
C16152,Standard,Monthly,826.95,Credit Card,False
C16153,Basic,Monthly,367.79,Credit Card,False
C16154,Premium,Annual,1073.56,UPI,True
C16155,Premium,Monthly,1358.98,Debit Card,False
C16156,Standard,Monthly,643.04,UPI,False
C16157,Standard,Monthly,636.61,Debit Card,False
C16158,Premium,Monthly,1106.04,Debit Card,False
C16159,Premium,Annual,1367.58,Debit Card,True
C16160,Basic,Monthly,338.09,Debit Card,False
C16161,Standard,Annual,869.28,UPI,True
C16162,Basic,Monthly,441.92,Net Banking,False
C16163,Basic,Monthly,302.98,Credit Card,False
C16164,Standard,Annual,863.18,Wallet,False
C16165,Premium,Monthly,1464.97,Credit Card,False
C16166,Premium,Annual,1498.48,Credit Card,True
C16167,Premium,Monthly,1006.14,UPI,False
C16168,Standard,Monthly,711.64,Net Banking,False
C16169,Standard,Monthly,744.84,Net Banking,False
C16170,Premium,Annual,1370.55,UPI,True
C16171,Premium,Monthly,1179.32,Net Banking,True
C16172,Basic,Monthly,328.08,UPI,False
C16173,Standard,Annual,812.12,Credit Card,False
C16174,Premium,Annual,1467.68,UPI,True
C16175,Standard,Annual,780.64,Credit Card,True
C16176,Standard,Monthly,850.7,Net Banking,True
C16177,Basic,Monthly,329.44,Credit Card,False
C16178,Standard,Monthly,614.42,Debit Card,False
C16179,Basic,Annual,493.9,Credit Card,True
C16180,Premium,Annual,1112.69,Credit Card,True
C16181,Premium,Annual,1411.55,Credit Card,True
C16182,Standard,Monthly,728.49,Net Banking,True
C16183,Basic,Monthly,424.73,Credit Card,False
C16184,Standard,Monthly,802.47,Net Banking,False
C16185,Basic,Annual,443.62,Debit Card,True
C16186,Standard,Monthly,750.77,Credit Card,True
C16187,Basic,Monthly,328.44,Wallet,True
C16188,Basic,Monthly,302.47,UPI,False
C16189,Basic,Annual,487.76,UPI,False
C16190,Standard,Annual,743.84,Credit Card,True
C16191,Basic,Monthly,497.73,Credit Card,False
C16192,Basic,Annual,448.49,UPI,False
C16193,Standard,Annual,673.51,UPI,True
C16194,Standard,Monthly,722.34,Net Banking,True
C16195,Standard,Monthly,685.62,Wallet,False
C16196,Standard,Monthly,703.19,UPI,False
C16197,Basic,Monthly,465.03,UPI,False
C16198,Basic,Annual,422.31,Credit Card,True
C16199,Basic,Monthly,360.13,Credit Card,True
C16200,Premium,Monthly,1422.04,Debit Card,False
C16201,Premium,Monthly,1093.09,Net Banking,False
C16202,Standard,Monthly,655.21,Debit Card,True
C16203,Basic,Annual,323.76,Debit Card,True
C16204,Basic,Monthly,358.28,Credit Card,False
C16205,Basic,Monthly,399.01,UPI,False
C16206,Basic,Annual,333.34,UPI,True
C16207,Standard,Monthly,779.91,UPI,False
C16208,Standard,Monthly,640.21,Credit Card,False
C16209,Standard,Monthly,780.66,Credit Card,False
C16210,Basic,Monthly,494.87,Wallet,False
C16211,Basic,Monthly,347.3,UPI,True
C16212,Standard,Annual,628.16,Debit Card,False
C16213,Basic,Monthly,429.74,UPI,False
C16214,Standard,Monthly,713.72,UPI,False
C16215,Premium,Annual,1380.38,UPI,True
C16216,Premium,Monthly,1101.04,Wallet,True
C16217,Basic,Annual,475.69,Debit Card,True
C16218,Basic,Monthly,412.96,UPI,False
C16219,Standard,Monthly,737.17,Credit Card,False
C16220,Standard,Monthly,859.04,Credit Card,False
C16221,Standard,Monthly,884.1,UPI,True
C16222,Basic,Annual,415.32,Debit Card,True
C16223,Basic,Monthly,447.11,Credit Card,True
C16224,Standard,Monthly,751.58,Debit Card,False
C16225,Standard,Annual,837.51,Debit Card,True
C16226,Premium,Annual,1200.83,Wallet,True
C16227,Premium,Monthly,1105.05,Credit Card,True
C16228,Basic,Annual,336.01,UPI,False
C16229,Basic,Monthly,390.67,UPI,False
C16230,Basic,Monthly,457.44,UPI,True
C16231,Basic,Annual,353.82,UPI,False
C16232,Standard,Monthly,732.82,UPI,False
C16233,Basic,Annual,315.32,UPI,True
C16234,Premium,Monthly,1302.69,UPI,False
C16235,Premium,Monthly,1451.32,Credit Card,False
C16236,Basic,Monthly,429.39,UPI,True
C16237,Basic,Annual,389.46,UPI,False
C16238,Standard,Monthly,841.5,Debit Card,False
C16239,Basic,Monthly,424.7,Credit Card,True
C16240,Basic,Annual,474.45,Wallet,True
C16241,Basic,Monthly,461.52,Debit Card,False
C16242,Basic,Monthly,406.21,Credit Card,False
C16243,Basic,Monthly,462.04,Credit Card,True
C16244,Basic,Monthly,465.63,Net Banking,True
C16245,Premium,Monthly,1350.0,Wallet,True
C16246,Standard,Annual,844.2,UPI,True
C16247,Basic,Monthly,397.55,UPI,False
C16248,Basic,Monthly,379.07,Net Banking,True
C16249,Basic,Annual,309.7,UPI,True
C16250,Standard,Annual,681.55,Credit Card,False
C16251,Standard,Monthly,662.07,Credit Card,True
C16252,Standard,Monthly,838.76,Debit Card,False
C16253,Basic,Monthly,304.88,UPI,False
C16254,Standard,Monthly,829.11,Net Banking,True
C16255,Basic,Monthly,357.56,Credit Card,True
C16256,Premium,Monthly,1016.15,UPI,False
C16257,Basic,Monthly,468.2,Net Banking,False
C16258,Basic,Monthly,440.94,UPI,False
C16259,Standard,Monthly,674.12,Debit Card,True
C16260,Basic,Annual,450.82,Debit Card,False
C16261,Basic,Annual,477.75,UPI,True
C16262,Basic,Monthly,450.82,Debit Card,False
C16263,Premium,Annual,1149.53,Net Banking,True
C16264,Standard,Monthly,782.99,UPI,False
C16265,Standard,Annual,854.87,Credit Card,False
C16266,Standard,Annual,635.01,UPI,True
C16267,Premium,Monthly,1153.01,UPI,True
C16268,Basic,Monthly,342.28,Credit Card,True
C16269,Basic,Monthly,450.14,Debit Card,False
C16270,Basic,Monthly,372.44,Wallet,False
C16271,Premium,Monthly,1214.42,UPI,False
C16272,Basic,Monthly,472.44,Credit Card,False
C16273,Basic,Monthly,442.49,Credit Card,False
C16274,Standard,Monthly,702.72,UPI,False
C16275,Basic,Monthly,338.72,Credit Card,True
C16276,Basic,Monthly,452.54,UPI,False
C16277,Standard,Monthly,812.69,UPI,True
C16278,Basic,Monthly,370.4,Debit Card,False
C16279,Standard,Annual,745.88,Credit Card,False
C16280,Standard,Monthly,654.92,Credit Card,True
C16281,Premium,Annual,1049.58,UPI,False
C16282,Basic,Annual,396.25,Credit Card,True
C16283,Basic,Monthly,424.7,UPI,False
C16284,Standard,Monthly,713.39,Wallet,True
C16285,Standard,Annual,871.3,Credit Card,True
C16286,Premium,Annual,1427.32,Net Banking,True
C16287,Standard,Monthly,716.66,UPI,True
C16288,Basic,Monthly,356.22,Credit Card,True
C16289,Basic,Annual,394.37,Debit Card,True
C16290,Standard,Monthly,703.34,Credit Card,True
C16291,Basic,Annual,389.52,UPI,True
C16292,Standard,Annual,645.3,UPI,False
C16293,Premium,Annual,1056.64,Wallet,True
C16294,Standard,Monthly,878.05,UPI,False
C16295,Premium,Monthly,1013.63,Credit Card,True
C16296,Basic,Monthly,321.01,Debit Card,False
C16297,Basic,Monthly,389.28,UPI,False
C16298,Basic,Monthly,364.33,Debit Card,False
C16299,Standard,Annual,850.84,UPI,True
C16300,Premium,Monthly,1428.23,Wallet,True
C16301,Premium,Monthly,1211.8,UPI,False
C16302,Premium,Monthly,1236.08,Credit Card,False
C16303,Basic,Monthly,348.18,Wallet,True
C16304,Standard,Monthly,644.64,Net Banking,False
C16305,Standard,Monthly,655.77,UPI,True
C16306,Standard,Monthly,739.54,UPI,False
C16307,Standard,Annual,691.91,Debit Card,True
C16308,Premium,Annual,1004.24,Net Banking,False
C16309,Basic,Annual,391.48,Wallet,True
C16310,Standard,Monthly,843.96,Credit Card,False
C16311,Basic,Monthly,473.26,UPI,True
C16312,Standard,Monthly,828.83,UPI,False
C16313,Basic,Monthly,486.07,UPI,False
C16314,Basic,Monthly,420.54,Wallet,False
C16315,Basic,Monthly,469.02,UPI,True
C16316,Basic,Monthly,347.43,Debit Card,True
C16317,Standard,Annual,813.06,Credit Card,True
C16318,Standard,Annual,732.49,Credit Card,True
C16319,Standard,Monthly,693.59,UPI,False
C16320,Standard,Monthly,829.9,Credit Card,True
C16321,Standard,Monthly,827.2,Credit Card,True
C16322,Basic,Monthly,337.65,Wallet,False
C16323,Standard,Monthly,765.47,UPI,False
C16324,Premium,Annual,1346.04,Credit Card,False
C16325,Standard,Monthly,739.31,UPI,False
C16326,Premium,Monthly,1091.83,Credit Card,False
C16327,Standard,Monthly,649.28,Debit Card,False
C16328,Basic,Monthly,492.69,Debit Card,False
C16329,Basic,Monthly,495.05,Credit Card,True
C16330,Basic,Annual,304.0,Credit Card,True
C16331,Basic,Monthly,362.89,Credit Card,False
C16332,Basic,Annual,496.46,Credit Card,True
C16333,Basic,Annual,348.35,Wallet,True
C16334,Premium,Monthly,1119.47,UPI,True
C16335,Basic,Monthly,474.93,UPI,True
C16336,Standard,Monthly,677.45,UPI,True
C16337,Standard,Monthly,636.34,UPI,False
C16338,Basic,Monthly,389.29,Credit Card,False
C16339,Standard,Monthly,894.86,Credit Card,False
C16340,Basic,Monthly,325.95,UPI,True
C16341,Basic,Monthly,423.94,Credit Card,False
C16342,Basic,Annual,467.97,UPI,True
C16343,Standard,Monthly,604.43,Wallet,False
C16344,Premium,Monthly,1174.07,UPI,False
C16345,Standard,Monthly,746.98,Debit Card,False
C16346,Basic,Monthly,398.98,Credit Card,False
C16347,Premium,Monthly,1186.37,Debit Card,False
C16348,Basic,Annual,496.53,UPI,True
C16349,Basic,Monthly,376.2,Credit Card,False
C16350,Basic,Annual,332.29,UPI,True
C16351,Standard,Monthly,644.91,Credit Card,True
C16352,Standard,Monthly,877.51,UPI,False
C16353,Standard,Monthly,635.75,Debit Card,False
C16354,Basic,Monthly,357.66,UPI,False
C16355,Basic,Monthly,428.65,UPI,True
C16356,Basic,Monthly,339.71,UPI,False
C16357,Premium,Monthly,1459.16,Credit Card,False
C16358,Basic,Monthly,426.62,Credit Card,True
C16359,Basic,Monthly,326.9,UPI,True
C16360,Basic,Monthly,456.98,Net Banking,False
C16361,Standard,Monthly,806.0,Wallet,False
C16362,Premium,Annual,1288.39,Net Banking,True
C16363,Basic,Monthly,345.69,Credit Card,False
C16364,Standard,Annual,635.39,Credit Card,True
C16365,Basic,Monthly,439.17,UPI,False
C16366,Basic,Annual,410.07,Debit Card,True
C16367,Standard,Annual,602.57,Wallet,False
C16368,Basic,Monthly,436.31,UPI,False
C16369,Standard,Monthly,889.42,Credit Card,True
C16370,Basic,Monthly,418.85,Net Banking,True
C16371,Basic,Monthly,376.62,Debit Card,False
C16372,Basic,Monthly,446.51,Credit Card,True
C16373,Basic,Monthly,407.11,Net Banking,False
C16374,Premium,Annual,1244.71,Credit Card,False
C16375,Premium,Monthly,1068.71,Credit Card,True
C16376,Standard,Monthly,837.99,Credit Card,False
C16377,Premium,Annual,1382.74,Net Banking,True
C16378,Basic,Annual,442.78,UPI,False
C16379,Premium,Monthly,1463.59,Net Banking,False
C16380,Basic,Monthly,416.26,UPI,False
C16381,Basic,Annual,403.72,UPI,True
C16382,Basic,Monthly,454.38,Credit Card,True
C16383,Standard,Monthly,809.82,UPI,False
C16384,Premium,Monthly,1118.54,Credit Card,True
C16385,Standard,Monthly,609.25,Debit Card,True
C16386,Basic,Monthly,416.99,Net Banking,False
C16387,Basic,Monthly,353.3,Debit Card,False
C16388,Basic,Annual,339.52,Net Banking,True
C16389,Basic,Monthly,436.98,Debit Card,True
C16390,Standard,Annual,641.76,Credit Card,True
C16391,Basic,Monthly,401.89,UPI,True
C16392,Basic,Annual,330.53,Debit Card,True
C16393,Basic,Monthly,485.99,Wallet,True
C16394,Basic,Monthly,308.32,UPI,True
C16395,Premium,Monthly,1335.34,Debit Card,True
C16396,Standard,Annual,824.92,Net Banking,True
C16397,Premium,Monthly,1395.77,UPI,True
C16398,Standard,Annual,656.92,Debit Card,True
C16399,Standard,Annual,631.48,Credit Card,True
C16400,Standard,Monthly,724.1,Credit Card,False
C16401,Basic,Monthly,425.63,Debit Card,True
C16402,Basic,Monthly,462.35,Credit Card,True
C16403,Standard,Annual,774.82,Credit Card,True
C16404,Basic,Annual,329.7,Debit Card,True
C16405,Basic,Annual,447.65,Wallet,True
C16406,Standard,Annual,892.66,Net Banking,True
C16407,Standard,Annual,632.51,Debit Card,False
C16408,Standard,Annual,641.16,Credit Card,False
C16409,Standard,Monthly,638.13,Debit Card,False
C16410,Basic,Monthly,331.14,Credit Card,False
C16411,Premium,Monthly,1269.14,UPI,True
C16412,Premium,Annual,1028.1,Credit Card,False
C16413,Basic,Monthly,419.68,Net Banking,True
C16414,Basic,Monthly,440.32,Debit Card,True
C16415,Standard,Monthly,736.15,Debit Card,False
C16416,Basic,Monthly,396.65,UPI,False
C16417,Premium,Annual,1386.04,Wallet,False
C16418,Standard,Monthly,897.0,Net Banking,False
C16419,Basic,Monthly,345.79,UPI,False
C16420,Premium,Annual,1106.81,UPI,True
C16421,Standard,Annual,866.01,UPI,False
C16422,Premium,Monthly,1498.37,Credit Card,True
C16423,Basic,Monthly,372.31,Credit Card,True
C16424,Basic,Annual,362.5,UPI,True
C16425,Premium,Annual,1330.95,Debit Card,False
C16426,Basic,Annual,328.92,Debit Card,True
C16427,Standard,Monthly,627.49,Credit Card,False
C16428,Basic,Annual,373.39,Debit Card,False
C16429,Standard,Annual,738.67,Debit Card,True
C16430,Standard,Monthly,738.84,Debit Card,False
C16431,Basic,Annual,329.63,UPI,True
C16432,Standard,Monthly,848.66,Net Banking,False
C16433,Standard,Monthly,740.8,Credit Card,True
C16434,Standard,Monthly,781.02,UPI,False
C16435,Standard,Monthly,821.37,Credit Card,True
C16436,Standard,Monthly,857.83,Debit Card,False
C16437,Standard,Annual,828.77,UPI,True
C16438,Basic,Monthly,362.2,Wallet,False
C16439,Standard,Annual,634.42,UPI,True
C16440,Standard,Monthly,682.32,Credit Card,True
C16441,Premium,Annual,1397.78,Debit Card,True
C16442,Standard,Monthly,639.68,UPI,False
C16443,Standard,Annual,606.45,UPI,True
C16444,Basic,Annual,348.68,Net Banking,True
C16445,Basic,Monthly,455.03,Net Banking,False
C16446,Premium,Monthly,1232.32,Wallet,False
C16447,Standard,Monthly,605.71,Credit Card,True
C16448,Premium,Monthly,1136.86,UPI,True
C16449,Standard,Annual,719.19,Net Banking,True
C16450,Basic,Monthly,322.75,Wallet,False
C16451,Standard,Monthly,857.88,Debit Card,True
C16452,Premium,Annual,1371.05,Credit Card,True
C16453,Basic,Monthly,329.5,Debit Card,True
C16454,Premium,Monthly,1493.85,Debit Card,True
C16455,Standard,Annual,843.66,UPI,True
C16456,Basic,Annual,406.04,Credit Card,False
C16457,Basic,Monthly,331.38,UPI,True
C16458,Standard,Annual,651.49,Debit Card,True
C16459,Standard,Monthly,828.64,UPI,False
C16460,Basic,Annual,368.93,Debit Card,True
C16461,Premium,Annual,1018.53,Debit Card,True
C16462,Premium,Monthly,1043.64,Net Banking,False
C16463,Standard,Monthly,698.83,Credit Card,True
C16464,Premium,Annual,1144.02,Credit Card,True
C16465,Standard,Monthly,714.56,UPI,True
C16466,Basic,Monthly,357.37,UPI,True
C16467,Standard,Monthly,823.4,UPI,False
C16468,Standard,Annual,721.83,Debit Card,False
C16469,Standard,Monthly,864.72,UPI,True
C16470,Standard,Monthly,794.39,UPI,True
C16471,Standard,Monthly,851.81,Debit Card,False
C16472,Basic,Monthly,324.06,Net Banking,True
C16473,Standard,Monthly,785.21,Net Banking,False
C16474,Basic,Monthly,377.98,UPI,False
C16475,Premium,Monthly,1368.4,UPI,True
C16476,Standard,Monthly,895.69,Credit Card,False
C16477,Standard,Annual,774.34,UPI,True
C16478,Premium,Monthly,1237.73,Wallet,False
C16479,Standard,Monthly,859.14,Net Banking,False
C16480,Standard,Annual,796.93,Credit Card,True
C16481,Basic,Monthly,364.9,Debit Card,True
C16482,Standard,Annual,827.22,UPI,True
C16483,Basic,Annual,480.96,Net Banking,True
C16484,Basic,Monthly,462.73,UPI,True
C16485,Premium,Monthly,1092.72,UPI,False
C16486,Basic,Monthly,436.92,Debit Card,True
C16487,Standard,Monthly,685.81,Debit Card,True
C16488,Standard,Monthly,755.14,Credit Card,False
C16489,Basic,Annual,340.61,UPI,True
C16490,Basic,Annual,439.01,Net Banking,True
C16491,Basic,Monthly,333.38,Debit Card,True
C16492,Basic,Monthly,327.59,UPI,False
C16493,Standard,Monthly,607.59,Net Banking,False
C16494,Basic,Annual,450.01,Net Banking,True
C16495,Premium,Annual,1019.26,UPI,False
C16496,Standard,Monthly,767.46,Credit Card,True
C16497,Standard,Annual,876.8,UPI,True
C16498,Standard,Annual,625.53,Credit Card,True
C16499,Premium,Annual,1106.8,Credit Card,False
C16500,Basic,Monthly,379.78,Debit Card,False
C16501,Premium,Monthly,1169.55,Net Banking,False
C16502,Standard,Monthly,886.52,Credit Card,False
C16503,Standard,Annual,831.64,UPI,True
C16504,Basic,Monthly,350.26,UPI,False
C16505,Standard,Annual,729.85,UPI,True
C16506,Basic,Monthly,418.16,Credit Card,False
C16507,Basic,Annual,353.53,Debit Card,False
C16508,Premium,Monthly,1176.19,Credit Card,False
C16509,Premium,Annual,1022.65,Wallet,True
C16510,Basic,Monthly,484.75,UPI,False
C16511,Premium,Monthly,1484.61,Credit Card,True
C16512,Standard,Monthly,879.74,Debit Card,True
C16513,Basic,Annual,323.44,Debit Card,True
C16514,Standard,Monthly,618.94,UPI,False
C16515,Basic,Monthly,423.8,Debit Card,False
C16516,Standard,Monthly,719.1,Wallet,False
C16517,Standard,Annual,618.08,UPI,True
C16518,Basic,Monthly,300.4,UPI,True
C16519,Premium,Annual,1061.98,Net Banking,True
C16520,Basic,Monthly,338.38,Credit Card,False
C16521,Basic,Annual,472.94,Wallet,True
C16522,Basic,Monthly,411.21,UPI,False
C16523,Basic,Monthly,303.32,UPI,False
C16524,Premium,Annual,1391.22,Credit Card,False
C16525,Basic,Monthly,410.06,UPI,True
C16526,Basic,Annual,440.95,UPI,True
C16527,Basic,Annual,437.44,Net Banking,True
C16528,Standard,Monthly,865.62,Net Banking,True
C16529,Standard,Annual,688.52,Credit Card,True
C16530,Premium,Monthly,1218.66,Debit Card,False
C16531,Standard,Monthly,731.38,Credit Card,False
C16532,Basic,Annual,424.34,UPI,True
C16533,Basic,Monthly,406.3,Debit Card,False
C16534,Basic,Monthly,481.76,Wallet,True
C16535,Premium,Monthly,1329.07,Credit Card,False
C16536,Basic,Annual,409.11,Wallet,True
C16537,Standard,Annual,642.47,Credit Card,True
C16538,Standard,Annual,618.9,UPI,True
C16539,Standard,Monthly,600.53,Net Banking,False
C16540,Basic,Monthly,432.82,Credit Card,True
C16541,Basic,Annual,357.57,UPI,False
C16542,Premium,Annual,1396.15,UPI,True
C16543,Basic,Annual,360.2,Credit Card,True
C16544,Premium,Monthly,1266.01,Wallet,False
C16545,Standard,Monthly,795.66,Debit Card,False
C16546,Standard,Annual,683.4,Net Banking,True
C16547,Basic,Monthly,368.6,Wallet,True
C16548,Basic,Monthly,445.68,Wallet,True
C16549,Basic,Monthly,407.21,Credit Card,False
C16550,Basic,Annual,350.82,Wallet,True
C16551,Basic,Annual,309.83,UPI,False
C16552,Standard,Monthly,677.77,UPI,True
C16553,Basic,Monthly,345.74,Debit Card,False
C16554,Basic,Monthly,392.68,Wallet,False
C16555,Basic,Monthly,458.19,Credit Card,False
C16556,Standard,Annual,712.76,Debit Card,True
C16557,Basic,Monthly,398.26,Debit Card,False
C16558,Basic,Monthly,314.71,Credit Card,False
C16559,Premium,Monthly,1238.03,UPI,True
C16560,Standard,Monthly,861.87,UPI,True
C16561,Basic,Monthly,319.06,Debit Card,False
C16562,Basic,Monthly,320.64,UPI,True
C16563,Basic,Monthly,409.72,UPI,False
C16564,Basic,Monthly,379.13,Debit Card,True
C16565,Basic,Monthly,346.35,UPI,True
C16566,Standard,Monthly,634.96,Net Banking,False
C16567,Standard,Annual,858.13,Credit Card,True
C16568,Basic,Monthly,447.65,UPI,True
C16569,Basic,Monthly,493.98,Debit Card,False
C16570,Basic,Annual,493.31,UPI,True
C16571,Standard,Monthly,663.56,Credit Card,False
C16572,Basic,Monthly,313.82,Debit Card,True
C16573,Standard,Monthly,793.89,Debit Card,True
C16574,Premium,Monthly,1209.54,Credit Card,False
C16575,Standard,Monthly,876.01,Credit Card,False
C16576,Basic,Monthly,444.06,Wallet,False
C16577,Basic,Monthly,344.24,Wallet,False
C16578,Standard,Monthly,824.03,Credit Card,True
C16579,Basic,Monthly,328.9,Net Banking,False
C16580,Premium,Monthly,1187.55,Debit Card,False
C16581,Basic,Annual,378.08,UPI,True
C16582,Premium,Monthly,1434.1,Credit Card,False
C16583,Basic,Monthly,306.0,UPI,False
C16584,Standard,Annual,648.08,Debit Card,True
C16585,Basic,Annual,391.29,Debit Card,True
C16586,Premium,Monthly,1397.88,Wallet,False
C16587,Basic,Monthly,470.61,Wallet,False
C16588,Standard,Monthly,770.12,UPI,True
C16589,Standard,Monthly,871.23,UPI,True
C16590,Standard,Monthly,844.79,UPI,False
C16591,Basic,Monthly,365.08,UPI,False
C16592,Premium,Monthly,1042.81,Credit Card,True
C16593,Basic,Monthly,403.5,Net Banking,True
C16594,Basic,Monthly,367.28,Credit Card,True
C16595,Basic,Monthly,318.77,Credit Card,False
C16596,Basic,Monthly,369.84,Debit Card,False
C16597,Premium,Monthly,1012.22,UPI,False
C16598,Standard,Monthly,866.7,Debit Card,False
C16599,Basic,Annual,335.54,UPI,True
C16600,Premium,Annual,1003.71,Credit Card,True
C16601,Basic,Monthly,362.2,UPI,True
C16602,Basic,Monthly,472.23,Credit Card,False
C16603,Basic,Monthly,382.91,Net Banking,True
C16604,Standard,Monthly,672.79,Credit Card,False
C16605,Standard,Monthly,726.71,Credit Card,False
C16606,Basic,Monthly,491.05,Credit Card,True
C16607,Standard,Monthly,787.2,Wallet,False
C16608,Basic,Monthly,489.89,UPI,False
C16609,Basic,Monthly,419.68,Debit Card,True
C16610,Standard,Monthly,777.55,UPI,True
C16611,Standard,Monthly,616.63,UPI,True
C16612,Standard,Monthly,818.22,UPI,True
C16613,Basic,Monthly,342.69,Credit Card,False
C16614,Basic,Monthly,315.63,UPI,True
C16615,Standard,Monthly,838.29,Net Banking,False
C16616,Basic,Monthly,330.85,Net Banking,False
C16617,Basic,Monthly,488.57,Credit Card,True
C16618,Basic,Annual,331.64,Debit Card,True
C16619,Basic,Monthly,397.74,Debit Card,False
C16620,Standard,Annual,868.88,Credit Card,True
C16621,Standard,Annual,681.08,UPI,True
C16622,Standard,Monthly,681.09,UPI,False
C16623,Basic,Monthly,401.94,Credit Card,True
C16624,Basic,Monthly,491.41,UPI,False
C16625,Basic,Annual,359.82,Debit Card,True
C16626,Basic,Monthly,372.6,Debit Card,True
C16627,Basic,Monthly,415.95,UPI,True
C16628,Premium,Monthly,1049.61,UPI,True
C16629,Standard,Monthly,696.76,UPI,False
C16630,Standard,Monthly,840.58,Wallet,True
C16631,Basic,Monthly,481.33,Debit Card,True
C16632,Standard,Monthly,688.1,Wallet,False
C16633,Basic,Monthly,384.06,Debit Card,True
C16634,Basic,Annual,407.14,Debit Card,False
C16635,Premium,Monthly,1268.1,Wallet,False
C16636,Basic,Monthly,430.19,UPI,False
C16637,Standard,Annual,602.77,Credit Card,True
C16638,Standard,Monthly,895.98,Net Banking,False
C16639,Standard,Annual,638.85,Debit Card,False
C16640,Basic,Monthly,486.66,UPI,True
C16641,Basic,Monthly,441.07,Wallet,True
C16642,Basic,Annual,484.27,Credit Card,True
C16643,Standard,Monthly,678.57,Wallet,True
C16644,Standard,Monthly,814.69,Credit Card,False
C16645,Basic,Monthly,309.28,Credit Card,True
C16646,Basic,Monthly,488.16,UPI,True
C16647,Standard,Monthly,697.52,Credit Card,False
C16648,Basic,Monthly,428.43,Debit Card,False
C16649,Standard,Monthly,728.2,UPI,False
C16650,Standard,Monthly,612.66,Wallet,True
C16651,Standard,Monthly,775.77,Credit Card,True
C16652,Premium,Annual,1142.08,UPI,True
C16653,Basic,Annual,410.28,Debit Card,True
C16654,Standard,Monthly,836.69,Credit Card,False
C16655,Standard,Monthly,727.01,Credit Card,True
C16656,Standard,Monthly,669.69,Credit Card,False
C16657,Standard,Monthly,721.43,Credit Card,True
C16658,Basic,Annual,316.81,Credit Card,False
C16659,Basic,Annual,409.66,Debit Card,False
C16660,Standard,Annual,683.89,UPI,True
C16661,Premium,Monthly,1232.42,Wallet,True
C16662,Basic,Annual,453.36,Debit Card,True
C16663,Premium,Annual,1469.76,Credit Card,True
C16664,Basic,Monthly,300.32,Net Banking,False
C16665,Premium,Monthly,1473.9,Credit Card,True
C16666,Standard,Monthly,847.95,UPI,False
C16667,Standard,Monthly,625.71,Wallet,True
C16668,Basic,Annual,478.27,Debit Card,True
C16669,Basic,Monthly,384.76,Net Banking,False
C16670,Basic,Monthly,415.28,UPI,True
C16671,Standard,Monthly,620.24,Credit Card,True
C16672,Premium,Monthly,1496.88,Wallet,True
C16673,Basic,Monthly,473.32,UPI,False
C16674,Premium,Annual,1232.97,Credit Card,True
C16675,Basic,Monthly,452.98,Credit Card,False
C16676,Standard,Annual,742.73,UPI,False
C16677,Standard,Annual,775.29,Net Banking,False
C16678,Basic,Monthly,492.64,UPI,False
C16679,Basic,Monthly,366.6,Net Banking,False
C16680,Basic,Monthly,318.1,Wallet,True
C16681,Standard,Monthly,835.01,Credit Card,False
C16682,Basic,Monthly,324.67,Debit Card,False
C16683,Basic,Monthly,451.17,Debit Card,False
C16684,Basic,Monthly,422.57,Credit Card,True
C16685,Standard,Monthly,711.59,UPI,False
C16686,Basic,Monthly,403.51,UPI,True
C16687,Standard,Monthly,817.28,UPI,True
C16688,Standard,Annual,685.01,UPI,True
C16689,Standard,Monthly,832.91,Credit Card,True
C16690,Standard,Monthly,787.97,Debit Card,False
C16691,Standard,Monthly,803.45,Credit Card,False
C16692,Standard,Annual,807.14,Wallet,True
C16693,Premium,Monthly,1244.28,Credit Card,False
C16694,Standard,Annual,646.81,Credit Card,False
C16695,Premium,Annual,1139.27,Net Banking,True
C16696,Standard,Monthly,790.61,UPI,False
C16697,Standard,Monthly,829.47,Debit Card,False
C16698,Basic,Monthly,359.91,Credit Card,False
C16699,Basic,Monthly,458.27,UPI,False
C16700,Basic,Monthly,498.78,Debit Card,False
C16701,Premium,Monthly,1050.37,UPI,True
C16702,Standard,Monthly,623.84,Wallet,True
C16703,Standard,Monthly,894.74,Net Banking,False
C16704,Basic,Annual,447.71,Credit Card,True
C16705,Standard,Monthly,699.78,UPI,False
C16706,Premium,Annual,1002.37,Debit Card,False
C16707,Basic,Monthly,399.23,UPI,True
C16708,Standard,Monthly,718.53,Net Banking,True
C16709,Standard,Monthly,635.09,Credit Card,False
C16710,Premium,Monthly,1104.93,Wallet,False
C16711,Standard,Monthly,787.35,Credit Card,False
C16712,Basic,Monthly,392.9,UPI,False
C16713,Basic,Monthly,427.64,UPI,False
C16714,Premium,Monthly,1333.14,Wallet,True
C16715,Basic,Monthly,418.23,Wallet,True
C16716,Basic,Monthly,490.47,UPI,False
C16717,Basic,Monthly,343.91,UPI,True
C16718,Basic,Monthly,419.3,Debit Card,False
C16719,Standard,Monthly,697.06,Debit Card,False
C16720,Basic,Monthly,394.04,UPI,False
C16721,Standard,Monthly,721.03,Net Banking,False
C16722,Standard,Monthly,661.07,Wallet,True
C16723,Basic,Monthly,374.11,Credit Card,False
C16724,Basic,Monthly,492.51,Debit Card,False
C16725,Basic,Annual,333.41,Debit Card,True
C16726,Premium,Monthly,1316.87,Credit Card,True
C16727,Standard,Monthly,612.57,Debit Card,False
C16728,Basic,Monthly,438.32,Wallet,False
C16729,Standard,Monthly,778.24,Credit Card,True
C16730,Standard,Monthly,657.83,Credit Card,True
C16731,Standard,Annual,896.67,UPI,False
C16732,Basic,Monthly,455.88,Credit Card,False
C16733,Premium,Monthly,1136.73,Debit Card,False
C16734,Standard,Monthly,708.06,Net Banking,False
C16735,Standard,Annual,856.88,Credit Card,False
C16736,Standard,Monthly,623.25,UPI,True
C16737,Basic,Monthly,418.39,Credit Card,True
C16738,Basic,Monthly,306.73,Wallet,True
C16739,Standard,Monthly,637.59,Credit Card,False
C16740,Standard,Monthly,785.01,Net Banking,False
C16741,Standard,Monthly,610.23,Net Banking,False
C16742,Basic,Monthly,391.9,Debit Card,False
C16743,Standard,Annual,764.1,UPI,True
C16744,Basic,Monthly,447.85,Debit Card,False
C16745,Standard,Monthly,680.05,Credit Card,False
C16746,Standard,Monthly,735.76,Wallet,True
C16747,Premium,Monthly,1282.95,Debit Card,False
C16748,Basic,Annual,454.87,UPI,True
C16749,Standard,Annual,673.58,Credit Card,True
C16750,Basic,Monthly,489.96,Credit Card,True
C16751,Standard,Monthly,895.08,Net Banking,False
C16752,Standard,Monthly,636.86,Credit Card,False
C16753,Premium,Annual,1101.9,Wallet,True
C16754,Basic,Monthly,497.85,Net Banking,True
C16755,Basic,Annual,331.13,Debit Card,False
C16756,Standard,Monthly,621.89,Credit Card,True
C16757,Standard,Monthly,747.19,UPI,False
C16758,Basic,Monthly,414.77,Net Banking,True
C16759,Standard,Annual,602.01,Credit Card,False
C16760,Standard,Monthly,811.24,Credit Card,False
C16761,Standard,Monthly,837.83,Debit Card,False
C16762,Standard,Monthly,645.56,Credit Card,False
C16763,Standard,Monthly,701.86,Net Banking,False
C16764,Standard,Monthly,809.42,Debit Card,True
C16765,Basic,Monthly,434.99,Wallet,True
C16766,Premium,Monthly,1343.05,Wallet,False
C16767,Basic,Monthly,490.98,Debit Card,False
C16768,Basic,Monthly,374.19,Credit Card,False
C16769,Standard,Annual,795.63,Credit Card,True
C16770,Basic,Monthly,435.19,Credit Card,False
C16771,Basic,Monthly,446.09,Credit Card,False
C16772,Basic,Monthly,446.17,UPI,False
C16773,Premium,Annual,1121.95,Wallet,False
C16774,Basic,Monthly,379.77,Credit Card,True
C16775,Premium,Annual,1342.53,Credit Card,True
C16776,Standard,Annual,789.95,UPI,True
C16777,Premium,Monthly,1093.76,Debit Card,False
C16778,Standard,Annual,787.63,Debit Card,True
C16779,Basic,Monthly,330.06,Credit Card,True
C16780,Premium,Monthly,1361.12,UPI,False
C16781,Standard,Monthly,739.59,Net Banking,False
C16782,Standard,Monthly,736.58,Debit Card,True
C16783,Premium,Annual,1250.1,Debit Card,True
C16784,Basic,Monthly,389.48,UPI,False
C16785,Standard,Monthly,617.1,UPI,False
C16786,Premium,Monthly,1183.69,Net Banking,True
C16787,Basic,Monthly,404.68,Debit Card,True
C16788,Basic,Monthly,308.15,Debit Card,False
C16789,Standard,Monthly,672.27,Wallet,True
C16790,Standard,Monthly,703.42,UPI,True
C16791,Basic,Annual,431.12,Wallet,True
C16792,Basic,Monthly,424.38,Credit Card,True
C16793,Basic,Annual,316.85,UPI,False
C16794,Standard,Annual,644.35,Credit Card,True
C16795,Standard,Annual,680.81,Debit Card,False
C16796,Premium,Monthly,1129.77,Debit Card,True
C16797,Standard,Monthly,648.44,UPI,True
C16798,Basic,Monthly,322.37,Debit Card,False
C16799,Premium,Monthly,1474.29,Net Banking,False
C16800,Basic,Monthly,454.65,UPI,False
C16801,Premium,Monthly,1098.77,Credit Card,False
C16802,Basic,Monthly,412.9,Credit Card,False
C16803,Basic,Monthly,425.59,Debit Card,False
C16804,Standard,Monthly,610.31,Net Banking,True
C16805,Basic,Annual,419.25,Credit Card,True
C16806,Basic,Annual,410.84,Debit Card,True
C16807,Standard,Monthly,667.33,Credit Card,False
C16808,Standard,Annual,635.73,Wallet,True
C16809,Standard,Monthly,619.35,UPI,True
C16810,Basic,Annual,323.95,Credit Card,True
C16811,Premium,Annual,1243.15,Credit Card,True
C16812,Basic,Annual,463.62,Debit Card,False
C16813,Standard,Annual,803.25,UPI,True
C16814,Basic,Monthly,402.46,Credit Card,False
C16815,Basic,Monthly,418.93,Credit Card,False
C16816,Premium,Monthly,1346.26,UPI,False
C16817,Premium,Monthly,1090.98,UPI,False
C16818,Basic,Monthly,355.01,Credit Card,False
C16819,Premium,Monthly,1086.81,Credit Card,True
C16820,Basic,Annual,375.99,Wallet,True
C16821,Premium,Annual,1130.66,Debit Card,True
C16822,Premium,Monthly,1469.68,Debit Card,False
C16823,Basic,Annual,491.77,UPI,True
C16824,Basic,Annual,410.94,UPI,True
C16825,Basic,Monthly,314.7,UPI,False
C16826,Basic,Monthly,436.89,UPI,False
C16827,Standard,Monthly,738.49,Wallet,True
C16828,Basic,Monthly,300.12,Net Banking,True
C16829,Premium,Annual,1338.94,UPI,True
C16830,Premium,Annual,1369.39,Debit Card,True
C16831,Standard,Monthly,787.08,Credit Card,True
C16832,Premium,Monthly,1469.32,Debit Card,False
C16833,Standard,Monthly,882.17,Debit Card,True
C16834,Basic,Monthly,422.34,Debit Card,True
C16835,Standard,Annual,605.68,Debit Card,True
C16836,Basic,Monthly,390.88,Credit Card,False
C16837,Premium,Annual,1309.08,UPI,False
C16838,Basic,Monthly,355.26,Net Banking,False
C16839,Standard,Monthly,740.97,Wallet,True
C16840,Basic,Monthly,398.32,Wallet,False
C16841,Basic,Annual,447.79,Credit Card,False
C16842,Basic,Annual,470.12,UPI,True
C16843,Premium,Annual,1144.53,Debit Card,True
C16844,Premium,Monthly,1391.16,Credit Card,False
C16845,Standard,Monthly,599.1,Credit Card,False
C16846,Standard,Monthly,822.36,UPI,False
C16847,Basic,Monthly,429.28,UPI,False
C16848,Standard,Monthly,794.45,UPI,False
C16849,Basic,Monthly,310.34,Wallet,False
C16850,Standard,Monthly,777.47,UPI,True
C16851,Basic,Annual,313.91,Wallet,True
C16852,Standard,Monthly,660.46,UPI,True
C16853,Basic,Monthly,496.81,Credit Card,True
C16854,Basic,Monthly,332.22,Wallet,True
C16855,Basic,Annual,381.61,Credit Card,True
C16856,Premium,Monthly,1153.54,Credit Card,False
C16857,Basic,Monthly,328.59,Credit Card,False
C16858,Basic,Annual,464.47,UPI,True
C16859,Basic,Annual,481.02,UPI,False
C16860,Premium,Monthly,1457.64,UPI,False
C16861,Premium,Annual,1328.35,Wallet,True
C16862,Standard,Monthly,702.65,Credit Card,False
C16863,Premium,Monthly,1261.91,UPI,False
C16864,Premium,Monthly,1270.75,Net Banking,True
C16865,Premium,Monthly,1280.88,Credit Card,False
C16866,Basic,Monthly,323.5,UPI,False
C16867,Premium,Monthly,1146.47,UPI,True
C16868,Premium,Monthly,1237.93,UPI,True
C16869,Basic,Monthly,392.8,Credit Card,False
C16870,Basic,Annual,353.36,UPI,True
C16871,Basic,Monthly,303.1,Debit Card,True
C16872,Standard,Monthly,877.35,Credit Card,False
C16873,Premium,Monthly,1200.2,UPI,False
C16874,Standard,Monthly,782.19,Credit Card,True
C16875,Basic,Monthly,478.01,Credit Card,True
C16876,Standard,Annual,766.52,Credit Card,True
C16877,Standard,Annual,637.91,Credit Card,True
C16878,Basic,Annual,448.23,Wallet,False
C16879,Standard,Monthly,629.82,UPI,False
C16880,Basic,Annual,361.81,UPI,True
C16881,Premium,Monthly,1270.31,Wallet,False
C16882,Premium,Monthly,1340.0,UPI,True
C16883,Standard,Monthly,663.65,Wallet,True
C16884,Premium,Monthly,1334.24,Credit Card,True
C16885,Basic,Monthly,486.1,UPI,False
C16886,Standard,Monthly,702.74,Debit Card,True
C16887,Basic,Monthly,340.82,Debit Card,False
C16888,Basic,Monthly,358.28,Net Banking,True
C16889,Standard,Monthly,719.54,UPI,False
C16890,Premium,Annual,1353.09,Debit Card,True
C16891,Premium,Monthly,1487.1,Debit Card,False
C16892,Standard,Annual,765.82,Debit Card,True
C16893,Basic,Monthly,482.98,Debit Card,True
C16894,Basic,Monthly,421.89,UPI,False
C16895,Basic,Monthly,476.89,UPI,True
C16896,Premium,Monthly,1130.44,UPI,True
C16897,Standard,Annual,743.44,Credit Card,False
C16898,Standard,Monthly,720.17,Credit Card,False
C16899,Standard,Monthly,726.8,UPI,False
C16900,Premium,Annual,1441.14,Debit Card,False
C16901,Standard,Monthly,761.28,Net Banking,False
C16902,Standard,Monthly,721.46,Credit Card,False
C16903,Premium,Annual,1386.96,Credit Card,False
C16904,Basic,Monthly,406.32,Debit Card,False
C16905,Basic,Monthly,413.18,UPI,True
C16906,Basic,Annual,411.96,Credit Card,True
C16907,Premium,Monthly,1409.4,UPI,True
C16908,Basic,Monthly,340.81,Credit Card,False
C16909,Premium,Monthly,1346.07,UPI,False
C16910,Standard,Annual,690.43,Credit Card,False
C16911,Premium,Monthly,1281.62,Net Banking,False
C16912,Basic,Annual,397.43,Credit Card,False
C16913,Basic,Monthly,313.16,Debit Card,False
C16914,Basic,Monthly,306.91,Credit Card,True
C16915,Standard,Annual,805.44,UPI,True
C16916,Premium,Annual,1214.36,Credit Card,False
C16917,Basic,Annual,456.94,Net Banking,True
C16918,Premium,Monthly,1497.23,Credit Card,True
C16919,Basic,Monthly,332.04,UPI,False
C16920,Premium,Monthly,1081.57,Credit Card,True
C16921,Basic,Monthly,413.04,UPI,False
C16922,Basic,Monthly,367.51,UPI,True
C16923,Basic,Monthly,460.89,Credit Card,False
C16924,Basic,Annual,353.18,Debit Card,True
C16925,Standard,Monthly,833.17,UPI,True
C16926,Basic,Monthly,331.63,Credit Card,True
C16927,Standard,Monthly,775.89,Debit Card,False
C16928,Standard,Monthly,782.66,UPI,True
C16929,Premium,Monthly,1054.11,Net Banking,False
C16930,Premium,Monthly,1316.63,UPI,False
C16931,Basic,Monthly,468.22,Wallet,False
C16932,Standard,Monthly,663.05,Debit Card,False
C16933,Basic,Monthly,483.9,Net Banking,True
C16934,Basic,Annual,419.07,UPI,False
C16935,Basic,Monthly,476.79,Debit Card,True
C16936,Standard,Annual,783.35,Wallet,True
C16937,Standard,Monthly,890.13,UPI,False
C16938,Premium,Monthly,1323.19,Debit Card,True
C16939,Basic,Monthly,470.38,Credit Card,False
C16940,Standard,Monthly,653.99,Credit Card,False
C16941,Basic,Monthly,466.16,UPI,False
C16942,Basic,Monthly,482.85,Debit Card,True
C16943,Premium,Annual,1392.86,Credit Card,True
C16944,Basic,Annual,425.5,Wallet,True
C16945,Premium,Annual,1217.13,Credit Card,False
C16946,Standard,Monthly,707.93,Debit Card,False
C16947,Basic,Annual,395.07,Debit Card,True
C16948,Premium,Monthly,1392.24,Net Banking,True
C16949,Basic,Monthly,478.9,Net Banking,False
C16950,Basic,Monthly,377.51,UPI,True
C16951,Basic,Monthly,387.5,UPI,True
C16952,Basic,Monthly,403.82,Credit Card,True
C16953,Basic,Monthly,480.7,UPI,False
C16954,Standard,Monthly,830.16,UPI,True
C16955,Standard,Monthly,896.92,Credit Card,True
C16956,Premium,Monthly,1362.35,UPI,False
C16957,Basic,Monthly,438.48,Debit Card,True
C16958,Standard,Monthly,708.79,Credit Card,False
C16959,Basic,Monthly,458.39,Debit Card,False
C16960,Standard,Monthly,615.21,Credit Card,True
C16961,Basic,Monthly,389.9,Credit Card,True
C16962,Standard,Annual,783.7,Wallet,False
C16963,Basic,Annual,400.76,Credit Card,True
C16964,Basic,Monthly,429.77,Net Banking,True
C16965,Premium,Monthly,1386.1,Credit Card,False
C16966,Premium,Monthly,1042.02,UPI,True
C16967,Standard,Monthly,764.35,UPI,False
C16968,Basic,Monthly,360.36,Credit Card,True
C16969,Basic,Annual,437.17,Debit Card,True
C16970,Premium,Monthly,1356.66,Credit Card,True
C16971,Basic,Monthly,428.7,UPI,True
C16972,Basic,Monthly,454.83,Credit Card,False
C16973,Basic,Monthly,429.8,UPI,False
C16974,Premium,Annual,1133.93,Credit Card,True
C16975,Premium,Monthly,1076.3,Credit Card,False
C16976,Standard,Monthly,851.95,Net Banking,False
C16977,Standard,Monthly,867.42,UPI,True
C16978,Standard,Monthly,727.45,UPI,False
C16979,Basic,Annual,463.92,Credit Card,True
C16980,Standard,Monthly,676.44,Credit Card,False
C16981,Basic,Monthly,332.38,Credit Card,False
C16982,Premium,Monthly,1269.82,UPI,True
C16983,Standard,Annual,785.62,Credit Card,True
C16984,Standard,Monthly,878.24,Wallet,True
C16985,Premium,Monthly,1029.49,Wallet,True
C16986,Basic,Monthly,334.64,Debit Card,False
C16987,Premium,Annual,1199.1,Net Banking,True
C16988,Basic,Monthly,308.24,Credit Card,False
C16989,Premium,Monthly,1348.85,Credit Card,True
C16990,Basic,Monthly,466.3,UPI,False
C16991,Basic,Annual,331.94,Credit Card,True
C16992,Premium,Annual,1137.53,Wallet,True
C16993,Premium,Monthly,1497.66,Wallet,True
C16994,Premium,Monthly,1349.16,Credit Card,False
C16995,Premium,Monthly,1461.78,Credit Card,True
C16996,Standard,Monthly,605.64,Credit Card,False
C16997,Basic,Annual,401.83,Debit Card,False
C16998,Standard,Monthly,699.41,Debit Card,False
C16999,Basic,Monthly,374.6,UPI,True
C17000,Standard,Monthly,737.46,Credit Card,False
C17001,Basic,Monthly,423.75,Credit Card,False
C17002,Basic,Monthly,461.61,Net Banking,False
C17003,Standard,Annual,779.09,Net Banking,True
C17004,Basic,Monthly,360.08,Credit Card,False
C17005,Standard,Annual,605.87,UPI,False
C17006,Standard,Monthly,706.7,Wallet,True
C17007,Standard,Monthly,713.03,Credit Card,False
C17008,Basic,Monthly,425.61,Net Banking,False
C17009,Standard,Monthly,658.77,Debit Card,False
C17010,Premium,Annual,1372.91,Net Banking,True
C17011,Premium,Monthly,1330.85,Credit Card,False
C17012,Premium,Annual,1239.3,Net Banking,True
C17013,Standard,Monthly,744.0,Credit Card,False
C17014,Basic,Monthly,364.73,UPI,False
C17015,Basic,Monthly,376.61,Debit Card,True
C17016,Premium,Annual,1274.11,Debit Card,True
C17017,Premium,Monthly,1401.29,UPI,True
C17018,Basic,Annual,427.49,Credit Card,True
C17019,Standard,Monthly,832.86,UPI,False
C17020,Basic,Monthly,357.9,Debit Card,False
C17021,Premium,Annual,1419.67,UPI,True
C17022,Basic,Monthly,378.72,UPI,True
C17023,Standard,Monthly,749.0,Wallet,True
C17024,Standard,Monthly,776.45,UPI,False
C17025,Standard,Annual,704.36,UPI,True
C17026,Standard,Monthly,611.34,Credit Card,False
C17027,Standard,Annual,669.11,Credit Card,True
C17028,Basic,Monthly,478.59,UPI,True
C17029,Premium,Monthly,1018.12,Debit Card,False
C17030,Premium,Monthly,1470.8,Credit Card,False
C17031,Premium,Annual,1049.44,Debit Card,True
C17032,Premium,Annual,1390.29,Debit Card,True
C17033,Standard,Annual,667.5,UPI,True
C17034,Basic,Monthly,452.1,Debit Card,False
C17035,Basic,Annual,427.74,Credit Card,False
C17036,Premium,Monthly,1343.63,Credit Card,True
C17037,Basic,Annual,346.93,Debit Card,True
C17038,Standard,Monthly,845.61,UPI,True
C17039,Premium,Monthly,1074.48,Credit Card,True
C17040,Standard,Monthly,807.72,Credit Card,False
C17041,Standard,Monthly,829.11,Credit Card,False
C17042,Basic,Monthly,456.01,UPI,False
C17043,Basic,Monthly,369.46,UPI,False
C17044,Basic,Annual,326.52,UPI,True
C17045,Standard,Monthly,786.17,Credit Card,False
C17046,Basic,Annual,402.04,Credit Card,True
C17047,Basic,Monthly,496.52,Debit Card,False
C17048,Premium,Monthly,1419.08,Net Banking,True
C17049,Premium,Monthly,1054.17,Wallet,False
C17050,Standard,Monthly,809.48,UPI,True
C17051,Basic,Monthly,343.84,Debit Card,False
C17052,Basic,Monthly,436.53,Credit Card,False
C17053,Premium,Annual,1031.48,UPI,False
C17054,Basic,Annual,418.17,Debit Card,False
C17055,Premium,Annual,1065.99,Credit Card,True
C17056,Standard,Annual,602.54,Credit Card,False
C17057,Basic,Monthly,393.75,Credit Card,True
C17058,Basic,Monthly,497.51,Credit Card,False
C17059,Premium,Annual,1150.34,Credit Card,True
C17060,Premium,Monthly,1422.09,Debit Card,True
C17061,Basic,Annual,413.47,Credit Card,False
C17062,Standard,Monthly,801.61,Net Banking,False
C17063,Standard,Monthly,634.94,Credit Card,False
C17064,Basic,Monthly,400.92,Credit Card,False
C17065,Standard,Annual,806.88,Debit Card,False
C17066,Standard,Annual,860.82,Debit Card,True
C17067,Basic,Annual,416.51,Debit Card,True
C17068,Basic,Monthly,455.31,Debit Card,False
C17069,Premium,Monthly,1263.75,Credit Card,False
C17070,Basic,Annual,372.16,Debit Card,True
C17071,Basic,Monthly,410.75,Credit Card,True
C17072,Standard,Annual,615.99,Debit Card,True
C17073,Basic,Annual,363.17,UPI,True
C17074,Basic,Monthly,335.3,UPI,False
C17075,Premium,Monthly,1283.31,Credit Card,False
C17076,Premium,Annual,1241.13,UPI,True
C17077,Basic,Monthly,357.95,Credit Card,True
C17078,Basic,Annual,358.77,Credit Card,True
C17079,Basic,Annual,358.71,Credit Card,True
C17080,Basic,Monthly,315.87,Credit Card,True
C17081,Standard,Monthly,770.15,Wallet,False
C17082,Premium,Annual,1124.81,UPI,True
C17083,Basic,Monthly,484.43,UPI,True
C17084,Basic,Monthly,363.06,Credit Card,False
C17085,Standard,Monthly,734.22,Net Banking,False
C17086,Basic,Annual,375.77,Credit Card,True
C17087,Standard,Annual,821.92,UPI,True
C17088,Premium,Annual,1326.17,Credit Card,True
C17089,Standard,Annual,843.25,Debit Card,True
C17090,Basic,Annual,457.74,UPI,True
C17091,Standard,Annual,785.14,Credit Card,False
C17092,Standard,Annual,867.87,Net Banking,True
C17093,Premium,Annual,1072.87,Credit Card,False
C17094,Basic,Annual,456.66,UPI,False
C17095,Basic,Monthly,387.06,Credit Card,True
C17096,Standard,Monthly,612.21,Credit Card,False
C17097,Standard,Monthly,621.05,UPI,False
C17098,Standard,Annual,688.27,Net Banking,True
C17099,Basic,Monthly,359.8,Net Banking,True
C17100,Basic,Annual,466.6,Credit Card,True
C17101,Standard,Annual,710.36,Debit Card,True
C17102,Basic,Monthly,388.98,Debit Card,True
C17103,Basic,Monthly,484.07,Net Banking,False
C17104,Standard,Annual,766.74,Wallet,True
C17105,Basic,Annual,452.8,Wallet,True
C17106,Standard,Annual,889.25,Debit Card,False
C17107,Basic,Monthly,485.31,Credit Card,True
C17108,Standard,Monthly,614.19,Credit Card,False
C17109,Basic,Monthly,326.12,UPI,False
C17110,Basic,Annual,365.84,Credit Card,False
C17111,Basic,Monthly,425.46,Credit Card,False
C17112,Standard,Monthly,898.04,Wallet,True
C17113,Basic,Monthly,413.6,Credit Card,True
C17114,Standard,Monthly,883.3,Credit Card,False
C17115,Basic,Annual,315.27,Credit Card,True
C17116,Basic,Monthly,448.82,Net Banking,False
C17117,Basic,Monthly,463.75,Credit Card,True
C17118,Basic,Monthly,473.83,Credit Card,False
C17119,Basic,Annual,472.42,UPI,True
C17120,Standard,Monthly,635.39,Debit Card,False
C17121,Premium,Annual,1123.29,Net Banking,True
C17122,Basic,Monthly,363.2,Credit Card,False
C17123,Standard,Monthly,740.4,Net Banking,True
C17124,Basic,Annual,358.61,Credit Card,True
C17125,Standard,Monthly,709.95,Credit Card,False
C17126,Premium,Monthly,1300.82,Credit Card,False
C17127,Basic,Annual,440.54,Debit Card,True
C17128,Basic,Monthly,481.33,UPI,False
C17129,Basic,Annual,498.37,Debit Card,True
C17130,Premium,Monthly,1094.07,Debit Card,True
C17131,Premium,Monthly,1207.19,Credit Card,True
C17132,Basic,Annual,416.82,UPI,True
C17133,Basic,Annual,351.97,Credit Card,False
C17134,Standard,Monthly,818.23,UPI,False
C17135,Premium,Monthly,1276.93,Credit Card,False
C17136,Standard,Annual,786.92,Credit Card,True
C17137,Basic,Monthly,399.86,Debit Card,True
C17138,Basic,Monthly,339.91,Debit Card,False
C17139,Basic,Annual,383.02,Credit Card,True
C17140,Premium,Monthly,1462.57,Net Banking,True
C17141,Basic,Monthly,477.74,Credit Card,False
C17142,Premium,Monthly,1437.86,UPI,False
C17143,Standard,Monthly,833.92,Credit Card,False
C17144,Basic,Monthly,498.04,Credit Card,False
C17145,Premium,Monthly,1170.14,Credit Card,False
C17146,Standard,Monthly,771.21,UPI,True
C17147,Premium,Annual,1478.38,UPI,False
C17148,Standard,Monthly,652.34,Credit Card,False
C17149,Basic,Monthly,421.35,Wallet,True
C17150,Basic,Monthly,359.67,Debit Card,True
C17151,Basic,Monthly,489.46,UPI,False
C17152,Basic,Monthly,400.95,UPI,False
C17153,Premium,Annual,1257.57,Debit Card,True
C17154,Standard,Monthly,700.4,Net Banking,True
C17155,Basic,Monthly,324.55,UPI,True
C17156,Basic,Annual,447.8,Debit Card,True
C17157,Premium,Monthly,1247.11,Credit Card,False
C17158,Basic,Monthly,303.09,UPI,False
C17159,Basic,Monthly,342.39,Credit Card,False
C17160,Basic,Monthly,374.82,Credit Card,False
C17161,Premium,Monthly,1075.94,Credit Card,True
C17162,Premium,Monthly,1486.6,Debit Card,False
C17163,Basic,Monthly,335.73,Wallet,False
C17164,Premium,Monthly,1368.44,Credit Card,True
C17165,Standard,Monthly,635.51,Credit Card,False
C17166,Basic,Monthly,382.96,Net Banking,False
C17167,Basic,Annual,486.12,UPI,True
C17168,Basic,Annual,434.03,Net Banking,True
C17169,Premium,Monthly,1318.86,UPI,False
C17170,Premium,Monthly,1423.08,Credit Card,True
C17171,Premium,Annual,1067.02,Debit Card,True
C17172,Premium,Annual,1008.18,UPI,True
C17173,Basic,Annual,326.97,UPI,True
C17174,Standard,Monthly,708.12,UPI,False
C17175,Basic,Annual,475.28,Credit Card,True
C17176,Premium,Monthly,1130.8,Debit Card,False
C17177,Basic,Monthly,428.03,Debit Card,True
C17178,Basic,Annual,326.48,Net Banking,True
C17179,Basic,Monthly,337.45,UPI,True
C17180,Basic,Annual,385.25,Debit Card,True
C17181,Basic,Monthly,422.89,Credit Card,False
C17182,Standard,Monthly,849.01,Credit Card,False
C17183,Basic,Monthly,416.8,UPI,True
C17184,Basic,Monthly,480.53,Wallet,False
C17185,Standard,Monthly,768.99,UPI,False
C17186,Premium,Annual,1091.08,UPI,True
C17187,Basic,Monthly,489.23,UPI,False
C17188,Basic,Annual,488.48,Wallet,True
C17189,Premium,Annual,1087.04,Debit Card,True
C17190,Standard,Annual,880.04,Net Banking,False
C17191,Premium,Annual,1399.66,Credit Card,True
C17192,Standard,Annual,711.85,Debit Card,True
C17193,Premium,Annual,1178.76,Net Banking,False
C17194,Basic,Monthly,327.76,Wallet,False
C17195,Basic,Monthly,344.81,UPI,False
C17196,Premium,Annual,1466.95,Credit Card,True
C17197,Standard,Annual,857.95,Debit Card,True
C17198,Standard,Annual,635.94,Debit Card,True
C17199,Premium,Monthly,1119.1,Debit Card,True
C17200,Standard,Monthly,878.66,Debit Card,False
C17201,Basic,Monthly,454.65,Wallet,True
C17202,Standard,Monthly,854.59,UPI,False
C17203,Basic,Monthly,320.58,Wallet,False
C17204,Basic,Monthly,349.46,Wallet,False
C17205,Standard,Monthly,675.53,Credit Card,False
C17206,Standard,Annual,631.68,Credit Card,True
C17207,Basic,Monthly,321.06,Debit Card,False
C17208,Basic,Monthly,366.17,UPI,False
C17209,Standard,Monthly,770.18,Debit Card,True
C17210,Basic,Monthly,324.99,UPI,True
C17211,Basic,Monthly,431.86,Wallet,True
C17212,Basic,Monthly,446.78,Wallet,False
C17213,Basic,Monthly,327.04,UPI,True
C17214,Premium,Annual,1281.17,Credit Card,True
C17215,Standard,Monthly,797.92,Debit Card,False
C17216,Standard,Monthly,872.19,UPI,False
C17217,Standard,Annual,698.34,Credit Card,True
C17218,Basic,Annual,470.49,Net Banking,True
C17219,Standard,Monthly,776.17,Credit Card,False
C17220,Premium,Annual,1407.04,Credit Card,True
C17221,Standard,Monthly,671.99,UPI,False
C17222,Basic,Monthly,332.92,Credit Card,False
C17223,Basic,Annual,322.63,UPI,True
C17224,Basic,Monthly,373.81,Debit Card,False
C17225,Standard,Annual,728.14,UPI,True
C17226,Premium,Monthly,1169.41,Credit Card,False
C17227,Standard,Monthly,668.29,Credit Card,False
C17228,Basic,Monthly,322.51,Credit Card,True
C17229,Basic,Monthly,483.7,Wallet,False
C17230,Basic,Monthly,495.09,Credit Card,False
C17231,Basic,Monthly,403.56,UPI,False
C17232,Basic,Monthly,337.15,UPI,False
C17233,Standard,Monthly,833.22,UPI,False
C17234,Basic,Annual,374.01,Debit Card,False
C17235,Premium,Monthly,1367.58,UPI,False
C17236,Basic,Monthly,397.37,UPI,True
C17237,Standard,Annual,819.45,Wallet,True
C17238,Premium,Monthly,1016.89,Credit Card,False
C17239,Basic,Annual,352.94,Credit Card,True
C17240,Premium,Monthly,1469.2,Debit Card,True
C17241,Basic,Monthly,350.82,Credit Card,True
C17242,Premium,Annual,1038.4,UPI,False
C17243,Basic,Monthly,466.36,Net Banking,False
C17244,Basic,Monthly,486.62,Debit Card,True
C17245,Basic,Monthly,467.24,UPI,True
C17246,Premium,Monthly,1103.38,UPI,True
C17247,Premium,Annual,1137.76,Debit Card,True
C17248,Basic,Monthly,435.9,Credit Card,False
C17249,Standard,Annual,620.75,Debit Card,False
C17250,Standard,Monthly,803.58,Net Banking,False
C17251,Basic,Monthly,477.64,Net Banking,True
C17252,Basic,Annual,486.06,UPI,True
C17253,Premium,Monthly,1255.72,UPI,False
C17254,Standard,Monthly,884.62,Credit Card,False
C17255,Basic,Annual,429.7,Debit Card,False
C17256,Basic,Monthly,379.1,UPI,False
C17257,Standard,Annual,812.58,Debit Card,True
C17258,Standard,Monthly,887.61,Debit Card,False
C17259,Premium,Monthly,1260.9,Net Banking,False
C17260,Basic,Monthly,386.83,Credit Card,False
C17261,Basic,Annual,398.28,UPI,True
C17262,Basic,Annual,362.14,Debit Card,False
C17263,Standard,Monthly,781.21,Wallet,True
C17264,Standard,Monthly,758.08,Wallet,True
C17265,Premium,Monthly,1280.1,Credit Card,True
C17266,Standard,Monthly,631.2,Credit Card,False
C17267,Premium,Monthly,1407.03,Wallet,False
C17268,Standard,Monthly,765.59,Wallet,True
C17269,Basic,Monthly,401.69,UPI,False
C17270,Basic,Annual,377.21,Debit Card,False
C17271,Premium,Monthly,1478.81,UPI,False
C17272,Premium,Monthly,1221.13,Credit Card,True
C17273,Premium,Monthly,1487.52,Net Banking,False
C17274,Standard,Annual,769.98,Debit Card,True
C17275,Premium,Monthly,1124.22,UPI,False
C17276,Basic,Monthly,374.81,Credit Card,False
C17277,Premium,Monthly,1374.19,Net Banking,True
C17278,Standard,Monthly,691.72,Credit Card,False
C17279,Basic,Monthly,495.51,UPI,True
C17280,Basic,Monthly,367.77,Debit Card,True
C17281,Basic,Annual,393.16,UPI,True
C17282,Basic,Monthly,430.17,UPI,True
C17283,Basic,Monthly,428.23,Debit Card,True
C17284,Standard,Monthly,868.53,UPI,True
C17285,Basic,Monthly,407.0,UPI,False
C17286,Premium,Annual,1198.35,Credit Card,False
C17287,Basic,Annual,411.08,UPI,True
C17288,Basic,Monthly,492.33,UPI,True
C17289,Basic,Monthly,305.88,Debit Card,True
C17290,Basic,Annual,339.99,Net Banking,True
C17291,Standard,Monthly,874.65,Debit Card,True
C17292,Standard,Monthly,855.27,Debit Card,False
C17293,Basic,Annual,328.86,Debit Card,False
C17294,Basic,Monthly,374.04,UPI,True
C17295,Premium,Monthly,1243.99,Credit Card,False
C17296,Basic,Annual,311.09,Debit Card,True
C17297,Standard,Monthly,824.3,UPI,False
C17298,Standard,Annual,637.32,Credit Card,True
C17299,Basic,Annual,339.61,Wallet,True
C17300,Basic,Monthly,385.28,UPI,False
C17301,Standard,Monthly,701.38,Credit Card,False
C17302,Premium,Monthly,1022.69,UPI,True
C17303,Standard,Monthly,748.81,Credit Card,False
C17304,Basic,Annual,325.77,Debit Card,False
C17305,Standard,Monthly,627.93,Debit Card,True
C17306,Premium,Monthly,1006.77,Debit Card,False
C17307,Standard,Monthly,888.41,Debit Card,False
C17308,Basic,Monthly,484.1,UPI,True
C17309,Basic,Monthly,365.54,UPI,True
C17310,Basic,Annual,358.22,Credit Card,True
C17311,Basic,Monthly,343.93,Debit Card,True
C17312,Premium,Monthly,1179.06,UPI,False
C17313,Basic,Monthly,386.77,Credit Card,False
C17314,Standard,Monthly,628.35,Credit Card,False
C17315,Standard,Monthly,718.38,Credit Card,False
C17316,Basic,Monthly,436.23,Net Banking,False
C17317,Basic,Monthly,421.96,UPI,False
C17318,Standard,Monthly,614.34,Credit Card,False
C17319,Basic,Monthly,482.92,Debit Card,False
C17320,Basic,Annual,317.87,Credit Card,True
C17321,Standard,Monthly,830.67,Credit Card,True
C17322,Premium,Annual,1088.2,UPI,True
C17323,Standard,Monthly,861.97,Credit Card,True
C17324,Premium,Annual,1148.9,UPI,True
C17325,Standard,Monthly,742.41,Debit Card,False
C17326,Basic,Annual,480.3,Credit Card,False
C17327,Basic,Monthly,480.67,Credit Card,False
C17328,Basic,Monthly,411.04,Credit Card,True
C17329,Standard,Monthly,657.19,UPI,False
C17330,Premium,Monthly,1388.4,Credit Card,True
C17331,Premium,Monthly,1105.51,Debit Card,True
C17332,Basic,Monthly,450.34,Net Banking,False
C17333,Standard,Annual,742.27,UPI,True
C17334,Standard,Monthly,843.72,Net Banking,False
C17335,Standard,Monthly,648.73,Credit Card,False
C17336,Standard,Annual,686.72,Credit Card,True
C17337,Basic,Monthly,392.32,Debit Card,False
C17338,Basic,Monthly,412.05,UPI,False
C17339,Basic,Monthly,417.46,Debit Card,False
C17340,Premium,Monthly,1465.8,UPI,False
C17341,Standard,Monthly,794.7,Net Banking,False
C17342,Basic,Annual,375.05,Net Banking,False
C17343,Basic,Monthly,476.54,Credit Card,False
C17344,Premium,Annual,1325.6,Credit Card,True
C17345,Premium,Monthly,1057.97,UPI,False
C17346,Standard,Monthly,680.26,Credit Card,True
C17347,Basic,Annual,382.56,Credit Card,True
C17348,Basic,Monthly,300.01,Credit Card,False
C17349,Standard,Monthly,740.71,Debit Card,False
C17350,Premium,Monthly,1030.72,UPI,True
C17351,Premium,Monthly,1063.7,Net Banking,False
C17352,Basic,Annual,386.22,Debit Card,True
C17353,Basic,Annual,426.76,Debit Card,False
C17354,Premium,Monthly,1054.28,Net Banking,False
C17355,Standard,Annual,619.3,Debit Card,False
C17356,Premium,Monthly,1371.51,Credit Card,True
C17357,Premium,Annual,1492.64,Credit Card,True
C17358,Premium,Monthly,1210.59,Debit Card,True
C17359,Standard,Monthly,849.98,Net Banking,False
C17360,Premium,Annual,1180.28,Credit Card,True
C17361,Premium,Monthly,1109.09,Debit Card,True
C17362,Basic,Annual,492.48,Debit Card,False
C17363,Basic,Monthly,436.35,Debit Card,False
C17364,Premium,Monthly,1382.02,UPI,False
C17365,Standard,Monthly,612.56,UPI,False
C17366,Premium,Monthly,1387.18,Net Banking,False
C17367,Basic,Monthly,487.26,Credit Card,False
C17368,Standard,Annual,762.45,Debit Card,True
C17369,Standard,Monthly,891.49,UPI,False
C17370,Premium,Annual,1128.2,Net Banking,True
C17371,Basic,Monthly,344.52,Credit Card,True
C17372,Basic,Annual,299.36,Debit Card,True
C17373,Premium,Annual,1322.57,Credit Card,True
C17374,Standard,Monthly,647.15,Credit Card,True
C17375,Basic,Annual,450.9,UPI,False
C17376,Basic,Monthly,407.13,Credit Card,True
C17377,Premium,Annual,1411.84,UPI,True
C17378,Premium,Monthly,1031.67,UPI,True
C17379,Basic,Monthly,331.04,Credit Card,False
C17380,Premium,Monthly,1096.63,Net Banking,False
C17381,Basic,Monthly,414.83,Credit Card,False
C17382,Basic,Monthly,373.26,Credit Card,False
C17383,Basic,Annual,339.4,Credit Card,True
C17384,Basic,Monthly,482.05,Credit Card,True
C17385,Premium,Annual,1155.0,Wallet,False
C17386,Basic,Annual,302.82,Credit Card,False
C17387,Basic,Annual,457.01,Credit Card,False
C17388,Basic,Monthly,314.89,Debit Card,False
C17389,Basic,Monthly,347.1,Debit Card,True
C17390,Standard,Monthly,881.47,Credit Card,False
C17391,Basic,Annual,447.79,Wallet,False
C17392,Basic,Monthly,315.81,Credit Card,True
C17393,Standard,Monthly,600.42,Debit Card,False
C17394,Basic,Monthly,331.69,UPI,True
C17395,Basic,Monthly,455.05,Credit Card,False
C17396,Premium,Monthly,1334.54,UPI,True
C17397,Basic,Annual,498.88,Wallet,True
C17398,Standard,Monthly,617.26,Debit Card,False
C17399,Standard,Monthly,755.6,UPI,False
C17400,Standard,Monthly,789.07,UPI,False
C17401,Standard,Monthly,785.04,Net Banking,True
C17402,Premium,Monthly,1239.08,UPI,False
C17403,Standard,Monthly,706.9,Credit Card,True
C17404,Standard,Annual,617.83,UPI,False
C17405,Basic,Monthly,311.32,UPI,False
C17406,Basic,Monthly,384.18,UPI,False
C17407,Premium,Monthly,1053.59,UPI,False
C17408,Standard,Annual,874.66,Net Banking,True
C17409,Basic,Monthly,409.88,Debit Card,False
C17410,Standard,Monthly,898.39,Debit Card,False
C17411,Premium,Monthly,1197.07,Net Banking,True
C17412,Premium,Monthly,1052.51,Credit Card,False
C17413,Premium,Monthly,1044.79,Credit Card,True
C17414,Standard,Annual,775.7,Credit Card,True
C17415,Basic,Annual,353.45,UPI,True
C17416,Basic,Monthly,306.77,Wallet,True
C17417,Premium,Annual,1205.87,Credit Card,False
C17418,Standard,Annual,599.09,UPI,True
C17419,Basic,Monthly,372.52,UPI,False
C17420,Standard,Monthly,721.74,Debit Card,False
C17421,Premium,Monthly,1471.78,Wallet,False
C17422,Premium,Annual,1044.5,Debit Card,True
C17423,Premium,Monthly,1282.56,UPI,False
C17424,Standard,Annual,818.35,UPI,True
C17425,Standard,Annual,852.92,Net Banking,True
C17426,Premium,Monthly,1491.73,UPI,True
C17427,Standard,Annual,603.52,UPI,True
C17428,Basic,Annual,479.07,Net Banking,True
C17429,Premium,Monthly,1120.76,UPI,False
C17430,Basic,Monthly,476.98,UPI,True
C17431,Standard,Annual,748.76,Wallet,True
C17432,Standard,Monthly,895.0,UPI,False
C17433,Basic,Annual,304.47,Wallet,False
C17434,Basic,Monthly,326.4,UPI,True
C17435,Standard,Monthly,629.65,UPI,False
C17436,Standard,Monthly,661.02,Credit Card,False
C17437,Premium,Monthly,1037.63,UPI,False
C17438,Premium,Annual,1052.06,Credit Card,True
C17439,Basic,Monthly,409.92,Net Banking,False
C17440,Basic,Annual,332.14,Debit Card,True
C17441,Standard,Annual,681.31,UPI,True
C17442,Basic,Monthly,453.39,Wallet,True
C17443,Premium,Monthly,1183.25,UPI,False
C17444,Basic,Monthly,345.18,UPI,True
C17445,Basic,Monthly,317.92,Debit Card,False
C17446,Standard,Monthly,804.28,Net Banking,False
C17447,Standard,Annual,822.67,Debit Card,True
C17448,Standard,Monthly,627.46,UPI,False
C17449,Premium,Monthly,1086.81,UPI,True
C17450,Standard,Annual,642.3,Wallet,True
C17451,Basic,Monthly,418.97,Credit Card,False
C17452,Basic,Annual,438.51,Credit Card,True
C17453,Standard,Monthly,881.16,Wallet,False
C17454,Standard,Annual,768.52,Credit Card,True
C17455,Standard,Annual,655.0,Debit Card,False
C17456,Basic,Annual,444.39,Net Banking,False
C17457,Premium,Annual,1421.8,Debit Card,True
C17458,Basic,Monthly,379.93,UPI,False
C17459,Basic,Annual,397.43,Net Banking,True
C17460,Standard,Annual,644.78,UPI,True
C17461,Basic,Monthly,315.42,Debit Card,False
C17462,Premium,Annual,1193.98,Net Banking,True
C17463,Basic,Annual,379.59,Wallet,True
C17464,Standard,Monthly,636.6,Credit Card,True
C17465,Basic,Annual,354.94,UPI,True
C17466,Basic,Monthly,335.78,Wallet,False
C17467,Standard,Monthly,692.38,Debit Card,False
C17468,Standard,Monthly,636.74,Debit Card,False
C17469,Standard,Monthly,865.88,UPI,False
C17470,Basic,Monthly,364.56,UPI,False
C17471,Basic,Annual,359.66,Debit Card,False
C17472,Standard,Monthly,884.89,UPI,True
C17473,Standard,Monthly,661.35,Debit Card,True
C17474,Basic,Annual,456.1,Credit Card,False
C17475,Standard,Monthly,728.42,Debit Card,True
C17476,Premium,Annual,1327.71,Debit Card,False
C17477,Basic,Monthly,447.88,Credit Card,False
C17478,Basic,Monthly,475.53,Credit Card,True
C17479,Basic,Monthly,302.31,UPI,True
C17480,Standard,Monthly,865.35,UPI,True
C17481,Basic,Monthly,335.38,UPI,False
C17482,Basic,Annual,351.72,Debit Card,True
C17483,Standard,Monthly,881.2,UPI,True
C17484,Basic,Monthly,492.65,Debit Card,True
C17485,Premium,Monthly,1128.49,Net Banking,True
C17486,Basic,Monthly,492.23,Debit Card,True
C17487,Premium,Monthly,1316.9,Credit Card,True
C17488,Basic,Annual,299.83,Credit Card,True
C17489,Standard,Monthly,799.14,UPI,False
C17490,Basic,Monthly,304.18,Credit Card,False
C17491,Basic,Monthly,462.03,Debit Card,True
C17492,Standard,Monthly,831.78,Debit Card,True
C17493,Premium,Monthly,1305.11,Credit Card,False
C17494,Basic,Annual,491.1,Net Banking,False
C17495,Premium,Monthly,1263.46,Credit Card,True
C17496,Standard,Monthly,828.69,Debit Card,True
C17497,Standard,Monthly,843.86,Credit Card,False
C17498,Basic,Monthly,458.68,UPI,False
C17499,Basic,Annual,486.56,Debit Card,True
C17500,Standard,Annual,748.42,UPI,False
C17501,Basic,Monthly,429.45,Credit Card,False
C17502,Basic,Monthly,315.76,Net Banking,True
C17503,Standard,Annual,730.86,UPI,True
C17504,Premium,Monthly,1428.31,UPI,True
C17505,Basic,Annual,418.73,Net Banking,True
C17506,Standard,Annual,863.02,Credit Card,True
C17507,Standard,Monthly,893.57,Debit Card,True
C17508,Basic,Monthly,459.82,Credit Card,False
C17509,Basic,Annual,326.19,Net Banking,True
C17510,Standard,Annual,619.77,Credit Card,True
C17511,Standard,Monthly,698.03,UPI,True
C17512,Basic,Annual,369.02,UPI,True
C17513,Premium,Monthly,1326.44,UPI,False
C17514,Basic,Annual,365.57,Credit Card,True
C17515,Basic,Monthly,402.02,Credit Card,True
C17516,Standard,Annual,671.94,Credit Card,False
C17517,Standard,Monthly,675.1,Credit Card,False
C17518,Standard,Annual,665.94,Wallet,True
C17519,Standard,Monthly,828.19,Credit Card,False
C17520,Premium,Monthly,1496.31,Credit Card,True
C17521,Premium,Monthly,1226.42,Credit Card,True
C17522,Basic,Monthly,410.31,UPI,True
C17523,Standard,Annual,817.61,Credit Card,True
C17524,Standard,Monthly,632.95,Debit Card,True
C17525,Standard,Monthly,602.86,UPI,True
C17526,Standard,Annual,699.57,Credit Card,True
C17527,Premium,Monthly,1235.81,Credit Card,True
C17528,Premium,Monthly,1321.49,Credit Card,True
C17529,Standard,Monthly,848.02,UPI,False
C17530,Premium,Monthly,1007.64,Debit Card,False
C17531,Standard,Monthly,885.63,Credit Card,True
C17532,Premium,Monthly,1348.57,UPI,False
C17533,Basic,Monthly,398.83,Debit Card,False
C17534,Standard,Annual,671.27,UPI,False
C17535,Standard,Monthly,783.1,Net Banking,False
C17536,Standard,Annual,760.07,UPI,True
C17537,Basic,Annual,323.64,Debit Card,True
C17538,Basic,Monthly,359.32,UPI,False
C17539,Basic,Monthly,427.41,Debit Card,True
C17540,Standard,Annual,665.57,Credit Card,True
C17541,Standard,Annual,636.3,UPI,True
C17542,Basic,Annual,349.3,UPI,True
C17543,Premium,Monthly,1234.72,Credit Card,False
C17544,Basic,Monthly,481.17,Credit Card,True
C17545,Basic,Annual,431.77,Credit Card,False
C17546,Premium,Annual,1017.42,Credit Card,True
C17547,Basic,Annual,390.38,Net Banking,True
C17548,Basic,Monthly,325.27,Debit Card,True
C17549,Standard,Annual,860.44,Net Banking,True
C17550,Basic,Annual,329.5,Wallet,False
C17551,Standard,Monthly,802.25,Debit Card,False
C17552,Basic,Monthly,410.36,Credit Card,True
C17553,Basic,Monthly,417.94,UPI,False
C17554,Standard,Monthly,697.42,Debit Card,True
C17555,Basic,Annual,309.21,Credit Card,True
C17556,Standard,Monthly,885.31,Credit Card,True
C17557,Standard,Monthly,681.6,UPI,False
C17558,Premium,Annual,1248.59,Credit Card,False
C17559,Basic,Annual,393.94,Wallet,True
C17560,Basic,Monthly,474.73,Wallet,False
C17561,Basic,Annual,332.76,UPI,True
C17562,Premium,Annual,1493.21,Net Banking,False
C17563,Standard,Monthly,621.8,Wallet,False
C17564,Standard,Monthly,749.09,Net Banking,False
C17565,Premium,Annual,1252.25,Credit Card,True
C17566,Basic,Monthly,492.2,Wallet,False
C17567,Basic,Annual,332.07,UPI,True
C17568,Basic,Monthly,326.78,Net Banking,False
C17569,Basic,Monthly,415.01,Credit Card,False
C17570,Standard,Annual,614.72,Credit Card,True
C17571,Premium,Annual,1225.77,Credit Card,True
C17572,Standard,Monthly,793.31,Credit Card,False
C17573,Premium,Monthly,1074.26,Wallet,True
C17574,Basic,Monthly,385.74,Credit Card,False
C17575,Basic,Annual,496.43,Debit Card,True
C17576,Standard,Annual,856.77,UPI,True
C17577,Standard,Annual,668.36,Debit Card,False
C17578,Premium,Monthly,1184.1,Credit Card,False
C17579,Basic,Monthly,304.1,Credit Card,False
C17580,Basic,Monthly,384.19,Credit Card,False
C17581,Premium,Annual,1302.25,Credit Card,True
C17582,Basic,Annual,393.75,UPI,False
C17583,Basic,Monthly,367.18,UPI,False
C17584,Standard,Monthly,826.17,UPI,False
C17585,Standard,Annual,686.43,UPI,True
C17586,Basic,Monthly,497.91,UPI,True
C17587,Basic,Monthly,408.72,UPI,True
C17588,Basic,Annual,485.79,Debit Card,True
C17589,Standard,Monthly,694.56,Debit Card,False
C17590,Basic,Monthly,360.17,Credit Card,False
C17591,Standard,Monthly,791.72,UPI,True
C17592,Basic,Monthly,371.3,Credit Card,False
C17593,Basic,Monthly,443.01,Net Banking,False
C17594,Premium,Annual,1293.71,Debit Card,True
C17595,Basic,Monthly,447.62,UPI,True
C17596,Basic,Annual,468.24,Credit Card,False
C17597,Basic,Annual,455.44,Debit Card,False
C17598,Basic,Annual,414.45,UPI,True
C17599,Standard,Annual,728.53,Net Banking,True
C17600,Standard,Monthly,681.87,Credit Card,False
C17601,Premium,Annual,1072.7,Wallet,True
C17602,Standard,Monthly,842.74,UPI,True
C17603,Basic,Monthly,380.13,Credit Card,False
C17604,Basic,Annual,456.15,Credit Card,True
C17605,Basic,Monthly,335.66,UPI,False
C17606,Standard,Annual,672.46,Debit Card,True
C17607,Premium,Annual,1278.26,Credit Card,True
C17608,Basic,Monthly,423.18,Debit Card,False
C17609,Standard,Monthly,644.16,UPI,False
C17610,Standard,Annual,629.56,Net Banking,True
C17611,Standard,Monthly,799.75,UPI,True
C17612,Premium,Annual,1325.82,Debit Card,True
C17613,Premium,Monthly,1112.74,Credit Card,False
C17614,Premium,Annual,1082.17,UPI,False
C17615,Premium,Monthly,1144.12,UPI,False
C17616,Basic,Monthly,348.95,Credit Card,False
C17617,Basic,Annual,364.5,UPI,True
C17618,Basic,Monthly,478.57,UPI,True
C17619,Basic,Monthly,352.34,Credit Card,True
C17620,Standard,Monthly,861.78,UPI,False
C17621,Basic,Annual,495.73,UPI,True
C17622,Basic,Monthly,319.99,Net Banking,True
C17623,Standard,Monthly,607.99,Net Banking,True
C17624,Basic,Monthly,397.23,UPI,True
C17625,Standard,Monthly,770.72,UPI,False
C17626,Basic,Monthly,446.36,Credit Card,True
C17627,Basic,Monthly,471.69,UPI,True
C17628,Basic,Monthly,362.76,Wallet,False
C17629,Premium,Monthly,1078.62,UPI,False
C17630,Basic,Monthly,390.98,UPI,False
C17631,Standard,Monthly,860.87,Credit Card,True
C17632,Standard,Monthly,698.62,Debit Card,True
C17633,Standard,Monthly,864.44,UPI,False
C17634,Standard,Annual,669.21,Debit Card,False
C17635,Premium,Monthly,1296.62,Net Banking,True
C17636,Premium,Monthly,1087.27,UPI,True
C17637,Standard,Annual,617.15,Net Banking,True
C17638,Basic,Monthly,479.94,UPI,True
C17639,Premium,Monthly,1180.75,UPI,False
C17640,Standard,Monthly,805.83,Debit Card,True
C17641,Standard,Monthly,672.58,Credit Card,False
C17642,Basic,Monthly,405.54,Debit Card,False
C17643,Standard,Monthly,875.53,UPI,True
C17644,Premium,Annual,1149.41,UPI,True
C17645,Basic,Monthly,324.5,Credit Card,False
C17646,Premium,Annual,1464.93,UPI,False
C17647,Standard,Annual,781.61,Debit Card,True
C17648,Basic,Monthly,328.98,Net Banking,False
C17649,Standard,Monthly,667.69,UPI,False
C17650,Standard,Annual,796.03,UPI,True
C17651,Premium,Annual,1176.68,UPI,True
C17652,Standard,Annual,610.48,Wallet,True
C17653,Standard,Annual,878.87,Credit Card,True
C17654,Basic,Monthly,459.36,UPI,True
C17655,Standard,Monthly,745.35,Debit Card,True
C17656,Basic,Monthly,337.36,Wallet,True
C17657,Basic,Monthly,460.43,Net Banking,True
C17658,Standard,Monthly,603.17,Credit Card,False
C17659,Standard,Monthly,599.85,Credit Card,False
C17660,Standard,Monthly,754.79,UPI,False
C17661,Premium,Monthly,1374.22,Net Banking,True
C17662,Basic,Annual,461.7,Debit Card,False
C17663,Premium,Monthly,1305.74,Credit Card,True
C17664,Premium,Monthly,1381.14,Credit Card,False
C17665,Basic,Annual,346.56,Debit Card,True
C17666,Standard,Monthly,662.19,Debit Card,False
C17667,Basic,Monthly,487.09,Credit Card,False
C17668,Basic,Annual,333.98,UPI,True
C17669,Basic,Monthly,382.31,UPI,False
C17670,Premium,Monthly,1437.61,UPI,False
C17671,Basic,Monthly,452.72,Wallet,False
C17672,Basic,Annual,390.25,Debit Card,False
C17673,Premium,Monthly,1373.67,Debit Card,True
C17674,Basic,Monthly,437.57,Credit Card,True
C17675,Standard,Annual,788.27,Credit Card,True
C17676,Standard,Monthly,665.45,Debit Card,False
C17677,Basic,Monthly,407.23,UPI,False
C17678,Premium,Monthly,1218.74,UPI,True
C17679,Basic,Monthly,461.23,Credit Card,True
C17680,Basic,Monthly,351.24,UPI,False
C17681,Standard,Annual,880.34,Credit Card,False
C17682,Premium,Annual,1241.99,Credit Card,True
C17683,Standard,Monthly,780.61,Credit Card,True
C17684,Basic,Annual,367.01,UPI,True
C17685,Premium,Monthly,1472.46,Credit Card,False
C17686,Basic,Annual,302.56,Wallet,True
C17687,Basic,Monthly,346.95,Credit Card,False
C17688,Basic,Annual,314.5,Debit Card,True
C17689,Basic,Monthly,404.95,Net Banking,True
C17690,Premium,Annual,1232.19,Credit Card,False
C17691,Premium,Annual,1093.9,Debit Card,True
C17692,Basic,Annual,340.86,Credit Card,False
C17693,Basic,Monthly,392.94,UPI,True
C17694,Premium,Monthly,1365.49,Credit Card,False
C17695,Standard,Annual,749.72,Debit Card,True
C17696,Standard,Monthly,861.77,Net Banking,False
C17697,Premium,Monthly,1479.7,Net Banking,True
C17698,Basic,Monthly,320.49,Credit Card,False
C17699,Standard,Monthly,755.31,UPI,False
C17700,Standard,Annual,877.92,UPI,True
C17701,Premium,Monthly,1339.08,Wallet,True
C17702,Standard,Monthly,676.15,Debit Card,False
C17703,Standard,Monthly,746.51,UPI,True
C17704,Standard,Monthly,605.11,Wallet,True
C17705,Basic,Monthly,347.77,UPI,True
C17706,Basic,Monthly,308.82,Net Banking,False
C17707,Basic,Monthly,437.31,UPI,False
C17708,Standard,Monthly,726.52,Credit Card,False
C17709,Premium,Monthly,1182.72,Credit Card,False
C17710,Basic,Monthly,425.08,UPI,False
C17711,Basic,Annual,463.09,Credit Card,True
C17712,Premium,Annual,1379.94,Debit Card,True
C17713,Basic,Monthly,427.7,Debit Card,False
C17714,Basic,Annual,445.73,Net Banking,True
C17715,Basic,Monthly,324.87,UPI,False
C17716,Basic,Monthly,358.33,UPI,True
C17717,Standard,Monthly,747.5,Debit Card,True
C17718,Standard,Monthly,816.13,Wallet,True
C17719,Standard,Monthly,863.58,Credit Card,True
C17720,Standard,Monthly,695.99,Credit Card,False
C17721,Premium,Annual,1029.51,Credit Card,False
C17722,Standard,Monthly,830.01,Net Banking,False
C17723,Standard,Annual,882.18,UPI,True
C17724,Standard,Monthly,747.6,UPI,True
C17725,Basic,Monthly,304.22,UPI,False
C17726,Premium,Annual,1307.07,Credit Card,True
C17727,Basic,Monthly,428.75,Debit Card,True
C17728,Premium,Annual,1375.45,UPI,False
C17729,Premium,Monthly,1465.47,Credit Card,False
C17730,Standard,Monthly,742.89,Debit Card,True
C17731,Basic,Annual,312.86,Credit Card,False
C17732,Basic,Monthly,385.68,UPI,False
C17733,Standard,Monthly,881.3,Net Banking,False
C17734,Standard,Monthly,775.63,Credit Card,False
C17735,Premium,Annual,1346.39,UPI,False
C17736,Standard,Monthly,697.74,UPI,False
C17737,Basic,Annual,439.95,Credit Card,False
C17738,Basic,Monthly,467.31,Debit Card,True
C17739,Basic,Annual,415.14,Debit Card,True
C17740,Standard,Monthly,797.03,UPI,True
C17741,Standard,Annual,729.88,Credit Card,True
C17742,Standard,Monthly,613.71,UPI,False
C17743,Basic,Monthly,313.88,Net Banking,False
C17744,Standard,Annual,616.25,Debit Card,True
C17745,Premium,Monthly,1314.61,Debit Card,False
C17746,Basic,Annual,446.32,Credit Card,False
C17747,Basic,Annual,383.35,Debit Card,True
C17748,Standard,Monthly,746.83,Debit Card,True
C17749,Basic,Monthly,449.22,Net Banking,False
C17750,Premium,Monthly,1264.0,UPI,True
C17751,Standard,Monthly,781.84,Wallet,True
C17752,Standard,Monthly,686.19,Debit Card,False
C17753,Basic,Annual,329.3,Debit Card,True
C17754,Standard,Monthly,610.92,Debit Card,True
C17755,Basic,Annual,304.74,UPI,True
C17756,Basic,Annual,309.66,Credit Card,False
C17757,Premium,Monthly,1479.68,Debit Card,True
C17758,Basic,Annual,437.95,Net Banking,True
C17759,Standard,Monthly,863.47,Credit Card,True
C17760,Premium,Annual,1447.69,Debit Card,False
C17761,Premium,Monthly,1453.57,Debit Card,False
C17762,Basic,Monthly,413.6,Debit Card,True
C17763,Premium,Monthly,1464.82,Debit Card,False
C17764,Premium,Annual,1456.16,UPI,True
C17765,Standard,Annual,753.51,UPI,False
C17766,Standard,Monthly,868.81,Net Banking,False
C17767,Standard,Annual,722.61,UPI,True
C17768,Basic,Monthly,308.16,Debit Card,False
C17769,Standard,Annual,876.29,Credit Card,True
C17770,Premium,Annual,1080.86,Net Banking,True
C17771,Standard,Monthly,697.75,Debit Card,False
C17772,Premium,Monthly,1294.92,Debit Card,False
C17773,Standard,Monthly,711.11,Credit Card,True
C17774,Basic,Monthly,452.62,Credit Card,False
C17775,Premium,Monthly,1414.42,UPI,False
C17776,Basic,Monthly,455.89,Debit Card,False
C17777,Basic,Annual,300.99,UPI,True
C17778,Basic,Monthly,447.19,Debit Card,False
C17779,Standard,Annual,822.67,UPI,True
C17780,Standard,Annual,703.47,Wallet,True
C17781,Premium,Monthly,1220.4,UPI,False
C17782,Basic,Monthly,325.14,Credit Card,True
C17783,Basic,Monthly,419.38,Debit Card,True
C17784,Standard,Monthly,674.19,Credit Card,False
C17785,Basic,Annual,394.57,UPI,True
C17786,Premium,Monthly,1181.03,Net Banking,False
C17787,Basic,Annual,441.08,Credit Card,True
C17788,Basic,Monthly,480.44,UPI,False
C17789,Basic,Monthly,429.2,Credit Card,True
C17790,Standard,Monthly,806.76,UPI,False
C17791,Basic,Annual,432.67,Wallet,False
C17792,Premium,Monthly,1440.54,UPI,False
C17793,Basic,Monthly,486.46,UPI,False
C17794,Standard,Annual,761.67,UPI,False
C17795,Standard,Monthly,748.97,Debit Card,False
C17796,Basic,Monthly,490.73,UPI,False
C17797,Basic,Annual,435.84,UPI,True
C17798,Basic,Monthly,405.63,Credit Card,True
C17799,Standard,Annual,731.1,UPI,True
C17800,Standard,Annual,733.17,Net Banking,True
C17801,Basic,Monthly,358.73,Credit Card,False
C17802,Basic,Annual,305.27,UPI,True
C17803,Standard,Monthly,666.02,Debit Card,False
C17804,Basic,Monthly,455.95,UPI,False
C17805,Basic,Monthly,309.76,UPI,True
C17806,Premium,Monthly,1431.32,Wallet,False
C17807,Premium,Monthly,1470.2,UPI,True
C17808,Standard,Monthly,698.43,Debit Card,False
C17809,Basic,Annual,446.12,Credit Card,False
C17810,Basic,Monthly,430.88,UPI,False
C17811,Standard,Monthly,833.09,Debit Card,False
C17812,Basic,Monthly,390.98,Debit Card,False
C17813,Basic,Annual,491.96,Credit Card,False
C17814,Standard,Annual,671.99,Credit Card,False
C17815,Basic,Monthly,302.68,UPI,False
C17816,Premium,Monthly,1293.77,Debit Card,True
C17817,Basic,Monthly,460.69,Credit Card,False
C17818,Basic,Monthly,402.81,Debit Card,False
C17819,Premium,Annual,1277.47,Debit Card,True
C17820,Standard,Annual,790.92,UPI,False
C17821,Standard,Monthly,612.62,UPI,True
C17822,Basic,Monthly,355.55,Debit Card,True
C17823,Standard,Monthly,823.07,Wallet,False
C17824,Standard,Monthly,839.91,Wallet,True
C17825,Standard,Monthly,620.28,UPI,True
C17826,Premium,Annual,1095.68,UPI,True
C17827,Basic,Monthly,480.66,Debit Card,False
C17828,Standard,Monthly,648.12,UPI,False
C17829,Standard,Annual,632.79,Wallet,True
C17830,Standard,Monthly,800.02,Debit Card,False
C17831,Standard,Annual,759.29,Credit Card,True
C17832,Standard,Monthly,739.81,Credit Card,False
C17833,Basic,Annual,461.19,Credit Card,True
C17834,Basic,Annual,314.04,Wallet,True
C17835,Basic,Monthly,469.03,Credit Card,False
C17836,Basic,Annual,488.02,Net Banking,True
C17837,Standard,Annual,887.6,UPI,True
C17838,Standard,Monthly,877.9,Credit Card,False
C17839,Premium,Annual,1333.71,Net Banking,True
C17840,Standard,Annual,750.19,Net Banking,True
C17841,Basic,Monthly,412.97,Debit Card,True
C17842,Premium,Monthly,1201.85,Debit Card,False
C17843,Basic,Monthly,469.33,Net Banking,False
C17844,Basic,Monthly,463.95,UPI,False
C17845,Premium,Monthly,1447.02,UPI,False
C17846,Standard,Annual,753.11,Debit Card,True
C17847,Basic,Monthly,358.22,Debit Card,False
C17848,Standard,Monthly,708.87,Debit Card,False
C17849,Basic,Monthly,364.36,UPI,False
C17850,Basic,Monthly,426.62,UPI,False
C17851,Standard,Monthly,855.03,Wallet,False
C17852,Standard,Annual,717.04,UPI,True
C17853,Premium,Monthly,1148.21,Debit Card,False
C17854,Standard,Annual,663.25,Debit Card,True
C17855,Basic,Monthly,468.04,Debit Card,False
C17856,Standard,Annual,839.41,Debit Card,True
C17857,Basic,Monthly,343.3,Debit Card,True
C17858,Premium,Monthly,1138.64,Credit Card,False
C17859,Premium,Annual,1342.31,Debit Card,True
C17860,Standard,Annual,829.98,Credit Card,True
C17861,Standard,Annual,799.72,Credit Card,False
C17862,Basic,Monthly,341.55,Credit Card,False
C17863,Standard,Monthly,834.29,Credit Card,False
C17864,Basic,Annual,341.23,UPI,False
C17865,Standard,Monthly,620.46,Credit Card,False
C17866,Premium,Annual,1032.16,Credit Card,True
C17867,Basic,Annual,326.35,UPI,False
C17868,Premium,Annual,1394.84,Debit Card,True
C17869,Standard,Annual,789.14,Net Banking,True
C17870,Premium,Annual,1076.19,Wallet,True
C17871,Premium,Annual,1204.77,UPI,False
C17872,Standard,Monthly,634.14,UPI,True
C17873,Standard,Monthly,791.39,Wallet,True
C17874,Premium,Monthly,1452.96,Net Banking,True
C17875,Basic,Monthly,374.43,UPI,True
C17876,Basic,Monthly,305.83,Credit Card,False
C17877,Premium,Monthly,1363.44,Debit Card,False
C17878,Basic,Monthly,316.25,Debit Card,True
C17879,Basic,Annual,492.94,UPI,True
C17880,Basic,Monthly,445.12,Credit Card,False
C17881,Premium,Monthly,1097.43,Net Banking,False
C17882,Basic,Annual,389.69,UPI,True
C17883,Premium,Annual,1022.62,Debit Card,True
C17884,Premium,Annual,1422.77,Debit Card,False
C17885,Basic,Monthly,461.3,Net Banking,True
C17886,Standard,Annual,766.61,Net Banking,True
C17887,Basic,Annual,445.85,Wallet,False
C17888,Basic,Monthly,306.34,Credit Card,False
C17889,Premium,Monthly,1035.49,Debit Card,True
C17890,Basic,Monthly,396.17,UPI,True
C17891,Basic,Monthly,331.68,UPI,True
C17892,Basic,Monthly,363.83,Debit Card,False
C17893,Basic,Monthly,377.79,Credit Card,False
C17894,Premium,Monthly,1202.64,Net Banking,False
C17895,Standard,Monthly,774.21,Credit Card,False
C17896,Standard,Monthly,774.12,Credit Card,False
C17897,Premium,Monthly,1268.06,Credit Card,False
C17898,Premium,Annual,1294.52,Wallet,True
C17899,Basic,Annual,325.17,UPI,True
C17900,Basic,Annual,340.83,Credit Card,True
C17901,Basic,Monthly,452.9,Net Banking,False
C17902,Basic,Annual,307.79,Credit Card,True
C17903,Standard,Monthly,737.34,Credit Card,True
C17904,Standard,Monthly,887.76,Debit Card,True
C17905,Standard,Monthly,620.34,Credit Card,False
C17906,Basic,Annual,368.89,UPI,True
C17907,Premium,Monthly,1487.96,Credit Card,False
C17908,Standard,Annual,622.14,Net Banking,True
C17909,Basic,Annual,312.51,Wallet,False
C17910,Basic,Monthly,364.44,UPI,True
C17911,Basic,Monthly,478.49,UPI,False
C17912,Premium,Annual,1049.43,Debit Card,False
C17913,Standard,Annual,705.1,Net Banking,False
C17914,Basic,Annual,476.65,Credit Card,True
C17915,Basic,Annual,427.5,UPI,False
C17916,Basic,Monthly,394.19,Debit Card,True
C17917,Standard,Annual,810.33,UPI,True
C17918,Basic,Annual,459.44,UPI,False
C17919,Basic,Monthly,470.04,Credit Card,False
C17920,Standard,Monthly,719.14,Wallet,False
C17921,Basic,Annual,395.29,Net Banking,False
C17922,Standard,Annual,862.88,UPI,False
C17923,Standard,Annual,858.4,Debit Card,True
C17924,Basic,Monthly,322.54,UPI,True
C17925,Premium,Monthly,1438.62,Wallet,False
C17926,Basic,Annual,353.56,UPI,True
C17927,Basic,Annual,352.16,UPI,True
C17928,Standard,Annual,760.27,Debit Card,True
C17929,Basic,Annual,350.66,Debit Card,True
C17930,Premium,Monthly,1366.86,UPI,True
C17931,Standard,Monthly,664.35,UPI,False
C17932,Standard,Monthly,827.47,Credit Card,False
C17933,Premium,Monthly,1339.32,Debit Card,True
C17934,Basic,Monthly,402.39,Wallet,False
C17935,Basic,Monthly,452.76,Credit Card,True
C17936,Basic,Monthly,336.85,Debit Card,False
C17937,Standard,Monthly,751.51,Debit Card,False
C17938,Basic,Monthly,458.19,Credit Card,True
C17939,Basic,Annual,327.51,UPI,True
C17940,Basic,Annual,419.74,UPI,True
C17941,Standard,Monthly,843.25,Credit Card,False
C17942,Basic,Monthly,390.14,Credit Card,True
C17943,Standard,Monthly,747.19,Debit Card,False
C17944,Basic,Monthly,359.73,Net Banking,False
C17945,Premium,Annual,1160.92,UPI,False
C17946,Standard,Monthly,601.45,Credit Card,False
C17947,Premium,Annual,1276.3,UPI,False
C17948,Premium,Monthly,1375.6,UPI,True
C17949,Basic,Monthly,306.43,Net Banking,True
C17950,Standard,Monthly,628.9,Debit Card,True
C17951,Premium,Annual,1255.25,Credit Card,True
C17952,Standard,Monthly,743.29,Credit Card,False
C17953,Basic,Annual,465.52,UPI,True
C17954,Standard,Annual,838.64,Credit Card,False
C17955,Basic,Monthly,308.58,Credit Card,False
C17956,Basic,Monthly,445.22,Credit Card,False
C17957,Basic,Monthly,381.75,Credit Card,True
C17958,Premium,Monthly,1009.85,UPI,False
C17959,Standard,Monthly,662.78,Wallet,False
C17960,Standard,Monthly,795.84,UPI,False
C17961,Basic,Monthly,382.92,Credit Card,False
C17962,Basic,Annual,476.11,Credit Card,True
C17963,Premium,Monthly,1081.4,Wallet,True
C17964,Basic,Monthly,356.23,Debit Card,False
C17965,Premium,Monthly,1234.69,Wallet,False
C17966,Standard,Annual,801.16,Credit Card,True
C17967,Standard,Annual,777.57,UPI,False
C17968,Standard,Monthly,624.63,Credit Card,False
C17969,Premium,Annual,1490.53,UPI,True
C17970,Premium,Monthly,1260.85,UPI,False
C17971,Standard,Monthly,703.58,Credit Card,True
C17972,Standard,Monthly,744.24,Debit Card,True
C17973,Standard,Annual,629.76,UPI,True
C17974,Premium,Annual,1208.26,Debit Card,True
C17975,Basic,Monthly,471.41,UPI,True
C17976,Premium,Annual,1406.2,Credit Card,True
C17977,Standard,Annual,770.43,Wallet,True
C17978,Basic,Monthly,454.14,Wallet,False
C17979,Standard,Monthly,729.91,Debit Card,True
C17980,Basic,Monthly,439.11,Credit Card,False
C17981,Premium,Monthly,1456.99,Credit Card,False
C17982,Premium,Monthly,1293.81,UPI,True
C17983,Standard,Monthly,841.34,Credit Card,False
C17984,Basic,Monthly,332.65,Credit Card,False
C17985,Basic,Monthly,353.22,Debit Card,True
C17986,Standard,Annual,813.26,Debit Card,True
C17987,Standard,Monthly,831.75,Credit Card,False
C17988,Basic,Annual,328.52,Credit Card,False
C17989,Premium,Monthly,1272.02,Debit Card,False
C17990,Basic,Annual,337.68,UPI,True
C17991,Standard,Monthly,823.09,UPI,False
C17992,Premium,Monthly,1304.62,Debit Card,False
C17993,Basic,Monthly,315.31,Credit Card,True
C17994,Basic,Monthly,409.26,Debit Card,True
C17995,Standard,Monthly,632.38,Debit Card,False
C17996,Standard,Monthly,896.12,Wallet,False
C17997,Standard,Annual,796.01,UPI,True
C17998,Premium,Monthly,1176.95,Wallet,False
C17999,Basic,Monthly,309.72,Credit Card,False
C18000,Basic,Monthly,488.26,UPI,False
C18001,Standard,Annual,722.04,UPI,False
C18002,Standard,Monthly,617.13,Wallet,True
C18003,Basic,Monthly,329.47,Wallet,False
C18004,Premium,Monthly,1036.6,Credit Card,True
C18005,Premium,Monthly,1244.12,Credit Card,False
C18006,Premium,Annual,1057.46,Credit Card,True
C18007,Standard,Monthly,785.7,UPI,False
C18008,Basic,Monthly,487.07,Debit Card,True
C18009,Basic,Annual,437.73,Credit Card,True
C18010,Standard,Annual,614.31,UPI,True
C18011,Basic,Annual,418.32,UPI,True
C18012,Basic,Monthly,309.78,Net Banking,False
C18013,Standard,Annual,603.78,Credit Card,True
C18014,Premium,Monthly,1480.99,Debit Card,True
C18015,Standard,Monthly,637.38,Credit Card,False
C18016,Premium,Annual,1385.83,Wallet,True
C18017,Premium,Monthly,1159.38,Debit Card,False
C18018,Premium,Monthly,1124.0,Debit Card,True
C18019,Standard,Monthly,869.15,Debit Card,False
C18020,Basic,Monthly,436.03,Credit Card,True
C18021,Premium,Monthly,1380.58,Credit Card,True
C18022,Basic,Annual,322.63,UPI,True
C18023,Standard,Monthly,831.15,Credit Card,False
C18024,Basic,Monthly,406.54,Debit Card,False
C18025,Basic,Monthly,476.51,Debit Card,False
C18026,Basic,Annual,361.35,Net Banking,True
C18027,Standard,Monthly,735.51,Credit Card,False
C18028,Basic,Annual,310.51,Debit Card,False
C18029,Basic,Annual,491.99,Credit Card,True
C18030,Basic,Monthly,460.15,Credit Card,False
C18031,Basic,Monthly,331.9,Credit Card,True
C18032,Premium,Monthly,1421.62,Credit Card,False
C18033,Standard,Monthly,789.26,Wallet,True
C18034,Premium,Monthly,1204.2,UPI,True
C18035,Standard,Monthly,737.23,Credit Card,True
C18036,Basic,Monthly,401.47,Wallet,False
C18037,Premium,Monthly,1303.74,Credit Card,False
C18038,Basic,Annual,386.18,Credit Card,True
C18039,Standard,Monthly,667.61,UPI,False
C18040,Premium,Annual,1486.7,Credit Card,True
C18041,Standard,Monthly,626.22,UPI,False
C18042,Basic,Annual,422.86,Credit Card,True
C18043,Basic,Monthly,469.93,Debit Card,True
C18044,Basic,Annual,368.06,Debit Card,True
C18045,Standard,Monthly,873.02,Debit Card,False
C18046,Standard,Annual,613.59,Credit Card,False
C18047,Standard,Annual,860.06,Net Banking,True
C18048,Premium,Monthly,1160.72,Debit Card,False
C18049,Standard,Monthly,677.56,Debit Card,True
C18050,Basic,Monthly,481.41,Credit Card,True
C18051,Standard,Monthly,758.59,Wallet,True
C18052,Standard,Monthly,682.78,Debit Card,True
C18053,Standard,Monthly,742.65,Debit Card,True
C18054,Standard,Annual,672.23,Credit Card,True
C18055,Basic,Annual,335.97,UPI,True
C18056,Basic,Annual,492.67,Wallet,True
C18057,Basic,Monthly,384.41,Debit Card,False
C18058,Standard,Monthly,727.67,Credit Card,True
C18059,Standard,Monthly,842.55,UPI,False
C18060,Standard,Monthly,880.45,UPI,False
C18061,Standard,Monthly,623.74,UPI,True
C18062,Basic,Monthly,497.87,Debit Card,False
C18063,Standard,Annual,608.26,Credit Card,True
C18064,Premium,Monthly,1228.79,Debit Card,True
C18065,Basic,Annual,453.73,Debit Card,False
C18066,Basic,Annual,376.09,Credit Card,True
C18067,Basic,Monthly,351.3,Credit Card,False
C18068,Basic,Annual,337.61,UPI,True
C18069,Standard,Monthly,649.49,UPI,False
C18070,Premium,Monthly,1348.17,UPI,True
C18071,Standard,Monthly,674.77,Net Banking,False
C18072,Premium,Monthly,1264.6,Credit Card,True
C18073,Basic,Monthly,447.67,UPI,True
C18074,Basic,Monthly,470.31,UPI,True
C18075,Basic,Annual,455.8,Credit Card,False
C18076,Premium,Monthly,1400.17,Credit Card,True
C18077,Standard,Annual,629.39,UPI,True
C18078,Standard,Monthly,635.63,Wallet,False
C18079,Standard,Monthly,637.1,Credit Card,False
C18080,Standard,Annual,832.47,Debit Card,True
C18081,Premium,Monthly,1388.5,Debit Card,False
C18082,Standard,Monthly,807.83,UPI,False
C18083,Premium,Monthly,1369.0,UPI,False
C18084,Standard,Monthly,722.15,Credit Card,False
C18085,Basic,Monthly,465.33,Credit Card,True
C18086,Standard,Annual,715.95,UPI,True
C18087,Basic,Annual,485.03,UPI,False
C18088,Premium,Monthly,1461.41,Debit Card,True
C18089,Premium,Annual,1212.59,UPI,True
C18090,Basic,Annual,321.7,UPI,True
C18091,Basic,Monthly,330.22,Wallet,True
C18092,Basic,Annual,419.47,Wallet,True
C18093,Basic,Annual,439.11,UPI,False
C18094,Standard,Monthly,887.29,Wallet,False
C18095,Standard,Annual,819.56,Debit Card,False
C18096,Premium,Monthly,1495.42,Net Banking,True
C18097,Standard,Annual,824.79,Credit Card,True
C18098,Premium,Monthly,1153.42,UPI,True
C18099,Standard,Annual,608.22,Debit Card,False
C18100,Standard,Annual,709.04,Credit Card,False
C18101,Basic,Monthly,342.48,UPI,False
C18102,Standard,Monthly,774.35,Credit Card,False
C18103,Basic,Annual,341.94,Net Banking,True
C18104,Premium,Annual,1026.42,Net Banking,True
C18105,Basic,Monthly,486.76,Credit Card,False
C18106,Standard,Monthly,651.93,Debit Card,False
C18107,Standard,Annual,751.36,UPI,True
C18108,Basic,Annual,433.25,UPI,True
C18109,Premium,Monthly,1280.35,Debit Card,False
C18110,Standard,Annual,635.78,Wallet,True
C18111,Basic,Monthly,346.33,Debit Card,False
C18112,Basic,Monthly,327.67,UPI,False
C18113,Standard,Monthly,807.72,UPI,False
C18114,Basic,Monthly,426.25,UPI,False
C18115,Basic,Annual,457.31,Wallet,True
C18116,Standard,Monthly,838.29,Credit Card,True
C18117,Standard,Annual,756.83,UPI,True
C18118,Premium,Monthly,1446.82,UPI,False
C18119,Basic,Monthly,407.4,Net Banking,False
C18120,Basic,Annual,369.26,Net Banking,True
C18121,Basic,Monthly,454.53,Net Banking,False
C18122,Basic,Annual,441.47,Credit Card,True
C18123,Basic,Monthly,363.44,Credit Card,False
C18124,Basic,Annual,422.99,Debit Card,True
C18125,Standard,Monthly,780.57,Debit Card,False
C18126,Basic,Monthly,449.14,Net Banking,True
C18127,Premium,Annual,1005.7,UPI,True
C18128,Basic,Monthly,470.99,Credit Card,True
C18129,Standard,Annual,821.88,UPI,True
C18130,Basic,Annual,490.37,Net Banking,True
C18131,Basic,Annual,336.61,Debit Card,True
C18132,Standard,Monthly,605.77,Wallet,False
C18133,Standard,Annual,856.92,Credit Card,False
C18134,Basic,Monthly,352.06,UPI,True
C18135,Basic,Annual,432.61,Debit Card,True
C18136,Premium,Monthly,1218.93,Credit Card,False
C18137,Standard,Monthly,862.38,Debit Card,False
C18138,Basic,Monthly,403.08,Debit Card,True
C18139,Standard,Monthly,863.19,UPI,False
C18140,Standard,Annual,666.57,Credit Card,False
C18141,Standard,Monthly,677.95,Wallet,False
C18142,Basic,Monthly,404.55,Wallet,False
C18143,Premium,Annual,1333.05,UPI,True
C18144,Basic,Monthly,358.07,UPI,True
C18145,Standard,Monthly,662.93,UPI,True
C18146,Premium,Monthly,1082.95,Credit Card,True
C18147,Basic,Annual,474.11,UPI,False
C18148,Basic,Monthly,440.03,Net Banking,True
C18149,Basic,Monthly,403.9,Net Banking,False
C18150,Premium,Monthly,1212.73,UPI,False
C18151,Standard,Annual,633.11,Net Banking,True
C18152,Basic,Monthly,323.61,Debit Card,False
C18153,Basic,Annual,446.78,Net Banking,True
C18154,Basic,Monthly,321.96,Debit Card,True
C18155,Standard,Monthly,796.06,UPI,False
C18156,Standard,Monthly,773.21,UPI,True
C18157,Basic,Monthly,354.65,Net Banking,True
C18158,Premium,Annual,1234.33,Credit Card,True
C18159,Basic,Monthly,331.73,Credit Card,True
C18160,Basic,Annual,340.03,Credit Card,True
C18161,Basic,Monthly,476.42,Debit Card,True
C18162,Standard,Monthly,602.64,UPI,False
C18163,Standard,Monthly,636.29,Credit Card,False
C18164,Basic,Monthly,437.23,Net Banking,True
C18165,Premium,Monthly,1079.1,UPI,True
C18166,Standard,Annual,832.85,UPI,False
C18167,Standard,Monthly,876.84,UPI,True
C18168,Standard,Monthly,628.74,UPI,False
C18169,Basic,Monthly,454.59,Credit Card,False
C18170,Basic,Annual,320.72,Credit Card,True
C18171,Basic,Monthly,395.43,UPI,True
C18172,Standard,Monthly,678.0,Debit Card,False
C18173,Basic,Annual,389.76,UPI,True
C18174,Basic,Monthly,469.55,Credit Card,True
C18175,Premium,Monthly,1228.48,Credit Card,True
C18176,Basic,Monthly,388.71,Credit Card,False
C18177,Standard,Monthly,744.03,Net Banking,False
C18178,Basic,Monthly,344.16,Net Banking,False
C18179,Basic,Annual,463.21,Credit Card,True
C18180,Basic,Monthly,384.43,UPI,False
C18181,Basic,Monthly,309.36,UPI,False
C18182,Basic,Monthly,458.17,Credit Card,False
C18183,Basic,Monthly,340.33,UPI,False
C18184,Premium,Annual,1010.49,Debit Card,True
C18185,Basic,Monthly,498.65,Credit Card,False
C18186,Standard,Monthly,638.26,Wallet,False
C18187,Basic,Monthly,318.76,UPI,True
C18188,Standard,Monthly,823.13,Debit Card,True
C18189,Basic,Monthly,436.53,Wallet,False
C18190,Basic,Annual,435.57,Net Banking,False
C18191,Premium,Monthly,1488.16,Credit Card,False
C18192,Standard,Monthly,824.26,Net Banking,False
C18193,Standard,Annual,679.86,Credit Card,False
C18194,Basic,Monthly,391.21,Debit Card,False
C18195,Standard,Monthly,740.14,Wallet,True
C18196,Standard,Annual,805.55,Debit Card,True
C18197,Premium,Monthly,1362.46,UPI,False
C18198,Basic,Monthly,450.55,UPI,False
C18199,Basic,Monthly,378.24,Wallet,True
C18200,Basic,Monthly,376.7,Credit Card,True
C18201,Basic,Monthly,383.69,Credit Card,False
C18202,Basic,Annual,444.76,Debit Card,True
C18203,Premium,Annual,1441.91,Debit Card,True
C18204,Basic,Annual,391.49,UPI,False
C18205,Basic,Monthly,326.77,UPI,True
C18206,Standard,Annual,692.45,Credit Card,True
C18207,Basic,Monthly,422.15,Credit Card,True
C18208,Basic,Monthly,387.42,Debit Card,False
C18209,Standard,Monthly,727.0,Debit Card,True
C18210,Standard,Monthly,880.38,UPI,False
C18211,Basic,Monthly,319.74,Net Banking,True
C18212,Premium,Monthly,1370.8,Credit Card,False
C18213,Basic,Annual,418.84,Wallet,True
C18214,Premium,Monthly,1428.33,Debit Card,False
C18215,Standard,Monthly,676.22,Credit Card,True
C18216,Basic,Monthly,405.44,UPI,True
C18217,Standard,Monthly,632.53,Credit Card,False
C18218,Basic,Annual,383.99,Credit Card,True
C18219,Basic,Monthly,416.88,Net Banking,True
C18220,Basic,Monthly,413.91,UPI,False
C18221,Basic,Monthly,302.32,Debit Card,True
C18222,Basic,Monthly,355.48,Credit Card,False
C18223,Basic,Monthly,314.59,Wallet,False
C18224,Premium,Monthly,1452.47,UPI,False
C18225,Standard,Monthly,842.27,Debit Card,True
C18226,Basic,Annual,473.03,UPI,True
C18227,Basic,Monthly,363.82,Debit Card,True
C18228,Standard,Annual,676.34,UPI,False
C18229,Basic,Monthly,302.32,UPI,True
C18230,Standard,Monthly,739.12,UPI,False
C18231,Basic,Monthly,304.58,UPI,True
C18232,Premium,Monthly,1407.07,Debit Card,True
C18233,Premium,Monthly,1389.58,Debit Card,True
C18234,Standard,Annual,699.14,UPI,True
C18235,Premium,Monthly,1044.44,UPI,True
C18236,Standard,Annual,629.41,Credit Card,False
C18237,Basic,Monthly,458.59,Credit Card,False
C18238,Premium,Monthly,1475.15,UPI,False
C18239,Basic,Monthly,308.86,UPI,True
C18240,Standard,Monthly,683.44,Debit Card,False
C18241,Premium,Monthly,1351.03,Credit Card,False
C18242,Standard,Monthly,791.24,Debit Card,False
C18243,Standard,Annual,710.8,UPI,False
C18244,Standard,Annual,607.26,Credit Card,False
C18245,Premium,Monthly,1461.6,UPI,False
C18246,Basic,Annual,347.92,Credit Card,True
C18247,Basic,Annual,412.0,UPI,True
C18248,Basic,Monthly,372.93,Credit Card,True
C18249,Standard,Annual,825.72,Debit Card,False
C18250,Basic,Monthly,329.92,UPI,False
C18251,Basic,Annual,331.27,Net Banking,True
C18252,Standard,Annual,837.28,Debit Card,True
C18253,Basic,Monthly,328.91,UPI,False
C18254,Basic,Monthly,342.97,Debit Card,False
C18255,Standard,Annual,893.08,Net Banking,True
C18256,Standard,Monthly,669.9,Wallet,True
C18257,Premium,Monthly,1169.19,Debit Card,False
C18258,Standard,Monthly,632.81,Wallet,False
C18259,Basic,Annual,320.45,Credit Card,False
C18260,Premium,Annual,1167.61,Credit Card,True
C18261,Basic,Annual,483.64,UPI,True
C18262,Standard,Monthly,658.31,Credit Card,True
C18263,Basic,Monthly,437.17,Debit Card,False
C18264,Standard,Monthly,797.0,Credit Card,True
C18265,Basic,Monthly,411.47,Credit Card,True
C18266,Standard,Annual,736.44,Debit Card,True
C18267,Standard,Monthly,782.33,UPI,False
C18268,Basic,Annual,472.04,UPI,True
C18269,Premium,Annual,1142.0,Credit Card,False
C18270,Basic,Annual,460.85,Net Banking,False
C18271,Basic,Monthly,315.7,Credit Card,True
C18272,Basic,Annual,419.26,Credit Card,True
C18273,Premium,Monthly,1380.74,Net Banking,True
C18274,Standard,Annual,653.81,Credit Card,False
C18275,Basic,Monthly,491.01,Debit Card,False
C18276,Standard,Monthly,656.94,Net Banking,False
C18277,Standard,Annual,634.09,UPI,True
C18278,Standard,Monthly,779.02,Debit Card,True
C18279,Premium,Monthly,1492.38,UPI,False
C18280,Standard,Monthly,658.22,UPI,False
C18281,Premium,Monthly,1234.28,Credit Card,True
C18282,Basic,Annual,432.18,Credit Card,False
C18283,Basic,Annual,328.72,Wallet,False
C18284,Standard,Monthly,800.94,Net Banking,False
C18285,Basic,Annual,317.64,UPI,True
C18286,Standard,Monthly,838.88,UPI,False
C18287,Premium,Annual,1169.53,Debit Card,False
C18288,Standard,Annual,830.36,Credit Card,True
C18289,Basic,Monthly,468.2,Debit Card,False
C18290,Standard,Monthly,688.5,UPI,False
C18291,Standard,Monthly,634.06,Wallet,False
C18292,Standard,Monthly,809.78,UPI,True
C18293,Standard,Annual,635.21,Net Banking,False
C18294,Standard,Monthly,765.56,Credit Card,True
C18295,Basic,Annual,374.75,UPI,True
C18296,Basic,Monthly,302.49,UPI,False
C18297,Basic,Monthly,332.5,Debit Card,True
C18298,Standard,Monthly,610.61,Net Banking,True
C18299,Basic,Monthly,304.11,Credit Card,True
C18300,Premium,Annual,1465.66,Credit Card,True
C18301,Basic,Monthly,344.49,Wallet,True
C18302,Basic,Monthly,394.11,UPI,False
C18303,Standard,Monthly,885.5,UPI,False
C18304,Basic,Monthly,339.82,UPI,True
C18305,Basic,Monthly,300.18,UPI,True
C18306,Basic,Monthly,410.31,UPI,True
C18307,Basic,Monthly,303.45,UPI,False
C18308,Premium,Annual,1437.44,Net Banking,True
C18309,Premium,Monthly,1223.8,UPI,False
C18310,Standard,Monthly,820.52,Credit Card,False
C18311,Standard,Monthly,863.43,Debit Card,False
C18312,Basic,Monthly,420.68,Credit Card,False
C18313,Premium,Annual,1150.48,Debit Card,True
C18314,Basic,Monthly,382.31,UPI,False
C18315,Standard,Monthly,750.93,UPI,True
C18316,Standard,Monthly,808.71,Credit Card,False
C18317,Standard,Monthly,703.81,UPI,False
C18318,Standard,Monthly,691.19,Credit Card,False
C18319,Basic,Annual,392.61,Credit Card,True
C18320,Premium,Monthly,1106.47,Net Banking,False
C18321,Basic,Annual,388.69,UPI,True
C18322,Standard,Monthly,718.4,Debit Card,True
C18323,Standard,Annual,760.38,Credit Card,True
C18324,Basic,Annual,456.64,UPI,True
C18325,Basic,Monthly,336.68,UPI,False
C18326,Premium,Monthly,1179.89,Debit Card,False
C18327,Basic,Annual,366.27,Debit Card,True
C18328,Basic,Monthly,363.34,UPI,False
C18329,Standard,Monthly,656.76,UPI,True
C18330,Basic,Monthly,496.71,Credit Card,True
C18331,Basic,Annual,448.56,Credit Card,True
C18332,Standard,Annual,772.38,Debit Card,True
C18333,Basic,Annual,355.63,UPI,True
C18334,Basic,Monthly,466.4,Debit Card,True
C18335,Standard,Monthly,778.84,UPI,False
C18336,Premium,Annual,1131.96,UPI,True
C18337,Premium,Annual,1316.66,Net Banking,True
C18338,Standard,Monthly,783.15,Debit Card,True
C18339,Basic,Monthly,305.04,Credit Card,False
C18340,Basic,Monthly,458.93,Debit Card,True
C18341,Standard,Annual,845.03,Credit Card,False
C18342,Standard,Annual,638.85,Credit Card,True
C18343,Standard,Annual,825.92,Debit Card,True
C18344,Premium,Monthly,1278.02,Credit Card,False
C18345,Basic,Monthly,437.59,Credit Card,True
C18346,Basic,Annual,355.33,UPI,True
C18347,Premium,Annual,1125.77,Wallet,True
C18348,Premium,Monthly,1430.89,Credit Card,True
C18349,Basic,Monthly,392.33,Credit Card,False
C18350,Standard,Monthly,690.68,UPI,True
C18351,Standard,Annual,705.76,Credit Card,True
C18352,Basic,Monthly,447.37,Credit Card,True
C18353,Basic,Monthly,451.3,Debit Card,False
C18354,Standard,Monthly,791.68,Credit Card,False
C18355,Standard,Monthly,759.37,Credit Card,False
C18356,Standard,Monthly,690.03,Credit Card,False
C18357,Basic,Annual,386.44,Wallet,True
C18358,Basic,Monthly,465.49,UPI,True
C18359,Basic,Monthly,403.6,UPI,True
C18360,Premium,Annual,1479.6,Credit Card,False
C18361,Premium,Monthly,1438.24,Wallet,True
C18362,Basic,Annual,498.72,Net Banking,False
C18363,Basic,Monthly,325.39,UPI,False
C18364,Premium,Monthly,1449.41,Wallet,False
C18365,Premium,Monthly,1144.03,Wallet,True
C18366,Basic,Monthly,339.01,Credit Card,False
C18367,Premium,Annual,1087.16,Debit Card,True
C18368,Standard,Monthly,704.42,UPI,False
C18369,Premium,Monthly,1162.12,Credit Card,True
C18370,Basic,Annual,473.88,UPI,False
C18371,Standard,Annual,873.69,Net Banking,True
C18372,Premium,Monthly,1079.03,Net Banking,False
C18373,Basic,Monthly,437.04,Credit Card,True
C18374,Standard,Monthly,794.41,UPI,False
C18375,Basic,Monthly,387.42,UPI,False
C18376,Standard,Monthly,796.36,Debit Card,False
C18377,Premium,Monthly,1423.1,Credit Card,True
C18378,Basic,Monthly,357.94,Credit Card,True
C18379,Basic,Monthly,495.11,Wallet,False
C18380,Basic,Annual,351.57,UPI,True
C18381,Standard,Monthly,660.74,Credit Card,True
C18382,Basic,Monthly,396.72,Debit Card,False
C18383,Premium,Monthly,1385.9,Debit Card,False
C18384,Standard,Annual,756.49,UPI,True
C18385,Basic,Monthly,419.29,Credit Card,True
C18386,Basic,Annual,352.81,Debit Card,True
C18387,Basic,Annual,413.32,Net Banking,True
C18388,Standard,Annual,604.56,Debit Card,False
C18389,Standard,Monthly,758.09,UPI,True
C18390,Premium,Monthly,1273.44,Debit Card,False
C18391,Premium,Monthly,1496.99,Net Banking,False
C18392,Premium,Annual,1242.81,Credit Card,True
C18393,Basic,Monthly,368.05,UPI,False
C18394,Basic,Annual,366.62,Credit Card,True
C18395,Basic,Monthly,399.17,Net Banking,True
C18396,Basic,Monthly,364.07,Credit Card,False
C18397,Premium,Monthly,1442.77,Credit Card,True
C18398,Basic,Monthly,451.12,Net Banking,False
C18399,Basic,Annual,433.24,Credit Card,True
C18400,Standard,Monthly,735.57,Credit Card,False
C18401,Basic,Monthly,396.72,UPI,False
C18402,Premium,Monthly,1278.72,UPI,True
C18403,Premium,Monthly,1154.27,Debit Card,False
C18404,Basic,Annual,307.09,Credit Card,True
C18405,Standard,Monthly,675.18,UPI,True
C18406,Basic,Annual,361.73,Credit Card,False
C18407,Basic,Annual,382.49,Credit Card,True
C18408,Basic,Monthly,413.85,UPI,False
C18409,Premium,Monthly,1275.55,Debit Card,False
C18410,Basic,Monthly,454.03,Net Banking,True
C18411,Standard,Monthly,649.45,Credit Card,False
C18412,Standard,Annual,651.81,UPI,True
C18413,Basic,Monthly,378.45,Net Banking,False
C18414,Standard,Monthly,827.97,Debit Card,True
C18415,Basic,Monthly,371.26,Debit Card,False
C18416,Premium,Monthly,1242.43,Debit Card,False
C18417,Standard,Monthly,661.9,Wallet,False
C18418,Basic,Annual,332.22,Credit Card,True
C18419,Basic,Monthly,323.57,Debit Card,False
C18420,Standard,Monthly,710.0,Debit Card,True
C18421,Basic,Monthly,456.01,UPI,True
C18422,Basic,Monthly,485.26,Credit Card,False
C18423,Premium,Monthly,1313.09,Debit Card,True
C18424,Standard,Monthly,873.47,Wallet,True
C18425,Basic,Monthly,373.72,Credit Card,True
C18426,Premium,Monthly,1402.61,Credit Card,False
C18427,Basic,Monthly,393.64,Wallet,False
C18428,Premium,Monthly,1242.97,UPI,False
C18429,Basic,Annual,497.3,UPI,True
C18430,Standard,Monthly,652.49,Credit Card,True
C18431,Standard,Annual,695.59,Net Banking,True
C18432,Standard,Monthly,771.39,UPI,False
C18433,Basic,Monthly,391.06,Credit Card,True
C18434,Premium,Monthly,1117.92,Debit Card,False
C18435,Premium,Monthly,1293.11,UPI,False
C18436,Basic,Monthly,390.88,UPI,False
C18437,Standard,Monthly,604.58,Debit Card,False
C18438,Basic,Monthly,362.53,Debit Card,False
C18439,Standard,Annual,700.96,Credit Card,True
C18440,Basic,Annual,336.67,Debit Card,False
C18441,Premium,Monthly,1220.75,Debit Card,False
C18442,Premium,Monthly,1442.92,Credit Card,True
C18443,Standard,Monthly,654.4,Net Banking,True
C18444,Standard,Annual,673.93,Credit Card,True
C18445,Basic,Annual,314.12,Credit Card,True
C18446,Basic,Annual,396.3,Credit Card,True
C18447,Standard,Annual,811.1,UPI,False
C18448,Standard,Annual,726.93,Wallet,True
C18449,Standard,Monthly,684.83,Debit Card,False
C18450,Standard,Monthly,600.23,UPI,False
C18451,Standard,Monthly,768.38,Debit Card,False
C18452,Standard,Monthly,757.71,UPI,True
C18453,Standard,Monthly,829.62,Wallet,False
C18454,Basic,Annual,480.27,Debit Card,False
C18455,Premium,Annual,1466.03,Net Banking,False
C18456,Basic,Monthly,381.55,UPI,False
C18457,Premium,Annual,1476.49,UPI,True
C18458,Basic,Monthly,366.41,Credit Card,False
C18459,Basic,Monthly,479.76,Wallet,False
C18460,Basic,Monthly,382.96,UPI,True
C18461,Premium,Monthly,1056.77,Wallet,False
C18462,Standard,Annual,687.67,Credit Card,True
C18463,Standard,Monthly,842.26,Debit Card,False
C18464,Standard,Annual,635.63,Net Banking,True
C18465,Basic,Monthly,482.7,Net Banking,True
C18466,Premium,Annual,1079.06,UPI,False
C18467,Basic,Annual,317.33,Credit Card,True
C18468,Basic,Monthly,490.12,Credit Card,False
C18469,Standard,Annual,883.2,UPI,True
C18470,Basic,Monthly,336.13,Credit Card,False
C18471,Premium,Annual,1307.57,Net Banking,False
C18472,Premium,Monthly,1042.27,UPI,False
C18473,Basic,Monthly,437.83,Wallet,True
C18474,Premium,Monthly,1456.9,Net Banking,True
C18475,Standard,Monthly,692.79,UPI,True
C18476,Premium,Annual,1123.76,UPI,True
C18477,Basic,Annual,398.76,UPI,True
C18478,Premium,Annual,1109.6,Debit Card,True
C18479,Premium,Monthly,1012.23,Credit Card,True
C18480,Standard,Monthly,601.89,Debit Card,False
C18481,Standard,Monthly,646.64,UPI,False
C18482,Standard,Monthly,773.3,Debit Card,False
C18483,Premium,Annual,1168.35,Credit Card,False
C18484,Standard,Monthly,793.81,Debit Card,False
C18485,Basic,Monthly,466.65,Wallet,False
C18486,Standard,Monthly,863.41,Credit Card,False
C18487,Basic,Monthly,393.52,Credit Card,True
C18488,Premium,Monthly,1401.34,UPI,False
C18489,Basic,Monthly,448.35,Wallet,False
C18490,Basic,Monthly,400.07,Net Banking,True
C18491,Basic,Annual,478.99,UPI,True
C18492,Standard,Monthly,861.77,Wallet,True
C18493,Basic,Monthly,424.95,Credit Card,False
C18494,Basic,Annual,330.26,Debit Card,True
C18495,Premium,Annual,1088.72,Wallet,True
C18496,Premium,Monthly,1482.15,UPI,False
C18497,Standard,Annual,873.61,UPI,True
C18498,Basic,Monthly,312.46,Credit Card,True
C18499,Basic,Annual,301.24,Debit Card,False
C18500,Basic,Monthly,372.69,Debit Card,False
C18501,Standard,Monthly,882.09,Credit Card,False
C18502,Standard,Monthly,748.6,Debit Card,False
C18503,Standard,Annual,700.43,Credit Card,False
C18504,Basic,Monthly,318.14,UPI,False
C18505,Premium,Monthly,1043.82,UPI,True
C18506,Standard,Annual,816.36,UPI,True
C18507,Standard,Annual,602.43,UPI,True
C18508,Premium,Monthly,1090.46,UPI,False
C18509,Basic,Monthly,412.78,Debit Card,False
C18510,Standard,Annual,870.38,Credit Card,True
C18511,Basic,Annual,443.43,Debit Card,True
C18512,Standard,Monthly,824.4,Wallet,False
C18513,Basic,Monthly,328.39,UPI,False
C18514,Standard,Annual,860.22,Credit Card,False
C18515,Standard,Monthly,619.57,Credit Card,True
C18516,Basic,Monthly,312.26,UPI,False
C18517,Basic,Annual,464.36,Net Banking,True
C18518,Premium,Monthly,1249.46,UPI,False
C18519,Basic,Monthly,404.45,Credit Card,False
C18520,Premium,Monthly,1083.73,Wallet,False
C18521,Basic,Annual,494.23,Net Banking,True
C18522,Standard,Annual,724.2,Credit Card,True
C18523,Standard,Annual,806.88,Net Banking,True
C18524,Basic,Monthly,416.37,Debit Card,False
C18525,Standard,Monthly,728.65,UPI,True
C18526,Basic,Monthly,379.75,Credit Card,True
C18527,Premium,Annual,1190.04,UPI,False
C18528,Premium,Annual,1459.09,Wallet,False
C18529,Basic,Monthly,457.18,Credit Card,False
C18530,Standard,Monthly,599.63,Net Banking,False
C18531,Standard,Annual,737.78,Debit Card,True
C18532,Basic,Monthly,334.8,UPI,False
C18533,Basic,Monthly,366.59,UPI,False
C18534,Basic,Monthly,449.71,UPI,False
C18535,Basic,Monthly,464.51,UPI,True
C18536,Standard,Annual,820.98,Credit Card,False
C18537,Basic,Monthly,306.57,UPI,False
C18538,Premium,Monthly,1323.93,UPI,False
C18539,Standard,Annual,601.76,UPI,True
C18540,Basic,Monthly,369.09,Credit Card,False
C18541,Basic,Monthly,359.66,Credit Card,True
C18542,Basic,Monthly,378.12,Credit Card,False
C18543,Premium,Monthly,1309.98,Credit Card,False
C18544,Basic,Annual,310.37,Debit Card,True
C18545,Standard,Monthly,770.6,Credit Card,False
C18546,Basic,Annual,390.19,UPI,True
C18547,Basic,Monthly,443.32,UPI,False
C18548,Standard,Annual,835.44,Wallet,True
C18549,Basic,Annual,314.36,UPI,True
C18550,Standard,Annual,643.59,UPI,False
C18551,Basic,Monthly,490.3,Wallet,True
C18552,Standard,Monthly,730.36,Credit Card,True
C18553,Basic,Monthly,465.2,Credit Card,False
C18554,Standard,Monthly,637.68,Net Banking,False
C18555,Basic,Monthly,435.93,Debit Card,False
C18556,Premium,Annual,1174.86,Debit Card,True
C18557,Basic,Monthly,409.44,Debit Card,True
C18558,Standard,Annual,758.81,UPI,True
C18559,Premium,Monthly,1195.63,Net Banking,False
C18560,Premium,Monthly,1398.86,Net Banking,False
C18561,Premium,Monthly,1232.71,Debit Card,False
C18562,Standard,Monthly,620.2,Wallet,False
C18563,Basic,Monthly,357.44,UPI,True
C18564,Standard,Annual,750.2,Debit Card,True
C18565,Standard,Monthly,818.81,UPI,False
C18566,Basic,Monthly,483.23,Credit Card,False
C18567,Basic,Annual,331.21,UPI,True
C18568,Basic,Monthly,310.82,UPI,False
C18569,Basic,Monthly,377.55,Net Banking,True
C18570,Standard,Annual,629.72,Debit Card,False
C18571,Basic,Monthly,422.32,Credit Card,False
C18572,Standard,Annual,685.12,Debit Card,False
C18573,Basic,Monthly,457.75,UPI,False
C18574,Premium,Monthly,1250.29,Credit Card,False
C18575,Basic,Monthly,440.13,Wallet,False
C18576,Standard,Monthly,841.63,Wallet,True
C18577,Basic,Annual,432.77,UPI,True
C18578,Basic,Monthly,419.2,Debit Card,True
C18579,Premium,Annual,1492.86,UPI,True
C18580,Basic,Monthly,396.05,UPI,True
C18581,Basic,Annual,445.07,Wallet,True
C18582,Basic,Annual,359.64,UPI,False
C18583,Basic,Monthly,471.54,UPI,False
C18584,Basic,Monthly,391.23,Credit Card,True
C18585,Standard,Monthly,754.17,Credit Card,False
C18586,Basic,Monthly,390.39,UPI,False
C18587,Premium,Monthly,1022.46,Wallet,False
C18588,Basic,Monthly,410.46,UPI,False
C18589,Standard,Monthly,674.48,Net Banking,False
C18590,Basic,Monthly,303.7,Credit Card,False
C18591,Standard,Monthly,697.53,Credit Card,False
C18592,Premium,Monthly,1162.88,Credit Card,False
C18593,Basic,Monthly,381.45,UPI,False
C18594,Premium,Annual,1372.14,Credit Card,True
C18595,Premium,Monthly,1359.37,Debit Card,False
C18596,Basic,Monthly,310.09,UPI,False
C18597,Basic,Monthly,447.85,Credit Card,False
C18598,Standard,Monthly,882.84,Credit Card,True
C18599,Basic,Annual,469.0,Wallet,True
C18600,Premium,Monthly,1367.39,Credit Card,False
C18601,Premium,Monthly,1057.75,Credit Card,False
C18602,Basic,Monthly,430.88,UPI,False
C18603,Basic,Annual,475.97,Debit Card,True
C18604,Basic,Monthly,490.83,Debit Card,False
C18605,Standard,Monthly,651.68,Credit Card,True
C18606,Basic,Monthly,363.14,UPI,False
C18607,Premium,Monthly,1126.33,Credit Card,True
C18608,Standard,Annual,624.67,Credit Card,False
C18609,Standard,Annual,685.2,Wallet,True
C18610,Basic,Monthly,331.33,Credit Card,False
C18611,Basic,Monthly,495.52,UPI,False
C18612,Basic,Monthly,477.45,UPI,False
C18613,Basic,Annual,433.68,Credit Card,True
C18614,Standard,Annual,898.4,Credit Card,False
C18615,Standard,Annual,793.17,UPI,True
C18616,Basic,Monthly,438.4,UPI,True
C18617,Standard,Monthly,733.46,UPI,True
C18618,Standard,Monthly,629.9,Debit Card,False
C18619,Basic,Monthly,493.66,Net Banking,False
C18620,Premium,Monthly,1084.63,UPI,False
C18621,Basic,Monthly,422.93,Credit Card,True
C18622,Standard,Monthly,816.13,UPI,False
C18623,Basic,Monthly,340.48,Credit Card,True
C18624,Standard,Monthly,784.4,UPI,False
C18625,Basic,Monthly,467.53,Credit Card,False
C18626,Basic,Annual,480.38,UPI,True
C18627,Standard,Monthly,611.15,Debit Card,False
C18628,Premium,Monthly,1184.36,Net Banking,True
C18629,Standard,Monthly,878.91,UPI,False
C18630,Standard,Annual,607.03,Debit Card,True
C18631,Standard,Annual,891.73,Wallet,True
C18632,Standard,Monthly,601.01,UPI,False
C18633,Premium,Annual,1081.69,Credit Card,False
C18634,Standard,Monthly,687.85,Wallet,True
C18635,Basic,Monthly,301.46,Debit Card,False
C18636,Premium,Annual,1186.44,Wallet,True
C18637,Basic,Monthly,462.28,Debit Card,False
C18638,Standard,Monthly,619.86,UPI,False
C18639,Basic,Annual,448.09,Debit Card,True
C18640,Basic,Annual,357.04,Credit Card,True
C18641,Standard,Monthly,782.66,Debit Card,True
C18642,Standard,Monthly,820.95,Net Banking,False
C18643,Standard,Monthly,822.5,UPI,False
C18644,Standard,Annual,625.52,Wallet,True
C18645,Standard,Monthly,805.83,Debit Card,True
C18646,Standard,Monthly,737.49,Debit Card,True
C18647,Premium,Monthly,1302.42,Credit Card,False
C18648,Basic,Monthly,328.94,Debit Card,False
C18649,Basic,Monthly,428.37,Wallet,False
C18650,Standard,Monthly,609.08,UPI,False
C18651,Standard,Monthly,818.11,Wallet,False
C18652,Basic,Annual,364.05,Credit Card,True
C18653,Standard,Annual,706.1,Credit Card,True
C18654,Standard,Monthly,778.41,UPI,True
C18655,Premium,Annual,1372.64,Credit Card,True
C18656,Standard,Annual,640.71,Credit Card,True
C18657,Standard,Annual,754.78,Credit Card,True
C18658,Basic,Monthly,363.64,UPI,True
C18659,Standard,Monthly,812.55,UPI,False
C18660,Standard,Annual,876.66,UPI,True
C18661,Basic,Monthly,474.69,Credit Card,False
C18662,Premium,Monthly,1373.5,Debit Card,False
C18663,Standard,Monthly,871.59,Credit Card,True
C18664,Premium,Annual,1115.84,Credit Card,True
C18665,Premium,Monthly,1034.07,Credit Card,False
C18666,Standard,Monthly,846.45,Net Banking,True
C18667,Premium,Annual,1196.46,UPI,True
C18668,Basic,Monthly,411.77,Credit Card,False
C18669,Basic,Annual,408.04,Wallet,False
C18670,Basic,Annual,482.23,UPI,True
C18671,Basic,Monthly,327.23,UPI,True
C18672,Standard,Monthly,832.05,Credit Card,False
C18673,Standard,Monthly,738.8,Net Banking,True
C18674,Standard,Monthly,868.94,Credit Card,True
C18675,Basic,Monthly,441.05,UPI,True
C18676,Basic,Monthly,359.29,UPI,False
C18677,Standard,Monthly,827.03,Credit Card,False
C18678,Standard,Monthly,686.64,Wallet,False
C18679,Standard,Monthly,782.7,Credit Card,True
C18680,Basic,Annual,380.45,Debit Card,False
C18681,Basic,Monthly,377.86,Credit Card,True
C18682,Premium,Annual,1203.01,Debit Card,True
C18683,Basic,Monthly,467.65,Credit Card,True
C18684,Standard,Annual,842.47,UPI,True
C18685,Standard,Annual,620.51,Net Banking,True
C18686,Standard,Monthly,602.3,Wallet,False
C18687,Basic,Monthly,452.31,UPI,False
C18688,Premium,Monthly,1277.5,UPI,False
C18689,Premium,Monthly,1480.29,UPI,True
C18690,Standard,Monthly,730.31,UPI,False
C18691,Premium,Monthly,1304.38,Wallet,True
C18692,Basic,Monthly,432.1,Wallet,True
C18693,Standard,Monthly,839.44,Net Banking,False
C18694,Basic,Monthly,448.44,UPI,True
C18695,Premium,Monthly,1031.52,Wallet,True
C18696,Premium,Monthly,1222.08,Credit Card,False
C18697,Standard,Monthly,700.74,Credit Card,False
C18698,Basic,Annual,401.57,UPI,True
C18699,Basic,Annual,361.94,Debit Card,True
C18700,Basic,Monthly,368.08,Debit Card,True
C18701,Basic,Annual,460.29,UPI,True
C18702,Premium,Monthly,1086.21,UPI,True
C18703,Premium,Monthly,1221.07,UPI,True
C18704,Premium,Monthly,1398.62,Credit Card,False
C18705,Standard,Monthly,779.6,Credit Card,False
C18706,Premium,Monthly,1180.18,Credit Card,True
C18707,Standard,Annual,747.36,Credit Card,False
C18708,Basic,Annual,430.46,Credit Card,False
C18709,Standard,Annual,697.89,Debit Card,True
C18710,Premium,Monthly,1414.54,Wallet,False
C18711,Basic,Monthly,334.34,Wallet,True
C18712,Basic,Monthly,465.12,Net Banking,False
C18713,Basic,Monthly,335.4,Debit Card,False
C18714,Standard,Monthly,766.06,Debit Card,True
C18715,Premium,Annual,1094.71,UPI,True
C18716,Standard,Monthly,792.96,Debit Card,False
C18717,Basic,Monthly,487.96,Debit Card,True
C18718,Basic,Annual,360.43,Debit Card,True
C18719,Standard,Monthly,838.03,Debit Card,True
C18720,Basic,Monthly,412.27,Net Banking,False
C18721,Standard,Monthly,735.47,Debit Card,True
C18722,Basic,Monthly,319.86,Wallet,True
C18723,Basic,Monthly,368.46,Credit Card,False
C18724,Premium,Annual,1376.65,UPI,True
C18725,Basic,Monthly,366.45,UPI,True
C18726,Basic,Monthly,437.7,Credit Card,False
C18727,Basic,Monthly,494.58,UPI,True
C18728,Basic,Annual,454.09,Credit Card,True
C18729,Basic,Monthly,490.6,UPI,False
C18730,Basic,Monthly,476.77,UPI,False
C18731,Basic,Monthly,494.95,UPI,False
C18732,Basic,Monthly,419.74,Credit Card,False
C18733,Standard,Annual,783.68,Debit Card,True
C18734,Standard,Annual,657.55,Credit Card,True
C18735,Premium,Monthly,1226.46,UPI,False
C18736,Standard,Monthly,712.92,Wallet,False
C18737,Basic,Annual,451.78,Debit Card,False
C18738,Basic,Monthly,478.79,Credit Card,False
C18739,Basic,Annual,487.96,Credit Card,True
C18740,Standard,Monthly,761.62,UPI,True
C18741,Standard,Monthly,717.56,Debit Card,True
C18742,Basic,Monthly,389.56,Credit Card,True
C18743,Standard,Monthly,685.78,Credit Card,True
C18744,Standard,Monthly,736.72,Debit Card,False
C18745,Premium,Monthly,1480.04,Debit Card,False
C18746,Premium,Monthly,1249.45,Credit Card,False
C18747,Basic,Monthly,396.38,Wallet,False
C18748,Basic,Annual,333.58,Credit Card,False
C18749,Standard,Annual,704.43,Wallet,True
C18750,Standard,Annual,868.85,Credit Card,True
C18751,Basic,Monthly,412.34,Debit Card,False
C18752,Standard,Monthly,888.89,UPI,True
C18753,Standard,Monthly,873.17,Wallet,False
C18754,Standard,Monthly,768.58,Debit Card,True
C18755,Basic,Monthly,477.52,UPI,True
C18756,Basic,Monthly,323.86,UPI,False
C18757,Premium,Monthly,1100.66,Debit Card,True
C18758,Standard,Monthly,737.36,Credit Card,False
C18759,Standard,Annual,702.18,Credit Card,False
C18760,Basic,Monthly,456.07,UPI,False
C18761,Basic,Monthly,496.74,Debit Card,True
C18762,Basic,Monthly,472.62,Net Banking,False
C18763,Premium,Monthly,1155.55,UPI,True
C18764,Basic,Annual,421.42,Debit Card,False
C18765,Standard,Monthly,763.37,Credit Card,True
C18766,Basic,Monthly,423.5,Credit Card,False
C18767,Basic,Annual,429.78,Debit Card,False
C18768,Standard,Annual,851.01,Credit Card,True
C18769,Standard,Annual,814.29,Wallet,True
C18770,Premium,Monthly,1071.17,UPI,False
C18771,Basic,Monthly,456.62,Credit Card,True
C18772,Premium,Annual,1444.09,Credit Card,False
C18773,Basic,Annual,418.89,Credit Card,True
C18774,Standard,Monthly,776.15,Credit Card,True
C18775,Premium,Annual,1264.67,Credit Card,True
C18776,Standard,Monthly,683.54,Debit Card,False
C18777,Standard,Annual,637.71,UPI,True
C18778,Standard,Monthly,664.74,Credit Card,True
C18779,Standard,Monthly,740.55,UPI,True
C18780,Basic,Monthly,403.25,Credit Card,False
C18781,Basic,Annual,433.32,UPI,True
C18782,Standard,Monthly,738.66,Credit Card,True
C18783,Premium,Monthly,1227.14,Wallet,True
C18784,Basic,Annual,430.04,Credit Card,True
C18785,Standard,Annual,728.9,UPI,True
C18786,Basic,Annual,460.59,Credit Card,True
C18787,Basic,Monthly,368.38,Net Banking,False
C18788,Basic,Monthly,482.12,UPI,False
C18789,Basic,Monthly,354.53,UPI,True
C18790,Premium,Monthly,1374.83,Wallet,False
C18791,Standard,Monthly,601.68,Debit Card,False
C18792,Basic,Monthly,364.15,Credit Card,True
C18793,Basic,Annual,335.72,Credit Card,True
C18794,Premium,Annual,1075.66,Debit Card,True
C18795,Basic,Annual,488.43,Credit Card,True
C18796,Standard,Monthly,700.06,Credit Card,False
C18797,Basic,Monthly,476.18,Debit Card,False
C18798,Standard,Monthly,826.63,Net Banking,False
C18799,Basic,Monthly,307.33,Credit Card,False
C18800,Standard,Annual,803.11,UPI,True
C18801,Basic,Annual,358.7,UPI,True
C18802,Standard,Monthly,779.17,Debit Card,False
C18803,Basic,Monthly,344.67,UPI,False
C18804,Basic,Monthly,446.56,Credit Card,False
C18805,Standard,Annual,846.86,Debit Card,True
C18806,Premium,Monthly,1467.58,Debit Card,False
C18807,Premium,Monthly,1106.77,UPI,False
C18808,Standard,Monthly,644.78,Wallet,True
C18809,Standard,Monthly,653.61,Credit Card,False
C18810,Basic,Annual,370.66,Credit Card,True
C18811,Basic,Annual,450.46,UPI,True
C18812,Standard,Monthly,665.21,UPI,False
C18813,Premium,Monthly,1182.03,Credit Card,False
C18814,Basic,Annual,327.73,UPI,True
C18815,Standard,Monthly,760.63,Wallet,False
C18816,Standard,Monthly,762.7,Wallet,False
C18817,Basic,Monthly,303.65,Credit Card,False
C18818,Standard,Annual,676.68,UPI,True
C18819,Basic,Monthly,491.14,UPI,False
C18820,Basic,Annual,422.04,Credit Card,True
C18821,Standard,Monthly,883.56,Wallet,True
C18822,Premium,Monthly,1297.77,Credit Card,True
C18823,Basic,Monthly,408.48,Credit Card,False
C18824,Standard,Monthly,636.81,UPI,False
C18825,Basic,Monthly,369.77,UPI,False
C18826,Basic,Monthly,370.42,Credit Card,True
C18827,Basic,Annual,361.75,Net Banking,True
C18828,Premium,Monthly,1368.14,UPI,False
C18829,Basic,Monthly,349.35,UPI,False
C18830,Basic,Monthly,464.63,UPI,False
C18831,Basic,Annual,424.28,Credit Card,True
C18832,Standard,Annual,739.79,Wallet,True
C18833,Basic,Monthly,452.93,Wallet,False
C18834,Basic,Monthly,350.26,Net Banking,True
C18835,Standard,Monthly,665.53,Wallet,True
C18836,Standard,Monthly,603.81,Wallet,False
C18837,Standard,Annual,857.73,Debit Card,True
C18838,Basic,Monthly,451.61,Net Banking,False
C18839,Basic,Annual,446.73,UPI,True
C18840,Basic,Monthly,306.92,Credit Card,False
C18841,Premium,Monthly,1265.7,Credit Card,False
C18842,Basic,Monthly,384.98,Net Banking,False
C18843,Basic,Monthly,308.63,Debit Card,False
C18844,Standard,Monthly,815.65,Net Banking,False
C18845,Basic,Monthly,437.38,Wallet,False
C18846,Premium,Monthly,1113.52,Credit Card,False
C18847,Basic,Annual,401.61,Debit Card,True
C18848,Basic,Monthly,349.79,Credit Card,True
C18849,Premium,Monthly,1314.9,UPI,True
C18850,Standard,Annual,627.27,Debit Card,True
C18851,Premium,Monthly,1127.96,Credit Card,False
C18852,Standard,Monthly,697.56,Net Banking,True
C18853,Standard,Annual,864.18,UPI,True
C18854,Basic,Monthly,323.5,Credit Card,True
C18855,Basic,Monthly,371.17,Wallet,True
C18856,Basic,Monthly,338.07,Debit Card,False
C18857,Premium,Monthly,1304.95,Debit Card,True
C18858,Basic,Monthly,329.25,Wallet,False
C18859,Basic,Monthly,367.62,Wallet,True
C18860,Standard,Monthly,677.0,Net Banking,True
C18861,Basic,Monthly,380.95,UPI,False
C18862,Standard,Monthly,872.6,UPI,False
C18863,Basic,Annual,408.72,Credit Card,True
C18864,Premium,Annual,1141.21,Debit Card,True
C18865,Premium,Monthly,1119.13,UPI,True
C18866,Basic,Monthly,304.58,UPI,False
C18867,Standard,Annual,608.7,Wallet,True
C18868,Basic,Monthly,436.58,UPI,False
C18869,Standard,Monthly,757.82,Wallet,False
C18870,Standard,Monthly,799.36,UPI,False
C18871,Premium,Annual,1329.01,UPI,True
C18872,Basic,Monthly,433.09,Credit Card,True
C18873,Standard,Monthly,643.77,Credit Card,False
C18874,Standard,Monthly,693.17,UPI,False
C18875,Basic,Monthly,323.55,UPI,True
C18876,Standard,Monthly,701.71,Credit Card,False
C18877,Basic,Monthly,340.17,Debit Card,False
C18878,Basic,Monthly,395.41,Wallet,True
C18879,Standard,Annual,680.84,UPI,True
C18880,Basic,Monthly,320.03,Credit Card,False
C18881,Basic,Monthly,424.04,Debit Card,True
C18882,Standard,Annual,748.28,Net Banking,True
C18883,Premium,Annual,1340.56,Credit Card,False
C18884,Basic,Monthly,376.89,UPI,True
C18885,Standard,Monthly,894.14,Credit Card,True
C18886,Basic,Monthly,440.43,Debit Card,False
C18887,Basic,Annual,322.92,UPI,True
C18888,Standard,Monthly,699.81,Credit Card,True
C18889,Basic,Annual,315.76,UPI,True
C18890,Standard,Monthly,799.38,UPI,True
C18891,Standard,Monthly,761.84,Credit Card,True
C18892,Premium,Annual,1076.55,Wallet,True
C18893,Basic,Annual,338.58,Credit Card,True
C18894,Standard,Annual,828.82,Debit Card,False
C18895,Basic,Monthly,451.33,Net Banking,True
C18896,Standard,Monthly,637.7,Credit Card,False
C18897,Standard,Annual,853.24,Credit Card,False
C18898,Basic,Annual,398.25,Debit Card,True
C18899,Basic,Annual,360.58,Wallet,True
C18900,Standard,Monthly,692.96,UPI,True
C18901,Standard,Annual,668.5,Credit Card,True
C18902,Standard,Monthly,705.31,Wallet,False
C18903,Basic,Monthly,358.63,Wallet,True
C18904,Premium,Monthly,1070.81,UPI,False
C18905,Basic,Monthly,337.97,UPI,False
C18906,Basic,Annual,398.09,UPI,True
C18907,Basic,Monthly,314.37,UPI,True
C18908,Basic,Monthly,459.61,Credit Card,False
C18909,Basic,Monthly,372.32,Credit Card,False
C18910,Standard,Monthly,663.92,Credit Card,True
C18911,Basic,Annual,459.49,Credit Card,True
C18912,Standard,Monthly,854.54,UPI,False
C18913,Premium,Monthly,1475.01,Credit Card,True
C18914,Basic,Monthly,454.44,UPI,False
C18915,Standard,Monthly,874.88,Credit Card,True
C18916,Premium,Monthly,1419.91,UPI,False
C18917,Standard,Monthly,642.52,Net Banking,True
C18918,Standard,Annual,732.55,Net Banking,True
C18919,Basic,Annual,489.15,Wallet,False
C18920,Basic,Monthly,474.7,Net Banking,False
C18921,Standard,Annual,743.16,UPI,True
C18922,Basic,Annual,488.96,Wallet,True
C18923,Basic,Annual,343.9,Debit Card,True
C18924,Standard,Monthly,804.36,Wallet,False
C18925,Standard,Monthly,631.01,UPI,False
C18926,Basic,Monthly,469.7,Credit Card,True
C18927,Basic,Monthly,307.48,UPI,True
C18928,Basic,Monthly,496.9,UPI,True
C18929,Premium,Annual,999.87,Net Banking,False
C18930,Basic,Annual,375.52,Credit Card,True
C18931,Basic,Monthly,445.13,Credit Card,True
C18932,Standard,Monthly,772.87,Debit Card,True
C18933,Basic,Monthly,325.5,UPI,True
C18934,Standard,Monthly,633.44,Credit Card,False
C18935,Standard,Monthly,877.47,Credit Card,True
C18936,Premium,Annual,1403.98,Credit Card,True
C18937,Basic,Monthly,394.32,Credit Card,False
C18938,Basic,Monthly,303.5,Debit Card,False
C18939,Basic,Annual,433.91,UPI,True
C18940,Basic,Monthly,336.16,Credit Card,False
C18941,Standard,Monthly,841.93,Debit Card,False
C18942,Standard,Monthly,835.0,Debit Card,True
C18943,Premium,Annual,1005.02,Credit Card,True
C18944,Basic,Annual,485.67,Debit Card,False
C18945,Standard,Monthly,693.52,Credit Card,False
C18946,Basic,Annual,471.84,Wallet,False
C18947,Basic,Annual,351.24,Credit Card,True
C18948,Premium,Monthly,1490.59,Credit Card,True
C18949,Basic,Monthly,449.24,Credit Card,False
C18950,Premium,Monthly,1431.94,Debit Card,True
C18951,Premium,Monthly,1176.36,Wallet,False
C18952,Standard,Annual,626.27,Debit Card,True
C18953,Basic,Monthly,471.68,Net Banking,False
C18954,Basic,Annual,457.61,Wallet,True
C18955,Standard,Monthly,748.21,Net Banking,True
C18956,Standard,Monthly,850.24,UPI,False
C18957,Basic,Monthly,465.63,Credit Card,True
C18958,Premium,Monthly,1400.51,Debit Card,True
C18959,Standard,Monthly,871.81,Credit Card,True
C18960,Standard,Monthly,868.23,Net Banking,False
C18961,Standard,Monthly,610.92,Debit Card,True
C18962,Basic,Monthly,402.21,Credit Card,True
C18963,Standard,Annual,639.36,Debit Card,True
C18964,Basic,Annual,472.5,Debit Card,False
C18965,Basic,Monthly,304.44,UPI,False
C18966,Premium,Annual,1178.47,Debit Card,True
C18967,Basic,Monthly,424.16,Credit Card,False
C18968,Standard,Monthly,636.6,Credit Card,False
C18969,Standard,Monthly,740.75,Credit Card,True
C18970,Premium,Monthly,1425.61,Wallet,False
C18971,Basic,Annual,312.52,Net Banking,True
C18972,Premium,Annual,1166.15,Credit Card,True
C18973,Standard,Annual,788.08,Wallet,True
C18974,Premium,Monthly,1171.22,Credit Card,True
C18975,Premium,Monthly,1368.51,UPI,True
C18976,Premium,Monthly,1032.02,Debit Card,True
C18977,Basic,Annual,471.69,Credit Card,True
C18978,Premium,Monthly,1118.71,Wallet,False
C18979,Standard,Annual,615.53,Debit Card,False
C18980,Basic,Monthly,418.45,Net Banking,False
C18981,Basic,Annual,350.53,Net Banking,False
C18982,Basic,Monthly,459.32,UPI,False
C18983,Basic,Monthly,307.32,Credit Card,False
C18984,Basic,Monthly,353.08,Net Banking,False
C18985,Basic,Monthly,419.99,UPI,False
C18986,Basic,Monthly,478.02,Net Banking,True
C18987,Basic,Monthly,371.33,UPI,False
C18988,Standard,Monthly,692.92,Credit Card,True
C18989,Basic,Annual,475.04,Net Banking,True
C18990,Basic,Monthly,352.99,Wallet,True
C18991,Basic,Monthly,388.47,UPI,False
C18992,Basic,Annual,446.77,Debit Card,True
C18993,Standard,Annual,790.47,Debit Card,False
C18994,Standard,Monthly,616.18,Debit Card,True
C18995,Basic,Monthly,408.03,Debit Card,False
C18996,Basic,Monthly,465.71,Credit Card,True
C18997,Premium,Monthly,1170.65,Credit Card,True
C18998,Standard,Annual,666.89,UPI,True
C18999,Basic,Annual,405.85,Credit Card,True
C19000,Basic,Annual,312.23,UPI,True
C19001,Basic,Monthly,497.24,Credit Card,True
C19002,Basic,Monthly,452.83,Debit Card,False
C19003,Basic,Monthly,422.57,Debit Card,False
C19004,Basic,Monthly,395.31,Wallet,True
C19005,Standard,Monthly,668.47,UPI,False
C19006,Premium,Monthly,1378.05,Wallet,False
C19007,Basic,Annual,326.13,Net Banking,True
C19008,Basic,Annual,450.07,UPI,True
C19009,Standard,Annual,824.22,Credit Card,True
C19010,Premium,Monthly,1416.3,UPI,False
C19011,Standard,Monthly,876.81,Wallet,False
C19012,Standard,Monthly,769.25,Credit Card,False
C19013,Basic,Annual,416.5,Debit Card,False
C19014,Standard,Monthly,601.1,Credit Card,True
C19015,Standard,Monthly,659.7,Credit Card,False
C19016,Basic,Monthly,415.96,Debit Card,True
C19017,Premium,Monthly,1456.52,Wallet,False
C19018,Standard,Monthly,846.0,Debit Card,False
C19019,Basic,Annual,364.56,Debit Card,False
C19020,Basic,Annual,398.85,UPI,True
C19021,Standard,Annual,885.33,Debit Card,True
C19022,Standard,Annual,835.39,Wallet,True
C19023,Standard,Annual,865.65,UPI,True
C19024,Standard,Annual,605.24,Debit Card,True
C19025,Basic,Monthly,348.72,Wallet,True
C19026,Premium,Annual,1376.16,Debit Card,True
C19027,Basic,Monthly,495.73,UPI,False
C19028,Basic,Monthly,304.55,Wallet,True
C19029,Basic,Monthly,498.95,UPI,True
C19030,Premium,Annual,1337.14,Debit Card,True
C19031,Basic,Monthly,441.52,UPI,True
C19032,Basic,Monthly,358.84,Credit Card,True
C19033,Basic,Annual,397.85,Credit Card,False
C19034,Premium,Annual,1072.22,Credit Card,True
C19035,Basic,Monthly,330.3,UPI,True
C19036,Basic,Monthly,299.64,UPI,False
C19037,Premium,Monthly,1317.92,UPI,False
C19038,Standard,Monthly,871.65,Debit Card,True
C19039,Basic,Monthly,337.53,Credit Card,False
C19040,Basic,Annual,306.83,UPI,True
C19041,Standard,Monthly,647.67,Debit Card,True
C19042,Basic,Monthly,371.79,Debit Card,False
C19043,Basic,Annual,307.0,UPI,True
C19044,Basic,Monthly,354.45,UPI,True
C19045,Basic,Annual,457.3,UPI,True
C19046,Standard,Annual,859.13,Debit Card,True
C19047,Standard,Monthly,758.19,Debit Card,False
C19048,Basic,Monthly,465.11,Net Banking,True
C19049,Basic,Monthly,449.21,Credit Card,True
C19050,Premium,Annual,1056.54,Debit Card,True
C19051,Standard,Monthly,891.75,Wallet,False
C19052,Basic,Monthly,405.95,Debit Card,False
C19053,Premium,Monthly,1214.51,Debit Card,False
C19054,Standard,Monthly,699.18,Net Banking,False
C19055,Premium,Annual,1173.59,Debit Card,True
C19056,Standard,Monthly,758.24,Net Banking,False
C19057,Premium,Monthly,1449.38,Debit Card,False
C19058,Basic,Monthly,430.55,Credit Card,True
C19059,Standard,Annual,652.69,UPI,True
C19060,Basic,Monthly,439.53,Credit Card,False
C19061,Basic,Annual,481.62,Debit Card,True
C19062,Basic,Monthly,458.89,UPI,True
C19063,Basic,Monthly,366.88,Credit Card,True
C19064,Basic,Monthly,351.49,UPI,True
C19065,Basic,Monthly,327.23,UPI,False
C19066,Basic,Monthly,365.98,UPI,True
C19067,Standard,Monthly,745.58,UPI,False
C19068,Basic,Annual,331.72,Debit Card,False
C19069,Premium,Monthly,1475.15,UPI,False
C19070,Basic,Monthly,414.8,Wallet,False
C19071,Basic,Monthly,311.51,Debit Card,False
C19072,Premium,Annual,1174.94,Wallet,True
C19073,Basic,Monthly,308.29,Credit Card,False
C19074,Basic,Monthly,439.58,Credit Card,False
C19075,Standard,Annual,767.0,Credit Card,True
C19076,Basic,Annual,429.93,UPI,True
C19077,Standard,Monthly,710.26,Debit Card,True
C19078,Standard,Monthly,838.55,Credit Card,False
C19079,Standard,Annual,795.07,Credit Card,True
C19080,Basic,Annual,491.46,Wallet,True
C19081,Basic,Monthly,323.88,UPI,False
C19082,Standard,Annual,685.06,Credit Card,True
C19083,Standard,Monthly,882.25,Net Banking,False
C19084,Standard,Monthly,604.99,UPI,True
C19085,Premium,Monthly,1089.69,Credit Card,False
C19086,Basic,Monthly,456.33,Credit Card,True
C19087,Premium,Annual,1479.98,Debit Card,True
C19088,Standard,Monthly,895.47,Credit Card,False
C19089,Basic,Monthly,399.85,UPI,True
C19090,Basic,Monthly,319.51,Wallet,True
C19091,Standard,Monthly,642.73,Credit Card,True
C19092,Basic,Monthly,424.32,Net Banking,False
C19093,Basic,Annual,387.75,Net Banking,True
C19094,Standard,Monthly,608.67,Credit Card,True
C19095,Basic,Monthly,476.79,UPI,False
C19096,Standard,Monthly,651.74,Debit Card,True
C19097,Standard,Monthly,812.54,Credit Card,False
C19098,Basic,Monthly,431.4,Debit Card,True
C19099,Basic,Annual,418.51,Net Banking,True
C19100,Standard,Monthly,613.17,Credit Card,False
C19101,Basic,Monthly,415.93,Debit Card,True
C19102,Basic,Annual,439.4,Wallet,True
C19103,Premium,Monthly,1228.99,Credit Card,False
C19104,Premium,Monthly,1040.07,Wallet,False
C19105,Standard,Annual,722.26,UPI,True
C19106,Basic,Monthly,487.37,Credit Card,False
C19107,Premium,Annual,1385.35,Credit Card,True
C19108,Basic,Annual,327.75,UPI,True
C19109,Basic,Annual,462.13,Net Banking,True
C19110,Standard,Monthly,708.82,Debit Card,True
C19111,Standard,Monthly,675.45,UPI,False
C19112,Basic,Monthly,374.84,UPI,False
C19113,Standard,Monthly,718.6,Debit Card,False
C19114,Premium,Annual,1473.84,Debit Card,True
C19115,Standard,Annual,897.98,UPI,True
C19116,Standard,Monthly,658.82,UPI,True
C19117,Standard,Monthly,729.7,UPI,True
C19118,Premium,Monthly,1294.57,Credit Card,False
C19119,Standard,Monthly,822.68,Wallet,True
C19120,Standard,Monthly,891.98,UPI,False
C19121,Standard,Annual,733.31,Wallet,True
C19122,Basic,Annual,495.0,Debit Card,False
C19123,Basic,Monthly,452.93,Debit Card,True
C19124,Standard,Annual,662.68,UPI,True
C19125,Standard,Monthly,860.91,Credit Card,False
C19126,Basic,Monthly,331.97,UPI,False
C19127,Basic,Annual,310.01,Credit Card,True
C19128,Standard,Annual,734.04,Credit Card,True
C19129,Basic,Annual,324.07,Debit Card,True
C19130,Standard,Monthly,725.79,UPI,False
C19131,Premium,Monthly,1451.81,Credit Card,False
C19132,Standard,Monthly,717.51,Credit Card,False
C19133,Standard,Annual,677.63,UPI,True
C19134,Standard,Monthly,809.05,UPI,True
C19135,Basic,Monthly,351.18,Credit Card,False
C19136,Basic,Monthly,358.86,Credit Card,True
C19137,Basic,Monthly,347.21,Credit Card,True
C19138,Basic,Monthly,329.72,UPI,False
C19139,Basic,Annual,301.79,Credit Card,False
C19140,Basic,Monthly,359.36,UPI,False
C19141,Basic,Annual,392.44,Wallet,True
C19142,Basic,Monthly,358.22,Credit Card,False
C19143,Basic,Annual,393.26,Credit Card,True
C19144,Premium,Annual,1150.64,Net Banking,False
C19145,Basic,Monthly,429.9,Wallet,True
C19146,Standard,Monthly,774.13,Credit Card,True
C19147,Standard,Monthly,853.69,Credit Card,False
C19148,Standard,Annual,666.36,UPI,False
C19149,Basic,Monthly,378.26,Debit Card,True
C19150,Basic,Annual,422.95,Debit Card,True
C19151,Basic,Monthly,419.07,Debit Card,False
C19152,Basic,Monthly,349.86,Credit Card,True
C19153,Premium,Annual,1413.29,Debit Card,True
C19154,Basic,Monthly,477.39,UPI,False
C19155,Standard,Monthly,760.2,Wallet,False
C19156,Basic,Annual,308.21,Net Banking,True
C19157,Standard,Monthly,665.53,Credit Card,True
C19158,Standard,Annual,886.5,UPI,True
C19159,Standard,Monthly,686.58,Net Banking,True
C19160,Premium,Monthly,1020.17,Credit Card,True
C19161,Basic,Monthly,450.79,Debit Card,True
C19162,Standard,Monthly,713.94,Debit Card,True
C19163,Standard,Monthly,712.74,Net Banking,False
C19164,Premium,Monthly,1478.63,Net Banking,False
C19165,Basic,Annual,453.38,Debit Card,True
C19166,Premium,Monthly,1037.78,Debit Card,False
C19167,Basic,Annual,435.68,Credit Card,True
C19168,Standard,Annual,631.37,Net Banking,True
C19169,Standard,Annual,848.81,UPI,True
C19170,Premium,Annual,1076.51,Net Banking,True
C19171,Basic,Monthly,474.62,Debit Card,False
C19172,Basic,Monthly,490.93,UPI,True
C19173,Standard,Monthly,723.37,UPI,True
C19174,Standard,Monthly,763.19,UPI,True
C19175,Standard,Annual,753.33,Debit Card,True
C19176,Basic,Annual,392.16,Debit Card,True
C19177,Basic,Monthly,441.59,UPI,True
C19178,Basic,Monthly,420.19,Credit Card,False
C19179,Basic,Annual,379.0,Debit Card,True
C19180,Basic,Annual,395.31,Net Banking,False
C19181,Standard,Annual,617.62,Debit Card,False
C19182,Basic,Monthly,306.44,Credit Card,False
C19183,Premium,Annual,1238.41,Credit Card,True
C19184,Standard,Annual,677.78,UPI,False
C19185,Standard,Annual,677.44,UPI,True
C19186,Premium,Monthly,1340.6,UPI,False
C19187,Premium,Monthly,1007.24,Credit Card,False
C19188,Basic,Monthly,468.29,Debit Card,True
C19189,Standard,Monthly,680.07,Debit Card,False
C19190,Standard,Monthly,659.95,Debit Card,True
C19191,Standard,Annual,733.24,Net Banking,True
C19192,Standard,Annual,668.68,Credit Card,True
C19193,Basic,Monthly,454.25,Wallet,False
C19194,Premium,Monthly,1137.61,Credit Card,False
C19195,Standard,Annual,609.14,Debit Card,True
C19196,Standard,Monthly,749.0,Credit Card,True
C19197,Basic,Monthly,402.0,Credit Card,True
C19198,Basic,Monthly,373.91,Debit Card,False
C19199,Basic,Monthly,459.38,Net Banking,False
C19200,Standard,Monthly,752.37,Credit Card,False
C19201,Premium,Annual,1464.91,Debit Card,False
C19202,Basic,Annual,480.67,Credit Card,True
C19203,Premium,Annual,1251.41,Credit Card,True
C19204,Basic,Monthly,312.1,Debit Card,True
C19205,Basic,Annual,399.74,Credit Card,False
C19206,Standard,Annual,662.49,UPI,True
C19207,Basic,Monthly,494.57,Credit Card,False
C19208,Basic,Monthly,358.19,UPI,False
C19209,Basic,Monthly,355.22,Net Banking,False
C19210,Premium,Monthly,1452.67,Credit Card,True
C19211,Basic,Annual,464.61,UPI,True
C19212,Premium,Monthly,1008.36,Wallet,False
C19213,Premium,Monthly,1295.7,Debit Card,False
C19214,Basic,Monthly,352.17,Credit Card,False
C19215,Basic,Annual,349.89,Credit Card,True
C19216,Basic,Annual,409.43,Credit Card,False
C19217,Standard,Monthly,710.89,Net Banking,False
C19218,Premium,Annual,1199.86,UPI,True
C19219,Standard,Monthly,714.81,Debit Card,False
C19220,Premium,Monthly,1232.63,Debit Card,True
C19221,Basic,Monthly,469.37,UPI,False
C19222,Premium,Monthly,1210.22,Debit Card,False
C19223,Standard,Annual,782.76,Credit Card,True
C19224,Standard,Monthly,705.01,UPI,True
C19225,Standard,Monthly,890.46,UPI,False
C19226,Basic,Monthly,495.73,Credit Card,True
C19227,Basic,Monthly,390.58,Net Banking,True
C19228,Standard,Monthly,763.69,Net Banking,False
C19229,Basic,Monthly,301.74,UPI,False
C19230,Standard,Monthly,699.02,Debit Card,False
C19231,Standard,Monthly,658.45,UPI,False
C19232,Basic,Annual,379.37,Credit Card,True
C19233,Premium,Monthly,1333.14,Debit Card,False
C19234,Basic,Annual,484.01,Debit Card,True
C19235,Standard,Monthly,840.11,Credit Card,False
C19236,Standard,Annual,741.25,UPI,True
C19237,Standard,Monthly,770.96,UPI,False
C19238,Premium,Monthly,1349.46,Debit Card,False
C19239,Basic,Annual,378.25,Credit Card,True
C19240,Basic,Monthly,455.01,Wallet,False
C19241,Standard,Annual,757.65,Credit Card,True
C19242,Standard,Monthly,769.49,Wallet,True
C19243,Standard,Monthly,717.69,Credit Card,False
C19244,Premium,Annual,1322.55,Net Banking,False
C19245,Premium,Monthly,1497.59,UPI,False
C19246,Basic,Monthly,333.61,Credit Card,False
C19247,Standard,Annual,714.95,UPI,True
C19248,Premium,Monthly,1035.27,Credit Card,False
C19249,Basic,Annual,324.05,UPI,True
C19250,Premium,Monthly,1107.43,Credit Card,True
C19251,Basic,Annual,381.27,UPI,True
C19252,Standard,Monthly,700.08,UPI,False
C19253,Standard,Monthly,599.98,UPI,False
C19254,Basic,Annual,435.19,UPI,False
C19255,Standard,Annual,720.4,UPI,True
C19256,Standard,Annual,777.43,UPI,True
C19257,Basic,Monthly,495.53,Credit Card,False
C19258,Standard,Monthly,816.06,Credit Card,False
C19259,Standard,Monthly,796.75,Credit Card,True
C19260,Premium,Monthly,1072.86,Credit Card,True
C19261,Standard,Monthly,611.46,Debit Card,False
C19262,Premium,Monthly,1482.12,Debit Card,False
C19263,Standard,Monthly,642.35,Debit Card,False
C19264,Standard,Monthly,895.44,UPI,True
C19265,Premium,Monthly,1110.22,UPI,False
C19266,Standard,Monthly,842.21,Credit Card,False
C19267,Basic,Monthly,482.21,Wallet,True
C19268,Premium,Monthly,1040.02,Credit Card,True
C19269,Basic,Annual,410.72,UPI,False
C19270,Basic,Monthly,305.43,Wallet,False
C19271,Premium,Monthly,1309.51,Credit Card,False
C19272,Premium,Monthly,1298.52,Debit Card,False
C19273,Basic,Monthly,483.66,Wallet,False
C19274,Basic,Annual,425.01,Debit Card,True
C19275,Standard,Monthly,836.37,UPI,False
C19276,Standard,Annual,755.07,Credit Card,True
C19277,Basic,Monthly,426.87,Debit Card,False
C19278,Premium,Monthly,1108.2,Credit Card,False
C19279,Standard,Monthly,894.86,Credit Card,True
C19280,Standard,Monthly,711.95,Debit Card,False
C19281,Standard,Monthly,890.71,Net Banking,False
C19282,Basic,Annual,486.81,Debit Card,False
C19283,Basic,Monthly,337.95,Debit Card,False
C19284,Premium,Monthly,1133.11,UPI,False
C19285,Premium,Annual,1371.75,Credit Card,False
C19286,Standard,Monthly,823.17,UPI,False
C19287,Standard,Monthly,813.55,UPI,True
C19288,Standard,Monthly,628.51,Wallet,True
C19289,Standard,Monthly,629.53,Credit Card,False
C19290,Basic,Annual,480.04,Net Banking,True
C19291,Basic,Monthly,409.61,Net Banking,False
C19292,Standard,Annual,676.41,Net Banking,True
C19293,Premium,Monthly,1225.81,Debit Card,False
C19294,Basic,Monthly,424.77,UPI,False
C19295,Basic,Monthly,421.68,Credit Card,False
C19296,Basic,Monthly,373.25,Credit Card,True
C19297,Standard,Monthly,790.46,Credit Card,False
C19298,Premium,Monthly,1223.03,UPI,False
C19299,Basic,Monthly,403.79,Credit Card,False
C19300,Standard,Monthly,896.07,Wallet,False
C19301,Basic,Monthly,479.27,Credit Card,True
C19302,Basic,Monthly,358.45,Net Banking,False
C19303,Basic,Monthly,339.16,Debit Card,False
C19304,Basic,Annual,340.01,Credit Card,False
C19305,Premium,Annual,1253.99,UPI,False
C19306,Standard,Monthly,750.8,Credit Card,False
C19307,Basic,Annual,477.21,Credit Card,True
C19308,Standard,Monthly,867.67,UPI,False
C19309,Standard,Monthly,888.9,Credit Card,True
C19310,Standard,Monthly,607.03,Debit Card,False
C19311,Premium,Monthly,1443.02,Wallet,True
C19312,Basic,Monthly,388.95,UPI,False
C19313,Premium,Monthly,1276.56,UPI,True
C19314,Basic,Annual,465.51,Debit Card,True
C19315,Basic,Monthly,487.16,UPI,True
C19316,Standard,Annual,706.85,Wallet,True
C19317,Standard,Monthly,659.3,UPI,True
C19318,Standard,Annual,701.75,UPI,True
C19319,Basic,Monthly,346.5,Debit Card,False
C19320,Standard,Monthly,836.9,Credit Card,False
C19321,Premium,Monthly,1349.82,Debit Card,False
C19322,Basic,Annual,483.01,UPI,False
C19323,Standard,Monthly,735.9,Wallet,True
C19324,Basic,Monthly,405.24,UPI,False
C19325,Standard,Annual,805.98,Credit Card,True
C19326,Basic,Annual,409.57,Credit Card,True
C19327,Premium,Monthly,1119.31,UPI,False
C19328,Premium,Monthly,1158.24,Debit Card,False
C19329,Standard,Monthly,618.18,Credit Card,False
C19330,Basic,Monthly,481.63,UPI,False
C19331,Standard,Monthly,765.74,Net Banking,False
C19332,Premium,Annual,1130.1,Credit Card,True
C19333,Premium,Annual,1034.39,Net Banking,True
C19334,Basic,Monthly,484.66,UPI,False
C19335,Standard,Monthly,831.66,Credit Card,False
C19336,Standard,Annual,701.65,Credit Card,True
C19337,Premium,Annual,1327.81,Credit Card,True
C19338,Basic,Annual,424.7,Debit Card,True
C19339,Basic,Annual,438.21,Debit Card,True
C19340,Basic,Monthly,333.91,Net Banking,False
C19341,Basic,Monthly,370.0,Credit Card,True
C19342,Basic,Annual,316.75,UPI,True
C19343,Standard,Monthly,666.63,UPI,True
C19344,Basic,Monthly,398.89,Credit Card,False
C19345,Standard,Monthly,613.25,Credit Card,True
C19346,Basic,Annual,333.63,Debit Card,False
C19347,Standard,Annual,624.75,UPI,True
C19348,Standard,Monthly,740.4,Credit Card,True
C19349,Standard,Annual,825.04,Wallet,True
C19350,Basic,Monthly,473.84,Credit Card,False
C19351,Standard,Annual,851.53,Credit Card,False
C19352,Basic,Monthly,357.63,UPI,True
C19353,Basic,Monthly,433.88,Net Banking,False
C19354,Standard,Monthly,837.78,Credit Card,True
C19355,Basic,Monthly,367.52,Debit Card,False
C19356,Standard,Annual,716.9,UPI,True
C19357,Premium,Monthly,1056.2,Net Banking,False
C19358,Basic,Annual,343.23,Wallet,True
C19359,Standard,Monthly,755.28,UPI,False
C19360,Premium,Monthly,1326.58,Debit Card,False
C19361,Basic,Monthly,379.22,UPI,False
C19362,Basic,Monthly,474.27,UPI,True
C19363,Premium,Monthly,1154.52,Debit Card,False
C19364,Basic,Monthly,437.35,Wallet,False
C19365,Basic,Annual,393.63,Credit Card,True
C19366,Standard,Monthly,851.2,Net Banking,True
C19367,Premium,Monthly,1308.54,Debit Card,False
C19368,Standard,Monthly,893.99,Wallet,False
C19369,Standard,Monthly,633.93,Credit Card,False
C19370,Basic,Monthly,403.79,Credit Card,True
C19371,Basic,Annual,405.32,Credit Card,False
C19372,Premium,Monthly,1228.85,Credit Card,False
C19373,Basic,Monthly,425.48,UPI,False
C19374,Premium,Monthly,1224.87,Debit Card,False
C19375,Basic,Monthly,429.64,Credit Card,True
C19376,Basic,Monthly,324.0,UPI,False
C19377,Basic,Annual,417.15,Credit Card,True
C19378,Premium,Monthly,1465.48,Credit Card,False
C19379,Standard,Monthly,685.04,Credit Card,True
C19380,Basic,Monthly,357.2,Credit Card,False
C19381,Basic,Monthly,329.3,UPI,False
C19382,Basic,Monthly,356.73,Debit Card,False
C19383,Basic,Monthly,413.35,UPI,False
C19384,Standard,Monthly,778.88,UPI,False
C19385,Premium,Annual,1475.93,UPI,True
C19386,Basic,Annual,319.49,UPI,True
C19387,Premium,Annual,1448.55,UPI,True
C19388,Standard,Monthly,787.55,Wallet,False
C19389,Standard,Monthly,670.81,Wallet,False
C19390,Basic,Monthly,463.35,Debit Card,False
C19391,Basic,Monthly,363.74,Net Banking,True
C19392,Standard,Annual,886.59,UPI,True
C19393,Standard,Monthly,723.59,UPI,False
C19394,Premium,Annual,1308.8,UPI,True
C19395,Premium,Annual,1445.84,Wallet,True
C19396,Basic,Annual,375.2,Credit Card,True
C19397,Basic,Annual,367.31,Credit Card,True
C19398,Premium,Monthly,1297.01,Credit Card,False
C19399,Standard,Monthly,772.6,UPI,True
C19400,Standard,Monthly,843.52,Debit Card,True
C19401,Standard,Annual,732.85,Net Banking,True
C19402,Premium,Monthly,1025.51,Credit Card,False
C19403,Standard,Annual,699.65,UPI,True
C19404,Standard,Annual,666.75,Debit Card,True
C19405,Standard,Monthly,859.65,Debit Card,False
C19406,Basic,Monthly,484.26,Credit Card,True
C19407,Basic,Annual,423.17,Debit Card,True
C19408,Basic,Monthly,359.74,Credit Card,True
C19409,Premium,Monthly,1448.92,Net Banking,False
C19410,Premium,Annual,1368.33,UPI,True
C19411,Basic,Monthly,450.03,UPI,False
C19412,Premium,Monthly,1235.57,Net Banking,False
C19413,Basic,Monthly,415.11,UPI,True
C19414,Standard,Monthly,806.95,UPI,False
C19415,Basic,Monthly,336.26,Debit Card,False
C19416,Basic,Annual,382.02,UPI,True
C19417,Premium,Monthly,1411.77,UPI,True
C19418,Standard,Monthly,607.18,Credit Card,True
C19419,Standard,Monthly,656.59,UPI,False
C19420,Basic,Annual,303.32,Debit Card,True
C19421,Premium,Monthly,1336.26,Debit Card,True
C19422,Basic,Monthly,391.25,UPI,False
C19423,Basic,Monthly,306.15,Credit Card,True
C19424,Standard,Monthly,831.56,Wallet,True
C19425,Standard,Monthly,839.72,Debit Card,False
C19426,Standard,Annual,793.58,Credit Card,True
C19427,Premium,Monthly,1137.37,UPI,False
C19428,Premium,Monthly,1348.49,Debit Card,False
C19429,Premium,Monthly,1424.2,Wallet,False
C19430,Basic,Annual,475.4,Credit Card,True
C19431,Premium,Monthly,1197.66,Debit Card,False
C19432,Basic,Monthly,483.07,UPI,False
C19433,Basic,Monthly,349.7,UPI,False
C19434,Basic,Monthly,425.97,Debit Card,False
C19435,Premium,Monthly,1111.28,Credit Card,True
C19436,Basic,Monthly,495.13,Debit Card,False
C19437,Basic,Monthly,314.16,Wallet,False
C19438,Basic,Monthly,458.6,Wallet,False
C19439,Basic,Monthly,401.15,Wallet,True
C19440,Basic,Monthly,368.09,UPI,True
C19441,Basic,Monthly,356.98,Debit Card,False
C19442,Basic,Monthly,330.76,Debit Card,False
C19443,Standard,Monthly,640.06,UPI,False
C19444,Standard,Monthly,695.37,Credit Card,True
C19445,Standard,Monthly,861.87,Debit Card,False
C19446,Standard,Monthly,789.54,Wallet,True
C19447,Basic,Annual,410.22,UPI,True
C19448,Standard,Monthly,620.29,Debit Card,False
C19449,Basic,Monthly,363.22,UPI,False
C19450,Premium,Annual,1439.38,Debit Card,True
C19451,Standard,Monthly,621.23,UPI,True
C19452,Standard,Annual,707.5,Net Banking,True
C19453,Standard,Annual,712.44,UPI,True
C19454,Basic,Monthly,405.07,Debit Card,False
C19455,Basic,Monthly,487.91,Credit Card,True
C19456,Standard,Annual,780.43,Debit Card,True
C19457,Standard,Monthly,714.25,Credit Card,True
C19458,Premium,Monthly,1396.13,UPI,True
C19459,Basic,Monthly,498.25,Net Banking,False
C19460,Premium,Monthly,1277.2,Debit Card,False
C19461,Standard,Monthly,666.21,Debit Card,True
C19462,Basic,Monthly,448.72,Wallet,False
C19463,Standard,Annual,718.94,Debit Card,True
C19464,Basic,Monthly,419.32,Credit Card,False
C19465,Premium,Monthly,1400.71,Credit Card,False
C19466,Standard,Monthly,672.71,Credit Card,False
C19467,Premium,Monthly,1343.33,UPI,True
C19468,Basic,Monthly,408.78,UPI,False
C19469,Standard,Monthly,690.82,UPI,False
C19470,Premium,Monthly,1257.6,Credit Card,False
C19471,Basic,Monthly,317.48,Net Banking,False
C19472,Standard,Monthly,639.31,UPI,True
C19473,Standard,Monthly,772.13,Credit Card,True
C19474,Basic,Monthly,449.45,UPI,False
C19475,Premium,Monthly,1079.37,Wallet,True
C19476,Standard,Annual,770.99,Debit Card,False
C19477,Standard,Monthly,879.32,UPI,False
C19478,Basic,Monthly,483.49,Net Banking,True
C19479,Standard,Monthly,814.6,Wallet,True
C19480,Standard,Monthly,706.41,Credit Card,False
C19481,Standard,Annual,633.0,Credit Card,True
C19482,Premium,Annual,1318.48,UPI,True
C19483,Standard,Monthly,652.62,Wallet,True
C19484,Basic,Monthly,478.82,Credit Card,False
C19485,Premium,Monthly,1218.43,UPI,False
C19486,Standard,Monthly,675.03,Net Banking,True
C19487,Basic,Annual,385.55,Credit Card,False
C19488,Standard,Annual,646.42,Wallet,True
C19489,Standard,Annual,756.4,Wallet,True
C19490,Premium,Monthly,1008.43,UPI,True
C19491,Basic,Monthly,427.37,Wallet,False
C19492,Basic,Monthly,372.02,Credit Card,False
C19493,Premium,Annual,1005.36,Credit Card,False
C19494,Premium,Monthly,1450.26,UPI,False
C19495,Standard,Monthly,772.08,UPI,False
C19496,Standard,Monthly,648.08,UPI,False
C19497,Basic,Monthly,314.72,Debit Card,True
C19498,Premium,Monthly,1407.56,UPI,True
C19499,Premium,Annual,1215.94,Debit Card,False
C19500,Premium,Monthly,1069.76,Credit Card,False
C19501,Basic,Annual,491.82,UPI,True
C19502,Standard,Monthly,715.3,Credit Card,True
C19503,Basic,Monthly,429.42,UPI,False
C19504,Premium,Monthly,1404.33,UPI,True
C19505,Premium,Annual,1172.35,UPI,False
C19506,Premium,Monthly,1230.9,Credit Card,True
C19507,Basic,Monthly,390.57,UPI,True
C19508,Standard,Monthly,814.49,Debit Card,False
C19509,Basic,Annual,477.28,Credit Card,True
C19510,Basic,Monthly,443.65,Wallet,False
C19511,Basic,Monthly,400.69,UPI,False
C19512,Basic,Monthly,445.28,Credit Card,False
C19513,Standard,Annual,724.96,UPI,True
C19514,Basic,Monthly,464.12,Wallet,False
C19515,Premium,Monthly,1083.21,Credit Card,False
C19516,Standard,Annual,838.15,Debit Card,True
C19517,Standard,Monthly,693.26,UPI,True
C19518,Basic,Annual,326.27,Credit Card,True
C19519,Premium,Annual,1017.62,Credit Card,True
C19520,Basic,Annual,486.01,UPI,False
C19521,Basic,Monthly,381.29,Credit Card,False
C19522,Basic,Monthly,430.64,UPI,True
C19523,Basic,Monthly,317.72,Debit Card,False
C19524,Basic,Monthly,456.23,Wallet,False
C19525,Basic,Monthly,358.38,Debit Card,False
C19526,Basic,Monthly,404.81,Credit Card,False
C19527,Basic,Monthly,436.4,Credit Card,True
C19528,Basic,Monthly,375.02,Wallet,False
C19529,Premium,Monthly,1033.59,Debit Card,False
C19530,Standard,Monthly,655.59,Credit Card,True
C19531,Basic,Monthly,306.33,Debit Card,False
C19532,Premium,Annual,1426.97,UPI,True
C19533,Basic,Monthly,350.55,Credit Card,True
C19534,Standard,Monthly,820.53,Debit Card,True
C19535,Basic,Annual,498.95,Wallet,False
C19536,Basic,Monthly,496.7,Wallet,True
C19537,Standard,Monthly,860.38,Credit Card,False
C19538,Basic,Monthly,429.21,UPI,True
C19539,Standard,Monthly,756.03,Net Banking,True
C19540,Standard,Monthly,775.65,Credit Card,True
C19541,Premium,Monthly,1431.93,Debit Card,True
C19542,Basic,Monthly,316.68,Credit Card,False
C19543,Basic,Annual,390.84,Debit Card,True
C19544,Standard,Monthly,699.52,Credit Card,False
C19545,Standard,Monthly,609.73,Credit Card,False
C19546,Basic,Monthly,413.88,Debit Card,False
C19547,Basic,Monthly,393.38,UPI,False
C19548,Basic,Monthly,411.02,Debit Card,False
C19549,Basic,Monthly,467.71,Credit Card,False
C19550,Basic,Monthly,372.94,Credit Card,True
C19551,Basic,Monthly,401.65,Credit Card,False
C19552,Basic,Monthly,347.46,UPI,False
C19553,Standard,Monthly,702.98,Credit Card,True
C19554,Basic,Annual,488.32,Debit Card,True
C19555,Basic,Monthly,441.87,Credit Card,False
C19556,Basic,Annual,366.91,Credit Card,True
C19557,Basic,Monthly,369.03,Credit Card,False
C19558,Standard,Monthly,789.17,Credit Card,False
C19559,Basic,Monthly,395.61,Credit Card,False
C19560,Basic,Monthly,351.47,UPI,False
C19561,Premium,Annual,1191.11,Debit Card,True
C19562,Basic,Monthly,397.17,Credit Card,True
C19563,Basic,Monthly,448.49,Credit Card,False
C19564,Basic,Monthly,491.11,Credit Card,False
C19565,Basic,Monthly,411.29,Credit Card,False
C19566,Premium,Monthly,1477.61,UPI,False
C19567,Basic,Monthly,353.8,UPI,True
C19568,Premium,Monthly,1274.67,Credit Card,True
C19569,Basic,Monthly,329.25,Wallet,False
C19570,Premium,Monthly,1489.87,Wallet,False
C19571,Standard,Annual,799.12,UPI,True
C19572,Premium,Monthly,1084.77,Wallet,False
C19573,Standard,Monthly,768.11,UPI,True
C19574,Standard,Annual,853.05,Credit Card,False
C19575,Basic,Monthly,388.64,Net Banking,True
C19576,Standard,Monthly,883.78,Wallet,False
C19577,Standard,Monthly,864.4,UPI,False
C19578,Basic,Annual,374.72,UPI,True
C19579,Basic,Monthly,411.14,Net Banking,True
C19580,Premium,Annual,1373.86,UPI,True
C19581,Standard,Annual,826.13,Debit Card,True
C19582,Standard,Monthly,895.71,Credit Card,False
C19583,Basic,Monthly,492.1,UPI,False
C19584,Basic,Monthly,476.1,Credit Card,False
C19585,Basic,Annual,383.04,UPI,True
C19586,Basic,Monthly,480.59,Credit Card,False
C19587,Basic,Monthly,442.33,Wallet,True
C19588,Basic,Monthly,428.92,Net Banking,False
C19589,Premium,Monthly,1146.97,UPI,True
C19590,Standard,Annual,762.15,Net Banking,False
C19591,Basic,Monthly,445.87,UPI,False
C19592,Standard,Monthly,895.51,Credit Card,True
C19593,Premium,Monthly,1292.62,Net Banking,False
C19594,Premium,Monthly,1181.3,Debit Card,False
C19595,Basic,Annual,432.96,Debit Card,True
C19596,Premium,Monthly,1151.23,Wallet,False
C19597,Basic,Monthly,486.99,Credit Card,True
C19598,Premium,Annual,1311.9,Credit Card,True
C19599,Basic,Monthly,454.67,UPI,False
C19600,Standard,Annual,787.89,Credit Card,True
C19601,Basic,Monthly,363.61,Credit Card,False
C19602,Standard,Monthly,666.39,UPI,False
C19603,Standard,Monthly,612.6,Debit Card,False
C19604,Standard,Monthly,726.07,Credit Card,False
C19605,Basic,Monthly,459.71,UPI,True
C19606,Premium,Monthly,1428.02,Debit Card,False
C19607,Standard,Annual,773.92,Debit Card,True
C19608,Basic,Annual,315.32,Net Banking,True
C19609,Premium,Annual,1215.0,Wallet,True
C19610,Basic,Monthly,336.86,UPI,False
C19611,Standard,Monthly,638.85,UPI,True
C19612,Basic,Monthly,496.55,UPI,False
C19613,Basic,Annual,494.6,UPI,True
C19614,Basic,Monthly,407.15,Wallet,True
C19615,Standard,Monthly,716.56,Credit Card,True
C19616,Premium,Monthly,1445.54,Debit Card,False
C19617,Basic,Annual,331.94,Wallet,True
C19618,Basic,Annual,307.79,Credit Card,False
C19619,Standard,Monthly,883.96,Wallet,True
C19620,Standard,Monthly,693.51,Credit Card,True
C19621,Premium,Monthly,1412.53,UPI,False
C19622,Basic,Annual,369.6,Debit Card,True
C19623,Basic,Monthly,300.48,UPI,True
C19624,Basic,Monthly,495.49,UPI,False
C19625,Standard,Monthly,828.56,Credit Card,False
C19626,Premium,Annual,1268.97,UPI,True
C19627,Basic,Annual,315.1,Debit Card,True
C19628,Standard,Monthly,789.46,Debit Card,False
C19629,Standard,Annual,779.55,Debit Card,True
C19630,Basic,Monthly,389.52,UPI,True
C19631,Premium,Monthly,1325.64,Net Banking,True
C19632,Premium,Annual,1104.87,Credit Card,True
C19633,Basic,Monthly,455.97,Wallet,False
C19634,Standard,Monthly,671.23,UPI,True
C19635,Standard,Monthly,663.02,Credit Card,False
C19636,Basic,Annual,301.79,Debit Card,True
C19637,Standard,Monthly,805.86,Wallet,True
C19638,Premium,Monthly,1281.91,Debit Card,False
C19639,Standard,Monthly,836.83,Credit Card,False
C19640,Premium,Annual,1496.2,Debit Card,True
C19641,Standard,Monthly,793.31,Debit Card,False
C19642,Standard,Monthly,853.52,Debit Card,True
C19643,Standard,Monthly,886.44,UPI,True
C19644,Basic,Monthly,350.81,Debit Card,True
C19645,Standard,Monthly,711.21,UPI,True
C19646,Premium,Monthly,1479.94,Net Banking,True
C19647,Premium,Annual,1375.07,Debit Card,False
C19648,Premium,Monthly,1364.67,Credit Card,False
C19649,Basic,Monthly,399.77,Wallet,False
C19650,Basic,Monthly,343.41,UPI,True
C19651,Standard,Monthly,634.63,Net Banking,True
C19652,Premium,Monthly,1160.91,Credit Card,False
C19653,Basic,Monthly,477.91,UPI,False
C19654,Basic,Monthly,365.36,Credit Card,False
C19655,Standard,Monthly,886.22,Credit Card,False
C19656,Basic,Monthly,311.4,Debit Card,False
C19657,Premium,Monthly,1020.26,Wallet,False
C19658,Basic,Annual,329.19,Wallet,True
C19659,Basic,Monthly,339.96,Credit Card,True
C19660,Basic,Monthly,331.56,Credit Card,True
C19661,Premium,Monthly,1038.71,Debit Card,False
C19662,Standard,Annual,779.1,Credit Card,True
C19663,Standard,Annual,704.18,UPI,True
C19664,Basic,Monthly,362.64,Debit Card,False
C19665,Standard,Monthly,733.03,Credit Card,True
C19666,Basic,Monthly,406.22,UPI,True
C19667,Basic,Annual,342.9,Net Banking,True
C19668,Basic,Monthly,393.39,UPI,False
C19669,Standard,Annual,682.76,UPI,True
C19670,Basic,Monthly,305.4,Credit Card,False
C19671,Premium,Monthly,1284.6,Credit Card,False
C19672,Basic,Monthly,373.54,Wallet,False
C19673,Standard,Annual,873.53,UPI,True
C19674,Standard,Monthly,707.56,Net Banking,True
C19675,Standard,Monthly,607.06,UPI,False
C19676,Basic,Monthly,332.68,UPI,False
C19677,Premium,Monthly,1139.94,Credit Card,True
C19678,Standard,Annual,621.79,Credit Card,True
C19679,Premium,Monthly,1426.4,Credit Card,False
C19680,Basic,Monthly,329.25,Credit Card,True
C19681,Premium,Monthly,1080.07,Credit Card,False
C19682,Standard,Annual,863.95,Credit Card,True
C19683,Basic,Annual,478.65,Net Banking,True
C19684,Standard,Monthly,599.9,Wallet,False
C19685,Standard,Annual,678.17,UPI,False
C19686,Basic,Monthly,358.96,Credit Card,False
C19687,Premium,Annual,1375.04,Debit Card,True
C19688,Basic,Annual,428.84,UPI,False
C19689,Basic,Monthly,489.7,Wallet,False
C19690,Standard,Annual,692.79,UPI,True
C19691,Premium,Annual,1042.29,UPI,False
C19692,Basic,Monthly,314.65,Net Banking,True
C19693,Standard,Monthly,666.31,UPI,False
C19694,Premium,Monthly,1159.44,Credit Card,False
C19695,Standard,Monthly,702.1,Net Banking,False
C19696,Premium,Annual,1451.68,Wallet,True
C19697,Standard,Annual,705.23,Net Banking,True
C19698,Basic,Monthly,478.41,UPI,False
C19699,Basic,Annual,406.85,Debit Card,True
C19700,Premium,Monthly,1380.72,Debit Card,True
C19701,Standard,Monthly,687.94,Credit Card,False
C19702,Standard,Annual,609.48,UPI,True
C19703,Standard,Monthly,725.18,UPI,True
C19704,Basic,Monthly,478.24,Debit Card,True
C19705,Basic,Monthly,442.41,UPI,True
C19706,Standard,Monthly,848.24,Debit Card,True
C19707,Basic,Monthly,392.05,Credit Card,True
C19708,Standard,Monthly,613.31,Wallet,False
C19709,Premium,Monthly,1034.61,Debit Card,True
C19710,Basic,Annual,439.56,Credit Card,True
C19711,Standard,Annual,630.94,UPI,True
C19712,Premium,Monthly,1380.76,Debit Card,False
C19713,Standard,Monthly,708.66,Debit Card,True
C19714,Standard,Monthly,725.24,UPI,True
C19715,Premium,Annual,1482.38,UPI,True
C19716,Standard,Monthly,834.68,UPI,False
C19717,Standard,Monthly,770.47,Credit Card,True
C19718,Standard,Annual,893.4,UPI,True
C19719,Basic,Monthly,435.36,Credit Card,True
C19720,Standard,Monthly,813.39,Credit Card,True
C19721,Standard,Annual,716.75,UPI,False
C19722,Standard,Monthly,843.03,UPI,True
C19723,Basic,Monthly,323.34,UPI,True
C19724,Premium,Monthly,1302.89,UPI,False
C19725,Basic,Monthly,442.78,Credit Card,False
C19726,Basic,Monthly,357.64,Credit Card,True
C19727,Standard,Annual,656.53,Debit Card,True
C19728,Standard,Monthly,763.62,UPI,True
C19729,Standard,Monthly,622.63,Credit Card,True
C19730,Standard,Monthly,655.26,Credit Card,False
C19731,Standard,Monthly,853.58,UPI,True
C19732,Basic,Monthly,444.75,Net Banking,True
C19733,Standard,Annual,826.32,Credit Card,True
C19734,Basic,Monthly,487.36,Credit Card,True
C19735,Basic,Annual,301.83,Net Banking,False
C19736,Basic,Monthly,305.19,Credit Card,False
C19737,Standard,Annual,696.28,Debit Card,False
C19738,Basic,Monthly,430.77,Debit Card,True
C19739,Basic,Monthly,301.72,UPI,False
C19740,Basic,Annual,477.39,Debit Card,True
C19741,Basic,Annual,430.59,Net Banking,True
C19742,Premium,Annual,1197.17,Wallet,False
C19743,Standard,Annual,605.54,Debit Card,True
C19744,Basic,Monthly,395.93,Net Banking,False
C19745,Standard,Monthly,851.79,Wallet,True
C19746,Standard,Annual,816.59,Credit Card,False
C19747,Premium,Annual,1084.51,Credit Card,True
C19748,Basic,Annual,452.83,Credit Card,True
C19749,Basic,Monthly,454.22,Debit Card,False
C19750,Basic,Monthly,311.89,UPI,True
C19751,Standard,Monthly,728.29,Credit Card,False
C19752,Basic,Monthly,411.47,Credit Card,True
C19753,Basic,Monthly,389.52,UPI,False
C19754,Basic,Monthly,432.6,Debit Card,True
C19755,Standard,Annual,760.89,Debit Card,True
C19756,Standard,Annual,779.79,UPI,True
C19757,Standard,Annual,745.26,Debit Card,False
C19758,Basic,Monthly,362.34,Net Banking,False
C19759,Premium,Monthly,1477.39,Credit Card,False
C19760,Basic,Annual,325.8,Credit Card,True
C19761,Basic,Annual,461.74,Wallet,True
C19762,Standard,Monthly,782.77,UPI,False
C19763,Premium,Monthly,1432.35,UPI,True
C19764,Standard,Monthly,844.67,UPI,False
C19765,Standard,Annual,687.31,UPI,True
C19766,Basic,Monthly,471.37,Credit Card,False
C19767,Premium,Monthly,1303.79,Credit Card,False
C19768,Basic,Monthly,488.76,Debit Card,False
C19769,Basic,Monthly,404.5,UPI,True
C19770,Premium,Annual,1408.22,UPI,True
C19771,Premium,Annual,1293.57,UPI,True
C19772,Basic,Monthly,324.23,Debit Card,False
C19773,Standard,Annual,697.2,Debit Card,True
C19774,Basic,Monthly,327.34,UPI,True
C19775,Premium,Monthly,1096.85,Wallet,False
C19776,Premium,Annual,1446.75,Wallet,False
C19777,Standard,Annual,675.51,Wallet,True
C19778,Basic,Monthly,347.1,UPI,True
C19779,Basic,Annual,458.11,Credit Card,False
C19780,Basic,Monthly,422.09,Debit Card,False
C19781,Basic,Annual,359.31,Credit Card,True
C19782,Standard,Monthly,885.54,Wallet,False
C19783,Standard,Annual,700.52,UPI,True
C19784,Standard,Monthly,846.05,UPI,False
C19785,Standard,Monthly,681.32,Credit Card,False
C19786,Basic,Monthly,323.88,Credit Card,False
C19787,Standard,Annual,818.47,UPI,True
C19788,Basic,Annual,304.27,UPI,True
C19789,Standard,Monthly,696.81,Credit Card,False
C19790,Basic,Monthly,386.31,Wallet,True
C19791,Basic,Monthly,353.01,UPI,False
C19792,Premium,Annual,1263.44,Net Banking,False
C19793,Standard,Monthly,662.57,Wallet,True
C19794,Standard,Annual,688.12,Net Banking,False
C19795,Standard,Monthly,745.04,Debit Card,False
C19796,Basic,Monthly,426.38,UPI,False
C19797,Standard,Monthly,756.54,UPI,False
C19798,Basic,Monthly,478.68,Credit Card,True
C19799,Standard,Annual,869.63,Credit Card,True
C19800,Standard,Monthly,826.6,UPI,True
C19801,Basic,Annual,307.01,Credit Card,False
C19802,Basic,Monthly,350.89,Debit Card,False
C19803,Standard,Monthly,733.87,Net Banking,False
C19804,Basic,Monthly,338.91,Net Banking,False
C19805,Basic,Monthly,424.98,UPI,False
C19806,Basic,Annual,395.65,Wallet,True
C19807,Premium,Monthly,1167.14,Credit Card,True
C19808,Standard,Monthly,653.51,Debit Card,False
C19809,Premium,Monthly,1335.28,Debit Card,True
C19810,Basic,Annual,474.51,UPI,True
C19811,Premium,Monthly,1184.12,UPI,False
C19812,Basic,Annual,340.82,Credit Card,True
C19813,Basic,Monthly,427.08,Credit Card,False
C19814,Basic,Monthly,459.33,Wallet,True
C19815,Standard,Monthly,795.86,Wallet,False
C19816,Premium,Annual,1364.25,Credit Card,True
C19817,Standard,Monthly,610.37,Net Banking,False
C19818,Premium,Monthly,1252.71,UPI,True
C19819,Basic,Monthly,426.79,Wallet,True
C19820,Standard,Monthly,614.14,Debit Card,True
C19821,Standard,Monthly,668.96,Credit Card,True
C19822,Basic,Monthly,454.13,Credit Card,False
C19823,Standard,Monthly,739.34,Credit Card,False
C19824,Basic,Monthly,314.19,Net Banking,False
C19825,Basic,Annual,383.44,UPI,True
C19826,Basic,Monthly,466.82,Debit Card,False
C19827,Standard,Monthly,615.83,UPI,False
C19828,Standard,Monthly,739.67,UPI,False
C19829,Standard,Monthly,647.19,UPI,False
C19830,Premium,Monthly,1248.31,Wallet,False
C19831,Standard,Annual,674.68,Credit Card,True
C19832,Premium,Annual,1485.52,UPI,True
C19833,Basic,Annual,459.52,Credit Card,True
C19834,Standard,Monthly,790.22,UPI,False
C19835,Basic,Annual,467.56,UPI,True
C19836,Basic,Monthly,476.28,Credit Card,False
C19837,Premium,Monthly,1122.34,Debit Card,False
C19838,Standard,Monthly,691.96,Wallet,True
C19839,Basic,Monthly,364.46,Net Banking,False
C19840,Standard,Monthly,858.84,Debit Card,False
C19841,Standard,Monthly,713.87,Debit Card,True
C19842,Premium,Annual,1385.04,Wallet,False
C19843,Basic,Annual,377.56,Credit Card,False
C19844,Basic,Monthly,467.03,Credit Card,False
C19845,Basic,Monthly,479.01,Debit Card,False
C19846,Premium,Monthly,1257.06,UPI,True
C19847,Basic,Monthly,415.02,Credit Card,False
C19848,Premium,Annual,1154.45,Credit Card,True
C19849,Standard,Monthly,707.42,Net Banking,True
C19850,Premium,Monthly,1016.6,Credit Card,True
C19851,Premium,Annual,1432.45,Credit Card,True
C19852,Standard,Annual,836.89,Debit Card,True
C19853,Premium,Monthly,1208.92,Debit Card,False
C19854,Basic,Annual,463.88,UPI,False
C19855,Standard,Monthly,719.95,Credit Card,True
C19856,Standard,Monthly,656.51,Credit Card,True
C19857,Standard,Monthly,701.46,Debit Card,True
C19858,Standard,Monthly,714.08,UPI,True
C19859,Basic,Annual,325.02,UPI,True
C19860,Standard,Monthly,673.3,UPI,False
C19861,Standard,Monthly,642.7,UPI,False
C19862,Basic,Monthly,320.68,Credit Card,True
C19863,Standard,Annual,722.23,UPI,False
C19864,Standard,Monthly,683.75,Net Banking,False
C19865,Basic,Annual,338.34,Debit Card,False
C19866,Standard,Monthly,837.83,Credit Card,False
C19867,Basic,Monthly,491.04,UPI,False
C19868,Basic,Monthly,383.44,Credit Card,True
C19869,Premium,Monthly,1112.36,Wallet,True
C19870,Basic,Monthly,475.64,Debit Card,False
C19871,Basic,Monthly,321.23,UPI,False
C19872,Basic,Annual,412.3,Wallet,False
C19873,Standard,Monthly,893.8,UPI,False
C19874,Basic,Monthly,459.06,UPI,False
C19875,Basic,Annual,302.35,Credit Card,False
C19876,Basic,Monthly,456.04,Wallet,False
C19877,Standard,Monthly,707.11,UPI,True
C19878,Premium,Monthly,1063.0,Net Banking,False
C19879,Standard,Monthly,876.1,Wallet,True
C19880,Standard,Monthly,653.47,Wallet,True
C19881,Basic,Annual,340.77,Wallet,True
C19882,Basic,Monthly,384.7,Debit Card,False
C19883,Standard,Monthly,891.77,UPI,False
C19884,Basic,Monthly,316.38,Credit Card,True
C19885,Standard,Monthly,737.26,Debit Card,True
C19886,Standard,Monthly,852.31,Debit Card,True
C19887,Basic,Annual,440.35,UPI,True
C19888,Premium,Monthly,1304.38,Credit Card,True
C19889,Basic,Monthly,366.37,Credit Card,False
C19890,Standard,Monthly,816.76,UPI,False
C19891,Basic,Annual,468.65,Net Banking,True
C19892,Standard,Annual,639.07,Credit Card,True
C19893,Basic,Monthly,323.3,Net Banking,True
C19894,Basic,Annual,311.18,Credit Card,True
C19895,Basic,Annual,329.97,Credit Card,False
C19896,Premium,Monthly,1218.53,UPI,False
C19897,Standard,Monthly,793.49,Debit Card,False
C19898,Basic,Monthly,485.13,UPI,True
C19899,Standard,Monthly,767.03,Debit Card,False
C19900,Standard,Monthly,753.89,UPI,True
C19901,Basic,Monthly,403.11,Credit Card,True
C19902,Basic,Monthly,423.84,UPI,True
C19903,Standard,Monthly,673.33,Net Banking,False
C19904,Standard,Monthly,632.24,Credit Card,False
C19905,Standard,Monthly,818.82,UPI,False
C19906,Standard,Monthly,662.85,UPI,False
C19907,Basic,Monthly,367.72,Debit Card,False
C19908,Premium,Monthly,1385.98,Net Banking,True
C19909,Basic,Monthly,370.86,UPI,True
C19910,Basic,Monthly,443.6,Credit Card,True
C19911,Standard,Annual,746.73,UPI,False
C19912,Basic,Monthly,326.49,Credit Card,True
C19913,Basic,Monthly,344.1,Wallet,False
C19914,Standard,Monthly,887.59,Credit Card,False
C19915,Standard,Annual,800.77,Debit Card,True
C19916,Premium,Monthly,1436.01,UPI,True
C19917,Standard,Monthly,684.3,Debit Card,False
C19918,Basic,Monthly,452.56,Credit Card,False
C19919,Basic,Annual,343.11,UPI,False
C19920,Basic,Monthly,434.7,Net Banking,True
C19921,Basic,Monthly,395.12,Credit Card,False
C19922,Basic,Monthly,346.17,Net Banking,False
C19923,Standard,Monthly,783.18,Net Banking,True
C19924,Standard,Monthly,667.84,Credit Card,True
C19925,Standard,Monthly,852.22,Credit Card,False
C19926,Standard,Annual,647.14,Credit Card,True
C19927,Premium,Annual,1206.22,UPI,True
C19928,Basic,Annual,466.76,UPI,True
C19929,Basic,Monthly,437.11,Net Banking,False
C19930,Basic,Annual,342.09,Wallet,True
C19931,Standard,Annual,823.15,Wallet,False
C19932,Standard,Annual,827.14,Net Banking,True
C19933,Basic,Annual,456.47,Credit Card,True
C19934,Basic,Annual,371.56,UPI,False
C19935,Premium,Monthly,1465.38,UPI,False
C19936,Basic,Monthly,306.04,Credit Card,False
C19937,Basic,Annual,491.23,Credit Card,True
C19938,Basic,Monthly,478.52,UPI,True
C19939,Basic,Monthly,420.39,Debit Card,False
C19940,Standard,Monthly,838.26,Debit Card,False
C19941,Basic,Monthly,396.43,Wallet,False
C19942,Basic,Monthly,465.41,Debit Card,True
C19943,Standard,Monthly,610.11,Debit Card,False
C19944,Standard,Monthly,793.43,UPI,True
C19945,Basic,Monthly,495.13,UPI,True
C19946,Standard,Monthly,693.23,Net Banking,False
C19947,Standard,Monthly,655.54,Debit Card,False
C19948,Standard,Monthly,698.49,Debit Card,True
C19949,Premium,Monthly,1306.43,Credit Card,False
C19950,Standard,Annual,665.43,Debit Card,False
C19951,Basic,Monthly,485.91,Credit Card,False
C19952,Standard,Monthly,766.3,UPI,False
C19953,Standard,Annual,853.53,Debit Card,True
C19954,Basic,Monthly,307.21,UPI,True
C19955,Standard,Monthly,738.95,Debit Card,True
C19956,Standard,Monthly,730.24,UPI,False
C19957,Standard,Monthly,616.59,UPI,True
C19958,Standard,Annual,656.9,UPI,False
C19959,Standard,Annual,892.57,UPI,True
C19960,Standard,Annual,650.54,Credit Card,False
C19961,Standard,Monthly,871.11,UPI,False
C19962,Premium,Monthly,1496.28,Debit Card,True
C19963,Standard,Monthly,894.33,Wallet,True
C19964,Standard,Monthly,693.41,Wallet,True
C19965,Premium,Monthly,1332.59,Credit Card,True
C19966,Premium,Monthly,1373.98,Credit Card,False
C19967,Basic,Annual,306.59,Credit Card,False
C19968,Standard,Monthly,744.06,Debit Card,True
C19969,Basic,Monthly,422.62,UPI,False
C19970,Premium,Monthly,1356.37,Debit Card,True
C19971,Basic,Annual,464.49,Wallet,True
C19972,Basic,Monthly,318.83,Credit Card,False
C19973,Basic,Monthly,481.42,Credit Card,True
C19974,Standard,Annual,707.72,Credit Card,True
C19975,Basic,Monthly,419.66,Credit Card,False
C19976,Premium,Annual,1116.03,UPI,False
C19977,Basic,Monthly,404.42,UPI,True
C19978,Basic,Annual,359.41,UPI,False
C19979,Standard,Annual,858.34,Credit Card,True
C19980,Basic,Monthly,410.54,Debit Card,False
C19981,Basic,Monthly,381.08,Debit Card,True
C19982,Standard,Monthly,712.06,UPI,False
C19983,Basic,Monthly,372.43,Net Banking,True
C19984,Basic,Monthly,487.97,UPI,False
C19985,Standard,Annual,845.84,Credit Card,False
C19986,Basic,Monthly,352.82,UPI,False
C19987,Standard,Monthly,754.65,Debit Card,False
C19988,Basic,Monthly,321.28,Credit Card,True
C19989,Basic,Monthly,333.44,Net Banking,False
C19990,Standard,Monthly,677.89,Wallet,False
C19991,Standard,Monthly,653.84,Net Banking,False
C19992,Basic,Monthly,314.64,UPI,False
C19993,Basic,Monthly,420.53,Debit Card,True
C19994,Basic,Monthly,495.4,Net Banking,False
C19995,Standard,Monthly,708.91,Credit Card,False
C19996,Standard,Monthly,793.2,Wallet,False
C19997,Basic,Annual,351.82,UPI,True
C19998,Standard,Monthly,766.42,Net Banking,True
C19999,Basic,Monthly,424.68,UPI,True
C20000,Premium,Monthly,1255.69,UPI,False
C20001,Premium,Monthly,1073.15,UPI,False
C20002,Standard,Annual,772.57,Debit Card,True
C20003,Basic,Monthly,311.98,Credit Card,False
C20004,Standard,Monthly,794.53,Debit Card,False
C20005,Basic,Monthly,366.79,UPI,False
C20006,Premium,Monthly,1117.0,UPI,False
C20007,Standard,Annual,865.28,UPI,True
C20008,Basic,Monthly,309.68,Debit Card,True
C20009,Basic,Monthly,426.87,UPI,True
C20010,Basic,Annual,302.02,UPI,True
C20011,Standard,Monthly,846.17,Wallet,True
C20012,Standard,Monthly,894.26,Credit Card,True
C20013,Premium,Monthly,1168.75,UPI,True
C20014,Standard,Annual,650.31,Credit Card,True
C20015,Basic,Monthly,399.5,UPI,False
C20016,Basic,Monthly,409.4,Credit Card,False
C20017,Basic,Annual,468.77,UPI,True
C20018,Basic,Annual,345.82,Net Banking,True
C20019,Basic,Monthly,456.94,Credit Card,True
C20020,Basic,Monthly,486.77,Net Banking,False
C20021,Basic,Annual,407.51,Debit Card,True
C20022,Premium,Monthly,1031.3,Credit Card,False
C20023,Standard,Monthly,647.18,Debit Card,False
C20024,Premium,Monthly,1234.64,Debit Card,False
C20025,Premium,Monthly,1179.44,Credit Card,False
C20026,Basic,Annual,344.39,Credit Card,True
C20027,Basic,Annual,399.1,Credit Card,True
C20028,Basic,Monthly,477.11,Debit Card,True
C20029,Standard,Monthly,771.83,UPI,False
C20030,Standard,Monthly,606.84,Debit Card,True
C20031,Basic,Monthly,304.75,Credit Card,False
C20032,Standard,Monthly,669.2,Debit Card,False
C20033,Basic,Monthly,371.49,Credit Card,False
C20034,Standard,Monthly,783.63,Debit Card,True
C20035,Premium,Monthly,1051.41,UPI,False
C20036,Premium,Monthly,1101.53,Wallet,False
C20037,Premium,Monthly,1403.6,UPI,True
C20038,Premium,Monthly,1334.92,Credit Card,False
C20039,Standard,Annual,751.05,Credit Card,True
C20040,Standard,Monthly,703.6,Wallet,True
C20041,Premium,Monthly,1467.15,Net Banking,True
C20042,Standard,Monthly,693.36,UPI,False
C20043,Premium,Annual,1049.36,Credit Card,False
C20044,Basic,Monthly,309.48,Debit Card,True
C20045,Standard,Monthly,622.85,Net Banking,False
C20046,Standard,Annual,890.85,Wallet,True
C20047,Standard,Monthly,887.36,Credit Card,False
C20048,Basic,Monthly,379.59,Debit Card,True
C20049,Basic,Monthly,418.96,Credit Card,True
C20050,Basic,Monthly,349.05,Credit Card,True
C20051,Basic,Monthly,337.68,UPI,False
C20052,Standard,Monthly,879.48,Credit Card,False
C20053,Basic,Annual,365.17,UPI,True
C20054,Basic,Monthly,389.87,Net Banking,True
C20055,Standard,Annual,823.38,Credit Card,False
C20056,Basic,Monthly,465.22,Wallet,False
C20057,Basic,Annual,309.7,Debit Card,True
C20058,Basic,Annual,373.47,Wallet,True
C20059,Basic,Monthly,328.18,Credit Card,True
C20060,Basic,Monthly,480.19,Credit Card,False
C20061,Standard,Annual,690.07,Credit Card,False
C20062,Basic,Monthly,484.15,Net Banking,True
C20063,Basic,Annual,306.51,UPI,True
C20064,Premium,Monthly,1077.19,Credit Card,False
C20065,Standard,Monthly,677.92,Debit Card,True
C20066,Standard,Monthly,891.73,Credit Card,False
C20067,Basic,Monthly,378.6,UPI,False
C20068,Standard,Monthly,889.79,UPI,True
C20069,Basic,Monthly,440.08,Debit Card,True
C20070,Basic,Annual,378.78,Credit Card,False
C20071,Standard,Monthly,801.19,Debit Card,False
C20072,Premium,Monthly,1301.19,Credit Card,False
C20073,Standard,Monthly,743.93,UPI,False
C20074,Standard,Monthly,612.28,Credit Card,True
C20075,Basic,Annual,366.21,Debit Card,False
C20076,Premium,Monthly,1343.07,UPI,True
C20077,Premium,Monthly,1079.19,Net Banking,True
C20078,Standard,Annual,885.26,Credit Card,True
C20079,Premium,Annual,1076.21,UPI,False
C20080,Basic,Monthly,457.33,Debit Card,True
C20081,Basic,Annual,316.8,UPI,True
C20082,Premium,Annual,1038.36,UPI,True
C20083,Basic,Monthly,458.47,Debit Card,True
C20084,Basic,Annual,416.86,Net Banking,True
C20085,Standard,Monthly,766.22,UPI,True
C20086,Standard,Monthly,748.13,Credit Card,False
C20087,Basic,Annual,450.83,Debit Card,True
C20088,Premium,Annual,1130.65,UPI,False
C20089,Standard,Annual,820.45,Credit Card,True
C20090,Basic,Annual,327.52,Credit Card,False
C20091,Basic,Annual,431.77,Credit Card,True
C20092,Basic,Annual,309.29,UPI,True
C20093,Standard,Monthly,668.3,Debit Card,False
C20094,Standard,Monthly,871.33,Net Banking,False
C20095,Basic,Annual,388.73,Debit Card,False
C20096,Standard,Monthly,860.79,Credit Card,False
C20097,Basic,Monthly,421.2,UPI,True
C20098,Basic,Monthly,353.47,Debit Card,True
C20099,Basic,Monthly,445.73,Net Banking,False
C20100,Basic,Monthly,308.6,UPI,False
C20101,Basic,Monthly,328.72,Credit Card,False
C20102,Basic,Annual,384.18,Debit Card,True
C20103,Basic,Monthly,391.06,Credit Card,False
C20104,Basic,Annual,318.37,UPI,False
C20105,Standard,Monthly,862.78,UPI,False
C20106,Standard,Monthly,791.14,Credit Card,False
C20107,Premium,Monthly,1033.15,Credit Card,False
C20108,Basic,Annual,371.34,Wallet,False
C20109,Standard,Annual,766.27,Debit Card,True
C20110,Basic,Monthly,314.39,Debit Card,True
C20111,Standard,Monthly,734.66,Wallet,False
C20112,Basic,Monthly,489.3,Debit Card,True
C20113,Standard,Monthly,741.75,Credit Card,False
C20114,Premium,Annual,1091.06,UPI,False
C20115,Premium,Annual,1263.2,Wallet,True
C20116,Premium,Monthly,1412.48,Debit Card,False
C20117,Standard,Monthly,784.07,Credit Card,False
C20118,Basic,Monthly,326.6,UPI,True
C20119,Basic,Monthly,398.28,Debit Card,False
C20120,Basic,Monthly,369.31,Debit Card,False
C20121,Basic,Annual,482.55,Net Banking,False
C20122,Standard,Annual,805.34,Wallet,False
C20123,Standard,Annual,866.15,Credit Card,True
C20124,Basic,Monthly,355.89,Wallet,True
C20125,Basic,Monthly,408.65,Credit Card,False
C20126,Standard,Monthly,744.55,Net Banking,True
C20127,Standard,Monthly,656.02,Net Banking,True
C20128,Basic,Monthly,385.77,UPI,False
C20129,Basic,Monthly,320.87,UPI,False
C20130,Standard,Monthly,865.02,Credit Card,True
C20131,Premium,Annual,1263.85,UPI,True
C20132,Premium,Monthly,1076.83,Credit Card,True
C20133,Basic,Annual,372.73,Credit Card,True
C20134,Basic,Monthly,436.14,UPI,False
C20135,Basic,Monthly,344.61,UPI,False
C20136,Standard,Monthly,644.39,UPI,False
C20137,Premium,Monthly,1350.87,UPI,True
C20138,Standard,Annual,718.05,Net Banking,True
C20139,Basic,Monthly,401.95,UPI,True
C20140,Basic,Monthly,384.3,UPI,False
C20141,Basic,Monthly,429.34,UPI,False
C20142,Standard,Monthly,870.84,Net Banking,True
C20143,Premium,Monthly,1451.84,UPI,False
C20144,Standard,Annual,739.37,Net Banking,True
C20145,Standard,Annual,780.21,Credit Card,True
C20146,Basic,Annual,498.89,Debit Card,False
C20147,Standard,Annual,793.72,UPI,False
C20148,Basic,Annual,319.82,UPI,True
C20149,Basic,Annual,425.12,UPI,False
C20150,Standard,Monthly,604.86,Debit Card,False
C20151,Standard,Monthly,860.2,Credit Card,True
C20152,Basic,Monthly,346.93,Wallet,False
C20153,Basic,Monthly,413.71,UPI,False
C20154,Basic,Monthly,458.47,Debit Card,True
C20155,Basic,Annual,442.45,Debit Card,False
C20156,Standard,Monthly,709.55,Credit Card,False
C20157,Standard,Annual,866.02,Credit Card,True
C20158,Premium,Monthly,1161.93,Net Banking,True
C20159,Basic,Monthly,367.24,Wallet,True
C20160,Basic,Monthly,418.49,Net Banking,False
C20161,Premium,Annual,1045.76,UPI,False
C20162,Standard,Annual,643.82,UPI,False
C20163,Standard,Monthly,606.73,UPI,False
C20164,Standard,Monthly,686.54,Wallet,False
C20165,Standard,Annual,861.48,Credit Card,False
C20166,Standard,Annual,643.41,Credit Card,False
C20167,Basic,Monthly,458.38,Wallet,False
C20168,Basic,Monthly,493.62,UPI,False
C20169,Premium,Monthly,1413.57,Wallet,False
C20170,Premium,Monthly,1397.55,Credit Card,False
C20171,Basic,Monthly,486.46,UPI,False
C20172,Standard,Monthly,786.1,Wallet,True
C20173,Standard,Monthly,885.42,Credit Card,True
C20174,Standard,Monthly,756.26,Net Banking,True
C20175,Basic,Annual,345.81,Credit Card,True
C20176,Basic,Monthly,418.57,Debit Card,False
C20177,Basic,Monthly,376.91,UPI,False
C20178,Basic,Monthly,421.99,Debit Card,True
C20179,Premium,Annual,1261.64,Net Banking,True
C20180,Premium,Annual,1391.05,UPI,True
C20181,Basic,Monthly,366.4,Net Banking,True
C20182,Standard,Monthly,763.52,Net Banking,True
C20183,Basic,Annual,335.13,Debit Card,True
C20184,Standard,Monthly,616.53,Net Banking,False
C20185,Basic,Monthly,374.93,Credit Card,False
C20186,Basic,Annual,341.69,Net Banking,True
C20187,Basic,Monthly,330.47,Wallet,False
C20188,Basic,Monthly,448.77,UPI,False
C20189,Premium,Monthly,1361.18,Debit Card,True
C20190,Standard,Monthly,648.11,Credit Card,True
C20191,Standard,Monthly,638.7,UPI,True
C20192,Premium,Monthly,1488.91,Debit Card,False
C20193,Premium,Monthly,1443.31,UPI,True
C20194,Basic,Monthly,360.16,Credit Card,True
C20195,Basic,Monthly,316.51,Debit Card,False
C20196,Standard,Monthly,816.61,UPI,False
C20197,Premium,Monthly,1291.17,Credit Card,False
C20198,Premium,Monthly,1022.64,Wallet,True
C20199,Basic,Monthly,494.28,UPI,False
C20200,Standard,Annual,635.91,UPI,True
C20201,Premium,Annual,1346.22,Credit Card,True
C20202,Standard,Annual,887.88,UPI,True
C20203,Standard,Annual,614.9,Credit Card,True
C20204,Standard,Annual,747.0,Credit Card,False
C20205,Standard,Monthly,790.55,Net Banking,False
C20206,Basic,Annual,320.37,UPI,True
C20207,Basic,Monthly,447.03,Credit Card,True
C20208,Standard,Monthly,764.57,Credit Card,False
C20209,Basic,Monthly,479.02,Debit Card,False
C20210,Premium,Annual,1348.53,Net Banking,True
C20211,Standard,Monthly,788.23,Debit Card,False
C20212,Standard,Monthly,601.41,Credit Card,False
C20213,Standard,Monthly,725.84,Credit Card,False
C20214,Basic,Monthly,397.52,Credit Card,False
C20215,Standard,Monthly,894.59,UPI,False
C20216,Basic,Monthly,365.73,Debit Card,False
C20217,Premium,Annual,1455.39,Debit Card,True
C20218,Basic,Monthly,494.57,Net Banking,False
C20219,Standard,Monthly,741.67,Credit Card,False
C20220,Standard,Monthly,605.77,Debit Card,False
C20221,Basic,Monthly,496.71,Debit Card,False
C20222,Basic,Annual,469.23,Credit Card,True
C20223,Basic,Annual,364.18,UPI,True
C20224,Basic,Annual,300.26,UPI,True
C20225,Premium,Annual,1327.24,Debit Card,False
C20226,Basic,Annual,435.66,Credit Card,False
C20227,Basic,Annual,409.29,Credit Card,True
C20228,Basic,Monthly,363.41,UPI,True
C20229,Basic,Monthly,473.32,Credit Card,True
C20230,Basic,Annual,330.37,Debit Card,False
C20231,Premium,Monthly,1202.64,Wallet,True
C20232,Basic,Annual,310.83,Credit Card,True
C20233,Standard,Monthly,818.09,Debit Card,False
C20234,Premium,Monthly,1406.47,Credit Card,False
C20235,Standard,Annual,886.88,Net Banking,True
C20236,Basic,Monthly,408.77,UPI,False
C20237,Premium,Monthly,1194.0,Debit Card,False
C20238,Basic,Monthly,326.34,Wallet,True
C20239,Basic,Monthly,412.73,Debit Card,False
C20240,Basic,Annual,321.37,Credit Card,True
C20241,Premium,Monthly,1033.58,Credit Card,False
C20242,Standard,Monthly,832.42,UPI,True
C20243,Basic,Monthly,496.74,Debit Card,True
C20244,Premium,Annual,1057.7,UPI,True
C20245,Basic,Annual,385.15,UPI,True
C20246,Premium,Monthly,1494.68,UPI,True
C20247,Basic,Monthly,383.85,UPI,False
C20248,Standard,Annual,745.81,Debit Card,False
C20249,Standard,Annual,601.8,UPI,False
C20250,Basic,Annual,396.34,Credit Card,True
C20251,Standard,Annual,884.81,Credit Card,False
C20252,Premium,Monthly,1047.15,UPI,False
C20253,Basic,Monthly,334.0,UPI,True
C20254,Premium,Monthly,1148.71,Credit Card,True
C20255,Basic,Monthly,335.11,UPI,True
C20256,Premium,Annual,1057.41,Credit Card,False
C20257,Basic,Annual,322.53,UPI,True
C20258,Premium,Annual,1289.85,Credit Card,False
C20259,Basic,Annual,406.66,Credit Card,True
C20260,Premium,Monthly,1256.43,Credit Card,False
C20261,Premium,Monthly,1091.11,Debit Card,True
C20262,Basic,Monthly,441.01,UPI,True
C20263,Premium,Monthly,1199.45,UPI,False
C20264,Premium,Monthly,1186.24,Debit Card,False
C20265,Standard,Monthly,793.15,Wallet,False
C20266,Standard,Annual,800.65,Net Banking,True
C20267,Basic,Monthly,372.68,Credit Card,True
C20268,Standard,Annual,752.14,Debit Card,True
C20269,Standard,Monthly,837.2,Debit Card,True
C20270,Standard,Monthly,675.45,Credit Card,True
C20271,Standard,Monthly,794.76,Debit Card,False
C20272,Premium,Annual,1380.96,UPI,True
C20273,Basic,Annual,493.32,Net Banking,True
C20274,Basic,Monthly,328.35,Wallet,True
C20275,Standard,Monthly,678.85,Net Banking,False
C20276,Basic,Annual,440.33,Debit Card,True
C20277,Standard,Annual,843.11,Credit Card,True
C20278,Standard,Monthly,640.86,UPI,False
C20279,Basic,Monthly,387.09,UPI,False
C20280,Premium,Monthly,1368.24,Debit Card,True
C20281,Standard,Monthly,800.23,Debit Card,True
C20282,Premium,Monthly,1330.66,Wallet,False
C20283,Standard,Monthly,735.93,Credit Card,False
C20284,Basic,Monthly,335.32,UPI,False
C20285,Basic,Monthly,401.48,UPI,False
C20286,Basic,Monthly,392.03,UPI,True
C20287,Basic,Monthly,431.67,Credit Card,True
C20288,Basic,Monthly,390.67,Debit Card,False
C20289,Standard,Monthly,853.54,UPI,False
C20290,Basic,Annual,325.23,Debit Card,True
C20291,Premium,Annual,1065.24,Credit Card,True
C20292,Premium,Monthly,1388.07,UPI,False
C20293,Premium,Annual,1374.23,Credit Card,True
C20294,Standard,Annual,802.3,Debit Card,True
C20295,Standard,Monthly,776.47,UPI,False
C20296,Standard,Monthly,655.72,Credit Card,False
C20297,Standard,Monthly,643.34,Debit Card,True
C20298,Standard,Monthly,851.5,Debit Card,False
C20299,Standard,Monthly,875.16,UPI,False
C20300,Standard,Monthly,740.69,Wallet,False
C20301,Basic,Monthly,303.34,UPI,True
C20302,Premium,Monthly,1068.66,Credit Card,True
C20303,Standard,Annual,648.39,UPI,True
C20304,Basic,Monthly,365.25,Debit Card,True
C20305,Basic,Monthly,317.64,UPI,True
C20306,Standard,Annual,705.1,UPI,True
C20307,Basic,Monthly,479.94,Net Banking,False
C20308,Basic,Monthly,489.15,Credit Card,False
C20309,Standard,Monthly,719.75,UPI,False
C20310,Premium,Monthly,1263.63,UPI,True
C20311,Premium,Annual,1131.83,UPI,True
C20312,Standard,Annual,749.41,UPI,True
C20313,Standard,Monthly,622.98,Credit Card,False
C20314,Basic,Annual,340.89,UPI,True
C20315,Standard,Monthly,673.82,UPI,False
C20316,Premium,Monthly,1322.72,Wallet,True
C20317,Basic,Monthly,457.69,Credit Card,True
C20318,Standard,Monthly,625.09,Debit Card,True
C20319,Basic,Annual,351.28,UPI,True
C20320,Basic,Annual,329.75,UPI,False
C20321,Basic,Annual,362.98,Credit Card,True
C20322,Premium,Monthly,1204.1,UPI,True
C20323,Basic,Annual,492.12,UPI,True
C20324,Standard,Annual,754.67,Credit Card,True
C20325,Basic,Monthly,382.23,Net Banking,True
C20326,Basic,Annual,430.14,Credit Card,True
C20327,Premium,Monthly,1068.64,Credit Card,False
C20328,Basic,Annual,416.07,Credit Card,True
C20329,Basic,Monthly,495.91,Debit Card,False
C20330,Premium,Monthly,1336.85,Debit Card,True
C20331,Basic,Monthly,307.71,Net Banking,False
C20332,Basic,Annual,497.05,Credit Card,True
C20333,Standard,Monthly,744.44,UPI,False
C20334,Basic,Annual,333.12,Credit Card,True
C20335,Basic,Monthly,423.0,Debit Card,False
C20336,Standard,Monthly,757.23,Credit Card,True
C20337,Basic,Monthly,381.3,UPI,True
C20338,Premium,Annual,1192.78,UPI,True
C20339,Basic,Monthly,323.32,Net Banking,True
C20340,Standard,Monthly,744.77,Net Banking,False
C20341,Premium,Monthly,1143.98,Debit Card,True
C20342,Premium,Monthly,1343.19,Net Banking,True
C20343,Basic,Annual,451.58,Credit Card,True
C20344,Basic,Monthly,398.9,Net Banking,False
C20345,Basic,Annual,319.62,Wallet,True
C20346,Standard,Monthly,604.01,Wallet,False
C20347,Standard,Monthly,865.61,Debit Card,False
C20348,Standard,Monthly,790.74,UPI,False
C20349,Standard,Monthly,646.82,UPI,False
C20350,Standard,Monthly,766.98,UPI,False
C20351,Basic,Monthly,478.0,Debit Card,True
C20352,Standard,Annual,799.47,Wallet,False
C20353,Standard,Monthly,867.2,Credit Card,True
C20354,Basic,Monthly,326.74,Wallet,False
C20355,Premium,Monthly,1174.07,Debit Card,True
C20356,Standard,Monthly,616.85,Debit Card,False
C20357,Premium,Monthly,1010.11,Debit Card,False
C20358,Basic,Monthly,488.33,UPI,False
C20359,Standard,Annual,815.5,Debit Card,False
C20360,Basic,Monthly,448.37,Credit Card,True
C20361,Basic,Annual,405.07,Credit Card,True
C20362,Premium,Monthly,1042.38,UPI,False
C20363,Basic,Monthly,342.94,Credit Card,False
C20364,Standard,Monthly,705.22,Credit Card,False
C20365,Basic,Monthly,383.63,UPI,False
C20366,Standard,Annual,754.04,UPI,True
C20367,Basic,Monthly,313.11,Credit Card,False
C20368,Basic,Monthly,355.88,Debit Card,False
C20369,Basic,Monthly,459.02,UPI,True
C20370,Premium,Monthly,1250.98,UPI,False
C20371,Basic,Monthly,461.61,Net Banking,True
C20372,Basic,Monthly,409.87,Net Banking,True
C20373,Standard,Annual,609.77,Wallet,True
C20374,Basic,Monthly,471.4,Wallet,False
C20375,Basic,Monthly,457.89,UPI,False
C20376,Standard,Monthly,755.07,Credit Card,False
C20377,Basic,Annual,350.26,Credit Card,True
C20378,Premium,Monthly,1130.5,Credit Card,True
C20379,Standard,Monthly,685.38,UPI,True
C20380,Standard,Monthly,641.51,Credit Card,False
C20381,Premium,Monthly,1157.31,Credit Card,False
C20382,Basic,Monthly,340.15,Credit Card,False
C20383,Standard,Monthly,640.6,UPI,True
C20384,Standard,Monthly,619.92,Net Banking,True
C20385,Standard,Monthly,664.5,Credit Card,False
C20386,Premium,Annual,1066.57,UPI,False
C20387,Basic,Monthly,421.52,Debit Card,False
C20388,Basic,Annual,401.02,UPI,True
C20389,Standard,Annual,606.89,Credit Card,True
C20390,Standard,Monthly,630.07,Credit Card,False
C20391,Standard,Annual,658.17,UPI,True
C20392,Premium,Annual,1470.71,UPI,False
C20393,Standard,Annual,729.5,Credit Card,False
C20394,Basic,Monthly,402.49,Credit Card,False
C20395,Standard,Monthly,678.94,Credit Card,True
C20396,Standard,Annual,634.1,Debit Card,True
C20397,Standard,Annual,882.19,Debit Card,True
C20398,Premium,Monthly,1017.16,UPI,True
C20399,Standard,Monthly,766.43,Credit Card,False
C20400,Standard,Annual,623.03,UPI,True
C20401,Basic,Annual,497.49,Debit Card,False
C20402,Standard,Annual,618.0,Debit Card,True
C20403,Standard,Monthly,740.57,Credit Card,True
C20404,Basic,Annual,455.37,Debit Card,True
C20405,Standard,Annual,739.76,UPI,True
C20406,Premium,Monthly,1045.54,Debit Card,True
C20407,Standard,Monthly,696.89,Debit Card,False
C20408,Basic,Annual,390.64,Net Banking,True
C20409,Standard,Annual,636.13,Debit Card,True
C20410,Premium,Annual,1359.22,Debit Card,False
C20411,Premium,Monthly,1407.99,Debit Card,True
C20412,Standard,Monthly,759.7,UPI,False
C20413,Basic,Annual,437.15,Credit Card,True
C20414,Basic,Annual,417.34,Net Banking,False
C20415,Premium,Monthly,1080.53,Debit Card,True
C20416,Standard,Annual,628.73,UPI,False
C20417,Premium,Monthly,1258.65,Net Banking,False
C20418,Standard,Monthly,896.1,Credit Card,True
C20419,Basic,Monthly,425.65,UPI,False
C20420,Standard,Monthly,731.41,Credit Card,False
C20421,Standard,Annual,881.18,Credit Card,True
C20422,Basic,Monthly,376.12,Credit Card,True
C20423,Basic,Annual,422.34,Credit Card,True
C20424,Standard,Annual,750.69,Net Banking,True
C20425,Standard,Monthly,618.26,Credit Card,False
C20426,Basic,Annual,490.49,Net Banking,True
C20427,Basic,Monthly,348.15,Debit Card,False
C20428,Basic,Monthly,329.73,Net Banking,False
C20429,Basic,Annual,323.51,UPI,True
C20430,Standard,Monthly,688.02,UPI,False
C20431,Basic,Monthly,441.9,Credit Card,False
C20432,Standard,Monthly,879.63,Wallet,False
C20433,Basic,Monthly,435.47,UPI,False
C20434,Premium,Monthly,1386.21,Net Banking,True
C20435,Basic,Monthly,342.46,UPI,True
C20436,Basic,Monthly,398.35,Debit Card,True
C20437,Basic,Monthly,348.25,Debit Card,False
C20438,Basic,Monthly,373.87,UPI,False
C20439,Standard,Annual,801.3,Credit Card,True
C20440,Basic,Monthly,351.46,Credit Card,False
C20441,Premium,Monthly,1049.68,UPI,False
C20442,Basic,Annual,437.73,Debit Card,True
C20443,Basic,Annual,345.16,UPI,True
C20444,Basic,Monthly,351.19,Wallet,False
C20445,Standard,Annual,602.1,Net Banking,True
C20446,Basic,Annual,365.57,Debit Card,False
C20447,Basic,Monthly,384.23,Credit Card,True
C20448,Basic,Annual,365.79,UPI,False
C20449,Basic,Annual,498.44,Net Banking,True
C20450,Premium,Monthly,1443.18,UPI,False
C20451,Standard,Monthly,689.77,Debit Card,True
C20452,Basic,Monthly,450.38,Debit Card,False
C20453,Basic,Annual,496.52,Debit Card,True
C20454,Premium,Monthly,1081.8,Net Banking,False
C20455,Standard,Monthly,672.94,Credit Card,True
C20456,Standard,Monthly,803.81,UPI,True
C20457,Basic,Monthly,338.99,UPI,False
C20458,Standard,Monthly,732.71,UPI,False
C20459,Basic,Monthly,438.19,UPI,False
C20460,Premium,Monthly,1326.82,Credit Card,False
C20461,Premium,Monthly,1406.56,UPI,True
C20462,Basic,Monthly,325.59,Wallet,True
C20463,Basic,Monthly,484.2,Debit Card,True
C20464,Premium,Monthly,1233.18,Credit Card,True
C20465,Premium,Monthly,1311.33,Debit Card,False
C20466,Basic,Annual,441.91,Debit Card,True
C20467,Basic,Monthly,413.92,UPI,False
C20468,Standard,Monthly,802.46,UPI,True
C20469,Premium,Annual,1389.28,UPI,False
C20470,Basic,Monthly,481.97,UPI,False
C20471,Premium,Annual,1282.4,UPI,True
C20472,Standard,Monthly,680.13,UPI,True
C20473,Premium,Monthly,1280.48,Credit Card,False
C20474,Basic,Annual,330.99,Credit Card,False
C20475,Standard,Monthly,755.97,UPI,False
C20476,Premium,Monthly,1216.36,Wallet,False
C20477,Basic,Monthly,361.9,Credit Card,True
C20478,Standard,Monthly,601.18,UPI,False
C20479,Basic,Monthly,482.25,Credit Card,True
C20480,Basic,Monthly,490.27,Net Banking,False
C20481,Standard,Monthly,616.99,Credit Card,False
C20482,Basic,Monthly,488.05,Debit Card,True
C20483,Basic,Annual,362.19,Debit Card,True
C20484,Basic,Monthly,321.01,Credit Card,False
C20485,Standard,Monthly,715.04,Net Banking,True
C20486,Standard,Monthly,680.61,UPI,False
C20487,Standard,Monthly,890.2,Credit Card,False
C20488,Basic,Monthly,496.93,Credit Card,False
C20489,Basic,Monthly,435.79,Credit Card,False
C20490,Basic,Monthly,384.36,Credit Card,False
C20491,Basic,Annual,350.95,UPI,False
C20492,Standard,Monthly,693.86,Credit Card,False
C20493,Basic,Monthly,424.87,Wallet,True
C20494,Basic,Monthly,437.92,UPI,False
C20495,Standard,Monthly,611.74,Debit Card,False
C20496,Standard,Annual,692.81,Wallet,True
C20497,Premium,Annual,1387.81,Credit Card,True
C20498,Standard,Monthly,728.15,Credit Card,False
C20499,Standard,Monthly,758.99,UPI,False
C20500,Standard,Monthly,628.44,Debit Card,True
C20501,Standard,Monthly,612.27,Credit Card,False
C20502,Premium,Monthly,1239.06,Debit Card,False
C20503,Basic,Monthly,413.55,Debit Card,False
C20504,Basic,Annual,491.57,Debit Card,True
C20505,Standard,Monthly,686.14,Credit Card,True
C20506,Standard,Monthly,850.51,UPI,False
C20507,Standard,Monthly,681.03,Wallet,True
C20508,Premium,Monthly,1466.81,UPI,False
C20509,Basic,Annual,319.15,Credit Card,False
C20510,Standard,Annual,841.1,UPI,True
C20511,Basic,Monthly,453.15,Credit Card,False
C20512,Basic,Monthly,332.55,Credit Card,False
C20513,Basic,Monthly,327.08,UPI,False
C20514,Basic,Monthly,382.59,Wallet,False
C20515,Basic,Annual,454.8,Credit Card,True
C20516,Standard,Annual,769.86,Credit Card,True
C20517,Standard,Annual,670.12,UPI,True
C20518,Basic,Monthly,395.5,Debit Card,False
C20519,Basic,Monthly,491.31,Credit Card,False
C20520,Basic,Annual,316.09,UPI,True
C20521,Basic,Monthly,495.39,UPI,False
C20522,Standard,Annual,849.92,Credit Card,False
C20523,Premium,Monthly,1027.8,Net Banking,True
C20524,Premium,Monthly,1377.84,UPI,False
C20525,Basic,Monthly,491.96,Credit Card,True
C20526,Basic,Monthly,387.49,UPI,True
C20527,Standard,Monthly,691.87,Debit Card,False
C20528,Basic,Monthly,344.14,UPI,True
C20529,Premium,Annual,1121.85,Wallet,True
C20530,Basic,Monthly,486.58,Net Banking,True
C20531,Standard,Monthly,751.53,UPI,False
C20532,Basic,Annual,356.95,Credit Card,True
C20533,Basic,Annual,441.7,UPI,True
C20534,Basic,Monthly,402.55,UPI,True
C20535,Basic,Annual,392.71,Debit Card,False
C20536,Premium,Monthly,1108.09,UPI,False
C20537,Basic,Monthly,370.27,UPI,True
C20538,Premium,Monthly,1479.45,Credit Card,False
C20539,Standard,Annual,637.75,UPI,True
C20540,Basic,Monthly,469.43,UPI,True
C20541,Basic,Annual,416.15,Debit Card,True
C20542,Standard,Monthly,760.15,Credit Card,False
C20543,Basic,Monthly,437.89,Credit Card,True
C20544,Standard,Annual,844.03,Net Banking,True
C20545,Basic,Monthly,446.59,Net Banking,False
C20546,Basic,Monthly,390.34,UPI,False
C20547,Basic,Monthly,485.31,Net Banking,False
C20548,Standard,Monthly,677.53,Credit Card,True
C20549,Standard,Monthly,886.75,Wallet,False
C20550,Basic,Annual,496.05,Wallet,True
C20551,Standard,Monthly,619.79,UPI,False
C20552,Basic,Monthly,381.7,Credit Card,False
C20553,Premium,Monthly,1188.3,UPI,False
C20554,Premium,Monthly,1108.31,Credit Card,False
C20555,Basic,Monthly,428.25,Debit Card,False
C20556,Basic,Monthly,446.87,Credit Card,True
C20557,Standard,Monthly,745.28,Net Banking,True
C20558,Basic,Monthly,395.26,UPI,True
C20559,Standard,Monthly,819.76,Credit Card,False
C20560,Basic,Monthly,496.31,UPI,False
C20561,Standard,Monthly,787.3,UPI,False
C20562,Standard,Monthly,866.81,UPI,True
C20563,Premium,Annual,1011.98,Credit Card,True
C20564,Standard,Monthly,756.89,Debit Card,True
C20565,Premium,Monthly,1304.78,UPI,True
C20566,Basic,Monthly,309.76,Credit Card,False
C20567,Premium,Monthly,1289.64,Net Banking,False
C20568,Basic,Annual,461.15,UPI,True
C20569,Basic,Monthly,465.27,UPI,False
C20570,Premium,Monthly,1265.62,Net Banking,False
C20571,Basic,Monthly,477.62,Debit Card,True
C20572,Standard,Annual,702.45,Credit Card,True
C20573,Basic,Monthly,426.44,UPI,False
C20574,Basic,Annual,484.18,UPI,True
C20575,Premium,Monthly,1087.62,Debit Card,False
C20576,Premium,Annual,1274.42,Credit Card,False
C20577,Basic,Monthly,432.48,Net Banking,True
C20578,Premium,Monthly,1428.74,UPI,True
C20579,Premium,Monthly,1043.67,Credit Card,True
C20580,Standard,Annual,793.48,UPI,False
C20581,Standard,Monthly,689.84,Wallet,True
C20582,Premium,Monthly,1017.28,Debit Card,True
C20583,Premium,Monthly,1254.36,UPI,True
C20584,Premium,Annual,1004.16,Debit Card,True
C20585,Standard,Monthly,666.04,Debit Card,False
C20586,Standard,Annual,828.26,Credit Card,True
C20587,Basic,Monthly,453.14,UPI,False
C20588,Basic,Monthly,489.03,UPI,True
C20589,Premium,Annual,1394.44,Wallet,True
C20590,Basic,Monthly,483.18,UPI,False
C20591,Standard,Monthly,862.97,UPI,False
C20592,Premium,Monthly,1422.27,UPI,False
C20593,Standard,Monthly,622.13,Credit Card,True
C20594,Standard,Monthly,837.68,Credit Card,False
C20595,Basic,Monthly,353.56,UPI,True
C20596,Premium,Annual,1324.4,Credit Card,True
C20597,Basic,Monthly,325.38,Debit Card,True
C20598,Standard,Monthly,792.12,Debit Card,False
C20599,Standard,Annual,841.7,Debit Card,True
C20600,Standard,Monthly,753.57,Credit Card,False
C20601,Standard,Monthly,662.52,UPI,True
C20602,Standard,Monthly,686.77,Debit Card,False
C20603,Basic,Monthly,412.3,Wallet,False
C20604,Basic,Annual,306.6,Wallet,True
C20605,Basic,Monthly,358.65,Credit Card,False
C20606,Basic,Monthly,474.1,UPI,False
C20607,Standard,Monthly,741.74,Credit Card,False
C20608,Standard,Monthly,845.3,Net Banking,False
C20609,Basic,Monthly,357.18,UPI,True
C20610,Standard,Monthly,618.92,Net Banking,True
C20611,Basic,Monthly,393.86,Debit Card,True
C20612,Basic,Monthly,317.05,UPI,True
C20613,Premium,Monthly,1271.0,UPI,False
C20614,Standard,Monthly,627.73,Debit Card,True
C20615,Basic,Annual,495.3,Net Banking,False
C20616,Premium,Annual,1493.88,UPI,True
C20617,Standard,Monthly,603.71,Wallet,False
C20618,Basic,Monthly,375.05,UPI,True
C20619,Standard,Monthly,759.91,UPI,True
C20620,Standard,Monthly,880.44,Credit Card,False
C20621,Basic,Annual,327.18,Debit Card,True
C20622,Standard,Monthly,764.04,Wallet,False
C20623,Premium,Annual,1334.68,Credit Card,True
C20624,Basic,Annual,452.1,Wallet,True
C20625,Basic,Monthly,392.16,Net Banking,False
C20626,Standard,Monthly,807.37,Debit Card,False
C20627,Basic,Monthly,455.21,Wallet,False
C20628,Basic,Monthly,467.84,Debit Card,False
C20629,Basic,Monthly,423.09,Debit Card,True
C20630,Basic,Annual,418.9,Debit Card,False
C20631,Basic,Annual,415.18,Debit Card,True
C20632,Premium,Monthly,1080.85,Credit Card,True
C20633,Basic,Annual,405.05,UPI,True
C20634,Standard,Monthly,665.89,Credit Card,True
C20635,Premium,Monthly,1239.56,Credit Card,True
C20636,Premium,Annual,1449.63,UPI,True
C20637,Basic,Monthly,408.66,Credit Card,False
C20638,Standard,Monthly,782.79,Wallet,False
C20639,Basic,Monthly,350.54,Credit Card,False
C20640,Standard,Annual,783.17,Net Banking,True
C20641,Standard,Monthly,622.16,Credit Card,False
C20642,Basic,Annual,349.34,Credit Card,False
C20643,Standard,Monthly,822.99,Wallet,True
C20644,Premium,Monthly,1123.31,Credit Card,True
C20645,Basic,Monthly,351.05,Net Banking,True
C20646,Standard,Annual,812.16,UPI,True
C20647,Standard,Monthly,879.19,UPI,True
C20648,Standard,Monthly,793.4,Credit Card,True
C20649,Basic,Annual,338.98,UPI,True
C20650,Standard,Monthly,872.01,UPI,False
C20651,Premium,Annual,1211.36,Wallet,True
C20652,Standard,Monthly,840.79,UPI,False
C20653,Premium,Monthly,1439.87,Net Banking,False
C20654,Standard,Annual,685.49,UPI,False
C20655,Basic,Monthly,496.04,Credit Card,False
C20656,Standard,Annual,649.17,UPI,True
C20657,Standard,Monthly,794.71,UPI,False
C20658,Premium,Monthly,1053.43,Debit Card,True
C20659,Standard,Monthly,895.68,Wallet,False
C20660,Basic,Monthly,497.27,UPI,False
C20661,Standard,Monthly,749.12,Debit Card,True
C20662,Basic,Monthly,365.94,Wallet,False
C20663,Basic,Monthly,314.52,Credit Card,True
C20664,Standard,Monthly,789.63,Credit Card,False
C20665,Standard,Monthly,892.95,UPI,True
C20666,Basic,Monthly,370.04,UPI,True
C20667,Standard,Monthly,665.59,Wallet,False
C20668,Standard,Annual,822.17,Debit Card,True
C20669,Standard,Annual,767.7,Net Banking,True
C20670,Basic,Monthly,311.24,Wallet,True
C20671,Basic,Monthly,332.34,Wallet,False
C20672,Standard,Annual,787.55,Credit Card,True
C20673,Standard,Monthly,819.95,Net Banking,True
C20674,Standard,Annual,824.69,Net Banking,False
C20675,Premium,Monthly,1493.63,Debit Card,True
C20676,Premium,Monthly,1472.37,Credit Card,False
C20677,Premium,Monthly,1152.4,Net Banking,False
C20678,Premium,Annual,1281.93,Credit Card,True
C20679,Basic,Monthly,316.13,Credit Card,True
C20680,Standard,Monthly,719.63,Net Banking,False
C20681,Standard,Monthly,667.46,Credit Card,True
C20682,Standard,Monthly,786.91,Debit Card,True
C20683,Standard,Annual,711.7,Credit Card,True
C20684,Standard,Monthly,888.05,Debit Card,False
C20685,Standard,Monthly,604.2,Credit Card,False
C20686,Standard,Monthly,767.0,Net Banking,False
C20687,Premium,Monthly,1128.17,Credit Card,False
C20688,Standard,Annual,854.26,Net Banking,True
C20689,Basic,Monthly,462.37,UPI,True
C20690,Basic,Annual,467.19,Debit Card,True
C20691,Basic,Monthly,404.75,Credit Card,False
C20692,Basic,Monthly,447.78,Credit Card,True
C20693,Premium,Annual,1015.42,Credit Card,True
C20694,Standard,Monthly,806.48,Net Banking,True
C20695,Basic,Monthly,299.72,UPI,False
C20696,Basic,Annual,317.56,Net Banking,True
C20697,Standard,Monthly,878.44,Net Banking,True
C20698,Standard,Monthly,773.75,Debit Card,False
C20699,Standard,Monthly,722.86,Credit Card,False
C20700,Premium,Monthly,1422.03,Net Banking,True
C20701,Standard,Monthly,661.04,Debit Card,False
C20702,Premium,Monthly,1188.21,Debit Card,False
C20703,Basic,Monthly,496.46,Net Banking,True
C20704,Standard,Annual,671.9,Credit Card,False
C20705,Premium,Monthly,1319.3,UPI,True
C20706,Basic,Monthly,339.14,UPI,True
C20707,Standard,Monthly,889.98,Credit Card,False
C20708,Basic,Monthly,392.93,UPI,False
C20709,Basic,Monthly,450.87,Wallet,False
C20710,Standard,Monthly,626.89,Credit Card,True
C20711,Premium,Monthly,1030.92,Credit Card,False
C20712,Basic,Monthly,471.36,Net Banking,True
C20713,Premium,Monthly,1004.06,Net Banking,True
C20714,Standard,Monthly,819.24,Debit Card,False
C20715,Standard,Annual,648.05,Net Banking,False
C20716,Premium,Monthly,1052.79,UPI,False
C20717,Premium,Monthly,1287.18,Debit Card,True
C20718,Standard,Monthly,703.99,Credit Card,True
C20719,Basic,Monthly,457.73,Credit Card,False
C20720,Premium,Monthly,1027.15,Net Banking,True
C20721,Premium,Monthly,1464.43,Debit Card,True
C20722,Premium,Annual,1276.69,Credit Card,True
C20723,Basic,Monthly,371.02,Debit Card,False
C20724,Basic,Monthly,332.0,Debit Card,False
C20725,Basic,Monthly,330.74,Credit Card,False
C20726,Basic,Monthly,494.7,Credit Card,False
C20727,Basic,Monthly,489.93,Credit Card,True
C20728,Premium,Annual,1099.09,Credit Card,True
C20729,Standard,Monthly,886.85,Credit Card,True
C20730,Basic,Monthly,419.14,Credit Card,False
C20731,Basic,Annual,311.01,Wallet,True
C20732,Standard,Monthly,683.46,Wallet,False
C20733,Standard,Monthly,712.63,UPI,True
C20734,Basic,Monthly,449.2,Credit Card,False
C20735,Standard,Annual,643.84,UPI,False
C20736,Standard,Annual,619.69,Debit Card,True
C20737,Standard,Monthly,738.83,UPI,True
C20738,Basic,Monthly,426.54,UPI,False
C20739,Standard,Annual,602.85,Debit Card,True
C20740,Standard,Monthly,820.14,Credit Card,True
C20741,Premium,Monthly,1000.12,Credit Card,False
C20742,Standard,Annual,751.92,Debit Card,False
C20743,Premium,Annual,1347.15,UPI,True
C20744,Premium,Annual,1224.21,Net Banking,True
C20745,Basic,Monthly,473.87,Credit Card,True
C20746,Basic,Monthly,301.03,UPI,False
C20747,Basic,Annual,354.1,Net Banking,True
C20748,Premium,Monthly,1144.05,UPI,False
C20749,Basic,Monthly,392.94,Debit Card,True
C20750,Basic,Annual,331.16,UPI,False
C20751,Standard,Monthly,679.61,UPI,False
C20752,Basic,Monthly,305.35,Net Banking,False
C20753,Standard,Monthly,724.85,Credit Card,False
C20754,Basic,Monthly,397.38,UPI,False
C20755,Standard,Monthly,687.3,Wallet,True
C20756,Basic,Monthly,333.49,UPI,True
C20757,Premium,Monthly,1044.25,Debit Card,False
C20758,Basic,Annual,391.34,Net Banking,True
C20759,Premium,Monthly,1308.3,UPI,False
C20760,Basic,Annual,319.06,Net Banking,True
C20761,Premium,Annual,1338.41,Debit Card,False
C20762,Standard,Annual,845.05,UPI,True
C20763,Standard,Monthly,739.87,UPI,False
C20764,Premium,Monthly,1161.07,Credit Card,True
C20765,Standard,Monthly,778.99,Debit Card,True
C20766,Standard,Monthly,660.3,Credit Card,True
C20767,Premium,Annual,1047.72,Credit Card,True
C20768,Basic,Monthly,360.64,Wallet,False
C20769,Basic,Monthly,376.25,UPI,False
C20770,Basic,Monthly,462.86,Wallet,False
C20771,Basic,Annual,423.45,UPI,True
C20772,Basic,Monthly,393.7,Credit Card,False
C20773,Standard,Monthly,859.25,Credit Card,False
C20774,Standard,Annual,825.49,Credit Card,True
C20775,Standard,Annual,680.09,Debit Card,True
C20776,Basic,Monthly,351.17,Wallet,True
C20777,Standard,Monthly,816.93,Wallet,False
C20778,Basic,Annual,419.37,Net Banking,True
C20779,Basic,Monthly,329.3,UPI,False
C20780,Standard,Monthly,722.08,Credit Card,False
C20781,Basic,Monthly,450.62,Credit Card,True
C20782,Standard,Annual,619.9,Net Banking,True
C20783,Basic,Monthly,423.52,Debit Card,False
C20784,Premium,Monthly,1256.42,UPI,True
C20785,Standard,Annual,864.07,UPI,True
C20786,Standard,Monthly,724.56,Debit Card,True
C20787,Basic,Monthly,321.39,Debit Card,False
C20788,Standard,Annual,733.04,Credit Card,True
C20789,Standard,Annual,687.5,UPI,True
C20790,Standard,Monthly,636.28,Debit Card,True
C20791,Basic,Monthly,304.31,Net Banking,False
C20792,Premium,Monthly,1038.94,Credit Card,True
C20793,Basic,Monthly,419.84,Net Banking,False
C20794,Basic,Annual,452.6,Net Banking,True
C20795,Standard,Annual,739.94,Credit Card,False
C20796,Basic,Annual,375.12,Net Banking,True
C20797,Standard,Monthly,885.92,Credit Card,False
C20798,Standard,Annual,842.67,Credit Card,True
C20799,Premium,Monthly,1157.38,Debit Card,True
C20800,Standard,Monthly,749.88,UPI,False
C20801,Basic,Monthly,303.17,Net Banking,False
C20802,Basic,Annual,487.83,Credit Card,False
C20803,Premium,Monthly,1074.17,Wallet,False
C20804,Basic,Annual,468.51,UPI,False
C20805,Standard,Monthly,662.97,Credit Card,True
C20806,Basic,Monthly,386.17,Debit Card,False
C20807,Basic,Monthly,486.59,Debit Card,False
C20808,Standard,Monthly,835.41,UPI,True
C20809,Basic,Annual,352.08,Credit Card,True
C20810,Basic,Monthly,388.19,UPI,False
C20811,Standard,Monthly,709.94,Credit Card,True
C20812,Standard,Monthly,859.07,Debit Card,False
C20813,Basic,Monthly,334.96,UPI,True
C20814,Basic,Monthly,435.57,Net Banking,False
C20815,Standard,Monthly,677.99,UPI,True
C20816,Basic,Monthly,343.48,Debit Card,True
C20817,Standard,Monthly,657.91,UPI,False
C20818,Standard,Monthly,651.26,UPI,True
C20819,Basic,Monthly,420.02,Credit Card,False
C20820,Standard,Monthly,599.58,Credit Card,False
C20821,Basic,Monthly,343.18,Debit Card,True
C20822,Basic,Annual,496.53,Credit Card,True
C20823,Premium,Monthly,1012.13,Wallet,False
C20824,Premium,Monthly,1303.21,Debit Card,False
C20825,Standard,Annual,753.06,Debit Card,True
C20826,Premium,Monthly,1279.17,Credit Card,False
C20827,Standard,Annual,812.23,Debit Card,False
C20828,Basic,Monthly,479.8,Credit Card,False
C20829,Standard,Monthly,810.51,UPI,True
C20830,Premium,Monthly,1478.41,Net Banking,True
C20831,Basic,Annual,314.35,Credit Card,True
C20832,Premium,Monthly,1114.02,Debit Card,True
C20833,Basic,Annual,367.71,Credit Card,True
C20834,Standard,Monthly,833.51,Debit Card,False
C20835,Basic,Monthly,493.7,UPI,True
C20836,Basic,Monthly,435.56,Credit Card,False
C20837,Basic,Annual,480.73,UPI,False
C20838,Basic,Monthly,459.91,Net Banking,True
C20839,Basic,Monthly,448.52,Wallet,True
C20840,Premium,Monthly,1208.45,Credit Card,True
C20841,Standard,Monthly,892.07,Debit Card,False
C20842,Basic,Monthly,317.46,UPI,True
C20843,Basic,Annual,486.42,Net Banking,False
C20844,Basic,Monthly,323.16,Debit Card,True
C20845,Basic,Monthly,397.36,UPI,False
C20846,Standard,Monthly,620.63,Debit Card,False
C20847,Basic,Monthly,376.06,Wallet,False
C20848,Basic,Annual,425.8,UPI,False
C20849,Basic,Annual,478.19,Wallet,True
C20850,Standard,Monthly,734.5,UPI,True
C20851,Basic,Monthly,351.13,UPI,True
C20852,Basic,Monthly,420.62,Net Banking,True
C20853,Basic,Monthly,484.95,Net Banking,True
C20854,Standard,Annual,806.78,Net Banking,True
C20855,Basic,Monthly,460.8,Debit Card,True
C20856,Basic,Monthly,392.98,Net Banking,False
C20857,Basic,Monthly,356.4,Net Banking,False
C20858,Standard,Annual,691.54,Net Banking,True
C20859,Basic,Monthly,318.96,Wallet,True
C20860,Basic,Monthly,313.19,Wallet,True
C20861,Premium,Monthly,1035.8,Debit Card,True
C20862,Standard,Monthly,600.55,UPI,False
C20863,Basic,Monthly,351.69,Debit Card,False
C20864,Premium,Annual,1484.3,Debit Card,True
C20865,Basic,Annual,365.05,Wallet,True
C20866,Basic,Monthly,433.16,Wallet,False
C20867,Basic,Monthly,330.58,Wallet,False
C20868,Standard,Monthly,652.93,Wallet,False
C20869,Premium,Annual,1316.09,Credit Card,True
C20870,Standard,Monthly,711.21,Credit Card,True
C20871,Basic,Monthly,474.73,Credit Card,False
C20872,Standard,Monthly,695.78,Debit Card,False
C20873,Premium,Monthly,1402.67,Wallet,False
C20874,Basic,Annual,436.06,UPI,False
C20875,Premium,Annual,1495.98,Credit Card,False
C20876,Basic,Annual,490.4,Debit Card,False
C20877,Standard,Monthly,690.54,Debit Card,False
C20878,Basic,Monthly,399.36,UPI,False
C20879,Basic,Monthly,304.21,UPI,True
C20880,Standard,Monthly,870.54,UPI,True
C20881,Standard,Annual,816.15,Credit Card,False
C20882,Basic,Monthly,418.32,Wallet,False
C20883,Basic,Annual,474.19,Net Banking,False
C20884,Basic,Annual,469.72,Debit Card,True
C20885,Basic,Monthly,322.28,Net Banking,False
C20886,Standard,Monthly,865.21,Credit Card,False
C20887,Standard,Annual,809.9,UPI,True
C20888,Basic,Monthly,301.18,Credit Card,False
C20889,Basic,Annual,481.24,Credit Card,False
C20890,Basic,Monthly,366.15,UPI,True
C20891,Premium,Monthly,1353.01,Net Banking,True
C20892,Basic,Monthly,375.41,Debit Card,True
C20893,Basic,Monthly,477.1,Credit Card,False
C20894,Basic,Monthly,306.37,Credit Card,False
C20895,Standard,Monthly,789.3,Credit Card,False
C20896,Standard,Annual,759.26,UPI,True
C20897,Basic,Monthly,336.73,UPI,False
C20898,Standard,Monthly,879.53,UPI,True
C20899,Basic,Annual,385.43,Net Banking,False
C20900,Premium,Monthly,1418.4,UPI,False
C20901,Standard,Monthly,615.25,UPI,False
C20902,Basic,Monthly,364.88,Credit Card,False
C20903,Standard,Monthly,673.54,Net Banking,False
C20904,Standard,Annual,744.42,Credit Card,True
C20905,Standard,Monthly,703.42,Net Banking,True
C20906,Standard,Monthly,716.88,Credit Card,False
C20907,Standard,Annual,604.98,Credit Card,True
C20908,Basic,Monthly,484.26,Wallet,True
C20909,Basic,Monthly,454.81,UPI,False
C20910,Basic,Monthly,370.4,Net Banking,False
C20911,Standard,Monthly,599.1,UPI,False
C20912,Basic,Annual,493.61,Credit Card,True
C20913,Basic,Monthly,477.57,Credit Card,False
C20914,Basic,Monthly,394.23,Credit Card,True
C20915,Premium,Annual,1360.96,Wallet,True
C20916,Basic,Monthly,408.59,Credit Card,True
C20917,Basic,Monthly,462.92,Credit Card,False
C20918,Premium,Monthly,1328.14,Credit Card,True
C20919,Basic,Annual,461.41,Credit Card,True
C20920,Premium,Monthly,1236.21,Net Banking,False
C20921,Standard,Monthly,611.84,UPI,True
C20922,Basic,Monthly,480.36,Net Banking,False
C20923,Basic,Monthly,367.89,UPI,True
C20924,Basic,Monthly,483.35,Debit Card,False
C20925,Standard,Annual,771.17,Wallet,False
C20926,Basic,Monthly,299.57,Net Banking,True
C20927,Standard,Monthly,851.85,UPI,True
C20928,Basic,Annual,496.75,UPI,True
C20929,Premium,Monthly,1366.8,Wallet,True
C20930,Basic,Monthly,496.83,Debit Card,True
C20931,Standard,Monthly,773.57,Credit Card,True
C20932,Standard,Monthly,773.51,Wallet,True
C20933,Standard,Annual,729.8,UPI,True
C20934,Standard,Monthly,851.35,Net Banking,True
C20935,Standard,Monthly,799.48,UPI,False
C20936,Standard,Monthly,759.83,UPI,False
C20937,Premium,Monthly,1103.13,Debit Card,False
C20938,Basic,Annual,363.95,Wallet,False
C20939,Basic,Monthly,377.15,Credit Card,True
C20940,Standard,Monthly,678.18,UPI,False
C20941,Basic,Monthly,310.73,Net Banking,False
C20942,Standard,Monthly,703.87,Credit Card,True
C20943,Standard,Monthly,869.61,UPI,True
C20944,Basic,Monthly,408.34,UPI,False
C20945,Standard,Monthly,761.32,UPI,False
C20946,Standard,Annual,855.05,UPI,True
C20947,Standard,Monthly,875.62,Credit Card,True
C20948,Standard,Monthly,676.26,UPI,False
C20949,Basic,Monthly,447.2,Wallet,True
C20950,Standard,Monthly,849.6,Net Banking,True
C20951,Basic,Monthly,436.73,Credit Card,False
C20952,Basic,Monthly,432.26,Debit Card,True
C20953,Standard,Monthly,638.94,UPI,False
C20954,Premium,Monthly,1052.68,Debit Card,True
C20955,Standard,Annual,885.73,Debit Card,True
C20956,Standard,Monthly,714.38,UPI,True
C20957,Premium,Monthly,1250.83,Debit Card,False
C20958,Standard,Monthly,867.77,UPI,True
C20959,Basic,Monthly,356.67,Net Banking,False
C20960,Basic,Monthly,374.1,Debit Card,False
C20961,Basic,Monthly,476.14,Credit Card,True
C20962,Premium,Monthly,1498.49,Net Banking,True
C20963,Standard,Monthly,706.85,UPI,False
C20964,Standard,Annual,644.99,Wallet,True
C20965,Standard,Annual,605.44,Debit Card,False
C20966,Standard,Annual,842.72,UPI,True
C20967,Standard,Monthly,672.84,UPI,False
C20968,Standard,Monthly,613.24,Credit Card,False
C20969,Basic,Annual,338.84,UPI,True
C20970,Standard,Monthly,627.76,Credit Card,False
C20971,Standard,Annual,777.47,UPI,True
C20972,Basic,Monthly,447.15,Debit Card,False
C20973,Premium,Annual,1338.22,UPI,True
C20974,Basic,Monthly,357.41,Credit Card,False
C20975,Standard,Monthly,840.63,Debit Card,False
C20976,Standard,Monthly,822.41,Credit Card,False
C20977,Standard,Annual,719.29,Credit Card,True
C20978,Basic,Annual,462.18,UPI,True
C20979,Standard,Monthly,752.05,Credit Card,False
C20980,Standard,Monthly,689.44,UPI,False
C20981,Standard,Monthly,650.79,Debit Card,True
C20982,Premium,Annual,1243.7,Debit Card,True
C20983,Premium,Annual,1047.79,Wallet,False
C20984,Standard,Monthly,745.72,Net Banking,True
C20985,Standard,Annual,795.9,UPI,False
C20986,Basic,Annual,313.06,Debit Card,True
C20987,Premium,Monthly,1427.24,Credit Card,True
C20988,Standard,Monthly,818.83,Net Banking,False
C20989,Premium,Monthly,1433.4,Credit Card,True
C20990,Basic,Monthly,490.84,Credit Card,False
C20991,Standard,Monthly,641.59,UPI,False
C20992,Premium,Annual,1484.97,Wallet,True
C20993,Basic,Monthly,469.89,UPI,False
C20994,Basic,Monthly,442.17,Credit Card,False
C20995,Premium,Annual,1070.25,Credit Card,True
C20996,Standard,Annual,669.6,UPI,True
C20997,Standard,Annual,763.41,Net Banking,True
C20998,Basic,Monthly,446.6,Debit Card,False
C20999,Premium,Monthly,1441.69,UPI,True
C21000,Standard,Monthly,813.67,UPI,False
C21001,Basic,Annual,454.58,UPI,True
C21002,Premium,Monthly,1258.0,Wallet,True
C21003,Basic,Monthly,339.99,Credit Card,True
C21004,Premium,Monthly,1357.27,Debit Card,False
C21005,Premium,Annual,1203.16,Credit Card,True
C21006,Standard,Monthly,604.94,Credit Card,True
C21007,Basic,Monthly,496.76,Credit Card,False
C21008,Basic,Monthly,489.17,Credit Card,False
C21009,Standard,Monthly,860.42,UPI,True
C21010,Standard,Annual,872.82,Debit Card,False
C21011,Basic,Monthly,371.75,Wallet,False
C21012,Basic,Monthly,397.56,Credit Card,False
C21013,Basic,Monthly,437.84,Debit Card,False
C21014,Premium,Monthly,1334.12,Credit Card,False
C21015,Basic,Monthly,394.8,UPI,False
C21016,Basic,Monthly,365.13,Credit Card,True
C21017,Basic,Monthly,361.71,UPI,False
C21018,Standard,Monthly,853.99,Credit Card,True
C21019,Standard,Monthly,886.92,UPI,True
C21020,Standard,Annual,722.43,Net Banking,True
C21021,Premium,Monthly,1092.57,Debit Card,False
C21022,Basic,Annual,325.75,UPI,True
C21023,Premium,Monthly,1465.26,Wallet,True
C21024,Standard,Annual,702.03,UPI,False
C21025,Basic,Monthly,400.32,Credit Card,True
C21026,Standard,Monthly,881.15,UPI,True
C21027,Basic,Annual,303.6,Debit Card,True
C21028,Basic,Monthly,372.03,Credit Card,True
C21029,Basic,Monthly,344.72,Net Banking,False
C21030,Basic,Monthly,491.34,Credit Card,False
C21031,Basic,Monthly,400.07,UPI,False
C21032,Standard,Monthly,618.33,Credit Card,False
C21033,Basic,Monthly,433.19,Wallet,False
C21034,Basic,Annual,471.78,UPI,True
C21035,Basic,Monthly,333.64,Wallet,True
C21036,Standard,Monthly,826.22,Debit Card,False
C21037,Basic,Monthly,410.19,UPI,True
C21038,Standard,Monthly,729.93,Debit Card,True
C21039,Basic,Monthly,410.54,Credit Card,True
C21040,Basic,Annual,333.41,Debit Card,True
C21041,Basic,Monthly,362.13,Credit Card,False
C21042,Basic,Monthly,380.94,UPI,False
C21043,Standard,Monthly,823.12,UPI,False
C21044,Basic,Annual,397.66,Credit Card,False
C21045,Premium,Annual,1039.24,UPI,True
C21046,Basic,Annual,328.95,Credit Card,False
C21047,Standard,Monthly,671.83,UPI,False
C21048,Premium,Monthly,1056.64,Wallet,True
C21049,Basic,Annual,299.83,Credit Card,True
C21050,Premium,Monthly,1301.95,Credit Card,False
C21051,Premium,Monthly,1417.99,Net Banking,True
C21052,Standard,Monthly,637.61,Debit Card,False
C21053,Standard,Monthly,602.13,Credit Card,False
C21054,Basic,Monthly,414.26,Debit Card,True
C21055,Basic,Annual,306.66,Net Banking,True
C21056,Basic,Annual,475.48,Debit Card,True
C21057,Standard,Monthly,713.4,Credit Card,True
C21058,Basic,Annual,458.3,Credit Card,True
C21059,Standard,Monthly,678.15,Credit Card,False
C21060,Standard,Annual,671.18,Credit Card,True
C21061,Standard,Monthly,602.53,Net Banking,False
C21062,Standard,Annual,782.27,Wallet,True
C21063,Standard,Annual,676.17,Credit Card,True
C21064,Basic,Monthly,453.22,Wallet,False
C21065,Premium,Monthly,1145.06,UPI,True
C21066,Basic,Monthly,317.68,Credit Card,True
C21067,Standard,Annual,822.48,Credit Card,True
C21068,Basic,Monthly,491.99,UPI,False
C21069,Premium,Annual,1259.78,UPI,True
C21070,Basic,Monthly,441.32,Net Banking,True
C21071,Basic,Monthly,413.64,Debit Card,True
C21072,Premium,Annual,1339.51,Credit Card,True
C21073,Standard,Monthly,651.82,UPI,True
C21074,Basic,Monthly,340.8,UPI,False
C21075,Standard,Monthly,741.51,UPI,False
C21076,Premium,Annual,1217.24,Debit Card,True
C21077,Standard,Monthly,607.74,Credit Card,True
C21078,Basic,Annual,384.89,Credit Card,True
C21079,Standard,Annual,636.96,Debit Card,True
C21080,Basic,Monthly,470.96,UPI,True
C21081,Basic,Monthly,489.03,Net Banking,True
C21082,Basic,Monthly,487.07,UPI,False
C21083,Standard,Monthly,681.67,Net Banking,True
C21084,Basic,Monthly,444.97,Net Banking,False
C21085,Premium,Annual,1350.03,UPI,True
C21086,Premium,Annual,1202.55,UPI,True
C21087,Standard,Annual,799.57,UPI,False
C21088,Premium,Annual,1471.05,Credit Card,False
C21089,Premium,Annual,1289.85,UPI,True
C21090,Premium,Monthly,1278.16,UPI,True
C21091,Premium,Annual,1363.38,UPI,False
C21092,Basic,Annual,338.28,Credit Card,True
C21093,Standard,Monthly,750.11,UPI,True
C21094,Standard,Monthly,610.47,Credit Card,False
C21095,Standard,Monthly,823.87,Debit Card,True
C21096,Premium,Annual,1163.69,Credit Card,False
C21097,Standard,Annual,643.35,UPI,False
C21098,Standard,Annual,860.91,UPI,False
C21099,Standard,Monthly,892.22,UPI,False
C21100,Standard,Monthly,717.44,Credit Card,True
C21101,Premium,Monthly,1259.23,Credit Card,False
C21102,Standard,Annual,707.56,Net Banking,True
C21103,Basic,Monthly,497.59,UPI,True
C21104,Standard,Monthly,717.4,UPI,True
C21105,Basic,Monthly,428.81,Debit Card,False
C21106,Standard,Annual,668.82,Debit Card,True
C21107,Basic,Monthly,452.1,UPI,True
C21108,Basic,Monthly,417.68,UPI,False
C21109,Premium,Annual,1451.51,Debit Card,True
C21110,Basic,Annual,347.29,UPI,True
C21111,Basic,Monthly,391.78,Debit Card,False
C21112,Standard,Annual,872.48,UPI,True
C21113,Standard,Annual,694.03,Debit Card,True
C21114,Premium,Monthly,1111.15,Debit Card,False
C21115,Basic,Annual,442.82,UPI,False
C21116,Basic,Monthly,444.87,Credit Card,False
C21117,Standard,Monthly,711.82,UPI,False
C21118,Premium,Annual,1059.7,Wallet,True
C21119,Basic,Monthly,333.74,UPI,True
C21120,Premium,Annual,1122.06,Wallet,True
C21121,Basic,Monthly,360.4,Wallet,False
C21122,Basic,Monthly,358.07,Debit Card,False
C21123,Basic,Annual,435.84,Credit Card,True
C21124,Premium,Monthly,1010.76,Debit Card,True
C21125,Standard,Monthly,738.77,Debit Card,True
C21126,Basic,Monthly,337.53,Wallet,False
C21127,Basic,Annual,396.55,Debit Card,True
C21128,Basic,Monthly,346.41,Wallet,False
C21129,Basic,Annual,441.34,Debit Card,True
C21130,Standard,Monthly,795.05,UPI,True
C21131,Basic,Monthly,337.08,Credit Card,False
C21132,Basic,Monthly,323.41,Credit Card,False
C21133,Standard,Annual,854.92,UPI,True
C21134,Basic,Monthly,316.37,Debit Card,False
C21135,Standard,Monthly,649.9,Credit Card,False
C21136,Premium,Monthly,1026.88,Debit Card,True
C21137,Standard,Annual,741.33,UPI,True
C21138,Basic,Monthly,431.27,Debit Card,False
C21139,Basic,Monthly,352.35,Wallet,False
C21140,Premium,Monthly,1407.49,Debit Card,False
C21141,Basic,Monthly,406.99,Credit Card,False
C21142,Standard,Annual,773.25,Credit Card,False
C21143,Standard,Monthly,637.03,Net Banking,True
C21144,Basic,Monthly,475.11,Credit Card,False
C21145,Basic,Monthly,365.96,Debit Card,True
C21146,Premium,Monthly,1213.38,Credit Card,False
C21147,Basic,Monthly,475.77,Credit Card,True
C21148,Premium,Monthly,1426.34,Debit Card,True
C21149,Basic,Annual,437.52,Debit Card,False
C21150,Standard,Annual,601.32,UPI,True
C21151,Premium,Annual,1427.29,Net Banking,True
C21152,Basic,Annual,315.37,Credit Card,False
C21153,Standard,Monthly,782.23,Credit Card,True
C21154,Basic,Monthly,329.78,Credit Card,False
C21155,Basic,Monthly,445.72,Debit Card,False
C21156,Standard,Monthly,840.75,UPI,True
C21157,Basic,Annual,328.53,Credit Card,True
C21158,Basic,Monthly,428.54,UPI,True
C21159,Basic,Annual,480.46,Debit Card,True
C21160,Basic,Monthly,448.39,UPI,True
C21161,Standard,Monthly,754.2,UPI,True
C21162,Basic,Monthly,352.4,Credit Card,True
C21163,Premium,Monthly,1138.45,UPI,False
C21164,Premium,Annual,1349.49,Net Banking,True
C21165,Standard,Annual,869.29,UPI,False
C21166,Standard,Annual,799.56,Credit Card,True
C21167,Standard,Monthly,606.42,Net Banking,True
C21168,Standard,Monthly,826.98,Debit Card,False
C21169,Premium,Annual,1266.6,Net Banking,True
C21170,Basic,Monthly,435.45,UPI,True
C21171,Basic,Monthly,358.18,Net Banking,False
C21172,Standard,Monthly,795.0,Credit Card,True
C21173,Basic,Annual,336.05,UPI,True
C21174,Premium,Monthly,1311.93,UPI,False
C21175,Standard,Annual,621.06,Credit Card,True
C21176,Standard,Monthly,864.36,Debit Card,False
C21177,Premium,Annual,1402.72,Credit Card,True
C21178,Basic,Annual,314.23,UPI,False
C21179,Standard,Monthly,725.74,Credit Card,False
C21180,Basic,Annual,399.31,Wallet,True
C21181,Standard,Monthly,677.3,UPI,False
C21182,Standard,Monthly,830.56,Debit Card,True
C21183,Basic,Monthly,468.78,Debit Card,False
C21184,Premium,Monthly,1261.67,UPI,False
C21185,Basic,Monthly,350.78,UPI,False
C21186,Premium,Monthly,1329.01,Credit Card,True
C21187,Premium,Monthly,1282.94,UPI,False
C21188,Premium,Annual,1007.51,Wallet,True
C21189,Basic,Annual,352.23,Debit Card,False
C21190,Premium,Monthly,1175.03,UPI,False
C21191,Basic,Monthly,309.87,Credit Card,True
C21192,Premium,Annual,1076.31,Credit Card,True
C21193,Premium,Monthly,1001.72,Debit Card,False
C21194,Premium,Monthly,1134.84,Debit Card,False
C21195,Basic,Annual,361.88,UPI,True
C21196,Basic,Monthly,433.63,Credit Card,False
C21197,Standard,Monthly,740.18,Debit Card,False
C21198,Basic,Monthly,373.68,UPI,False
C21199,Basic,Monthly,312.44,UPI,False
C21200,Basic,Monthly,456.71,UPI,True
C21201,Standard,Monthly,703.18,Credit Card,False
C21202,Basic,Monthly,329.81,Credit Card,False
C21203,Premium,Monthly,1426.89,UPI,False
C21204,Standard,Monthly,746.75,Wallet,False
C21205,Premium,Monthly,1114.2,UPI,True
C21206,Basic,Annual,492.95,Credit Card,True
C21207,Premium,Monthly,1433.1,Wallet,True
C21208,Basic,Annual,337.04,Credit Card,True
C21209,Premium,Annual,1480.09,Credit Card,True
C21210,Standard,Annual,697.18,UPI,True
C21211,Premium,Monthly,1305.5,UPI,False
C21212,Premium,Monthly,1008.43,Net Banking,False
C21213,Basic,Monthly,308.53,Debit Card,False
C21214,Basic,Monthly,405.54,Credit Card,False
C21215,Standard,Annual,888.81,UPI,True
C21216,Basic,Monthly,320.92,Wallet,True
C21217,Premium,Monthly,1159.65,Wallet,False
C21218,Basic,Monthly,395.89,Debit Card,False
C21219,Standard,Monthly,625.79,UPI,False
C21220,Basic,Monthly,452.61,UPI,False
C21221,Premium,Annual,1398.21,UPI,True
C21222,Basic,Monthly,389.99,Wallet,False
C21223,Premium,Monthly,1078.99,Debit Card,False
C21224,Premium,Monthly,1353.33,UPI,False
C21225,Standard,Monthly,681.85,Debit Card,False
C21226,Basic,Monthly,351.36,UPI,False
C21227,Basic,Monthly,339.74,UPI,True
C21228,Standard,Annual,639.06,Credit Card,False
C21229,Standard,Annual,782.65,UPI,True
C21230,Basic,Monthly,399.3,UPI,True
C21231,Basic,Monthly,470.77,Debit Card,False
C21232,Premium,Monthly,1260.22,Wallet,False
C21233,Basic,Monthly,321.59,Wallet,False
C21234,Premium,Annual,1212.37,UPI,True
C21235,Standard,Monthly,777.22,Wallet,False
C21236,Standard,Monthly,895.87,UPI,False
C21237,Basic,Monthly,387.96,Credit Card,True
C21238,Basic,Annual,326.04,Credit Card,True
C21239,Basic,Monthly,358.67,Credit Card,True
C21240,Basic,Monthly,335.72,Wallet,False
C21241,Standard,Monthly,751.58,Debit Card,False
C21242,Basic,Monthly,363.03,Debit Card,False
C21243,Standard,Annual,812.57,UPI,False
C21244,Premium,Annual,1098.59,Debit Card,True
C21245,Basic,Monthly,378.4,Debit Card,False
C21246,Standard,Monthly,706.33,Credit Card,True
C21247,Standard,Annual,741.49,UPI,True
C21248,Premium,Monthly,1107.98,Credit Card,False
C21249,Basic,Monthly,340.32,UPI,True
C21250,Standard,Monthly,796.71,Credit Card,False
C21251,Basic,Monthly,321.04,Credit Card,False
C21252,Standard,Annual,771.78,UPI,False
C21253,Premium,Monthly,1294.96,Debit Card,True
C21254,Premium,Monthly,1412.59,Credit Card,True
C21255,Standard,Annual,618.77,Credit Card,True
C21256,Standard,Monthly,699.58,Net Banking,False
C21257,Standard,Annual,712.7,Debit Card,True
C21258,Basic,Annual,443.62,Net Banking,True
C21259,Basic,Annual,436.2,Wallet,False
C21260,Basic,Monthly,355.96,Wallet,False
C21261,Premium,Monthly,1221.56,Net Banking,False
C21262,Basic,Monthly,458.46,Credit Card,False
C21263,Basic,Annual,337.49,Credit Card,True
C21264,Basic,Monthly,490.75,Debit Card,False
C21265,Basic,Monthly,364.77,Credit Card,True
C21266,Standard,Monthly,744.41,Credit Card,False
C21267,Basic,Annual,350.37,Wallet,False
C21268,Premium,Annual,1482.44,Credit Card,True
C21269,Basic,Monthly,316.63,Wallet,True
C21270,Standard,Monthly,697.11,UPI,True
C21271,Basic,Monthly,359.11,Wallet,False
C21272,Basic,Monthly,410.1,Credit Card,True
C21273,Standard,Annual,781.65,UPI,True
C21274,Basic,Monthly,386.0,Credit Card,False
C21275,Basic,Monthly,449.25,Credit Card,False
C21276,Standard,Monthly,833.23,Net Banking,False
C21277,Standard,Monthly,856.3,Debit Card,False
C21278,Standard,Monthly,763.86,Credit Card,True
C21279,Premium,Monthly,1091.45,Debit Card,False
C21280,Basic,Annual,444.06,Net Banking,True
C21281,Basic,Monthly,306.97,Debit Card,False
C21282,Basic,Monthly,362.13,Debit Card,True
C21283,Standard,Monthly,702.91,UPI,False
C21284,Premium,Annual,1284.87,Net Banking,True
C21285,Standard,Monthly,823.31,Debit Card,False
C21286,Standard,Monthly,727.55,Credit Card,False
C21287,Basic,Annual,357.15,Credit Card,False
C21288,Basic,Annual,447.66,Credit Card,True
C21289,Basic,Monthly,434.85,Wallet,False
C21290,Basic,Annual,351.78,UPI,False
C21291,Standard,Monthly,759.14,UPI,False
C21292,Premium,Monthly,1155.86,UPI,True
C21293,Basic,Monthly,367.3,UPI,False
C21294,Standard,Monthly,674.43,Wallet,True
C21295,Standard,Monthly,790.42,Debit Card,False
C21296,Premium,Annual,1095.16,Debit Card,True
C21297,Standard,Monthly,774.4,Wallet,False
C21298,Basic,Monthly,478.43,Debit Card,True
C21299,Standard,Annual,691.45,Debit Card,True
C21300,Standard,Monthly,805.32,Wallet,False
C21301,Basic,Monthly,468.82,Credit Card,False
C21302,Standard,Monthly,736.91,UPI,True
C21303,Basic,Monthly,493.73,Credit Card,False
C21304,Premium,Monthly,1491.82,Credit Card,False
C21305,Basic,Monthly,308.09,Credit Card,False
C21306,Standard,Monthly,891.98,Net Banking,False
C21307,Premium,Monthly,1328.44,UPI,True
C21308,Premium,Monthly,1051.81,Credit Card,False
C21309,Basic,Annual,312.07,Credit Card,False
C21310,Premium,Monthly,1400.81,Credit Card,False
C21311,Premium,Monthly,1236.3,Credit Card,False
C21312,Premium,Annual,1213.88,UPI,True
C21313,Basic,Monthly,326.88,Net Banking,False
C21314,Basic,Annual,357.22,UPI,True
C21315,Standard,Monthly,841.66,Credit Card,False
C21316,Basic,Annual,498.6,Debit Card,True
C21317,Standard,Monthly,723.65,Credit Card,False
C21318,Premium,Annual,1335.45,Debit Card,True
C21319,Basic,Monthly,467.66,Credit Card,False
C21320,Basic,Monthly,362.6,Net Banking,False
C21321,Basic,Monthly,387.65,Wallet,False
C21322,Basic,Monthly,338.37,Credit Card,True
C21323,Premium,Annual,1395.06,UPI,False
C21324,Standard,Annual,753.58,Credit Card,True
C21325,Premium,Annual,1074.32,Debit Card,True
C21326,Standard,Monthly,879.13,UPI,False
C21327,Premium,Monthly,1046.99,Debit Card,False
C21328,Basic,Monthly,399.23,Net Banking,True
C21329,Premium,Annual,1295.73,Debit Card,True
C21330,Basic,Annual,475.75,Debit Card,True
C21331,Premium,Monthly,1053.77,Debit Card,True
C21332,Basic,Monthly,345.64,Credit Card,False
C21333,Standard,Annual,638.62,Net Banking,True
C21334,Basic,Monthly,395.88,Net Banking,False
C21335,Premium,Monthly,1291.33,Credit Card,True
C21336,Standard,Monthly,780.45,Credit Card,False
C21337,Premium,Annual,1289.77,UPI,True
C21338,Standard,Monthly,646.97,UPI,True
C21339,Basic,Monthly,468.02,Net Banking,True
C21340,Standard,Annual,624.29,UPI,False
C21341,Basic,Monthly,392.32,UPI,False
C21342,Basic,Monthly,322.69,Credit Card,False
C21343,Basic,Monthly,417.4,UPI,True
C21344,Premium,Monthly,1472.57,UPI,False
C21345,Basic,Monthly,404.88,Debit Card,False
C21346,Standard,Monthly,780.57,Wallet,True
C21347,Premium,Annual,1020.39,Net Banking,True
C21348,Standard,Monthly,876.92,Debit Card,True
C21349,Standard,Monthly,789.97,UPI,True
C21350,Premium,Monthly,1041.76,Net Banking,False
C21351,Basic,Annual,352.38,Credit Card,True
C21352,Basic,Monthly,489.31,Debit Card,True
C21353,Basic,Monthly,436.04,UPI,True
C21354,Standard,Monthly,640.81,Debit Card,True
C21355,Basic,Monthly,339.26,Debit Card,False
C21356,Basic,Annual,357.84,Credit Card,True
C21357,Standard,Annual,768.37,Credit Card,True
C21358,Premium,Monthly,1125.53,Net Banking,False
C21359,Basic,Monthly,482.97,UPI,False
C21360,Standard,Monthly,866.78,Net Banking,False
C21361,Standard,Monthly,867.97,UPI,False
C21362,Basic,Monthly,409.35,Debit Card,False
C21363,Standard,Monthly,746.77,Credit Card,False
C21364,Premium,Monthly,1281.58,Net Banking,False
C21365,Basic,Annual,391.86,UPI,False
C21366,Standard,Monthly,736.53,UPI,False
C21367,Standard,Monthly,646.03,UPI,True
C21368,Standard,Annual,757.12,Credit Card,True
C21369,Premium,Monthly,1355.59,Net Banking,False
C21370,Standard,Annual,891.55,Debit Card,False
C21371,Standard,Annual,749.34,Wallet,False
C21372,Basic,Monthly,486.63,UPI,True
C21373,Premium,Monthly,1322.04,Debit Card,False
C21374,Standard,Monthly,639.93,Wallet,False
C21375,Standard,Annual,845.52,Debit Card,False
C21376,Basic,Monthly,384.17,UPI,True
C21377,Basic,Monthly,477.52,UPI,True
C21378,Standard,Monthly,800.46,UPI,False
C21379,Basic,Annual,335.38,Debit Card,True
C21380,Basic,Monthly,487.87,UPI,False
C21381,Basic,Monthly,357.13,Debit Card,True
C21382,Premium,Monthly,1472.27,Wallet,False
C21383,Premium,Monthly,1029.84,UPI,False
C21384,Premium,Monthly,1074.68,Debit Card,False
C21385,Standard,Annual,862.58,Wallet,True
C21386,Basic,Monthly,482.16,Net Banking,False
C21387,Standard,Annual,625.86,Net Banking,False
C21388,Standard,Monthly,646.4,Net Banking,False
C21389,Basic,Annual,457.69,Credit Card,True
C21390,Standard,Annual,646.87,Credit Card,True
C21391,Premium,Monthly,1006.48,Wallet,True
C21392,Premium,Annual,1432.18,Debit Card,True
C21393,Standard,Monthly,804.97,Debit Card,True
C21394,Basic,Monthly,344.25,Credit Card,True
C21395,Basic,Annual,322.46,UPI,True
C21396,Basic,Annual,430.59,UPI,True
C21397,Basic,Monthly,318.24,UPI,False
C21398,Basic,Monthly,474.61,UPI,False
C21399,Premium,Annual,1286.43,Debit Card,True
C21400,Basic,Annual,332.37,Debit Card,True
C21401,Basic,Monthly,300.34,Net Banking,False
C21402,Standard,Annual,731.62,UPI,True
C21403,Standard,Monthly,808.09,UPI,True
C21404,Standard,Annual,858.39,Debit Card,True
C21405,Standard,Monthly,701.35,Credit Card,False
C21406,Standard,Annual,746.29,UPI,False
C21407,Basic,Annual,391.1,UPI,False
C21408,Premium,Monthly,1014.25,UPI,True
C21409,Premium,Annual,1350.17,Debit Card,False
C21410,Premium,Monthly,1211.11,Wallet,True
C21411,Premium,Monthly,1319.56,Credit Card,True
C21412,Basic,Annual,386.35,Credit Card,True
C21413,Standard,Monthly,637.24,Debit Card,False
C21414,Standard,Annual,652.98,Credit Card,False
C21415,Standard,Annual,687.51,Debit Card,False
C21416,Standard,Monthly,651.11,Debit Card,True
C21417,Standard,Annual,760.43,Debit Card,True
C21418,Standard,Annual,802.02,Credit Card,False
C21419,Basic,Monthly,346.36,Wallet,True
C21420,Premium,Annual,1428.01,UPI,True
C21421,Standard,Monthly,690.25,Net Banking,False
C21422,Standard,Annual,770.5,Credit Card,False
C21423,Standard,Monthly,798.32,Credit Card,False
C21424,Basic,Monthly,480.31,UPI,True
C21425,Basic,Monthly,430.23,Wallet,True
C21426,Basic,Monthly,327.85,UPI,False
C21427,Basic,Annual,353.34,Credit Card,True
C21428,Standard,Monthly,861.46,Wallet,False
C21429,Basic,Monthly,447.0,UPI,True
C21430,Standard,Monthly,705.51,UPI,True
C21431,Premium,Monthly,1178.12,Credit Card,False
C21432,Standard,Annual,871.24,UPI,True
C21433,Premium,Annual,1475.85,Debit Card,True
C21434,Basic,Monthly,462.45,Debit Card,False
C21435,Standard,Monthly,746.86,Net Banking,True
C21436,Basic,Annual,303.24,UPI,True
C21437,Premium,Annual,1467.35,Credit Card,True
C21438,Basic,Monthly,453.75,Net Banking,True
C21439,Standard,Monthly,674.16,Credit Card,False
C21440,Basic,Monthly,417.04,Credit Card,False
C21441,Premium,Annual,1040.95,Debit Card,True
C21442,Standard,Annual,783.07,UPI,True
C21443,Basic,Annual,368.55,Credit Card,True
C21444,Basic,Annual,446.5,UPI,True
C21445,Basic,Annual,364.63,Net Banking,True
C21446,Basic,Monthly,312.26,Debit Card,True
C21447,Standard,Annual,891.7,Credit Card,True
C21448,Standard,Monthly,668.49,UPI,False
C21449,Premium,Monthly,1365.24,UPI,True
C21450,Basic,Monthly,344.25,UPI,True
C21451,Standard,Monthly,816.88,UPI,True
C21452,Premium,Monthly,1369.82,UPI,False
C21453,Standard,Monthly,704.37,Debit Card,False
C21454,Standard,Monthly,660.54,Wallet,True
C21455,Premium,Monthly,1431.18,Credit Card,True
C21456,Standard,Annual,826.23,Credit Card,False
C21457,Premium,Annual,1317.24,Credit Card,True
C21458,Premium,Annual,1045.12,Wallet,True
C21459,Premium,Monthly,1466.53,Debit Card,False
C21460,Basic,Monthly,483.05,Debit Card,False
C21461,Basic,Annual,496.46,Credit Card,True
C21462,Basic,Annual,433.4,Credit Card,True
C21463,Basic,Monthly,497.17,UPI,False
C21464,Standard,Monthly,850.57,Debit Card,True
C21465,Standard,Monthly,890.1,Wallet,False
C21466,Premium,Annual,1350.44,Debit Card,True
C21467,Standard,Monthly,628.61,UPI,True
C21468,Basic,Monthly,303.01,Net Banking,False
C21469,Basic,Monthly,343.77,Credit Card,True
C21470,Basic,Annual,473.47,Debit Card,True
C21471,Basic,Annual,353.98,UPI,True
C21472,Basic,Annual,361.25,Credit Card,True
C21473,Standard,Monthly,715.6,Debit Card,False
C21474,Standard,Annual,872.73,UPI,True
C21475,Basic,Monthly,306.49,UPI,False
C21476,Basic,Monthly,310.36,Credit Card,True
C21477,Basic,Monthly,455.97,Credit Card,False
C21478,Standard,Monthly,654.51,UPI,False
C21479,Basic,Monthly,466.61,Credit Card,False
C21480,Premium,Monthly,1457.43,Credit Card,False
C21481,Basic,Annual,356.98,UPI,False
C21482,Basic,Monthly,441.08,UPI,False
C21483,Basic,Monthly,456.75,Net Banking,False
C21484,Standard,Monthly,711.72,UPI,True
C21485,Premium,Monthly,1207.66,UPI,True
C21486,Standard,Annual,826.97,Debit Card,False
C21487,Basic,Annual,371.55,Wallet,True
C21488,Standard,Monthly,881.36,UPI,True
C21489,Premium,Annual,1493.21,Wallet,True
C21490,Standard,Monthly,810.45,Wallet,True
C21491,Standard,Annual,830.57,Debit Card,True
C21492,Standard,Annual,893.6,Credit Card,True
C21493,Standard,Monthly,670.28,Debit Card,False
C21494,Basic,Monthly,429.35,Credit Card,False
C21495,Standard,Annual,819.43,Credit Card,True
C21496,Basic,Monthly,363.68,UPI,True
C21497,Basic,Monthly,411.73,Debit Card,False
C21498,Premium,Annual,1221.41,Credit Card,True
C21499,Basic,Annual,431.83,Credit Card,False
C21500,Basic,Annual,449.62,Debit Card,True
C21501,Basic,Monthly,303.9,Net Banking,True
C21502,Standard,Monthly,728.11,Wallet,False
C21503,Standard,Monthly,799.68,Credit Card,True
C21504,Standard,Monthly,826.91,Credit Card,False
C21505,Standard,Monthly,768.91,UPI,False
C21506,Standard,Monthly,768.3,Net Banking,False
C21507,Standard,Annual,738.56,UPI,True
C21508,Premium,Monthly,1384.03,Wallet,False
C21509,Standard,Monthly,897.89,Wallet,False
C21510,Standard,Monthly,851.15,Credit Card,False
C21511,Standard,Monthly,686.76,UPI,True
C21512,Standard,Monthly,820.42,Debit Card,False
C21513,Basic,Monthly,427.03,Wallet,False
C21514,Standard,Monthly,639.46,UPI,False
C21515,Standard,Monthly,600.5,Net Banking,True
C21516,Standard,Annual,746.61,Debit Card,False
C21517,Standard,Annual,613.47,Wallet,True
C21518,Standard,Annual,852.39,Credit Card,True
C21519,Basic,Monthly,384.78,Credit Card,True
C21520,Standard,Monthly,644.64,Credit Card,False
C21521,Premium,Monthly,1080.23,Debit Card,False
C21522,Basic,Annual,362.59,Wallet,True
C21523,Premium,Monthly,1149.66,Debit Card,True
C21524,Premium,Monthly,1145.19,Credit Card,False
C21525,Standard,Monthly,708.23,Credit Card,False
C21526,Basic,Monthly,457.27,Credit Card,False
C21527,Premium,Monthly,1029.14,UPI,True
C21528,Basic,Monthly,403.14,Wallet,False
C21529,Basic,Monthly,317.13,Credit Card,False
C21530,Basic,Annual,372.83,Credit Card,True
C21531,Premium,Monthly,1403.64,Wallet,False
C21532,Premium,Monthly,1107.57,Wallet,True
C21533,Basic,Monthly,433.3,Credit Card,False
C21534,Basic,Monthly,330.22,Debit Card,True
C21535,Basic,Monthly,474.02,Wallet,False
C21536,Basic,Annual,309.83,UPI,True
C21537,Standard,Annual,617.88,UPI,False
C21538,Basic,Monthly,299.28,Wallet,True
C21539,Premium,Monthly,1382.22,UPI,True
C21540,Basic,Annual,302.91,Wallet,True
C21541,Basic,Monthly,433.37,Credit Card,True
C21542,Basic,Monthly,306.3,Debit Card,False
C21543,Basic,Monthly,495.71,Wallet,False
C21544,Basic,Monthly,473.79,Debit Card,False
C21545,Standard,Annual,670.28,Net Banking,False
C21546,Premium,Monthly,1469.02,UPI,False
C21547,Basic,Annual,442.62,Debit Card,True
C21548,Basic,Monthly,455.25,UPI,False
C21549,Standard,Monthly,873.29,Debit Card,False
C21550,Basic,Monthly,322.26,Wallet,False
C21551,Standard,Monthly,718.51,Wallet,False
C21552,Basic,Monthly,401.07,Credit Card,False
C21553,Standard,Monthly,767.41,UPI,True
C21554,Basic,Monthly,312.92,Debit Card,False
C21555,Basic,Monthly,452.91,UPI,True
C21556,Basic,Annual,336.41,Credit Card,True
C21557,Basic,Monthly,443.97,UPI,False
C21558,Standard,Monthly,700.51,UPI,False
C21559,Basic,Monthly,454.2,UPI,True
C21560,Basic,Annual,441.66,Credit Card,True
C21561,Basic,Annual,448.22,Credit Card,True
C21562,Premium,Monthly,1316.51,UPI,False
C21563,Standard,Monthly,845.58,Credit Card,False
C21564,Basic,Monthly,331.96,Debit Card,False
C21565,Basic,Monthly,486.86,UPI,False
C21566,Standard,Monthly,704.1,Credit Card,False
C21567,Basic,Monthly,393.75,UPI,False
C21568,Standard,Monthly,797.06,Wallet,False
C21569,Standard,Monthly,800.22,Wallet,False
C21570,Basic,Annual,480.58,Wallet,True
C21571,Basic,Monthly,384.5,Credit Card,False
C21572,Premium,Annual,1168.43,UPI,False
C21573,Basic,Annual,388.18,UPI,True
C21574,Standard,Monthly,873.07,Credit Card,False
C21575,Basic,Monthly,420.76,Net Banking,True
C21576,Basic,Monthly,376.1,Debit Card,False
C21577,Standard,Monthly,841.26,Credit Card,False
C21578,Standard,Monthly,771.27,Credit Card,True
C21579,Basic,Monthly,401.66,Debit Card,False
C21580,Basic,Monthly,453.76,Net Banking,False
C21581,Basic,Monthly,407.72,UPI,False
C21582,Basic,Monthly,314.77,Debit Card,True
C21583,Basic,Monthly,326.83,UPI,False
C21584,Basic,Monthly,474.16,Debit Card,False
C21585,Basic,Monthly,482.12,Debit Card,False
C21586,Premium,Annual,1194.61,UPI,True
C21587,Basic,Monthly,452.31,Debit Card,True
C21588,Basic,Annual,327.15,Credit Card,True
C21589,Basic,Annual,346.46,Net Banking,True
C21590,Basic,Monthly,345.6,Credit Card,False
C21591,Premium,Monthly,1413.66,Wallet,False
C21592,Basic,Monthly,310.19,UPI,True
C21593,Basic,Monthly,354.36,UPI,False
C21594,Basic,Annual,454.73,Credit Card,True
C21595,Standard,Annual,730.51,Net Banking,True
C21596,Standard,Monthly,628.88,Debit Card,False
C21597,Standard,Monthly,784.2,UPI,False
C21598,Basic,Annual,345.09,UPI,True
C21599,Basic,Annual,352.22,Credit Card,True
C21600,Basic,Monthly,458.22,Wallet,True
C21601,Basic,Monthly,466.41,Debit Card,False
C21602,Basic,Monthly,426.64,Credit Card,True
C21603,Standard,Monthly,763.43,Credit Card,False
C21604,Basic,Monthly,435.15,UPI,False
C21605,Standard,Monthly,828.17,Credit Card,False
C21606,Standard,Annual,662.05,Debit Card,True
C21607,Standard,Monthly,780.53,Credit Card,False
C21608,Standard,Annual,803.47,Credit Card,False
C21609,Basic,Monthly,393.17,Credit Card,False
C21610,Basic,Monthly,318.27,Wallet,True
C21611,Standard,Monthly,877.56,Debit Card,False
C21612,Standard,Monthly,630.28,Wallet,False
C21613,Premium,Monthly,1005.5,UPI,False
C21614,Basic,Monthly,425.34,UPI,False
C21615,Standard,Monthly,867.61,UPI,False
C21616,Basic,Annual,331.2,UPI,False
C21617,Standard,Annual,632.46,Wallet,True
C21618,Basic,Annual,320.28,Debit Card,False
C21619,Standard,Monthly,797.46,Credit Card,False
C21620,Premium,Annual,1421.88,Credit Card,False
C21621,Premium,Monthly,1250.58,UPI,False
C21622,Basic,Monthly,355.81,Credit Card,True
C21623,Basic,Monthly,313.59,UPI,False
C21624,Standard,Monthly,896.27,Debit Card,False
C21625,Basic,Monthly,453.62,Wallet,False
C21626,Basic,Annual,354.37,Debit Card,False
C21627,Premium,Monthly,1355.85,Debit Card,True
C21628,Basic,Monthly,413.76,Debit Card,False
C21629,Standard,Monthly,708.71,Credit Card,True
C21630,Standard,Monthly,662.42,Wallet,False
C21631,Basic,Monthly,359.56,UPI,False
C21632,Basic,Monthly,380.13,UPI,False
C21633,Basic,Monthly,431.86,Debit Card,False
C21634,Basic,Annual,367.17,UPI,False
C21635,Basic,Annual,491.07,Wallet,True
C21636,Basic,Monthly,367.73,Debit Card,True
C21637,Basic,Monthly,408.21,Credit Card,False
C21638,Standard,Monthly,723.09,Credit Card,False
C21639,Basic,Annual,413.27,UPI,True
C21640,Basic,Annual,443.2,Debit Card,False
C21641,Basic,Monthly,461.64,Debit Card,False
C21642,Basic,Monthly,400.68,Net Banking,True
C21643,Premium,Monthly,1353.45,Credit Card,True
C21644,Premium,Annual,1099.67,Debit Card,False
C21645,Standard,Annual,622.84,UPI,True
C21646,Basic,Monthly,407.41,Credit Card,True
C21647,Premium,Monthly,1263.31,UPI,True
C21648,Standard,Annual,855.89,Debit Card,True
C21649,Basic,Annual,391.02,Debit Card,True
C21650,Standard,Annual,709.67,Credit Card,False
C21651,Premium,Monthly,1497.71,Credit Card,False
C21652,Basic,Monthly,333.37,Debit Card,True
C21653,Basic,Annual,359.84,Wallet,True
C21654,Basic,Monthly,370.97,Debit Card,False
C21655,Standard,Monthly,709.87,Wallet,False
C21656,Basic,Monthly,375.47,UPI,True
C21657,Basic,Annual,366.85,Credit Card,False
C21658,Basic,Monthly,416.83,Debit Card,True
C21659,Premium,Monthly,1205.27,Credit Card,True
C21660,Basic,Monthly,479.99,UPI,False
C21661,Basic,Monthly,459.14,Credit Card,True
C21662,Standard,Monthly,804.55,UPI,True
C21663,Standard,Annual,661.65,Credit Card,True
C21664,Standard,Monthly,882.13,Net Banking,False
C21665,Standard,Monthly,749.0,UPI,True
C21666,Standard,Monthly,691.21,Credit Card,False
C21667,Standard,Annual,828.55,Wallet,True
C21668,Premium,Annual,1240.73,Credit Card,True
C21669,Basic,Monthly,386.96,Debit Card,True
C21670,Premium,Monthly,1243.28,Debit Card,True
C21671,Basic,Annual,345.62,UPI,True
C21672,Standard,Monthly,802.0,Credit Card,True
C21673,Basic,Monthly,448.25,Net Banking,False
C21674,Standard,Monthly,826.6,Debit Card,False
C21675,Premium,Annual,1371.06,UPI,True
C21676,Premium,Monthly,1436.73,Credit Card,True
C21677,Premium,Monthly,1228.49,UPI,False
C21678,Standard,Monthly,812.1,Credit Card,False
C21679,Basic,Annual,416.82,Net Banking,True
C21680,Basic,Monthly,405.89,UPI,True
C21681,Standard,Monthly,853.86,Net Banking,True
C21682,Standard,Annual,696.53,UPI,True
C21683,Basic,Monthly,345.61,UPI,True
C21684,Standard,Monthly,802.73,Wallet,False
C21685,Basic,Annual,414.03,Credit Card,True
C21686,Basic,Monthly,364.67,UPI,False
C21687,Basic,Monthly,349.82,Wallet,False
C21688,Premium,Monthly,1364.37,Debit Card,True
C21689,Basic,Annual,384.56,Debit Card,True
C21690,Standard,Monthly,849.84,Credit Card,False
C21691,Basic,Monthly,317.16,UPI,True
C21692,Basic,Annual,441.48,Net Banking,True
C21693,Basic,Annual,419.01,UPI,True
C21694,Standard,Monthly,851.22,UPI,True
C21695,Standard,Monthly,729.0,Credit Card,False
C21696,Standard,Monthly,893.66,Debit Card,False
C21697,Standard,Monthly,832.78,UPI,False
C21698,Premium,Annual,1065.85,Net Banking,True
C21699,Premium,Monthly,1494.84,Credit Card,False
C21700,Standard,Annual,857.42,Credit Card,True
C21701,Basic,Monthly,416.95,UPI,False
C21702,Basic,Monthly,392.54,Net Banking,False
C21703,Basic,Monthly,330.35,Wallet,False
C21704,Premium,Monthly,1333.45,Debit Card,True
C21705,Standard,Monthly,784.66,UPI,False
C21706,Premium,Annual,1292.82,Credit Card,True
C21707,Premium,Monthly,1380.56,Debit Card,False
C21708,Basic,Monthly,467.14,UPI,True
C21709,Standard,Monthly,836.24,Credit Card,True
C21710,Standard,Monthly,888.21,UPI,True
C21711,Basic,Monthly,421.4,Credit Card,True
C21712,Standard,Monthly,689.04,UPI,False
C21713,Basic,Annual,426.75,Credit Card,True
C21714,Basic,Annual,412.26,Net Banking,True
C21715,Standard,Monthly,792.39,Credit Card,False
C21716,Premium,Monthly,1062.61,Net Banking,False
C21717,Basic,Annual,368.38,UPI,True
C21718,Premium,Monthly,1393.51,Credit Card,False
C21719,Basic,Annual,321.98,Net Banking,True
C21720,Basic,Annual,449.67,Credit Card,True
C21721,Premium,Monthly,1161.59,UPI,False
C21722,Basic,Monthly,445.89,Credit Card,True
C21723,Standard,Monthly,873.25,Wallet,True
C21724,Basic,Monthly,497.2,Debit Card,False
C21725,Basic,Annual,332.54,Credit Card,True
C21726,Premium,Monthly,1450.42,UPI,False
C21727,Basic,Annual,408.49,Net Banking,False
C21728,Premium,Monthly,1155.67,Net Banking,False
C21729,Basic,Monthly,392.85,Credit Card,True
C21730,Standard,Monthly,732.59,Net Banking,True
C21731,Basic,Annual,447.27,Credit Card,True
C21732,Basic,Monthly,488.08,Net Banking,True
C21733,Basic,Monthly,404.19,Credit Card,True
C21734,Premium,Annual,1088.27,Credit Card,True
C21735,Standard,Monthly,746.37,UPI,False
C21736,Standard,Monthly,701.93,Debit Card,False
C21737,Basic,Monthly,456.93,Debit Card,False
C21738,Standard,Monthly,751.07,UPI,False
C21739,Basic,Monthly,434.48,Credit Card,False
C21740,Basic,Annual,441.75,Debit Card,True
C21741,Standard,Monthly,712.28,Credit Card,False
C21742,Premium,Monthly,1322.44,UPI,True
C21743,Premium,Annual,1003.1,Debit Card,True
C21744,Premium,Annual,1138.9,Debit Card,True
C21745,Premium,Annual,1201.93,Wallet,True
C21746,Standard,Annual,782.24,UPI,True
C21747,Standard,Monthly,807.25,UPI,True
C21748,Basic,Annual,376.05,Debit Card,False
C21749,Standard,Annual,766.2,Wallet,True
C21750,Basic,Monthly,366.61,Net Banking,False
C21751,Standard,Monthly,623.88,Wallet,True
C21752,Basic,Monthly,398.24,Credit Card,False
C21753,Premium,Monthly,1367.93,Credit Card,False
C21754,Basic,Annual,482.07,Debit Card,True
C21755,Basic,Monthly,486.93,UPI,False
C21756,Basic,Annual,344.14,UPI,True
C21757,Basic,Monthly,363.73,Credit Card,True
C21758,Basic,Annual,420.75,Wallet,True
C21759,Basic,Monthly,414.02,Credit Card,True
C21760,Premium,Monthly,1344.77,UPI,True
C21761,Basic,Monthly,394.99,Wallet,False
C21762,Basic,Monthly,460.02,Credit Card,False
C21763,Premium,Monthly,1196.76,UPI,False
C21764,Basic,Annual,323.25,Debit Card,True
C21765,Standard,Monthly,739.59,Debit Card,True
C21766,Standard,Monthly,710.71,UPI,True
C21767,Basic,Monthly,487.46,UPI,False
C21768,Basic,Monthly,347.43,Debit Card,False
C21769,Standard,Monthly,802.21,Wallet,False
C21770,Basic,Annual,496.75,Credit Card,False
C21771,Basic,Annual,442.5,UPI,True
C21772,Premium,Monthly,1188.14,Credit Card,True
C21773,Standard,Monthly,828.25,UPI,False
C21774,Basic,Monthly,300.06,UPI,True
C21775,Basic,Annual,361.32,Credit Card,True
C21776,Standard,Monthly,600.68,Debit Card,False
C21777,Basic,Monthly,322.49,Credit Card,False
C21778,Basic,Monthly,322.23,UPI,False
C21779,Basic,Annual,445.75,UPI,True
C21780,Basic,Monthly,491.16,Debit Card,True
C21781,Basic,Monthly,336.97,UPI,False
C21782,Basic,Annual,459.08,Net Banking,False
C21783,Premium,Annual,1064.3,Credit Card,True
C21784,Standard,Monthly,758.53,Net Banking,False
C21785,Basic,Annual,353.71,Wallet,True
C21786,Standard,Monthly,893.42,Credit Card,False
C21787,Basic,Monthly,406.78,Credit Card,False
C21788,Standard,Monthly,676.07,Credit Card,False
C21789,Basic,Monthly,418.41,Wallet,True
C21790,Premium,Annual,1130.4,Credit Card,True
C21791,Basic,Monthly,368.84,UPI,True
C21792,Basic,Annual,334.65,Debit Card,False
C21793,Premium,Monthly,1066.19,Debit Card,False
C21794,Premium,Monthly,1482.12,UPI,True
C21795,Basic,Monthly,321.63,Credit Card,False
C21796,Premium,Monthly,1004.52,Credit Card,False
C21797,Standard,Annual,865.79,Wallet,True
C21798,Basic,Annual,324.46,UPI,True
C21799,Basic,Monthly,406.22,Wallet,False
C21800,Premium,Monthly,1473.37,Credit Card,False
C21801,Premium,Monthly,1465.17,Debit Card,True
C21802,Standard,Monthly,840.33,Debit Card,True
C21803,Standard,Monthly,678.87,Wallet,False
C21804,Basic,Monthly,477.82,Credit Card,True
C21805,Basic,Monthly,435.61,Net Banking,False
C21806,Basic,Annual,446.43,UPI,True
C21807,Standard,Annual,759.9,Net Banking,False
C21808,Basic,Monthly,316.38,Credit Card,True
C21809,Basic,Monthly,359.74,Credit Card,False
C21810,Basic,Monthly,438.42,Debit Card,True
C21811,Premium,Monthly,1252.65,UPI,False
C21812,Premium,Monthly,1196.18,Net Banking,True
C21813,Premium,Monthly,1168.45,Debit Card,True
C21814,Standard,Monthly,698.59,UPI,True
C21815,Standard,Annual,768.76,Net Banking,True
C21816,Standard,Annual,717.53,Credit Card,False
C21817,Basic,Monthly,424.83,Credit Card,False
C21818,Standard,Annual,626.13,Debit Card,True
C21819,Basic,Monthly,447.64,Credit Card,True
C21820,Basic,Monthly,495.57,Wallet,False
C21821,Premium,Monthly,1370.19,UPI,False
C21822,Standard,Monthly,797.36,UPI,True
C21823,Basic,Monthly,355.7,UPI,False
C21824,Basic,Monthly,420.02,UPI,True
C21825,Basic,Monthly,426.24,Debit Card,False
C21826,Standard,Annual,821.37,Debit Card,False
C21827,Basic,Monthly,306.4,Debit Card,False
C21828,Standard,Annual,707.15,UPI,True
C21829,Premium,Monthly,1463.49,UPI,True
C21830,Standard,Monthly,705.37,Debit Card,False
C21831,Standard,Annual,706.66,UPI,True
C21832,Premium,Monthly,1010.91,Credit Card,False
C21833,Basic,Monthly,382.0,Debit Card,False
C21834,Basic,Monthly,493.45,UPI,True
C21835,Standard,Monthly,869.04,UPI,True
C21836,Basic,Annual,355.76,Wallet,False
C21837,Premium,Monthly,1254.55,UPI,False
C21838,Basic,Monthly,425.16,Debit Card,True
C21839,Basic,Monthly,460.09,Credit Card,False
C21840,Standard,Monthly,850.94,Credit Card,False
C21841,Basic,Monthly,362.28,Debit Card,True
C21842,Basic,Monthly,372.55,UPI,False
C21843,Premium,Monthly,1345.2,Net Banking,True
C21844,Basic,Annual,380.12,Credit Card,False
C21845,Basic,Monthly,392.78,Net Banking,True
C21846,Basic,Monthly,437.53,Credit Card,True
C21847,Standard,Monthly,688.62,Net Banking,False
C21848,Basic,Annual,354.97,UPI,False
C21849,Basic,Annual,303.34,UPI,True
C21850,Standard,Monthly,627.32,Debit Card,False
C21851,Premium,Monthly,1468.57,UPI,False
C21852,Standard,Annual,875.94,Wallet,True
C21853,Standard,Monthly,829.38,Debit Card,False
C21854,Basic,Monthly,338.65,Wallet,False
C21855,Basic,Monthly,427.07,UPI,False
C21856,Basic,Monthly,477.44,UPI,True
C21857,Premium,Monthly,1220.99,Credit Card,True
C21858,Standard,Monthly,731.5,Net Banking,False
C21859,Basic,Annual,431.61,Wallet,False
C21860,Basic,Monthly,399.97,Net Banking,False
C21861,Standard,Monthly,807.99,UPI,True
C21862,Premium,Monthly,1279.56,UPI,True
C21863,Standard,Monthly,741.51,Net Banking,False
C21864,Standard,Monthly,897.7,Credit Card,False
C21865,Basic,Monthly,367.22,Credit Card,False
C21866,Basic,Monthly,382.44,UPI,True
C21867,Standard,Monthly,870.71,UPI,False
C21868,Basic,Annual,361.85,Debit Card,False
C21869,Basic,Monthly,334.93,Credit Card,False
C21870,Premium,Annual,1028.7,Credit Card,True
C21871,Basic,Annual,413.74,UPI,True
C21872,Basic,Monthly,485.62,UPI,True
C21873,Basic,Annual,444.19,UPI,True
C21874,Premium,Annual,1267.33,UPI,True
C21875,Basic,Monthly,423.99,Debit Card,True
C21876,Standard,Monthly,755.96,Net Banking,False
C21877,Premium,Annual,1019.2,Credit Card,False
C21878,Standard,Monthly,817.69,Credit Card,False
C21879,Basic,Monthly,300.66,UPI,False
C21880,Basic,Annual,393.21,Net Banking,True
C21881,Premium,Monthly,1460.22,UPI,False
C21882,Premium,Annual,1234.69,Credit Card,False
C21883,Premium,Monthly,1060.03,Net Banking,True
C21884,Basic,Monthly,401.28,Credit Card,False
C21885,Standard,Monthly,851.18,Debit Card,True
C21886,Basic,Monthly,346.97,Credit Card,True
C21887,Premium,Monthly,1220.8,Credit Card,False
C21888,Basic,Monthly,303.82,Wallet,True
C21889,Basic,Monthly,401.48,UPI,True
C21890,Basic,Monthly,492.88,UPI,False
C21891,Standard,Annual,634.26,Credit Card,True
C21892,Basic,Monthly,382.26,Debit Card,False
C21893,Basic,Monthly,362.06,UPI,False
C21894,Premium,Monthly,1055.38,Debit Card,False
C21895,Standard,Monthly,733.86,UPI,False
C21896,Basic,Annual,474.65,UPI,False
C21897,Premium,Annual,1275.23,Credit Card,True
C21898,Basic,Monthly,407.6,Credit Card,True
C21899,Premium,Monthly,1038.56,UPI,True
C21900,Basic,Annual,496.12,UPI,True
C21901,Basic,Monthly,376.11,UPI,True
C21902,Basic,Annual,357.7,Credit Card,True
C21903,Standard,Annual,882.5,UPI,False
C21904,Premium,Annual,1344.66,Wallet,True
C21905,Standard,Monthly,757.16,UPI,True
C21906,Standard,Monthly,690.43,Credit Card,False
C21907,Standard,Monthly,883.1,UPI,True
C21908,Standard,Annual,689.09,Net Banking,False
C21909,Standard,Monthly,892.23,Wallet,True
C21910,Premium,Annual,1394.36,Credit Card,True
C21911,Standard,Monthly,795.37,Credit Card,False
C21912,Standard,Annual,709.86,Debit Card,True
C21913,Standard,Annual,869.42,Wallet,False
C21914,Basic,Annual,329.77,Debit Card,False
C21915,Premium,Annual,1072.82,Wallet,False
C21916,Standard,Monthly,641.56,Debit Card,False
C21917,Basic,Annual,396.05,Credit Card,False
C21918,Basic,Monthly,464.83,UPI,True
C21919,Premium,Annual,1331.22,Credit Card,True
C21920,Basic,Monthly,316.0,Credit Card,True
C21921,Basic,Monthly,443.61,UPI,False
C21922,Premium,Monthly,1148.96,Debit Card,True
C21923,Basic,Monthly,323.73,UPI,False
C21924,Standard,Annual,799.39,Wallet,False
C21925,Basic,Monthly,400.7,Debit Card,True
C21926,Basic,Monthly,433.68,UPI,False
C21927,Standard,Monthly,743.87,Debit Card,True
C21928,Basic,Monthly,398.85,UPI,True
C21929,Premium,Monthly,1425.7,Credit Card,False
C21930,Standard,Monthly,853.08,Credit Card,False
C21931,Standard,Monthly,860.42,UPI,True
C21932,Basic,Annual,489.42,Net Banking,True
C21933,Standard,Monthly,670.03,UPI,False
C21934,Standard,Monthly,768.52,UPI,False
C21935,Basic,Monthly,486.72,Wallet,True
C21936,Basic,Monthly,437.25,UPI,False
C21937,Standard,Annual,885.54,UPI,True
C21938,Standard,Monthly,654.55,UPI,True
C21939,Premium,Monthly,1124.65,UPI,False
C21940,Premium,Monthly,1354.64,UPI,False
C21941,Basic,Annual,323.59,Debit Card,True
C21942,Premium,Monthly,1313.46,Credit Card,True
C21943,Premium,Monthly,1114.03,UPI,True
C21944,Basic,Monthly,402.03,Debit Card,False
C21945,Standard,Monthly,744.52,Credit Card,False
C21946,Basic,Annual,457.41,Net Banking,True
C21947,Basic,Monthly,384.48,UPI,False
C21948,Basic,Monthly,365.06,UPI,False
C21949,Basic,Monthly,398.28,Net Banking,True
C21950,Standard,Monthly,842.32,Debit Card,False
C21951,Basic,Monthly,331.22,Net Banking,False
C21952,Basic,Annual,325.44,Credit Card,True
C21953,Basic,Monthly,408.39,Wallet,False
C21954,Standard,Monthly,735.36,UPI,False
C21955,Premium,Monthly,1010.06,Debit Card,False
C21956,Standard,Annual,709.35,Credit Card,True
C21957,Basic,Monthly,370.76,Credit Card,False
C21958,Standard,Monthly,834.4,Debit Card,True
C21959,Standard,Annual,630.92,Credit Card,False
C21960,Standard,Monthly,662.34,UPI,False
C21961,Premium,Monthly,1006.07,Credit Card,False
C21962,Standard,Monthly,875.78,UPI,False
C21963,Basic,Monthly,495.62,UPI,True
C21964,Basic,Monthly,357.29,UPI,True
C21965,Basic,Monthly,406.39,Net Banking,False
C21966,Standard,Monthly,686.76,Net Banking,True
C21967,Basic,Annual,427.84,UPI,True
C21968,Premium,Annual,1030.6,UPI,True
C21969,Basic,Monthly,385.17,Net Banking,True
C21970,Standard,Monthly,660.3,Net Banking,False
C21971,Standard,Annual,719.39,UPI,True
C21972,Basic,Monthly,329.45,UPI,False
C21973,Basic,Monthly,455.82,Wallet,False
C21974,Basic,Monthly,462.44,Debit Card,True
C21975,Premium,Monthly,1316.41,UPI,False
C21976,Basic,Monthly,357.39,Credit Card,False
C21977,Basic,Monthly,407.71,Credit Card,False
C21978,Standard,Monthly,876.55,Debit Card,True
C21979,Standard,Monthly,797.22,UPI,False
C21980,Premium,Monthly,1159.13,Credit Card,False
C21981,Basic,Annual,471.02,UPI,True
C21982,Standard,Monthly,666.73,Debit Card,False
C21983,Basic,Monthly,306.39,Net Banking,False
C21984,Standard,Monthly,804.63,UPI,True
C21985,Standard,Monthly,847.61,Credit Card,False
C21986,Standard,Monthly,864.58,Net Banking,False
C21987,Standard,Monthly,878.47,Debit Card,True
C21988,Basic,Annual,362.27,Credit Card,False
C21989,Standard,Annual,740.96,Wallet,True
C21990,Standard,Annual,847.07,Credit Card,False
C21991,Standard,Annual,822.25,UPI,True
C21992,Premium,Monthly,1453.25,UPI,True
C21993,Basic,Annual,482.69,Credit Card,False
C21994,Premium,Monthly,1359.65,Net Banking,True
C21995,Premium,Monthly,1355.2,UPI,True
C21996,Basic,Monthly,369.21,Credit Card,False
C21997,Standard,Monthly,843.31,Credit Card,False
C21998,Premium,Monthly,1380.2,Net Banking,True
C21999,Standard,Monthly,809.67,UPI,False
C22000,Basic,Annual,398.84,Credit Card,True
C22001,Standard,Monthly,841.1,UPI,True
C22002,Basic,Monthly,431.69,Debit Card,True
C22003,Premium,Monthly,1409.11,Credit Card,True
C22004,Standard,Monthly,636.34,UPI,True
C22005,Standard,Annual,784.07,UPI,True
C22006,Standard,Monthly,684.07,Credit Card,True
C22007,Standard,Monthly,885.39,Credit Card,True
C22008,Standard,Monthly,710.43,UPI,False
C22009,Basic,Monthly,362.89,UPI,False
C22010,Standard,Monthly,759.35,UPI,True
C22011,Basic,Monthly,487.23,UPI,False
C22012,Standard,Monthly,682.24,Credit Card,False
C22013,Basic,Monthly,478.29,UPI,True
C22014,Basic,Annual,369.97,Debit Card,False
C22015,Standard,Monthly,832.23,Debit Card,False
C22016,Standard,Monthly,713.65,UPI,False
C22017,Premium,Monthly,1243.89,UPI,False
C22018,Basic,Monthly,339.62,Net Banking,False
C22019,Standard,Monthly,680.17,Wallet,True
C22020,Standard,Annual,644.32,UPI,False
C22021,Basic,Monthly,375.68,Credit Card,False
C22022,Standard,Annual,693.26,Credit Card,False
C22023,Basic,Annual,453.52,UPI,False
C22024,Standard,Monthly,863.7,Wallet,True
C22025,Standard,Monthly,626.74,Debit Card,False
C22026,Basic,Monthly,311.78,UPI,True
C22027,Basic,Annual,343.98,Debit Card,True
C22028,Standard,Monthly,732.57,Credit Card,False
C22029,Standard,Monthly,850.85,Credit Card,False
C22030,Standard,Monthly,779.92,Debit Card,False
C22031,Standard,Annual,848.36,UPI,True
C22032,Basic,Monthly,356.08,Net Banking,False
C22033,Premium,Annual,1313.41,Net Banking,True
C22034,Standard,Monthly,826.25,UPI,True
C22035,Basic,Monthly,374.89,Net Banking,True
C22036,Basic,Annual,343.01,Credit Card,True
C22037,Basic,Monthly,402.63,Net Banking,False
C22038,Premium,Annual,1328.36,Credit Card,False
C22039,Standard,Monthly,746.32,Credit Card,True
C22040,Basic,Annual,466.5,Credit Card,True
C22041,Basic,Monthly,369.88,Debit Card,True
C22042,Standard,Monthly,682.96,UPI,False
C22043,Basic,Monthly,485.61,UPI,False
C22044,Basic,Monthly,410.35,Net Banking,True
C22045,Standard,Monthly,830.65,Credit Card,True
C22046,Standard,Monthly,697.36,Credit Card,True
C22047,Basic,Annual,486.95,UPI,False
C22048,Basic,Monthly,360.42,Credit Card,True
C22049,Premium,Monthly,1032.46,Wallet,True
C22050,Standard,Monthly,770.16,Debit Card,True
C22051,Standard,Annual,892.12,Credit Card,False
C22052,Basic,Monthly,493.39,Credit Card,True
C22053,Basic,Monthly,312.37,Wallet,False
C22054,Basic,Monthly,469.38,Credit Card,False
C22055,Standard,Annual,789.33,Credit Card,True
C22056,Basic,Annual,319.05,Debit Card,True
C22057,Premium,Monthly,1300.84,Debit Card,False
C22058,Standard,Monthly,617.49,Credit Card,True
C22059,Basic,Monthly,437.83,Debit Card,False
C22060,Basic,Monthly,392.99,Credit Card,False
C22061,Basic,Monthly,324.09,Wallet,False
C22062,Premium,Monthly,1052.16,UPI,True
C22063,Premium,Monthly,1298.15,UPI,False
C22064,Premium,Annual,1050.82,Credit Card,True
C22065,Premium,Monthly,1356.83,Net Banking,False
C22066,Basic,Monthly,333.44,Credit Card,False
C22067,Standard,Monthly,734.95,UPI,False
C22068,Basic,Monthly,376.87,Debit Card,False
C22069,Standard,Monthly,693.14,Credit Card,False
C22070,Premium,Monthly,1375.35,Debit Card,False
C22071,Basic,Annual,335.22,UPI,False
C22072,Basic,Annual,382.97,Debit Card,False
C22073,Basic,Annual,458.86,UPI,True
C22074,Standard,Monthly,639.23,UPI,False
C22075,Standard,Annual,756.26,UPI,True
C22076,Standard,Monthly,796.31,UPI,False
C22077,Standard,Annual,840.23,Credit Card,True
C22078,Basic,Annual,445.53,UPI,True
C22079,Standard,Monthly,750.19,Debit Card,True
C22080,Standard,Monthly,752.23,Credit Card,True
C22081,Premium,Monthly,1257.75,UPI,False
C22082,Basic,Monthly,390.75,Credit Card,False
C22083,Premium,Annual,1131.04,UPI,True
C22084,Basic,Monthly,388.42,Credit Card,True
C22085,Standard,Monthly,749.16,UPI,False
C22086,Standard,Monthly,659.73,UPI,True
C22087,Basic,Monthly,330.05,Credit Card,False
C22088,Basic,Monthly,484.99,UPI,True
C22089,Premium,Monthly,1388.28,UPI,True
C22090,Premium,Monthly,1413.4,Credit Card,True
C22091,Standard,Monthly,713.66,Credit Card,True
C22092,Standard,Monthly,673.08,UPI,True
C22093,Basic,Annual,463.31,UPI,False
C22094,Standard,Monthly,649.31,Credit Card,False
C22095,Standard,Monthly,747.44,Debit Card,False
C22096,Premium,Monthly,1143.86,UPI,False
C22097,Premium,Monthly,1090.91,Wallet,True
C22098,Basic,Monthly,420.63,Wallet,False
C22099,Basic,Monthly,392.28,Net Banking,False
C22100,Basic,Monthly,406.77,Debit Card,False
C22101,Basic,Monthly,411.52,UPI,True
C22102,Premium,Monthly,1453.25,UPI,True
C22103,Standard,Annual,724.59,Credit Card,True
C22104,Standard,Annual,835.72,Credit Card,True
C22105,Standard,Annual,609.58,UPI,True
C22106,Standard,Monthly,786.99,UPI,True
C22107,Standard,Monthly,720.52,Credit Card,False
C22108,Standard,Annual,713.42,Credit Card,True
C22109,Premium,Monthly,1174.16,Credit Card,False
C22110,Basic,Monthly,484.79,Wallet,False
C22111,Basic,Monthly,403.56,Credit Card,False
C22112,Standard,Monthly,884.27,Credit Card,False
C22113,Basic,Monthly,469.88,Credit Card,False
C22114,Basic,Monthly,347.77,UPI,False
C22115,Basic,Monthly,492.32,Net Banking,False
C22116,Basic,Monthly,397.25,Credit Card,False
C22117,Standard,Monthly,669.16,Credit Card,False
C22118,Basic,Monthly,490.79,Credit Card,True
C22119,Premium,Annual,1322.81,UPI,True
C22120,Basic,Monthly,408.39,Credit Card,True
C22121,Premium,Annual,1001.33,UPI,True
C22122,Basic,Monthly,488.21,Credit Card,False
C22123,Basic,Annual,486.69,Credit Card,True
C22124,Premium,Monthly,1032.2,UPI,True
C22125,Standard,Monthly,892.11,Debit Card,True
C22126,Standard,Monthly,841.8,Debit Card,False
C22127,Premium,Annual,1095.32,UPI,True
C22128,Standard,Annual,648.28,Debit Card,True
C22129,Standard,Monthly,789.55,Credit Card,False
C22130,Premium,Monthly,1290.47,UPI,True
C22131,Standard,Annual,608.32,Debit Card,True
C22132,Standard,Monthly,747.68,Credit Card,False
C22133,Basic,Monthly,324.77,Credit Card,True
C22134,Basic,Monthly,366.82,UPI,False
C22135,Standard,Annual,835.84,Credit Card,True
C22136,Standard,Monthly,783.18,UPI,False
C22137,Basic,Annual,397.99,Credit Card,True
C22138,Premium,Annual,1426.76,Credit Card,True
C22139,Basic,Monthly,411.05,Credit Card,True
C22140,Standard,Monthly,664.39,Debit Card,True
C22141,Standard,Monthly,785.76,Debit Card,True
C22142,Basic,Monthly,333.01,Debit Card,True
C22143,Basic,Annual,438.79,UPI,True
C22144,Basic,Monthly,363.24,UPI,False
C22145,Standard,Annual,692.38,Debit Card,True
C22146,Standard,Monthly,607.36,Wallet,True
C22147,Premium,Monthly,1430.39,Credit Card,True
C22148,Premium,Annual,1031.75,UPI,True
C22149,Basic,Annual,372.84,Credit Card,True
C22150,Standard,Monthly,786.72,Credit Card,False
C22151,Basic,Monthly,431.85,Debit Card,False
C22152,Basic,Monthly,418.0,Credit Card,False
C22153,Basic,Annual,402.0,Credit Card,True
C22154,Basic,Annual,434.93,UPI,True
C22155,Basic,Monthly,412.79,UPI,False
C22156,Standard,Monthly,682.32,Credit Card,False
C22157,Premium,Monthly,1428.26,UPI,False
C22158,Basic,Annual,306.95,UPI,True
C22159,Standard,Monthly,739.82,Debit Card,False
C22160,Standard,Monthly,837.13,Credit Card,False
C22161,Standard,Monthly,761.55,Wallet,True
C22162,Premium,Monthly,1005.6,Debit Card,True
C22163,Standard,Monthly,603.25,UPI,False
C22164,Premium,Monthly,1489.31,Debit Card,False
C22165,Premium,Annual,1174.06,UPI,False
C22166,Basic,Monthly,448.86,UPI,False
C22167,Basic,Monthly,385.36,Credit Card,False
C22168,Basic,Monthly,463.63,Credit Card,True
C22169,Basic,Annual,487.17,Debit Card,True
C22170,Standard,Monthly,744.14,Wallet,False
C22171,Premium,Annual,1072.56,UPI,True
C22172,Basic,Monthly,299.23,Credit Card,False
C22173,Premium,Monthly,1310.56,UPI,True
C22174,Premium,Annual,1333.2,UPI,False
C22175,Basic,Monthly,341.01,Net Banking,False
C22176,Basic,Monthly,486.49,UPI,False
C22177,Basic,Monthly,324.66,UPI,True
C22178,Basic,Annual,395.17,Credit Card,True
C22179,Basic,Monthly,433.34,Debit Card,False
C22180,Standard,Monthly,619.86,Debit Card,False
C22181,Standard,Monthly,645.07,Debit Card,False
C22182,Basic,Monthly,479.69,Credit Card,False
C22183,Basic,Monthly,421.82,Net Banking,True
C22184,Basic,Monthly,458.1,Credit Card,False
C22185,Basic,Annual,387.61,UPI,True
C22186,Premium,Monthly,1182.59,Credit Card,True
C22187,Basic,Monthly,421.89,UPI,True
C22188,Standard,Monthly,660.68,Credit Card,True
C22189,Standard,Monthly,710.64,Net Banking,True
C22190,Basic,Monthly,450.78,UPI,False
C22191,Basic,Annual,410.56,UPI,True
C22192,Premium,Annual,1110.84,UPI,True
C22193,Premium,Monthly,1020.66,Credit Card,False
C22194,Basic,Annual,412.63,UPI,True
C22195,Premium,Monthly,1357.4,Credit Card,False
C22196,Basic,Monthly,408.62,Credit Card,False
C22197,Standard,Annual,676.7,UPI,False
C22198,Standard,Annual,744.07,Credit Card,False
C22199,Basic,Monthly,414.26,Debit Card,False
C22200,Basic,Annual,397.62,Credit Card,False
C22201,Basic,Monthly,385.04,Credit Card,True
C22202,Basic,Annual,349.63,Credit Card,True
C22203,Premium,Annual,1471.46,UPI,True
C22204,Basic,Annual,371.58,Debit Card,True
C22205,Standard,Annual,647.17,Debit Card,True
C22206,Basic,Monthly,325.28,Debit Card,False
C22207,Basic,Monthly,405.09,Credit Card,False
C22208,Basic,Monthly,414.88,Debit Card,False
C22209,Standard,Monthly,669.16,Credit Card,True
C22210,Standard,Annual,872.73,UPI,True
C22211,Basic,Monthly,380.66,UPI,False
C22212,Premium,Annual,1090.6,Debit Card,True
C22213,Premium,Monthly,1014.94,Credit Card,True
C22214,Premium,Annual,1252.23,Wallet,True
C22215,Standard,Annual,608.01,Net Banking,True
C22216,Standard,Monthly,790.54,Credit Card,True
C22217,Standard,Monthly,782.91,UPI,True
C22218,Standard,Monthly,873.74,Debit Card,False
C22219,Basic,Annual,374.63,UPI,True
C22220,Basic,Monthly,326.33,Credit Card,True
C22221,Standard,Annual,770.25,Debit Card,True
C22222,Standard,Annual,887.86,Credit Card,False
C22223,Premium,Annual,1177.89,Wallet,True
C22224,Premium,Monthly,1013.8,Debit Card,True
C22225,Basic,Annual,306.17,UPI,True
C22226,Premium,Monthly,1270.45,Debit Card,True
C22227,Standard,Annual,778.42,Debit Card,True
C22228,Basic,Annual,380.89,Credit Card,True
C22229,Premium,Monthly,1486.81,Credit Card,False
C22230,Standard,Monthly,633.29,UPI,True
C22231,Standard,Monthly,740.68,Wallet,True
C22232,Premium,Annual,1014.5,Debit Card,True
C22233,Premium,Annual,1210.12,Credit Card,True
C22234,Standard,Monthly,822.44,UPI,False
C22235,Standard,Monthly,599.64,Net Banking,True
C22236,Basic,Annual,388.2,UPI,True
C22237,Basic,Monthly,433.4,Credit Card,True
C22238,Basic,Monthly,343.64,Wallet,False
C22239,Standard,Monthly,624.61,UPI,True
C22240,Basic,Monthly,439.1,UPI,False
C22241,Basic,Monthly,354.67,UPI,True
C22242,Standard,Monthly,779.21,UPI,False
C22243,Basic,Annual,448.72,UPI,True
C22244,Standard,Annual,744.94,Debit Card,True
C22245,Premium,Monthly,1312.46,UPI,False
C22246,Standard,Annual,864.74,Credit Card,True
C22247,Basic,Annual,410.74,Credit Card,True
C22248,Basic,Monthly,361.0,Credit Card,True
C22249,Premium,Monthly,1245.52,Credit Card,False
C22250,Basic,Monthly,347.24,Net Banking,True
C22251,Standard,Monthly,712.82,UPI,False
C22252,Basic,Monthly,395.28,UPI,True
C22253,Basic,Monthly,425.97,Debit Card,True
C22254,Premium,Monthly,1355.01,UPI,True
C22255,Premium,Annual,1293.53,UPI,False
C22256,Basic,Monthly,328.45,Credit Card,False
C22257,Basic,Monthly,433.8,Credit Card,False
C22258,Premium,Monthly,1177.09,Wallet,False
C22259,Basic,Annual,428.56,UPI,True
C22260,Standard,Annual,796.49,UPI,True
C22261,Premium,Monthly,1117.96,Wallet,True
C22262,Basic,Monthly,327.07,Debit Card,True
C22263,Premium,Monthly,1065.79,Debit Card,True
C22264,Standard,Monthly,639.02,UPI,True
C22265,Standard,Annual,804.43,Net Banking,True
C22266,Basic,Monthly,340.39,Credit Card,False
C22267,Basic,Monthly,385.96,UPI,True
C22268,Premium,Monthly,1195.63,Debit Card,True
C22269,Basic,Monthly,466.04,Debit Card,True
C22270,Basic,Annual,394.01,Credit Card,True
C22271,Basic,Monthly,437.53,Credit Card,True
C22272,Basic,Monthly,328.08,Credit Card,False
C22273,Basic,Monthly,457.07,UPI,False
C22274,Standard,Monthly,679.91,UPI,True
C22275,Basic,Monthly,368.75,Debit Card,True
C22276,Basic,Annual,416.19,Wallet,True
C22277,Standard,Monthly,711.47,Debit Card,False
C22278,Standard,Monthly,615.6,Net Banking,False
C22279,Basic,Monthly,487.16,Debit Card,False
C22280,Premium,Monthly,1144.11,UPI,False
C22281,Basic,Monthly,498.09,UPI,False
C22282,Basic,Monthly,313.41,Credit Card,True
C22283,Standard,Monthly,697.8,UPI,False
C22284,Basic,Monthly,468.77,Debit Card,True
C22285,Standard,Monthly,736.13,Debit Card,False
C22286,Premium,Monthly,1422.23,Credit Card,True
C22287,Basic,Monthly,428.52,Net Banking,False
C22288,Standard,Monthly,886.22,UPI,False
C22289,Basic,Monthly,493.52,UPI,True
C22290,Basic,Annual,483.6,Credit Card,True
C22291,Premium,Monthly,1471.46,Net Banking,False
C22292,Standard,Annual,723.16,UPI,True
C22293,Premium,Annual,1378.81,Debit Card,False
C22294,Basic,Monthly,340.86,UPI,True
C22295,Basic,Monthly,456.95,UPI,False
C22296,Premium,Annual,1342.77,Net Banking,True
C22297,Premium,Monthly,1426.84,UPI,False
C22298,Standard,Annual,809.02,Credit Card,True
C22299,Standard,Annual,668.15,Credit Card,True
C22300,Basic,Annual,393.47,Credit Card,False
C22301,Basic,Monthly,336.73,Credit Card,False
C22302,Basic,Annual,384.68,Credit Card,True
C22303,Premium,Monthly,1155.32,Debit Card,True
C22304,Premium,Monthly,1293.54,UPI,True
C22305,Basic,Annual,478.6,Credit Card,True
C22306,Standard,Annual,603.98,Net Banking,True
C22307,Standard,Annual,659.77,Wallet,False
C22308,Basic,Monthly,441.26,Credit Card,False
C22309,Standard,Monthly,890.4,Debit Card,False
C22310,Premium,Annual,1009.71,Wallet,True
C22311,Basic,Monthly,350.47,Net Banking,False
C22312,Basic,Monthly,442.61,Net Banking,True
C22313,Standard,Annual,813.57,UPI,True
C22314,Basic,Annual,323.24,UPI,True
C22315,Basic,Monthly,480.87,UPI,False
C22316,Premium,Annual,1126.23,UPI,True
C22317,Premium,Monthly,1278.98,Net Banking,True
C22318,Standard,Monthly,739.34,Credit Card,False
C22319,Basic,Annual,493.65,UPI,False
C22320,Premium,Annual,1462.64,Debit Card,True
C22321,Standard,Monthly,865.91,UPI,False
C22322,Basic,Monthly,422.68,Wallet,True
C22323,Basic,Monthly,380.56,UPI,False
C22324,Basic,Monthly,400.33,UPI,False
C22325,Premium,Monthly,1289.59,Credit Card,False
C22326,Basic,Monthly,308.51,UPI,True
C22327,Standard,Annual,607.43,Debit Card,True
C22328,Basic,Monthly,447.8,UPI,False
C22329,Standard,Monthly,623.78,UPI,True
C22330,Premium,Monthly,1099.73,UPI,False
C22331,Standard,Monthly,659.21,Credit Card,False
C22332,Basic,Monthly,456.36,Net Banking,False
C22333,Premium,Monthly,1194.76,Credit Card,True
C22334,Standard,Monthly,685.43,Wallet,True
C22335,Standard,Monthly,819.45,Debit Card,False
C22336,Standard,Annual,799.04,Debit Card,True
C22337,Premium,Monthly,1344.75,Credit Card,True
C22338,Premium,Annual,1133.56,Wallet,True
C22339,Standard,Monthly,773.99,Debit Card,True
C22340,Basic,Annual,307.47,Net Banking,False
C22341,Premium,Monthly,1482.33,UPI,True
C22342,Premium,Annual,1318.55,UPI,True
C22343,Premium,Monthly,1308.15,UPI,False
C22344,Basic,Monthly,425.19,Credit Card,True
C22345,Basic,Monthly,303.15,Debit Card,True
C22346,Standard,Monthly,690.71,Net Banking,False
C22347,Basic,Monthly,354.48,UPI,False
C22348,Basic,Annual,362.98,UPI,True
C22349,Standard,Monthly,665.87,Debit Card,False
C22350,Standard,Monthly,729.23,UPI,False
C22351,Standard,Monthly,715.26,Credit Card,True
C22352,Basic,Annual,338.52,UPI,True
C22353,Basic,Annual,310.68,Credit Card,False
C22354,Premium,Annual,1347.25,Credit Card,True
C22355,Standard,Monthly,668.08,Debit Card,False
C22356,Basic,Monthly,307.91,UPI,False
C22357,Standard,Monthly,631.81,Net Banking,False
C22358,Basic,Annual,352.33,Debit Card,True
C22359,Premium,Monthly,1460.85,Credit Card,False
C22360,Basic,Monthly,487.64,UPI,False
C22361,Premium,Annual,1063.99,UPI,True
C22362,Basic,Annual,388.9,Debit Card,False
C22363,Basic,Monthly,482.39,UPI,False
C22364,Standard,Monthly,678.77,Debit Card,True
C22365,Standard,Monthly,640.67,Credit Card,False
C22366,Standard,Monthly,885.64,Net Banking,True
C22367,Basic,Monthly,312.49,Credit Card,False
C22368,Standard,Annual,658.84,Wallet,True
C22369,Standard,Monthly,852.33,UPI,False
C22370,Premium,Annual,1156.89,Wallet,True
C22371,Basic,Annual,409.94,Debit Card,True
C22372,Standard,Monthly,731.89,UPI,False
C22373,Standard,Monthly,726.14,UPI,False
C22374,Standard,Monthly,671.48,Wallet,False
C22375,Standard,Monthly,833.18,Debit Card,False
C22376,Basic,Monthly,357.1,UPI,False
C22377,Basic,Annual,438.99,Net Banking,True
C22378,Premium,Annual,1168.52,Credit Card,True
C22379,Basic,Annual,340.5,Credit Card,False
C22380,Premium,Monthly,1216.35,Credit Card,True
C22381,Premium,Monthly,1066.67,Wallet,True
C22382,Standard,Annual,841.95,Credit Card,True
C22383,Premium,Monthly,1176.44,Wallet,False
C22384,Basic,Annual,381.18,Debit Card,True
C22385,Standard,Annual,749.69,Credit Card,True
C22386,Basic,Annual,492.67,Credit Card,True
C22387,Standard,Monthly,867.67,Credit Card,False
C22388,Basic,Monthly,356.17,Net Banking,True
C22389,Standard,Annual,673.82,UPI,True
C22390,Premium,Annual,1463.0,UPI,True
C22391,Basic,Monthly,359.53,UPI,False
C22392,Standard,Monthly,669.53,UPI,True
C22393,Basic,Annual,309.76,Debit Card,True
C22394,Premium,Annual,1274.32,UPI,True
C22395,Basic,Annual,301.48,UPI,True
C22396,Basic,Monthly,474.44,Credit Card,False
C22397,Basic,Monthly,459.64,Net Banking,False
C22398,Premium,Monthly,1166.58,UPI,False
C22399,Standard,Monthly,620.55,Debit Card,True
C22400,Basic,Monthly,309.45,UPI,True
C22401,Basic,Monthly,339.64,Debit Card,False
C22402,Basic,Monthly,318.55,Debit Card,True
C22403,Basic,Monthly,435.27,Credit Card,False
C22404,Basic,Monthly,405.08,Wallet,False
C22405,Standard,Monthly,609.51,Credit Card,True
C22406,Basic,Monthly,429.27,UPI,True
C22407,Basic,Annual,332.07,Debit Card,True
C22408,Basic,Annual,449.47,Debit Card,False
C22409,Basic,Monthly,422.38,Credit Card,False
C22410,Standard,Monthly,710.18,Credit Card,False
C22411,Basic,Monthly,375.24,UPI,False
C22412,Basic,Annual,474.4,UPI,False
C22413,Basic,Monthly,373.51,Debit Card,False
C22414,Basic,Annual,462.16,UPI,True
C22415,Premium,Monthly,1286.24,UPI,False
C22416,Premium,Monthly,1234.98,Debit Card,True
C22417,Premium,Monthly,1102.44,UPI,False
C22418,Standard,Annual,836.89,Wallet,False
C22419,Basic,Annual,306.95,UPI,True
C22420,Premium,Monthly,1220.84,UPI,True
C22421,Standard,Monthly,753.42,Wallet,False
C22422,Standard,Annual,627.26,Credit Card,True
C22423,Basic,Monthly,433.61,Credit Card,True
C22424,Standard,Monthly,633.58,Net Banking,False
C22425,Premium,Annual,1433.11,Credit Card,True
C22426,Premium,Annual,1230.23,Debit Card,False
C22427,Premium,Annual,1328.35,Credit Card,True
C22428,Standard,Monthly,851.72,Wallet,True
C22429,Basic,Monthly,425.75,Net Banking,True
C22430,Basic,Monthly,313.27,Debit Card,True
C22431,Standard,Monthly,614.16,Net Banking,False
C22432,Standard,Annual,811.32,UPI,True
C22433,Basic,Annual,370.91,UPI,True
C22434,Standard,Monthly,709.7,UPI,False
C22435,Premium,Monthly,1053.92,Debit Card,True
C22436,Premium,Annual,1106.29,UPI,True
C22437,Premium,Annual,1323.04,Credit Card,True
C22438,Standard,Annual,609.58,UPI,False
C22439,Premium,Monthly,1067.86,Wallet,False
C22440,Standard,Annual,831.68,Wallet,True
C22441,Basic,Annual,372.99,Debit Card,True
C22442,Basic,Annual,485.87,Net Banking,True
C22443,Premium,Monthly,1269.23,Net Banking,True
C22444,Premium,Annual,1021.16,Credit Card,True
C22445,Basic,Monthly,420.32,Credit Card,True
C22446,Premium,Monthly,1060.24,Debit Card,False
C22447,Premium,Monthly,1440.37,Credit Card,False
C22448,Basic,Monthly,478.25,UPI,True
C22449,Standard,Monthly,619.08,Net Banking,False
C22450,Basic,Monthly,428.33,Debit Card,False
C22451,Premium,Monthly,1424.3,UPI,False
C22452,Standard,Monthly,735.99,Credit Card,False
C22453,Standard,Monthly,736.89,UPI,False
C22454,Standard,Annual,849.64,Net Banking,True
C22455,Basic,Annual,470.35,Credit Card,True
C22456,Basic,Monthly,408.14,Debit Card,True
C22457,Basic,Monthly,410.09,Debit Card,False
C22458,Premium,Annual,1391.52,UPI,True
C22459,Basic,Monthly,491.23,Credit Card,False
C22460,Basic,Monthly,404.59,Credit Card,True
C22461,Basic,Monthly,399.59,UPI,False
C22462,Standard,Monthly,885.57,Credit Card,False
C22463,Basic,Monthly,301.19,Debit Card,False
C22464,Standard,Monthly,720.69,Credit Card,False
C22465,Basic,Monthly,471.57,Credit Card,True
C22466,Basic,Annual,421.36,UPI,True
C22467,Standard,Monthly,654.21,UPI,False
C22468,Standard,Monthly,648.55,UPI,True
C22469,Premium,Monthly,1414.85,Debit Card,True
C22470,Standard,Monthly,721.94,Credit Card,False
C22471,Premium,Annual,1404.87,Wallet,True
C22472,Basic,Monthly,428.84,Credit Card,False
C22473,Basic,Annual,382.28,UPI,True
C22474,Standard,Monthly,810.12,UPI,True
C22475,Standard,Annual,751.72,Debit Card,True
C22476,Basic,Monthly,363.75,Debit Card,False
C22477,Basic,Monthly,457.77,UPI,True
C22478,Premium,Monthly,1463.92,Net Banking,False
C22479,Premium,Monthly,1218.4,Credit Card,False
C22480,Basic,Annual,301.9,Wallet,True
C22481,Basic,Annual,306.86,Wallet,True
C22482,Standard,Monthly,692.99,Credit Card,False
C22483,Basic,Annual,455.87,UPI,True
C22484,Standard,Annual,863.58,Debit Card,True
C22485,Standard,Monthly,796.38,Net Banking,True
C22486,Standard,Monthly,819.89,UPI,False
C22487,Standard,Monthly,679.73,Credit Card,False
C22488,Basic,Annual,481.83,Net Banking,True
C22489,Standard,Monthly,640.41,UPI,True
C22490,Premium,Monthly,1361.23,Credit Card,False
C22491,Premium,Annual,1206.22,Debit Card,True
C22492,Basic,Annual,339.56,Net Banking,True
C22493,Premium,Monthly,1194.94,UPI,False
C22494,Basic,Monthly,386.66,Credit Card,False
C22495,Basic,Annual,492.95,Credit Card,True
C22496,Standard,Monthly,781.28,UPI,False
C22497,Premium,Monthly,1144.72,Debit Card,False
C22498,Premium,Monthly,1055.98,Net Banking,True
C22499,Basic,Annual,303.47,UPI,True
C22500,Basic,Annual,337.82,Wallet,True
C22501,Basic,Monthly,353.56,UPI,True
C22502,Basic,Annual,480.47,Credit Card,True
C22503,Standard,Monthly,665.67,UPI,True
C22504,Basic,Annual,424.07,Credit Card,True
C22505,Basic,Monthly,485.33,Net Banking,True
C22506,Standard,Monthly,650.9,UPI,False
C22507,Standard,Monthly,671.4,Debit Card,True
C22508,Standard,Monthly,855.63,Credit Card,True
C22509,Standard,Monthly,838.63,UPI,False
C22510,Basic,Monthly,492.33,Credit Card,False
C22511,Premium,Monthly,1333.78,Credit Card,False
C22512,Basic,Monthly,328.2,UPI,False
C22513,Premium,Monthly,1145.6,Credit Card,True
C22514,Basic,Monthly,353.72,Wallet,False
C22515,Standard,Annual,897.17,Credit Card,True
C22516,Basic,Annual,433.26,UPI,True
C22517,Basic,Annual,339.11,Wallet,True
C22518,Standard,Monthly,815.72,UPI,False
C22519,Standard,Annual,701.8,Debit Card,False
C22520,Basic,Annual,310.36,UPI,False
C22521,Standard,Monthly,628.64,Wallet,False
C22522,Basic,Monthly,459.39,UPI,False
C22523,Standard,Monthly,778.36,UPI,False
C22524,Standard,Monthly,647.33,Credit Card,False
C22525,Basic,Monthly,397.07,UPI,False
C22526,Standard,Monthly,820.04,UPI,False
C22527,Basic,Monthly,338.4,UPI,True
C22528,Premium,Monthly,1234.58,Credit Card,False
C22529,Basic,Monthly,352.97,Wallet,True
C22530,Basic,Annual,415.89,UPI,False
C22531,Basic,Annual,316.68,UPI,True
C22532,Standard,Annual,854.52,UPI,True
C22533,Standard,Monthly,710.06,Wallet,True
C22534,Basic,Annual,412.32,Credit Card,True
C22535,Standard,Monthly,655.62,UPI,False
C22536,Basic,Monthly,359.25,UPI,True
C22537,Basic,Monthly,447.91,Credit Card,True
C22538,Basic,Monthly,415.6,UPI,False
C22539,Standard,Annual,680.36,UPI,False
C22540,Basic,Monthly,485.42,UPI,False
C22541,Basic,Annual,422.84,Wallet,True
C22542,Premium,Monthly,1347.22,UPI,False
C22543,Premium,Monthly,1302.36,Debit Card,False
C22544,Standard,Annual,640.54,Credit Card,False
C22545,Standard,Monthly,653.89,Credit Card,True
C22546,Basic,Monthly,374.26,Credit Card,False
C22547,Basic,Annual,367.08,Credit Card,True
C22548,Standard,Monthly,824.65,UPI,True
C22549,Basic,Monthly,447.46,UPI,False
C22550,Standard,Monthly,830.01,Credit Card,True
C22551,Standard,Annual,751.53,Credit Card,False
C22552,Standard,Monthly,880.24,Debit Card,True
C22553,Standard,Annual,599.29,Wallet,True
C22554,Premium,Annual,1388.39,Credit Card,False
C22555,Basic,Monthly,371.6,UPI,False
C22556,Basic,Monthly,314.77,Credit Card,True
C22557,Basic,Monthly,317.76,Credit Card,False
C22558,Standard,Monthly,714.68,Credit Card,False
C22559,Basic,Monthly,315.14,Wallet,True
C22560,Premium,Annual,1199.01,Debit Card,True
C22561,Standard,Annual,738.34,UPI,False
C22562,Premium,Monthly,1175.5,UPI,False
C22563,Standard,Monthly,893.62,Credit Card,False
C22564,Basic,Monthly,360.7,Credit Card,False
C22565,Basic,Monthly,484.48,UPI,False
C22566,Premium,Annual,1380.94,Debit Card,True
C22567,Premium,Annual,1097.7,Credit Card,True
C22568,Premium,Monthly,1157.23,UPI,False
C22569,Standard,Monthly,700.16,Credit Card,False
C22570,Standard,Monthly,778.88,Credit Card,False
C22571,Standard,Monthly,746.2,Credit Card,False
C22572,Premium,Monthly,1293.9,UPI,True
C22573,Standard,Monthly,819.81,Net Banking,True
C22574,Basic,Monthly,454.37,Credit Card,True
C22575,Premium,Monthly,1419.35,Credit Card,False
C22576,Basic,Annual,435.46,Debit Card,False
C22577,Basic,Annual,352.24,Debit Card,True
C22578,Premium,Monthly,1191.54,Credit Card,False
C22579,Basic,Monthly,468.63,UPI,True
C22580,Basic,Annual,416.8,UPI,True
C22581,Standard,Monthly,763.6,Credit Card,False
C22582,Basic,Monthly,428.31,Debit Card,False
C22583,Basic,Monthly,420.25,Credit Card,False
C22584,Basic,Annual,407.19,Wallet,False
C22585,Standard,Monthly,702.1,Debit Card,False
C22586,Basic,Monthly,352.89,Net Banking,False
C22587,Basic,Monthly,347.57,UPI,True
C22588,Standard,Annual,768.2,Net Banking,False
C22589,Basic,Monthly,462.76,Debit Card,True
C22590,Standard,Annual,610.9,UPI,True
C22591,Basic,Annual,367.03,UPI,True
C22592,Standard,Monthly,697.68,Credit Card,False
C22593,Basic,Annual,323.21,Wallet,True
C22594,Standard,Monthly,736.35,Debit Card,False
C22595,Standard,Monthly,610.39,Net Banking,True
C22596,Basic,Monthly,464.19,Wallet,False
C22597,Premium,Monthly,1233.68,Wallet,False
C22598,Basic,Monthly,409.88,Wallet,True
C22599,Standard,Monthly,751.52,Debit Card,False
C22600,Basic,Monthly,458.55,Wallet,True
C22601,Basic,Monthly,377.99,Net Banking,False
C22602,Basic,Monthly,455.72,UPI,True
C22603,Basic,Monthly,435.0,UPI,False
C22604,Basic,Monthly,411.54,Net Banking,False
C22605,Standard,Monthly,788.49,Wallet,True
C22606,Basic,Annual,370.62,UPI,True
C22607,Premium,Monthly,1491.1,Wallet,True
C22608,Premium,Monthly,1180.86,Debit Card,False
C22609,Standard,Monthly,862.8,UPI,False
C22610,Basic,Annual,305.01,UPI,True
C22611,Basic,Annual,399.7,Debit Card,False
C22612,Standard,Annual,709.3,Credit Card,True
C22613,Premium,Monthly,1219.04,Debit Card,True
C22614,Premium,Monthly,1422.14,Wallet,False
C22615,Basic,Annual,305.93,Debit Card,False
C22616,Standard,Annual,646.81,Wallet,True
C22617,Premium,Monthly,1256.22,Credit Card,False
C22618,Basic,Monthly,399.56,Credit Card,False
C22619,Standard,Monthly,868.28,UPI,False
C22620,Standard,Monthly,865.31,Net Banking,True
C22621,Standard,Monthly,677.71,Net Banking,True
C22622,Standard,Monthly,672.42,Wallet,True
C22623,Basic,Monthly,495.29,Credit Card,True
C22624,Premium,Monthly,1224.17,Credit Card,True
C22625,Standard,Annual,785.39,Net Banking,True
C22626,Standard,Annual,811.18,UPI,True
C22627,Standard,Monthly,708.62,UPI,False
C22628,Basic,Monthly,326.29,Debit Card,False
C22629,Premium,Annual,1172.35,UPI,True
C22630,Basic,Annual,402.13,Wallet,True
C22631,Standard,Monthly,660.0,Credit Card,True
C22632,Premium,Monthly,1380.36,Credit Card,True
C22633,Basic,Monthly,395.82,Credit Card,False
C22634,Standard,Annual,660.07,Credit Card,True
C22635,Basic,Monthly,463.71,Credit Card,False
C22636,Premium,Monthly,1333.14,Debit Card,True
C22637,Basic,Monthly,354.42,Debit Card,False
C22638,Basic,Monthly,439.78,Debit Card,False
C22639,Standard,Monthly,819.22,Debit Card,True
C22640,Basic,Monthly,443.18,Debit Card,False
C22641,Basic,Monthly,351.67,UPI,True
C22642,Premium,Monthly,1362.37,Debit Card,True
C22643,Standard,Monthly,753.54,UPI,True
C22644,Premium,Monthly,1406.3,Net Banking,False
C22645,Basic,Monthly,347.54,UPI,True
C22646,Premium,Monthly,1304.23,Wallet,False
C22647,Standard,Monthly,769.11,UPI,False
C22648,Standard,Annual,618.26,Debit Card,True
C22649,Standard,Monthly,819.1,Credit Card,True
C22650,Standard,Monthly,717.12,Debit Card,True
C22651,Basic,Annual,389.05,UPI,True
C22652,Basic,Monthly,470.03,Credit Card,False
C22653,Basic,Annual,402.07,Credit Card,True
C22654,Basic,Monthly,369.05,Credit Card,False
C22655,Basic,Monthly,453.32,Debit Card,False
C22656,Standard,Monthly,879.07,UPI,False
C22657,Standard,Monthly,763.15,UPI,False
C22658,Premium,Monthly,1354.83,UPI,False
C22659,Premium,Monthly,1174.64,Credit Card,False
C22660,Basic,Annual,443.35,Debit Card,False
C22661,Basic,Annual,416.14,Credit Card,True
C22662,Standard,Monthly,831.57,UPI,True
C22663,Basic,Monthly,403.24,Credit Card,False
C22664,Premium,Annual,1402.99,Wallet,False
C22665,Standard,Monthly,859.16,Wallet,False
C22666,Standard,Annual,746.37,Debit Card,True
C22667,Standard,Monthly,781.5,Credit Card,True
C22668,Basic,Annual,357.59,Credit Card,True
C22669,Basic,Annual,318.52,UPI,False
C22670,Standard,Monthly,757.93,UPI,False
C22671,Premium,Monthly,1101.3,Credit Card,True
C22672,Basic,Monthly,460.13,UPI,True
C22673,Standard,Monthly,671.34,Debit Card,False
C22674,Basic,Monthly,372.53,Net Banking,False
C22675,Standard,Monthly,830.75,Net Banking,False
C22676,Standard,Annual,606.08,Debit Card,True
C22677,Basic,Annual,474.1,UPI,True
C22678,Standard,Annual,709.13,Net Banking,True
C22679,Standard,Monthly,713.6,Net Banking,False
C22680,Premium,Monthly,1301.16,Credit Card,False
C22681,Basic,Monthly,376.18,Credit Card,True
C22682,Standard,Monthly,631.1,UPI,True
C22683,Basic,Annual,469.32,Wallet,True
C22684,Standard,Monthly,759.3,Net Banking,True
C22685,Standard,Monthly,741.36,Credit Card,False
C22686,Premium,Monthly,1436.99,Debit Card,False
C22687,Standard,Monthly,798.48,Net Banking,False
C22688,Basic,Annual,475.36,UPI,False
C22689,Basic,Annual,462.25,Credit Card,True
C22690,Basic,Monthly,472.97,UPI,False
C22691,Basic,Annual,491.04,Credit Card,False
C22692,Premium,Monthly,1153.83,UPI,False
C22693,Standard,Monthly,659.83,Net Banking,False
C22694,Standard,Monthly,613.68,Credit Card,False
C22695,Premium,Monthly,1102.38,Credit Card,False
C22696,Basic,Monthly,415.43,UPI,True
C22697,Basic,Monthly,414.08,UPI,False
C22698,Standard,Monthly,657.57,Debit Card,False
C22699,Basic,Monthly,468.69,Debit Card,False
C22700,Basic,Monthly,368.31,UPI,True
C22701,Standard,Monthly,731.99,UPI,True
C22702,Premium,Monthly,1137.15,Net Banking,True
C22703,Standard,Annual,608.77,Net Banking,True
C22704,Standard,Annual,824.18,Debit Card,False
C22705,Basic,Monthly,381.51,UPI,False
C22706,Standard,Monthly,791.43,Credit Card,True
C22707,Basic,Annual,341.41,Debit Card,True
C22708,Basic,Monthly,343.06,Wallet,False
C22709,Standard,Annual,886.88,UPI,True
C22710,Basic,Monthly,322.63,UPI,True
C22711,Standard,Monthly,758.05,Debit Card,False
C22712,Premium,Annual,1010.9,UPI,False
C22713,Standard,Monthly,610.51,Credit Card,True
C22714,Standard,Monthly,798.68,Credit Card,True
C22715,Standard,Annual,650.36,Credit Card,True
C22716,Standard,Monthly,792.89,Net Banking,False
C22717,Basic,Annual,368.93,Credit Card,False
C22718,Premium,Annual,1151.18,Credit Card,True
C22719,Standard,Annual,687.03,Credit Card,True
C22720,Basic,Annual,330.53,Credit Card,True
C22721,Standard,Monthly,832.19,UPI,True
C22722,Basic,Annual,473.6,Credit Card,True
C22723,Standard,Annual,777.14,Debit Card,True
C22724,Premium,Monthly,1054.57,Debit Card,False
C22725,Standard,Monthly,670.16,Debit Card,True
C22726,Standard,Monthly,836.86,UPI,True
C22727,Standard,Monthly,649.8,Credit Card,False
C22728,Standard,Monthly,835.75,UPI,True
C22729,Premium,Monthly,1195.12,UPI,False
C22730,Premium,Annual,1328.8,Credit Card,False
C22731,Standard,Monthly,759.39,UPI,False
C22732,Standard,Monthly,804.04,UPI,False
C22733,Premium,Annual,1031.32,Credit Card,True
C22734,Basic,Annual,342.24,UPI,True
C22735,Standard,Monthly,883.75,Debit Card,False
C22736,Standard,Monthly,784.7,Net Banking,False
C22737,Premium,Monthly,1239.87,UPI,False
C22738,Premium,Annual,1141.33,Debit Card,False
C22739,Basic,Monthly,389.89,UPI,True
C22740,Basic,Annual,443.13,Debit Card,True
C22741,Standard,Monthly,614.74,Credit Card,False
C22742,Premium,Annual,1465.13,Debit Card,True
C22743,Basic,Monthly,311.28,UPI,False
C22744,Basic,Monthly,354.53,Wallet,False
C22745,Premium,Monthly,1371.23,UPI,False
C22746,Standard,Monthly,743.08,Net Banking,True
C22747,Basic,Monthly,299.95,Credit Card,True
C22748,Standard,Monthly,835.4,UPI,True
C22749,Standard,Monthly,872.26,Credit Card,True
C22750,Basic,Monthly,475.27,Net Banking,True
C22751,Premium,Monthly,1177.98,Credit Card,True
C22752,Basic,Annual,329.52,UPI,True
C22753,Basic,Monthly,310.03,UPI,True
C22754,Premium,Annual,1206.2,UPI,True
C22755,Standard,Monthly,801.76,Net Banking,False
C22756,Premium,Monthly,1382.62,Debit Card,False
C22757,Basic,Monthly,333.09,Debit Card,False
C22758,Standard,Monthly,819.45,Wallet,False
C22759,Basic,Monthly,442.86,Net Banking,True
C22760,Basic,Monthly,406.4,Credit Card,True
C22761,Basic,Monthly,422.59,Debit Card,True
C22762,Standard,Annual,789.96,Net Banking,False
C22763,Basic,Monthly,475.76,Credit Card,False
C22764,Standard,Monthly,872.71,UPI,True
C22765,Standard,Monthly,769.23,Net Banking,False
C22766,Premium,Annual,1367.43,Debit Card,True
C22767,Premium,Monthly,1480.21,UPI,True
C22768,Premium,Monthly,1199.66,UPI,True
C22769,Basic,Monthly,417.19,Debit Card,True
C22770,Standard,Monthly,689.02,Debit Card,False
C22771,Premium,Monthly,1064.42,Wallet,False
C22772,Premium,Monthly,1133.09,Net Banking,False
C22773,Standard,Monthly,814.33,Credit Card,False
C22774,Premium,Monthly,1464.34,Wallet,True
C22775,Basic,Monthly,315.12,Credit Card,False
C22776,Basic,Monthly,494.23,UPI,False
C22777,Basic,Annual,366.44,Net Banking,True
C22778,Standard,Annual,819.25,Credit Card,True
C22779,Premium,Annual,1111.06,UPI,True
C22780,Basic,Monthly,378.18,UPI,True
C22781,Standard,Monthly,822.69,Credit Card,False
C22782,Basic,Annual,414.07,Credit Card,True
C22783,Basic,Annual,494.81,Credit Card,False
C22784,Standard,Monthly,707.15,Wallet,False
C22785,Basic,Monthly,311.16,Wallet,True
C22786,Standard,Annual,808.54,Wallet,True
C22787,Basic,Annual,393.56,Credit Card,False
C22788,Premium,Monthly,1217.17,Credit Card,True
C22789,Premium,Monthly,1442.57,UPI,False
C22790,Premium,Monthly,1076.15,Credit Card,False
C22791,Premium,Annual,1053.36,Net Banking,False
C22792,Premium,Monthly,1450.02,Credit Card,False
C22793,Basic,Monthly,391.15,Debit Card,False
C22794,Premium,Annual,1265.48,Net Banking,True
C22795,Standard,Monthly,711.29,Debit Card,False
C22796,Standard,Monthly,664.62,UPI,False
C22797,Basic,Monthly,347.77,UPI,True
C22798,Standard,Monthly,837.1,Credit Card,True
C22799,Basic,Monthly,488.27,Credit Card,True
C22800,Basic,Monthly,398.97,UPI,True
C22801,Premium,Monthly,1080.7,Debit Card,False
C22802,Basic,Annual,429.29,Debit Card,False
C22803,Basic,Annual,394.53,Debit Card,True
C22804,Standard,Monthly,805.15,Credit Card,True
C22805,Standard,Annual,812.14,UPI,False
C22806,Basic,Monthly,467.86,Credit Card,True
C22807,Basic,Annual,447.61,Debit Card,True
C22808,Basic,Annual,386.66,Credit Card,True
C22809,Premium,Annual,1318.83,Debit Card,True
C22810,Basic,Monthly,348.28,Wallet,True
C22811,Standard,Monthly,887.53,Credit Card,True
C22812,Premium,Annual,1119.17,Net Banking,True
C22813,Basic,Monthly,467.77,Credit Card,True
C22814,Basic,Annual,467.22,Debit Card,True
C22815,Standard,Monthly,752.51,Credit Card,True
C22816,Basic,Monthly,429.37,UPI,True
C22817,Basic,Monthly,386.65,Wallet,True
C22818,Standard,Monthly,727.31,Wallet,False
C22819,Basic,Annual,360.24,Debit Card,True
C22820,Standard,Monthly,892.68,Debit Card,False
C22821,Standard,Monthly,635.9,Credit Card,True
C22822,Basic,Annual,360.22,UPI,True
C22823,Premium,Monthly,1423.69,Debit Card,True
C22824,Standard,Monthly,858.23,UPI,True
C22825,Basic,Monthly,315.97,Credit Card,False
C22826,Standard,Monthly,623.31,UPI,False
C22827,Standard,Monthly,686.72,Credit Card,False
C22828,Basic,Monthly,382.45,Wallet,True
C22829,Standard,Monthly,785.96,UPI,False
C22830,Premium,Monthly,1440.96,Debit Card,True
C22831,Standard,Annual,735.97,UPI,True
C22832,Basic,Annual,487.0,Debit Card,False
C22833,Standard,Annual,696.18,Debit Card,True
C22834,Basic,Monthly,335.37,Credit Card,False
C22835,Basic,Annual,439.79,UPI,True
C22836,Premium,Monthly,1070.27,UPI,False
C22837,Premium,Monthly,1098.74,UPI,True
C22838,Standard,Monthly,841.42,Net Banking,True
C22839,Standard,Annual,735.46,UPI,True
C22840,Standard,Monthly,802.88,Credit Card,False
C22841,Standard,Annual,893.97,Credit Card,True
C22842,Premium,Monthly,1419.09,Credit Card,True
C22843,Standard,Monthly,775.11,UPI,True
C22844,Premium,Monthly,1445.75,Credit Card,False
C22845,Basic,Monthly,411.62,Debit Card,True
C22846,Standard,Monthly,663.06,Debit Card,True
C22847,Basic,Monthly,299.49,UPI,False
C22848,Standard,Monthly,732.08,Credit Card,False
C22849,Basic,Monthly,414.1,Debit Card,False
C22850,Standard,Monthly,793.72,Credit Card,True
C22851,Basic,Monthly,335.92,Wallet,False
C22852,Premium,Monthly,1342.63,Debit Card,False
C22853,Basic,Annual,404.32,UPI,True
C22854,Basic,Annual,468.4,Credit Card,False
C22855,Standard,Annual,824.75,UPI,False
C22856,Standard,Monthly,663.34,UPI,False
C22857,Standard,Annual,739.61,UPI,True
C22858,Premium,Annual,1465.26,Debit Card,True
C22859,Basic,Monthly,418.26,UPI,False
C22860,Standard,Annual,727.56,UPI,True
C22861,Basic,Monthly,335.67,Debit Card,True
C22862,Basic,Monthly,316.05,UPI,True
C22863,Standard,Monthly,791.89,Credit Card,False
C22864,Premium,Annual,1367.36,Net Banking,True
C22865,Basic,Annual,483.52,UPI,True
C22866,Basic,Monthly,367.09,UPI,True
C22867,Basic,Monthly,397.71,Debit Card,True
C22868,Standard,Annual,641.14,UPI,True
C22869,Standard,Monthly,801.96,Net Banking,False
C22870,Standard,Monthly,802.64,Credit Card,True
C22871,Basic,Monthly,318.49,Net Banking,True
C22872,Basic,Monthly,355.91,Debit Card,True
C22873,Basic,Annual,398.41,Debit Card,False
C22874,Basic,Monthly,311.05,Credit Card,False
C22875,Premium,Annual,1400.88,Credit Card,True
C22876,Basic,Monthly,495.34,Net Banking,False
C22877,Premium,Monthly,1109.9,Credit Card,False
C22878,Standard,Monthly,670.74,Debit Card,False
C22879,Basic,Monthly,438.46,Wallet,True
C22880,Standard,Monthly,626.35,Debit Card,True
C22881,Standard,Monthly,674.67,UPI,True
C22882,Basic,Annual,433.38,Credit Card,True
C22883,Basic,Annual,410.73,Credit Card,False
C22884,Basic,Annual,350.03,Wallet,True
C22885,Standard,Monthly,616.89,Wallet,False
C22886,Basic,Monthly,454.11,Credit Card,False
C22887,Premium,Monthly,1335.88,UPI,False
C22888,Premium,Monthly,1229.08,Credit Card,True
C22889,Premium,Monthly,1237.89,UPI,True
C22890,Premium,Monthly,1113.07,Debit Card,True
C22891,Standard,Monthly,835.15,Net Banking,False
C22892,Standard,Monthly,600.44,Wallet,True
C22893,Standard,Monthly,712.23,Net Banking,False
C22894,Standard,Annual,835.19,Wallet,False
C22895,Standard,Monthly,830.7,Credit Card,False
C22896,Premium,Annual,1308.03,Credit Card,True
C22897,Premium,Monthly,1041.43,Debit Card,True
C22898,Standard,Monthly,785.41,Credit Card,True
C22899,Premium,Annual,1380.33,Net Banking,True
C22900,Basic,Monthly,427.16,Debit Card,True
C22901,Basic,Annual,344.0,UPI,True
C22902,Premium,Annual,1202.37,Debit Card,True
C22903,Standard,Monthly,855.02,Credit Card,True
C22904,Premium,Monthly,1009.67,UPI,True
C22905,Standard,Annual,667.2,Credit Card,True
C22906,Basic,Monthly,496.41,Net Banking,False
C22907,Basic,Monthly,452.93,Credit Card,False
C22908,Basic,Annual,352.51,Credit Card,True
C22909,Basic,Monthly,312.65,Credit Card,True
C22910,Basic,Annual,468.43,Net Banking,False
C22911,Basic,Annual,469.77,Credit Card,True
C22912,Premium,Monthly,1115.98,Wallet,True
C22913,Basic,Monthly,315.66,Credit Card,False
C22914,Basic,Annual,385.25,UPI,False
C22915,Standard,Monthly,858.26,UPI,True
C22916,Standard,Monthly,665.69,Credit Card,False
C22917,Standard,Annual,716.54,Debit Card,True
C22918,Standard,Annual,699.56,Credit Card,False
C22919,Basic,Annual,452.84,Debit Card,True
C22920,Basic,Annual,434.91,UPI,True
C22921,Basic,Annual,399.7,Wallet,True
C22922,Standard,Annual,809.03,UPI,True
C22923,Premium,Annual,1446.21,Debit Card,True
C22924,Basic,Monthly,460.94,Credit Card,False
C22925,Standard,Monthly,616.55,Credit Card,True
C22926,Basic,Annual,459.94,UPI,True
C22927,Basic,Monthly,315.51,Credit Card,False
C22928,Premium,Annual,1319.15,Credit Card,True
C22929,Standard,Monthly,615.43,UPI,True
C22930,Basic,Annual,396.5,Credit Card,True
C22931,Standard,Annual,837.66,Net Banking,False
C22932,Premium,Monthly,1415.47,UPI,False
C22933,Standard,Monthly,645.39,Wallet,False
C22934,Standard,Monthly,848.52,UPI,False
C22935,Basic,Annual,357.84,Net Banking,False
C22936,Basic,Monthly,416.34,UPI,True
C22937,Standard,Monthly,664.35,Wallet,True
C22938,Basic,Monthly,493.69,Net Banking,True
C22939,Basic,Annual,496.21,UPI,True
C22940,Basic,Monthly,429.6,UPI,True
C22941,Standard,Monthly,806.88,UPI,False
C22942,Basic,Annual,324.87,Credit Card,True
C22943,Basic,Monthly,492.47,Credit Card,True
C22944,Basic,Monthly,380.51,Credit Card,True
C22945,Basic,Monthly,432.45,UPI,False
C22946,Basic,Annual,479.43,Debit Card,True
C22947,Standard,Monthly,687.03,Credit Card,False
C22948,Premium,Monthly,1318.8,Credit Card,True
C22949,Basic,Monthly,356.0,Credit Card,True
C22950,Premium,Monthly,1222.27,UPI,True
C22951,Premium,Monthly,1116.23,UPI,True
C22952,Premium,Monthly,1117.07,Debit Card,False
C22953,Standard,Annual,648.85,Net Banking,True
C22954,Premium,Monthly,1083.56,Net Banking,False
C22955,Basic,Annual,450.33,Credit Card,True
C22956,Basic,Monthly,334.37,Credit Card,True
C22957,Standard,Monthly,618.83,Debit Card,True
C22958,Standard,Monthly,709.91,UPI,True
C22959,Premium,Monthly,1105.35,Debit Card,True
C22960,Premium,Monthly,1224.97,UPI,False
C22961,Basic,Monthly,437.17,Credit Card,False
C22962,Standard,Monthly,654.39,Credit Card,True
C22963,Basic,Monthly,400.99,UPI,False
C22964,Standard,Monthly,839.09,Debit Card,False
C22965,Standard,Annual,610.18,Wallet,True
C22966,Basic,Monthly,404.17,UPI,True
C22967,Standard,Monthly,793.63,Net Banking,True
C22968,Premium,Annual,1447.37,UPI,True
C22969,Standard,Monthly,847.37,Debit Card,False
C22970,Premium,Monthly,1080.92,UPI,False
C22971,Standard,Monthly,874.98,Wallet,True
C22972,Basic,Monthly,363.31,Credit Card,False
C22973,Premium,Annual,1075.41,Credit Card,False
C22974,Premium,Annual,1344.26,Net Banking,True
C22975,Standard,Monthly,741.54,UPI,False
C22976,Standard,Monthly,688.54,Wallet,True
C22977,Standard,Annual,804.69,Debit Card,True
C22978,Basic,Annual,409.12,Net Banking,True
C22979,Premium,Monthly,1115.59,Credit Card,False
C22980,Premium,Monthly,1275.76,Credit Card,False
C22981,Basic,Annual,380.09,Debit Card,True
C22982,Basic,Monthly,449.23,Credit Card,False
C22983,Basic,Monthly,312.57,Debit Card,False
C22984,Standard,Monthly,778.73,Net Banking,False
C22985,Basic,Annual,333.08,UPI,True
C22986,Basic,Monthly,475.4,Net Banking,False
C22987,Basic,Monthly,322.99,Wallet,False
C22988,Standard,Monthly,845.77,UPI,True
C22989,Basic,Monthly,471.55,Credit Card,False
C22990,Basic,Monthly,346.89,Net Banking,False
C22991,Basic,Annual,344.07,UPI,True
C22992,Premium,Monthly,1225.1,Credit Card,False
C22993,Standard,Monthly,667.32,UPI,False
C22994,Basic,Monthly,413.94,UPI,False
C22995,Premium,Monthly,1169.46,Credit Card,True
C22996,Standard,Monthly,843.72,Credit Card,False
C22997,Standard,Monthly,778.59,UPI,False
C22998,Premium,Monthly,1462.68,UPI,True
C22999,Premium,Monthly,1061.5,Debit Card,True
C23000,Basic,Monthly,379.53,Credit Card,False
C23001,Basic,Monthly,335.96,Credit Card,True
C23002,Standard,Monthly,682.19,Credit Card,False
C23003,Standard,Monthly,601.39,Wallet,False
C23004,Basic,Monthly,308.33,UPI,True
C23005,Basic,Annual,364.38,UPI,True
C23006,Basic,Monthly,326.64,Debit Card,False
C23007,Basic,Annual,478.82,Debit Card,True
C23008,Basic,Annual,468.14,Debit Card,False
C23009,Standard,Monthly,724.44,Credit Card,True
C23010,Basic,Monthly,416.82,Credit Card,True
C23011,Standard,Monthly,833.56,Wallet,False
C23012,Basic,Annual,472.33,UPI,True
C23013,Standard,Monthly,883.29,Debit Card,True
C23014,Premium,Monthly,1431.15,Credit Card,True
C23015,Basic,Monthly,437.53,UPI,True
C23016,Basic,Monthly,487.74,Credit Card,True
C23017,Standard,Annual,625.41,Credit Card,True
C23018,Standard,Annual,841.67,Credit Card,True
C23019,Premium,Monthly,1022.76,Credit Card,True
C23020,Premium,Annual,1250.62,Wallet,True
C23021,Basic,Monthly,431.82,Credit Card,True
C23022,Basic,Monthly,328.4,UPI,False
C23023,Standard,Monthly,749.55,Credit Card,False
C23024,Premium,Monthly,1280.6,Credit Card,False
C23025,Premium,Annual,1377.86,UPI,True
C23026,Premium,Monthly,1218.91,Debit Card,True
C23027,Standard,Annual,693.63,Debit Card,False
C23028,Basic,Monthly,404.13,Net Banking,True
C23029,Basic,Annual,410.38,UPI,True
C23030,Basic,Monthly,403.71,Credit Card,False
C23031,Basic,Monthly,485.35,UPI,False
C23032,Basic,Monthly,317.66,Debit Card,False
C23033,Premium,Monthly,1110.42,UPI,True
C23034,Premium,Monthly,1371.59,UPI,False
C23035,Basic,Monthly,329.01,Credit Card,True
C23036,Premium,Monthly,999.31,UPI,False
C23037,Basic,Monthly,381.78,UPI,False
C23038,Premium,Monthly,1021.77,Credit Card,False
C23039,Basic,Annual,456.87,Credit Card,False
C23040,Premium,Monthly,1209.6,UPI,False
C23041,Standard,Annual,689.72,Wallet,True
C23042,Basic,Monthly,320.04,Debit Card,False
C23043,Basic,Monthly,380.41,UPI,False
C23044,Basic,Annual,466.47,Debit Card,True
C23045,Basic,Monthly,449.89,Net Banking,False
C23046,Basic,Monthly,373.29,Credit Card,True
C23047,Basic,Monthly,476.65,Wallet,True
C23048,Standard,Annual,898.64,Net Banking,True
C23049,Premium,Monthly,1481.33,Debit Card,False
C23050,Standard,Annual,833.03,Credit Card,False
C23051,Standard,Annual,623.91,UPI,True
C23052,Basic,Monthly,453.79,Net Banking,True
C23053,Basic,Annual,332.13,UPI,True
C23054,Basic,Monthly,418.97,Net Banking,True
C23055,Basic,Monthly,397.64,Debit Card,False
C23056,Basic,Monthly,327.02,Net Banking,False
C23057,Basic,Annual,321.22,Wallet,False
C23058,Basic,Monthly,456.01,Credit Card,True
C23059,Premium,Monthly,1412.8,Debit Card,False
C23060,Basic,Monthly,356.55,Wallet,False
C23061,Standard,Monthly,606.3,Credit Card,False
C23062,Standard,Monthly,674.51,Credit Card,True
C23063,Basic,Monthly,359.59,Wallet,False
C23064,Premium,Monthly,1432.17,Debit Card,False
C23065,Premium,Monthly,1113.8,Wallet,True
C23066,Basic,Monthly,367.96,Credit Card,False
C23067,Basic,Monthly,311.79,Wallet,False
C23068,Basic,Monthly,383.72,Credit Card,True
C23069,Premium,Monthly,1326.85,UPI,False
C23070,Standard,Monthly,897.71,UPI,False
C23071,Basic,Monthly,471.94,Credit Card,False
C23072,Standard,Monthly,683.9,Credit Card,True
C23073,Basic,Monthly,368.26,Debit Card,False
C23074,Standard,Monthly,736.69,UPI,False
C23075,Standard,Annual,783.43,UPI,True
C23076,Standard,Annual,704.42,UPI,False
C23077,Basic,Monthly,306.91,Net Banking,False
C23078,Premium,Annual,1168.8,UPI,False
C23079,Standard,Monthly,618.11,Debit Card,False
C23080,Basic,Monthly,343.68,Credit Card,False
C23081,Basic,Monthly,458.16,UPI,False
C23082,Premium,Annual,1492.43,UPI,True
C23083,Basic,Annual,386.39,Credit Card,True
C23084,Basic,Monthly,495.49,Credit Card,False
C23085,Premium,Annual,1290.25,Credit Card,True
C23086,Basic,Monthly,468.58,Credit Card,False
C23087,Standard,Monthly,672.39,Credit Card,True
C23088,Standard,Monthly,636.68,Wallet,False
C23089,Standard,Annual,858.9,Net Banking,True
C23090,Standard,Annual,855.04,UPI,False
C23091,Standard,Monthly,807.86,Credit Card,True
C23092,Premium,Monthly,1459.96,Credit Card,True
C23093,Basic,Annual,439.58,Debit Card,True
C23094,Basic,Annual,350.48,Net Banking,True
C23095,Premium,Annual,1273.37,Credit Card,False
C23096,Basic,Monthly,333.28,Debit Card,False
C23097,Standard,Monthly,833.64,Credit Card,True
C23098,Basic,Monthly,388.69,Debit Card,True
C23099,Premium,Monthly,1033.54,Credit Card,False
C23100,Standard,Monthly,807.95,UPI,False
C23101,Premium,Monthly,1097.01,Credit Card,False
C23102,Standard,Monthly,611.38,Credit Card,False
C23103,Basic,Monthly,331.73,Wallet,False
C23104,Basic,Annual,312.84,Debit Card,True
C23105,Basic,Annual,388.27,Credit Card,True
C23106,Standard,Annual,733.19,Debit Card,True
C23107,Standard,Monthly,625.52,Debit Card,True
C23108,Standard,Annual,683.25,Wallet,True
C23109,Basic,Monthly,360.59,Credit Card,False
C23110,Basic,Monthly,379.86,Credit Card,False
C23111,Basic,Annual,415.33,Net Banking,True
C23112,Standard,Monthly,835.51,UPI,True
C23113,Basic,Monthly,343.83,Debit Card,False
C23114,Basic,Monthly,374.18,Net Banking,False
C23115,Basic,Annual,396.98,Credit Card,False
C23116,Standard,Annual,865.82,Credit Card,True
C23117,Standard,Monthly,711.48,Wallet,False
C23118,Basic,Annual,498.11,Debit Card,True
C23119,Premium,Monthly,1246.43,Debit Card,False
C23120,Basic,Annual,301.74,Credit Card,True
C23121,Basic,Monthly,430.77,Debit Card,True
C23122,Premium,Monthly,1493.89,Debit Card,False
C23123,Basic,Annual,454.74,UPI,True
C23124,Standard,Monthly,709.61,UPI,False
C23125,Basic,Monthly,320.4,UPI,False
C23126,Basic,Annual,330.19,Debit Card,True
C23127,Premium,Monthly,1086.76,Credit Card,False
C23128,Standard,Monthly,660.63,Credit Card,True
C23129,Standard,Monthly,833.3,UPI,False
C23130,Basic,Annual,318.45,Credit Card,True
C23131,Standard,Annual,698.98,Debit Card,True
C23132,Standard,Monthly,646.43,Net Banking,True
C23133,Standard,Monthly,869.53,Credit Card,False
C23134,Basic,Monthly,494.54,UPI,False
C23135,Basic,Monthly,481.48,UPI,False
C23136,Standard,Monthly,736.66,Debit Card,True
C23137,Basic,Annual,317.58,Credit Card,False
C23138,Standard,Monthly,641.3,Debit Card,True
C23139,Basic,Monthly,307.57,UPI,False
C23140,Basic,Annual,425.78,Wallet,True
C23141,Standard,Monthly,641.22,UPI,False
C23142,Standard,Monthly,691.7,Credit Card,False
C23143,Standard,Annual,801.2,UPI,True
C23144,Premium,Monthly,1190.01,Net Banking,True
C23145,Standard,Monthly,613.35,Debit Card,False
C23146,Standard,Monthly,634.4,Credit Card,True
C23147,Standard,Monthly,644.56,UPI,True
C23148,Premium,Annual,1335.98,Debit Card,True
C23149,Basic,Monthly,437.39,Wallet,False
C23150,Basic,Monthly,317.9,UPI,False
C23151,Basic,Monthly,463.28,Credit Card,True
C23152,Standard,Monthly,608.77,Net Banking,True
C23153,Premium,Annual,1324.25,UPI,False
C23154,Basic,Annual,432.48,Credit Card,True
C23155,Basic,Annual,376.57,Credit Card,True
C23156,Standard,Monthly,640.3,Wallet,False
C23157,Premium,Annual,1120.2,Debit Card,True
C23158,Basic,Monthly,428.1,Credit Card,False
C23159,Premium,Monthly,1164.02,UPI,False
C23160,Premium,Annual,1353.55,Debit Card,True
C23161,Premium,Annual,1471.72,Credit Card,False
C23162,Standard,Monthly,842.44,UPI,False
C23163,Basic,Annual,388.66,UPI,True
C23164,Standard,Monthly,631.79,Debit Card,False
C23165,Basic,Annual,387.66,Credit Card,False
C23166,Premium,Annual,1339.59,Net Banking,True
C23167,Basic,Monthly,348.85,Credit Card,False
C23168,Basic,Annual,304.84,Credit Card,True
C23169,Basic,Monthly,340.12,Credit Card,False
C23170,Premium,Monthly,1386.96,Debit Card,True
C23171,Basic,Monthly,315.51,UPI,False
C23172,Standard,Monthly,742.63,Debit Card,False
C23173,Standard,Monthly,600.57,UPI,False
C23174,Premium,Monthly,1451.45,Credit Card,True
C23175,Basic,Monthly,498.22,Debit Card,False
C23176,Premium,Monthly,1142.99,UPI,True
C23177,Basic,Monthly,358.48,Debit Card,False
C23178,Standard,Monthly,859.92,UPI,True
C23179,Standard,Monthly,631.47,UPI,False
C23180,Basic,Monthly,387.56,UPI,True
C23181,Standard,Monthly,692.44,Wallet,False
C23182,Basic,Annual,362.37,UPI,False
C23183,Standard,Annual,660.87,UPI,False
C23184,Basic,Annual,411.59,Debit Card,True
C23185,Standard,Monthly,693.88,UPI,False
C23186,Standard,Annual,757.79,Debit Card,True
C23187,Premium,Annual,1068.71,Debit Card,True
C23188,Basic,Annual,438.17,Debit Card,False
C23189,Basic,Monthly,430.78,Credit Card,True
C23190,Premium,Monthly,1448.59,Wallet,False
C23191,Standard,Monthly,806.54,Credit Card,False
C23192,Standard,Monthly,897.4,Debit Card,False
C23193,Standard,Monthly,721.65,UPI,False
C23194,Basic,Monthly,443.13,Net Banking,False
C23195,Premium,Monthly,1445.45,Credit Card,False
C23196,Standard,Monthly,685.85,Debit Card,False
C23197,Basic,Monthly,312.21,UPI,False
C23198,Basic,Monthly,324.64,UPI,True
C23199,Premium,Monthly,1202.54,Wallet,False
C23200,Basic,Monthly,442.89,Credit Card,True
C23201,Standard,Annual,718.77,Credit Card,True
C23202,Standard,Monthly,782.73,UPI,False
C23203,Basic,Monthly,404.13,Credit Card,True
C23204,Standard,Monthly,882.15,Credit Card,False
C23205,Premium,Monthly,1194.75,Credit Card,True
C23206,Standard,Monthly,660.97,Credit Card,True
C23207,Basic,Monthly,494.4,UPI,False
C23208,Basic,Annual,487.3,Credit Card,True
C23209,Standard,Monthly,728.17,Wallet,False
C23210,Basic,Monthly,329.6,Credit Card,True
C23211,Basic,Monthly,345.25,Debit Card,True
C23212,Basic,Monthly,320.21,UPI,False
C23213,Standard,Monthly,708.21,Net Banking,False
C23214,Premium,Monthly,1125.99,Debit Card,True
C23215,Basic,Monthly,368.27,UPI,False
C23216,Basic,Monthly,483.64,Debit Card,False
C23217,Premium,Annual,1388.42,Credit Card,True
C23218,Standard,Monthly,897.3,UPI,False
C23219,Basic,Monthly,384.03,Wallet,True
C23220,Basic,Annual,366.63,UPI,True
C23221,Standard,Monthly,769.86,UPI,True
C23222,Standard,Monthly,730.23,Credit Card,True
C23223,Basic,Monthly,374.54,Credit Card,False
C23224,Basic,Monthly,372.33,Debit Card,False
C23225,Premium,Monthly,1163.27,Credit Card,False
C23226,Basic,Monthly,379.42,Credit Card,False
C23227,Premium,Annual,1092.09,Credit Card,True
C23228,Standard,Monthly,627.22,UPI,True
C23229,Premium,Annual,1189.41,UPI,False
C23230,Premium,Annual,1068.25,UPI,True
C23231,Standard,Monthly,740.79,Credit Card,False
C23232,Basic,Monthly,491.07,Credit Card,False
C23233,Basic,Monthly,398.87,Credit Card,False
C23234,Basic,Annual,469.38,UPI,True
C23235,Basic,Monthly,455.59,Debit Card,False
C23236,Standard,Monthly,634.68,Wallet,True
C23237,Basic,Monthly,480.64,Credit Card,False
C23238,Premium,Monthly,1422.19,Debit Card,False
C23239,Basic,Annual,343.09,Credit Card,True
C23240,Premium,Monthly,1050.39,Net Banking,True
C23241,Basic,Monthly,468.75,Credit Card,False
C23242,Basic,Monthly,397.98,Debit Card,False
C23243,Basic,Monthly,327.46,Debit Card,False
C23244,Basic,Monthly,406.99,Credit Card,True
C23245,Standard,Monthly,793.8,Credit Card,False
C23246,Basic,Monthly,453.52,UPI,False
C23247,Basic,Monthly,400.11,Credit Card,False
C23248,Basic,Monthly,370.23,UPI,False
C23249,Basic,Annual,491.67,Credit Card,False
C23250,Premium,Annual,1281.36,Credit Card,True
C23251,Standard,Monthly,813.26,UPI,False
C23252,Premium,Monthly,1111.34,UPI,True
C23253,Standard,Monthly,690.17,Credit Card,False
C23254,Premium,Monthly,1276.69,Credit Card,False
C23255,Standard,Monthly,738.08,Credit Card,False
C23256,Standard,Annual,602.69,Net Banking,True
C23257,Standard,Monthly,667.77,Debit Card,True
C23258,Premium,Annual,1446.25,UPI,True
C23259,Basic,Annual,462.82,Credit Card,True
C23260,Basic,Annual,488.91,UPI,True
C23261,Standard,Monthly,751.11,Credit Card,True
C23262,Standard,Monthly,682.77,Debit Card,True
C23263,Standard,Monthly,703.63,Net Banking,False
C23264,Basic,Monthly,373.38,Debit Card,True
C23265,Basic,Annual,386.37,Credit Card,True
C23266,Standard,Monthly,730.55,Debit Card,True
C23267,Standard,Annual,848.18,Debit Card,False
C23268,Standard,Annual,842.78,Credit Card,True
C23269,Basic,Monthly,352.38,Credit Card,False
C23270,Basic,Monthly,392.8,Debit Card,False
C23271,Standard,Monthly,848.6,Credit Card,False
C23272,Basic,Annual,349.59,UPI,True
C23273,Basic,Annual,313.15,UPI,True
C23274,Standard,Monthly,776.67,Wallet,True
C23275,Basic,Annual,443.99,Credit Card,True
C23276,Standard,Monthly,688.21,Wallet,False
C23277,Premium,Monthly,1496.19,Credit Card,True
C23278,Basic,Monthly,493.71,UPI,True
C23279,Standard,Monthly,894.19,UPI,True
C23280,Basic,Monthly,467.14,Debit Card,False
C23281,Basic,Monthly,404.74,Debit Card,False
C23282,Standard,Monthly,718.61,Debit Card,True
C23283,Premium,Monthly,1060.02,Net Banking,False
C23284,Basic,Monthly,440.91,Credit Card,True
C23285,Standard,Monthly,813.5,Credit Card,True
C23286,Standard,Annual,630.84,Net Banking,True
C23287,Premium,Monthly,1391.38,UPI,False
C23288,Basic,Monthly,481.54,UPI,False
C23289,Basic,Monthly,344.65,UPI,False
C23290,Premium,Monthly,1479.16,Debit Card,False
C23291,Basic,Annual,469.75,Wallet,True
C23292,Premium,Monthly,1196.02,Net Banking,True
C23293,Premium,Monthly,1046.88,Debit Card,True
C23294,Basic,Monthly,479.54,Credit Card,True
C23295,Basic,Monthly,434.9,Credit Card,True
C23296,Standard,Annual,821.75,Debit Card,True
C23297,Basic,Monthly,422.85,Wallet,False
C23298,Basic,Monthly,359.33,UPI,False
C23299,Standard,Monthly,875.21,Wallet,True
C23300,Premium,Monthly,1148.63,UPI,False
C23301,Basic,Monthly,438.91,Credit Card,False
C23302,Standard,Annual,765.07,Credit Card,True
C23303,Standard,Monthly,883.65,Debit Card,False
C23304,Standard,Annual,889.83,Credit Card,True
C23305,Basic,Annual,330.48,Wallet,True
C23306,Premium,Monthly,1027.46,Debit Card,False
C23307,Standard,Annual,611.85,UPI,True
C23308,Standard,Annual,766.6,Debit Card,True
C23309,Standard,Annual,634.4,Wallet,True
C23310,Basic,Annual,474.29,Credit Card,False
C23311,Basic,Monthly,364.53,Debit Card,False
C23312,Standard,Monthly,658.28,Credit Card,True
C23313,Basic,Monthly,319.36,Debit Card,True
C23314,Basic,Monthly,483.55,Credit Card,True
C23315,Standard,Monthly,707.19,UPI,True
C23316,Basic,Monthly,470.73,Net Banking,True
C23317,Premium,Monthly,1050.75,Credit Card,False
C23318,Standard,Monthly,898.68,Debit Card,False
C23319,Premium,Monthly,1244.45,Credit Card,False
C23320,Premium,Annual,1163.75,Credit Card,True
C23321,Basic,Monthly,486.02,UPI,False
C23322,Basic,Monthly,441.04,UPI,True
C23323,Basic,Annual,469.92,UPI,True
C23324,Standard,Monthly,852.13,Credit Card,False
C23325,Premium,Monthly,1440.42,UPI,False
C23326,Premium,Monthly,1258.29,Credit Card,True
C23327,Standard,Monthly,677.11,UPI,False
C23328,Basic,Monthly,336.6,Credit Card,False
C23329,Premium,Monthly,1022.03,Net Banking,False
C23330,Standard,Annual,847.92,Debit Card,False
C23331,Standard,Annual,777.68,Credit Card,True
C23332,Standard,Annual,625.34,Credit Card,True
C23333,Standard,Monthly,626.89,Debit Card,False
C23334,Basic,Monthly,306.32,Debit Card,True
C23335,Standard,Monthly,816.47,Debit Card,False
C23336,Premium,Monthly,1060.17,Debit Card,True
C23337,Standard,Annual,604.31,UPI,False
C23338,Basic,Monthly,458.89,Credit Card,False
C23339,Premium,Annual,1092.63,UPI,True
C23340,Basic,Monthly,303.84,Credit Card,False
C23341,Standard,Monthly,631.12,UPI,False
C23342,Basic,Annual,307.73,UPI,True
C23343,Standard,Monthly,847.48,UPI,False
C23344,Basic,Monthly,312.6,Net Banking,False
C23345,Standard,Monthly,730.56,Wallet,False
C23346,Premium,Monthly,1007.51,UPI,False
C23347,Basic,Annual,300.5,UPI,True
C23348,Premium,Monthly,1235.95,Credit Card,False
C23349,Basic,Monthly,349.78,Net Banking,False
C23350,Standard,Monthly,813.63,Credit Card,True
C23351,Premium,Monthly,1006.73,Credit Card,False
C23352,Basic,Monthly,344.46,Wallet,True
C23353,Premium,Monthly,1131.96,UPI,True
C23354,Basic,Monthly,490.87,Credit Card,True
C23355,Premium,Annual,1433.48,UPI,True
C23356,Basic,Annual,450.22,UPI,False
C23357,Basic,Monthly,394.57,Net Banking,True
C23358,Basic,Monthly,434.21,Credit Card,False
C23359,Standard,Monthly,684.65,UPI,True
C23360,Standard,Monthly,829.44,UPI,False
C23361,Basic,Monthly,323.26,UPI,False
C23362,Basic,Annual,345.79,Debit Card,True
C23363,Standard,Monthly,819.75,Credit Card,False
C23364,Standard,Annual,778.86,Credit Card,True
C23365,Basic,Monthly,471.16,Credit Card,False
C23366,Premium,Monthly,1487.01,UPI,True
C23367,Standard,Annual,746.5,UPI,True
C23368,Basic,Monthly,449.25,Wallet,False
C23369,Basic,Monthly,334.79,Net Banking,True
C23370,Standard,Annual,889.62,Credit Card,False
C23371,Basic,Annual,367.82,UPI,True
C23372,Basic,Annual,401.13,Credit Card,True
C23373,Basic,Monthly,334.35,Wallet,True
C23374,Standard,Annual,697.73,Credit Card,True
C23375,Premium,Monthly,1255.38,Wallet,True
C23376,Basic,Monthly,430.0,Net Banking,False
C23377,Basic,Annual,345.3,Credit Card,True
C23378,Basic,Annual,497.95,UPI,True
C23379,Basic,Annual,354.09,Debit Card,True
C23380,Standard,Monthly,801.49,Net Banking,False
C23381,Standard,Monthly,882.71,Credit Card,False
C23382,Standard,Monthly,644.38,Credit Card,False
C23383,Standard,Annual,640.54,Wallet,True
C23384,Basic,Monthly,356.14,UPI,False
C23385,Standard,Annual,664.28,UPI,True
C23386,Basic,Monthly,332.19,UPI,False
C23387,Basic,Monthly,341.38,Debit Card,False
C23388,Standard,Annual,615.48,UPI,True
C23389,Basic,Annual,395.0,Credit Card,True
C23390,Premium,Monthly,1366.99,Credit Card,True
C23391,Basic,Annual,446.4,Credit Card,False
C23392,Premium,Monthly,1029.06,Credit Card,True
C23393,Basic,Monthly,421.38,Net Banking,True
C23394,Basic,Monthly,361.8,Credit Card,False
C23395,Premium,Monthly,1187.36,Credit Card,True
C23396,Basic,Monthly,458.01,Wallet,True
C23397,Premium,Annual,1089.41,UPI,True
C23398,Basic,Monthly,434.11,Debit Card,False
C23399,Basic,Monthly,316.95,Credit Card,True
C23400,Basic,Monthly,354.91,Credit Card,True
C23401,Standard,Monthly,754.51,Net Banking,False
C23402,Premium,Monthly,1358.69,Net Banking,True
C23403,Basic,Monthly,388.73,Debit Card,True
C23404,Standard,Annual,710.6,Credit Card,True
C23405,Basic,Monthly,323.55,Credit Card,True
C23406,Basic,Monthly,338.9,Debit Card,True
C23407,Basic,Monthly,395.22,Debit Card,True
C23408,Standard,Monthly,796.41,Wallet,False
C23409,Premium,Monthly,1445.64,Net Banking,False
C23410,Standard,Monthly,600.74,Net Banking,True
C23411,Basic,Monthly,345.37,UPI,False
C23412,Basic,Monthly,428.63,Credit Card,False
C23413,Premium,Monthly,1341.11,Net Banking,True
C23414,Standard,Monthly,798.99,Credit Card,False
C23415,Standard,Monthly,717.63,Debit Card,False
C23416,Premium,Annual,1158.94,UPI,False
C23417,Premium,Annual,1228.43,Credit Card,True
C23418,Standard,Monthly,744.23,Net Banking,False
C23419,Basic,Annual,423.89,Debit Card,True
C23420,Standard,Annual,861.55,Credit Card,True
C23421,Standard,Monthly,769.71,Credit Card,True
C23422,Standard,Monthly,642.82,Net Banking,True
C23423,Premium,Annual,1287.25,Credit Card,True
C23424,Standard,Annual,753.98,UPI,True
C23425,Standard,Annual,845.74,Credit Card,False
C23426,Basic,Annual,447.27,Credit Card,True
C23427,Basic,Monthly,374.3,Credit Card,True
C23428,Basic,Monthly,452.07,UPI,True
C23429,Basic,Monthly,396.7,Net Banking,False
C23430,Premium,Monthly,1125.09,UPI,True
C23431,Basic,Monthly,318.3,Wallet,False
C23432,Basic,Annual,412.5,Debit Card,False
C23433,Premium,Monthly,1255.52,UPI,False
C23434,Basic,Monthly,375.81,UPI,True
C23435,Standard,Monthly,868.9,Credit Card,True
C23436,Standard,Monthly,883.2,Credit Card,True
C23437,Standard,Monthly,890.73,UPI,True
C23438,Basic,Monthly,418.1,UPI,True
C23439,Basic,Monthly,365.32,UPI,True
C23440,Basic,Annual,310.35,UPI,True
C23441,Basic,Monthly,315.77,Wallet,True
C23442,Basic,Monthly,384.06,Credit Card,False
C23443,Standard,Annual,611.37,Debit Card,True
C23444,Premium,Annual,1044.51,UPI,False
C23445,Premium,Annual,1450.37,Debit Card,True
C23446,Premium,Monthly,1308.49,Credit Card,False
C23447,Basic,Monthly,404.86,UPI,False
C23448,Basic,Monthly,498.41,Wallet,False
C23449,Premium,Monthly,1147.14,Credit Card,False
C23450,Basic,Monthly,412.92,Net Banking,False
C23451,Standard,Annual,832.94,Credit Card,False
C23452,Standard,Monthly,613.67,Credit Card,False
C23453,Premium,Monthly,1006.4,Debit Card,False
C23454,Standard,Monthly,688.87,Debit Card,True
C23455,Basic,Monthly,316.95,Debit Card,True
C23456,Standard,Monthly,698.56,Credit Card,False
C23457,Basic,Monthly,312.03,Credit Card,False
C23458,Premium,Monthly,1404.79,UPI,False
C23459,Basic,Monthly,421.75,Debit Card,False
C23460,Premium,Monthly,1156.93,Debit Card,False
C23461,Basic,Monthly,381.52,Net Banking,False
C23462,Standard,Annual,718.29,UPI,True
C23463,Basic,Monthly,394.32,UPI,True
C23464,Basic,Monthly,463.31,UPI,True
C23465,Basic,Monthly,479.14,UPI,False
C23466,Basic,Monthly,427.39,Credit Card,True
C23467,Basic,Monthly,418.48,Debit Card,True
C23468,Premium,Annual,1162.54,Wallet,True
C23469,Standard,Annual,838.41,UPI,True
C23470,Basic,Monthly,326.18,UPI,True
C23471,Basic,Monthly,481.13,Net Banking,True
C23472,Basic,Monthly,438.64,UPI,False
C23473,Standard,Monthly,769.02,Credit Card,True
C23474,Standard,Monthly,714.41,UPI,True
C23475,Basic,Monthly,433.15,Debit Card,False
C23476,Standard,Monthly,654.42,Debit Card,False
C23477,Premium,Monthly,1063.83,UPI,False
C23478,Standard,Monthly,702.14,UPI,False
C23479,Standard,Annual,622.48,Wallet,True
C23480,Basic,Annual,367.68,Credit Card,True
C23481,Standard,Monthly,765.83,Debit Card,False
C23482,Premium,Annual,1144.96,Debit Card,True
C23483,Standard,Monthly,848.01,Credit Card,True
C23484,Premium,Monthly,1068.39,Credit Card,False
C23485,Basic,Monthly,480.59,Wallet,False
C23486,Basic,Annual,400.4,Credit Card,True
C23487,Premium,Monthly,1305.05,Credit Card,True
C23488,Standard,Monthly,858.77,UPI,False
C23489,Basic,Monthly,306.75,UPI,False
C23490,Basic,Annual,434.21,UPI,True
C23491,Premium,Annual,1164.17,Credit Card,False
C23492,Basic,Monthly,393.94,Debit Card,True
C23493,Standard,Monthly,763.57,UPI,True
C23494,Basic,Monthly,497.31,UPI,False
C23495,Standard,Annual,622.34,Credit Card,False
C23496,Standard,Monthly,761.56,Wallet,False
C23497,Basic,Monthly,360.49,Debit Card,True
C23498,Basic,Annual,328.27,Wallet,True
C23499,Basic,Annual,372.31,UPI,True
C23500,Standard,Monthly,885.54,Credit Card,False
C23501,Standard,Annual,727.28,Net Banking,True
C23502,Basic,Annual,449.66,Net Banking,True
C23503,Standard,Monthly,884.28,Wallet,False
C23504,Basic,Monthly,400.22,Wallet,True
C23505,Basic,Annual,435.65,Net Banking,True
C23506,Standard,Annual,771.24,Net Banking,True
C23507,Premium,Monthly,1292.68,UPI,False
C23508,Premium,Monthly,1152.84,Net Banking,True
C23509,Standard,Annual,631.11,UPI,False
C23510,Basic,Monthly,439.23,Net Banking,False
C23511,Premium,Monthly,1462.17,UPI,True
C23512,Basic,Monthly,394.81,Wallet,False
C23513,Standard,Monthly,767.7,UPI,False
C23514,Standard,Annual,832.77,Net Banking,True
C23515,Standard,Monthly,694.29,UPI,False
C23516,Standard,Annual,604.9,UPI,False
C23517,Standard,Monthly,709.64,UPI,True
C23518,Basic,Monthly,424.66,Credit Card,False
C23519,Basic,Monthly,315.18,Credit Card,True
C23520,Basic,Monthly,472.48,Net Banking,False
C23521,Standard,Monthly,818.05,UPI,False
C23522,Premium,Monthly,1218.5,Credit Card,False
C23523,Premium,Monthly,1433.67,UPI,True
C23524,Standard,Monthly,766.13,Credit Card,False
C23525,Premium,Monthly,1453.21,Debit Card,False
C23526,Premium,Annual,1252.45,Debit Card,True
C23527,Basic,Annual,340.72,Net Banking,False
C23528,Basic,Monthly,489.25,Debit Card,True
C23529,Standard,Monthly,701.07,Credit Card,False
C23530,Basic,Monthly,399.02,Credit Card,False
C23531,Standard,Monthly,837.24,UPI,False
C23532,Standard,Monthly,673.76,Debit Card,False
C23533,Basic,Annual,333.14,Debit Card,True
C23534,Basic,Monthly,411.48,Credit Card,False
C23535,Premium,Monthly,999.83,UPI,True
C23536,Basic,Annual,374.41,Net Banking,True
C23537,Premium,Monthly,1342.86,Debit Card,True
C23538,Basic,Monthly,319.69,Debit Card,False
C23539,Basic,Monthly,416.11,Debit Card,False
C23540,Basic,Monthly,462.33,UPI,True
C23541,Standard,Monthly,814.19,Wallet,False
C23542,Standard,Annual,843.36,UPI,True
C23543,Basic,Monthly,346.68,Debit Card,False
C23544,Premium,Monthly,1133.87,Credit Card,False
C23545,Basic,Annual,453.65,Net Banking,True
C23546,Basic,Monthly,344.88,Debit Card,False
C23547,Premium,Monthly,1125.7,Debit Card,True
C23548,Basic,Monthly,333.88,Credit Card,False
C23549,Standard,Monthly,736.56,Net Banking,False
C23550,Basic,Monthly,326.01,Debit Card,True
C23551,Basic,Monthly,382.55,Debit Card,False
C23552,Standard,Monthly,894.41,Credit Card,True
C23553,Premium,Monthly,1169.63,UPI,True
C23554,Standard,Monthly,764.61,Debit Card,True
C23555,Premium,Monthly,999.68,Credit Card,False
C23556,Standard,Monthly,750.5,UPI,True
C23557,Basic,Monthly,405.07,Credit Card,False
C23558,Standard,Annual,833.46,Wallet,True
C23559,Basic,Monthly,384.56,Debit Card,False
C23560,Premium,Monthly,1263.14,Credit Card,False
C23561,Basic,Monthly,487.64,Debit Card,True
C23562,Basic,Monthly,481.24,Credit Card,False
C23563,Standard,Annual,791.61,Credit Card,True
C23564,Basic,Annual,388.22,Credit Card,True
C23565,Standard,Annual,882.62,Debit Card,True
C23566,Standard,Monthly,687.84,Debit Card,True
C23567,Standard,Monthly,784.4,Wallet,True
C23568,Basic,Monthly,489.66,Credit Card,False
C23569,Standard,Monthly,612.42,Debit Card,False
C23570,Basic,Monthly,387.91,Net Banking,False
C23571,Basic,Monthly,437.53,Debit Card,True
C23572,Basic,Monthly,338.56,Debit Card,True
C23573,Standard,Monthly,796.74,Credit Card,True
C23574,Basic,Monthly,467.16,Net Banking,False
C23575,Basic,Monthly,375.07,Debit Card,True
C23576,Basic,Monthly,406.1,Net Banking,False
C23577,Basic,Monthly,336.86,UPI,False
C23578,Basic,Monthly,461.25,Net Banking,True
C23579,Basic,Monthly,368.85,Debit Card,False
C23580,Basic,Monthly,455.45,Credit Card,True
C23581,Basic,Monthly,419.75,Net Banking,False
C23582,Premium,Monthly,1497.54,UPI,False
C23583,Premium,Annual,1310.53,UPI,True
C23584,Basic,Annual,472.25,Debit Card,True
C23585,Standard,Annual,887.51,Credit Card,True
C23586,Basic,Monthly,466.71,UPI,False
C23587,Premium,Monthly,1181.79,Credit Card,False
C23588,Standard,Monthly,618.43,Credit Card,False
C23589,Premium,Annual,1422.46,UPI,True
C23590,Standard,Annual,672.99,Net Banking,False
C23591,Standard,Monthly,758.07,Credit Card,False
C23592,Basic,Monthly,313.19,Credit Card,False
C23593,Standard,Monthly,757.76,Debit Card,True
C23594,Premium,Monthly,1016.38,Credit Card,True
C23595,Basic,Monthly,310.57,Wallet,False
C23596,Standard,Monthly,860.91,UPI,True
C23597,Premium,Monthly,1268.24,UPI,False
C23598,Basic,Monthly,423.81,Credit Card,False
C23599,Basic,Monthly,304.04,UPI,False
C23600,Basic,Monthly,333.14,Net Banking,True
C23601,Standard,Monthly,793.95,Credit Card,False
C23602,Premium,Annual,1368.99,Wallet,True
C23603,Basic,Annual,427.83,Debit Card,True
C23604,Basic,Monthly,306.39,Wallet,False
C23605,Premium,Monthly,1398.28,UPI,False
C23606,Standard,Annual,730.44,Debit Card,False
C23607,Basic,Monthly,401.41,Debit Card,True
C23608,Premium,Annual,1111.25,Debit Card,True
C23609,Premium,Monthly,1083.39,Credit Card,False
C23610,Basic,Monthly,349.16,Debit Card,False
C23611,Basic,Annual,477.99,Credit Card,True
C23612,Premium,Monthly,1372.35,Net Banking,False
C23613,Basic,Monthly,368.94,Debit Card,True
C23614,Premium,Monthly,1388.74,UPI,False
C23615,Basic,Monthly,423.82,Credit Card,False
C23616,Standard,Annual,620.41,UPI,True
C23617,Standard,Monthly,627.89,Credit Card,False
C23618,Standard,Annual,884.92,Wallet,True
C23619,Basic,Monthly,469.45,Debit Card,False
C23620,Basic,Annual,430.65,Credit Card,True
C23621,Standard,Annual,866.29,Debit Card,True
C23622,Standard,Monthly,729.43,Net Banking,True
C23623,Premium,Monthly,1332.42,Debit Card,True
C23624,Basic,Monthly,365.41,Debit Card,False
C23625,Premium,Monthly,1071.79,UPI,False
C23626,Basic,Annual,319.33,Credit Card,True
C23627,Basic,Annual,479.84,Credit Card,False
C23628,Standard,Monthly,777.29,Credit Card,True
C23629,Standard,Annual,756.8,Wallet,True
C23630,Standard,Monthly,874.07,UPI,True
C23631,Premium,Monthly,1256.37,Wallet,True
C23632,Basic,Annual,354.6,Debit Card,True
C23633,Standard,Annual,699.3,Credit Card,False
C23634,Basic,Monthly,371.18,Wallet,False
C23635,Basic,Monthly,371.23,Credit Card,False
C23636,Basic,Annual,445.91,UPI,True
C23637,Basic,Annual,497.54,Credit Card,True
C23638,Premium,Monthly,1366.3,Debit Card,False
C23639,Basic,Monthly,333.77,UPI,False
C23640,Standard,Monthly,729.08,Credit Card,True
C23641,Premium,Monthly,1448.17,Net Banking,False
C23642,Basic,Monthly,324.94,Debit Card,False
C23643,Standard,Monthly,726.14,UPI,True
C23644,Basic,Monthly,364.38,Wallet,True
C23645,Basic,Annual,343.29,Credit Card,True
C23646,Basic,Annual,401.59,UPI,True
C23647,Premium,Annual,1024.07,Credit Card,True
C23648,Premium,Annual,1203.54,Credit Card,True
C23649,Standard,Monthly,674.95,UPI,False
C23650,Basic,Monthly,451.52,Debit Card,True
C23651,Basic,Annual,339.0,Credit Card,True
C23652,Basic,Annual,425.12,UPI,True
C23653,Standard,Annual,765.62,Net Banking,True
C23654,Standard,Monthly,772.29,UPI,True
C23655,Basic,Annual,427.13,UPI,True
C23656,Premium,Monthly,1427.46,UPI,True
C23657,Premium,Monthly,1338.86,UPI,False
C23658,Premium,Monthly,1020.3,UPI,True
C23659,Standard,Monthly,724.8,Credit Card,True
C23660,Basic,Monthly,405.31,Credit Card,False
C23661,Basic,Monthly,381.73,Debit Card,False
C23662,Standard,Monthly,754.8,Debit Card,True
C23663,Basic,Monthly,326.23,UPI,True
C23664,Standard,Annual,650.55,UPI,True
C23665,Premium,Annual,1287.66,Credit Card,True
C23666,Basic,Monthly,364.91,Wallet,False
C23667,Basic,Annual,334.4,Debit Card,True
C23668,Standard,Annual,683.32,Debit Card,True
C23669,Premium,Monthly,1352.2,UPI,True
C23670,Standard,Monthly,642.98,Wallet,True
C23671,Standard,Monthly,850.76,UPI,True
C23672,Standard,Monthly,671.88,UPI,False
C23673,Premium,Monthly,1365.17,UPI,True
C23674,Basic,Monthly,314.14,UPI,False
C23675,Basic,Annual,443.69,UPI,True
C23676,Basic,Monthly,329.16,Wallet,False
C23677,Basic,Monthly,305.59,UPI,False
C23678,Standard,Monthly,688.2,Debit Card,False
C23679,Standard,Monthly,776.42,Credit Card,True
C23680,Premium,Annual,1293.04,UPI,True
C23681,Basic,Monthly,374.29,Wallet,True
C23682,Premium,Monthly,1019.14,Credit Card,False
C23683,Standard,Annual,771.68,Debit Card,True
C23684,Standard,Monthly,606.98,Debit Card,False
C23685,Basic,Monthly,325.55,Credit Card,True
C23686,Basic,Monthly,377.04,Debit Card,False
C23687,Standard,Monthly,810.05,Wallet,True
C23688,Standard,Annual,758.43,UPI,False
C23689,Basic,Monthly,430.54,Net Banking,False
C23690,Basic,Annual,410.57,UPI,True
C23691,Standard,Monthly,739.91,Credit Card,False
C23692,Premium,Monthly,1043.48,Credit Card,False
C23693,Basic,Annual,321.82,Credit Card,True
C23694,Basic,Monthly,326.65,Credit Card,True
C23695,Standard,Annual,741.27,Debit Card,True
C23696,Premium,Monthly,1129.52,Debit Card,False
C23697,Basic,Monthly,305.75,Debit Card,False
C23698,Basic,Monthly,327.09,Net Banking,False
C23699,Premium,Monthly,1432.13,Credit Card,False
C23700,Standard,Monthly,788.35,Debit Card,False
C23701,Standard,Monthly,773.72,Credit Card,False
C23702,Basic,Monthly,317.84,UPI,False
C23703,Basic,Annual,402.34,Debit Card,True
C23704,Basic,Monthly,440.79,Debit Card,False
C23705,Standard,Monthly,653.92,Net Banking,False
C23706,Standard,Annual,737.23,Credit Card,True
C23707,Basic,Annual,429.26,Credit Card,True
C23708,Standard,Monthly,853.29,UPI,False
C23709,Standard,Monthly,627.53,UPI,True
C23710,Basic,Annual,444.77,Debit Card,True
C23711,Standard,Monthly,673.71,Credit Card,False
C23712,Basic,Monthly,390.07,Credit Card,False
C23713,Standard,Monthly,765.63,UPI,False
C23714,Standard,Monthly,725.76,Net Banking,True
C23715,Standard,Monthly,841.7,Credit Card,False
C23716,Premium,Annual,1001.3,UPI,False
C23717,Basic,Monthly,385.39,Net Banking,False
C23718,Basic,Annual,479.93,Debit Card,False
C23719,Standard,Annual,812.04,UPI,True
C23720,Basic,Monthly,320.42,UPI,True
C23721,Basic,Annual,487.85,Credit Card,True
C23722,Basic,Monthly,477.63,UPI,True
C23723,Basic,Monthly,343.75,Debit Card,False
C23724,Premium,Annual,1408.34,Credit Card,True
C23725,Premium,Monthly,1347.59,Net Banking,False
C23726,Standard,Monthly,843.59,Wallet,True
C23727,Premium,Monthly,1221.01,UPI,False
C23728,Standard,Monthly,699.46,Credit Card,True
C23729,Premium,Monthly,1048.8,Debit Card,False
C23730,Premium,Annual,1177.98,UPI,True
C23731,Premium,Annual,1434.37,Wallet,True
C23732,Basic,Annual,353.95,Credit Card,True
C23733,Premium,Monthly,1411.94,Debit Card,True
C23734,Basic,Monthly,328.95,Debit Card,False
C23735,Basic,Monthly,375.13,Debit Card,True
C23736,Standard,Monthly,857.49,Credit Card,False
C23737,Basic,Monthly,342.37,Wallet,False
C23738,Premium,Monthly,1030.16,Debit Card,True
C23739,Basic,Monthly,450.1,Debit Card,True
C23740,Standard,Monthly,671.06,Credit Card,False
C23741,Basic,Monthly,418.99,UPI,True
C23742,Basic,Monthly,398.59,Debit Card,False
C23743,Standard,Monthly,871.28,UPI,False
C23744,Basic,Monthly,462.48,UPI,False
C23745,Basic,Monthly,454.11,Credit Card,False
C23746,Basic,Monthly,350.62,Credit Card,False
C23747,Basic,Monthly,407.15,Credit Card,False
C23748,Standard,Monthly,675.43,Debit Card,False
C23749,Premium,Monthly,1166.45,Net Banking,True
C23750,Basic,Monthly,342.69,Debit Card,True
C23751,Basic,Monthly,460.25,Debit Card,False
C23752,Basic,Monthly,321.37,UPI,False
C23753,Standard,Monthly,736.73,UPI,False
C23754,Basic,Annual,381.2,Credit Card,True
C23755,Premium,Monthly,1023.5,Credit Card,True
C23756,Standard,Monthly,749.0,Credit Card,False
C23757,Premium,Monthly,1235.34,Net Banking,False
C23758,Standard,Monthly,697.59,Credit Card,True
C23759,Standard,Monthly,704.25,Debit Card,True
C23760,Premium,Annual,1215.79,Credit Card,False
C23761,Basic,Annual,440.57,UPI,False
C23762,Basic,Monthly,333.86,UPI,False
C23763,Basic,Monthly,492.76,Credit Card,False
C23764,Basic,Annual,478.94,Credit Card,True
C23765,Standard,Annual,804.95,Debit Card,False
C23766,Basic,Monthly,407.5,Net Banking,True
C23767,Basic,Monthly,477.4,Debit Card,False
C23768,Standard,Monthly,873.66,Wallet,True
C23769,Basic,Annual,412.9,UPI,True
C23770,Standard,Monthly,838.05,Credit Card,False
C23771,Premium,Monthly,1368.88,Credit Card,False
C23772,Standard,Monthly,851.1,UPI,False
C23773,Basic,Monthly,312.09,Wallet,True
C23774,Basic,Monthly,400.43,Credit Card,False
C23775,Basic,Annual,485.56,Wallet,True
C23776,Basic,Monthly,459.47,UPI,True
C23777,Basic,Monthly,306.5,UPI,True
C23778,Standard,Monthly,806.86,Wallet,False
C23779,Basic,Monthly,467.26,UPI,True
C23780,Basic,Monthly,432.27,Wallet,False
C23781,Premium,Monthly,1414.94,Debit Card,False
C23782,Premium,Annual,1202.12,UPI,True
C23783,Standard,Monthly,743.73,Credit Card,False
C23784,Basic,Annual,390.97,Credit Card,False
C23785,Basic,Monthly,426.36,UPI,False
C23786,Premium,Monthly,1386.49,Debit Card,False
C23787,Standard,Annual,602.3,UPI,True
C23788,Basic,Monthly,330.09,Debit Card,True
C23789,Basic,Monthly,351.68,Credit Card,False
C23790,Basic,Monthly,349.04,Net Banking,False
C23791,Standard,Annual,826.01,UPI,True
C23792,Basic,Monthly,301.41,Net Banking,True
C23793,Standard,Monthly,696.27,Debit Card,True
C23794,Basic,Annual,329.97,UPI,True
C23795,Basic,Monthly,426.42,Wallet,True
C23796,Basic,Monthly,458.37,Credit Card,True
C23797,Standard,Monthly,651.79,Debit Card,False
C23798,Basic,Monthly,438.66,UPI,False
C23799,Basic,Monthly,465.03,Debit Card,False
C23800,Basic,Monthly,393.97,UPI,False
C23801,Premium,Annual,1205.86,UPI,False
C23802,Premium,Monthly,1217.91,Debit Card,False
C23803,Basic,Monthly,364.52,Net Banking,False
C23804,Basic,Monthly,466.38,Debit Card,False
C23805,Standard,Annual,749.73,Credit Card,True
C23806,Basic,Monthly,391.31,Debit Card,True
C23807,Premium,Monthly,1381.97,UPI,True
C23808,Standard,Annual,719.95,UPI,True
C23809,Basic,Monthly,385.82,UPI,False
C23810,Basic,Annual,344.78,UPI,True
C23811,Standard,Annual,603.14,UPI,True
C23812,Standard,Monthly,849.94,Debit Card,False
C23813,Basic,Monthly,394.74,Credit Card,True
C23814,Basic,Monthly,371.29,Wallet,False
C23815,Standard,Monthly,769.67,Debit Card,False
C23816,Standard,Monthly,662.77,Debit Card,True
C23817,Basic,Monthly,470.09,Wallet,True
C23818,Basic,Annual,409.63,Credit Card,True
C23819,Basic,Annual,363.45,Credit Card,True
C23820,Basic,Monthly,372.25,Credit Card,True
C23821,Standard,Monthly,834.34,UPI,False
C23822,Basic,Monthly,489.18,UPI,False
C23823,Premium,Monthly,1399.92,Debit Card,True
C23824,Standard,Annual,631.98,UPI,True
C23825,Basic,Annual,477.89,Net Banking,True
C23826,Standard,Monthly,768.29,Credit Card,True
C23827,Standard,Monthly,631.38,UPI,True
C23828,Basic,Annual,375.71,Wallet,True
C23829,Basic,Monthly,460.67,Credit Card,False
C23830,Basic,Annual,369.14,Net Banking,True
C23831,Basic,Monthly,334.5,UPI,True
C23832,Basic,Monthly,350.09,Credit Card,False
C23833,Standard,Annual,893.17,Credit Card,True
C23834,Basic,Monthly,412.58,Debit Card,False
C23835,Basic,Annual,353.4,Wallet,True
C23836,Basic,Monthly,307.36,Debit Card,True
C23837,Standard,Monthly,720.28,Debit Card,False
C23838,Standard,Monthly,725.47,Credit Card,True
C23839,Basic,Monthly,336.82,Credit Card,False
C23840,Basic,Monthly,324.88,Credit Card,False
C23841,Basic,Monthly,326.42,Credit Card,True
C23842,Premium,Annual,1408.93,Credit Card,True
C23843,Standard,Monthly,797.3,UPI,False
C23844,Standard,Annual,839.75,UPI,True
C23845,Standard,Monthly,682.12,Debit Card,False
C23846,Premium,Monthly,1484.08,UPI,False
C23847,Standard,Monthly,741.71,UPI,True
C23848,Standard,Monthly,746.27,Credit Card,True
C23849,Premium,Annual,1153.71,Net Banking,True
C23850,Basic,Annual,318.94,Credit Card,False
C23851,Standard,Annual,791.1,UPI,True
C23852,Standard,Monthly,611.17,Net Banking,False
C23853,Standard,Annual,660.71,Debit Card,False
C23854,Basic,Annual,473.96,UPI,True
C23855,Basic,Monthly,494.01,UPI,True
C23856,Premium,Monthly,1035.78,UPI,False
C23857,Standard,Monthly,766.56,UPI,False
C23858,Basic,Annual,401.56,Debit Card,False
C23859,Standard,Annual,711.48,Credit Card,False
C23860,Standard,Monthly,672.35,Credit Card,True
C23861,Premium,Annual,1439.9,Debit Card,True
C23862,Basic,Monthly,383.57,Debit Card,False
C23863,Basic,Monthly,361.12,Debit Card,True
C23864,Basic,Monthly,343.08,Net Banking,False
C23865,Standard,Monthly,884.97,Net Banking,True
C23866,Standard,Annual,804.75,UPI,True
C23867,Standard,Monthly,658.41,UPI,False
C23868,Standard,Annual,767.72,UPI,True
C23869,Basic,Monthly,411.05,Credit Card,True
C23870,Standard,Monthly,650.2,Wallet,False
C23871,Basic,Annual,485.71,Debit Card,True
C23872,Basic,Annual,467.77,Debit Card,True
C23873,Standard,Annual,836.28,UPI,True
C23874,Standard,Monthly,810.37,Credit Card,True
C23875,Basic,Monthly,332.73,Credit Card,True
C23876,Standard,Monthly,725.46,Credit Card,True
C23877,Basic,Monthly,323.71,UPI,False
C23878,Standard,Monthly,736.75,UPI,False
C23879,Standard,Monthly,611.12,Debit Card,True
C23880,Basic,Monthly,431.89,UPI,False
C23881,Standard,Monthly,745.47,Wallet,False
C23882,Standard,Monthly,870.6,UPI,False
C23883,Premium,Annual,1142.91,UPI,True
C23884,Premium,Monthly,1037.31,UPI,True
C23885,Standard,Monthly,721.9,Net Banking,False
C23886,Premium,Annual,1056.32,Wallet,True
C23887,Premium,Monthly,1145.23,UPI,True
C23888,Basic,Annual,339.24,Credit Card,True
C23889,Standard,Annual,815.34,Net Banking,True
C23890,Premium,Annual,1378.08,Credit Card,True
C23891,Standard,Annual,766.23,Wallet,True
C23892,Premium,Annual,1186.25,Net Banking,False
C23893,Standard,Annual,748.1,Credit Card,True
C23894,Basic,Monthly,448.35,UPI,True
C23895,Basic,Annual,355.05,UPI,True
C23896,Basic,Monthly,488.44,UPI,False
C23897,Basic,Monthly,456.96,UPI,False
C23898,Basic,Monthly,341.03,UPI,False
C23899,Basic,Monthly,465.03,Wallet,True
C23900,Basic,Monthly,497.26,Debit Card,True
C23901,Basic,Monthly,410.75,Debit Card,False
C23902,Basic,Annual,464.32,Credit Card,False
C23903,Standard,Monthly,677.48,Debit Card,False
C23904,Basic,Annual,490.76,UPI,True
C23905,Premium,Annual,1240.74,UPI,False
C23906,Standard,Monthly,832.21,Credit Card,False
C23907,Basic,Monthly,466.95,Credit Card,True
C23908,Standard,Monthly,889.64,UPI,False
C23909,Standard,Annual,753.06,UPI,True
C23910,Standard,Monthly,874.85,Credit Card,False
C23911,Premium,Monthly,1315.85,Wallet,False
C23912,Basic,Annual,443.91,Credit Card,True
C23913,Basic,Annual,311.22,Debit Card,True
C23914,Basic,Monthly,479.86,UPI,False
C23915,Basic,Monthly,304.51,Wallet,False
C23916,Basic,Annual,360.52,Credit Card,True
C23917,Premium,Monthly,1107.02,Debit Card,False
C23918,Basic,Annual,467.74,Net Banking,False
C23919,Basic,Monthly,495.33,Credit Card,False
C23920,Premium,Monthly,1136.49,Debit Card,False
C23921,Standard,Annual,812.17,Net Banking,True
C23922,Premium,Monthly,1056.59,Credit Card,True
C23923,Basic,Monthly,433.97,Credit Card,False
C23924,Standard,Annual,863.86,Debit Card,True
C23925,Standard,Monthly,882.15,UPI,False
C23926,Standard,Monthly,782.51,Credit Card,True
C23927,Basic,Monthly,472.71,UPI,False
C23928,Standard,Monthly,691.95,Credit Card,False
C23929,Standard,Annual,698.94,Debit Card,False
C23930,Basic,Monthly,324.23,Debit Card,False
C23931,Basic,Annual,326.7,Credit Card,True
C23932,Basic,Monthly,385.48,Net Banking,False
C23933,Premium,Annual,1216.23,Debit Card,True
C23934,Basic,Monthly,495.81,Credit Card,True
C23935,Basic,Monthly,357.99,Debit Card,False
C23936,Basic,Monthly,339.73,Credit Card,False
C23937,Premium,Monthly,1145.08,Net Banking,False
C23938,Basic,Monthly,435.75,UPI,False
C23939,Basic,Monthly,376.71,Wallet,False
C23940,Basic,Monthly,397.01,UPI,False
C23941,Premium,Monthly,1226.3,Credit Card,False
C23942,Premium,Monthly,999.41,Credit Card,False
C23943,Basic,Monthly,425.88,Credit Card,True
C23944,Standard,Monthly,674.25,Credit Card,False
C23945,Standard,Monthly,636.48,UPI,True
C23946,Basic,Monthly,432.28,Credit Card,True
C23947,Standard,Monthly,736.48,Wallet,False
C23948,Standard,Monthly,859.73,UPI,True
C23949,Basic,Monthly,341.2,UPI,False
C23950,Premium,Monthly,1105.42,Credit Card,False
C23951,Basic,Monthly,466.51,Credit Card,False
C23952,Standard,Monthly,627.58,Debit Card,False
C23953,Premium,Monthly,1343.87,Credit Card,False
C23954,Basic,Annual,494.41,UPI,True
C23955,Standard,Annual,837.05,UPI,True
C23956,Basic,Monthly,361.3,UPI,True
C23957,Standard,Annual,891.15,Credit Card,True
C23958,Basic,Annual,346.22,UPI,True
C23959,Basic,Annual,343.94,Net Banking,True
C23960,Premium,Annual,1163.55,UPI,False
C23961,Standard,Monthly,687.06,Net Banking,False
C23962,Standard,Monthly,804.74,Credit Card,False
C23963,Standard,Annual,760.06,Credit Card,False
C23964,Basic,Monthly,448.97,UPI,False
C23965,Premium,Annual,1032.51,UPI,True
C23966,Premium,Monthly,1324.04,Debit Card,True
C23967,Standard,Monthly,722.31,Debit Card,False
C23968,Basic,Annual,411.78,Credit Card,True
C23969,Premium,Annual,1286.94,UPI,True
C23970,Standard,Monthly,748.37,Debit Card,False
C23971,Standard,Annual,814.94,Credit Card,True
C23972,Basic,Monthly,404.48,UPI,False
C23973,Standard,Monthly,629.45,Debit Card,True
C23974,Basic,Annual,354.93,Net Banking,True
C23975,Premium,Annual,1402.21,UPI,False
C23976,Basic,Annual,461.04,UPI,False
C23977,Standard,Annual,813.54,UPI,True
C23978,Basic,Monthly,330.36,Debit Card,False
C23979,Standard,Monthly,629.34,UPI,False
C23980,Standard,Monthly,761.23,UPI,True
C23981,Basic,Monthly,498.33,Credit Card,False
C23982,Standard,Monthly,768.75,UPI,False
C23983,Basic,Monthly,347.41,Debit Card,True
C23984,Standard,Monthly,718.37,Net Banking,False
C23985,Basic,Annual,415.17,Wallet,True
C23986,Basic,Annual,420.88,Debit Card,True
C23987,Standard,Monthly,766.86,Wallet,True
C23988,Premium,Monthly,1327.39,Debit Card,False
C23989,Standard,Monthly,867.31,Net Banking,True
C23990,Premium,Annual,1338.81,UPI,False
C23991,Premium,Monthly,1013.1,UPI,False
C23992,Basic,Monthly,392.63,Credit Card,True
C23993,Basic,Annual,418.71,Net Banking,True
C23994,Standard,Monthly,793.96,Credit Card,False
C23995,Basic,Monthly,317.27,Credit Card,False
C23996,Basic,Monthly,301.03,Wallet,False
C23997,Premium,Annual,1385.49,Debit Card,True
C23998,Basic,Monthly,343.16,UPI,False
C23999,Standard,Monthly,868.32,Debit Card,False
C24000,Premium,Annual,1359.42,Credit Card,True
C24001,Standard,Monthly,646.75,Net Banking,False
C24002,Basic,Monthly,454.85,Debit Card,False
C24003,Basic,Monthly,332.66,Credit Card,True
C24004,Standard,Monthly,629.05,Net Banking,True
C24005,Standard,Monthly,728.74,Credit Card,False
C24006,Basic,Monthly,441.1,Credit Card,False
C24007,Standard,Monthly,761.45,Credit Card,True
C24008,Premium,Annual,1137.79,UPI,True
C24009,Basic,Monthly,346.91,Debit Card,False
C24010,Basic,Monthly,447.1,Debit Card,False
C24011,Basic,Annual,403.35,UPI,True
C24012,Premium,Monthly,1000.59,UPI,False
C24013,Premium,Monthly,1466.56,UPI,False
C24014,Basic,Annual,318.69,Debit Card,True
C24015,Basic,Annual,417.11,Debit Card,True
C24016,Basic,Monthly,354.3,UPI,False
C24017,Basic,Monthly,457.16,Debit Card,True
C24018,Basic,Monthly,360.13,Credit Card,False
C24019,Premium,Monthly,1213.66,Net Banking,False
C24020,Premium,Monthly,1449.09,UPI,False
C24021,Basic,Monthly,415.56,UPI,True
C24022,Standard,Monthly,776.48,Debit Card,False
C24023,Basic,Monthly,366.01,UPI,False
C24024,Standard,Monthly,721.94,Wallet,False
C24025,Standard,Annual,717.64,UPI,True
C24026,Premium,Monthly,1143.09,UPI,True
C24027,Standard,Annual,677.13,UPI,False
C24028,Basic,Annual,307.62,Credit Card,True
C24029,Basic,Monthly,366.32,Credit Card,False
C24030,Standard,Monthly,822.35,Net Banking,False
C24031,Basic,Monthly,384.34,Debit Card,False
C24032,Standard,Annual,643.84,Wallet,False
C24033,Standard,Monthly,776.42,Debit Card,False
C24034,Standard,Monthly,605.93,Credit Card,True
C24035,Basic,Monthly,489.76,Credit Card,False
C24036,Basic,Annual,368.02,Credit Card,True
C24037,Standard,Monthly,763.07,Debit Card,True
C24038,Basic,Monthly,369.72,Debit Card,True
C24039,Premium,Annual,1160.43,Net Banking,True
C24040,Premium,Monthly,1065.01,UPI,False
C24041,Standard,Annual,667.7,UPI,True
C24042,Basic,Monthly,482.17,UPI,True
C24043,Standard,Monthly,607.43,UPI,False
C24044,Basic,Monthly,407.47,Debit Card,True
C24045,Basic,Monthly,301.8,UPI,False
C24046,Premium,Annual,1475.88,Debit Card,True
C24047,Basic,Annual,367.52,UPI,True
C24048,Basic,Monthly,397.23,UPI,False
C24049,Basic,Annual,339.78,Credit Card,True
C24050,Basic,Annual,400.09,Credit Card,True
C24051,Standard,Monthly,608.17,Debit Card,False
C24052,Premium,Monthly,1218.73,UPI,False
C24053,Standard,Monthly,718.81,Debit Card,True
C24054,Basic,Monthly,449.65,Debit Card,False
C24055,Basic,Monthly,342.92,Net Banking,False
C24056,Premium,Monthly,1167.73,Credit Card,False
C24057,Premium,Monthly,1430.64,Net Banking,True
C24058,Premium,Monthly,1260.98,UPI,False
C24059,Standard,Monthly,701.53,Net Banking,True
C24060,Standard,Annual,830.78,UPI,True
C24061,Basic,Monthly,437.52,Credit Card,True
C24062,Standard,Monthly,656.78,UPI,False
C24063,Standard,Annual,802.42,Credit Card,True
C24064,Premium,Monthly,1297.39,Wallet,False
C24065,Standard,Monthly,682.79,UPI,False
C24066,Premium,Monthly,1024.57,Debit Card,True
C24067,Premium,Monthly,1048.82,Credit Card,False
C24068,Basic,Monthly,484.42,Credit Card,False
C24069,Basic,Annual,405.51,Credit Card,False
C24070,Basic,Annual,326.05,Credit Card,True
C24071,Basic,Annual,423.51,Net Banking,False
C24072,Basic,Monthly,414.57,Wallet,True
C24073,Premium,Monthly,1179.37,UPI,True
C24074,Basic,Monthly,425.52,UPI,False
C24075,Premium,Monthly,1084.51,UPI,True
C24076,Standard,Monthly,706.74,Credit Card,False
C24077,Standard,Monthly,745.49,Wallet,False
C24078,Premium,Monthly,1122.02,Net Banking,True
C24079,Standard,Monthly,767.64,UPI,False
C24080,Standard,Monthly,774.64,Debit Card,True
C24081,Standard,Monthly,669.43,Debit Card,True
C24082,Basic,Monthly,335.61,UPI,False
C24083,Premium,Monthly,1324.62,UPI,True
C24084,Premium,Annual,1241.69,Debit Card,True
C24085,Premium,Monthly,1332.99,UPI,True
C24086,Basic,Monthly,449.44,UPI,False
C24087,Premium,Annual,1127.74,UPI,True
C24088,Premium,Monthly,1075.46,Debit Card,True
C24089,Basic,Annual,416.68,Debit Card,False
C24090,Basic,Monthly,484.97,Credit Card,False
C24091,Premium,Monthly,1245.64,UPI,True
C24092,Basic,Monthly,454.67,Credit Card,True
C24093,Standard,Monthly,644.35,Debit Card,False
C24094,Basic,Monthly,330.71,Credit Card,False
C24095,Standard,Monthly,709.96,Credit Card,False
C24096,Standard,Monthly,791.03,Credit Card,True
C24097,Basic,Monthly,319.55,Credit Card,False
C24098,Premium,Annual,1351.95,Net Banking,True
C24099,Basic,Annual,308.45,Credit Card,False
C24100,Basic,Monthly,328.26,UPI,True
C24101,Basic,Annual,397.88,Net Banking,True
C24102,Standard,Monthly,875.77,Credit Card,False
C24103,Standard,Monthly,735.22,Credit Card,True
C24104,Premium,Annual,1161.96,Debit Card,False
C24105,Basic,Monthly,487.29,UPI,True
C24106,Basic,Monthly,413.66,Net Banking,False
C24107,Standard,Monthly,765.29,Credit Card,False
C24108,Basic,Monthly,419.23,UPI,False
C24109,Basic,Monthly,383.45,Credit Card,True
C24110,Standard,Monthly,833.54,Credit Card,False
C24111,Premium,Annual,1017.34,UPI,False
C24112,Standard,Annual,612.38,UPI,True
C24113,Basic,Annual,337.64,UPI,True
C24114,Standard,Monthly,691.11,Net Banking,False
C24115,Premium,Monthly,1460.93,UPI,True
C24116,Premium,Monthly,1073.0,Wallet,False
C24117,Basic,Monthly,398.01,UPI,False
C24118,Basic,Annual,498.07,Debit Card,False
C24119,Premium,Annual,1294.72,UPI,True
C24120,Basic,Monthly,445.44,Wallet,True
C24121,Basic,Annual,351.38,UPI,True
C24122,Standard,Monthly,892.31,Credit Card,False
C24123,Basic,Annual,346.94,UPI,True
C24124,Standard,Monthly,808.9,Credit Card,False
C24125,Premium,Annual,1177.38,Credit Card,True
C24126,Basic,Monthly,493.27,Wallet,True
C24127,Premium,Annual,1061.04,Wallet,True
C24128,Basic,Monthly,391.9,Debit Card,True
C24129,Standard,Annual,893.44,UPI,False
C24130,Standard,Monthly,752.78,Net Banking,False
C24131,Premium,Monthly,1293.35,Net Banking,False
C24132,Standard,Monthly,841.17,UPI,True
C24133,Basic,Annual,376.31,Credit Card,True
C24134,Basic,Monthly,460.99,UPI,True
C24135,Basic,Annual,378.63,Debit Card,True
C24136,Standard,Monthly,797.07,Debit Card,False
C24137,Basic,Monthly,356.35,Credit Card,True
C24138,Standard,Annual,786.23,Debit Card,True
C24139,Basic,Monthly,387.91,UPI,True
C24140,Premium,Monthly,1171.86,Credit Card,False
C24141,Premium,Monthly,1177.61,UPI,True
C24142,Premium,Annual,1055.39,UPI,False
C24143,Basic,Annual,361.17,Debit Card,True
C24144,Standard,Annual,759.99,Wallet,True
C24145,Standard,Annual,600.96,Credit Card,True
C24146,Basic,Monthly,487.72,Net Banking,True
C24147,Premium,Annual,1184.21,UPI,False
C24148,Premium,Monthly,1049.78,Net Banking,True
C24149,Basic,Annual,389.15,Credit Card,True
C24150,Basic,Monthly,313.79,Debit Card,False
C24151,Basic,Monthly,344.63,UPI,True
C24152,Standard,Annual,866.01,UPI,False
C24153,Standard,Monthly,639.79,Wallet,False
C24154,Standard,Annual,766.37,UPI,False
C24155,Standard,Monthly,710.55,Credit Card,False
C24156,Basic,Annual,434.46,Net Banking,True
C24157,Basic,Annual,487.48,Debit Card,True
C24158,Standard,Monthly,792.47,Credit Card,False
C24159,Standard,Annual,647.98,Debit Card,False
C24160,Standard,Annual,754.22,Net Banking,True
C24161,Standard,Monthly,646.09,Credit Card,True
C24162,Standard,Monthly,698.72,Wallet,False
C24163,Standard,Annual,824.01,Wallet,True
C24164,Basic,Annual,412.11,UPI,True
C24165,Basic,Monthly,356.93,Debit Card,False
C24166,Standard,Monthly,783.09,Net Banking,False
C24167,Basic,Monthly,397.92,Credit Card,False
C24168,Basic,Monthly,340.32,Debit Card,False
C24169,Premium,Monthly,1479.32,Wallet,True
C24170,Standard,Annual,736.28,Credit Card,True
C24171,Standard,Monthly,690.05,Debit Card,False
C24172,Basic,Annual,476.52,Wallet,False
C24173,Standard,Monthly,833.84,UPI,True
C24174,Standard,Monthly,786.47,Credit Card,False
C24175,Standard,Annual,779.53,Debit Card,False
C24176,Basic,Monthly,392.49,UPI,False
C24177,Basic,Annual,426.2,Net Banking,True
C24178,Basic,Monthly,360.89,Debit Card,False
C24179,Basic,Monthly,379.14,UPI,True
C24180,Basic,Monthly,388.31,UPI,True
C24181,Premium,Annual,1231.2,Credit Card,True
C24182,Basic,Annual,345.06,UPI,False
C24183,Basic,Monthly,331.49,Credit Card,False
C24184,Basic,Monthly,303.99,Net Banking,True
C24185,Standard,Annual,732.43,UPI,False
C24186,Basic,Monthly,301.74,Debit Card,True
C24187,Standard,Monthly,812.28,UPI,True
C24188,Premium,Annual,1193.37,UPI,True
C24189,Basic,Annual,413.88,UPI,True
C24190,Basic,Annual,444.96,Credit Card,True
C24191,Basic,Monthly,306.84,Debit Card,False
C24192,Standard,Annual,663.02,Debit Card,True
C24193,Premium,Monthly,1131.52,Net Banking,False
C24194,Standard,Monthly,658.31,Wallet,False
C24195,Basic,Monthly,483.44,UPI,False
C24196,Premium,Monthly,1233.07,Wallet,True
C24197,Standard,Monthly,873.16,Credit Card,True
C24198,Basic,Annual,452.45,Wallet,True
C24199,Basic,Annual,368.5,Net Banking,True
C24200,Premium,Annual,1297.15,Credit Card,False
C24201,Premium,Monthly,1290.89,Debit Card,True
C24202,Premium,Annual,1271.7,UPI,True
C24203,Basic,Monthly,485.44,Wallet,False
C24204,Basic,Monthly,393.06,Debit Card,False
C24205,Standard,Monthly,634.86,Credit Card,False
C24206,Basic,Annual,426.12,UPI,True
C24207,Basic,Monthly,377.57,Net Banking,True
C24208,Premium,Monthly,1078.28,Credit Card,True
C24209,Standard,Monthly,648.56,UPI,False
C24210,Standard,Monthly,698.24,UPI,True
C24211,Standard,Monthly,832.05,UPI,False
C24212,Premium,Monthly,1474.49,Net Banking,True
C24213,Basic,Annual,304.32,UPI,True
C24214,Basic,Monthly,424.69,UPI,False
C24215,Premium,Annual,1232.62,Credit Card,True
C24216,Premium,Annual,1265.41,UPI,True
C24217,Basic,Monthly,355.83,Net Banking,False
C24218,Premium,Monthly,1287.78,Debit Card,False
C24219,Basic,Monthly,409.66,UPI,True
C24220,Basic,Monthly,374.54,UPI,True
C24221,Premium,Monthly,1137.13,Wallet,False
C24222,Standard,Monthly,744.13,Wallet,True
C24223,Standard,Annual,653.61,Credit Card,False
C24224,Standard,Annual,775.94,UPI,True
C24225,Standard,Annual,601.35,Net Banking,True
C24226,Standard,Monthly,763.6,Debit Card,False
C24227,Basic,Annual,311.58,Net Banking,True
C24228,Premium,Monthly,1350.17,Net Banking,False
C24229,Premium,Annual,1290.51,Debit Card,False
C24230,Standard,Annual,602.53,Credit Card,True
C24231,Standard,Annual,870.04,Debit Card,True
C24232,Premium,Monthly,1410.12,Wallet,True
C24233,Basic,Monthly,314.66,Credit Card,True
C24234,Basic,Annual,493.44,UPI,True
C24235,Standard,Monthly,866.89,UPI,False
C24236,Basic,Monthly,308.63,UPI,False
C24237,Standard,Monthly,889.25,Debit Card,False
C24238,Premium,Monthly,1407.12,Debit Card,True
C24239,Standard,Annual,874.45,Credit Card,False
C24240,Premium,Monthly,1327.09,UPI,True
C24241,Basic,Monthly,389.48,Debit Card,False
C24242,Basic,Annual,374.05,Credit Card,False
C24243,Basic,Monthly,462.67,Net Banking,True
C24244,Standard,Annual,734.44,Credit Card,True
C24245,Premium,Monthly,1347.03,UPI,False
C24246,Standard,Annual,786.04,UPI,True
C24247,Basic,Annual,367.13,Credit Card,False
C24248,Basic,Monthly,489.55,UPI,False
C24249,Basic,Annual,401.41,Credit Card,True
C24250,Standard,Monthly,688.82,Credit Card,True
C24251,Premium,Monthly,1442.57,Credit Card,False
C24252,Basic,Annual,311.98,Credit Card,True
C24253,Standard,Annual,602.11,UPI,True
C24254,Basic,Monthly,485.39,UPI,False
C24255,Premium,Annual,1243.48,UPI,False
C24256,Standard,Monthly,814.19,Credit Card,False
C24257,Standard,Monthly,806.74,Credit Card,False
C24258,Basic,Annual,433.05,Debit Card,True
C24259,Premium,Monthly,1085.01,UPI,False
C24260,Basic,Monthly,428.19,Debit Card,False
C24261,Basic,Monthly,487.27,Wallet,True
C24262,Premium,Monthly,1130.48,Debit Card,False
C24263,Basic,Annual,419.55,Net Banking,False
C24264,Basic,Annual,399.81,UPI,True
C24265,Basic,Annual,403.8,Wallet,True
C24266,Standard,Monthly,610.73,UPI,False
C24267,Basic,Monthly,355.19,Wallet,True
C24268,Standard,Monthly,774.45,Wallet,False
C24269,Basic,Annual,397.31,Credit Card,True
C24270,Basic,Annual,393.64,Debit Card,False
C24271,Standard,Monthly,750.71,Wallet,True
C24272,Basic,Monthly,354.74,Wallet,False
C24273,Standard,Monthly,866.36,UPI,True
C24274,Basic,Annual,419.77,Wallet,True
C24275,Premium,Monthly,1233.9,UPI,False
C24276,Premium,Monthly,1253.1,Debit Card,True
C24277,Basic,Monthly,342.31,Credit Card,True
C24278,Basic,Monthly,388.84,Credit Card,True
C24279,Basic,Monthly,489.35,UPI,False
C24280,Premium,Annual,1230.49,UPI,False
C24281,Standard,Annual,627.14,Wallet,True
C24282,Basic,Monthly,405.84,Net Banking,True
C24283,Standard,Monthly,797.31,Net Banking,True
C24284,Standard,Monthly,643.64,Credit Card,True
C24285,Basic,Monthly,388.99,Credit Card,True
C24286,Basic,Monthly,344.28,UPI,False
C24287,Premium,Annual,1047.9,Net Banking,False
C24288,Premium,Monthly,1116.67,Credit Card,False
C24289,Standard,Monthly,878.88,Debit Card,True
C24290,Premium,Monthly,1294.12,UPI,True
C24291,Standard,Monthly,826.29,UPI,False
C24292,Premium,Monthly,1055.16,Wallet,True
C24293,Standard,Monthly,841.31,Debit Card,False
C24294,Standard,Monthly,847.99,Credit Card,False
C24295,Basic,Monthly,393.15,UPI,True
C24296,Premium,Monthly,1078.46,Net Banking,False
C24297,Standard,Monthly,626.44,UPI,False
C24298,Basic,Monthly,355.13,Wallet,False
C24299,Standard,Monthly,673.61,Debit Card,False
C24300,Standard,Annual,851.4,Debit Card,True
C24301,Premium,Annual,1077.12,Credit Card,False
C24302,Standard,Annual,784.52,Credit Card,True
C24303,Basic,Monthly,390.74,Wallet,False
C24304,Basic,Monthly,396.91,Debit Card,False
C24305,Basic,Monthly,461.7,Debit Card,True
C24306,Standard,Annual,658.71,Wallet,True
C24307,Basic,Annual,342.21,UPI,True
C24308,Basic,Monthly,434.65,UPI,True
C24309,Basic,Monthly,414.13,Debit Card,False
C24310,Standard,Monthly,707.53,Debit Card,True
C24311,Standard,Annual,758.44,Credit Card,False
C24312,Basic,Monthly,382.85,Wallet,True
C24313,Standard,Monthly,822.68,UPI,True
C24314,Standard,Annual,756.58,UPI,True
C24315,Standard,Monthly,650.41,UPI,False
C24316,Standard,Monthly,602.67,Net Banking,True
C24317,Premium,Monthly,1478.78,Debit Card,True
C24318,Premium,Monthly,1195.38,UPI,False
C24319,Premium,Monthly,1161.38,UPI,False
C24320,Basic,Monthly,496.76,Credit Card,True
C24321,Standard,Monthly,775.92,Credit Card,True
C24322,Standard,Monthly,695.24,Debit Card,True
C24323,Standard,Monthly,691.71,UPI,False
C24324,Standard,Monthly,608.37,Wallet,True
C24325,Basic,Monthly,409.39,Credit Card,True
C24326,Basic,Annual,361.6,Wallet,True
C24327,Standard,Monthly,839.51,Wallet,True
C24328,Basic,Monthly,456.58,Net Banking,False
C24329,Standard,Monthly,736.26,Credit Card,False
C24330,Standard,Monthly,681.8,UPI,False
C24331,Premium,Annual,1090.36,Debit Card,False
C24332,Basic,Annual,497.69,UPI,True
C24333,Premium,Annual,1350.02,Wallet,True
C24334,Standard,Monthly,844.51,Credit Card,True
C24335,Standard,Monthly,744.44,UPI,True
C24336,Basic,Monthly,410.77,Credit Card,True
C24337,Standard,Monthly,831.24,Credit Card,True
C24338,Basic,Annual,384.67,Credit Card,True
C24339,Premium,Annual,1127.63,Wallet,False
C24340,Premium,Annual,1438.08,Debit Card,False
C24341,Premium,Monthly,1084.52,Debit Card,True
C24342,Standard,Monthly,724.06,Debit Card,False
C24343,Standard,Monthly,698.24,Credit Card,False
C24344,Basic,Annual,322.96,Debit Card,False
C24345,Standard,Monthly,744.61,Credit Card,True
C24346,Premium,Annual,1199.42,UPI,True
C24347,Premium,Monthly,1143.68,Credit Card,False
C24348,Standard,Monthly,701.47,UPI,False
C24349,Basic,Monthly,477.38,Credit Card,True
C24350,Standard,Monthly,753.49,Wallet,True
C24351,Basic,Monthly,491.84,UPI,False
C24352,Basic,Monthly,316.11,Credit Card,True
C24353,Premium,Annual,1391.19,Credit Card,True
C24354,Standard,Annual,687.51,UPI,False
C24355,Basic,Monthly,388.6,Debit Card,True
C24356,Basic,Monthly,495.39,Debit Card,False
C24357,Standard,Monthly,641.64,UPI,False
C24358,Standard,Monthly,652.15,Credit Card,False
C24359,Basic,Monthly,351.72,UPI,False
C24360,Basic,Monthly,405.54,Net Banking,False
C24361,Standard,Monthly,849.69,Debit Card,False
C24362,Standard,Monthly,841.95,Debit Card,False
C24363,Basic,Monthly,389.84,Credit Card,True
C24364,Standard,Annual,790.1,Wallet,True
C24365,Standard,Monthly,627.37,Net Banking,False
C24366,Standard,Monthly,683.05,Credit Card,False
C24367,Basic,Annual,415.79,Wallet,False
C24368,Premium,Monthly,1177.35,UPI,True
C24369,Basic,Monthly,387.39,Credit Card,True
C24370,Standard,Annual,866.84,Credit Card,True
C24371,Standard,Monthly,720.86,Net Banking,True
C24372,Premium,Monthly,1100.58,UPI,True
C24373,Standard,Annual,675.51,Net Banking,True
C24374,Basic,Monthly,470.84,Credit Card,True
C24375,Standard,Monthly,863.68,Credit Card,True
C24376,Standard,Monthly,717.47,Wallet,False
C24377,Basic,Monthly,411.68,UPI,False
C24378,Standard,Annual,824.96,Debit Card,True
C24379,Standard,Monthly,779.85,Debit Card,False
C24380,Premium,Annual,1119.88,Wallet,True
C24381,Premium,Monthly,1373.2,UPI,True
C24382,Standard,Monthly,754.26,Wallet,False
C24383,Basic,Monthly,315.64,Wallet,True
C24384,Basic,Annual,391.28,Wallet,True
C24385,Basic,Annual,361.19,Credit Card,True
C24386,Basic,Monthly,488.75,UPI,True
C24387,Basic,Annual,434.14,Credit Card,True
C24388,Basic,Monthly,440.92,Credit Card,False
C24389,Basic,Monthly,484.19,Credit Card,True
C24390,Standard,Monthly,601.61,UPI,False
C24391,Standard,Monthly,697.27,Credit Card,False
C24392,Premium,Monthly,1328.62,UPI,False
C24393,Standard,Annual,678.0,Debit Card,False
C24394,Standard,Monthly,730.64,Debit Card,True
C24395,Premium,Monthly,1322.79,Debit Card,False
C24396,Basic,Monthly,428.42,Net Banking,True
C24397,Basic,Monthly,446.34,UPI,True
C24398,Basic,Monthly,335.75,Credit Card,False
C24399,Standard,Monthly,842.32,Credit Card,False
C24400,Standard,Annual,889.16,Net Banking,True
C24401,Premium,Annual,1342.99,Credit Card,True
C24402,Basic,Monthly,372.36,Credit Card,False
C24403,Standard,Annual,775.92,UPI,True
C24404,Standard,Monthly,790.28,Credit Card,False
C24405,Standard,Monthly,680.74,UPI,True
C24406,Premium,Monthly,1189.96,Credit Card,False
C24407,Standard,Monthly,756.94,UPI,False
C24408,Premium,Monthly,1389.62,Credit Card,False
C24409,Standard,Monthly,763.61,Credit Card,True
C24410,Standard,Monthly,672.08,UPI,True
C24411,Basic,Annual,339.28,Debit Card,False
C24412,Premium,Monthly,1120.68,UPI,False
C24413,Standard,Monthly,785.89,Debit Card,False
C24414,Basic,Annual,474.55,UPI,True
C24415,Premium,Annual,1232.65,UPI,True
C24416,Standard,Annual,792.54,UPI,False
C24417,Standard,Annual,641.75,Debit Card,True
C24418,Basic,Monthly,439.28,Debit Card,True
C24419,Premium,Monthly,1409.5,Debit Card,False
C24420,Basic,Monthly,364.18,Credit Card,True
C24421,Premium,Annual,1145.45,Debit Card,False
C24422,Standard,Monthly,729.47,Debit Card,False
C24423,Standard,Monthly,727.9,Credit Card,True
C24424,Standard,Monthly,615.55,Credit Card,False
C24425,Standard,Annual,827.34,Debit Card,True
C24426,Standard,Monthly,803.45,Credit Card,True
C24427,Basic,Monthly,444.62,Wallet,True
C24428,Premium,Monthly,1250.15,Net Banking,True
C24429,Basic,Annual,417.63,UPI,False
C24430,Basic,Monthly,450.55,UPI,False
C24431,Basic,Annual,306.97,Credit Card,True
C24432,Standard,Monthly,705.71,UPI,True
C24433,Basic,Monthly,422.01,Wallet,False
C24434,Basic,Monthly,370.11,Wallet,True
C24435,Standard,Annual,831.1,Credit Card,True
C24436,Standard,Annual,821.29,Debit Card,True
C24437,Standard,Monthly,777.99,Credit Card,False
C24438,Premium,Monthly,1099.49,UPI,True
C24439,Premium,Monthly,1281.52,Debit Card,False
C24440,Basic,Annual,424.41,Credit Card,False
C24441,Standard,Monthly,799.78,Debit Card,True
C24442,Standard,Monthly,890.38,Net Banking,True
C24443,Standard,Monthly,850.07,UPI,False
C24444,Basic,Annual,349.2,UPI,True
C24445,Basic,Monthly,300.31,UPI,False
C24446,Premium,Monthly,1423.38,Debit Card,True
C24447,Premium,Monthly,1397.17,UPI,False
C24448,Standard,Monthly,699.11,Credit Card,False
C24449,Standard,Annual,705.29,Debit Card,False
C24450,Basic,Monthly,437.81,Debit Card,False
C24451,Standard,Monthly,747.47,Credit Card,False
C24452,Basic,Annual,426.47,Debit Card,True
C24453,Basic,Monthly,301.67,Credit Card,True
C24454,Standard,Monthly,626.98,Net Banking,False
C24455,Basic,Monthly,306.37,Credit Card,True
C24456,Basic,Annual,322.94,Net Banking,False
C24457,Basic,Annual,310.1,Wallet,True
C24458,Basic,Monthly,332.84,Debit Card,False
C24459,Basic,Monthly,496.19,Debit Card,True
C24460,Standard,Monthly,783.17,Net Banking,True
C24461,Standard,Annual,818.96,UPI,True
C24462,Standard,Monthly,630.29,UPI,True
C24463,Standard,Monthly,727.82,Credit Card,False
C24464,Basic,Monthly,350.55,Debit Card,False
C24465,Premium,Monthly,1172.6,Net Banking,False
C24466,Basic,Monthly,459.21,Credit Card,True
C24467,Basic,Monthly,481.24,UPI,False
C24468,Standard,Annual,647.07,Net Banking,True
C24469,Standard,Monthly,888.43,Net Banking,False
C24470,Standard,Monthly,896.93,UPI,False
C24471,Standard,Monthly,695.0,Debit Card,True
C24472,Standard,Annual,678.48,Credit Card,True
C24473,Standard,Annual,603.58,Net Banking,False
C24474,Premium,Annual,1275.55,Credit Card,True
C24475,Basic,Monthly,308.57,Credit Card,False
C24476,Basic,Monthly,351.67,Wallet,False
C24477,Standard,Monthly,759.15,Debit Card,True
C24478,Standard,Monthly,661.03,Debit Card,True
C24479,Standard,Monthly,624.9,Net Banking,True
C24480,Standard,Monthly,704.17,Net Banking,False
C24481,Basic,Monthly,344.85,Credit Card,False
C24482,Basic,Annual,476.8,UPI,True
C24483,Basic,Monthly,490.68,UPI,False
C24484,Premium,Monthly,1234.46,UPI,False
C24485,Standard,Monthly,706.39,Debit Card,True
C24486,Standard,Annual,886.68,UPI,True
C24487,Basic,Annual,383.14,Debit Card,True
C24488,Basic,Monthly,300.2,Wallet,False
C24489,Basic,Monthly,352.72,Credit Card,True
C24490,Basic,Monthly,405.09,Debit Card,True
C24491,Basic,Monthly,317.08,UPI,False
C24492,Basic,Monthly,464.46,Credit Card,True
C24493,Basic,Monthly,454.27,Wallet,False
C24494,Basic,Monthly,397.38,Wallet,False
C24495,Standard,Monthly,691.59,UPI,False
C24496,Standard,Monthly,636.69,Credit Card,True
C24497,Basic,Monthly,336.73,Credit Card,False
C24498,Basic,Annual,489.24,Credit Card,True
C24499,Basic,Annual,385.67,Debit Card,False
C24500,Basic,Monthly,363.48,Net Banking,False
C24501,Basic,Annual,464.13,UPI,True
C24502,Basic,Monthly,365.27,Debit Card,True
C24503,Premium,Monthly,1016.74,Debit Card,False
C24504,Basic,Monthly,465.11,Credit Card,False
C24505,Basic,Monthly,457.24,Wallet,False
C24506,Standard,Annual,719.42,UPI,False
C24507,Standard,Monthly,631.62,Debit Card,False
C24508,Basic,Annual,327.54,UPI,True
C24509,Basic,Monthly,353.86,UPI,True
C24510,Basic,Monthly,457.18,Net Banking,False
C24511,Premium,Monthly,1138.02,Credit Card,False
C24512,Basic,Annual,368.63,UPI,True
C24513,Standard,Monthly,824.8,UPI,False
C24514,Basic,Monthly,396.57,Credit Card,False
C24515,Premium,Monthly,1042.46,Credit Card,True
C24516,Basic,Annual,382.11,Credit Card,False
C24517,Standard,Monthly,652.99,Credit Card,False
C24518,Standard,Annual,799.55,Credit Card,True
C24519,Basic,Monthly,332.96,Debit Card,True
C24520,Standard,Annual,631.82,UPI,True
C24521,Basic,Monthly,453.61,Credit Card,True
C24522,Premium,Monthly,1303.8,Credit Card,True
C24523,Basic,Annual,306.61,Credit Card,True
C24524,Standard,Monthly,711.19,Debit Card,False
C24525,Basic,Annual,461.57,Credit Card,True
C24526,Basic,Monthly,362.76,Net Banking,True
C24527,Basic,Annual,461.86,UPI,True
C24528,Standard,Monthly,821.18,Credit Card,False
C24529,Standard,Monthly,882.56,UPI,False
C24530,Standard,Monthly,884.8,Net Banking,False
C24531,Standard,Monthly,829.11,Credit Card,True
C24532,Standard,Monthly,861.53,Wallet,False
C24533,Basic,Monthly,477.75,Net Banking,False
C24534,Standard,Monthly,842.38,UPI,False
C24535,Standard,Annual,896.58,Credit Card,True
C24536,Basic,Monthly,498.45,Net Banking,True
C24537,Basic,Monthly,435.96,Debit Card,False
C24538,Premium,Monthly,1213.23,UPI,False
C24539,Standard,Annual,606.66,Credit Card,True
C24540,Standard,Monthly,637.53,Wallet,False
C24541,Basic,Annual,360.15,Credit Card,True
C24542,Standard,Annual,610.45,UPI,False
C24543,Premium,Monthly,1091.98,Credit Card,True
C24544,Premium,Monthly,1458.3,UPI,True
C24545,Basic,Monthly,311.07,Net Banking,False
C24546,Basic,Annual,377.97,Credit Card,False
C24547,Standard,Annual,698.95,Net Banking,True
C24548,Standard,Monthly,895.32,Net Banking,True
C24549,Standard,Monthly,839.86,Credit Card,True
C24550,Basic,Monthly,439.76,Credit Card,False
C24551,Basic,Monthly,381.55,Credit Card,False
C24552,Premium,Monthly,1073.95,Credit Card,False
C24553,Standard,Monthly,614.42,Net Banking,False
C24554,Standard,Annual,809.33,UPI,True
C24555,Standard,Annual,735.92,UPI,False
C24556,Basic,Monthly,452.5,Credit Card,False
C24557,Premium,Annual,1033.09,UPI,True
C24558,Standard,Monthly,843.27,UPI,False
C24559,Premium,Annual,1176.01,UPI,True
C24560,Premium,Annual,1081.85,Debit Card,False
C24561,Premium,Monthly,1076.13,Debit Card,False
C24562,Standard,Monthly,880.13,Credit Card,True
C24563,Standard,Monthly,640.25,Net Banking,False
C24564,Basic,Annual,344.02,Debit Card,False
C24565,Standard,Monthly,886.99,UPI,False
C24566,Premium,Monthly,1137.92,Credit Card,False
C24567,Premium,Monthly,1380.2,UPI,True
C24568,Premium,Monthly,1458.1,Debit Card,True
C24569,Basic,Monthly,438.7,Credit Card,False
C24570,Standard,Monthly,880.62,Debit Card,True
C24571,Standard,Monthly,718.9,Credit Card,True
C24572,Premium,Annual,1173.3,UPI,True
C24573,Standard,Annual,847.79,Credit Card,True
C24574,Basic,Annual,410.01,Debit Card,True
C24575,Standard,Annual,818.62,Debit Card,True
C24576,Basic,Monthly,477.63,Credit Card,False
C24577,Basic,Annual,461.92,Credit Card,True
C24578,Basic,Monthly,396.48,Net Banking,True
C24579,Basic,Monthly,485.91,UPI,False
C24580,Standard,Monthly,767.26,UPI,False
C24581,Standard,Annual,870.59,Credit Card,True
C24582,Basic,Annual,399.19,Credit Card,False
C24583,Basic,Monthly,379.16,Debit Card,False
C24584,Standard,Monthly,764.05,Debit Card,True
C24585,Standard,Monthly,657.15,Net Banking,False
C24586,Basic,Annual,357.71,Credit Card,True
C24587,Premium,Monthly,1326.33,Credit Card,True
C24588,Standard,Monthly,761.74,Credit Card,False
C24589,Standard,Monthly,775.51,Credit Card,False
C24590,Premium,Monthly,1002.31,Credit Card,False
C24591,Basic,Monthly,301.14,Credit Card,False
C24592,Premium,Monthly,1088.29,Credit Card,True
C24593,Basic,Annual,326.75,UPI,False
C24594,Premium,Annual,1089.99,UPI,True
C24595,Standard,Monthly,848.07,UPI,False
C24596,Basic,Monthly,368.6,UPI,True
C24597,Standard,Annual,821.33,UPI,True
C24598,Standard,Monthly,761.34,UPI,True
C24599,Basic,Monthly,347.01,UPI,False
C24600,Premium,Monthly,1324.32,UPI,False
C24601,Basic,Annual,475.46,UPI,True
C24602,Premium,Annual,1116.76,Credit Card,True
C24603,Basic,Monthly,304.43,Net Banking,False
C24604,Basic,Monthly,492.58,UPI,False
C24605,Basic,Annual,366.66,Credit Card,True
C24606,Basic,Monthly,420.98,Credit Card,False
C24607,Standard,Monthly,731.2,Debit Card,False
C24608,Basic,Monthly,483.17,Credit Card,False
C24609,Standard,Monthly,828.04,UPI,True
C24610,Premium,Monthly,1126.71,Credit Card,True
C24611,Standard,Monthly,629.72,Credit Card,True
C24612,Premium,Monthly,1232.58,Wallet,False
C24613,Standard,Monthly,634.16,Debit Card,False
C24614,Basic,Annual,377.75,Credit Card,True
C24615,Basic,Monthly,449.67,Credit Card,False
C24616,Standard,Monthly,609.44,UPI,False
C24617,Premium,Monthly,1134.77,Debit Card,False
C24618,Basic,Monthly,439.03,UPI,False
C24619,Standard,Annual,894.62,UPI,True
C24620,Standard,Monthly,607.68,Credit Card,False
C24621,Standard,Monthly,827.24,Credit Card,True
C24622,Basic,Monthly,300.62,Net Banking,False
C24623,Basic,Monthly,344.04,UPI,True
C24624,Standard,Monthly,794.38,Wallet,True
C24625,Standard,Monthly,606.14,UPI,False
C24626,Basic,Monthly,454.11,Wallet,False
C24627,Standard,Monthly,616.2,Wallet,False
C24628,Basic,Monthly,492.93,Debit Card,True
C24629,Basic,Monthly,350.68,Credit Card,False
C24630,Basic,Monthly,479.94,Credit Card,False
C24631,Basic,Annual,372.97,Wallet,True
C24632,Basic,Monthly,464.95,Wallet,True
C24633,Basic,Annual,457.91,Credit Card,True
C24634,Basic,Monthly,404.12,Credit Card,True
C24635,Standard,Monthly,614.87,Credit Card,True
C24636,Standard,Monthly,774.29,Debit Card,True
C24637,Basic,Monthly,350.12,Credit Card,True
C24638,Basic,Monthly,373.36,Debit Card,True
C24639,Basic,Monthly,352.81,Debit Card,False
C24640,Basic,Monthly,319.95,Credit Card,False
C24641,Basic,Monthly,325.22,Credit Card,True
C24642,Basic,Annual,336.99,Debit Card,False
C24643,Basic,Annual,451.04,Credit Card,True
C24644,Basic,Monthly,305.15,UPI,False
C24645,Standard,Monthly,653.48,Debit Card,False
C24646,Premium,Monthly,1062.48,Credit Card,True
C24647,Basic,Monthly,436.95,UPI,False
C24648,Basic,Monthly,369.34,UPI,True
C24649,Premium,Annual,1362.41,Net Banking,True
C24650,Standard,Monthly,851.29,UPI,False
C24651,Standard,Annual,794.93,UPI,True
C24652,Premium,Monthly,1052.54,Net Banking,False
C24653,Standard,Monthly,872.35,Debit Card,False
C24654,Basic,Monthly,489.17,Credit Card,True
C24655,Basic,Annual,323.8,UPI,False
C24656,Basic,Annual,486.02,UPI,True
C24657,Standard,Annual,720.68,Debit Card,True
C24658,Basic,Annual,380.39,Debit Card,True
C24659,Premium,Monthly,1024.92,Net Banking,False
C24660,Basic,Annual,313.6,UPI,True
C24661,Standard,Monthly,731.83,Debit Card,False
C24662,Basic,Monthly,466.91,UPI,False
C24663,Standard,Annual,854.39,Credit Card,True
C24664,Basic,Annual,414.01,Net Banking,True
C24665,Basic,Annual,459.15,UPI,True
C24666,Standard,Annual,890.79,Credit Card,False
C24667,Standard,Monthly,673.95,Wallet,True
C24668,Premium,Monthly,1223.44,Wallet,True
C24669,Standard,Monthly,734.25,Net Banking,False
C24670,Standard,Monthly,613.68,Debit Card,True
C24671,Standard,Annual,745.37,Debit Card,True
C24672,Standard,Monthly,659.79,Credit Card,True
C24673,Premium,Monthly,1435.8,Credit Card,False
C24674,Basic,Monthly,496.14,Debit Card,False
C24675,Standard,Monthly,667.73,Credit Card,True
C24676,Basic,Monthly,349.26,Net Banking,False
C24677,Basic,Annual,473.49,Debit Card,True
C24678,Premium,Annual,1164.19,UPI,True
C24679,Basic,Monthly,357.29,Wallet,True
C24680,Basic,Monthly,327.93,UPI,True
C24681,Basic,Annual,422.6,Credit Card,True
C24682,Premium,Monthly,1153.98,UPI,False
C24683,Basic,Monthly,385.84,Debit Card,False
C24684,Premium,Annual,1307.91,Net Banking,True
C24685,Basic,Monthly,451.42,Debit Card,False
C24686,Premium,Monthly,1039.09,Debit Card,False
C24687,Basic,Monthly,386.65,Debit Card,True
C24688,Basic,Monthly,352.65,Credit Card,True
C24689,Basic,Annual,448.7,Debit Card,False
C24690,Basic,Annual,407.3,UPI,False
C24691,Basic,Monthly,433.23,Debit Card,False
C24692,Basic,Monthly,349.87,Credit Card,True
C24693,Standard,Annual,843.14,Debit Card,True
C24694,Standard,Monthly,866.43,UPI,True
C24695,Standard,Annual,710.08,UPI,True
C24696,Basic,Annual,319.44,UPI,True
C24697,Standard,Annual,627.88,Debit Card,True
C24698,Basic,Monthly,426.89,Credit Card,False
C24699,Standard,Monthly,875.17,UPI,False
C24700,Basic,Monthly,313.23,UPI,True
C24701,Standard,Monthly,713.35,Debit Card,True
C24702,Basic,Monthly,423.49,Wallet,False
C24703,Basic,Monthly,461.16,Wallet,True
C24704,Basic,Monthly,342.47,UPI,False
C24705,Standard,Monthly,640.16,Debit Card,False
C24706,Standard,Monthly,620.9,Debit Card,False
C24707,Basic,Monthly,349.07,Net Banking,False
C24708,Premium,Monthly,1172.46,UPI,False
C24709,Premium,Monthly,1228.66,UPI,False
C24710,Basic,Monthly,346.79,UPI,False
C24711,Premium,Annual,1175.47,Credit Card,True
C24712,Basic,Monthly,402.31,Credit Card,False
C24713,Premium,Monthly,1260.03,UPI,False
C24714,Premium,Monthly,1049.3,Credit Card,False
C24715,Premium,Monthly,1111.72,UPI,True
C24716,Standard,Monthly,666.89,Debit Card,False
C24717,Basic,Monthly,399.86,UPI,False
C24718,Premium,Annual,1406.06,UPI,False
C24719,Premium,Monthly,1182.16,Debit Card,True
C24720,Standard,Monthly,695.46,UPI,False
C24721,Basic,Annual,441.7,Debit Card,True
C24722,Standard,Annual,755.12,UPI,False
C24723,Standard,Monthly,772.66,Debit Card,True
C24724,Standard,Monthly,872.55,Net Banking,False
C24725,Basic,Monthly,445.0,UPI,True
C24726,Basic,Monthly,393.07,Credit Card,True
C24727,Standard,Annual,870.6,UPI,True
C24728,Standard,Monthly,756.05,Credit Card,True
C24729,Standard,Monthly,857.47,Debit Card,True
C24730,Basic,Monthly,310.31,Credit Card,False
C24731,Standard,Monthly,682.15,Debit Card,False
C24732,Premium,Monthly,1431.76,Debit Card,False
C24733,Basic,Monthly,438.57,Credit Card,True
C24734,Standard,Monthly,693.1,Wallet,True
C24735,Basic,Annual,344.76,Credit Card,True
C24736,Basic,Monthly,445.37,Wallet,False
C24737,Basic,Annual,304.01,Credit Card,False
C24738,Premium,Monthly,1291.92,Credit Card,False
C24739,Premium,Annual,1328.33,Net Banking,True
C24740,Premium,Monthly,1405.03,Credit Card,False
C24741,Basic,Monthly,386.7,Wallet,True
C24742,Basic,Monthly,436.73,UPI,False
C24743,Basic,Annual,438.08,Debit Card,True
C24744,Standard,Monthly,781.6,Debit Card,True
C24745,Basic,Monthly,321.54,UPI,False
C24746,Standard,Monthly,733.73,Wallet,True
C24747,Premium,Annual,1186.61,Debit Card,True
C24748,Standard,Monthly,771.87,Net Banking,False
C24749,Basic,Annual,358.75,Credit Card,False
C24750,Basic,Monthly,339.66,Wallet,False
C24751,Basic,Monthly,339.02,Net Banking,True
C24752,Basic,Monthly,338.86,Debit Card,False
C24753,Premium,Monthly,1101.02,UPI,False
C24754,Basic,Annual,413.06,Wallet,True
C24755,Standard,Monthly,744.0,Net Banking,True
C24756,Basic,Monthly,319.78,Credit Card,False
C24757,Premium,Annual,1161.95,UPI,False
C24758,Basic,Annual,426.57,Debit Card,True
C24759,Basic,Monthly,491.28,Debit Card,True
C24760,Standard,Annual,647.13,Credit Card,True
C24761,Premium,Monthly,1391.61,Debit Card,True
C24762,Standard,Monthly,686.6,UPI,True
C24763,Basic,Monthly,480.64,Net Banking,False
C24764,Premium,Monthly,1239.98,Net Banking,True
C24765,Basic,Monthly,311.15,UPI,True
C24766,Basic,Monthly,398.57,Credit Card,False
C24767,Standard,Monthly,681.95,Credit Card,False
C24768,Basic,Monthly,448.73,Debit Card,False
C24769,Standard,Annual,817.79,UPI,True
C24770,Basic,Monthly,408.66,UPI,True
C24771,Basic,Monthly,458.81,UPI,True
C24772,Basic,Annual,466.95,Debit Card,True
C24773,Premium,Monthly,1378.58,UPI,False
C24774,Standard,Monthly,736.08,Wallet,True
C24775,Basic,Monthly,318.67,Wallet,False
C24776,Standard,Monthly,831.09,UPI,True
C24777,Premium,Monthly,1172.55,UPI,False
C24778,Basic,Monthly,461.02,Wallet,True
C24779,Premium,Annual,1244.04,Credit Card,True
C24780,Basic,Annual,388.06,UPI,True
C24781,Standard,Monthly,703.15,Debit Card,False
C24782,Premium,Monthly,1098.97,Credit Card,True
C24783,Standard,Annual,759.28,Credit Card,True
C24784,Premium,Monthly,1270.89,Credit Card,True
C24785,Basic,Annual,438.94,Credit Card,False
C24786,Basic,Monthly,448.64,UPI,True
C24787,Standard,Monthly,774.74,Credit Card,False
C24788,Basic,Annual,401.89,Credit Card,True
C24789,Standard,Monthly,817.62,UPI,False
C24790,Basic,Monthly,398.7,Credit Card,True
C24791,Basic,Annual,427.82,UPI,True
C24792,Standard,Monthly,760.37,Debit Card,True
C24793,Basic,Monthly,453.76,Wallet,True
C24794,Basic,Annual,392.27,UPI,True
C24795,Premium,Monthly,1464.55,Credit Card,False
C24796,Premium,Monthly,1434.59,Credit Card,False
C24797,Standard,Monthly,738.3,Wallet,False
C24798,Standard,Monthly,610.05,Credit Card,True
C24799,Standard,Annual,631.69,Debit Card,False
C24800,Premium,Monthly,1356.86,Debit Card,False
C24801,Basic,Monthly,323.37,UPI,False
C24802,Basic,Annual,354.7,Wallet,True
C24803,Standard,Monthly,851.62,Debit Card,True
C24804,Basic,Annual,335.74,UPI,True
C24805,Premium,Monthly,1412.58,Wallet,False
C24806,Standard,Monthly,891.6,Credit Card,False
C24807,Basic,Monthly,463.57,Credit Card,False
C24808,Premium,Monthly,1400.23,UPI,False
C24809,Basic,Monthly,407.01,Debit Card,True
C24810,Premium,Annual,1076.67,UPI,False
C24811,Premium,Monthly,1371.87,Net Banking,False
C24812,Basic,Monthly,383.59,Debit Card,False
C24813,Premium,Annual,1464.77,UPI,True
C24814,Premium,Monthly,1402.83,Debit Card,False
C24815,Basic,Monthly,400.54,Debit Card,False
C24816,Basic,Monthly,466.05,Debit Card,False
C24817,Basic,Monthly,444.76,Debit Card,False
C24818,Basic,Monthly,375.08,Debit Card,False
C24819,Basic,Monthly,359.86,UPI,False
C24820,Standard,Monthly,801.01,Net Banking,False
C24821,Premium,Monthly,1290.62,Credit Card,False
C24822,Basic,Monthly,446.84,Credit Card,False
C24823,Basic,Annual,432.97,Credit Card,True
C24824,Standard,Annual,782.33,UPI,True
C24825,Basic,Monthly,322.66,Credit Card,False
C24826,Basic,Monthly,467.06,Credit Card,False
C24827,Premium,Monthly,1403.21,Debit Card,True
C24828,Standard,Monthly,870.23,Wallet,True
C24829,Basic,Monthly,422.68,Credit Card,True
C24830,Standard,Monthly,661.4,Net Banking,True
C24831,Basic,Monthly,389.71,Net Banking,False
C24832,Standard,Annual,626.86,Debit Card,False
C24833,Basic,Monthly,497.57,UPI,True
C24834,Standard,Monthly,887.31,UPI,False
C24835,Standard,Monthly,758.88,UPI,False
C24836,Premium,Monthly,1111.09,UPI,False
C24837,Basic,Monthly,334.36,Net Banking,False
C24838,Standard,Monthly,865.4,Net Banking,False
C24839,Premium,Monthly,1394.61,Credit Card,False
C24840,Basic,Annual,419.52,Credit Card,True
C24841,Basic,Monthly,407.96,UPI,False
C24842,Standard,Annual,775.16,Wallet,False
C24843,Basic,Monthly,440.7,Credit Card,False
C24844,Premium,Monthly,1285.94,Debit Card,False
C24845,Basic,Annual,308.86,Debit Card,True
C24846,Standard,Annual,670.56,UPI,True
C24847,Basic,Monthly,301.56,Net Banking,True
C24848,Basic,Monthly,493.92,Credit Card,False
C24849,Basic,Monthly,333.38,Credit Card,False
C24850,Basic,Monthly,399.17,Debit Card,False
C24851,Basic,Annual,357.67,Debit Card,False
C24852,Premium,Monthly,1327.72,Credit Card,False
C24853,Basic,Monthly,369.69,Credit Card,True
C24854,Standard,Monthly,720.59,UPI,True
C24855,Standard,Monthly,861.48,Wallet,True
C24856,Premium,Monthly,1214.54,UPI,False
C24857,Standard,Monthly,831.07,Debit Card,True
C24858,Premium,Annual,1147.66,UPI,True
C24859,Basic,Monthly,394.95,Debit Card,False
C24860,Premium,Monthly,1121.79,Credit Card,False
C24861,Basic,Annual,472.22,Credit Card,True
C24862,Premium,Annual,1084.09,Wallet,True
C24863,Basic,Annual,451.48,Credit Card,True
C24864,Basic,Monthly,344.12,Wallet,False
C24865,Standard,Annual,739.72,Wallet,True
C24866,Standard,Monthly,620.22,Debit Card,False
C24867,Standard,Monthly,647.67,UPI,False
C24868,Basic,Monthly,366.53,UPI,True
C24869,Basic,Monthly,427.41,Debit Card,True
C24870,Standard,Monthly,843.28,Net Banking,False
C24871,Basic,Monthly,439.57,Credit Card,True
C24872,Standard,Monthly,889.71,Credit Card,False
C24873,Standard,Monthly,828.26,Debit Card,False
C24874,Standard,Monthly,794.32,UPI,False
C24875,Standard,Monthly,693.47,Credit Card,True
C24876,Basic,Monthly,429.9,UPI,True
C24877,Premium,Monthly,1268.16,UPI,False
C24878,Basic,Monthly,372.59,Credit Card,False
C24879,Basic,Monthly,411.48,Net Banking,False
C24880,Standard,Monthly,644.28,Debit Card,False
C24881,Standard,Annual,750.28,UPI,False
C24882,Basic,Monthly,393.37,Credit Card,True
C24883,Standard,Monthly,684.06,UPI,False
C24884,Standard,Monthly,797.34,UPI,True
C24885,Standard,Monthly,813.99,Credit Card,False
C24886,Premium,Monthly,1258.74,Debit Card,True
C24887,Basic,Monthly,434.34,UPI,False
C24888,Basic,Monthly,494.42,Credit Card,True
C24889,Basic,Annual,477.35,Credit Card,False
C24890,Standard,Monthly,745.38,Credit Card,False
C24891,Standard,Monthly,773.44,Debit Card,True
C24892,Basic,Annual,362.53,Debit Card,True
C24893,Basic,Monthly,372.18,UPI,True
C24894,Premium,Monthly,1394.41,Credit Card,False
C24895,Premium,Annual,1238.41,Wallet,True
C24896,Basic,Monthly,401.79,Credit Card,True
C24897,Basic,Monthly,426.05,UPI,True
C24898,Basic,Monthly,406.88,UPI,False
C24899,Standard,Monthly,629.51,Wallet,False
C24900,Standard,Monthly,724.38,Debit Card,False
C24901,Basic,Monthly,306.57,UPI,False
C24902,Premium,Monthly,1305.11,UPI,False
C24903,Premium,Monthly,1310.03,Credit Card,False
C24904,Basic,Annual,459.83,UPI,False
C24905,Basic,Monthly,482.71,UPI,True
C24906,Premium,Monthly,1025.48,Net Banking,False
C24907,Basic,Annual,327.7,UPI,False
C24908,Standard,Monthly,721.64,Credit Card,False
C24909,Basic,Annual,442.86,Wallet,True
C24910,Basic,Monthly,335.63,UPI,True
C24911,Basic,Monthly,466.78,Credit Card,False
C24912,Basic,Annual,367.4,UPI,True
C24913,Standard,Monthly,620.98,UPI,False
C24914,Standard,Monthly,779.37,Debit Card,False
C24915,Standard,Monthly,711.3,Wallet,True
C24916,Basic,Annual,409.91,Debit Card,True
C24917,Standard,Annual,758.45,Debit Card,True
C24918,Standard,Monthly,683.06,UPI,False
C24919,Basic,Monthly,478.5,Credit Card,True
C24920,Premium,Annual,1212.96,Wallet,True
C24921,Basic,Monthly,494.44,Wallet,False
C24922,Standard,Monthly,856.37,Credit Card,False
C24923,Standard,Annual,890.53,Debit Card,True
C24924,Standard,Monthly,663.47,Debit Card,False
C24925,Basic,Annual,479.93,Credit Card,True
C24926,Standard,Monthly,721.71,Credit Card,True
C24927,Standard,Monthly,649.95,UPI,True
C24928,Standard,Annual,849.92,UPI,True
C24929,Premium,Annual,1157.41,Net Banking,True
C24930,Standard,Monthly,713.24,Net Banking,False
C24931,Premium,Monthly,1233.08,Credit Card,False
C24932,Standard,Monthly,668.6,UPI,True
C24933,Basic,Monthly,469.6,Credit Card,False
C24934,Basic,Monthly,306.27,Wallet,False
C24935,Premium,Monthly,1498.98,Net Banking,True
C24936,Standard,Annual,707.83,Debit Card,True
C24937,Standard,Monthly,664.81,Wallet,True
C24938,Basic,Monthly,382.62,Net Banking,False
C24939,Basic,Annual,456.84,Debit Card,True
C24940,Premium,Monthly,1052.81,Credit Card,False
C24941,Basic,Monthly,490.35,UPI,False
C24942,Premium,Annual,1089.08,Net Banking,True
C24943,Basic,Monthly,338.31,Wallet,False
C24944,Standard,Annual,616.74,UPI,True
C24945,Basic,Monthly,351.97,UPI,True
C24946,Premium,Monthly,1065.54,Debit Card,True
C24947,Basic,Monthly,347.71,Debit Card,True
C24948,Standard,Monthly,802.59,Credit Card,False
C24949,Premium,Monthly,1209.74,Debit Card,True
C24950,Basic,Monthly,400.15,Wallet,False
C24951,Basic,Monthly,420.72,Credit Card,False
C24952,Basic,Monthly,391.68,Credit Card,False
C24953,Premium,Annual,1175.59,Wallet,False
C24954,Standard,Monthly,613.81,Credit Card,False
C24955,Premium,Annual,1098.04,UPI,True
C24956,Premium,Annual,1430.06,Net Banking,True
C24957,Standard,Monthly,728.47,Net Banking,True
C24958,Standard,Monthly,759.67,Debit Card,True
C24959,Basic,Monthly,377.54,Wallet,False
C24960,Standard,Monthly,848.68,UPI,True
C24961,Basic,Monthly,320.52,UPI,True
C24962,Basic,Monthly,480.07,UPI,False
C24963,Basic,Monthly,440.37,Credit Card,False
C24964,Basic,Monthly,481.67,Wallet,False
C24965,Basic,Monthly,348.51,Wallet,False
C24966,Basic,Annual,376.07,Credit Card,True
C24967,Basic,Monthly,321.29,UPI,False
C24968,Standard,Monthly,769.31,Credit Card,False
C24969,Basic,Monthly,392.16,Net Banking,False
C24970,Standard,Monthly,718.73,Wallet,True
C24971,Premium,Annual,1122.74,Credit Card,True
C24972,Basic,Annual,429.37,Debit Card,True
C24973,Basic,Annual,301.31,Wallet,True
C24974,Premium,Monthly,1295.06,Debit Card,True
C24975,Basic,Monthly,462.91,Debit Card,True
C24976,Premium,Annual,1252.49,Net Banking,False
C24977,Standard,Monthly,784.24,UPI,True
C24978,Standard,Monthly,737.93,UPI,True
C24979,Basic,Monthly,403.69,UPI,True
C24980,Premium,Monthly,1329.04,Debit Card,False
C24981,Standard,Annual,675.19,Debit Card,False
C24982,Standard,Monthly,851.32,Debit Card,False
C24983,Basic,Monthly,402.63,Debit Card,False
C24984,Premium,Annual,1498.42,Credit Card,True
C24985,Premium,Monthly,1274.81,Debit Card,False
C24986,Basic,Annual,459.93,Credit Card,True
C24987,Premium,Monthly,1351.25,UPI,False
C24988,Basic,Monthly,319.44,UPI,False
C24989,Basic,Monthly,460.16,Net Banking,True
C24990,Basic,Monthly,347.27,Wallet,True
C24991,Basic,Monthly,299.27,Credit Card,False
C24992,Standard,Monthly,651.84,Wallet,True
C24993,Standard,Annual,737.57,Debit Card,True
C24994,Basic,Annual,448.63,Credit Card,True
C24995,Standard,Annual,605.5,Debit Card,True
C24996,Standard,Monthly,693.54,Credit Card,False
C24997,Basic,Annual,474.83,UPI,True
C24998,Basic,Monthly,372.02,UPI,True
C24999,Premium,Monthly,1257.39,UPI,False
C25000,Basic,Annual,416.38,UPI,True
