customer_id,monthly_usage_hours,login_frequency,support_tickets,complaints
C10001,14.0,5,4,4
C10002,13.0,6,5,4
C10003,77.9,31,1,0
C10004,45.9,21,1,1
C10005,30.2,10,4,2
C10006,50.3,17,2,0
C10007,55.9,30,1,1
C10008,52.9,25,1,0
C10009,15.6,6,4,4
C10010,36.0,14,3,3
C10011,39.0,13,3,3
C10012,52.2,15,2,2
C10013,40.5,15,3,2
C10014,30.9,8,3,3
C10015,57.1,22,1,0
C10016,47.2,20,2,1
C10017,65.7,19,1,1
C10018,31.3,11,3,1
C10019,64.1,18,1,0
C10020,23.4,8,3,2
C10021,1.9,0,6,5
C10022,53.0,17,2,0
C10023,59.5,27,1,0
C10024,72.3,27,1,0
C10025,56.3,21,1,0
C10026,30.4,9,5,4
C10027,58.9,21,1,1
C10028,45.9,14,2,0
C10029,43.5,14,2,2
C10030,32.9,16,4,3
C10031,34.7,13,4,2
C10032,61.4,26,1,0
C10033,36.0,12,4,2
C10034,29.2,11,3,2
C10035,23.3,9,4,4
C10036,30.7,8,3,1
C10037,42.3,13,3,3
C10038,65.8,24,1,1
C10039,62.9,19,1,1
C10040,54.7,23,2,2
C10041,25.5,6,4,4
C10042,24.6,11,5,3
C10043,47.3,22,6,5
C10044,4.0,2,5,3
C10045,29.7,14,3,2
C10046,19.5,11,4,2
C10047,42.3,13,3,1
C10048,16.2,14,5,3
C10049,43.7,19,2,1
C10050,19.5,0,5,3
C10051,29.3,12,5,4
C10052,23.7,3,4,2
C10053,40.6,22,2,1
C10054,65.8,28,2,1
C10055,26.8,16,3,3
C10056,11.4,0,4,2
C10057,8.1,5,5,5
C10058,49.4,20,2,1
C10059,35.3,14,4,4
C10060,49.8,19,2,2
C10061,43.2,18,3,3
C10062,46.8,10,2,0
C10063,30.7,12,3,1
C10064,58.7,19,3,3
C10065,50.0,20,2,0
C10066,28.8,14,4,2
C10067,18.1,0,4,4
C10068,35.2,10,3,1
C10069,39.6,9,4,2
C10070,60.1,17,1,1
C10071,73.9,33,2,0
C10072,38.7,13,4,2
C10073,50.6,21,2,0
C10074,66.4,20,1,0
C10075,22.1,7,4,4
C10076,57.9,23,1,0
C10077,9.2,4,4,4
C10078,25.2,12,5,5
C10079,48.2,18,4,2
C10080,58.8,23,1,0
C10081,12.7,9,4,3
C10082,50.5,18,3,1
C10083,53.9,24,3,1
C10084,12.0,3,5,3
C10085,19.3,1,6,5
C10086,24.0,9,3,3
C10087,9.0,5,5,5
C10088,45.0,20,3,2
C10089,70.0,27,1,0
C10090,58.8,26,1,1
C10091,11.7,8,5,5
C10092,37.1,16,5,4
C10093,45.7,15,3,1
C10094,24.8,6,5,4
C10095,49.4,20,2,1
C10096,48.9,17,2,0
C10097,51.4,23,2,0
C10098,49.9,11,2,1
C10099,22.9,1,4,4
C10100,21.2,0,4,3
C10101,41.4,13,2,2
C10102,30.9,13,5,4
C10103,30.3,13,3,2
C10104,66.0,27,1,0
C10105,49.1,23,2,2
C10106,50.1,23,2,0
C10107,36.8,14,3,3
C10108,45.2,17,4,4
C10109,39.8,14,4,4
C10110,49.4,22,2,1
C10111,40.0,12,2,0
C10112,13.0,8,5,5
C10113,18.4,9,4,2
C10114,43.8,19,4,3
C10115,67.0,20,1,1
C10116,15.3,5,4,2
C10117,51.9,19,4,4
C10118,29.6,6,4,3
C10119,32.7,13,3,3
C10120,42.2,13,2,0
C10121,46.5,19,3,3
C10122,48.2,19,2,0
C10123,56.5,13,4,2
C10124,15.6,7,4,3
C10125,14.2,7,5,5
C10126,67.8,25,2,0
C10127,57.8,19,2,1
C10128,18.0,13,3,2
C10129,22.2,6,5,4
C10130,39.3,16,3,2
C10131,57.5,28,2,1
C10132,36.1,11,2,2
C10133,74.6,26,0,0
C10134,48.8,24,2,1
C10135,53.3,19,2,0
C10136,27.1,14,3,3
C10137,6.3,5,4,2
C10138,66.6,26,1,0
C10139,16.3,6,5,5
C10140,61.1,24,2,1
C10141,23.3,12,4,4
C10142,65.1,29,2,2
C10143,62.8,22,1,1
C10144,25.6,14,4,3
C10145,29.0,8,4,2
C10146,4.7,6,5,4
C10147,33.1,14,3,2
C10148,36.3,12,2,2
C10149,31.9,17,4,2
C10150,39.0,12,2,0
C10151,75.8,22,3,1
C10152,9.8,0,5,4
C10153,61.7,30,1,1
C10154,48.5,20,5,5
C10155,21.3,10,4,3
C10156,29.7,16,6,5
C10157,27.8,13,3,3
C10158,51.9,22,2,0
C10159,30.8,14,6,5
C10160,76.9,23,1,1
C10161,6.0,1,4,4
C10162,33.5,17,3,1
C10163,14.5,5,4,2
C10164,45.2,17,2,0
C10165,63.7,24,1,0
C10166,69.6,22,2,0
C10167,51.5,16,2,0
C10168,33.2,15,3,1
C10169,47.3,15,3,2
C10170,58.8,27,1,0
C10171,27.7,9,4,4
C10172,60.4,19,2,1
C10173,17.9,8,4,3
C10174,59.1,24,2,2
C10175,40.2,19,3,3
C10176,39.8,17,4,3
C10177,62.2,23,1,1
C10178,30.9,11,3,1
C10179,25.3,10,3,1
C10180,54.6,22,3,3
C10181,48.4,23,4,3
C10182,63.0,23,1,0
C10183,44.9,22,3,3
C10184,48.2,23,3,1
C10185,15.7,1,7,5
C10186,39.7,13,3,1
C10187,64.2,24,2,0
C10188,50.4,17,3,2
C10189,39.0,13,4,3
C10190,20.0,6,5,3
C10191,10.3,5,6,5
C10192,74.7,28,2,2
C10193,49.7,20,2,2
C10194,23.9,13,4,3
C10195,19.7,6,4,2
C10196,36.5,11,4,4
C10197,48.2,25,2,0
C10198,27.6,14,3,3
C10199,7.6,10,4,2
C10200,67.1,27,1,0
C10201,47.6,25,3,2
C10202,77.7,24,1,1
C10203,26.9,8,4,4
C10204,49.7,21,2,2
C10205,65.7,23,1,0
C10206,61.8,24,1,1
C10207,35.2,18,2,2
C10208,48.7,21,2,1
C10209,43.7,16,2,0
C10210,35.2,11,3,1
C10211,75.8,24,1,1
C10212,44.7,18,4,3
C10213,64.5,26,1,0
C10214,42.3,17,2,0
C10215,2.6,2,6,4
C10216,47.3,21,2,2
C10217,55.7,20,2,2
C10218,26.6,6,3,1
C10219,59.4,27,2,2
C10220,47.9,16,2,0
C10221,66.9,22,1,1
C10222,12.2,5,4,2
C10223,14.0,5,5,5
C10224,39.6,16,3,1
C10225,18.7,1,5,5
C10226,31.3,12,3,1
C10227,47.1,14,3,1
C10228,63.3,22,2,1
C10229,63.9,24,1,1
C10230,25.5,18,3,3
C10231,64.7,29,0,0
C10232,74.1,24,1,0
C10233,32.8,18,5,4
C10234,23.9,8,4,2
C10235,3.9,0,5,5
C10236,50.8,19,2,1
C10237,40.4,14,4,4
C10238,48.2,14,2,2
C10239,48.6,9,3,1
C10240,4.7,3,6,5
C10241,36.3,9,4,4
C10242,31.6,9,4,2
C10243,60.1,20,1,0
C10244,59.9,21,1,0
C10245,64.3,25,1,0
C10246,41.0,12,4,4
C10247,53.9,20,3,1
C10248,6.5,5,6,5
C10249,33.7,10,4,4
C10250,5.6,4,6,6
C10251,35.6,14,3,2
C10252,50.2,27,2,0
C10253,65.5,18,1,1
C10254,68.1,23,1,0
C10255,58.3,24,1,0
C10256,41.3,12,2,1
C10257,68.6,18,2,2
C10258,41.8,16,3,1
C10259,42.3,13,3,2
C10260,66.3,28,1,1
C10261,56.3,20,1,0
C10262,39.1,14,3,1
C10263,69.3,31,0,0
C10264,19.1,6,4,4
C10265,33.9,15,4,2
C10266,34.7,5,4,4
C10267,43.9,14,2,2
C10268,69.5,25,1,0
C10269,60.9,18,3,3
C10270,13.9,1,5,5
C10271,41.3,19,3,2
C10272,47.6,15,2,1
C10273,53.4,17,2,0
C10274,27.4,15,4,4
C10275,82.1,25,1,0
C10276,56.5,22,3,2
C10277,44.4,18,2,1
C10278,44.0,11,3,3
C10279,56.8,20,2,0
C10280,36.7,17,2,0
C10281,8.9,3,4,3
C10282,75.9,29,1,0
C10283,32.6,13,3,2
C10284,67.8,29,1,0
C10285,42.7,16,3,2
C10286,16.4,9,5,4
C10287,58.9,23,2,0
C10288,52.9,21,2,1
C10289,45.1,18,2,0
C10290,30.4,5,4,2
C10291,9.2,6,4,4
C10292,37.4,13,3,1
C10293,0.0,5,5,5
C10294,31.5,12,4,4
C10295,73.0,22,1,0
C10296,67.4,23,2,1
C10297,48.9,17,3,2
C10298,55.7,15,3,2
C10299,42.2,12,3,3
C10300,29.3,16,4,4
C10301,56.4,22,2,1
C10302,58.9,25,2,2
C10303,41.8,17,2,1
C10304,62.2,25,2,1
C10305,34.9,16,3,1
C10306,58.9,18,2,1
C10307,65.8,17,1,1
C10308,43.1,14,3,1
C10309,54.2,21,1,0
C10310,35.2,8,3,1
C10311,31.2,14,3,2
C10312,52.1,23,2,1
C10313,53.3,17,4,2
C10314,30.3,8,4,3
C10315,37.9,17,3,3
C10316,44.4,21,2,1
C10317,49.0,19,3,3
C10318,31.2,10,5,5
C10319,18.7,10,3,3
C10320,41.6,19,2,2
C10321,42.1,12,3,3
C10322,56.5,22,2,2
C10323,18.5,5,4,3
C10324,21.8,2,4,3
C10325,14.6,2,4,3
C10326,38.5,10,4,2
C10327,49.7,22,1,0
C10328,40.7,12,3,3
C10329,46.4,27,3,3
C10330,54.9,20,2,0
C10331,51.3,18,2,1
C10332,44.1,15,2,2
C10333,57.6,22,2,1
C10334,61.0,25,1,0
C10335,56.1,24,1,0
C10336,23.0,11,3,1
C10337,6.6,4,5,5
C10338,25.1,7,3,1
C10339,64.7,24,1,1
C10340,12.8,5,5,4
C10341,23.1,9,4,2
C10342,7.0,2,4,3
C10343,53.7,17,3,1
C10344,44.6,18,3,1
C10345,29.9,15,4,3
C10346,65.4,20,1,0
C10347,30.9,12,3,3
C10348,16.3,10,5,3
C10349,18.7,14,5,4
C10350,53.9,18,2,0
C10351,54.7,15,3,3
C10352,48.6,17,3,1
C10353,45.0,18,3,1
C10354,8.4,7,4,2
C10355,24.7,7,5,5
C10356,67.3,27,2,2
C10357,38.4,11,4,2
C10358,33.1,11,3,2
C10359,72.6,25,2,1
C10360,37.3,10,6,5
C10361,82.1,28,1,1
C10362,60.8,26,3,1
C10363,17.0,3,4,4
C10364,63.1,23,1,0
C10365,48.2,22,2,2
C10366,8.8,0,5,3
C10367,54.5,14,2,2
C10368,24.6,8,4,2
C10369,33.5,18,4,3
C10370,46.7,18,1,0
C10371,15.3,10,4,4
C10372,10.8,2,4,2
C10373,40.1,22,2,0
C10374,7.4,1,5,4
C10375,31.6,12,3,1
C10376,32.3,15,5,4
C10377,71.4,29,1,1
C10378,23.5,10,4,4
C10379,46.6,21,2,0
C10380,15.1,5,4,4
C10381,43.3,12,2,2
C10382,58.2,16,4,2
C10383,41.0,17,3,1
C10384,20.8,7,4,4
C10385,5.3,1,5,5
C10386,64.7,24,1,0
C10387,25.7,9,3,2
C10388,71.4,24,1,0
C10389,29.7,11,3,2
C10390,6.1,7,4,4
C10391,58.3,21,3,3
C10392,40.7,14,3,3
C10393,43.5,15,2,2
C10394,32.5,11,4,4
C10395,16.8,8,4,2
C10396,66.5,27,1,0
C10397,51.9,15,2,1
C10398,27.5,12,4,4
C10399,24.7,12,3,2
C10400,15.5,1,4,2
C10401,51.6,21,1,0
C10402,11.8,9,4,2
C10403,44.3,16,3,3
C10404,3.4,0,5,5
C10405,27.3,12,4,2
C10406,39.0,11,4,3
C10407,13.8,6,4,4
C10408,24.0,8,5,3
C10409,13.4,1,6,4
C10410,59.1,17,2,2
C10411,3.1,0,5,4
C10412,0.0,3,5,5
C10413,51.1,20,2,1
C10414,42.7,10,3,2
C10415,63.6,22,2,0
C10416,74.7,27,2,0
C10417,55.7,19,2,2
C10418,29.4,13,3,3
C10419,58.3,22,2,0
C10420,64.6,21,2,1
C10421,14.7,0,4,3
C10422,63.5,20,1,0
C10423,49.9,14,2,0
C10424,19.4,17,3,2
C10425,48.6,20,2,0
C10426,63.1,27,2,1
C10427,46.1,12,3,2
C10428,43.1,15,4,2
C10429,21.0,11,5,4
C10430,69.7,30,3,1
C10431,17.8,5,4,3
C10432,80.8,28,0,0
C10433,40.3,12,3,2
C10434,31.4,15,4,4
C10435,58.1,20,4,2
C10436,15.0,6,5,5
C10437,26.9,14,3,1
C10438,59.2,22,2,1
C10439,19.8,4,4,3
C10440,56.7,20,4,3
C10441,18.5,11,4,2
C10442,35.7,15,2,1
C10443,32.4,9,3,3
C10444,5.1,4,5,3
C10445,64.6,31,1,1
C10446,67.0,23,1,1
C10447,40.8,22,2,1
C10448,52.6,14,4,3
C10449,45.4,17,4,4
C10450,64.4,28,1,0
C10451,34.2,11,3,2
C10452,43.3,21,3,3
C10453,70.9,24,2,0
C10454,64.5,20,1,0
C10455,55.2,18,2,2
C10456,59.4,23,1,1
C10457,41.9,12,2,2
C10458,35.3,14,3,2
C10459,42.0,9,3,1
C10460,25.5,11,5,3
C10461,53.0,13,2,2
C10462,13.4,0,4,4
C10463,43.0,19,2,2
C10464,31.2,11,3,3
C10465,58.1,24,1,1
C10466,25.2,16,3,3
C10467,29.7,6,4,2
C10468,21.0,8,4,4
C10469,51.8,18,2,2
C10470,9.8,8,4,4
C10471,41.3,11,3,1
C10472,33.5,14,3,1
C10473,47.8,16,2,0
C10474,58.4,20,2,1
C10475,62.0,21,3,2
C10476,24.1,11,4,2
C10477,63.1,27,1,1
C10478,24.4,12,3,3
C10479,79.9,29,0,0
C10480,70.4,24,1,1
C10481,35.7,8,3,1
C10482,32.0,13,5,4
C10483,2.7,2,6,5
C10484,21.3,5,5,4
C10485,60.9,16,1,1
C10486,61.5,24,3,3
C10487,47.9,18,2,2
C10488,24.3,15,3,2
C10489,46.1,15,2,1
C10490,43.2,16,2,2
C10491,67.0,26,2,2
C10492,28.8,17,3,2
C10493,49.8,13,3,2
C10494,62.0,18,1,0
C10495,44.2,14,3,1
C10496,12.4,4,4,3
C10497,48.9,23,2,1
C10498,21.1,9,4,4
C10499,58.7,16,2,2
C10500,24.6,8,3,3
C10501,33.1,11,3,1
C10502,66.7,26,2,1
C10503,34.5,3,3,3
C10504,29.4,14,3,2
C10505,56.4,17,2,1
C10506,67.3,25,1,1
C10507,16.8,0,4,2
C10508,18.2,6,5,3
C10509,59.1,13,3,3
C10510,29.8,12,3,1
C10511,47.7,22,3,3
C10512,77.0,28,0,0
C10513,42.1,12,4,4
C10514,36.6,15,3,1
C10515,9.7,4,6,4
C10516,47.3,15,3,3
C10517,19.6,16,3,3
C10518,44.7,14,3,3
C10519,11.8,3,7,5
C10520,54.2,19,2,2
C10521,37.7,16,2,0
C10522,46.2,19,2,1
C10523,24.7,8,6,4
C10524,49.5,18,3,2
C10525,21.3,13,4,2
C10526,36.7,9,4,2
C10527,14.7,4,6,4
C10528,18.5,8,6,6
C10529,21.9,15,4,4
C10530,51.2,16,2,2
C10531,45.9,14,2,0
C10532,14.7,0,6,6
C10533,40.3,14,2,0
C10534,2.1,8,5,5
C10535,58.7,15,2,2
C10536,40.7,18,2,1
C10537,45.3,18,2,2
C10538,69.7,23,3,3
C10539,52.3,20,2,2
C10540,38.8,10,3,2
C10541,68.1,30,1,1
C10542,17.3,10,4,2
C10543,44.8,17,2,1
C10544,73.3,34,1,1
C10545,56.8,21,1,0
C10546,43.3,14,2,1
C10547,20.5,10,4,3
C10548,10.5,11,5,4
C10549,36.0,11,3,1
C10550,45.7,22,2,0
C10551,34.0,17,3,3
C10552,79.5,30,0,0
C10553,34.1,14,4,2
C10554,28.5,10,4,3
C10555,27.0,7,3,3
C10556,29.9,12,4,2
C10557,30.6,13,3,3
C10558,14.7,10,5,5
C10559,68.7,28,1,1
C10560,33.9,17,4,4
C10561,64.2,23,1,0
C10562,68.1,21,1,0
C10563,39.2,13,4,3
C10564,41.7,17,3,3
C10565,34.3,11,3,2
C10566,51.6,24,2,0
C10567,30.3,17,4,4
C10568,51.1,18,2,2
C10569,18.3,7,5,3
C10570,61.6,20,1,0
C10571,14.6,3,5,5
C10572,23.7,8,4,4
C10573,21.2,7,4,3
C10574,23.8,9,5,5
C10575,39.5,15,3,2
C10576,32.2,12,3,3
C10577,58.6,24,3,1
C10578,35.2,19,4,4
C10579,43.3,12,3,2
C10580,26.0,5,5,4
C10581,30.8,17,3,3
C10582,21.8,12,3,3
C10583,29.6,10,3,1
C10584,47.5,17,3,3
C10585,56.9,17,2,1
C10586,6.5,0,4,2
C10587,57.7,20,1,0
C10588,73.6,27,0,0
C10589,68.5,30,2,0
C10590,24.6,10,3,3
C10591,22.4,12,5,4
C10592,76.3,29,2,2
C10593,41.4,13,2,2
C10594,22.5,3,4,2
C10595,56.8,22,3,1
C10596,68.9,21,1,1
C10597,55.5,22,1,0
C10598,25.8,13,3,2
C10599,26.4,13,3,3
C10600,34.7,12,3,3
C10601,62.5,21,2,1
C10602,52.8,18,2,2
C10603,63.1,23,2,0
C10604,63.7,25,1,0
C10605,5.2,5,5,3
C10606,47.0,16,2,1
C10607,20.4,6,5,4
C10608,49.8,18,2,2
C10609,34.2,14,3,2
C10610,49.9,18,2,2
C10611,40.7,10,3,3
C10612,6.6,0,6,4
C10613,37.2,17,3,3
C10614,22.8,8,5,5
C10615,6.9,10,5,5
C10616,46.4,21,3,1
C10617,5.5,5,5,5
C10618,49.2,21,2,2
C10619,11.5,1,4,2
C10620,33.7,9,4,4
C10621,20.0,5,4,4
C10622,22.8,9,4,4
C10623,50.2,13,3,3
C10624,63.1,25,3,1
C10625,14.8,10,4,4
C10626,27.7,13,3,2
C10627,24.2,11,4,2
C10628,31.8,15,3,2
C10629,34.5,11,3,2
C10630,59.7,29,1,0
C10631,19.4,10,5,5
C10632,16.6,1,4,3
C10633,37.7,17,4,4
C10634,19.9,10,3,2
C10635,14.8,0,6,4
C10636,29.8,9,3,3
C10637,57.7,25,2,2
C10638,30.1,12,4,4
C10639,49.8,20,3,2
C10640,4.2,0,4,4
C10641,64.3,31,1,0
C10642,66.0,19,2,0
C10643,25.3,5,5,3
C10644,16.4,1,5,3
C10645,67.2,22,3,1
C10646,33.7,12,3,1
C10647,67.8,22,1,0
C10648,38.7,16,3,1
C10649,38.3,13,3,2
C10650,60.6,18,4,4
C10651,45.1,17,2,0
C10652,35.0,8,4,4
C10653,37.6,17,4,3
C10654,36.1,11,4,2
C10655,48.7,16,2,0
C10656,22.9,8,4,3
C10657,37.7,13,7,5
C10658,53.0,18,2,0
C10659,70.9,26,1,0
C10660,63.0,22,1,1
C10661,42.9,19,2,1
C10662,17.8,0,4,2
C10663,76.7,22,1,0
C10664,34.5,10,3,1
C10665,55.9,15,2,0
C10666,29.8,8,3,2
C10667,38.6,13,3,2
C10668,0.0,5,4,2
C10669,51.4,16,2,2
C10670,46.9,17,2,2
C10671,32.1,9,5,5
C10672,40.6,17,4,4
C10673,35.3,15,5,3
C10674,79.2,29,0,0
C10675,79.9,30,1,0
C10676,35.3,12,3,3
C10677,27.0,13,5,3
C10678,39.5,14,4,2
C10679,58.1,27,1,0
C10680,10.5,10,6,6
C10681,62.2,21,2,1
C10682,61.5,19,1,0
C10683,50.0,18,2,1
C10684,40.8,11,3,1
C10685,37.2,11,3,3
C10686,42.5,16,3,1
C10687,33.3,13,3,1
C10688,15.2,8,4,4
C10689,20.4,11,4,2
C10690,50.6,19,1,0
C10691,22.8,13,4,3
C10692,52.3,22,1,0
C10693,38.4,18,2,1
C10694,62.3,23,1,0
C10695,57.1,17,2,1
C10696,24.0,16,4,2
C10697,23.5,13,4,4
C10698,68.6,19,2,1
C10699,32.0,8,3,1
C10700,19.3,5,4,2
C10701,16.8,11,6,4
C10702,34.6,15,2,0
C10703,59.3,18,3,1
C10704,68.0,27,2,2
C10705,76.2,28,0,0
C10706,38.9,17,2,1
C10707,60.7,29,1,1
C10708,36.0,18,3,2
C10709,14.6,7,5,3
C10710,64.0,23,2,0
C10711,56.9,27,3,1
C10712,45.7,23,2,1
C10713,52.7,19,2,1
C10714,52.2,17,3,3
C10715,9.5,7,4,4
C10716,59.4,17,2,1
C10717,15.9,4,4,2
C10718,56.4,16,3,3
C10719,66.2,28,1,0
C10720,17.9,9,3,1
C10721,28.6,10,3,3
C10722,53.4,22,2,1
C10723,49.7,21,3,1
C10724,59.3,21,2,2
C10725,39.3,20,2,0
C10726,13.6,7,5,3
C10727,75.1,20,0,0
C10728,27.6,10,3,1
C10729,41.1,18,3,3
C10730,66.2,27,3,1
C10731,28.4,10,4,4
C10732,42.8,22,4,3
C10733,27.2,11,3,2
C10734,18.6,8,5,5
C10735,68.8,26,3,1
C10736,45.7,13,2,0
C10737,55.2,22,1,1
C10738,74.1,28,0,0
C10739,25.7,9,4,2
C10740,37.0,13,3,3
C10741,25.4,10,3,3
C10742,21.5,6,4,3
C10743,57.5,18,2,0
C10744,30.2,16,3,1
C10745,64.6,21,1,0
C10746,22.5,11,3,2
C10747,37.0,11,4,3
C10748,66.0,27,1,0
C10749,38.1,15,2,2
C10750,55.0,19,3,2
C10751,26.0,17,4,4
C10752,26.4,9,5,5
C10753,31.4,12,2,0
C10754,18.4,6,5,5
C10755,12.8,7,4,2
C10756,47.0,11,3,2
C10757,25.7,7,5,4
C10758,39.4,12,4,3
C10759,25.5,12,4,3
C10760,22.1,4,5,5
C10761,69.6,24,1,0
C10762,32.3,14,3,3
C10763,52.4,26,2,1
C10764,30.4,14,3,1
C10765,25.2,11,4,3
C10766,30.6,10,3,3
C10767,36.5,14,2,2
C10768,34.7,3,4,3
C10769,31.6,14,3,3
C10770,6.8,7,6,5
C10771,45.3,14,2,0
C10772,37.7,13,3,2
C10773,40.0,16,3,1
C10774,28.9,15,3,3
C10775,38.9,16,3,3
C10776,23.3,11,4,3
C10777,60.2,30,3,2
C10778,42.4,15,3,3
C10779,43.2,18,5,3
C10780,35.3,14,4,3
C10781,52.8,17,4,2
C10782,53.0,18,2,0
C10783,50.8,13,3,1
C10784,78.6,27,0,0
C10785,31.4,13,5,5
C10786,25.3,10,4,4
C10787,14.6,6,4,4
C10788,58.1,25,1,1
C10789,23.7,12,3,1
C10790,52.5,21,3,2
C10791,13.2,2,6,4
C10792,16.0,5,5,3
C10793,32.1,13,3,3
C10794,31.3,11,4,2
C10795,29.1,7,3,3
C10796,58.4,23,1,0
C10797,60.1,16,2,2
C10798,62.7,24,2,2
C10799,17.3,11,4,2
C10800,19.5,7,4,4
C10801,40.8,19,3,1
C10802,67.5,20,3,1
C10803,47.9,12,3,3
C10804,28.6,9,4,4
C10805,16.6,5,4,3
C10806,32.5,10,3,2
C10807,33.9,14,3,2
C10808,40.2,9,3,2
C10809,27.2,14,4,2
C10810,76.4,26,0,0
C10811,40.6,24,2,0
C10812,64.1,19,1,0
C10813,35.2,15,4,2
C10814,64.8,25,2,0
C10815,51.4,18,3,1
C10816,17.1,10,4,3
C10817,25.1,8,3,1
C10818,14.2,7,5,4
C10819,18.9,3,4,2
C10820,54.0,26,1,0
C10821,37.9,15,4,2
C10822,20.7,8,5,5
C10823,72.8,32,1,0
C10824,52.7,26,2,1
C10825,57.8,22,1,0
C10826,46.6,20,2,2
C10827,34.1,14,3,3
C10828,61.5,23,3,3
C10829,39.3,16,3,3
C10830,0.0,7,5,3
C10831,34.6,16,2,1
C10832,26.3,8,3,1
C10833,17.1,10,5,4
C10834,62.8,23,2,1
C10835,51.1,18,2,0
C10836,17.4,8,5,4
C10837,55.6,8,2,0
C10838,38.7,13,3,1
C10839,67.2,26,1,0
C10840,42.8,18,3,2
C10841,55.2,20,2,1
C10842,28.3,19,3,2
C10843,69.5,28,1,1
C10844,36.9,21,3,1
C10845,48.6,23,2,2
C10846,40.0,15,4,2
C10847,70.1,26,1,0
C10848,37.5,9,3,2
C10849,36.4,16,2,1
C10850,48.5,17,2,0
C10851,21.9,12,6,6
C10852,39.3,13,3,3
C10853,19.8,5,4,2
C10854,33.0,12,4,2
C10855,78.0,24,0,0
C10856,35.4,9,4,4
C10857,65.2,23,2,0
C10858,61.9,22,2,1
C10859,66.9,22,2,0
C10860,52.8,26,1,0
C10861,43.9,15,2,0
C10862,36.4,25,2,1
C10863,13.8,8,4,3
C10864,35.3,20,3,1
C10865,33.5,5,4,4
C10866,67.2,25,2,2
C10867,43.5,19,2,1
C10868,40.5,11,2,1
C10869,0.1,2,5,3
C10870,30.7,13,4,3
C10871,55.1,19,1,1
C10872,19.9,14,4,4
C10873,54.5,25,2,0
C10874,48.8,18,2,2
C10875,44.4,10,3,2
C10876,61.0,23,2,1
C10877,57.9,19,1,1
C10878,64.2,22,3,3
C10879,21.5,12,4,4
C10880,37.5,13,5,5
C10881,19.7,9,4,3
C10882,10.7,6,5,3
C10883,25.5,11,3,1
C10884,60.9,18,1,0
C10885,32.1,11,4,4
C10886,20.4,13,4,2
C10887,65.2,28,1,0
C10888,64.3,26,2,1
C10889,4.4,2,5,5
C10890,70.5,31,3,3
C10891,47.3,14,4,2
C10892,24.6,0,3,3
C10893,2.5,4,5,4
C10894,47.2,18,2,2
C10895,48.0,20,2,0
C10896,67.4,29,1,0
C10897,19.1,4,5,3
C10898,38.1,12,3,3
C10899,12.7,5,5,4
C10900,33.9,18,3,3
C10901,85.4,27,0,0
C10902,50.3,24,3,3
C10903,2.8,1,5,4
C10904,17.2,12,5,3
C10905,55.0,23,3,2
C10906,66.8,26,1,0
C10907,67.9,23,2,0
C10908,53.0,16,2,1
C10909,25.0,10,3,2
C10910,18.0,5,4,3
C10911,43.7,20,2,1
C10912,39.3,14,4,3
C10913,58.1,24,3,3
C10914,49.1,22,3,3
C10915,42.1,15,4,4
C10916,30.5,15,3,1
C10917,21.1,9,4,2
C10918,8.2,9,4,2
C10919,73.8,29,2,2
C10920,47.7,23,2,2
C10921,44.9,15,2,0
C10922,52.5,18,3,2
C10923,53.7,21,3,3
C10924,19.0,5,4,2
C10925,18.8,12,3,2
C10926,14.1,2,5,3
C10927,27.8,16,3,3
C10928,25.1,9,5,3
C10929,15.6,10,4,2
C10930,39.5,14,3,1
C10931,13.8,7,4,2
C10932,41.0,10,3,2
C10933,12.4,0,4,4
C10934,20.4,5,4,2
C10935,48.5,21,2,1
C10936,42.1,14,3,3
C10937,36.6,16,4,4
C10938,60.5,25,3,3
C10939,31.3,13,3,2
C10940,44.7,10,4,3
C10941,13.1,7,5,4
C10942,73.9,26,1,0
C10943,9.8,6,5,4
C10944,33.1,8,4,4
C10945,64.1,22,2,1
C10946,27.8,14,3,3
C10947,23.8,10,5,4
C10948,46.6,18,2,0
C10949,65.4,24,1,0
C10950,25.7,19,3,3
C10951,51.0,18,2,1
C10952,32.1,9,3,1
C10953,35.0,8,3,1
C10954,45.1,18,2,0
C10955,12.3,7,4,3
C10956,24.9,12,3,3
C10957,25.7,12,4,3
C10958,0.3,5,4,2
C10959,69.6,26,2,1
C10960,55.6,14,2,2
C10961,48.3,11,3,2
C10962,50.2,12,3,2
C10963,1.5,0,5,5
C10964,52.2,23,3,1
C10965,11.2,8,4,4
C10966,58.9,23,1,0
C10967,28.1,6,3,2
C10968,17.9,8,4,2
C10969,31.5,15,2,2
C10970,29.7,13,3,3
C10971,57.7,18,2,2
C10972,31.2,20,3,2
C10973,20.1,6,4,3
C10974,6.2,2,6,6
C10975,42.2,7,5,4
C10976,37.0,15,5,5
C10977,45.3,14,4,2
C10978,29.3,11,3,2
C10979,20.1,11,4,2
C10980,50.1,15,2,1
C10981,51.6,18,2,1
C10982,59.4,23,1,0
C10983,46.6,15,3,1
C10984,58.0,20,1,0
C10985,43.1,21,3,2
C10986,15.2,11,4,3
C10987,66.5,26,1,0
C10988,68.3,26,2,0
C10989,13.9,0,5,4
C10990,41.4,16,3,3
C10991,61.5,25,2,2
C10992,60.3,27,1,1
C10993,51.0,19,3,1
C10994,19.0,3,5,4
C10995,18.9,12,5,5
C10996,47.3,27,2,0
C10997,56.8,29,1,0
C10998,56.8,19,3,1
C10999,24.4,9,3,2
C11000,25.9,10,3,2
C11001,55.6,16,2,0
C11002,24.9,5,4,4
C11003,48.0,17,4,2
C11004,48.9,15,2,1
C11005,34.9,16,3,2
C11006,33.9,15,3,2
C11007,57.6,22,3,1
C11008,29.5,6,4,3
C11009,7.2,5,7,5
C11010,18.9,9,4,4
C11011,28.3,5,4,3
C11012,40.8,18,3,2
C11013,59.3,14,3,1
C11014,59.9,23,2,2
C11015,48.9,18,2,2
C11016,31.0,17,3,2
C11017,19.8,7,4,4
C11018,29.5,12,6,4
C11019,52.3,21,3,3
C11020,31.0,6,5,3
C11021,40.2,12,2,0
C11022,20.5,10,4,4
C11023,20.5,12,4,3
C11024,49.6,26,1,0
C11025,48.8,17,2,1
C11026,29.2,10,3,3
C11027,55.1,14,2,0
C11028,20.9,6,4,4
C11029,36.5,6,4,4
C11030,68.0,25,1,0
C11031,21.2,3,4,2
C11032,31.4,10,3,2
C11033,46.6,20,2,1
C11034,52.8,19,2,2
C11035,57.5,25,2,2
C11036,2.1,4,5,4
C11037,42.4,11,3,1
C11038,78.4,31,0,0
C11039,53.0,14,3,3
C11040,69.9,18,1,0
C11041,75.7,28,1,1
C11042,45.5,11,2,0
C11043,31.9,14,4,4
C11044,4.4,2,5,5
C11045,51.1,28,2,2
C11046,14.6,3,5,4
C11047,65.6,29,1,0
C11048,54.5,21,1,0
C11049,63.6,25,2,0
C11050,37.9,13,4,2
C11051,29.1,14,3,3
C11052,48.8,20,2,2
C11053,10.1,7,4,3
C11054,37.8,19,4,3
C11055,47.4,24,3,2
C11056,19.1,9,4,2
C11057,45.9,18,3,1
C11058,4.6,0,6,5
C11059,68.5,28,1,0
C11060,63.5,23,1,1
C11061,10.3,5,6,6
C11062,20.9,13,3,1
C11063,52.2,14,2,2
C11064,17.4,7,3,3
C11065,53.5,16,1,0
C11066,22.2,10,3,2
C11067,52.3,19,3,3
C11068,18.5,10,4,4
C11069,71.3,22,2,1
C11070,43.3,15,3,2
C11071,8.4,0,5,5
C11072,40.6,14,3,3
C11073,50.0,12,4,4
C11074,34.0,8,4,2
C11075,46.5,23,2,1
C11076,49.1,19,2,1
C11077,45.7,16,3,1
C11078,63.4,24,1,0
C11079,40.4,19,2,2
C11080,46.6,20,3,2
C11081,47.8,14,2,0
C11082,46.7,12,2,1
C11083,67.0,21,1,0
C11084,50.5,18,3,2
C11085,17.6,12,3,2
C11086,18.4,6,4,3
C11087,4.7,5,4,4
C11088,35.1,20,3,3
C11089,62.8,24,1,0
C11090,18.9,12,5,3
C11091,45.7,16,2,2
C11092,36.1,13,3,2
C11093,27.8,6,4,4
C11094,18.9,7,4,2
C11095,46.2,19,3,3
C11096,56.1,18,3,2
C11097,14.2,6,4,3
C11098,26.3,12,3,2
C11099,49.6,16,2,0
C11100,67.3,26,1,0
C11101,31.6,11,3,1
C11102,45.4,17,2,1
C11103,54.6,15,3,1
C11104,29.6,14,4,2
C11105,44.1,21,2,1
C11106,2.0,0,5,5
C11107,34.7,18,2,0
C11108,67.3,24,1,0
C11109,57.7,23,1,1
C11110,60.9,21,2,0
C11111,34.8,14,3,1
C11112,44.8,16,3,2
C11113,43.0,18,2,0
C11114,26.2,12,4,4
C11115,7.5,4,4,3
C11116,20.2,10,3,2
C11117,34.6,13,5,4
C11118,32.5,13,4,2
C11119,50.8,16,3,2
C11120,46.2,18,2,0
C11121,17.8,6,4,4
C11122,49.0,14,2,2
C11123,30.5,7,3,2
C11124,25.6,7,4,3
C11125,11.9,8,6,5
C11126,53.4,22,2,2
C11127,14.1,11,4,3
C11128,29.1,14,3,3
C11129,19.5,11,4,3
C11130,26.5,13,3,1
C11131,21.8,9,4,3
C11132,12.7,11,5,4
C11133,45.7,23,2,2
C11134,38.6,17,3,1
C11135,34.1,8,3,3
C11136,41.5,11,4,3
C11137,17.9,5,4,3
C11138,32.7,11,3,2
C11139,58.0,22,2,2
C11140,55.7,24,1,0
C11141,45.7,15,2,0
C11142,36.9,13,3,1
C11143,14.3,9,5,4
C11144,52.5,21,2,2
C11145,56.1,22,3,2
C11146,16.0,6,4,3
C11147,28.2,16,4,3
C11148,61.4,18,2,1
C11149,38.5,14,4,4
C11150,45.7,21,2,0
C11151,23.0,10,5,4
C11152,42.3,19,2,1
C11153,34.8,14,3,3
C11154,55.0,19,2,2
C11155,63.1,17,3,1
C11156,35.8,14,3,1
C11157,64.8,21,1,0
C11158,11.6,2,5,4
C11159,12.8,3,5,4
C11160,32.2,12,3,3
C11161,63.5,19,3,2
C11162,51.9,15,3,3
C11163,69.9,28,1,1
C11164,60.2,23,2,2
C11165,27.0,17,3,1
C11166,20.4,6,5,3
C11167,17.1,5,4,4
C11168,75.4,25,2,0
C11169,15.1,2,6,5
C11170,26.6,7,3,3
C11171,68.9,23,1,1
C11172,70.5,30,1,0
C11173,45.3,17,3,2
C11174,58.6,23,1,1
C11175,48.8,22,4,2
C11176,27.3,10,6,4
C11177,64.1,20,1,0
C11178,14.2,6,4,3
C11179,27.9,12,3,2
C11180,41.2,13,3,3
C11181,69.5,18,1,0
C11182,43.6,21,3,2
C11183,74.6,21,1,0
C11184,41.9,19,4,2
C11185,56.1,24,3,1
C11186,33.2,13,3,1
C11187,58.5,20,2,1
C11188,15.4,6,7,7
C11189,41.9,8,4,2
C11190,19.8,2,4,2
C11191,47.4,22,2,0
C11192,27.1,10,3,1
C11193,19.2,4,4,3
C11194,51.1,29,2,0
C11195,60.5,22,2,0
C11196,21.3,10,6,6
C11197,23.0,12,4,4
C11198,23.3,19,4,3
C11199,39.7,13,2,1
C11200,48.9,19,3,3
C11201,45.5,22,2,2
C11202,22.9,16,4,4
C11203,46.5,17,2,0
C11204,55.5,12,3,2
C11205,52.1,15,2,0
C11206,59.6,19,1,0
C11207,64.5,27,3,1
C11208,54.9,23,2,0
C11209,57.8,17,1,0
C11210,48.9,20,3,2
C11211,12.5,9,4,4
C11212,42.9,24,2,2
C11213,48.8,17,2,1
C11214,55.6,23,2,2
C11215,38.7,12,3,3
C11216,60.9,23,1,1
C11217,17.4,7,4,4
C11218,55.9,22,2,2
C11219,40.3,9,2,0
C11220,36.2,17,4,4
C11221,67.4,24,4,3
C11222,10.7,6,5,3
C11223,58.7,18,2,2
C11224,30.0,11,3,1
C11225,46.6,19,2,2
C11226,36.8,12,4,4
C11227,69.3,24,1,0
C11228,18.9,8,5,4
C11229,30.2,18,3,3
C11230,61.8,26,2,1
C11231,39.3,16,2,2
C11232,53.4,20,1,0
C11233,33.9,17,2,2
C11234,72.8,29,1,0
C11235,36.9,11,3,2
C11236,54.7,22,2,2
C11237,36.2,12,3,2
C11238,62.8,24,1,0
C11239,58.5,25,1,0
C11240,18.1,10,6,6
C11241,0.0,0,5,4
C11242,33.4,7,5,3
C11243,29.9,14,4,4
C11244,34.2,18,3,1
C11245,21.0,7,3,1
C11246,15.2,4,7,6
C11247,22.8,15,5,3
C11248,45.7,14,3,2
C11249,31.7,10,4,4
C11250,23.6,7,4,2
C11251,19.7,11,4,2
C11252,30.3,12,3,2
C11253,50.4,14,2,0
C11254,14.9,8,4,4
C11255,37.8,12,3,2
C11256,75.5,25,2,2
C11257,47.8,13,2,2
C11258,33.0,16,5,5
C11259,49.9,22,2,0
C11260,66.1,22,1,1
C11261,57.5,23,1,1
C11262,69.1,23,3,1
C11263,47.9,22,2,1
C11264,30.8,9,3,2
C11265,29.6,14,3,3
C11266,65.1,21,1,0
C11267,30.0,10,4,3
C11268,36.9,14,6,6
C11269,71.0,25,2,0
C11270,11.9,8,4,3
C11271,31.8,14,4,3
C11272,55.8,18,2,2
C11273,22.1,0,4,4
C11274,36.1,13,3,1
C11275,32.4,11,5,5
C11276,32.5,13,3,2
C11277,58.0,19,1,0
C11278,29.3,10,4,4
C11279,43.4,19,2,2
C11280,57.2,17,2,0
C11281,53.1,18,2,1
C11282,16.8,8,4,3
C11283,11.4,8,5,5
C11284,31.7,11,4,4
C11285,41.4,13,4,4
C11286,32.1,16,3,1
C11287,43.1,12,2,0
C11288,24.4,9,3,3
C11289,71.9,28,0,0
C11290,23.5,13,4,4
C11291,62.0,28,1,1
C11292,25.0,5,5,3
C11293,3.0,0,4,4
C11294,63.2,25,1,1
C11295,46.7,15,3,1
C11296,51.3,21,2,2
C11297,20.4,7,4,4
C11298,40.7,15,2,0
C11299,57.3,18,3,1
C11300,28.8,10,3,1
C11301,58.6,24,2,0
C11302,23.1,3,6,4
C11303,66.4,24,4,4
C11304,46.5,23,1,1
C11305,51.7,18,3,1
C11306,31.9,10,3,3
C11307,63.7,24,3,1
C11308,23.3,9,7,6
C11309,70.9,27,0,0
C11310,62.3,21,1,0
C11311,18.3,4,4,4
C11312,65.3,21,1,1
C11313,60.2,21,2,0
C11314,52.1,20,2,2
C11315,23.0,7,5,4
C11316,50.4,21,3,1
C11317,49.3,15,2,1
C11318,60.9,25,1,1
C11319,47.2,24,2,0
C11320,48.8,19,3,1
C11321,69.4,19,1,1
C11322,61.4,29,1,1
C11323,20.4,6,4,2
C11324,26.3,13,3,1
C11325,67.7,25,1,1
C11326,45.1,15,3,3
C11327,18.3,0,4,3
C11328,56.6,21,1,0
C11329,31.8,16,3,3
C11330,31.6,20,3,1
C11331,40.6,17,2,1
C11332,43.5,16,2,0
C11333,40.4,14,4,4
C11334,13.2,4,5,4
C11335,52.5,28,2,2
C11336,54.8,21,3,3
C11337,50.3,17,3,2
C11338,53.6,23,2,0
C11339,33.9,9,4,4
C11340,55.5,20,1,0
C11341,14.9,8,4,4
C11342,34.8,17,2,2
C11343,21.9,7,6,6
C11344,49.2,19,2,2
C11345,53.9,15,4,4
C11346,75.0,23,1,0
C11347,47.6,17,3,1
C11348,51.1,12,2,1
C11349,47.2,22,2,0
C11350,59.9,20,1,0
C11351,64.8,26,3,2
C11352,58.9,17,4,2
C11353,35.2,17,3,1
C11354,57.8,22,3,3
C11355,16.9,6,6,5
C11356,73.9,24,1,0
C11357,0.6,0,4,3
C11358,53.4,26,2,2
C11359,39.3,13,3,2
C11360,17.6,4,4,2
C11361,67.3,22,2,1
C11362,50.6,22,4,2
C11363,44.2,15,3,3
C11364,48.0,22,2,2
C11365,47.4,11,3,2
C11366,33.0,16,3,2
C11367,78.8,30,0,0
C11368,45.3,16,3,3
C11369,73.2,26,1,0
C11370,2.3,4,5,3
C11371,40.3,10,3,1
C11372,46.7,15,3,2
C11373,24.6,4,5,4
C11374,43.6,13,4,2
C11375,27.5,13,4,3
C11376,30.2,12,6,5
C11377,26.2,16,2,1
C11378,71.8,21,2,2
C11379,29.0,12,3,2
C11380,37.0,17,3,2
C11381,59.6,18,2,1
C11382,43.4,20,2,0
C11383,69.8,30,3,1
C11384,43.7,16,2,2
C11385,67.5,23,2,0
C11386,42.6,17,4,2
C11387,30.1,15,3,1
C11388,40.3,16,4,3
C11389,33.4,14,3,1
C11390,11.8,10,5,3
C11391,35.0,19,4,4
C11392,72.9,23,1,0
C11393,15.5,8,5,5
C11394,62.0,26,1,1
C11395,32.8,14,4,3
C11396,33.3,13,3,2
C11397,29.6,10,5,3
C11398,69.1,26,0,0
C11399,32.6,13,3,2
C11400,17.2,2,4,4
C11401,35.2,13,5,4
C11402,23.6,11,4,2
C11403,51.9,22,2,2
C11404,67.2,26,1,1
C11405,22.4,10,3,1
C11406,29.2,10,3,2
C11407,29.0,12,5,4
C11408,29.3,4,4,3
C11409,46.4,18,2,0
C11410,39.3,13,3,3
C11411,24.8,10,4,2
C11412,40.0,13,3,3
C11413,61.3,26,1,1
C11414,7.3,6,4,3
C11415,16.9,9,5,4
C11416,23.6,9,5,3
C11417,36.1,16,4,4
C11418,40.1,12,3,1
C11419,0.0,3,6,6
C11420,85.3,27,0,0
C11421,44.1,15,2,1
C11422,44.4,15,3,3
C11423,40.8,12,5,3
C11424,36.5,13,3,2
C11425,64.7,23,1,0
C11426,48.9,19,4,2
C11427,50.5,18,3,2
C11428,47.1,18,5,3
C11429,48.2,13,4,4
C11430,53.8,21,2,1
C11431,38.6,15,3,2
C11432,47.8,19,4,4
C11433,44.8,25,3,3
C11434,37.5,11,4,3
C11435,42.1,18,2,1
C11436,65.9,31,1,1
C11437,53.4,22,2,0
C11438,28.0,7,4,2
C11439,49.1,18,2,0
C11440,22.5,14,3,3
C11441,19.6,5,4,2
C11442,17.6,7,5,5
C11443,71.3,26,1,1
C11444,33.8,18,4,4
C11445,49.2,12,2,2
C11446,19.6,17,4,4
C11447,41.0,10,3,1
C11448,66.7,28,0,0
C11449,48.3,18,3,3
C11450,14.3,0,4,4
C11451,20.6,1,5,4
C11452,64.2,22,4,4
C11453,59.6,21,2,0
C11454,53.7,20,2,0
C11455,47.9,15,2,2
C11456,42.2,20,3,3
C11457,18.7,3,4,3
C11458,40.0,18,2,1
C11459,13.7,4,5,5
C11460,27.1,13,3,3
C11461,26.0,9,5,5
C11462,61.0,24,3,2
C11463,34.5,16,5,3
C11464,29.1,8,4,4
C11465,46.9,22,3,3
C11466,24.9,8,5,5
C11467,29.7,14,4,2
C11468,41.7,17,2,2
C11469,8.9,8,4,3
C11470,32.7,10,3,2
C11471,22.2,13,3,2
C11472,30.4,17,2,1
C11473,33.7,16,3,1
C11474,59.5,27,1,0
C11475,29.5,6,4,3
C11476,23.7,12,6,5
C11477,39.9,13,4,3
C11478,40.3,17,4,3
C11479,43.4,13,3,3
C11480,44.1,17,2,2
C11481,44.5,17,2,1
C11482,23.9,11,4,3
C11483,44.0,15,2,2
C11484,18.7,5,4,4
C11485,37.4,10,3,1
C11486,11.1,8,6,4
C11487,49.2,17,2,0
C11488,19.0,6,6,6
C11489,26.2,9,3,1
C11490,29.0,9,3,3
C11491,24.5,10,4,4
C11492,20.9,14,4,4
C11493,51.8,21,2,1
C11494,31.7,16,3,1
C11495,29.5,7,4,4
C11496,31.3,9,4,4
C11497,49.4,15,2,2
C11498,62.7,22,1,0
C11499,46.9,18,2,2
C11500,28.1,9,4,4
C11501,30.8,7,4,3
C11502,33.7,12,3,3
C11503,33.3,13,3,3
C11504,56.6,21,2,2
C11505,11.9,7,4,2
C11506,28.5,9,3,1
C11507,47.0,14,3,1
C11508,51.0,25,2,2
C11509,18.1,9,6,5
C11510,55.3,21,2,2
C11511,62.1,25,1,1
C11512,28.2,8,6,5
C11513,14.7,4,4,2
C11514,17.8,12,3,1
C11515,42.1,14,3,1
C11516,18.9,7,4,4
C11517,24.2,11,4,4
C11518,21.0,9,4,2
C11519,43.6,19,2,2
C11520,30.6,13,3,2
C11521,58.1,24,1,1
C11522,40.5,16,3,3
C11523,33.7,13,3,2
C11524,58.6,24,1,0
C11525,32.7,16,3,1
C11526,47.0,14,3,3
C11527,62.2,22,2,2
C11528,37.2,12,4,2
C11529,11.3,12,5,5
C11530,39.2,14,2,0
C11531,46.6,20,2,1
C11532,51.7,21,4,4
C11533,46.9,21,2,1
C11534,42.2,27,2,1
C11535,45.7,10,3,3
C11536,12.1,11,7,6
C11537,58.3,27,1,0
C11538,45.1,22,3,3
C11539,55.1,22,2,1
C11540,0.0,3,5,5
C11541,6.9,1,4,3
C11542,64.2,30,4,4
C11543,39.0,16,3,2
C11544,46.9,12,3,2
C11545,79.3,30,1,1
C11546,29.6,13,3,2
C11547,49.2,20,2,0
C11548,39.7,16,4,3
C11549,40.6,12,3,1
C11550,51.6,11,2,2
C11551,47.7,14,4,3
C11552,52.1,22,4,4
C11553,76.8,22,1,1
C11554,15.5,5,5,4
C11555,21.3,2,4,4
C11556,32.9,11,3,2
C11557,43.4,14,2,1
C11558,27.0,13,4,3
C11559,37.8,17,3,1
C11560,60.7,16,2,0
C11561,16.0,4,4,3
C11562,48.3,14,4,2
C11563,3.8,0,4,3
C11564,40.0,11,4,2
C11565,21.3,7,5,4
C11566,46.9,21,2,2
C11567,52.0,20,2,0
C11568,4.4,7,4,2
C11569,56.6,22,4,3
C11570,30.4,20,3,1
C11571,47.9,19,3,1
C11572,40.9,13,4,2
C11573,42.7,19,3,1
C11574,55.4,22,1,0
C11575,12.2,10,4,4
C11576,61.1,19,1,1
C11577,22.7,9,3,2
C11578,3.5,10,4,3
C11579,11.5,10,4,4
C11580,23.1,9,4,4
C11581,16.1,5,4,2
C11582,11.6,0,5,3
C11583,27.4,9,3,2
C11584,10.1,5,6,6
C11585,35.7,20,2,2
C11586,23.3,7,3,1
C11587,47.9,20,3,2
C11588,47.8,21,3,2
C11589,14.4,5,4,4
C11590,69.4,22,3,1
C11591,14.8,4,3,1
C11592,48.3,26,2,0
C11593,61.9,21,1,0
C11594,46.3,18,3,2
C11595,35.1,10,3,2
C11596,60.6,21,1,0
C11597,18.6,11,3,2
C11598,52.2,9,2,0
C11599,35.5,18,3,2
C11600,50.3,20,2,2
C11601,0.0,0,5,3
C11602,39.3,16,2,1
C11603,34.9,8,3,2
C11604,72.2,28,2,0
C11605,12.0,0,4,3
C11606,20.9,12,6,6
C11607,62.9,24,1,1
C11608,9.2,5,4,4
C11609,41.4,12,5,3
C11610,49.3,19,2,2
C11611,30.3,9,4,3
C11612,6.0,2,5,3
C11613,8.8,10,4,4
C11614,42.1,17,2,0
C11615,24.2,3,4,4
C11616,22.8,14,4,3
C11617,47.3,24,2,1
C11618,53.7,22,2,1
C11619,28.8,16,3,1
C11620,30.1,8,3,1
C11621,43.0,16,2,2
C11622,50.5,22,3,3
C11623,39.1,11,3,3
C11624,59.5,20,2,1
C11625,70.5,30,1,0
C11626,20.8,8,5,4
C11627,63.3,27,3,2
C11628,31.4,10,3,3
C11629,50.1,20,2,1
C11630,22.4,11,4,4
C11631,57.6,20,3,1
C11632,52.5,20,2,0
C11633,11.2,6,6,4
C11634,49.7,20,2,1
C11635,42.1,22,3,2
C11636,59.5,25,3,3
C11637,53.3,10,3,3
C11638,39.9,17,2,0
C11639,65.8,23,1,1
C11640,46.1,20,3,1
C11641,71.8,25,4,4
C11642,49.9,13,3,3
C11643,63.4,24,3,3
C11644,12.3,8,4,4
C11645,62.9,24,2,0
C11646,28.1,10,4,2
C11647,35.1,12,5,3
C11648,6.2,2,4,2
C11649,30.4,15,4,4
C11650,43.4,12,2,1
C11651,26.1,9,5,5
C11652,55.1,22,3,1
C11653,22.8,10,3,1
C11654,46.7,7,2,2
C11655,25.2,11,3,1
C11656,27.1,7,3,3
C11657,65.0,25,1,0
C11658,27.5,13,3,2
C11659,52.6,21,2,1
C11660,66.0,17,2,2
C11661,16.9,1,4,3
C11662,39.0,14,4,2
C11663,30.6,10,4,2
C11664,61.9,17,2,1
C11665,56.9,18,1,0
C11666,11.5,7,4,4
C11667,30.0,11,3,3
C11668,42.5,16,3,2
C11669,30.3,10,3,2
C11670,32.7,7,7,6
C11671,51.2,23,2,2
C11672,44.2,17,3,2
C11673,29.0,16,3,2
C11674,44.4,15,3,3
C11675,68.6,25,1,1
C11676,69.1,25,1,0
C11677,47.4,25,2,1
C11678,25.8,17,4,3
C11679,70.4,20,1,0
C11680,41.2,16,5,5
C11681,9.6,0,5,3
C11682,31.7,12,4,2
C11683,44.7,17,2,2
C11684,36.6,16,3,1
C11685,45.7,22,2,1
C11686,40.0,22,2,2
C11687,30.5,10,4,2
C11688,75.3,29,1,0
C11689,42.0,15,4,2
C11690,26.2,9,4,3
C11691,31.0,5,4,4
C11692,19.2,10,3,2
C11693,51.4,21,3,1
C11694,12.3,5,5,4
C11695,0.0,0,5,4
C11696,52.1,17,2,1
C11697,57.1,19,1,1
C11698,55.6,30,1,1
C11699,35.9,8,4,4
C11700,43.8,15,3,3
C11701,67.7,27,1,0
C11702,20.4,7,4,4
C11703,50.0,19,2,0
C11704,28.0,8,4,3
C11705,24.3,10,4,4
C11706,15.6,11,4,3
C11707,29.4,15,3,2
C11708,51.1,22,2,1
C11709,35.0,13,5,4
C11710,62.7,28,1,0
C11711,62.4,24,3,3
C11712,50.2,19,4,4
C11713,51.7,19,2,2
C11714,65.3,25,1,1
C11715,47.1,20,4,4
C11716,30.0,12,3,3
C11717,63.4,28,2,0
C11718,66.7,22,1,1
C11719,33.3,11,3,3
C11720,26.4,10,4,4
C11721,42.9,21,3,2
C11722,16.5,1,4,2
C11723,43.7,25,3,2
C11724,33.4,13,3,1
C11725,37.4,6,3,3
C11726,59.0,21,1,0
C11727,27.2,12,3,1
C11728,50.9,22,2,1
C11729,47.4,18,2,1
C11730,60.8,24,2,2
C11731,24.2,13,4,4
C11732,40.1,16,4,4
C11733,55.8,23,2,1
C11734,21.3,9,6,5
C11735,52.1,24,1,1
C11736,24.1,17,5,3
C11737,50.2,22,2,0
C11738,48.6,21,2,0
C11739,28.1,8,5,3
C11740,44.6,17,2,2
C11741,19.8,5,5,4
C11742,17.9,4,4,3
C11743,60.7,22,1,0
C11744,29.2,13,4,2
C11745,30.9,14,3,3
C11746,26.2,7,4,4
C11747,54.1,21,3,3
C11748,17.5,10,3,2
C11749,80.3,29,1,0
C11750,33.1,9,5,4
C11751,60.0,18,3,3
C11752,39.2,12,3,3
C11753,59.9,23,1,1
C11754,18.9,6,5,5
C11755,17.1,5,5,4
C11756,65.2,30,1,0
C11757,36.0,14,4,3
C11758,30.2,8,3,1
C11759,10.7,0,4,3
C11760,48.5,16,2,1
C11761,33.3,12,4,3
C11762,40.0,17,3,3
C11763,25.6,13,4,2
C11764,53.1,18,3,3
C11765,9.1,4,4,4
C11766,51.4,20,2,1
C11767,59.8,15,3,3
C11768,15.3,7,4,4
C11769,51.4,18,2,0
C11770,28.3,14,3,1
C11771,17.8,4,5,3
C11772,40.9,20,2,0
C11773,39.4,11,3,3
C11774,25.1,16,3,1
C11775,41.5,13,2,2
C11776,51.3,15,3,2
C11777,33.8,11,4,4
C11778,75.2,24,3,3
C11779,38.4,12,3,1
C11780,70.5,23,1,0
C11781,41.1,8,3,2
C11782,16.2,1,6,5
C11783,43.2,14,3,2
C11784,45.4,13,3,3
C11785,50.4,16,3,3
C11786,46.5,19,2,0
C11787,40.0,8,3,2
C11788,30.2,9,5,3
C11789,43.9,13,3,3
C11790,43.8,17,2,2
C11791,48.2,22,2,0
C11792,43.8,12,3,2
C11793,4.4,8,6,4
C11794,55.3,22,4,2
C11795,61.2,29,1,1
C11796,52.9,22,3,2
C11797,37.6,10,2,1
C11798,0.0,7,4,4
C11799,11.6,7,5,4
C11800,50.8,19,2,0
C11801,57.9,17,3,2
C11802,33.2,13,3,3
C11803,23.2,11,3,2
C11804,33.2,18,4,4
C11805,29.9,17,4,3
C11806,64.0,29,0,0
C11807,31.3,3,3,2
C11808,13.0,1,4,2
C11809,46.4,19,2,0
C11810,47.8,19,3,2
C11811,20.1,9,5,4
C11812,55.1,20,2,2
C11813,19.7,7,4,4
C11814,58.7,19,1,0
C11815,34.5,12,4,4
C11816,37.1,10,3,1
C11817,42.4,16,4,2
C11818,39.6,13,3,3
C11819,62.1,22,3,3
C11820,2.5,2,5,5
C11821,20.4,8,6,4
C11822,67.1,24,3,3
C11823,9.8,6,4,3
C11824,18.8,7,5,5
C11825,53.6,18,3,2
C11826,67.3,26,2,2
C11827,17.4,6,5,3
C11828,22.2,5,4,2
C11829,3.0,0,6,4
C11830,56.8,18,1,1
C11831,52.0,20,2,1
C11832,55.7,23,3,1
C11833,64.3,23,1,0
C11834,34.0,17,3,2
C11835,46.8,21,2,1
C11836,44.9,19,2,1
C11837,50.0,24,2,2
C11838,55.8,22,1,0
C11839,64.6,23,1,0
C11840,58.3,22,2,1
C11841,23.4,9,4,4
C11842,36.9,12,2,2
C11843,37.5,10,3,3
C11844,14.8,1,7,5
C11845,29.5,10,4,2
C11846,36.0,11,3,3
C11847,40.6,18,4,4
C11848,68.6,25,1,0
C11849,50.9,13,3,1
C11850,36.7,12,3,3
C11851,20.0,0,4,3
C11852,20.6,9,5,3
C11853,73.2,24,1,0
C11854,34.4,21,3,2
C11855,19.8,9,4,2
C11856,47.0,18,2,1
C11857,60.1,29,1,0
C11858,68.9,30,2,2
C11859,36.0,11,4,3
C11860,35.7,25,2,2
C11861,12.3,16,4,3
C11862,64.0,31,1,0
C11863,82.9,26,1,1
C11864,67.2,27,2,1
C11865,18.8,10,5,4
C11866,34.9,9,2,2
C11867,36.8,16,2,2
C11868,50.5,23,2,1
C11869,14.2,8,4,3
C11870,40.7,13,3,2
C11871,54.5,14,2,2
C11872,16.3,3,4,3
C11873,40.4,17,3,3
C11874,47.8,15,2,0
C11875,32.3,8,3,3
C11876,16.7,4,6,4
C11877,13.5,7,4,3
C11878,73.4,31,0,0
C11879,41.2,19,2,0
C11880,23.5,11,3,3
C11881,15.9,5,4,4
C11882,59.9,28,1,1
C11883,40.4,16,2,2
C11884,5.6,2,4,2
C11885,19.9,14,3,2
C11886,11.3,3,4,2
C11887,39.9,19,2,0
C11888,9.6,3,6,4
C11889,38.1,12,3,3
C11890,29.7,11,3,2
C11891,17.6,8,4,2
C11892,11.8,2,8,8
C11893,67.5,29,0,0
C11894,76.1,31,0,0
C11895,54.7,18,2,1
C11896,85.3,29,0,0
C11897,45.0,18,2,2
C11898,48.2,21,2,0
C11899,17.8,15,3,3
C11900,46.2,19,2,0
C11901,38.5,7,3,1
C11902,60.1,22,2,1
C11903,48.5,18,2,1
C11904,39.0,16,2,0
C11905,29.9,18,2,0
C11906,28.9,9,5,4
C11907,63.7,20,1,0
C11908,63.9,25,1,0
C11909,28.4,9,3,3
C11910,13.0,6,6,4
C11911,23.6,10,3,2
C11912,39.9,18,3,3
C11913,34.9,9,4,4
C11914,47.6,16,3,1
C11915,33.5,19,3,3
C11916,48.5,13,2,2
C11917,10.7,5,4,4
C11918,26.0,6,7,6
C11919,33.6,14,3,1
C11920,10.0,1,4,3
C11921,44.2,24,2,2
C11922,36.6,13,5,4
C11923,34.5,12,3,1
C11924,41.3,15,3,1
C11925,37.2,19,2,2
C11926,45.7,13,2,1
C11927,23.7,0,5,4
C11928,75.6,27,0,0
C11929,62.4,24,1,1
C11930,32.9,8,4,4
C11931,41.3,14,4,2
C11932,65.3,24,1,1
C11933,45.9,15,2,1
C11934,45.6,16,4,3
C11935,20.0,14,3,3
C11936,45.5,15,3,1
C11937,32.6,11,5,4
C11938,32.2,9,4,4
C11939,57.4,17,2,1
C11940,65.5,24,2,0
C11941,62.3,25,1,1
C11942,31.8,15,3,2
C11943,70.3,26,6,4
C11944,49.6,22,4,3
C11945,53.0,20,3,1
C11946,18.0,5,4,2
C11947,73.8,25,1,0
C11948,43.2,12,2,2
C11949,42.7,14,2,1
C11950,63.6,24,1,0
C11951,23.6,1,7,5
C11952,64.4,21,2,2
C11953,36.1,14,3,2
C11954,53.5,21,2,0
C11955,58.3,16,1,1
C11956,20.1,7,4,2
C11957,11.4,7,4,4
C11958,24.2,9,4,4
C11959,52.6,25,3,3
C11960,41.5,18,3,1
C11961,46.7,14,2,1
C11962,43.5,15,3,3
C11963,49.4,18,2,1
C11964,76.8,27,2,0
C11965,30.2,12,4,3
C11966,50.7,25,1,1
C11967,30.8,12,3,1
C11968,18.4,9,6,5
C11969,66.8,25,2,0
C11970,12.5,4,4,4
C11971,32.0,10,4,2
C11972,16.1,9,3,2
C11973,24.8,9,5,4
C11974,57.0,23,2,0
C11975,41.4,12,3,1
C11976,18.8,12,5,4
C11977,62.2,18,1,0
C11978,45.6,22,2,2
C11979,63.0,25,2,0
C11980,17.5,5,4,2
C11981,68.2,24,3,1
C11982,35.8,18,3,1
C11983,39.6,14,3,2
C11984,48.1,23,2,2
C11985,79.4,32,0,0
C11986,19.8,10,3,1
C11987,61.1,23,1,0
C11988,41.0,10,3,1
C11989,74.1,20,3,2
C11990,38.0,15,5,5
C11991,41.4,17,4,2
C11992,17.1,6,4,4
C11993,28.2,10,4,3
C11994,33.4,19,4,3
C11995,51.2,17,3,3
C11996,49.0,23,1,0
C11997,26.4,4,4,3
C11998,37.4,13,4,3
C11999,28.6,12,4,4
C12000,44.8,17,2,0
C12001,33.4,11,3,3
C12002,41.3,12,3,2
C12003,59.1,19,1,1
C12004,40.6,16,3,2
C12005,41.5,19,2,1
C12006,70.6,22,1,0
C12007,30.7,13,4,3
C12008,41.6,18,2,2
C12009,56.8,21,3,3
C12010,49.7,20,2,0
C12011,27.0,7,3,2
C12012,14.6,9,4,2
C12013,33.9,15,3,3
C12014,31.2,13,3,2
C12015,30.8,12,3,2
C12016,7.0,3,6,5
C12017,53.1,19,2,1
C12018,16.2,7,4,3
C12019,51.9,14,4,3
C12020,25.3,10,3,3
C12021,42.9,14,2,0
C12022,49.0,17,3,1
C12023,61.3,17,1,0
C12024,53.7,22,2,2
C12025,44.2,13,3,1
C12026,49.4,19,3,3
C12027,6.2,0,6,4
C12028,43.4,14,3,3
C12029,22.2,10,4,2
C12030,22.1,7,3,1
C12031,58.7,19,1,0
C12032,22.4,13,4,4
C12033,23.8,6,5,4
C12034,40.2,12,3,3
C12035,63.4,32,2,0
C12036,47.6,23,3,2
C12037,39.4,13,6,5
C12038,45.3,16,4,4
C12039,19.5,7,4,3
C12040,75.6,25,1,0
C12041,36.2,9,3,1
C12042,25.0,6,4,2
C12043,72.5,29,1,1
C12044,70.1,24,1,0
C12045,47.3,21,1,1
C12046,41.2,23,2,0
C12047,0.6,4,5,4
C12048,19.9,2,4,4
C12049,61.8,17,1,0
C12050,72.9,23,1,1
C12051,40.5,14,2,0
C12052,62.4,22,3,3
C12053,39.9,16,2,0
C12054,52.5,20,2,0
C12055,55.9,22,1,0
C12056,51.1,24,2,1
C12057,74.9,25,2,0
C12058,40.8,9,4,4
C12059,44.3,10,3,2
C12060,51.7,25,3,2
C12061,53.4,14,3,3
C12062,5.9,0,6,6
C12063,46.4,14,3,1
C12064,68.6,28,3,1
C12065,16.8,6,4,3
C12066,39.4,20,3,1
C12067,55.8,21,2,1
C12068,55.1,19,2,2
C12069,57.4,22,1,0
C12070,33.8,12,4,2
C12071,59.2,21,2,2
C12072,21.4,9,3,3
C12073,62.2,26,1,1
C12074,8.4,4,5,5
C12075,47.1,18,2,0
C12076,6.6,3,5,3
C12077,25.5,10,3,1
C12078,29.1,12,4,4
C12079,4.2,9,5,4
C12080,30.7,13,4,2
C12081,41.8,19,2,1
C12082,57.4,20,2,0
C12083,74.9,23,1,1
C12084,69.6,26,1,0
C12085,40.0,15,2,0
C12086,24.6,14,3,3
C12087,67.2,26,1,0
C12088,3.7,5,5,4
C12089,32.5,21,3,2
C12090,49.2,23,2,2
C12091,26.4,9,4,4
C12092,53.3,20,1,0
C12093,29.6,11,3,3
C12094,40.2,16,2,2
C12095,27.4,11,3,2
C12096,57.7,22,2,2
C12097,52.1,18,3,3
C12098,9.2,0,7,7
C12099,61.5,17,3,1
C12100,31.5,14,3,1
C12101,21.0,8,4,2
C12102,32.2,11,4,2
C12103,0.0,2,7,5
C12104,29.8,7,4,3
C12105,24.2,9,3,2
C12106,56.5,18,2,0
C12107,16.0,0,4,2
C12108,57.3,20,3,2
C12109,16.8,7,4,3
C12110,9.3,0,4,2
C12111,51.4,22,3,1
C12112,51.3,19,3,3
C12113,66.4,27,1,0
C12114,57.8,18,3,3
C12115,24.0,12,4,3
C12116,48.4,15,2,0
C12117,71.5,26,1,1
C12118,57.7,21,1,0
C12119,23.6,11,5,3
C12120,31.3,15,4,2
C12121,58.6,20,1,1
C12122,16.3,4,4,4
C12123,61.7,21,3,2
C12124,10.4,10,5,5
C12125,72.2,23,2,0
C12126,33.6,10,3,1
C12127,41.1,13,3,2
C12128,28.2,16,4,3
C12129,49.9,21,2,2
C12130,64.6,18,3,1
C12131,32.5,14,3,1
C12132,57.7,22,1,1
C12133,47.1,18,3,3
C12134,59.1,23,1,1
C12135,31.3,14,5,3
C12136,35.2,13,4,3
C12137,52.5,24,2,1
C12138,58.4,18,3,1
C12139,65.8,24,2,2
C12140,28.2,16,3,2
C12141,36.7,16,4,2
C12142,44.6,18,5,5
C12143,42.3,8,3,2
C12144,43.3,11,4,3
C12145,59.7,18,2,2
C12146,40.2,16,4,4
C12147,25.9,8,5,3
C12148,45.7,13,3,2
C12149,25.6,7,4,3
C12150,48.7,19,2,0
C12151,32.4,13,3,3
C12152,50.4,21,2,0
C12153,24.8,8,4,3
C12154,31.5,20,5,4
C12155,50.9,16,2,0
C12156,42.0,12,2,1
C12157,41.2,23,2,1
C12158,73.3,28,1,0
C12159,11.8,3,5,5
C12160,17.0,7,4,2
C12161,43.2,14,2,1
C12162,52.8,17,2,2
C12163,30.8,9,3,2
C12164,38.6,18,4,2
C12165,34.1,12,3,1
C12166,56.7,19,1,1
C12167,48.4,18,2,1
C12168,34.8,10,2,2
C12169,53.6,21,2,2
C12170,36.6,15,4,2
C12171,13.2,4,5,4
C12172,62.4,26,1,1
C12173,43.2,16,4,2
C12174,26.4,10,3,2
C12175,46.1,20,3,2
C12176,44.1,17,3,3
C12177,19.6,11,3,3
C12178,42.5,16,2,1
C12179,28.2,11,3,2
C12180,55.3,19,3,3
C12181,49.5,20,2,1
C12182,16.0,10,5,4
C12183,59.9,19,3,3
C12184,45.8,18,3,2
C12185,42.3,19,2,0
C12186,68.3,25,1,0
C12187,67.1,25,1,0
C12188,34.8,12,3,1
C12189,77.2,29,2,2
C12190,28.0,7,4,4
C12191,29.8,13,3,1
C12192,8.4,5,5,4
C12193,32.7,10,4,2
C12194,60.7,19,2,1
C12195,24.9,7,3,1
C12196,14.8,4,6,5
C12197,0.5,4,6,5
C12198,33.2,6,3,3
C12199,29.5,9,3,2
C12200,13.5,9,4,4
C12201,54.8,31,3,3
C12202,36.2,13,4,2
C12203,50.7,19,3,2
C12204,52.3,24,1,0
C12205,50.2,18,2,1
C12206,40.0,20,2,2
C12207,58.4,24,3,1
C12208,23.0,13,4,3
C12209,39.1,13,3,1
C12210,45.7,18,2,0
C12211,21.2,13,5,3
C12212,54.1,19,2,2
C12213,40.3,15,3,3
C12214,34.0,14,5,5
C12215,55.4,21,2,2
C12216,69.3,24,1,0
C12217,45.3,20,3,1
C12218,26.9,7,3,1
C12219,14.1,10,3,3
C12220,14.1,5,5,5
C12221,51.5,25,2,2
C12222,57.3,20,3,3
C12223,4.3,0,6,4
C12224,63.1,23,2,1
C12225,32.3,13,3,2
C12226,67.8,27,0,0
C12227,10.5,0,6,4
C12228,10.1,0,5,5
C12229,86.1,32,0,0
C12230,16.3,6,4,2
C12231,38.0,15,4,3
C12232,49.5,18,5,5
C12233,40.4,16,3,2
C12234,16.1,4,5,5
C12235,8.2,12,4,3
C12236,67.3,19,1,0
C12237,41.9,18,3,1
C12238,40.3,14,3,2
C12239,16.8,5,5,3
C12240,44.5,18,2,1
C12241,29.3,13,5,3
C12242,30.3,15,4,3
C12243,26.6,18,3,2
C12244,54.8,18,2,2
C12245,48.8,17,3,2
C12246,21.0,7,4,4
C12247,65.3,30,3,1
C12248,61.6,28,1,1
C12249,41.0,14,3,1
C12250,68.4,23,1,0
C12251,75.6,26,0,0
C12252,31.5,12,3,1
C12253,33.6,9,3,3
C12254,51.2,14,3,2
C12255,52.2,17,2,2
C12256,45.4,14,3,1
C12257,33.1,9,3,3
C12258,36.8,10,2,1
C12259,22.8,19,3,2
C12260,12.9,9,5,4
C12261,29.7,7,4,4
C12262,21.5,14,4,4
C12263,33.8,13,3,3
C12264,41.1,9,5,5
C12265,54.0,21,2,0
C12266,40.5,21,3,1
C12267,66.8,23,1,0
C12268,1.3,5,4,3
C12269,6.1,8,4,2
C12270,35.7,16,3,3
C12271,38.0,9,5,3
C12272,19.7,0,6,6
C12273,46.7,14,2,2
C12274,81.8,24,0,0
C12275,18.9,8,5,3
C12276,13.8,8,3,1
C12277,27.7,14,4,4
C12278,52.5,23,3,1
C12279,46.6,11,2,0
C12280,14.6,9,5,4
C12281,26.1,10,4,3
C12282,46.8,16,4,3
C12283,46.9,21,2,2
C12284,14.9,10,4,4
C12285,32.8,12,3,2
C12286,52.1,22,2,2
C12287,59.7,17,1,0
C12288,20.4,6,4,4
C12289,34.7,11,3,3
C12290,33.0,17,3,1
C12291,70.3,19,1,0
C12292,71.6,29,1,1
C12293,42.8,21,3,1
C12294,18.4,5,4,4
C12295,59.4,23,3,1
C12296,58.8,28,1,1
C12297,32.4,15,4,2
C12298,57.3,15,1,1
C12299,67.3,21,2,0
C12300,35.1,14,6,5
C12301,14.2,10,4,3
C12302,31.3,18,3,1
C12303,14.1,6,4,2
C12304,32.2,13,4,3
C12305,44.4,16,2,0
C12306,52.2,17,2,1
C12307,49.1,20,3,1
C12308,39.1,12,3,2
C12309,61.6,24,1,1
C12310,46.3,20,3,2
C12311,78.4,28,1,0
C12312,21.2,13,4,4
C12313,55.0,23,3,1
C12314,18.6,15,3,1
C12315,35.6,14,3,3
C12316,16.9,3,4,3
C12317,35.9,12,3,3
C12318,44.8,12,3,2
C12319,20.7,3,5,5
C12320,18.9,4,4,3
C12321,74.4,22,1,0
C12322,53.5,21,2,0
C12323,29.3,16,5,3
C12324,25.5,8,7,7
C12325,0.0,1,5,5
C12326,53.3,18,2,2
C12327,52.4,20,3,1
C12328,17.3,3,4,3
C12329,75.7,27,0,0
C12330,3.4,5,4,4
C12331,34.2,12,4,3
C12332,22.8,9,4,4
C12333,51.4,22,2,0
C12334,46.5,16,4,4
C12335,29.9,11,4,4
C12336,48.0,20,3,2
C12337,34.0,16,3,3
C12338,68.3,28,1,0
C12339,47.7,14,2,0
C12340,24.2,9,4,3
C12341,31.1,13,3,1
C12342,55.1,26,1,0
C12343,24.7,8,3,3
C12344,62.9,19,3,1
C12345,39.0,17,3,3
C12346,21.4,5,4,4
C12347,22.6,9,4,3
C12348,42.0,12,2,1
C12349,35.1,8,3,3
C12350,42.4,17,3,3
C12351,14.1,3,4,4
C12352,71.0,28,1,1
C12353,40.3,10,2,1
C12354,27.4,11,3,2
C12355,41.3,12,3,1
C12356,10.3,4,4,2
C12357,36.4,17,3,1
C12358,30.7,11,5,3
C12359,5.1,3,5,5
C12360,21.5,7,3,1
C12361,22.2,10,4,3
C12362,0.3,0,5,3
C12363,27.8,4,5,3
C12364,13.0,8,5,3
C12365,42.0,9,3,3
C12366,72.4,27,1,0
C12367,29.3,10,5,4
C12368,33.8,12,4,4
C12369,47.7,24,2,1
C12370,52.5,25,3,2
C12371,32.3,10,5,3
C12372,42.7,13,2,0
C12373,20.0,7,3,1
C12374,61.4,16,1,0
C12375,13.9,6,5,4
C12376,42.4,13,3,1
C12377,72.4,24,1,1
C12378,28.5,10,4,4
C12379,59.2,26,4,4
C12380,62.5,18,3,1
C12381,42.0,17,3,2
C12382,33.1,9,3,2
C12383,71.8,26,0,0
C12384,18.9,4,4,2
C12385,48.6,7,2,0
C12386,24.8,10,3,1
C12387,52.3,21,1,0
C12388,47.9,16,2,1
C12389,48.0,18,4,4
C12390,9.2,6,6,5
C12391,28.3,6,4,2
C12392,53.4,25,2,0
C12393,22.9,12,7,7
C12394,59.7,26,1,0
C12395,27.4,12,3,3
C12396,16.3,4,4,2
C12397,18.9,2,5,4
C12398,36.3,17,3,3
C12399,40.8,14,3,1
C12400,37.6,13,3,3
C12401,54.9,19,2,1
C12402,64.7,20,2,2
C12403,54.0,20,1,0
C12404,46.9,16,4,4
C12405,21.5,6,5,4
C12406,62.6,23,1,0
C12407,69.3,29,0,0
C12408,21.0,3,4,3
C12409,32.5,18,3,2
C12410,56.8,14,2,2
C12411,75.0,28,1,0
C12412,41.2,20,3,1
C12413,62.1,25,1,1
C12414,31.4,21,3,1
C12415,22.4,8,6,5
C12416,31.4,11,4,3
C12417,16.6,1,4,4
C12418,14.1,15,5,3
C12419,46.0,14,3,1
C12420,50.0,16,3,2
C12421,33.9,14,4,2
C12422,41.1,19,3,1
C12423,28.1,16,4,2
C12424,45.4,22,2,2
C12425,38.9,11,3,3
C12426,49.5,15,2,0
C12427,28.9,13,3,3
C12428,25.1,10,3,1
C12429,35.2,14,3,3
C12430,22.0,8,3,2
C12431,47.8,14,2,2
C12432,14.7,4,4,4
C12433,43.1,23,2,0
C12434,28.5,9,4,2
C12435,63.3,23,1,1
C12436,21.4,8,3,3
C12437,69.7,27,1,1
C12438,23.7,12,3,2
C12439,63.5,23,2,0
C12440,53.0,20,2,0
C12441,37.2,11,5,3
C12442,23.2,8,5,3
C12443,29.3,16,3,2
C12444,52.6,19,3,2
C12445,63.6,21,2,2
C12446,27.4,16,2,2
C12447,33.2,13,3,1
C12448,32.6,11,3,1
C12449,53.8,18,2,0
C12450,72.4,30,0,0
C12451,36.7,11,3,2
C12452,28.0,13,3,1
C12453,33.6,20,2,2
C12454,52.4,22,2,0
C12455,13.8,1,4,4
C12456,2.9,7,6,4
C12457,25.0,17,4,2
C12458,23.3,10,4,3
C12459,9.4,6,5,3
C12460,8.8,4,4,2
C12461,56.1,15,2,1
C12462,14.8,6,3,2
C12463,51.9,19,2,0
C12464,38.3,13,5,5
C12465,22.0,10,4,3
C12466,51.5,19,2,2
C12467,56.4,25,1,0
C12468,48.8,22,2,2
C12469,38.1,17,2,2
C12470,46.4,12,2,2
C12471,5.5,5,4,2
C12472,57.9,25,3,2
C12473,40.2,10,4,4
C12474,50.7,25,5,5
C12475,43.2,14,2,0
C12476,41.2,24,2,0
C12477,46.7,16,3,1
C12478,49.8,15,2,1
C12479,12.5,0,5,5
C12480,16.1,4,4,4
C12481,40.2,15,2,0
C12482,76.0,29,1,0
C12483,34.4,18,2,2
C12484,24.3,15,4,2
C12485,45.0,21,2,0
C12486,80.8,29,0,0
C12487,37.1,13,5,3
C12488,44.3,20,3,1
C12489,47.7,14,2,0
C12490,53.2,24,2,0
C12491,37.1,12,4,3
C12492,24.5,8,4,4
C12493,41.6,16,2,2
C12494,33.3,12,3,2
C12495,43.3,17,2,1
C12496,45.3,17,2,1
C12497,44.4,15,2,1
C12498,67.8,25,1,1
C12499,37.0,8,5,4
C12500,0.0,2,5,4
C12501,51.4,19,3,1
C12502,58.8,17,3,1
C12503,15.1,11,3,2
C12504,25.9,11,4,3
C12505,64.7,14,1,0
C12506,12.6,5,7,7
C12507,52.7,16,2,0
C12508,22.8,3,5,4
C12509,20.4,9,5,4
C12510,66.4,25,1,0
C12511,58.9,21,2,2
C12512,51.6,21,1,1
C12513,36.4,13,3,3
C12514,20.1,5,4,4
C12515,30.6,15,5,5
C12516,68.0,27,3,3
C12517,20.0,7,4,4
C12518,53.8,23,2,0
C12519,19.0,3,6,6
C12520,29.2,11,3,2
C12521,19.0,8,5,4
C12522,31.5,14,3,3
C12523,31.3,14,5,3
C12524,45.0,17,3,1
C12525,16.1,4,6,5
C12526,61.0,23,1,0
C12527,51.0,23,1,0
C12528,59.0,23,1,0
C12529,64.4,27,2,2
C12530,25.6,11,4,4
C12531,19.9,0,4,3
C12532,51.8,24,2,0
C12533,52.9,21,2,2
C12534,38.1,10,4,4
C12535,19.5,8,6,5
C12536,40.7,10,3,2
C12537,65.0,22,1,0
C12538,48.9,18,2,2
C12539,41.0,17,3,1
C12540,63.2,24,2,0
C12541,35.0,17,2,1
C12542,25.3,7,5,5
C12543,31.3,10,3,3
C12544,0.0,5,5,5
C12545,19.9,10,4,4
C12546,19.8,10,4,2
C12547,24.3,11,4,4
C12548,41.1,12,3,3
C12549,38.9,16,3,3
C12550,76.2,26,1,1
C12551,42.6,13,4,4
C12552,65.5,21,2,1
C12553,58.9,29,1,0
C12554,42.3,21,2,1
C12555,27.5,13,3,2
C12556,49.5,19,4,2
C12557,11.3,3,5,4
C12558,43.8,12,2,0
C12559,19.9,7,5,4
C12560,26.7,11,3,3
C12561,6.1,4,7,7
C12562,51.3,29,1,1
C12563,58.9,24,1,0
C12564,19.0,5,4,4
C12565,2.0,3,5,3
C12566,58.3,24,2,1
C12567,41.4,11,2,2
C12568,19.6,7,5,5
C12569,34.4,17,3,2
C12570,74.0,26,2,2
C12571,28.2,15,3,2
C12572,23.0,15,3,1
C12573,27.7,8,3,2
C12574,67.8,25,3,1
C12575,74.3,28,3,2
C12576,55.3,21,3,1
C12577,53.6,21,2,2
C12578,60.7,21,1,0
C12579,17.4,4,5,3
C12580,43.1,24,3,3
C12581,29.5,15,3,1
C12582,17.2,4,4,2
C12583,31.7,11,4,3
C12584,68.2,27,1,1
C12585,50.2,18,2,2
C12586,68.4,24,3,3
C12587,43.4,15,3,3
C12588,55.8,24,3,3
C12589,58.5,30,1,1
C12590,46.6,17,3,2
C12591,62.4,25,1,0
C12592,34.7,11,5,4
C12593,5.9,4,4,4
C12594,38.1,8,4,3
C12595,49.1,20,2,1
C12596,11.9,4,4,3
C12597,56.5,22,1,1
C12598,64.7,26,1,0
C12599,18.9,11,4,4
C12600,41.4,18,3,1
C12601,75.3,30,0,0
C12602,37.9,13,2,1
C12603,34.2,17,3,1
C12604,53.6,20,2,1
C12605,48.9,20,1,0
C12606,17.4,8,5,4
C12607,66.9,21,2,1
C12608,11.6,8,4,2
C12609,72.9,26,1,0
C12610,76.7,34,0,0
C12611,66.8,26,2,1
C12612,44.8,18,3,1
C12613,18.1,14,4,2
C12614,67.8,26,1,1
C12615,30.4,13,3,1
C12616,29.3,12,3,1
C12617,23.3,8,4,4
C12618,13.9,4,4,4
C12619,53.8,20,1,0
C12620,41.0,19,3,3
C12621,50.9,15,3,1
C12622,17.4,9,4,2
C12623,35.9,16,3,1
C12624,17.8,10,4,2
C12625,76.0,33,0,0
C12626,33.5,11,3,1
C12627,29.1,17,3,3
C12628,40.1,16,2,0
C12629,59.7,26,2,0
C12630,51.0,15,4,4
C12631,12.3,6,5,3
C12632,25.6,9,4,4
C12633,6.1,0,5,5
C12634,45.2,19,2,0
C12635,16.7,1,4,4
C12636,22.2,8,3,2
C12637,31.0,12,3,3
C12638,40.5,15,3,1
C12639,51.6,18,4,2
C12640,64.9,22,1,1
C12641,22.3,12,3,3
C12642,31.0,11,3,1
C12643,6.0,0,5,4
C12644,47.9,14,2,1
C12645,52.9,19,2,2
C12646,73.3,23,0,0
C12647,27.1,7,4,3
C12648,13.3,6,5,3
C12649,20.9,11,4,4
C12650,12.0,10,4,3
C12651,52.3,17,1,1
C12652,14.5,0,4,3
C12653,35.1,12,3,3
C12654,46.0,23,3,1
C12655,14.2,7,6,6
C12656,14.4,2,4,4
C12657,31.5,12,3,2
C12658,47.1,22,2,1
C12659,17.4,7,4,3
C12660,23.7,5,4,2
C12661,72.9,21,1,0
C12662,23.7,7,3,2
C12663,43.2,14,2,0
C12664,19.9,4,4,2
C12665,42.5,7,3,1
C12666,70.3,29,1,1
C12667,56.0,19,2,2
C12668,69.0,26,1,1
C12669,52.6,18,2,1
C12670,0.0,1,6,6
C12671,8.9,7,4,4
C12672,8.1,6,5,5
C12673,22.5,12,3,2
C12674,65.9,20,2,1
C12675,47.7,21,3,2
C12676,41.2,14,2,1
C12677,18.4,6,4,3
C12678,38.6,8,5,4
C12679,50.5,19,2,2
C12680,26.2,9,4,2
C12681,52.4,14,2,0
C12682,63.1,23,1,0
C12683,32.7,19,3,3
C12684,28.1,13,3,3
C12685,40.8,21,2,2
C12686,71.8,22,1,1
C12687,33.2,11,4,2
C12688,25.3,8,5,3
C12689,57.2,19,3,3
C12690,70.8,31,0,0
C12691,25.6,18,4,4
C12692,21.9,7,5,5
C12693,66.4,24,1,0
C12694,48.7,21,3,3
C12695,26.0,14,4,3
C12696,37.3,6,3,2
C12697,36.6,16,3,1
C12698,11.2,9,5,3
C12699,53.0,20,2,2
C12700,73.8,29,1,0
C12701,41.9,17,3,2
C12702,34.3,14,2,0
C12703,20.5,13,5,4
C12704,65.2,19,3,1
C12705,15.0,11,4,2
C12706,51.9,17,2,1
C12707,56.4,20,3,1
C12708,46.6,19,3,1
C12709,47.1,19,3,1
C12710,57.8,14,3,2
C12711,33.7,15,3,1
C12712,72.1,31,2,0
C12713,37.8,14,3,2
C12714,36.2,14,3,2
C12715,42.7,19,2,0
C12716,35.8,14,4,2
C12717,40.3,19,3,1
C12718,27.7,9,4,2
C12719,42.5,16,3,1
C12720,35.7,15,3,1
C12721,15.1,9,5,4
C12722,27.7,4,4,3
C12723,20.1,15,3,1
C12724,23.8,11,4,2
C12725,42.4,25,3,3
C12726,54.1,14,2,1
C12727,58.1,15,4,4
C12728,70.4,26,2,2
C12729,38.4,11,3,2
C12730,27.8,5,4,3
C12731,57.5,25,2,0
C12732,49.5,25,3,1
C12733,28.9,15,4,2
C12734,17.9,6,4,3
C12735,60.2,20,2,1
C12736,12.6,6,5,3
C12737,16.4,5,4,2
C12738,40.7,16,2,0
C12739,69.6,29,0,0
C12740,54.3,17,3,1
C12741,22.6,11,4,2
C12742,33.4,13,3,3
C12743,44.4,19,2,1
C12744,56.0,20,2,2
C12745,61.0,20,1,0
C12746,68.5,22,2,2
C12747,58.3,17,2,0
C12748,31.2,12,4,4
C12749,51.7,25,1,0
C12750,52.5,22,3,3
C12751,39.9,21,2,1
C12752,51.0,25,2,2
C12753,80.7,23,1,0
C12754,66.0,19,1,0
C12755,47.8,18,2,1
C12756,26.4,13,3,3
C12757,67.8,25,3,1
C12758,54.1,17,2,0
C12759,43.9,10,3,3
C12760,67.7,21,2,1
C12761,56.1,23,2,0
C12762,12.5,8,5,3
C12763,39.7,13,4,3
C12764,34.0,13,3,1
C12765,45.0,13,3,1
C12766,37.6,16,5,5
C12767,53.2,21,3,1
C12768,47.7,11,3,1
C12769,22.7,4,4,2
C12770,53.6,22,4,2
C12771,17.3,7,4,4
C12772,41.2,18,3,1
C12773,44.8,18,2,2
C12774,32.4,13,4,2
C12775,69.5,23,1,0
C12776,48.5,20,2,2
C12777,7.2,5,4,2
C12778,65.6,22,1,0
C12779,64.2,22,1,0
C12780,54.8,21,2,0
C12781,48.7,15,3,2
C12782,60.0,21,1,1
C12783,28.3,7,4,2
C12784,16.8,7,4,3
C12785,21.6,5,4,2
C12786,43.5,21,3,2
C12787,58.6,27,1,0
C12788,16.1,3,4,2
C12789,13.1,6,4,2
C12790,40.3,12,3,3
C12791,40.1,16,2,0
C12792,69.7,27,0,0
C12793,26.3,8,4,2
C12794,33.2,15,4,2
C12795,18.9,10,3,2
C12796,47.3,15,2,2
C12797,30.2,17,3,1
C12798,29.9,10,4,4
C12799,42.6,21,2,1
C12800,24.9,10,4,4
C12801,52.9,16,2,2
C12802,63.3,18,4,3
C12803,9.2,4,5,4
C12804,55.2,23,2,0
C12805,41.6,16,2,0
C12806,17.7,5,4,3
C12807,50.3,27,1,0
C12808,65.0,26,1,0
C12809,29.3,14,4,3
C12810,37.9,13,3,1
C12811,45.7,17,2,1
C12812,64.0,26,0,0
C12813,78.5,25,1,1
C12814,71.9,22,1,1
C12815,57.9,22,1,0
C12816,51.5,20,4,4
C12817,56.2,23,1,0
C12818,49.3,12,2,0
C12819,7.4,1,5,3
C12820,33.2,10,3,2
C12821,28.3,14,3,1
C12822,25.9,4,4,2
C12823,11.2,4,4,4
C12824,13.6,6,5,4
C12825,44.2,19,3,2
C12826,37.2,10,4,2
C12827,35.0,16,3,2
C12828,32.1,7,5,4
C12829,53.6,17,2,2
C12830,63.3,22,1,0
C12831,40.2,12,3,2
C12832,30.3,11,3,1
C12833,41.2,16,3,3
C12834,39.8,14,4,2
C12835,46.1,16,3,1
C12836,41.3,15,2,2
C12837,27.7,10,4,4
C12838,58.7,26,1,1
C12839,30.7,17,4,3
C12840,48.1,20,2,0
C12841,23.2,6,4,2
C12842,39.5,16,2,2
C12843,48.4,21,3,3
C12844,23.8,5,4,4
C12845,29.8,15,3,1
C12846,26.1,11,5,4
C12847,36.1,18,3,1
C12848,70.7,29,2,2
C12849,23.4,3,4,3
C12850,45.6,26,2,1
C12851,62.2,22,1,0
C12852,46.8,14,3,2
C12853,40.2,18,3,3
C12854,46.5,22,3,1
C12855,9.8,2,5,5
C12856,48.5,20,3,3
C12857,24.7,4,4,4
C12858,5.4,0,5,3
C12859,21.3,3,5,3
C12860,72.2,31,1,1
C12861,26.3,13,3,2
C12862,76.8,29,0,0
C12863,44.2,17,3,2
C12864,28.2,14,3,3
C12865,43.6,21,2,2
C12866,74.8,16,3,1
C12867,37.3,10,4,3
C12868,56.6,21,2,1
C12869,69.2,28,2,0
C12870,7.1,3,4,4
C12871,31.2,20,2,0
C12872,49.9,15,3,2
C12873,40.3,17,3,1
C12874,49.6,19,3,2
C12875,25.6,9,4,2
C12876,7.2,5,5,4
C12877,54.7,22,1,0
C12878,15.6,4,5,4
C12879,16.8,5,4,3
C12880,51.9,13,2,2
C12881,26.5,5,5,5
C12882,20.7,10,4,3
C12883,48.3,18,2,1
C12884,45.1,14,2,0
C12885,56.9,25,1,1
C12886,34.6,18,3,3
C12887,49.7,21,2,0
C12888,44.0,25,1,0
C12889,33.2,16,3,3
C12890,47.0,20,3,3
C12891,38.3,11,4,4
C12892,49.1,17,2,2
C12893,32.8,15,5,3
C12894,59.5,22,2,2
C12895,28.1,7,4,3
C12896,17.1,4,5,4
C12897,60.4,27,1,0
C12898,26.6,11,4,3
C12899,39.7,15,3,2
C12900,64.8,27,1,0
C12901,80.0,31,0,0
C12902,36.0,12,3,2
C12903,23.9,10,5,4
C12904,74.1,28,2,0
C12905,17.1,8,5,4
C12906,39.1,10,2,2
C12907,43.7,18,3,3
C12908,66.8,28,1,0
C12909,65.3,21,2,0
C12910,22.9,11,4,4
C12911,24.7,16,3,3
C12912,72.5,22,1,0
C12913,16.1,5,4,4
C12914,13.1,7,5,5
C12915,31.9,8,3,1
C12916,64.8,21,1,0
C12917,16.3,8,4,4
C12918,55.0,20,3,2
C12919,49.5,16,3,2
C12920,51.9,26,2,0
C12921,54.0,22,3,2
C12922,29.0,13,5,4
C12923,25.3,10,4,2
C12924,39.1,17,4,4
C12925,21.4,9,4,4
C12926,48.1,17,2,2
C12927,26.0,15,3,3
C12928,7.0,2,5,4
C12929,32.2,16,4,2
C12930,30.1,5,6,6
C12931,20.4,5,4,4
C12932,48.8,15,2,0
C12933,14.1,10,5,4
C12934,76.6,24,0,0
C12935,40.5,10,6,5
C12936,16.3,9,4,3
C12937,67.3,29,0,0
C12938,21.5,11,3,3
C12939,48.3,16,2,1
C12940,75.4,26,0,0
C12941,46.2,19,2,2
C12942,35.7,10,3,2
C12943,3.4,1,5,4
C12944,25.5,9,4,3
C12945,39.1,15,4,3
C12946,72.5,23,1,1
C12947,51.8,17,2,0
C12948,25.0,10,5,3
C12949,28.8,10,4,2
C12950,55.1,17,2,1
C12951,76.7,27,1,1
C12952,20.8,14,5,4
C12953,33.1,16,3,1
C12954,24.8,13,4,3
C12955,24.2,9,3,3
C12956,60.4,28,1,0
C12957,71.1,22,1,1
C12958,53.3,18,2,2
C12959,35.1,18,3,1
C12960,66.8,22,2,0
C12961,28.0,14,4,2
C12962,5.4,0,5,3
C12963,69.6,27,1,0
C12964,23.9,5,4,2
C12965,23.3,4,5,5
C12966,16.1,5,5,4
C12967,34.8,19,3,1
C12968,18.7,6,5,5
C12969,34.6,13,3,1
C12970,43.9,11,3,1
C12971,39.5,13,3,3
C12972,47.9,19,2,1
C12973,40.0,18,2,0
C12974,61.6,20,2,1
C12975,54.2,26,1,0
C12976,37.2,12,3,2
C12977,33.0,10,4,2
C12978,23.0,10,6,4
C12979,52.3,19,4,3
C12980,66.2,24,2,2
C12981,53.5,18,3,1
C12982,32.1,13,4,4
C12983,67.1,25,1,0
C12984,17.4,8,5,3
C12985,26.4,10,3,3
C12986,35.0,12,3,2
C12987,46.5,12,2,2
C12988,22.3,9,6,4
C12989,21.8,12,5,3
C12990,33.7,9,3,1
C12991,34.6,17,3,3
C12992,45.7,12,2,2
C12993,25.6,8,5,5
C12994,23.5,15,3,3
C12995,41.7,13,3,2
C12996,63.7,19,1,1
C12997,0.0,2,5,3
C12998,7.2,6,5,4
C12999,33.6,11,3,3
C13000,28.6,16,3,1
C13001,41.5,10,4,2
C13002,47.4,19,3,3
C13003,59.5,16,2,1
C13004,9.1,11,5,4
C13005,23.4,11,3,2
C13006,49.9,17,2,1
C13007,9.9,1,5,5
C13008,11.4,2,7,5
C13009,27.1,15,3,2
C13010,13.8,10,4,2
C13011,21.6,14,3,1
C13012,29.8,7,3,1
C13013,26.7,16,3,2
C13014,76.0,28,0,0
C13015,39.1,18,3,2
C13016,9.9,6,4,3
C13017,26.7,8,4,2
C13018,47.8,18,2,0
C13019,14.4,0,5,3
C13020,52.7,23,2,1
C13021,64.9,22,3,3
C13022,8.3,9,4,3
C13023,37.2,11,4,2
C13024,16.9,1,4,4
C13025,40.2,14,2,0
C13026,23.5,7,4,2
C13027,18.5,4,7,6
C13028,71.8,27,1,0
C13029,41.4,11,3,2
C13030,18.5,7,4,2
C13031,0.0,0,5,4
C13032,35.2,16,3,3
C13033,68.7,21,1,0
C13034,45.8,11,3,1
C13035,44.4,9,3,3
C13036,62.1,23,2,2
C13037,0.0,0,5,4
C13038,55.5,23,3,1
C13039,24.3,12,3,1
C13040,26.1,17,3,3
C13041,47.7,18,2,2
C13042,49.0,26,1,1
C13043,29.9,16,3,2
C13044,49.5,23,3,1
C13045,76.2,27,1,1
C13046,39.2,14,3,2
C13047,14.6,5,4,4
C13048,24.1,9,5,3
C13049,55.4,16,1,0
C13050,20.1,2,4,3
C13051,19.2,7,4,4
C13052,33.7,10,3,1
C13053,21.7,10,4,3
C13054,39.4,13,3,1
C13055,16.8,5,4,2
C13056,52.1,23,2,2
C13057,58.9,23,3,1
C13058,21.4,6,3,3
C13059,50.8,14,3,3
C13060,41.6,21,2,0
C13061,44.5,21,2,1
C13062,10.0,2,4,4
C13063,81.9,25,0,0
C13064,50.3,15,3,2
C13065,50.3,18,1,0
C13066,52.5,17,2,1
C13067,59.8,16,2,2
C13068,50.8,18,2,1
C13069,3.3,3,5,4
C13070,15.9,3,4,2
C13071,49.4,17,2,1
C13072,47.4,17,2,0
C13073,50.7,18,2,0
C13074,42.8,20,3,1
C13075,50.1,16,3,3
C13076,54.9,27,1,0
C13077,51.9,16,3,3
C13078,16.1,5,5,3
C13079,56.4,19,3,1
C13080,9.9,4,4,2
C13081,8.4,4,5,5
C13082,14.8,4,4,4
C13083,31.5,8,4,3
C13084,58.9,25,3,3
C13085,50.3,20,2,0
C13086,42.5,12,4,2
C13087,13.6,3,4,3
C13088,46.6,16,2,0
C13089,13.7,9,4,3
C13090,60.2,15,2,1
C13091,43.6,17,2,2
C13092,46.4,21,2,2
C13093,80.0,26,0,0
C13094,65.0,25,2,2
C13095,42.4,14,3,2
C13096,37.4,12,4,4
C13097,55.0,18,3,1
C13098,17.8,7,4,4
C13099,32.6,10,4,3
C13100,37.7,13,3,3
C13101,14.7,7,5,3
C13102,17.2,10,4,4
C13103,41.9,14,3,1
C13104,26.2,7,3,2
C13105,25.6,10,4,4
C13106,43.4,16,2,1
C13107,45.7,20,2,0
C13108,30.1,17,3,1
C13109,41.7,13,3,1
C13110,19.5,4,4,4
C13111,47.6,17,3,3
C13112,18.7,5,7,6
C13113,20.1,3,4,4
C13114,55.7,20,2,2
C13115,59.2,26,1,0
C13116,46.3,16,2,1
C13117,70.6,22,1,0
C13118,60.7,27,1,1
C13119,37.0,11,3,3
C13120,17.9,5,4,4
C13121,72.5,24,2,2
C13122,31.3,13,3,1
C13123,12.2,3,4,2
C13124,28.6,9,3,2
C13125,21.8,12,6,6
C13126,9.4,2,4,4
C13127,61.6,19,3,2
C13128,56.1,20,1,0
C13129,23.2,14,3,3
C13130,41.5,15,3,2
C13131,45.5,20,2,0
C13132,43.5,20,2,1
C13133,55.9,21,1,1
C13134,15.9,9,4,2
C13135,51.5,18,3,2
C13136,9.1,2,5,3
C13137,47.3,17,3,3
C13138,43.5,9,3,1
C13139,34.2,8,3,2
C13140,43.4,20,2,0
C13141,22.6,11,7,5
C13142,8.2,3,5,4
C13143,55.6,14,3,2
C13144,59.4,18,2,0
C13145,30.6,15,4,3
C13146,15.4,0,5,4
C13147,9.7,0,4,4
C13148,41.0,12,3,2
C13149,59.5,20,2,2
C13150,13.9,2,4,4
C13151,47.2,19,2,1
C13152,24.7,6,5,5
C13153,48.9,17,2,1
C13154,18.4,1,4,2
C13155,36.8,14,3,3
C13156,73.0,28,1,1
C13157,53.4,22,3,3
C13158,60.0,26,1,1
C13159,49.4,19,2,2
C13160,17.4,12,4,3
C13161,6.3,2,5,3
C13162,36.0,16,3,3
C13163,52.5,20,2,1
C13164,4.7,2,5,3
C13165,54.3,22,1,0
C13166,39.1,12,3,2
C13167,35.4,9,4,2
C13168,61.1,22,1,0
C13169,60.6,21,2,0
C13170,42.2,12,4,3
C13171,12.4,3,5,5
C13172,35.0,13,3,3
C13173,41.8,15,3,1
C13174,25.9,12,5,5
C13175,61.3,24,3,1
C13176,37.4,16,3,1
C13177,28.0,9,4,2
C13178,25.5,5,3,3
C13179,68.5,25,1,0
C13180,49.6,20,3,1
C13181,38.6,9,4,2
C13182,49.9,18,2,2
C13183,41.8,16,2,0
C13184,31.6,14,4,2
C13185,45.3,19,5,5
C13186,45.9,19,2,0
C13187,39.9,15,2,2
C13188,14.6,13,4,2
C13189,32.2,16,3,2
C13190,41.9,11,3,3
C13191,47.8,15,2,0
C13192,43.6,18,3,2
C13193,54.2,22,2,0
C13194,15.4,1,4,2
C13195,38.4,19,3,2
C13196,67.8,22,2,1
C13197,50.6,22,2,0
C13198,51.7,22,3,1
C13199,31.7,14,3,3
C13200,42.3,19,3,2
C13201,47.9,14,2,0
C13202,61.6,26,1,1
C13203,73.3,29,0,0
C13204,54.9,24,3,1
C13205,19.9,13,4,3
C13206,38.0,10,3,2
C13207,46.3,14,2,1
C13208,33.2,12,3,1
C13209,48.5,22,2,1
C13210,33.0,12,3,3
C13211,21.4,8,4,2
C13212,36.0,16,3,3
C13213,27.3,11,3,1
C13214,66.7,25,4,4
C13215,25.3,17,3,2
C13216,41.6,17,2,0
C13217,58.5,22,1,0
C13218,14.0,3,5,4
C13219,49.4,24,2,1
C13220,58.0,26,2,1
C13221,54.0,21,3,1
C13222,29.2,16,3,2
C13223,22.6,11,3,2
C13224,16.0,8,4,2
C13225,39.9,14,4,2
C13226,12.1,10,4,3
C13227,37.1,18,3,3
C13228,2.8,7,6,5
C13229,33.6,7,3,2
C13230,45.8,12,2,2
C13231,17.5,6,4,3
C13232,42.0,15,3,1
C13233,51.4,23,2,1
C13234,39.2,6,3,3
C13235,7.8,1,7,6
C13236,8.3,6,6,6
C13237,51.7,23,3,1
C13238,38.3,16,3,2
C13239,14.9,12,4,2
C13240,64.0,24,2,0
C13241,78.4,28,0,0
C13242,55.3,24,1,0
C13243,10.1,7,5,3
C13244,32.8,16,5,5
C13245,6.3,3,4,2
C13246,14.5,6,4,3
C13247,66.5,30,1,0
C13248,40.5,17,2,1
C13249,30.7,11,3,1
C13250,33.5,10,3,1
C13251,68.9,23,2,2
C13252,10.4,3,4,4
C13253,80.4,26,5,3
C13254,77.2,27,1,0
C13255,38.5,18,2,0
C13256,46.8,20,3,1
C13257,38.2,17,4,4
C13258,9.1,12,4,4
C13259,49.3,17,2,1
C13260,30.9,14,3,2
C13261,48.7,11,3,1
C13262,55.7,11,2,0
C13263,17.3,6,4,3
C13264,43.0,17,2,0
C13265,29.1,8,3,1
C13266,10.2,0,6,4
C13267,29.6,9,4,2
C13268,28.6,8,4,2
C13269,43.6,14,2,1
C13270,61.5,20,2,0
C13271,20.8,9,5,4
C13272,23.5,11,3,3
C13273,57.8,23,1,1
C13274,34.9,13,5,3
C13275,28.1,8,3,2
C13276,11.7,1,4,2
C13277,12.2,3,4,3
C13278,2.5,7,7,6
C13279,25.4,9,3,1
C13280,60.8,28,1,0
C13281,65.9,26,1,0
C13282,25.1,11,4,2
C13283,29.9,14,3,2
C13284,67.5,28,2,2
C13285,63.8,21,1,0
C13286,33.5,20,3,3
C13287,23.8,15,3,1
C13288,5.2,2,5,4
C13289,7.7,6,4,3
C13290,60.4,26,1,1
C13291,24.6,12,3,3
C13292,55.9,16,4,2
C13293,56.8,23,2,1
C13294,38.4,16,2,1
C13295,21.1,10,5,5
C13296,6.0,0,4,2
C13297,14.7,4,5,4
C13298,26.9,11,4,4
C13299,33.0,14,4,4
C13300,38.3,11,4,2
C13301,31.8,9,6,4
C13302,41.6,15,3,2
C13303,31.9,17,3,1
C13304,64.1,28,1,1
C13305,56.3,19,2,1
C13306,30.1,9,3,3
C13307,42.6,20,3,1
C13308,55.7,25,1,0
C13309,66.1,25,2,0
C13310,45.4,22,4,4
C13311,78.6,32,1,0
C13312,48.1,15,2,1
C13313,41.9,16,3,3
C13314,51.8,21,2,0
C13315,59.7,19,3,3
C13316,6.0,7,7,5
C13317,39.9,19,3,3
C13318,35.0,14,4,2
C13319,24.5,14,5,5
C13320,40.9,16,2,0
C13321,56.6,17,2,2
C13322,53.5,14,2,0
C13323,71.1,20,0,0
C13324,22.5,10,4,4
C13325,35.9,20,3,1
C13326,48.9,15,2,2
C13327,51.9,19,1,1
C13328,33.1,18,3,2
C13329,9.9,6,5,4
C13330,52.5,18,1,0
C13331,73.9,26,2,0
C13332,55.9,24,4,2
C13333,32.8,15,3,3
C13334,12.6,8,4,3
C13335,64.6,28,2,0
C13336,43.1,14,3,3
C13337,3.5,4,5,5
C13338,39.5,13,2,2
C13339,8.6,4,5,5
C13340,42.2,13,3,2
C13341,0.5,3,5,3
C13342,18.0,3,5,4
C13343,20.7,8,4,3
C13344,15.6,1,4,4
C13345,42.9,13,3,1
C13346,49.5,21,2,2
C13347,29.7,12,3,2
C13348,45.4,17,3,1
C13349,62.2,23,1,1
C13350,5.1,5,4,3
C13351,11.8,8,6,4
C13352,32.9,5,4,3
C13353,48.9,16,2,1
C13354,56.3,25,1,0
C13355,20.9,9,3,3
C13356,31.7,12,3,3
C13357,49.8,20,2,0
C13358,61.0,21,1,0
C13359,54.7,22,3,2
C13360,50.8,13,2,0
C13361,27.2,7,4,3
C13362,31.0,8,4,4
C13363,27.8,8,3,2
C13364,31.1,15,4,2
C13365,17.6,7,4,3
C13366,36.9,17,4,3
C13367,62.7,27,2,1
C13368,23.4,6,6,4
C13369,70.8,24,1,0
C13370,69.2,27,2,2
C13371,63.3,22,1,1
C13372,65.5,28,2,2
C13373,78.7,33,1,0
C13374,61.2,19,1,0
C13375,16.4,6,4,4
C13376,59.3,26,1,0
C13377,18.6,7,6,4
C13378,43.4,14,2,2
C13379,38.4,14,3,1
C13380,18.2,6,4,3
C13381,35.9,9,3,1
C13382,37.0,20,4,4
C13383,65.0,26,1,0
C13384,10.7,0,4,4
C13385,8.1,4,4,4
C13386,40.9,16,2,0
C13387,64.4,20,2,2
C13388,26.4,10,4,3
C13389,56.3,21,2,0
C13390,73.5,29,1,0
C13391,26.4,9,5,4
C13392,45.1,15,2,1
C13393,27.5,4,4,2
C13394,18.3,4,4,3
C13395,60.6,29,1,1
C13396,28.8,11,3,3
C13397,52.4,23,2,2
C13398,4.9,8,4,3
C13399,66.8,27,1,1
C13400,15.1,7,6,4
C13401,65.6,25,2,1
C13402,57.4,29,2,1
C13403,50.7,24,2,2
C13404,17.2,7,5,4
C13405,28.9,11,4,4
C13406,47.3,14,2,0
C13407,68.5,25,1,0
C13408,22.1,6,5,3
C13409,51.0,21,2,0
C13410,47.4,25,2,2
C13411,8.9,5,6,4
C13412,52.1,12,3,2
C13413,35.2,9,3,3
C13414,53.3,20,1,0
C13415,41.5,5,5,3
C13416,74.7,24,1,0
C13417,29.5,17,3,1
C13418,33.9,16,3,2
C13419,76.9,24,1,1
C13420,37.5,9,3,2
C13421,25.0,7,4,2
C13422,32.6,6,3,3
C13423,36.5,13,3,3
C13424,14.9,0,6,4
C13425,40.0,17,2,2
C13426,30.1,14,3,3
C13427,28.7,16,4,3
C13428,47.2,15,2,2
C13429,8.4,3,6,6
C13430,20.9,9,5,3
C13431,56.8,21,3,2
C13432,48.6,21,2,2
C13433,25.1,9,3,3
C13434,70.7,32,0,0
C13435,13.3,7,5,3
C13436,55.4,17,2,0
C13437,46.8,21,3,2
C13438,35.5,11,3,1
C13439,27.3,10,4,2
C13440,24.3,10,3,2
C13441,64.4,25,2,0
C13442,0.0,6,5,4
C13443,21.9,11,4,4
C13444,40.5,12,3,1
C13445,41.8,20,2,2
C13446,13.3,5,4,2
C13447,29.4,15,4,3
C13448,46.2,19,2,0
C13449,3.9,2,7,6
C13450,27.6,8,3,1
C13451,32.3,7,5,5
C13452,45.0,19,2,1
C13453,53.7,19,4,3
C13454,41.9,21,2,2
C13455,44.3,12,2,0
C13456,42.9,22,2,2
C13457,31.5,10,3,1
C13458,6.2,4,4,2
C13459,24.7,5,4,2
C13460,44.5,17,2,2
C13461,33.8,10,4,2
C13462,34.0,18,3,1
C13463,39.3,18,3,1
C13464,59.0,25,1,0
C13465,69.8,24,1,1
C13466,45.5,17,2,0
C13467,9.6,6,5,3
C13468,68.2,17,2,0
C13469,63.1,25,3,1
C13470,18.8,12,6,4
C13471,29.1,7,3,2
C13472,81.5,30,0,0
C13473,24.5,17,3,1
C13474,28.0,10,4,3
C13475,40.5,21,2,1
C13476,33.3,18,4,3
C13477,42.3,18,2,1
C13478,58.8,25,2,0
C13479,10.7,3,4,2
C13480,13.2,9,5,5
C13481,42.7,14,3,2
C13482,5.0,2,5,3
C13483,58.2,21,3,3
C13484,74.9,23,1,0
C13485,44.5,15,3,1
C13486,4.3,2,5,4
C13487,13.4,6,6,4
C13488,63.1,25,2,0
C13489,12.7,9,4,2
C13490,73.1,27,1,0
C13491,45.1,11,3,1
C13492,34.2,17,5,4
C13493,58.1,16,3,3
C13494,18.4,8,5,4
C13495,42.4,19,2,0
C13496,7.0,2,6,4
C13497,60.8,18,1,1
C13498,21.8,10,4,4
C13499,2.2,0,6,6
C13500,53.6,20,2,1
C13501,55.5,29,2,2
C13502,32.5,10,4,3
C13503,14.7,3,4,4
C13504,22.4,13,3,2
C13505,20.3,11,4,3
C13506,15.7,0,4,4
C13507,22.0,8,5,4
C13508,41.4,23,4,3
C13509,50.3,23,3,3
C13510,14.9,9,4,3
C13511,20.7,9,4,2
C13512,14.8,4,4,3
C13513,61.0,25,2,0
C13514,47.7,7,2,1
C13515,11.2,7,4,3
C13516,10.0,5,6,4
C13517,50.9,17,2,0
C13518,28.3,10,3,3
C13519,38.6,15,4,2
C13520,58.0,21,2,0
C13521,7.4,7,5,5
C13522,53.3,17,2,0
C13523,65.7,21,2,1
C13524,25.7,14,4,4
C13525,50.6,17,3,2
C13526,0.0,0,5,4
C13527,36.4,11,3,1
C13528,11.9,4,5,3
C13529,53.9,17,3,3
C13530,64.6,20,1,0
C13531,35.1,11,4,2
C13532,70.2,26,1,0
C13533,67.2,28,1,0
C13534,36.9,13,2,0
C13535,40.2,18,2,2
C13536,47.5,12,2,1
C13537,66.6,27,3,1
C13538,37.6,9,4,4
C13539,53.7,21,1,0
C13540,12.0,5,4,3
C13541,20.7,10,4,3
C13542,50.6,21,1,0
C13543,58.5,23,2,2
C13544,77.0,23,1,0
C13545,48.3,10,3,3
C13546,57.0,21,2,2
C13547,54.2,20,1,0
C13548,42.1,14,3,1
C13549,60.6,20,2,2
C13550,14.2,0,4,2
C13551,76.4,24,1,0
C13552,54.4,22,1,0
C13553,56.1,16,2,2
C13554,69.4,20,2,0
C13555,42.5,21,4,2
C13556,50.1,22,2,2
C13557,42.2,15,3,3
C13558,2.6,0,5,5
C13559,53.5,18,2,0
C13560,16.9,14,6,6
C13561,13.8,8,5,3
C13562,13.4,4,5,5
C13563,62.8,19,4,2
C13564,50.2,19,2,0
C13565,65.6,32,2,2
C13566,52.1,17,2,0
C13567,45.6,17,2,2
C13568,42.6,11,3,1
C13569,60.1,17,2,0
C13570,33.5,16,3,3
C13571,28.4,5,3,3
C13572,53.1,26,2,2
C13573,7.9,6,4,3
C13574,3.7,3,4,2
C13575,56.4,21,2,2
C13576,25.5,15,3,1
C13577,37.3,13,4,2
C13578,48.1,24,2,2
C13579,61.2,27,2,0
C13580,17.6,10,5,5
C13581,43.3,20,4,4
C13582,54.4,21,2,1
C13583,22.6,6,4,4
C13584,17.4,10,5,5
C13585,31.0,10,3,1
C13586,18.4,3,4,3
C13587,36.4,13,4,3
C13588,31.9,11,4,4
C13589,69.3,28,2,2
C13590,42.3,18,3,1
C13591,59.1,15,2,1
C13592,49.1,18,3,1
C13593,23.9,13,5,3
C13594,16.6,10,3,3
C13595,69.8,23,1,1
C13596,53.1,21,2,0
C13597,18.7,4,4,2
C13598,44.7,17,2,1
C13599,34.4,14,3,3
C13600,51.7,21,2,1
C13601,23.5,5,4,4
C13602,50.2,19,2,1
C13603,39.3,12,2,1
C13604,53.7,19,1,0
C13605,68.1,25,2,1
C13606,68.6,28,2,0
C13607,19.3,14,3,3
C13608,25.2,10,3,3
C13609,26.0,11,3,1
C13610,6.8,14,5,3
C13611,60.4,24,2,1
C13612,23.1,8,5,3
C13613,53.0,20,1,0
C13614,54.5,17,2,0
C13615,37.8,19,3,2
C13616,60.5,25,2,0
C13617,22.3,7,4,3
C13618,43.7,13,3,3
C13619,56.1,22,3,2
C13620,15.5,4,4,2
C13621,14.8,1,4,2
C13622,64.2,23,2,2
C13623,25.9,10,3,3
C13624,21.8,5,4,2
C13625,15.2,6,6,4
C13626,64.3,20,2,0
C13627,43.7,9,3,2
C13628,16.1,1,5,3
C13629,14.2,7,4,4
C13630,12.5,10,4,4
C13631,23.2,10,4,3
C13632,55.8,22,2,1
C13633,81.0,26,1,0
C13634,44.9,13,2,2
C13635,43.9,17,2,1
C13636,60.9,19,2,2
C13637,46.0,17,2,0
C13638,59.0,17,1,0
C13639,46.7,14,2,2
C13640,27.2,14,3,1
C13641,33.0,15,4,2
C13642,55.0,22,1,1
C13643,5.5,5,4,4
C13644,42.1,18,3,2
C13645,58.0,27,2,2
C13646,22.0,10,4,2
C13647,11.9,5,4,3
C13648,72.1,27,0,0
C13649,42.2,19,2,1
C13650,30.0,8,4,4
C13651,15.6,3,5,3
C13652,27.2,13,3,3
C13653,67.5,28,1,0
C13654,38.8,11,5,3
C13655,43.8,16,2,0
C13656,36.7,17,3,3
C13657,32.1,11,4,4
C13658,61.1,20,1,1
C13659,51.2,17,2,0
C13660,26.2,13,4,3
C13661,17.0,3,4,3
C13662,28.3,12,4,2
C13663,55.1,23,2,0
C13664,53.5,21,2,0
C13665,54.3,25,1,0
C13666,41.6,15,3,1
C13667,54.4,19,1,0
C13668,81.7,25,1,0
C13669,49.0,16,3,2
C13670,33.2,17,2,2
C13671,66.2,25,2,0
C13672,39.8,18,3,2
C13673,41.6,11,3,1
C13674,13.3,6,3,3
C13675,48.8,16,3,1
C13676,28.2,14,4,3
C13677,39.5,13,4,4
C13678,43.5,9,4,3
C13679,30.9,5,4,3
C13680,72.2,30,1,1
C13681,33.8,11,3,3
C13682,41.7,14,3,1
C13683,42.7,17,3,2
C13684,15.7,7,6,5
C13685,47.5,15,2,1
C13686,38.3,13,3,1
C13687,0.0,6,4,3
C13688,61.6,19,1,0
C13689,36.1,10,3,3
C13690,54.8,22,3,2
C13691,33.6,11,3,1
C13692,25.5,9,4,2
C13693,73.3,24,1,1
C13694,44.5,19,4,4
C13695,71.5,23,1,0
C13696,26.2,9,3,1
C13697,40.3,12,2,0
C13698,37.9,21,3,1
C13699,25.6,13,5,4
C13700,22.7,10,6,6
C13701,25.0,10,3,2
C13702,40.8,19,2,0
C13703,39.6,3,3,2
C13704,47.1,17,3,1
C13705,22.0,21,3,2
C13706,36.2,15,3,1
C13707,51.0,26,2,2
C13708,41.0,16,2,2
C13709,30.1,12,4,3
C13710,26.0,10,4,4
C13711,56.7,20,4,3
C13712,50.1,22,3,3
C13713,33.6,4,3,1
C13714,41.9,16,2,1
C13715,38.8,17,3,2
C13716,23.8,11,3,3
C13717,36.2,13,4,4
C13718,15.8,7,5,3
C13719,58.1,22,1,0
C13720,28.4,13,4,2
C13721,45.5,17,3,1
C13722,18.4,6,5,5
C13723,67.5,24,3,1
C13724,69.5,25,2,2
C13725,43.7,10,4,2
C13726,29.6,18,4,2
C13727,9.4,4,4,2
C13728,29.1,7,4,2
C13729,23.4,14,6,5
C13730,57.0,21,2,1
C13731,55.3,21,2,2
C13732,26.5,13,4,4
C13733,37.7,11,3,2
C13734,37.3,11,3,3
C13735,18.2,6,5,3
C13736,0.0,0,6,5
C13737,47.4,21,3,2
C13738,56.6,22,1,0
C13739,58.2,24,2,2
C13740,16.9,5,4,3
C13741,55.8,19,2,0
C13742,60.8,22,3,1
C13743,41.8,16,2,1
C13744,54.0,25,2,1
C13745,29.1,4,4,4
C13746,65.5,26,1,0
C13747,2.1,4,4,3
C13748,15.6,8,5,3
C13749,43.3,13,2,1
C13750,70.0,28,3,3
C13751,25.4,10,3,2
C13752,55.5,18,2,1
C13753,42.2,10,4,3
C13754,24.3,9,3,1
C13755,45.7,19,2,1
C13756,29.0,13,4,2
C13757,49.0,23,2,0
C13758,46.5,16,3,1
C13759,26.7,9,3,3
C13760,59.2,20,1,0
C13761,64.7,23,2,2
C13762,42.8,13,3,3
C13763,22.2,6,4,3
C13764,43.5,17,4,2
C13765,53.2,20,1,0
C13766,13.3,11,6,4
C13767,28.7,6,4,2
C13768,61.4,19,2,0
C13769,45.2,24,2,1
C13770,37.4,9,5,3
C13771,40.6,14,3,2
C13772,10.6,5,4,3
C13773,59.2,26,2,1
C13774,26.2,9,3,3
C13775,42.3,15,2,0
C13776,41.0,17,2,0
C13777,68.6,22,1,0
C13778,19.5,7,6,4
C13779,29.6,6,4,2
C13780,33.0,9,3,2
C13781,32.2,12,5,5
C13782,60.1,23,1,0
C13783,78.8,30,0,0
C13784,36.1,16,3,3
C13785,26.2,21,2,1
C13786,8.7,2,4,3
C13787,21.7,8,4,4
C13788,11.8,6,7,6
C13789,79.7,32,1,0
C13790,50.3,25,1,1
C13791,63.5,22,2,0
C13792,31.7,13,3,3
C13793,13.0,10,5,5
C13794,42.6,16,2,1
C13795,50.1,16,3,1
C13796,61.4,13,1,1
C13797,38.8,17,2,0
C13798,20.5,2,4,4
C13799,45.0,15,2,1
C13800,57.7,16,3,3
C13801,83.4,23,1,0
C13802,41.8,17,3,3
C13803,17.7,5,4,2
C13804,27.3,13,3,3
C13805,28.7,12,3,3
C13806,23.4,16,3,1
C13807,13.0,5,7,7
C13808,62.1,22,1,0
C13809,53.4,23,2,0
C13810,35.3,13,3,2
C13811,62.3,26,1,1
C13812,46.1,17,4,2
C13813,39.6,16,3,2
C13814,45.0,15,3,2
C13815,64.8,24,1,0
C13816,49.8,22,2,1
C13817,10.9,3,6,4
C13818,40.6,17,2,2
C13819,34.0,15,4,4
C13820,34.5,18,6,5
C13821,38.0,15,3,2
C13822,39.4,13,3,1
C13823,24.8,10,3,3
C13824,16.0,5,4,3
C13825,54.3,23,3,3
C13826,54.6,22,3,2
C13827,35.7,11,3,1
C13828,30.0,14,3,3
C13829,1.2,0,4,2
C13830,48.4,20,2,0
C13831,68.4,30,1,0
C13832,31.6,7,4,3
C13833,45.6,18,3,1
C13834,50.6,22,2,0
C13835,30.7,9,3,3
C13836,56.3,20,1,1
C13837,3.0,1,5,5
C13838,40.5,19,3,3
C13839,37.3,16,3,3
C13840,38.9,19,4,4
C13841,8.6,6,4,3
C13842,65.7,26,1,0
C13843,47.3,18,3,2
C13844,39.2,12,3,1
C13845,30.3,11,3,3
C13846,17.7,6,5,5
C13847,64.0,30,1,0
C13848,17.0,10,4,4
C13849,47.6,14,2,1
C13850,31.0,7,3,2
C13851,39.4,15,3,2
C13852,45.3,18,2,1
C13853,23.4,4,4,4
C13854,75.1,31,2,1
C13855,29.9,13,3,3
C13856,76.0,26,0,0
C13857,17.8,8,6,5
C13858,49.7,28,2,0
C13859,45.2,17,4,3
C13860,53.8,23,2,0
C13861,25.1,13,4,4
C13862,55.4,24,3,1
C13863,54.8,17,2,1
C13864,37.9,21,2,2
C13865,78.4,30,0,0
C13866,55.6,14,2,2
C13867,50.5,19,2,0
C13868,69.5,22,1,1
C13869,17.8,9,5,3
C13870,13.7,11,4,3
C13871,32.2,17,3,1
C13872,32.3,8,3,2
C13873,28.8,9,3,1
C13874,49.5,19,3,2
C13875,31.4,11,4,2
C13876,21.6,8,5,5
C13877,69.9,24,0,0
C13878,47.8,24,2,2
C13879,46.0,16,3,3
C13880,25.1,9,5,5
C13881,65.4,28,3,2
C13882,31.8,12,4,3
C13883,52.9,17,2,2
C13884,45.4,16,2,1
C13885,17.3,3,4,2
C13886,69.3,23,1,0
C13887,18.4,5,5,5
C13888,31.6,10,4,3
C13889,30.0,9,3,3
C13890,19.8,1,6,5
C13891,50.8,20,1,0
C13892,22.4,8,4,3
C13893,46.7,20,3,3
C13894,28.7,7,4,4
C13895,59.2,21,1,1
C13896,14.9,7,4,3
C13897,63.3,26,1,0
C13898,3.8,2,5,5
C13899,53.1,17,2,0
C13900,15.4,8,5,3
C13901,34.0,12,4,2
C13902,21.5,6,5,3
C13903,56.7,26,3,3
C13904,46.4,16,3,2
C13905,46.1,15,3,2
C13906,54.9,18,1,0
C13907,33.1,7,4,3
C13908,38.7,11,3,2
C13909,12.6,7,5,4
C13910,45.1,18,2,0
C13911,17.8,12,4,4
C13912,37.3,10,3,1
C13913,46.4,12,2,1
C13914,66.3,25,1,0
C13915,35.1,10,3,2
C13916,48.1,17,2,1
C13917,24.6,10,4,4
C13918,29.0,6,4,2
C13919,26.0,8,4,2
C13920,38.9,18,4,2
C13921,63.1,24,3,3
C13922,75.7,26,0,0
C13923,34.3,10,4,2
C13924,61.3,22,3,3
C13925,63.6,14,1,0
C13926,24.9,11,3,1
C13927,19.9,9,5,5
C13928,20.3,8,4,2
C13929,59.5,22,1,0
C13930,31.9,12,3,2
C13931,61.7,24,1,1
C13932,57.4,24,1,0
C13933,29.7,10,3,3
C13934,63.5,24,1,0
C13935,37.2,7,4,3
C13936,40.0,14,3,3
C13937,22.7,9,5,5
C13938,50.5,11,2,1
C13939,79.3,27,2,2
C13940,63.7,26,2,2
C13941,29.4,14,3,2
C13942,71.4,23,1,0
C13943,67.4,25,1,0
C13944,17.2,2,6,5
C13945,32.6,18,4,2
C13946,26.2,4,5,3
C13947,41.4,18,2,2
C13948,63.4,29,1,0
C13949,35.7,9,3,1
C13950,39.0,10,3,2
C13951,0.4,4,4,3
C13952,38.6,21,3,1
C13953,44.1,10,2,0
C13954,32.4,20,5,5
C13955,55.4,26,1,0
C13956,64.4,22,1,0
C13957,25.3,10,5,5
C13958,40.2,15,4,4
C13959,58.4,19,3,1
C13960,57.8,23,2,0
C13961,60.7,27,1,0
C13962,22.8,6,5,5
C13963,14.1,8,5,5
C13964,55.0,19,3,3
C13965,43.0,16,3,1
C13966,25.0,6,3,2
C13967,12.5,1,4,4
C13968,64.9,27,1,0
C13969,8.3,7,4,4
C13970,30.9,10,3,2
C13971,74.7,22,2,1
C13972,25.4,10,4,3
C13973,54.8,27,1,1
C13974,31.1,12,4,2
C13975,55.0,17,3,1
C13976,51.4,21,2,2
C13977,14.4,3,5,5
C13978,41.5,17,4,2
C13979,20.8,13,4,4
C13980,20.9,5,4,4
C13981,64.6,24,1,0
C13982,50.5,17,2,0
C13983,26.9,8,3,3
C13984,81.8,27,1,1
C13985,12.7,7,6,4
C13986,53.5,20,2,0
C13987,54.4,23,1,0
C13988,25.2,2,5,3
C13989,68.4,22,1,0
C13990,28.2,15,3,3
C13991,41.7,12,2,0
C13992,61.4,28,1,0
C13993,71.2,23,2,2
C13994,59.1,22,3,2
C13995,6.1,7,6,6
C13996,18.8,12,4,2
C13997,74.5,27,2,0
C13998,57.4,25,1,0
C13999,75.8,28,1,1
C14000,24.6,10,4,4
C14001,56.5,23,2,0
C14002,6.7,9,4,4
C14003,23.5,6,3,3
C14004,40.3,14,2,1
C14005,31.6,17,3,1
C14006,50.3,16,4,2
C14007,6.1,8,4,2
C14008,50.0,21,2,1
C14009,12.8,8,5,3
C14010,61.8,23,3,1
C14011,41.5,16,4,3
C14012,15.0,6,4,4
C14013,36.5,10,4,3
C14014,65.5,26,1,1
C14015,14.5,6,4,2
C14016,35.2,18,3,2
C14017,35.6,12,4,2
C14018,61.8,26,2,1
C14019,36.0,12,3,2
C14020,66.8,18,3,2
C14021,72.5,29,1,1
C14022,66.6,24,1,0
C14023,17.6,9,5,3
C14024,38.0,17,2,0
C14025,28.2,14,3,3
C14026,70.8,22,1,0
C14027,13.6,8,6,5
C14028,48.4,22,2,2
C14029,37.8,17,3,1
C14030,67.6,20,1,0
C14031,38.6,12,3,3
C14032,64.2,21,1,0
C14033,42.7,16,2,2
C14034,68.7,21,1,0
C14035,27.6,14,3,3
C14036,34.6,13,3,1
C14037,64.6,24,1,0
C14038,80.0,24,1,0
C14039,32.5,15,2,1
C14040,44.0,20,2,1
C14041,72.9,26,1,1
C14042,17.0,11,5,3
C14043,66.3,25,2,1
C14044,51.4,20,2,1
C14045,32.5,16,3,3
C14046,51.7,21,2,1
C14047,26.9,19,3,3
C14048,58.6,22,3,1
C14049,61.5,21,1,0
C14050,46.8,14,3,1
C14051,44.8,20,2,0
C14052,24.8,12,4,4
C14053,45.2,17,2,1
C14054,42.4,17,3,2
C14055,28.7,11,3,1
C14056,23.3,7,4,3
C14057,42.8,12,3,3
C14058,52.5,22,2,1
C14059,18.1,9,5,4
C14060,27.1,14,3,2
C14061,69.6,25,2,2
C14062,22.8,4,3,1
C14063,51.7,25,2,0
C14064,63.2,27,1,0
C14065,34.2,14,3,1
C14066,59.4,16,2,2
C14067,53.8,19,2,0
C14068,39.6,14,5,3
C14069,48.0,18,3,2
C14070,31.3,8,4,3
C14071,29.8,6,3,2
C14072,21.6,9,3,2
C14073,50.3,21,2,1
C14074,50.7,15,1,0
C14075,14.9,9,5,3
C14076,27.1,13,3,2
C14077,59.8,32,1,0
C14078,8.7,4,7,6
C14079,47.5,19,2,2
C14080,54.0,22,2,0
C14081,10.0,11,4,3
C14082,40.3,14,3,3
C14083,40.3,15,3,2
C14084,55.9,20,3,2
C14085,41.0,14,4,3
C14086,58.6,25,1,0
C14087,70.6,18,1,0
C14088,54.7,22,2,1
C14089,35.7,8,3,3
C14090,47.6,15,2,1
C14091,44.0,16,2,2
C14092,15.4,6,5,5
C14093,58.0,11,3,1
C14094,20.4,7,3,1
C14095,57.6,24,1,0
C14096,0.0,0,5,3
C14097,34.6,18,2,2
C14098,42.8,16,3,2
C14099,46.0,17,2,2
C14100,46.3,13,3,2
C14101,24.0,5,5,3
C14102,59.8,25,1,0
C14103,17.7,10,5,4
C14104,64.3,18,1,1
C14105,11.5,1,5,4
C14106,31.7,9,3,2
C14107,18.2,3,4,2
C14108,58.3,15,2,0
C14109,46.2,15,2,2
C14110,31.9,17,3,2
C14111,71.3,28,1,1
C14112,66.9,26,1,1
C14113,42.6,19,3,2
C14114,61.4,18,2,0
C14115,62.8,19,1,0
C14116,29.5,16,4,2
C14117,51.9,17,4,4
C14118,34.7,9,3,2
C14119,29.5,7,3,2
C14120,33.0,16,3,2
C14121,44.6,20,3,2
C14122,36.7,4,3,1
C14123,32.1,13,3,2
C14124,32.3,16,3,2
C14125,5.2,0,8,7
C14126,67.4,23,1,0
C14127,36.5,18,2,1
C14128,23.8,16,5,5
C14129,50.5,18,2,1
C14130,77.4,29,0,0
C14131,53.5,19,2,0
C14132,53.0,19,2,0
C14133,33.5,19,4,2
C14134,48.2,21,2,0
C14135,84.9,30,0,0
C14136,25.0,7,3,2
C14137,69.8,21,2,1
C14138,76.6,27,0,0
C14139,31.4,20,3,2
C14140,54.2,17,2,0
C14141,27.0,12,4,4
C14142,31.6,10,3,2
C14143,35.3,16,3,3
C14144,57.2,28,1,0
C14145,9.2,2,7,6
C14146,39.1,19,2,1
C14147,64.7,26,1,0
C14148,52.2,27,1,0
C14149,51.9,14,3,3
C14150,63.9,21,1,0
C14151,16.4,6,4,2
C14152,55.9,28,3,3
C14153,10.6,1,4,2
C14154,59.3,20,1,0
C14155,32.3,18,4,2
C14156,22.9,6,4,2
C14157,44.7,12,3,3
C14158,43.2,17,3,3
C14159,0.0,1,6,6
C14160,20.7,5,4,2
C14161,46.2,19,3,3
C14162,17.9,3,4,3
C14163,66.2,26,3,3
C14164,21.1,10,3,3
C14165,17.2,1,4,3
C14166,46.7,19,3,2
C14167,19.5,4,4,2
C14168,22.3,13,4,3
C14169,14.0,3,4,4
C14170,38.0,15,3,3
C14171,33.2,14,4,2
C14172,1.8,5,5,3
C14173,70.0,27,2,1
C14174,44.7,14,3,3
C14175,48.4,16,3,2
C14176,23.9,4,4,4
C14177,60.5,22,1,1
C14178,45.1,16,5,5
C14179,41.3,24,2,1
C14180,9.7,6,5,4
C14181,78.4,30,1,0
C14182,27.6,6,4,2
C14183,51.1,18,2,0
C14184,69.1,26,3,2
C14185,70.5,23,1,1
C14186,57.3,22,2,2
C14187,44.2,12,2,1
C14188,43.6,12,2,0
C14189,24.2,9,4,4
C14190,40.4,21,3,1
C14191,42.1,14,4,4
C14192,17.1,11,4,2
C14193,53.1,25,1,0
C14194,20.7,7,4,3
C14195,53.6,22,2,0
C14196,20.2,6,4,4
C14197,37.4,15,6,6
C14198,60.5,19,3,3
C14199,37.4,14,3,1
C14200,78.5,27,0,0
C14201,37.9,13,3,1
C14202,34.4,11,3,2
C14203,72.8,28,1,1
C14204,57.4,16,2,2
C14205,55.6,15,3,2
C14206,56.7,22,2,1
C14207,32.9,16,3,3
C14208,58.4,25,2,1
C14209,9.1,11,4,3
C14210,39.1,21,3,2
C14211,35.1,9,4,2
C14212,26.1,14,3,1
C14213,13.9,8,5,3
C14214,34.6,9,4,4
C14215,47.2,21,2,2
C14216,28.0,2,4,3
C14217,50.3,17,5,4
C14218,54.2,20,3,2
C14219,62.0,27,2,1
C14220,52.1,21,3,1
C14221,20.9,10,4,2
C14222,63.4,17,2,0
C14223,44.6,15,2,1
C14224,43.3,15,3,2
C14225,44.3,16,3,2
C14226,22.7,8,3,2
C14227,26.8,15,3,3
C14228,47.7,25,2,1
C14229,46.1,15,4,2
C14230,31.4,13,3,1
C14231,26.8,10,3,1
C14232,10.5,1,4,4
C14233,31.7,18,2,2
C14234,42.3,18,3,1
C14235,25.6,13,3,1
C14236,45.2,15,2,1
C14237,15.9,10,5,5
C14238,13.3,3,4,3
C14239,43.8,13,2,2
C14240,78.4,23,2,2
C14241,26.2,12,4,3
C14242,43.8,16,6,4
C14243,36.9,15,3,1
C14244,30.0,18,3,2
C14245,60.6,18,1,0
C14246,21.0,16,4,3
C14247,7.1,0,4,4
C14248,44.0,19,3,1
C14249,16.8,1,4,4
C14250,23.0,10,4,4
C14251,21.2,2,4,3
C14252,14.3,4,4,4
C14253,8.2,6,4,2
C14254,51.1,16,3,1
C14255,11.1,0,5,5
C14256,32.3,13,3,3
C14257,51.8,15,3,3
C14258,42.3,19,2,1
C14259,43.8,20,2,1
C14260,13.0,1,5,3
C14261,34.3,20,3,3
C14262,73.5,34,0,0
C14263,39.4,12,3,1
C14264,59.2,24,1,0
C14265,25.7,6,4,2
C14266,52.1,15,2,1
C14267,32.9,11,3,1
C14268,52.0,16,3,1
C14269,34.2,12,4,4
C14270,63.4,17,3,3
C14271,40.2,16,4,2
C14272,44.9,21,3,2
C14273,36.0,10,4,2
C14274,62.3,16,2,2
C14275,57.3,23,2,0
C14276,28.6,16,3,3
C14277,57.3,22,2,2
C14278,53.1,20,3,2
C14279,27.9,14,5,4
C14280,44.8,18,2,0
C14281,57.5,23,3,3
C14282,62.8,21,1,0
C14283,40.1,12,3,2
C14284,0.0,0,5,5
C14285,57.7,25,1,1
C14286,59.3,21,2,0
C14287,36.9,14,3,3
C14288,37.1,16,3,3
C14289,56.9,25,3,2
C14290,10.9,0,6,5
C14291,9.0,1,7,5
C14292,60.7,19,2,0
C14293,62.4,30,1,0
C14294,26.5,13,6,4
C14295,13.7,5,6,6
C14296,71.0,25,2,2
C14297,48.3,19,1,0
C14298,22.2,7,6,6
C14299,11.7,0,4,4
C14300,18.6,19,4,3
C14301,13.9,6,4,3
C14302,34.1,13,3,1
C14303,14.1,1,6,4
C14304,20.3,0,4,3
C14305,19.2,6,4,3
C14306,55.3,22,2,1
C14307,52.7,18,3,3
C14308,27.9,10,5,3
C14309,23.3,8,3,2
C14310,54.9,17,2,2
C14311,39.5,14,3,1
C14312,30.2,7,3,2
C14313,49.6,14,3,1
C14314,63.0,21,1,0
C14315,55.8,23,2,1
C14316,23.9,4,5,5
C14317,35.2,19,2,2
C14318,60.4,16,2,1
C14319,27.5,11,4,4
C14320,72.7,28,0,0
C14321,53.4,21,2,2
C14322,24.0,5,4,4
C14323,43.0,19,3,1
C14324,39.5,11,3,1
C14325,12.8,7,5,3
C14326,25.2,13,5,3
C14327,33.3,9,5,4
C14328,12.2,8,4,2
C14329,50.7,18,3,3
C14330,71.7,28,1,0
C14331,44.9,18,4,3
C14332,35.9,16,4,3
C14333,58.1,22,1,0
C14334,54.3,26,1,0
C14335,11.9,8,4,2
C14336,29.5,9,4,3
C14337,37.5,12,3,2
C14338,42.9,19,3,1
C14339,43.6,10,2,1
C14340,59.2,20,2,1
C14341,16.6,3,4,3
C14342,53.9,27,2,1
C14343,56.0,27,2,1
C14344,52.2,23,3,1
C14345,50.6,20,3,1
C14346,59.8,21,1,0
C14347,10.0,0,4,4
C14348,69.0,28,1,0
C14349,20.8,4,4,2
C14350,58.8,22,2,0
C14351,57.5,24,1,1
C14352,57.4,24,1,0
C14353,31.0,13,3,2
C14354,33.6,15,3,2
C14355,39.0,18,3,3
C14356,39.8,12,2,0
C14357,48.4,24,2,1
C14358,23.2,10,3,1
C14359,68.1,23,2,2
C14360,10.9,13,4,2
C14361,23.1,10,5,3
C14362,66.2,20,1,0
C14363,42.0,12,4,4
C14364,48.8,16,2,0
C14365,28.6,15,4,3
C14366,23.4,9,4,3
C14367,61.2,19,2,0
C14368,51.7,19,2,0
C14369,32.2,14,3,1
C14370,39.5,21,3,2
C14371,46.9,15,3,1
C14372,33.7,16,4,2
C14373,54.3,24,3,3
C14374,64.6,25,2,1
C14375,39.0,15,4,4
C14376,27.5,8,4,2
C14377,24.4,15,4,2
C14378,49.4,18,2,0
C14379,18.3,9,4,2
C14380,36.5,19,3,2
C14381,29.8,10,4,3
C14382,36.9,11,3,2
C14383,72.2,20,2,0
C14384,17.5,4,4,2
C14385,68.0,24,3,3
C14386,12.2,9,4,3
C14387,15.1,14,4,4
C14388,31.1,16,3,3
C14389,42.9,11,2,2
C14390,30.7,13,3,2
C14391,46.2,18,3,2
C14392,36.8,15,2,2
C14393,34.8,13,2,2
C14394,61.6,28,1,0
C14395,21.1,9,3,1
C14396,43.7,10,4,3
C14397,68.6,25,1,0
C14398,54.7,18,1,0
C14399,15.9,7,4,4
C14400,41.1,14,4,4
C14401,36.8,7,3,2
C14402,33.6,17,6,5
C14403,54.7,21,1,1
C14404,20.9,8,4,2
C14405,19.7,10,4,4
C14406,49.2,16,2,0
C14407,65.0,30,0,0
C14408,22.4,8,3,1
C14409,40.2,12,4,4
C14410,64.2,26,1,0
C14411,68.2,26,1,0
C14412,22.8,8,6,5
C14413,55.4,25,1,0
C14414,38.3,8,3,3
C14415,11.2,8,5,5
C14416,35.0,13,3,3
C14417,70.2,32,0,0
C14418,33.3,18,3,2
C14419,43.5,13,2,1
C14420,67.4,20,2,0
C14421,63.9,25,2,2
C14422,61.5,27,1,1
C14423,61.9,24,1,1
C14424,66.9,25,1,1
C14425,17.5,10,6,5
C14426,29.7,12,4,2
C14427,8.9,6,4,4
C14428,42.5,20,2,0
C14429,51.8,13,6,4
C14430,32.0,15,4,3
C14431,23.9,13,5,5
C14432,28.5,11,4,3
C14433,27.0,10,4,4
C14434,25.8,10,3,2
C14435,32.6,15,4,3
C14436,6.7,2,4,2
C14437,57.5,21,4,2
C14438,46.6,16,5,3
C14439,40.6,13,3,1
C14440,29.1,9,4,2
C14441,53.5,22,1,1
C14442,43.1,16,3,1
C14443,49.4,18,3,1
C14444,49.5,21,4,2
C14445,48.8,21,3,3
C14446,49.9,17,3,2
C14447,58.4,23,2,0
C14448,47.8,16,3,3
C14449,35.4,15,3,1
C14450,39.1,20,2,2
C14451,28.0,7,3,2
C14452,36.0,9,3,1
C14453,40.3,15,4,2
C14454,15.2,2,5,4
C14455,25.1,7,4,3
C14456,23.5,14,3,1
C14457,22.9,16,3,1
C14458,5.2,0,5,3
C14459,32.4,9,3,2
C14460,39.6,19,3,2
C14461,57.5,25,2,0
C14462,18.8,10,4,4
C14463,52.7,20,3,2
C14464,6.9,3,5,3
C14465,25.7,7,4,2
C14466,54.3,18,2,1
C14467,51.1,13,4,4
C14468,30.7,13,4,4
C14469,31.0,12,3,2
C14470,72.7,27,0,0
C14471,29.6,6,4,3
C14472,44.8,11,3,1
C14473,30.6,18,4,2
C14474,49.3,22,3,2
C14475,55.9,21,1,0
C14476,57.3,20,3,1
C14477,37.3,13,4,2
C14478,42.7,13,6,5
C14479,48.9,16,2,1
C14480,30.7,18,2,1
C14481,39.0,16,4,3
C14482,56.9,23,1,1
C14483,45.2,21,3,2
C14484,44.2,27,2,1
C14485,52.3,21,2,2
C14486,56.3,19,3,1
C14487,26.3,7,4,2
C14488,39.8,22,2,1
C14489,58.6,29,1,1
C14490,47.8,15,4,4
C14491,57.4,26,1,0
C14492,37.1,12,4,3
C14493,24.0,7,5,5
C14494,10.9,13,4,4
C14495,20.8,8,5,3
C14496,15.4,2,4,2
C14497,20.6,2,4,2
C14498,50.1,20,2,1
C14499,71.3,21,2,0
C14500,30.7,12,3,1
C14501,31.9,13,4,2
C14502,55.6,22,1,0
C14503,39.7,26,2,1
C14504,59.6,28,1,1
C14505,64.4,30,1,0
C14506,16.0,6,4,4
C14507,44.6,13,2,2
C14508,37.3,16,2,2
C14509,43.6,11,3,3
C14510,67.7,27,1,0
C14511,12.7,4,5,5
C14512,37.5,11,3,2
C14513,44.2,14,3,1
C14514,11.3,6,4,4
C14515,45.2,19,2,1
C14516,53.8,18,2,2
C14517,43.6,10,3,1
C14518,60.9,21,1,0
C14519,75.1,29,2,0
C14520,48.8,20,1,0
C14521,22.9,6,3,1
C14522,5.5,0,5,5
C14523,10.6,12,4,2
C14524,66.5,26,2,0
C14525,8.1,4,5,4
C14526,3.1,9,5,4
C14527,82.8,29,0,0
C14528,26.5,9,5,4
C14529,9.5,8,5,3
C14530,31.2,15,3,1
C14531,44.7,17,2,0
C14532,16.3,9,6,4
C14533,54.2,16,3,2
C14534,8.7,3,4,4
C14535,6.6,0,5,4
C14536,56.6,28,2,0
C14537,30.6,11,3,3
C14538,20.0,7,4,4
C14539,22.5,9,4,4
C14540,47.8,22,2,1
C14541,45.1,23,2,2
C14542,49.2,15,3,3
C14543,20.9,11,3,2
C14544,29.3,13,4,4
C14545,39.3,13,2,1
C14546,48.6,15,2,1
C14547,40.1,19,3,3
C14548,40.2,15,3,3
C14549,25.0,3,4,3
C14550,29.0,9,4,2
C14551,39.6,17,2,1
C14552,32.5,13,4,3
C14553,4.7,0,7,5
C14554,44.2,18,2,1
C14555,49.5,18,3,2
C14556,24.6,10,5,4
C14557,31.1,9,3,2
C14558,36.0,7,4,4
C14559,41.1,13,4,2
C14560,25.9,9,6,5
C14561,54.7,22,1,0
C14562,55.0,24,2,2
C14563,45.9,19,2,1
C14564,35.4,19,3,3
C14565,39.7,13,3,1
C14566,46.2,16,3,2
C14567,15.3,8,4,3
C14568,42.9,12,3,1
C14569,38.6,15,2,2
C14570,5.0,3,4,2
C14571,23.9,6,5,4
C14572,25.0,15,3,2
C14573,61.5,19,1,1
C14574,67.0,24,1,1
C14575,42.3,8,4,3
C14576,67.0,26,2,1
C14577,54.4,21,2,0
C14578,47.8,21,3,2
C14579,49.5,23,2,1
C14580,42.1,19,2,0
C14581,60.5,22,1,0
C14582,58.4,24,1,0
C14583,29.5,15,3,2
C14584,30.9,10,3,2
C14585,25.4,11,3,3
C14586,51.9,19,2,1
C14587,28.3,15,3,1
C14588,20.4,6,6,4
C14589,64.3,21,2,1
C14590,23.2,9,3,2
C14591,39.1,8,5,3
C14592,55.7,21,2,1
C14593,58.3,17,2,0
C14594,48.0,18,3,2
C14595,66.7,29,0,0
C14596,41.6,16,4,2
C14597,61.3,18,3,1
C14598,28.1,14,4,4
C14599,41.6,21,3,1
C14600,75.5,28,0,0
C14601,52.6,19,2,0
C14602,50.0,19,2,2
C14603,13.3,7,6,5
C14604,51.3,25,2,0
C14605,59.9,17,3,3
C14606,7.2,9,5,3
C14607,17.1,9,4,2
C14608,41.9,16,3,1
C14609,44.9,14,3,3
C14610,0.0,0,5,3
C14611,70.2,23,3,2
C14612,62.2,29,1,1
C14613,49.9,21,2,2
C14614,13.0,4,4,3
C14615,44.7,12,3,2
C14616,77.5,28,1,1
C14617,47.8,16,2,0
C14618,72.6,34,1,1
C14619,30.8,11,3,3
C14620,47.4,13,2,1
C14621,61.6,23,2,1
C14622,26.7,8,4,2
C14623,30.8,10,3,3
C14624,30.9,12,4,2
C14625,39.3,11,2,2
C14626,43.8,15,3,3
C14627,16.5,9,4,3
C14628,41.6,14,3,1
C14629,64.7,24,2,0
C14630,40.7,15,4,2
C14631,22.3,7,5,5
C14632,59.7,22,3,2
C14633,24.9,12,3,3
C14634,43.6,19,2,2
C14635,14.6,6,5,5
C14636,60.2,29,2,2
C14637,29.0,13,4,4
C14638,20.3,7,4,3
C14639,39.4,12,3,2
C14640,13.5,6,5,4
C14641,19.1,9,4,2
C14642,12.5,0,4,4
C14643,57.4,20,2,1
C14644,61.4,29,1,0
C14645,64.2,24,2,1
C14646,57.6,21,2,1
C14647,34.8,17,3,3
C14648,57.6,19,3,2
C14649,73.5,24,0,0
C14650,31.0,12,4,2
C14651,39.1,15,2,2
C14652,26.7,14,4,2
C14653,25.2,14,6,6
C14654,65.8,28,1,0
C14655,5.8,6,5,3
C14656,66.8,31,0,0
C14657,9.7,4,4,3
C14658,67.4,25,1,1
C14659,19.5,6,6,4
C14660,28.4,9,5,5
C14661,36.5,15,3,2
C14662,48.5,19,2,0
C14663,41.9,17,3,1
C14664,34.2,16,3,2
C14665,32.4,20,2,2
C14666,48.6,19,1,0
C14667,62.2,21,1,0
C14668,31.6,5,6,4
C14669,36.8,21,2,1
C14670,34.3,12,4,4
C14671,68.5,23,3,3
C14672,43.8,14,3,3
C14673,23.6,11,3,2
C14674,46.2,15,3,1
C14675,23.4,10,5,5
C14676,33.1,9,3,2
C14677,15.1,7,4,2
C14678,48.0,22,2,0
C14679,15.0,3,6,4
C14680,39.0,12,3,3
C14681,20.7,4,4,3
C14682,65.4,25,2,1
C14683,13.8,13,6,6
C14684,20.9,9,5,4
C14685,40.1,14,3,2
C14686,30.0,13,3,2
C14687,65.8,29,1,1
C14688,43.2,14,2,2
C14689,38.1,15,3,1
C14690,56.6,28,1,1
C14691,39.5,18,2,1
C14692,56.5,22,2,1
C14693,30.8,9,3,1
C14694,35.6,18,4,4
C14695,55.8,25,1,0
C14696,22.2,10,3,3
C14697,9.7,0,4,4
C14698,67.2,20,2,2
C14699,54.7,12,2,1
C14700,24.3,7,6,4
C14701,51.8,17,3,1
C14702,31.5,14,3,1
C14703,71.6,25,1,0
C14704,43.4,14,3,1
C14705,27.5,9,4,2
C14706,47.3,14,2,0
C14707,39.7,21,2,2
C14708,34.5,15,3,3
C14709,34.4,16,2,2
C14710,37.2,15,4,2
C14711,17.0,7,4,3
C14712,32.3,11,5,4
C14713,42.3,15,2,0
C14714,54.5,23,3,1
C14715,41.6,13,3,1
C14716,13.0,9,4,3
C14717,59.1,18,2,2
C14718,0.0,4,4,2
C14719,51.0,15,2,2
C14720,59.2,21,2,0
C14721,29.2,14,4,4
C14722,16.6,10,4,2
C14723,50.7,19,2,2
C14724,51.6,16,2,0
C14725,63.0,27,1,1
C14726,49.6,15,2,1
C14727,35.6,16,3,1
C14728,2.1,6,5,4
C14729,71.7,27,0,0
C14730,28.6,12,3,1
C14731,6.2,2,4,3
C14732,44.4,19,2,0
C14733,3.0,1,5,3
C14734,28.6,8,3,2
C14735,11.1,4,8,8
C14736,23.3,9,4,3
C14737,20.5,7,4,4
C14738,36.0,13,4,4
C14739,9.9,8,5,4
C14740,48.9,12,3,2
C14741,61.1,26,4,4
C14742,2.8,1,5,5
C14743,56.5,20,5,5
C14744,53.1,21,1,0
C14745,47.5,18,3,1
C14746,52.8,20,3,2
C14747,37.1,15,3,2
C14748,63.8,25,1,0
C14749,51.3,13,2,2
C14750,39.4,17,2,0
C14751,33.3,19,4,2
C14752,34.1,9,3,3
C14753,11.1,0,4,4
C14754,43.2,15,2,2
C14755,59.4,18,4,2
C14756,27.4,3,5,3
C14757,4.1,4,5,4
C14758,50.4,16,5,3
C14759,15.3,5,4,2
C14760,38.3,10,3,1
C14761,39.7,12,4,3
C14762,59.0,23,1,0
C14763,32.3,20,2,2
C14764,0.0,2,6,6
C14765,12.1,2,4,2
C14766,68.8,23,3,2
C14767,36.7,13,2,1
C14768,42.1,20,4,3
C14769,66.7,23,4,3
C14770,70.1,21,1,0
C14771,26.0,9,7,6
C14772,47.0,18,2,2
C14773,41.9,19,3,2
C14774,59.6,22,2,2
C14775,23.3,4,4,2
C14776,58.1,20,2,0
C14777,58.9,24,2,2
C14778,0.0,0,5,3
C14779,25.8,10,4,4
C14780,44.0,16,3,3
C14781,31.7,9,3,2
C14782,24.8,6,3,3
C14783,51.1,23,1,0
C14784,13.1,0,4,2
C14785,38.8,10,5,4
C14786,41.1,11,4,3
C14787,61.9,25,2,1
C14788,56.3,20,1,1
C14789,13.5,8,4,2
C14790,58.8,20,2,2
C14791,50.5,19,5,4
C14792,22.6,11,4,4
C14793,19.7,3,5,4
C14794,14.4,2,4,3
C14795,40.4,14,2,0
C14796,1.9,4,6,5
C14797,6.0,9,4,3
C14798,50.8,20,3,3
C14799,23.9,7,4,3
C14800,29.9,10,5,3
C14801,70.9,27,1,1
C14802,40.4,18,2,0
C14803,76.5,25,1,1
C14804,49.0,17,2,0
C14805,18.3,0,4,4
C14806,58.0,22,2,0
C14807,59.5,22,2,2
C14808,17.1,12,4,3
C14809,58.5,23,1,0
C14810,38.7,16,3,3
C14811,24.4,8,5,3
C14812,43.2,17,2,0
C14813,20.3,2,4,4
C14814,46.1,13,4,2
C14815,18.5,7,5,4
C14816,27.7,6,4,4
C14817,48.1,23,3,1
C14818,7.6,5,4,2
C14819,76.0,28,2,1
C14820,68.6,32,2,1
C14821,60.8,24,2,2
C14822,31.1,16,3,2
C14823,30.0,17,3,2
C14824,18.8,4,4,2
C14825,37.7,18,3,2
C14826,43.5,11,5,3
C14827,31.8,14,3,3
C14828,64.4,25,1,1
C14829,32.8,17,3,3
C14830,58.5,24,1,0
C14831,24.1,5,3,3
C14832,34.3,11,3,2
C14833,29.2,5,5,4
C14834,12.3,4,4,4
C14835,29.7,10,3,3
C14836,57.1,19,1,0
C14837,23.2,11,5,4
C14838,53.7,18,2,1
C14839,31.0,13,4,3
C14840,31.2,13,3,2
C14841,27.1,11,3,1
C14842,51.2,19,2,2
C14843,53.7,27,2,1
C14844,26.2,15,3,3
C14845,29.8,12,3,3
C14846,29.0,2,3,1
C14847,47.1,15,3,2
C14848,47.5,20,3,1
C14849,26.9,6,5,5
C14850,83.4,30,0,0
C14851,65.6,28,2,1
C14852,26.8,16,3,2
C14853,73.8,25,1,0
C14854,44.9,20,2,1
C14855,49.5,15,3,3
C14856,15.2,10,5,5
C14857,49.7,19,3,2
C14858,33.2,13,3,2
C14859,55.6,16,2,1
C14860,65.5,29,1,0
C14861,64.0,23,1,1
C14862,4.0,0,5,5
C14863,27.4,14,4,2
C14864,18.4,6,5,4
C14865,29.7,12,3,3
C14866,21.4,9,4,2
C14867,45.6,14,5,4
C14868,33.4,8,3,2
C14869,31.5,12,4,4
C14870,41.3,15,2,2
C14871,66.4,25,1,0
C14872,36.1,12,3,3
C14873,38.9,10,4,4
C14874,52.3,18,2,2
C14875,51.4,14,3,1
C14876,40.7,10,4,2
C14877,15.0,9,4,3
C14878,32.2,14,5,4
C14879,27.9,14,3,2
C14880,62.8,21,1,0
C14881,25.5,8,3,2
C14882,46.0,11,3,3
C14883,7.4,0,5,3
C14884,5.6,1,5,5
C14885,42.3,15,2,1
C14886,25.1,14,3,2
C14887,45.1,20,3,1
C14888,8.0,5,4,4
C14889,12.8,8,4,3
C14890,17.5,15,4,3
C14891,34.3,10,3,1
C14892,19.3,5,4,4
C14893,19.8,4,4,3
C14894,25.4,9,4,3
C14895,53.8,21,2,2
C14896,14.4,7,5,3
C14897,56.6,22,2,0
C14898,31.2,14,4,2
C14899,30.6,8,3,2
C14900,19.1,9,4,3
C14901,44.8,17,4,3
C14902,33.0,15,3,2
C14903,11.7,0,4,3
C14904,64.1,21,1,0
C14905,34.3,9,3,3
C14906,71.8,28,2,1
C14907,15.9,7,5,5
C14908,20.8,10,3,2
C14909,41.0,21,3,1
C14910,35.0,14,3,3
C14911,31.7,9,3,3
C14912,43.5,20,2,2
C14913,23.1,13,4,2
C14914,44.1,17,5,4
C14915,46.3,18,3,2
C14916,45.8,12,2,2
C14917,25.1,12,4,4
C14918,17.7,7,4,4
C14919,61.0,26,4,4
C14920,36.1,24,2,0
C14921,53.6,23,3,2
C14922,43.8,12,3,2
C14923,59.3,29,1,1
C14924,62.7,22,3,3
C14925,56.9,23,2,1
C14926,26.8,10,4,2
C14927,24.0,10,3,2
C14928,27.1,11,3,1
C14929,63.4,23,1,0
C14930,41.7,19,3,1
C14931,67.8,21,2,0
C14932,46.6,18,2,2
C14933,48.0,22,3,2
C14934,69.9,22,1,0
C14935,65.0,25,3,3
C14936,56.6,26,2,1
C14937,61.0,18,2,2
C14938,48.7,17,2,2
C14939,56.6,24,1,0
C14940,31.9,13,3,1
C14941,36.2,14,2,1
C14942,27.4,13,3,3
C14943,3.5,3,5,5
C14944,54.4,26,1,1
C14945,23.9,11,4,2
C14946,57.7,25,1,0
C14947,26.7,7,3,1
C14948,29.9,12,3,3
C14949,51.1,22,4,3
C14950,36.3,19,2,2
C14951,10.2,9,5,5
C14952,30.1,15,3,1
C14953,32.4,11,3,1
C14954,42.0,18,3,1
C14955,63.6,25,2,1
C14956,25.3,10,5,3
C14957,36.7,18,5,5
C14958,37.7,22,2,0
C14959,31.0,8,4,4
C14960,0.7,4,5,3
C14961,44.0,13,3,2
C14962,20.3,13,4,2
C14963,31.2,19,3,3
C14964,35.3,11,6,4
C14965,65.7,28,1,1
C14966,51.7,24,3,2
C14967,25.1,11,5,5
C14968,54.2,25,2,2
C14969,52.6,17,2,1
C14970,11.9,3,4,2
C14971,53.2,18,2,0
C14972,50.9,19,3,3
C14973,52.7,21,1,0
C14974,11.6,1,4,2
C14975,50.7,16,3,1
C14976,32.4,10,3,2
C14977,25.0,7,3,3
C14978,53.1,25,3,2
C14979,46.5,22,2,0
C14980,52.4,23,4,4
C14981,3.7,8,4,3
C14982,49.0,22,2,2
C14983,32.2,8,4,2
C14984,18.8,13,3,2
C14985,55.2,23,2,0
C14986,60.3,21,2,0
C14987,8.2,4,5,5
C14988,27.7,16,4,2
C14989,59.4,21,1,1
C14990,56.9,19,2,2
C14991,56.9,25,3,2
C14992,0.0,1,7,6
C14993,56.1,18,2,1
C14994,56.7,21,2,2
C14995,7.0,4,5,3
C14996,24.6,10,5,5
C14997,44.1,12,5,5
C14998,82.1,25,1,0
C14999,49.7,19,3,1
C15000,60.6,19,3,1
C15001,52.6,16,3,2
C15002,32.3,9,3,2
C15003,20.2,18,4,2
C15004,26.0,9,3,1
C15005,56.3,19,3,3
C15006,26.7,14,4,3
C15007,41.2,18,2,2
C15008,51.4,18,2,2
C15009,76.3,30,0,0
C15010,42.7,9,3,2
C15011,52.2,14,1,1
C15012,71.1,27,2,2
C15013,55.1,20,1,0
C15014,14.3,0,4,2
C15015,60.4,20,2,2
C15016,73.3,25,2,0
C15017,57.7,21,2,2
C15018,45.8,20,2,0
C15019,43.2,15,2,1
C15020,22.2,7,4,3
C15021,56.5,22,1,0
C15022,58.1,24,2,1
C15023,20.7,8,5,5
C15024,50.8,20,3,3
C15025,22.2,10,4,4
C15026,9.3,0,5,3
C15027,74.0,31,0,0
C15028,59.3,23,2,0
C15029,29.8,14,4,2
C15030,77.0,27,1,1
C15031,48.7,18,3,1
C15032,84.2,29,0,0
C15033,10.8,5,5,5
C15034,50.4,25,3,1
C15035,39.2,13,4,3
C15036,54.8,21,2,2
C15037,71.0,28,1,1
C15038,17.4,10,6,4
C15039,1.7,8,4,2
C15040,68.6,27,1,1
C15041,17.1,3,5,3
C15042,75.0,26,0,0
C15043,19.9,10,4,4
C15044,45.5,23,2,1
C15045,67.6,27,0,0
C15046,53.0,23,2,0
C15047,51.9,20,2,1
C15048,15.1,15,3,2
C15049,49.9,19,3,2
C15050,37.5,21,3,2
C15051,57.5,24,1,0
C15052,6.1,1,5,3
C15053,62.2,26,2,2
C15054,23.7,10,3,2
C15055,1.9,5,5,3
C15056,29.7,10,3,2
C15057,40.0,18,2,1
C15058,6.8,5,4,3
C15059,1.2,0,4,4
C15060,0.0,0,6,6
C15061,28.8,9,3,2
C15062,49.7,18,2,2
C15063,72.4,26,3,2
C15064,41.4,13,3,1
C15065,46.9,18,2,0
C15066,52.0,21,2,0
C15067,17.7,0,5,5
C15068,18.2,5,4,4
C15069,12.5,3,4,4
C15070,37.3,11,4,3
C15071,19.5,8,5,5
C15072,76.2,28,0,0
C15073,65.5,22,1,0
C15074,60.4,16,1,1
C15075,24.4,15,4,3
C15076,67.1,25,1,1
C15077,38.5,17,2,0
C15078,22.7,2,3,3
C15079,12.9,1,5,3
C15080,46.2,20,4,3
C15081,27.8,6,3,3
C15082,36.7,13,6,6
C15083,47.5,18,2,0
C15084,75.2,35,0,0
C15085,27.2,11,3,3
C15086,66.0,26,1,0
C15087,29.7,13,4,2
C15088,38.6,13,2,0
C15089,28.0,14,4,3
C15090,40.5,18,3,3
C15091,6.5,4,4,3
C15092,46.5,18,2,2
C15093,66.8,21,1,1
C15094,18.2,8,5,3
C15095,64.7,25,1,0
C15096,53.5,16,3,3
C15097,16.1,2,5,3
C15098,50.0,14,2,2
C15099,16.9,11,4,3
C15100,40.2,14,2,1
C15101,46.3,15,3,1
C15102,52.1,24,2,2
C15103,51.1,19,2,0
C15104,27.0,15,3,3
C15105,4.8,0,5,5
C15106,52.4,24,1,1
C15107,14.3,8,4,2
C15108,40.4,19,2,2
C15109,53.4,19,2,0
C15110,25.9,14,4,3
C15111,27.0,10,5,3
C15112,56.2,20,2,1
C15113,70.0,24,3,1
C15114,55.6,21,3,2
C15115,13.7,9,4,3
C15116,64.3,20,3,2
C15117,62.3,21,2,0
C15118,55.5,20,2,2
C15119,29.1,12,3,3
C15120,31.2,13,4,4
C15121,33.4,11,3,3
C15122,19.4,3,5,4
C15123,34.2,14,5,4
C15124,15.9,8,4,4
C15125,6.1,3,6,5
C15126,58.8,24,1,1
C15127,67.5,26,2,0
C15128,42.2,13,3,3
C15129,51.7,23,2,0
C15130,38.1,11,4,3
C15131,19.5,10,5,5
C15132,39.7,16,4,4
C15133,57.0,19,2,1
C15134,38.0,13,3,3
C15135,27.4,9,3,2
C15136,48.4,20,2,1
C15137,34.2,15,3,1
C15138,45.5,10,3,2
C15139,40.7,22,2,1
C15140,23.2,8,3,2
C15141,15.1,7,5,4
C15142,28.0,11,3,2
C15143,66.2,21,1,0
C15144,61.8,22,2,2
C15145,71.9,22,1,0
C15146,39.1,19,3,3
C15147,58.8,17,2,0
C15148,37.2,8,3,2
C15149,11.2,10,6,4
C15150,2.4,3,5,4
C15151,26.2,10,4,2
C15152,55.4,21,1,0
C15153,16.2,3,5,5
C15154,56.1,18,2,0
C15155,63.9,23,1,0
C15156,50.0,16,3,1
C15157,28.1,16,4,2
C15158,45.5,11,2,0
C15159,23.3,6,5,5
C15160,34.4,22,2,0
C15161,20.0,3,5,5
C15162,82.0,28,0,0
C15163,16.3,11,5,5
C15164,8.6,4,4,3
C15165,29.6,17,5,5
C15166,63.7,25,0,0
C15167,26.5,7,6,4
C15168,31.8,7,4,3
C15169,60.5,23,1,1
C15170,49.6,19,3,3
C15171,12.8,6,5,4
C15172,24.6,3,4,3
C15173,4.2,1,5,3
C15174,66.2,31,0,0
C15175,49.4,22,2,1
C15176,49.8,16,2,2
C15177,58.1,23,2,0
C15178,20.5,6,4,3
C15179,27.9,14,3,1
C15180,56.5,23,3,1
C15181,35.6,13,3,2
C15182,31.9,12,4,3
C15183,44.1,18,3,1
C15184,47.9,12,2,0
C15185,16.5,7,5,3
C15186,55.7,21,2,2
C15187,57.5,14,3,2
C15188,3.2,4,5,3
C15189,70.8,19,1,1
C15190,11.6,6,5,3
C15191,64.3,19,1,1
C15192,47.5,18,2,0
C15193,53.2,21,2,2
C15194,28.1,0,4,2
C15195,39.1,16,2,1
C15196,5.1,5,4,2
C15197,62.5,19,1,1
C15198,60.5,20,2,0
C15199,59.6,24,1,1
C15200,32.6,16,3,1
C15201,31.0,6,3,3
C15202,38.2,17,3,2
C15203,33.5,16,4,3
C15204,33.0,12,4,3
C15205,11.7,8,4,2
C15206,56.2,19,1,0
C15207,67.4,24,1,0
C15208,20.1,12,4,4
C15209,72.6,21,2,2
C15210,47.1,18,2,2
C15211,0.1,0,5,5
C15212,51.5,22,3,3
C15213,17.4,4,5,3
C15214,63.7,14,4,4
C15215,33.7,13,3,2
C15216,57.5,26,1,1
C15217,41.9,19,3,3
C15218,49.7,22,2,2
C15219,20.6,11,3,3
C15220,29.1,11,3,3
C15221,60.8,24,1,0
C15222,52.1,21,2,1
C15223,67.4,18,1,0
C15224,42.0,20,2,2
C15225,29.0,14,3,3
C15226,32.1,7,3,1
C15227,25.5,7,4,3
C15228,16.0,9,4,4
C15229,53.8,28,2,0
C15230,15.2,6,5,3
C15231,51.3,18,2,1
C15232,70.7,27,2,1
C15233,63.1,21,1,0
C15234,41.4,10,5,3
C15235,59.8,25,1,0
C15236,48.0,24,2,2
C15237,36.3,3,5,5
C15238,38.7,13,4,4
C15239,24.3,7,4,3
C15240,25.9,11,4,3
C15241,39.4,12,4,2
C15242,25.7,9,5,5
C15243,19.9,6,5,3
C15244,19.7,2,3,3
C15245,22.9,12,3,1
C15246,41.1,14,2,0
C15247,72.5,27,2,2
C15248,19.5,6,4,4
C15249,70.6,27,1,1
C15250,65.0,21,1,1
C15251,37.2,14,4,3
C15252,19.1,6,4,4
C15253,58.6,24,1,0
C15254,55.8,26,3,1
C15255,21.2,7,4,4
C15256,70.5,27,1,0
C15257,75.3,26,0,0
C15258,11.5,5,5,3
C15259,7.1,6,4,2
C15260,14.7,5,5,3
C15261,3.3,5,5,5
C15262,27.1,17,3,1
C15263,43.5,21,2,1
C15264,54.2,22,4,2
C15265,32.3,11,3,2
C15266,65.1,25,1,0
C15267,40.4,14,2,0
C15268,29.5,14,3,2
C15269,62.3,23,3,3
C15270,79.6,26,0,0
C15271,30.6,10,4,2
C15272,45.9,16,2,0
C15273,60.7,19,3,3
C15274,34.8,16,3,3
C15275,24.6,6,4,4
C15276,56.7,26,1,0
C15277,54.3,18,2,2
C15278,53.8,18,1,0
C15279,42.1,6,4,4
C15280,64.1,28,1,0
C15281,32.6,14,3,1
C15282,34.6,15,3,2
C15283,53.7,18,1,0
C15284,27.2,8,4,2
C15285,24.7,10,5,5
C15286,49.0,22,2,1
C15287,27.9,4,4,3
C15288,25.7,5,5,4
C15289,49.5,21,1,1
C15290,33.6,9,4,4
C15291,25.3,9,7,7
C15292,12.5,7,5,4
C15293,52.8,18,4,3
C15294,27.0,10,4,4
C15295,55.8,24,4,2
C15296,25.9,8,4,2
C15297,27.9,15,2,2
C15298,0.7,8,5,5
C15299,63.2,19,1,0
C15300,59.0,23,2,0
C15301,56.0,28,1,1
C15302,69.8,27,1,0
C15303,25.5,4,3,2
C15304,47.7,13,3,2
C15305,40.2,13,3,2
C15306,44.3,13,3,1
C15307,66.4,25,1,0
C15308,18.2,7,4,2
C15309,61.4,29,2,2
C15310,59.7,23,1,0
C15311,23.7,10,4,2
C15312,56.0,22,3,1
C15313,55.8,18,2,0
C15314,60.1,23,1,1
C15315,11.0,0,6,6
C15316,45.5,12,4,3
C15317,53.2,14,2,2
C15318,31.2,15,3,1
C15319,23.7,6,5,3
C15320,39.4,8,3,1
C15321,54.6,19,2,0
C15322,26.4,12,3,3
C15323,30.6,5,3,3
C15324,52.8,17,3,3
C15325,80.8,34,1,0
C15326,31.6,9,3,1
C15327,22.3,16,3,3
C15328,8.9,0,5,5
C15329,44.5,17,3,3
C15330,38.4,19,2,1
C15331,14.1,9,4,3
C15332,34.6,10,4,4
C15333,57.5,22,2,1
C15334,60.3,20,1,1
C15335,13.9,6,4,2
C15336,50.4,21,2,1
C15337,26.8,15,4,2
C15338,43.7,18,2,2
C15339,46.2,17,2,2
C15340,56.1,21,1,1
C15341,74.3,26,1,0
C15342,46.7,20,4,4
C15343,62.7,20,2,1
C15344,17.5,9,4,4
C15345,70.9,28,1,0
C15346,30.5,13,4,2
C15347,46.7,15,2,1
C15348,5.3,6,7,6
C15349,5.4,3,5,3
C15350,66.1,22,2,0
C15351,58.1,21,3,3
C15352,41.1,16,3,3
C15353,56.9,16,3,2
C15354,41.8,12,2,0
C15355,61.0,24,1,0
C15356,55.1,23,3,3
C15357,41.0,23,2,2
C15358,50.1,24,2,2
C15359,33.9,10,3,2
C15360,40.7,13,3,1
C15361,45.9,14,2,2
C15362,14.2,1,4,2
C15363,39.7,24,2,1
C15364,44.7,20,2,2
C15365,42.0,13,3,3
C15366,57.5,19,2,0
C15367,11.9,7,4,4
C15368,61.1,22,2,1
C15369,3.9,1,5,5
C15370,66.6,25,0,0
C15371,44.5,15,2,0
C15372,59.6,25,1,0
C15373,25.9,11,3,1
C15374,10.9,6,4,4
C15375,49.0,15,2,2
C15376,33.1,3,4,4
C15377,4.1,2,5,4
C15378,77.3,22,0,0
C15379,53.8,20,2,1
C15380,18.2,9,4,4
C15381,55.5,20,1,1
C15382,56.2,21,3,3
C15383,64.5,25,1,0
C15384,45.7,16,4,3
C15385,23.3,7,4,3
C15386,56.2,21,2,0
C15387,6.6,1,5,3
C15388,29.5,9,5,4
C15389,39.8,15,3,1
C15390,26.7,7,4,3
C15391,63.8,23,1,1
C15392,13.9,7,3,1
C15393,16.2,7,3,1
C15394,13.9,7,5,4
C15395,51.2,20,3,2
C15396,23.9,13,4,3
C15397,53.7,21,2,1
C15398,28.3,4,4,4
C15399,58.8,23,2,2
C15400,8.1,8,5,4
C15401,45.4,18,4,2
C15402,63.4,23,2,2
C15403,33.2,8,3,2
C15404,14.8,9,5,4
C15405,12.7,4,4,3
C15406,34.5,14,4,3
C15407,55.3,16,3,2
C15408,40.4,15,2,0
C15409,32.3,14,4,4
C15410,32.0,20,4,4
C15411,32.3,14,3,3
C15412,17.0,9,4,2
C15413,44.3,18,3,3
C15414,0.0,4,5,4
C15415,44.4,19,2,1
C15416,25.1,5,3,3
C15417,59.3,22,3,3
C15418,49.5,17,4,2
C15419,47.8,17,2,0
C15420,71.4,26,1,0
C15421,55.1,24,2,2
C15422,16.3,3,4,4
C15423,14.3,8,4,2
C15424,53.4,21,2,1
C15425,13.1,1,4,3
C15426,32.3,11,3,1
C15427,21.0,16,3,1
C15428,12.8,8,4,2
C15429,16.1,9,4,2
C15430,66.7,31,2,1
C15431,63.3,21,1,1
C15432,49.7,14,3,3
C15433,47.5,17,2,2
C15434,54.2,27,1,0
C15435,26.2,10,5,5
C15436,40.2,12,3,1
C15437,17.5,3,4,4
C15438,57.9,20,1,0
C15439,60.1,24,1,0
C15440,78.0,36,0,0
C15441,24.4,8,4,2
C15442,31.1,8,3,1
C15443,59.2,23,1,0
C15444,54.3,22,1,0
C15445,56.2,17,3,2
C15446,9.9,2,4,3
C15447,63.8,24,2,1
C15448,29.5,9,4,4
C15449,47.7,17,4,2
C15450,56.3,21,2,1
C15451,44.8,18,3,3
C15452,0.0,3,5,4
C15453,17.0,1,4,2
C15454,54.3,20,2,0
C15455,20.1,11,6,4
C15456,29.8,10,5,5
C15457,29.0,10,3,3
C15458,45.5,19,4,2
C15459,54.3,21,1,0
C15460,62.4,20,1,1
C15461,32.7,7,3,3
C15462,38.8,10,3,1
C15463,58.5,30,2,0
C15464,28.1,12,3,3
C15465,17.1,5,5,5
C15466,28.7,11,3,2
C15467,55.1,24,2,0
C15468,41.7,20,3,2
C15469,54.0,23,1,0
C15470,56.1,18,3,1
C15471,56.1,22,3,1
C15472,34.9,19,2,1
C15473,70.7,29,0,0
C15474,63.3,22,1,1
C15475,30.1,9,3,3
C15476,10.7,4,4,2
C15477,49.5,23,4,2
C15478,44.6,20,2,2
C15479,32.5,19,4,3
C15480,31.4,17,3,2
C15481,65.9,25,1,1
C15482,56.5,22,2,2
C15483,67.8,24,1,1
C15484,58.6,19,2,1
C15485,45.6,20,2,1
C15486,60.6,22,2,0
C15487,53.1,22,3,2
C15488,48.6,19,3,3
C15489,43.7,17,3,3
C15490,67.5,33,1,0
C15491,46.6,19,3,1
C15492,22.6,10,3,1
C15493,56.3,24,1,1
C15494,13.4,7,5,4
C15495,30.2,14,3,3
C15496,32.3,10,4,2
C15497,25.2,11,4,3
C15498,10.5,10,5,4
C15499,27.4,16,4,4
C15500,33.2,10,3,3
C15501,27.7,10,3,1
C15502,26.9,11,4,2
C15503,16.7,7,4,3
C15504,18.9,15,4,2
C15505,22.3,6,3,3
C15506,45.5,18,2,2
C15507,37.4,8,3,1
C15508,68.4,27,4,4
C15509,63.3,27,0,0
C15510,31.2,15,3,1
C15511,0.0,0,5,5
C15512,56.8,22,2,2
C15513,16.8,10,4,2
C15514,53.0,21,1,0
C15515,64.0,20,1,0
C15516,37.9,12,3,3
C15517,16.0,8,4,3
C15518,11.7,3,6,4
C15519,59.0,24,2,0
C15520,36.3,16,4,3
C15521,15.9,4,5,3
C15522,54.5,24,4,2
C15523,45.0,22,3,1
C15524,56.2,19,3,3
C15525,45.8,20,4,2
C15526,43.8,13,2,0
C15527,59.7,15,2,1
C15528,25.5,7,4,4
C15529,50.8,11,2,0
C15530,74.3,27,1,1
C15531,13.7,4,4,2
C15532,26.9,9,3,2
C15533,38.1,13,3,2
C15534,12.6,5,4,2
C15535,49.7,17,2,1
C15536,28.7,9,4,4
C15537,54.5,27,4,2
C15538,60.5,20,3,1
C15539,74.4,24,2,1
C15540,18.8,7,4,3
C15541,43.8,18,2,1
C15542,14.4,11,4,3
C15543,70.9,23,1,0
C15544,61.4,24,1,0
C15545,12.2,17,3,3
C15546,40.1,23,2,1
C15547,50.3,21,3,2
C15548,19.2,6,6,5
C15549,69.5,30,2,2
C15550,45.7,18,2,2
C15551,33.1,13,2,1
C15552,8.0,0,7,5
C15553,19.6,5,5,3
C15554,33.3,8,5,3
C15555,27.3,7,6,4
C15556,9.4,1,4,3
C15557,9.6,4,7,5
C15558,0.1,2,7,6
C15559,13.9,0,5,4
C15560,25.7,8,3,2
C15561,14.0,4,4,3
C15562,39.3,17,2,1
C15563,69.1,26,1,1
C15564,55.9,21,3,2
C15565,22.9,2,4,4
C15566,0.6,0,6,4
C15567,14.0,2,5,4
C15568,21.5,5,5,4
C15569,2.0,5,5,5
C15570,51.1,16,3,2
C15571,39.5,16,5,4
C15572,56.2,21,1,1
C15573,28.2,11,4,3
C15574,28.5,18,3,3
C15575,41.4,17,2,1
C15576,46.4,19,2,0
C15577,29.4,11,3,1
C15578,33.0,7,3,3
C15579,9.0,11,4,3
C15580,30.4,8,4,2
C15581,34.5,14,3,2
C15582,21.6,12,4,3
C15583,20.2,9,7,5
C15584,14.2,6,4,2
C15585,10.4,6,4,2
C15586,8.5,2,4,2
C15587,59.2,23,1,0
C15588,29.7,12,3,1
C15589,30.7,9,4,2
C15590,14.4,5,4,2
C15591,54.9,19,2,0
C15592,37.9,16,5,5
C15593,54.2,25,1,0
C15594,29.8,12,4,2
C15595,31.5,12,3,3
C15596,72.8,25,0,0
C15597,30.8,12,3,3
C15598,37.2,14,4,2
C15599,37.8,15,4,3
C15600,42.5,11,4,4
C15601,32.9,11,3,3
C15602,36.9,12,3,1
C15603,31.5,13,3,1
C15604,51.6,15,2,2
C15605,22.2,5,4,4
C15606,22.4,6,3,2
C15607,8.0,4,5,3
C15608,57.6,17,3,2
C15609,40.8,13,3,1
C15610,54.5,29,1,1
C15611,34.9,13,3,3
C15612,1.8,1,5,4
C15613,29.8,15,3,3
C15614,42.5,19,2,2
C15615,37.5,13,2,0
C15616,42.5,14,2,2
C15617,20.7,9,4,2
C15618,14.7,10,4,4
C15619,9.1,2,4,3
C15620,11.3,7,4,3
C15621,44.0,18,2,0
C15622,57.1,20,2,2
C15623,25.8,9,5,4
C15624,63.9,26,3,3
C15625,46.8,14,3,1
C15626,77.3,25,0,0
C15627,13.6,10,4,4
C15628,64.3,22,1,0
C15629,20.2,8,4,2
C15630,6.5,3,5,3
C15631,62.4,20,2,2
C15632,30.3,11,3,3
C15633,3.8,0,6,5
C15634,54.6,14,4,2
C15635,53.2,20,2,2
C15636,62.2,19,1,1
C15637,13.9,9,4,4
C15638,61.3,16,2,2
C15639,17.3,7,5,5
C15640,37.3,14,3,1
C15641,48.0,17,3,1
C15642,13.8,14,4,3
C15643,30.1,14,3,3
C15644,13.8,3,5,4
C15645,33.2,13,3,2
C15646,63.1,24,1,1
C15647,36.5,13,4,3
C15648,30.2,11,4,3
C15649,43.2,20,4,2
C15650,57.9,25,2,1
C15651,3.4,5,6,4
C15652,62.7,18,1,0
C15653,76.1,23,2,1
C15654,36.6,19,2,2
C15655,45.3,17,4,2
C15656,17.0,8,5,5
C15657,39.7,15,3,3
C15658,31.8,9,3,3
C15659,27.9,13,4,3
C15660,17.2,9,5,4
C15661,7.7,3,4,4
C15662,52.5,18,4,4
C15663,36.7,17,2,2
C15664,68.6,23,1,0
C15665,33.0,17,2,0
C15666,38.7,10,4,3
C15667,37.7,11,2,0
C15668,61.3,18,2,2
C15669,13.7,10,5,5
C15670,52.7,19,2,1
C15671,42.8,16,2,1
C15672,26.2,5,5,5
C15673,28.3,8,3,3
C15674,15.1,11,4,3
C15675,35.1,15,3,1
C15676,33.0,15,3,3
C15677,51.6,22,2,0
C15678,64.1,30,2,0
C15679,36.1,14,4,3
C15680,66.8,23,1,0
C15681,26.3,5,4,2
C15682,57.5,19,1,0
C15683,21.3,9,4,3
C15684,50.3,21,2,0
C15685,28.6,14,3,2
C15686,18.6,4,4,3
C15687,47.6,13,3,2
C15688,38.5,20,4,2
C15689,55.8,16,4,3
C15690,50.9,21,1,0
C15691,50.6,23,3,2
C15692,55.9,19,3,3
C15693,7.8,7,4,4
C15694,50.4,14,2,0
C15695,59.1,17,4,3
C15696,69.5,27,2,1
C15697,49.1,19,3,1
C15698,74.6,24,0,0
C15699,50.4,18,3,3
C15700,26.3,9,5,4
C15701,67.9,22,2,0
C15702,45.2,18,2,1
C15703,34.1,13,4,3
C15704,49.0,23,2,1
C15705,17.7,4,4,3
C15706,12.9,4,5,4
C15707,26.2,7,6,5
C15708,39.0,14,2,2
C15709,82.5,29,1,0
C15710,16.1,7,6,4
C15711,41.7,17,2,2
C15712,27.0,10,4,3
C15713,19.1,9,4,4
C15714,12.8,7,4,2
C15715,42.9,12,3,3
C15716,29.0,14,3,1
C15717,17.7,3,4,3
C15718,53.0,11,3,2
C15719,49.5,22,2,2
C15720,30.2,18,3,2
C15721,63.2,26,1,0
C15722,28.2,13,3,3
C15723,42.4,14,2,1
C15724,53.8,25,2,2
C15725,71.9,25,1,0
C15726,22.9,11,3,2
C15727,51.9,16,2,2
C15728,35.4,11,4,3
C15729,34.2,22,3,1
C15730,46.7,17,2,1
C15731,42.8,19,2,0
C15732,47.9,15,2,1
C15733,13.7,4,4,4
C15734,49.4,19,2,1
C15735,44.9,17,3,2
C15736,8.2,2,6,4
C15737,48.5,24,1,0
C15738,45.7,17,3,3
C15739,28.0,10,3,3
C15740,66.5,23,1,0
C15741,34.6,12,3,2
C15742,70.0,26,1,0
C15743,49.4,19,2,0
C15744,2.0,2,5,4
C15745,32.5,17,3,3
C15746,10.3,8,5,5
C15747,41.2,18,2,2
C15748,78.1,32,1,0
C15749,36.3,10,4,3
C15750,35.0,15,3,2
C15751,51.3,17,4,2
C15752,52.7,23,3,3
C15753,52.5,19,2,2
C15754,54.4,17,1,0
C15755,30.8,7,3,2
C15756,66.7,29,1,0
C15757,39.6,16,3,3
C15758,34.2,18,2,1
C15759,58.6,19,3,2
C15760,15.6,1,5,4
C15761,18.8,12,3,1
C15762,11.2,5,4,2
C15763,37.9,13,3,2
C15764,64.2,21,2,2
C15765,15.0,5,4,2
C15766,20.1,6,5,5
C15767,15.1,4,4,4
C15768,29.3,11,5,4
C15769,48.8,13,2,1
C15770,10.9,0,4,3
C15771,30.6,12,3,3
C15772,29.0,14,5,3
C15773,39.2,13,2,0
C15774,15.7,6,4,4
C15775,41.9,8,3,2
C15776,50.1,21,2,0
C15777,45.8,17,2,1
C15778,48.5,20,2,2
C15779,22.2,13,5,4
C15780,67.4,20,1,0
C15781,38.1,13,3,3
C15782,24.4,9,3,2
C15783,49.5,16,2,1
C15784,31.3,12,4,2
C15785,28.1,14,3,3
C15786,24.4,3,4,2
C15787,20.8,8,4,3
C15788,69.9,19,2,1
C15789,55.1,23,2,0
C15790,48.7,14,2,2
C15791,19.3,12,3,2
C15792,29.2,12,4,3
C15793,40.2,11,3,2
C15794,71.8,23,2,1
C15795,23.0,3,5,3
C15796,43.4,16,3,3
C15797,78.7,26,0,0
C15798,41.2,14,3,2
C15799,47.3,18,2,0
C15800,30.1,8,4,4
C15801,28.4,12,4,3
C15802,25.1,6,3,1
C15803,56.1,18,1,1
C15804,54.4,17,3,2
C15805,19.1,11,5,3
C15806,56.0,21,2,1
C15807,22.0,9,4,2
C15808,53.2,22,2,1
C15809,16.0,8,4,3
C15810,17.3,6,4,4
C15811,16.5,7,4,3
C15812,35.5,11,3,2
C15813,28.0,10,4,3
C15814,58.6,22,2,1
C15815,31.9,12,5,5
C15816,19.0,17,3,3
C15817,54.0,17,2,2
C15818,40.7,15,2,2
C15819,22.2,11,4,4
C15820,36.4,22,2,2
C15821,44.5,14,2,2
C15822,69.6,29,1,0
C15823,10.3,7,4,3
C15824,23.4,19,3,1
C15825,69.7,22,1,1
C15826,14.9,5,4,4
C15827,3.6,0,5,4
C15828,30.5,10,3,1
C15829,49.7,19,2,0
C15830,41.8,16,2,1
C15831,22.0,8,3,2
C15832,25.9,5,4,2
C15833,64.6,23,1,1
C15834,37.9,16,2,2
C15835,40.3,13,2,0
C15836,64.8,24,2,2
C15837,34.9,16,3,3
C15838,56.3,17,2,2
C15839,44.2,10,2,1
C15840,48.1,20,2,2
C15841,69.8,26,2,1
C15842,39.5,19,2,1
C15843,41.7,16,3,1
C15844,8.8,8,5,3
C15845,50.6,21,2,0
C15846,34.7,10,4,4
C15847,51.6,18,2,0
C15848,43.4,14,4,3
C15849,41.4,15,2,0
C15850,26.7,12,3,1
C15851,14.0,1,4,2
C15852,53.9,24,2,1
C15853,23.0,8,4,3
C15854,32.8,12,3,2
C15855,17.6,7,4,4
C15856,41.4,16,2,0
C15857,34.2,8,3,1
C15858,84.8,30,0,0
C15859,23.9,12,3,2
C15860,9.4,9,5,4
C15861,32.3,8,3,2
C15862,31.6,6,3,3
C15863,40.3,22,2,0
C15864,60.8,25,2,2
C15865,63.6,21,1,0
C15866,78.5,29,1,0
C15867,42.2,20,2,2
C15868,50.9,20,3,2
C15869,46.4,15,2,2
C15870,43.2,19,2,1
C15871,54.8,18,1,1
C15872,35.7,10,3,2
C15873,35.9,12,3,2
C15874,49.6,17,3,2
C15875,21.9,3,4,4
C15876,32.6,12,4,2
C15877,45.2,22,4,3
C15878,67.3,23,1,0
C15879,56.2,17,3,3
C15880,51.1,19,3,3
C15881,32.9,7,3,2
C15882,29.9,16,2,1
C15883,35.0,12,2,1
C15884,36.1,9,3,3
C15885,52.4,15,3,3
C15886,28.3,12,3,2
C15887,12.9,12,4,2
C15888,40.9,13,4,3
C15889,39.6,17,3,3
C15890,68.4,21,1,0
C15891,0.0,2,4,2
C15892,56.0,18,1,0
C15893,55.5,24,1,0
C15894,20.1,9,4,4
C15895,43.7,14,3,1
C15896,59.4,25,1,1
C15897,53.6,15,3,3
C15898,54.7,23,2,1
C15899,65.9,21,1,1
C15900,35.2,16,2,0
C15901,30.7,15,3,2
C15902,31.7,16,3,3
C15903,18.5,12,3,2
C15904,77.8,26,2,2
C15905,78.6,32,0,0
C15906,49.4,21,3,2
C15907,18.6,10,4,2
C15908,37.6,18,3,3
C15909,12.3,3,5,4
C15910,57.3,30,1,0
C15911,33.2,4,3,3
C15912,33.0,12,3,2
C15913,41.7,17,2,1
C15914,21.5,11,3,1
C15915,25.5,4,3,3
C15916,22.1,11,4,3
C15917,68.9,24,1,1
C15918,40.0,14,3,1
C15919,38.5,14,3,2
C15920,64.8,18,2,1
C15921,40.3,13,3,2
C15922,14.8,9,5,3
C15923,21.5,10,5,5
C15924,39.8,18,3,1
C15925,33.7,14,6,6
C15926,64.8,25,2,0
C15927,49.5,19,2,1
C15928,63.0,27,2,0
C15929,31.5,8,4,3
C15930,70.9,21,5,3
C15931,50.1,22,2,0
C15932,51.9,19,2,1
C15933,74.7,28,1,1
C15934,83.6,26,1,1
C15935,47.7,18,4,4
C15936,13.3,0,4,3
C15937,38.0,14,2,1
C15938,24.0,8,4,3
C15939,55.9,21,3,3
C15940,20.9,8,5,5
C15941,40.7,15,3,1
C15942,68.2,23,3,2
C15943,45.2,21,2,1
C15944,32.4,6,3,2
C15945,10.5,4,4,3
C15946,18.3,8,4,3
C15947,6.6,2,4,3
C15948,42.7,13,3,2
C15949,18.0,4,4,3
C15950,53.0,23,1,0
C15951,60.2,15,3,1
C15952,64.1,23,1,1
C15953,32.6,17,3,3
C15954,49.0,17,2,2
C15955,50.5,19,3,1
C15956,48.1,17,3,2
C15957,62.1,21,2,1
C15958,39.1,16,3,3
C15959,30.5,12,3,3
C15960,85.9,27,1,0
C15961,17.9,5,4,2
C15962,31.5,11,3,1
C15963,49.5,24,2,1
C15964,55.1,19,1,1
C15965,33.2,14,4,4
C15966,11.4,9,4,4
C15967,66.6,24,2,1
C15968,40.2,15,2,2
C15969,31.6,7,5,4
C15970,30.2,13,3,3
C15971,27.7,2,4,2
C15972,71.5,20,1,1
C15973,18.8,0,5,4
C15974,50.0,11,3,3
C15975,46.4,14,3,1
C15976,4.8,5,6,6
C15977,37.5,19,4,3
C15978,41.7,14,5,5
C15979,61.4,19,2,1
C15980,48.5,18,3,1
C15981,74.2,26,1,1
C15982,38.4,18,4,4
C15983,47.0,12,3,1
C15984,35.6,12,3,2
C15985,11.2,4,5,5
C15986,49.2,20,3,3
C15987,25.1,13,3,1
C15988,64.8,30,0,0
C15989,61.3,21,1,0
C15990,58.8,28,1,1
C15991,6.7,5,5,3
C15992,49.8,15,2,2
C15993,34.1,18,3,3
C15994,54.0,15,2,0
C15995,44.1,10,4,2
C15996,38.4,17,2,2
C15997,27.6,6,3,1
C15998,40.6,17,2,2
C15999,25.4,14,4,4
C16000,5.8,3,5,3
C16001,48.4,15,2,0
C16002,69.9,31,1,1
C16003,61.5,27,1,1
C16004,59.2,26,1,0
C16005,37.9,10,4,4
C16006,5.1,2,5,5
C16007,11.8,4,5,5
C16008,58.8,24,1,0
C16009,37.5,18,2,0
C16010,66.6,17,1,0
C16011,48.8,15,1,0
C16012,37.7,17,3,1
C16013,45.1,14,3,3
C16014,49.9,16,2,2
C16015,43.6,15,3,1
C16016,24.9,12,3,1
C16017,64.3,22,3,1
C16018,43.8,16,2,0
C16019,0.0,0,5,4
C16020,38.2,20,3,3
C16021,77.7,25,1,1
C16022,37.9,19,2,1
C16023,45.1,20,2,0
C16024,39.2,16,3,2
C16025,39.9,15,5,5
C16026,33.4,10,5,5
C16027,12.7,7,4,3
C16028,70.3,27,0,0
C16029,45.3,19,3,1
C16030,49.9,18,3,2
C16031,54.9,19,1,0
C16032,67.0,26,0,0
C16033,8.2,8,4,3
C16034,59.3,22,3,2
C16035,22.4,9,6,6
C16036,30.7,14,3,3
C16037,59.6,27,1,1
C16038,20.2,12,4,2
C16039,31.8,18,3,1
C16040,22.2,0,4,4
C16041,0.0,5,5,4
C16042,18.3,3,4,3
C16043,48.0,23,2,1
C16044,64.5,28,3,3
C16045,32.1,15,5,3
C16046,44.2,21,2,0
C16047,22.9,2,4,4
C16048,27.4,5,4,4
C16049,35.6,12,4,2
C16050,17.6,3,4,4
C16051,43.6,18,3,3
C16052,39.8,20,2,0
C16053,12.8,10,5,5
C16054,18.8,14,3,2
C16055,51.3,17,1,1
C16056,39.8,11,4,3
C16057,68.9,22,1,0
C16058,55.2,21,2,2
C16059,53.3,15,4,2
C16060,69.8,34,2,0
C16061,27.9,13,4,4
C16062,53.7,14,3,3
C16063,65.2,25,2,0
C16064,25.9,5,3,1
C16065,38.5,18,4,3
C16066,55.5,21,2,0
C16067,29.8,8,3,1
C16068,39.8,20,2,0
C16069,30.9,9,3,3
C16070,24.5,14,3,2
C16071,16.3,5,4,3
C16072,29.4,13,3,3
C16073,24.8,10,4,4
C16074,50.7,17,3,1
C16075,56.7,25,4,2
C16076,40.0,17,2,0
C16077,17.7,0,4,3
C16078,24.8,7,3,2
C16079,61.5,28,1,0
C16080,6.6,0,4,3
C16081,50.6,16,3,1
C16082,48.1,20,2,2
C16083,60.8,26,2,0
C16084,71.7,23,1,0
C16085,64.0,26,1,0
C16086,53.4,24,3,2
C16087,62.9,21,2,2
C16088,9.3,9,5,4
C16089,21.6,8,4,2
C16090,73.4,23,1,1
C16091,51.4,18,2,1
C16092,51.9,23,2,1
C16093,42.1,17,3,3
C16094,63.8,16,1,0
C16095,43.3,24,3,3
C16096,24.5,6,4,3
C16097,76.1,26,0,0
C16098,51.5,16,2,0
C16099,54.4,23,2,1
C16100,11.4,10,4,4
C16101,34.4,16,3,1
C16102,35.8,17,3,3
C16103,35.3,13,4,3
C16104,66.4,30,1,1
C16105,41.6,14,2,2
C16106,49.7,15,2,2
C16107,31.9,14,3,1
C16108,61.9,15,2,0
C16109,36.7,15,3,2
C16110,35.9,12,4,2
C16111,64.2,20,1,0
C16112,62.8,19,2,1
C16113,24.4,4,5,3
C16114,53.1,18,2,0
C16115,7.3,4,5,3
C16116,0.0,0,6,4
C16117,44.4,19,2,2
C16118,29.1,14,3,2
C16119,45.5,14,2,2
C16120,59.6,23,2,2
C16121,37.6,13,3,1
C16122,43.9,14,3,3
C16123,23.4,4,4,4
C16124,74.1,23,2,0
C16125,11.5,2,7,5
C16126,16.2,10,4,3
C16127,33.1,9,3,3
C16128,45.7,16,2,2
C16129,65.1,25,1,0
C16130,54.3,23,3,2
C16131,49.2,14,3,1
C16132,41.8,20,2,0
C16133,56.6,23,1,0
C16134,56.3,17,2,2
C16135,74.2,23,1,0
C16136,33.1,10,4,3
C16137,46.3,13,2,2
C16138,8.3,5,5,5
C16139,36.2,10,4,2
C16140,69.0,20,1,1
C16141,38.8,15,2,1
C16142,59.9,26,1,0
C16143,19.6,12,3,1
C16144,48.3,17,2,2
C16145,37.6,12,3,3
C16146,54.8,24,2,2
C16147,34.5,4,3,1
C16148,30.1,6,3,1
C16149,44.8,18,2,2
C16150,18.5,6,4,3
C16151,33.4,17,4,3
C16152,77.3,32,1,0
C16153,51.7,22,2,1
C16154,12.0,5,5,3
C16155,45.7,17,3,1
C16156,56.0,16,2,1
C16157,52.7,25,2,2
C16158,49.0,11,2,1
C16159,65.3,28,1,1
C16160,7.3,8,5,3
C16161,60.3,20,2,1
C16162,45.6,11,3,3
C16163,38.7,16,2,1
C16164,51.7,14,4,4
C16165,45.5,22,2,2
C16166,42.9,18,3,1
C16167,41.7,15,2,1
C16168,51.1,17,2,2
C16169,15.9,9,5,4
C16170,48.5,13,3,2
C16171,46.7,23,2,1
C16172,50.4,15,3,1
C16173,24.3,8,4,4
C16174,39.9,16,2,1
C16175,39.4,17,3,3
C16176,30.4,13,4,4
C16177,31.7,16,4,3
C16178,43.7,8,3,3
C16179,66.4,26,2,2
C16180,36.3,11,5,5
C16181,57.1,21,2,2
C16182,40.4,17,2,2
C16183,64.1,22,1,0
C16184,56.1,23,2,1
C16185,42.9,25,3,2
C16186,30.2,7,4,4
C16187,46.2,22,2,2
C16188,51.3,11,2,0
C16189,8.0,13,4,2
C16190,25.9,7,4,3
C16191,78.1,35,0,0
C16192,6.4,7,6,6
C16193,11.3,9,4,4
C16194,48.7,16,2,2
C16195,35.3,14,3,1
C16196,61.1,21,1,0
C16197,58.2,22,2,0
C16198,42.2,21,2,2
C16199,26.6,7,3,2
C16200,52.2,23,2,2
C16201,51.8,14,2,1
C16202,54.4,27,1,0
C16203,76.9,30,1,0
C16204,47.8,20,2,1
C16205,30.6,12,4,3
C16206,40.7,9,3,1
C16207,60.0,21,2,1
C16208,26.6,13,4,4
C16209,45.6,16,2,2
C16210,58.6,21,2,0
C16211,18.3,7,4,2
C16212,51.2,21,2,0
C16213,46.2,19,2,1
C16214,32.5,6,4,3
C16215,69.1,23,1,1
C16216,45.4,23,2,2
C16217,49.9,25,2,1
C16218,50.9,16,3,3
C16219,69.7,27,4,2
C16220,13.3,6,5,5
C16221,29.6,10,3,1
C16222,16.9,8,4,4
C16223,60.4,17,2,2
C16224,12.0,6,4,4
C16225,51.4,17,2,0
C16226,34.5,12,3,3
C16227,9.7,3,4,2
C16228,54.0,19,1,0
C16229,40.0,9,4,3
C16230,25.1,3,4,2
C16231,10.7,8,4,3
C16232,70.6,27,2,2
C16233,26.9,14,3,2
C16234,7.5,7,5,4
C16235,40.1,12,3,2
C16236,65.5,18,2,0
C16237,61.3,22,1,0
C16238,41.7,18,5,3
C16239,29.4,13,4,2
C16240,53.0,16,3,1
C16241,15.1,9,4,4
C16242,39.1,11,3,3
C16243,63.6,20,1,0
C16244,45.9,15,3,3
C16245,62.9,20,1,0
C16246,5.8,2,5,3
C16247,36.8,10,3,1
C16248,29.1,10,5,4
C16249,11.1,9,5,4
C16250,13.2,8,4,4
C16251,59.4,23,3,3
C16252,34.4,14,4,4
C16253,38.4,17,3,3
C16254,69.1,26,1,0
C16255,53.9,26,1,0
C16256,52.0,15,2,2
C16257,15.0,10,4,4
C16258,41.2,15,5,5
C16259,52.8,18,3,1
C16260,45.2,19,4,3
C16261,25.5,12,3,1
C16262,43.0,21,2,0
C16263,5.4,8,5,3
C16264,19.9,15,4,4
C16265,8.1,2,4,2
C16266,28.6,12,3,3
C16267,45.4,12,3,1
C16268,49.6,23,1,0
C16269,29.5,13,3,1
C16270,29.8,14,5,4
C16271,27.0,12,3,1
C16272,24.0,10,5,3
C16273,28.1,9,3,3
C16274,59.3,19,1,1
C16275,48.8,19,3,1
C16276,54.6,19,3,2
C16277,13.9,5,4,2
C16278,52.2,18,3,1
C16279,18.3,9,4,3
C16280,34.3,5,3,1
C16281,14.8,5,5,3
C16282,34.1,20,3,1
C16283,66.6,31,2,1
C16284,9.4,11,5,5
C16285,62.9,28,4,4
C16286,30.5,13,3,2
C16287,59.0,19,3,1
C16288,27.9,5,4,4
C16289,50.1,20,2,0
C16290,57.4,27,1,0
C16291,47.1,18,4,4
C16292,54.4,22,1,0
C16293,51.1,23,1,1
C16294,45.7,21,4,4
C16295,78.7,25,0,0
C16296,62.6,24,1,0
C16297,36.2,15,3,3
C16298,26.1,10,3,3
C16299,62.0,25,3,3
C16300,61.9,22,4,3
C16301,48.2,17,2,0
C16302,2.9,2,5,4
C16303,87.7,27,0,0
C16304,59.8,17,2,0
C16305,37.4,19,3,2
C16306,54.2,19,2,2
C16307,29.2,7,4,3
C16308,35.6,16,4,4
C16309,5.1,6,6,6
C16310,13.0,5,4,2
C16311,62.5,30,3,1
C16312,41.5,17,2,2
C16313,20.2,9,4,2
C16314,45.3,10,3,3
C16315,55.7,21,3,2
C16316,30.2,15,3,1
C16317,52.8,21,3,1
C16318,23.3,10,3,3
C16319,37.1,12,3,3
C16320,11.1,6,4,3
C16321,55.3,18,3,3
C16322,23.1,12,5,3
C16323,56.6,21,3,1
C16324,57.1,26,1,0
C16325,66.8,25,1,1
C16326,43.4,18,2,2
C16327,37.8,15,3,2
C16328,5.6,3,5,3
C16329,19.1,10,4,3
C16330,46.8,16,2,2
C16331,29.2,13,3,3
C16332,37.7,17,2,2
C16333,36.9,19,2,2
C16334,33.0,12,3,1
C16335,54.7,25,2,1
C16336,1.5,3,4,2
C16337,51.2,13,2,1
C16338,55.6,20,3,3
C16339,21.6,5,4,3
C16340,37.0,14,3,3
C16341,18.0,9,5,4
C16342,25.6,6,4,2
C16343,39.7,21,3,3
C16344,21.4,11,5,4
C16345,8.9,0,4,2
C16346,60.3,24,1,1
C16347,37.2,16,3,3
C16348,24.0,6,3,1
C16349,52.7,17,3,3
C16350,43.8,20,4,2
C16351,34.4,13,4,4
C16352,69.5,24,0,0
C16353,61.7,22,1,0
C16354,34.9,14,3,1
C16355,8.0,7,4,3
C16356,35.2,15,3,3
C16357,58.2,20,2,2
C16358,46.9,17,3,2
C16359,54.5,24,2,2
C16360,2.0,0,4,3
C16361,32.6,12,3,1
C16362,22.7,12,3,2
C16363,11.2,3,4,4
C16364,15.9,1,4,4
C16365,57.3,15,2,2
C16366,80.6,27,0,0
C16367,0.0,7,4,3
C16368,49.9,17,2,0
C16369,49.6,17,2,2
C16370,49.5,16,2,1
C16371,20.5,16,3,1
C16372,15.4,8,4,4
C16373,2.2,5,7,6
C16374,20.1,9,5,4
C16375,29.1,11,3,2
C16376,61.1,23,1,0
C16377,40.4,12,2,1
C16378,14.5,8,3,3
C16379,57.1,27,1,1
C16380,50.7,20,3,3
C16381,61.3,21,3,2
C16382,60.0,22,3,2
C16383,45.0,15,3,2
C16384,70.2,26,1,0
C16385,50.2,21,2,1
C16386,34.1,9,3,3
C16387,43.1,19,3,1
C16388,45.6,23,2,2
C16389,56.5,22,1,1
C16390,43.3,21,4,3
C16391,45.9,15,2,0
C16392,26.2,8,4,4
C16393,49.3,20,2,0
C16394,64.0,26,1,1
C16395,23.8,10,3,2
C16396,84.4,29,2,2
C16397,17.6,9,5,3
C16398,42.4,15,3,2
C16399,82.6,24,0,0
C16400,58.8,26,4,2
C16401,43.9,19,2,2
C16402,48.9,21,2,0
C16403,70.7,26,1,1
C16404,41.8,16,2,2
C16405,13.5,10,5,5
C16406,51.1,18,2,0
C16407,28.8,8,3,2
C16408,22.0,16,4,2
C16409,10.8,3,4,4
C16410,30.6,7,3,1
C16411,54.9,14,2,1
C16412,71.3,27,0,0
C16413,47.8,18,2,1
C16414,37.5,14,4,4
C16415,8.4,3,8,8
C16416,1.3,0,5,5
C16417,79.2,24,1,0
C16418,19.3,4,4,2
C16419,9.5,0,6,4
C16420,30.7,9,3,1
C16421,27.1,14,4,2
C16422,21.3,7,3,2
C16423,67.1,25,1,1
C16424,17.2,6,5,4
C16425,29.3,16,4,4
C16426,16.4,5,5,3
C16427,10.4,7,5,3
C16428,66.9,27,2,1
C16429,42.6,15,3,3
C16430,11.4,4,4,2
C16431,30.5,10,3,2
C16432,71.5,28,1,0
C16433,54.5,15,2,1
C16434,60.0,20,1,0
C16435,44.8,20,2,2
C16436,24.2,13,4,3
C16437,11.1,5,5,4
C16438,19.9,10,4,4
C16439,62.0,25,2,1
C16440,31.8,14,3,3
C16441,73.2,26,0,0
C16442,30.2,10,3,2
C16443,36.6,17,4,4
C16444,11.8,0,6,4
C16445,26.0,7,5,3
C16446,29.8,12,3,2
C16447,20.1,11,4,3
C16448,46.2,18,3,3
C16449,29.4,12,3,3
C16450,47.4,17,3,2
C16451,15.8,3,6,6
C16452,55.9,13,2,2
C16453,24.6,10,6,6
C16454,20.4,5,5,3
C16455,41.4,16,2,1
C16456,36.3,13,3,1
C16457,51.4,20,2,1
C16458,21.0,4,5,5
C16459,71.5,27,0,0
C16460,71.4,30,2,2
C16461,15.2,4,4,2
C16462,34.2,14,4,4
C16463,59.5,20,2,2
C16464,61.2,27,1,0
C16465,56.7,21,4,4
C16466,40.6,13,3,3
C16467,83.4,27,1,0
C16468,21.4,5,4,3
C16469,69.5,22,1,0
C16470,26.3,5,5,5
C16471,9.3,0,5,4
C16472,43.9,20,2,1
C16473,17.2,7,5,4
C16474,51.9,18,2,0
C16475,30.0,13,5,5
C16476,34.3,15,3,1
C16477,48.7,15,5,5
C16478,53.0,17,3,1
C16479,57.8,21,2,1
C16480,42.9,14,3,3
C16481,27.2,8,3,3
C16482,66.1,21,2,1
C16483,48.9,20,3,2
C16484,49.0,24,3,1
C16485,24.3,9,5,4
C16486,22.9,8,3,3
C16487,46.9,16,2,1
C16488,24.7,5,5,5
C16489,71.0,27,3,3
C16490,27.6,4,4,3
C16491,45.0,18,2,1
C16492,60.8,27,2,0
C16493,40.4,18,4,2
C16494,30.3,14,3,3
C16495,27.7,9,4,3
C16496,66.1,18,2,1
C16497,49.4,18,2,0
C16498,51.6,24,3,2
C16499,57.9,19,2,1
C16500,54.2,16,4,3
C16501,54.9,22,1,1
C16502,73.9,30,0,0
C16503,36.7,16,3,1
C16504,36.9,13,3,1
C16505,23.6,11,4,2
C16506,51.6,21,4,3
C16507,45.7,19,3,1
C16508,37.0,10,5,4
C16509,50.3,20,4,4
C16510,44.1,18,3,1
C16511,24.6,8,3,3
C16512,39.5,11,2,1
C16513,67.2,29,2,1
C16514,36.3,14,4,4
C16515,20.0,8,3,2
C16516,58.1,20,2,2
C16517,19.4,11,4,2
C16518,42.9,18,2,1
C16519,43.6,19,2,1
C16520,16.2,1,4,4
C16521,49.6,15,4,2
C16522,54.1,22,1,0
C16523,45.2,14,2,2
C16524,50.6,19,4,2
C16525,38.1,10,4,2
C16526,73.5,25,2,0
C16527,44.2,14,2,0
C16528,29.5,11,3,2
C16529,31.7,14,4,4
C16530,29.4,7,6,4
C16531,30.6,7,3,3
C16532,39.4,16,3,2
C16533,29.7,13,3,2
C16534,22.5,10,3,3
C16535,63.1,27,2,2
C16536,41.1,18,3,2
C16537,40.7,13,3,1
C16538,1.3,0,5,3
C16539,37.0,11,4,4
C16540,39.0,9,3,2
C16541,45.7,11,2,0
C16542,18.4,11,4,3
C16543,51.6,13,3,1
C16544,62.7,18,3,2
C16545,36.6,16,4,3
C16546,58.7,25,1,0
C16547,42.5,13,5,4
C16548,21.0,12,3,2
C16549,19.0,1,4,2
C16550,78.6,29,0,0
C16551,60.5,25,1,0
C16552,23.4,9,3,3
C16553,24.0,11,4,3
C16554,61.0,23,3,1
C16555,50.4,17,2,1
C16556,62.2,26,1,1
C16557,55.8,20,3,1
C16558,12.2,3,4,3
C16559,55.0,18,2,0
C16560,39.7,22,2,1
C16561,36.7,13,3,1
C16562,17.4,6,4,2
C16563,19.1,10,5,3
C16564,25.1,8,3,2
C16565,35.7,13,5,4
C16566,20.9,12,6,4
C16567,19.6,8,4,2
C16568,40.7,6,6,6
C16569,28.2,15,3,2
C16570,42.4,19,3,2
C16571,20.8,9,5,5
C16572,62.1,29,2,1
C16573,23.9,8,3,1
C16574,10.6,5,5,5
C16575,12.8,3,5,4
C16576,64.5,20,1,0
C16577,82.1,30,1,1
C16578,50.0,14,2,0
C16579,65.7,28,2,2
C16580,64.8,26,2,1
C16581,45.5,17,3,2
C16582,59.2,24,1,0
C16583,23.2,7,4,2
C16584,27.9,12,3,1
C16585,49.0,19,2,1
C16586,54.4,20,2,0
C16587,32.7,7,3,3
C16588,17.6,12,3,3
C16589,64.1,19,1,0
C16590,35.9,13,2,2
C16591,22.2,9,3,3
C16592,7.3,1,4,2
C16593,25.0,6,4,3
C16594,26.5,13,3,3
C16595,42.2,16,5,5
C16596,34.8,7,4,2
C16597,19.8,6,4,3
C16598,25.5,10,4,4
C16599,31.7,11,3,3
C16600,25.4,10,5,4
C16601,6.7,4,4,3
C16602,48.0,15,2,0
C16603,47.3,25,2,0
C16604,52.6,22,3,2
C16605,65.7,22,3,2
C16606,31.0,5,3,1
C16607,67.2,23,1,0
C16608,27.6,5,6,5
C16609,39.7,14,3,1
C16610,76.7,28,1,0
C16611,41.5,14,3,3
C16612,63.5,19,2,1
C16613,33.6,11,3,2
C16614,63.4,21,1,0
C16615,9.6,2,5,4
C16616,53.1,21,2,1
C16617,69.8,20,1,1
C16618,16.6,8,3,2
C16619,55.8,23,1,1
C16620,48.0,20,2,2
C16621,33.8,12,3,2
C16622,72.2,22,2,2
C16623,55.9,19,3,1
C16624,34.7,8,3,3
C16625,18.1,10,5,4
C16626,36.7,5,5,5
C16627,6.3,4,4,4
C16628,22.3,8,5,4
C16629,62.7,17,3,3
C16630,53.7,20,2,2
C16631,20.3,3,4,3
C16632,39.6,15,3,1
C16633,30.7,8,3,1
C16634,17.3,12,4,4
C16635,62.9,21,1,0
C16636,28.6,17,3,2
C16637,22.4,16,3,1
C16638,46.0,24,3,2
C16639,62.5,18,2,0
C16640,66.9,29,0,0
C16641,31.3,17,5,3
C16642,28.2,18,3,2
C16643,5.1,4,5,3
C16644,4.8,10,4,4
C16645,62.8,23,1,0
C16646,34.5,17,3,3
C16647,31.5,10,4,4
C16648,59.6,19,1,1
C16649,46.0,20,3,2
C16650,43.9,16,2,0
C16651,54.5,19,3,1
C16652,43.9,19,2,1
C16653,19.4,6,6,5
C16654,22.1,8,5,3
C16655,52.8,14,2,2
C16656,72.1,28,0,0
C16657,62.5,17,1,0
C16658,61.3,23,1,0
C16659,37.9,18,4,4
C16660,80.2,26,0,0
C16661,24.0,4,4,2
C16662,54.9,22,2,1
C16663,44.2,11,3,1
C16664,14.8,2,4,4
C16665,21.0,10,3,2
C16666,45.2,9,3,2
C16667,39.9,11,4,4
C16668,54.7,20,1,0
C16669,25.0,8,3,2
C16670,70.4,20,1,1
C16671,28.7,8,3,2
C16672,46.9,20,3,1
C16673,39.8,13,3,2
C16674,52.8,22,2,1
C16675,50.7,22,3,2
C16676,4.6,2,5,3
C16677,52.8,16,2,0
C16678,23.0,1,5,4
C16679,9.5,9,5,5
C16680,80.0,26,0,0
C16681,42.9,19,2,1
C16682,3.7,4,6,6
C16683,49.3,21,5,5
C16684,28.3,7,4,4
C16685,72.0,25,1,1
C16686,58.0,31,1,0
C16687,41.7,17,3,1
C16688,74.7,27,1,0
C16689,25.1,12,3,1
C16690,18.8,4,4,3
C16691,40.0,20,2,1
C16692,28.3,9,3,2
C16693,25.3,11,5,3
C16694,62.0,26,1,1
C16695,35.4,12,3,3
C16696,59.9,29,1,1
C16697,22.2,13,3,2
C16698,48.0,16,2,0
C16699,46.8,23,2,0
C16700,63.9,22,1,0
C16701,69.4,26,2,1
C16702,19.4,4,4,2
C16703,33.9,18,3,1
C16704,80.7,25,2,1
C16705,76.7,29,0,0
C16706,24.6,9,7,7
C16707,44.6,16,3,1
C16708,53.0,20,2,1
C16709,48.3,25,2,2
C16710,46.8,20,2,2
C16711,31.9,7,5,4
C16712,42.4,16,4,4
C16713,25.7,6,4,4
C16714,30.8,11,4,4
C16715,35.5,13,4,3
C16716,23.0,8,6,5
C16717,73.4,31,0,0
C16718,30.0,8,4,2
C16719,5.8,3,7,5
C16720,49.8,12,2,1
C16721,50.0,20,3,2
C16722,50.1,15,3,3
C16723,75.0,31,0,0
C16724,33.8,10,3,2
C16725,31.8,16,3,1
C16726,46.8,17,3,1
C16727,50.3,17,2,1
C16728,39.3,15,4,4
C16729,12.6,6,5,4
C16730,59.4,22,1,0
C16731,73.0,26,2,1
C16732,72.9,24,3,2
C16733,43.2,13,3,2
C16734,29.9,16,3,1
C16735,82.4,27,1,1
C16736,58.9,21,1,0
C16737,66.1,23,4,3
C16738,62.2,23,2,2
C16739,11.2,3,4,4
C16740,40.5,16,3,2
C16741,12.0,7,4,3
C16742,60.7,25,2,1
C16743,21.5,8,4,3
C16744,56.9,26,2,1
C16745,42.3,15,3,2
C16746,62.2,18,1,0
C16747,59.0,16,3,2
C16748,18.1,5,4,3
C16749,9.6,11,5,3
C16750,71.3,35,0,0
C16751,62.6,25,1,0
C16752,17.2,9,4,2
C16753,50.6,16,2,2
C16754,38.0,12,3,1
C16755,56.9,23,2,0
C16756,13.6,3,4,4
C16757,0.0,4,4,4
C16758,24.5,14,3,2
C16759,24.4,11,3,3
C16760,74.1,26,0,0
C16761,52.7,20,2,0
C16762,44.7,17,2,1
C16763,37.8,16,4,3
C16764,39.0,13,3,3
C16765,60.8,28,2,1
C16766,48.9,26,2,2
C16767,44.1,20,2,1
C16768,38.9,13,3,1
C16769,51.6,19,2,0
C16770,49.3,20,3,2
C16771,16.1,10,6,4
C16772,61.3,25,2,2
C16773,28.4,5,4,4
C16774,0.0,0,6,6
C16775,55.9,16,2,1
C16776,70.0,28,2,1
C16777,60.3,13,3,1
C16778,15.1,4,4,2
C16779,36.7,15,5,4
C16780,49.0,29,2,0
C16781,33.4,18,2,1
C16782,24.4,13,3,1
C16783,48.7,20,3,2
C16784,13.2,4,5,3
C16785,41.8,19,5,5
C16786,44.5,11,3,3
C16787,5.5,0,5,5
C16788,44.7,13,2,2
C16789,35.9,20,5,5
C16790,45.0,20,3,2
C16791,29.5,6,5,4
C16792,60.1,18,1,1
C16793,56.3,21,3,2
C16794,21.9,6,3,2
C16795,65.9,25,2,2
C16796,12.6,9,4,2
C16797,37.1,12,3,2
C16798,34.9,23,3,3
C16799,79.9,23,1,0
C16800,14.8,6,4,4
C16801,63.5,23,1,0
C16802,35.6,13,3,1
C16803,63.8,22,2,1
C16804,30.4,9,4,4
C16805,16.5,8,5,4
C16806,72.1,31,0,0
C16807,26.6,10,3,1
C16808,37.6,12,3,3
C16809,25.4,4,4,3
C16810,66.4,28,2,1
C16811,41.2,15,2,1
C16812,15.7,10,5,4
C16813,32.5,11,3,2
C16814,15.1,13,5,4
C16815,62.1,15,1,0
C16816,76.9,25,2,0
C16817,41.2,15,4,2
C16818,61.2,19,2,1
C16819,50.0,21,3,3
C16820,40.7,20,2,1
C16821,90.0,33,1,0
C16822,14.8,8,5,5
C16823,43.6,19,2,1
C16824,74.3,28,1,0
C16825,37.6,11,3,3
C16826,26.8,10,3,3
C16827,60.0,18,1,0
C16828,23.9,17,3,2
C16829,64.9,22,1,1
C16830,36.2,15,2,0
C16831,16.1,1,4,4
C16832,20.2,4,5,5
C16833,27.8,12,3,2
C16834,73.2,20,1,0
C16835,31.0,12,3,3
C16836,34.3,12,5,5
C16837,49.5,19,2,0
C16838,55.2,20,2,2
C16839,63.7,30,1,0
C16840,40.8,17,2,2
C16841,32.2,14,3,2
C16842,24.6,9,4,2
C16843,41.6,19,3,1
C16844,27.4,5,3,1
C16845,54.9,27,4,2
C16846,35.5,10,4,3
C16847,31.5,14,3,3
C16848,35.7,15,3,3
C16849,57.4,20,3,3
C16850,25.1,8,3,2
C16851,29.8,15,3,2
C16852,9.3,2,5,3
C16853,32.5,10,3,1
C16854,45.7,16,3,3
C16855,28.8,11,6,5
C16856,52.4,22,3,2
C16857,76.2,27,0,0
C16858,52.2,19,2,1
C16859,35.0,11,3,3
C16860,32.0,10,3,1
C16861,33.9,10,3,3
C16862,69.0,20,2,2
C16863,54.7,25,1,0
C16864,11.2,5,5,5
C16865,61.3,27,3,3
C16866,51.3,20,1,0
C16867,39.2,14,2,1
C16868,43.4,16,3,3
C16869,22.8,8,5,3
C16870,43.1,12,3,1
C16871,43.9,17,2,2
C16872,62.7,20,2,1
C16873,22.7,8,4,4
C16874,56.1,20,3,3
C16875,43.8,23,2,2
C16876,22.6,4,5,3
C16877,64.5,27,2,1
C16878,76.8,30,1,0
C16879,12.1,1,4,4
C16880,70.7,30,1,1
C16881,53.4,15,2,2
C16882,33.7,14,4,3
C16883,57.4,14,3,1
C16884,9.3,5,6,4
C16885,4.5,0,4,2
C16886,23.1,10,4,4
C16887,84.8,27,1,1
C16888,45.9,25,2,2
C16889,63.5,26,2,1
C16890,44.0,11,4,3
C16891,22.1,1,4,4
C16892,49.8,24,2,0
C16893,52.6,20,3,2
C16894,74.9,26,0,0
C16895,32.1,15,3,2
C16896,23.3,7,5,5
C16897,54.2,16,2,1
C16898,17.9,9,4,4
C16899,50.0,14,1,0
C16900,81.0,29,1,0
C16901,46.4,16,2,2
C16902,54.4,22,3,2
C16903,34.6,13,3,3
C16904,43.4,13,2,0
C16905,45.5,20,2,1
C16906,7.4,9,5,3
C16907,66.1,26,4,3
C16908,55.5,24,1,0
C16909,42.3,19,2,0
C16910,49.4,20,4,2
C16911,71.5,25,3,1
C16912,75.1,27,1,1
C16913,50.4,19,4,2
C16914,60.4,25,1,0
C16915,17.6,10,4,4
C16916,61.5,24,2,1
C16917,33.9,14,3,3
C16918,18.6,1,4,4
C16919,47.0,17,3,2
C16920,57.9,20,3,1
C16921,37.9,14,4,4
C16922,42.9,15,4,3
C16923,57.1,27,1,0
C16924,44.5,18,4,2
C16925,21.5,6,4,2
C16926,24.1,11,3,3
C16927,53.3,13,2,2
C16928,59.4,22,2,0
C16929,58.8,19,3,2
C16930,51.3,20,2,2
C16931,48.8,17,3,3
C16932,19.8,12,5,4
C16933,36.1,16,3,1
C16934,32.8,10,4,2
C16935,13.1,7,5,5
C16936,43.7,13,3,1
C16937,60.6,20,3,2
C16938,17.0,9,4,3
C16939,40.3,17,3,1
C16940,14.1,6,4,4
C16941,16.2,8,5,5
C16942,16.7,1,4,4
C16943,49.3,17,2,1
C16944,57.7,20,1,0
C16945,44.9,21,3,1
C16946,27.4,9,3,2
C16947,64.3,27,1,1
C16948,54.1,24,1,0
C16949,67.8,29,0,0
C16950,22.7,6,5,5
C16951,40.2,21,2,2
C16952,50.0,22,2,2
C16953,39.2,15,3,2
C16954,28.3,16,3,2
C16955,54.9,20,2,1
C16956,18.9,8,4,4
C16957,44.5,20,3,1
C16958,4.9,7,5,3
C16959,18.5,3,4,4
C16960,37.3,14,3,2
C16961,68.4,25,1,0
C16962,54.3,23,1,0
C16963,9.1,12,4,2
C16964,14.3,0,4,2
C16965,27.8,15,4,2
C16966,42.3,18,2,2
C16967,71.7,24,1,1
C16968,45.7,18,2,1
C16969,64.1,24,2,0
C16970,45.1,16,4,3
C16971,45.2,26,3,2
C16972,34.9,18,4,2
C16973,48.7,15,2,1
C16974,23.5,12,4,2
C16975,36.6,17,3,2
C16976,57.4,17,2,2
C16977,43.8,18,3,3
C16978,37.4,17,4,2
C16979,32.1,14,3,2
C16980,33.7,11,3,3
C16981,20.5,6,4,3
C16982,18.6,6,4,3
C16983,57.2,20,1,1
C16984,30.9,15,3,1
C16985,37.1,11,3,2
C16986,66.7,23,1,0
C16987,19.4,6,4,2
C16988,64.6,22,2,0
C16989,34.1,13,4,3
C16990,53.7,17,3,3
C16991,23.7,9,5,4
C16992,51.3,18,2,1
C16993,47.0,19,3,1
C16994,43.6,19,2,0
C16995,25.8,12,3,1
C16996,59.1,24,2,2
C16997,17.9,11,4,3
C16998,14.6,9,4,2
C16999,28.6,6,5,4
C17000,34.3,14,5,4
C17001,31.7,13,3,3
C17002,72.0,28,2,2
C17003,39.2,14,4,2
C17004,59.0,17,2,2
C17005,42.7,19,3,1
C17006,50.0,23,3,2
C17007,60.6,17,3,1
C17008,21.3,10,3,2
C17009,53.8,17,4,3
C17010,35.7,14,4,4
C17011,19.7,2,4,4
C17012,24.8,13,4,4
C17013,40.3,13,3,3
C17014,36.9,14,3,1
C17015,39.1,12,2,1
C17016,65.6,22,2,0
C17017,37.0,13,5,3
C17018,39.7,17,2,1
C17019,25.3,9,4,3
C17020,33.9,7,3,1
C17021,68.0,25,1,0
C17022,37.0,9,3,2
C17023,41.5,12,2,0
C17024,59.8,20,2,1
C17025,53.8,16,1,0
C17026,74.3,28,0,0
C17027,18.5,8,5,3
C17028,65.8,25,2,1
C17029,48.0,14,4,4
C17030,63.3,20,2,2
C17031,33.4,16,3,2
C17032,22.2,4,4,4
C17033,26.3,11,3,1
C17034,28.7,10,4,2
C17035,22.0,13,3,3
C17036,27.9,21,3,1
C17037,44.6,13,2,1
C17038,15.5,4,5,4
C17039,45.8,11,7,6
C17040,16.1,11,4,4
C17041,30.5,9,4,3
C17042,39.7,16,4,3
C17043,70.1,30,1,0
C17044,58.6,17,2,0
C17045,49.9,21,3,2
C17046,62.7,25,2,2
C17047,30.7,10,4,4
C17048,7.2,4,4,3
C17049,42.2,16,4,2
C17050,43.3,9,4,4
C17051,36.1,15,3,1
C17052,2.5,0,5,4
C17053,70.4,31,0,0
C17054,25.9,10,4,4
C17055,62.6,22,1,0
C17056,31.2,12,3,3
C17057,37.8,18,4,3
C17058,41.2,13,3,2
C17059,34.5,5,3,3
C17060,27.9,4,4,2
C17061,35.2,13,5,3
C17062,31.3,13,3,1
C17063,33.3,15,3,2
C17064,30.6,9,3,1
C17065,10.2,2,5,4
C17066,46.7,21,2,2
C17067,55.4,26,2,2
C17068,37.1,15,4,3
C17069,61.4,20,1,0
C17070,53.4,18,2,1
C17071,16.9,10,5,5
C17072,26.4,11,3,2
C17073,18.8,11,3,1
C17074,45.2,13,2,0
C17075,63.7,22,2,0
C17076,51.7,16,2,2
C17077,22.7,11,3,3
C17078,50.1,19,2,1
C17079,56.2,17,2,2
C17080,17.0,5,4,4
C17081,19.7,11,4,4
C17082,74.9,30,0,0
C17083,43.7,12,2,1
C17084,36.1,8,4,4
C17085,32.6,11,3,1
C17086,48.5,16,2,1
C17087,67.1,28,1,0
C17088,66.8,19,1,1
C17089,38.0,11,3,1
C17090,56.1,22,1,0
C17091,28.4,13,4,3
C17092,52.0,12,4,2
C17093,30.9,9,3,3
C17094,63.9,25,0,0
C17095,54.8,21,1,0
C17096,34.1,11,3,1
C17097,42.3,22,2,2
C17098,17.3,13,4,2
C17099,63.0,23,1,1
C17100,63.1,27,2,1
C17101,64.6,19,1,0
C17102,19.2,1,5,5
C17103,19.3,3,4,4
C17104,48.4,20,3,3
C17105,54.5,20,3,1
C17106,25.9,5,4,3
C17107,23.6,0,6,4
C17108,37.1,14,4,4
C17109,44.0,17,3,2
C17110,34.3,16,3,3
C17111,46.1,15,6,6
C17112,58.9,24,1,0
C17113,43.0,13,4,4
C17114,14.3,11,4,4
C17115,59.3,22,2,1
C17116,37.5,15,3,1
C17117,38.8,18,3,1
C17118,72.4,28,0,0
C17119,43.9,14,3,2
C17120,45.7,19,3,3
C17121,66.1,23,1,1
C17122,65.7,25,1,0
C17123,53.8,20,2,0
C17124,33.1,8,3,2
C17125,56.0,18,3,1
C17126,64.5,24,1,0
C17127,35.2,14,3,2
C17128,71.6,25,2,2
C17129,20.5,13,3,1
C17130,31.0,13,4,4
C17131,60.1,21,2,1
C17132,39.6,10,3,2
C17133,48.1,15,4,4
C17134,48.8,14,2,2
C17135,20.0,12,6,6
C17136,23.5,12,3,1
C17137,47.7,17,4,4
C17138,27.2,10,4,3
C17139,10.7,6,6,6
C17140,49.7,22,3,2
C17141,44.2,17,3,3
C17142,26.1,13,4,4
C17143,78.1,26,3,3
C17144,44.0,14,5,4
C17145,45.9,27,2,0
C17146,28.3,13,3,2
C17147,26.3,4,5,5
C17148,62.8,19,1,0
C17149,50.2,22,3,2
C17150,64.6,23,2,1
C17151,57.5,28,1,0
C17152,30.6,15,5,3
C17153,24.4,12,4,3
C17154,16.2,6,4,4
C17155,29.7,12,4,3
C17156,47.4,21,2,2
C17157,64.6,32,2,1
C17158,16.5,9,4,3
C17159,26.8,14,3,1
C17160,53.7,15,3,3
C17161,38.5,14,4,4
C17162,31.7,18,3,1
C17163,85.7,22,0,0
C17164,2.3,3,6,5
C17165,44.5,13,2,0
C17166,78.4,23,1,0
C17167,28.3,10,6,5
C17168,7.2,0,5,4
C17169,30.2,13,4,2
C17170,37.1,9,3,1
C17171,24.0,16,5,5
C17172,29.5,6,3,3
C17173,49.9,10,3,2
C17174,75.2,30,2,0
C17175,61.6,24,1,0
C17176,43.0,14,3,3
C17177,35.3,9,3,1
C17178,56.6,23,1,1
C17179,72.6,29,1,0
C17180,40.5,15,3,3
C17181,32.7,12,4,4
C17182,58.5,20,2,0
C17183,9.3,0,5,3
C17184,39.6,15,4,4
C17185,68.9,18,1,0
C17186,0.0,0,5,3
C17187,50.4,21,2,0
C17188,26.6,6,4,2
C17189,57.3,20,1,1
C17190,27.4,5,3,2
C17191,44.1,20,3,1
C17192,75.7,24,1,0
C17193,65.4,21,1,0
C17194,46.2,20,3,2
C17195,29.9,8,3,2
C17196,59.2,25,2,1
C17197,52.9,16,3,1
C17198,52.0,12,1,0
C17199,30.3,8,4,3
C17200,31.0,9,4,3
C17201,61.9,19,2,2
C17202,22.1,8,4,2
C17203,80.0,26,1,0
C17204,48.8,21,2,1
C17205,64.3,25,1,0
C17206,29.6,12,4,4
C17207,54.4,21,2,2
C17208,53.6,23,2,1
C17209,40.0,22,2,0
C17210,14.8,4,5,5
C17211,20.2,7,3,3
C17212,23.9,6,4,3
C17213,79.0,27,0,0
C17214,32.5,8,3,1
C17215,12.3,4,4,4
C17216,51.7,17,3,3
C17217,30.0,5,3,1
C17218,37.2,8,4,2
C17219,45.1,16,2,2
C17220,28.1,11,3,1
C17221,79.9,27,2,0
C17222,74.0,26,1,0
C17223,14.4,12,4,4
C17224,42.2,15,3,1
C17225,50.7,20,2,2
C17226,59.1,27,1,1
C17227,57.7,22,2,2
C17228,57.7,15,2,0
C17229,38.6,15,4,3
C17230,30.9,12,3,2
C17231,58.0,17,2,2
C17232,25.0,8,4,4
C17233,9.7,5,5,5
C17234,37.2,17,4,2
C17235,49.2,16,3,1
C17236,59.4,16,3,3
C17237,36.7,12,3,3
C17238,49.9,20,2,2
C17239,64.8,28,1,1
C17240,53.4,25,3,3
C17241,32.4,15,3,1
C17242,36.4,15,3,1
C17243,79.1,33,1,1
C17244,46.1,11,3,2
C17245,65.6,22,1,0
C17246,40.2,16,4,2
C17247,20.9,15,3,1
C17248,49.9,19,3,2
C17249,24.4,10,3,3
C17250,45.0,17,2,1
C17251,8.3,9,4,3
C17252,33.9,15,4,4
C17253,13.8,3,6,5
C17254,24.9,10,4,3
C17255,45.7,23,3,3
C17256,45.1,19,2,0
C17257,50.7,11,2,0
C17258,40.6,17,3,3
C17259,45.0,16,3,3
C17260,65.2,27,1,0
C17261,62.0,22,2,0
C17262,23.9,14,4,3
C17263,49.1,21,2,2
C17264,39.6,10,4,3
C17265,17.6,9,4,4
C17266,39.0,10,3,2
C17267,52.7,18,3,2
C17268,62.6,21,2,2
C17269,56.1,18,3,1
C17270,22.5,8,4,4
C17271,84.5,36,1,0
C17272,49.7,20,2,0
C17273,25.0,5,4,4
C17274,25.5,13,3,3
C17275,32.1,16,4,3
C17276,34.0,11,3,1
C17277,56.4,21,2,2
C17278,35.8,16,3,3
C17279,15.8,11,5,3
C17280,62.5,21,2,2
C17281,71.5,27,0,0
C17282,32.1,20,3,2
C17283,64.7,22,3,2
C17284,15.2,7,4,3
C17285,63.7,22,2,0
C17286,40.1,19,4,4
C17287,18.7,2,4,4
C17288,23.1,14,4,4
C17289,42.6,14,2,0
C17290,12.8,1,7,5
C17291,56.2,21,2,1
C17292,30.7,16,2,1
C17293,5.9,2,5,4
C17294,52.7,18,3,1
C17295,57.1,29,1,0
C17296,49.9,19,2,0
C17297,57.2,24,4,2
C17298,25.9,14,3,3
C17299,37.3,14,3,3
C17300,49.4,18,4,3
C17301,46.5,18,3,2
C17302,62.4,26,1,0
C17303,51.1,13,1,0
C17304,59.7,19,2,0
C17305,41.4,17,3,3
C17306,17.2,8,5,4
C17307,39.1,14,3,1
C17308,17.2,2,4,3
C17309,21.0,7,4,4
C17310,43.4,14,3,1
C17311,66.4,19,1,0
C17312,28.7,10,3,2
C17313,35.3,10,3,3
C17314,39.5,17,2,0
C17315,17.7,12,4,4
C17316,59.2,28,1,0
C17317,52.1,17,2,1
C17318,59.2,20,1,1
C17319,23.1,8,5,5
C17320,37.5,8,3,1
C17321,47.7,19,2,2
C17322,39.0,17,2,2
C17323,49.3,19,3,3
C17324,64.2,25,1,0
C17325,30.6,10,6,4
C17326,37.2,19,3,3
C17327,50.4,14,2,0
C17328,22.4,2,4,2
C17329,39.3,15,5,4
C17330,74.7,25,2,1
C17331,57.3,24,2,1
C17332,58.2,21,2,1
C17333,68.9,25,1,0
C17334,8.5,1,5,4
C17335,43.2,15,2,2
C17336,38.3,11,3,1
C17337,47.4,16,2,0
C17338,39.9,22,2,0
C17339,48.0,18,2,2
C17340,31.4,11,4,3
C17341,56.3,20,2,2
C17342,22.8,6,4,2
C17343,19.9,1,4,3
C17344,72.5,24,2,2
C17345,46.1,19,2,1
C17346,53.3,24,2,0
C17347,58.6,20,1,0
C17348,0.0,0,7,7
C17349,48.4,24,5,3
C17350,36.1,10,4,4
C17351,61.8,21,2,1
C17352,33.0,16,3,3
C17353,53.3,17,2,0
C17354,18.8,8,4,4
C17355,58.9,21,2,1
C17356,70.7,29,1,0
C17357,48.9,24,3,3
C17358,61.5,22,1,1
C17359,39.1,21,4,3
C17360,39.5,18,3,1
C17361,18.7,3,4,4
C17362,21.1,15,3,1
C17363,70.0,19,1,0
C17364,15.4,1,6,4
C17365,36.5,12,3,1
C17366,55.6,28,3,1
C17367,52.7,19,3,3
C17368,67.5,23,3,3
C17369,36.5,11,4,2
C17370,19.1,5,3,1
C17371,9.6,0,6,6
C17372,25.8,12,3,2
C17373,21.8,13,4,4
C17374,4.2,6,6,5
C17375,17.9,14,3,1
C17376,35.9,7,3,1
C17377,52.3,15,2,0
C17378,33.7,15,3,2
C17379,47.7,17,3,1
C17380,37.1,14,5,3
C17381,45.0,19,2,2
C17382,40.1,15,4,4
C17383,39.9,14,3,3
C17384,19.6,4,5,5
C17385,39.7,16,3,2
C17386,48.8,15,3,1
C17387,8.3,5,4,2
C17388,39.7,19,3,3
C17389,37.3,10,3,2
C17390,57.4,20,1,0
C17391,42.2,15,4,4
C17392,39.8,14,6,5
C17393,37.6,10,4,4
C17394,3.9,1,6,4
C17395,76.3,21,3,3
C17396,15.4,9,4,4
C17397,31.7,12,2,1
C17398,66.0,25,1,1
C17399,44.2,13,2,2
C17400,42.4,11,3,1
C17401,39.6,14,3,1
C17402,54.7,22,3,3
C17403,30.2,14,3,2
C17404,46.4,22,2,0
C17405,9.6,8,4,3
C17406,40.7,14,4,3
C17407,39.6,18,2,0
C17408,46.8,16,4,2
C17409,43.6,15,3,2
C17410,15.4,0,6,4
C17411,24.3,10,3,2
C17412,72.3,26,1,0
C17413,25.2,9,3,1
C17414,55.1,29,1,0
C17415,21.7,8,3,1
C17416,44.4,15,3,2
C17417,71.1,30,1,0
C17418,46.1,13,2,2
C17419,53.6,23,2,0
C17420,25.9,11,5,3
C17421,34.9,11,3,2
C17422,48.4,18,2,2
C17423,64.8,24,2,0
C17424,44.2,16,3,3
C17425,25.4,5,4,2
C17426,7.0,0,4,3
C17427,55.1,21,1,0
C17428,55.4,22,2,1
C17429,48.4,18,2,2
C17430,54.1,22,4,3
C17431,54.0,18,3,3
C17432,65.1,24,1,1
C17433,65.7,28,1,1
C17434,26.1,9,5,3
C17435,30.4,8,3,1
C17436,23.5,7,4,4
C17437,67.3,25,1,0
C17438,18.9,6,5,4
C17439,35.1,19,4,2
C17440,54.7,22,2,0
C17441,53.8,18,2,1
C17442,9.2,6,4,3
C17443,47.4,19,2,1
C17444,19.8,4,4,3
C17445,49.1,21,2,1
C17446,30.7,16,4,4
C17447,43.8,13,3,1
C17448,37.3,11,4,2
C17449,70.6,28,1,0
C17450,29.8,15,4,2
C17451,49.2,16,2,2
C17452,31.7,13,3,3
C17453,58.9,23,2,0
C17454,7.5,7,4,4
C17455,63.9,20,2,0
C17456,17.3,0,5,3
C17457,41.5,17,3,3
C17458,34.9,14,3,2
C17459,22.9,8,4,3
C17460,37.1,13,3,3
C17461,39.7,18,4,3
C17462,22.0,13,4,2
C17463,11.0,1,5,5
C17464,76.5,31,0,0
C17465,43.4,16,4,2
C17466,33.6,14,3,3
C17467,58.2,22,3,3
C17468,31.2,12,3,2
C17469,24.9,15,3,3
C17470,50.0,18,3,3
C17471,47.8,19,2,1
C17472,58.2,25,1,0
C17473,35.1,17,3,2
C17474,21.4,10,4,3
C17475,15.2,8,4,2
C17476,24.4,9,4,3
C17477,73.9,23,1,1
C17478,59.7,19,1,0
C17479,53.8,24,2,0
C17480,22.1,2,4,2
C17481,44.3,18,3,1
C17482,34.1,13,3,3
C17483,26.9,16,3,1
C17484,36.1,15,6,5
C17485,38.7,13,3,3
C17486,40.5,14,5,5
C17487,54.1,21,1,0
C17488,58.3,23,2,1
C17489,14.1,6,4,2
C17490,46.8,15,2,0
C17491,72.2,24,3,2
C17492,57.7,23,1,0
C17493,15.1,11,6,5
C17494,64.1,25,1,0
C17495,56.0,24,2,1
C17496,47.0,20,2,1
C17497,79.2,28,0,0
C17498,22.3,11,6,6
C17499,25.3,7,3,1
C17500,62.6,20,1,0
C17501,73.3,22,2,0
C17502,59.8,19,2,1
C17503,47.5,15,2,0
C17504,20.7,3,4,4
C17505,56.3,24,3,3
C17506,68.4,29,1,0
C17507,56.9,26,2,0
C17508,41.9,18,3,2
C17509,43.9,17,3,3
C17510,52.9,14,3,1
C17511,17.6,13,5,5
C17512,34.3,12,5,3
C17513,65.1,30,2,2
C17514,48.2,20,2,0
C17515,49.1,15,2,1
C17516,54.7,22,2,2
C17517,33.0,13,3,2
C17518,42.9,16,2,2
C17519,7.4,5,4,3
C17520,20.2,4,5,3
C17521,30.9,15,4,3
C17522,39.5,13,3,3
C17523,35.3,12,4,2
C17524,0.0,7,5,4
C17525,37.7,12,5,5
C17526,63.1,24,2,2
C17527,30.6,16,3,3
C17528,24.6,10,5,3
C17529,44.1,11,2,1
C17530,26.2,9,5,4
C17531,77.2,29,0,0
C17532,33.8,11,3,2
C17533,20.0,9,3,1
C17534,55.4,20,2,2
C17535,62.1,25,3,2
C17536,56.3,17,2,0
C17537,35.3,10,3,1
C17538,26.6,13,3,1
C17539,45.5,16,2,0
C17540,64.7,22,1,0
C17541,20.7,5,4,2
C17542,41.1,12,2,1
C17543,53.1,23,2,2
C17544,39.2,14,3,2
C17545,8.7,3,6,4
C17546,25.4,8,4,4
C17547,39.9,16,2,2
C17548,43.4,18,2,0
C17549,71.5,24,1,0
C17550,70.8,19,1,0
C17551,76.4,31,2,0
C17552,21.3,9,4,4
C17553,79.0,27,3,1
C17554,54.2,15,2,0
C17555,65.3,26,0,0
C17556,17.3,11,3,2
C17557,58.7,22,2,2
C17558,30.6,14,4,3
C17559,58.9,20,3,1
C17560,6.6,1,5,4
C17561,25.7,11,3,2
C17562,2.6,2,5,5
C17563,16.8,5,5,5
C17564,29.2,12,3,1
C17565,68.5,27,1,0
C17566,7.0,9,5,5
C17567,62.3,24,2,0
C17568,62.9,21,1,0
C17569,17.2,3,4,4
C17570,35.9,11,4,4
C17571,60.5,25,1,0
C17572,66.0,28,2,1
C17573,49.7,20,2,2
C17574,72.8,32,0,0
C17575,35.9,19,3,1
C17576,65.9,21,2,0
C17577,53.4,16,2,0
C17578,38.5,14,4,2
C17579,41.6,18,3,2
C17580,39.0,22,2,2
C17581,37.0,9,4,4
C17582,39.6,19,2,0
C17583,68.6,30,1,1
C17584,21.0,13,5,3
C17585,24.3,5,4,3
C17586,40.8,9,3,2
C17587,75.3,27,1,0
C17588,41.0,13,3,2
C17589,1.5,1,6,5
C17590,41.9,14,2,2
C17591,25.8,11,6,4
C17592,53.2,23,2,0
C17593,45.5,18,2,0
C17594,68.1,19,1,0
C17595,21.5,8,3,1
C17596,28.8,14,3,1
C17597,59.1,26,1,0
C17598,61.1,24,1,0
C17599,47.0,21,2,2
C17600,19.3,9,4,3
C17601,60.6,22,3,2
C17602,14.8,1,6,5
C17603,79.1,32,0,0
C17604,79.8,28,0,0
C17605,51.0,17,2,1
C17606,18.4,6,5,3
C17607,48.1,16,3,2
C17608,72.7,31,1,0
C17609,29.7,9,3,3
C17610,4.3,0,5,5
C17611,34.3,13,3,1
C17612,32.8,12,4,4
C17613,32.1,9,3,3
C17614,45.1,13,2,1
C17615,42.6,16,3,1
C17616,2.2,2,6,6
C17617,18.6,14,4,2
C17618,56.2,23,1,0
C17619,24.5,8,4,3
C17620,55.1,22,4,4
C17621,49.3,19,3,2
C17622,61.2,20,3,2
C17623,24.9,11,4,4
C17624,61.6,24,1,0
C17625,6.5,3,4,3
C17626,4.8,0,4,4
C17627,34.3,13,3,3
C17628,40.5,18,2,2
C17629,32.2,13,5,3
C17630,67.7,29,2,2
C17631,53.0,18,2,1
C17632,44.2,16,3,1
C17633,73.8,31,1,0
C17634,58.6,24,1,0
C17635,43.3,12,2,1
C17636,4.0,6,4,3
C17637,44.3,16,4,2
C17638,46.2,19,2,1
C17639,38.3,14,2,0
C17640,45.7,17,2,2
C17641,44.9,11,3,2
C17642,55.6,24,2,0
C17643,45.8,18,3,2
C17644,33.5,8,3,3
C17645,0.0,5,5,3
C17646,36.6,12,4,4
C17647,54.9,21,2,1
C17648,56.6,21,2,1
C17649,3.4,8,5,5
C17650,57.3,21,2,0
C17651,60.3,25,1,0
C17652,73.6,29,0,0
C17653,31.8,10,4,4
C17654,44.5,17,3,3
C17655,35.4,10,4,3
C17656,54.9,22,2,0
C17657,40.9,19,5,4
C17658,28.5,10,3,3
C17659,66.2,29,0,0
C17660,19.9,6,4,4
C17661,49.5,23,2,2
C17662,47.0,23,2,1
C17663,40.7,17,4,2
C17664,42.7,16,3,1
C17665,28.7,4,5,5
C17666,8.3,0,4,3
C17667,40.4,17,3,2
C17668,46.5,11,3,3
C17669,45.4,19,3,3
C17670,26.7,12,4,2
C17671,19.3,6,4,2
C17672,67.9,24,1,1
C17673,28.2,7,3,3
C17674,48.8,24,2,1
C17675,10.3,3,4,3
C17676,50.4,16,2,2
C17677,49.7,21,3,1
C17678,45.7,19,2,0
C17679,48.8,17,2,2
C17680,41.2,15,4,4
C17681,51.1,18,2,2
C17682,37.9,17,3,1
C17683,33.0,19,3,1
C17684,42.8,13,3,2
C17685,57.0,20,3,2
C17686,65.8,29,2,1
C17687,45.5,16,2,0
C17688,40.9,18,3,2
C17689,39.3,15,2,1
C17690,50.9,20,2,2
C17691,19.3,10,4,3
C17692,38.1,12,4,3
C17693,6.6,7,6,5
C17694,44.4,14,3,2
C17695,29.4,9,3,2
C17696,59.6,18,4,4
C17697,42.8,15,2,0
C17698,16.6,6,4,4
C17699,43.9,15,2,1
C17700,45.3,13,2,1
C17701,43.1,13,2,1
C17702,44.0,9,3,1
C17703,29.9,11,5,5
C17704,47.9,15,2,0
C17705,64.2,23,1,0
C17706,78.6,25,0,0
C17707,28.1,8,4,3
C17708,34.3,15,4,2
C17709,41.1,14,2,0
C17710,45.3,12,4,3
C17711,45.8,23,2,2
C17712,24.2,10,7,7
C17713,34.6,13,2,1
C17714,13.0,0,4,2
C17715,39.4,17,3,3
C17716,27.4,9,3,3
C17717,67.0,26,2,1
C17718,69.3,30,3,1
C17719,63.2,17,1,0
C17720,26.2,5,4,4
C17721,81.3,28,1,0
C17722,19.5,14,4,3
C17723,23.4,8,4,3
C17724,28.4,14,3,1
C17725,22.9,6,4,2
C17726,41.7,12,4,4
C17727,43.4,13,3,2
C17728,40.7,16,3,1
C17729,40.9,15,4,2
C17730,21.0,6,3,1
C17731,50.9,18,2,2
C17732,26.5,15,3,3
C17733,58.9,17,3,1
C17734,66.6,22,4,2
C17735,21.2,11,4,4
C17736,67.1,21,1,0
C17737,34.2,10,3,3
C17738,63.2,19,1,1
C17739,47.0,20,2,2
C17740,47.3,23,2,1
C17741,39.0,17,3,1
C17742,46.3,13,2,2
C17743,50.5,26,2,1
C17744,34.3,16,3,2
C17745,50.7,19,4,4
C17746,53.5,20,2,1
C17747,59.9,22,2,2
C17748,48.7,20,2,2
C17749,40.9,13,3,2
C17750,64.8,23,1,0
C17751,53.3,16,3,1
C17752,16.6,13,5,4
C17753,56.4,19,2,1
C17754,53.3,19,3,1
C17755,33.7,21,3,1
C17756,16.4,6,4,4
C17757,39.9,17,3,3
C17758,26.2,13,3,1
C17759,33.0,14,2,2
C17760,39.8,12,3,2
C17761,29.4,8,3,3
C17762,24.2,9,3,3
C17763,8.0,4,4,2
C17764,63.5,19,1,0
C17765,72.1,30,1,1
C17766,71.8,26,0,0
C17767,62.9,27,4,4
C17768,53.4,14,3,2
C17769,32.0,14,3,1
C17770,24.4,4,4,4
C17771,68.0,22,2,0
C17772,36.6,12,3,3
C17773,59.5,23,2,2
C17774,43.8,18,2,0
C17775,59.1,19,3,1
C17776,33.2,18,3,3
C17777,73.2,24,2,1
C17778,41.7,14,5,4
C17779,22.6,7,4,4
C17780,48.4,17,3,1
C17781,41.9,17,2,0
C17782,56.7,25,3,2
C17783,36.2,16,3,1
C17784,25.9,12,4,2
C17785,14.8,6,5,4
C17786,49.8,13,2,2
C17787,46.8,14,2,2
C17788,50.3,23,3,2
C17789,52.0,16,2,0
C17790,71.7,30,1,0
C17791,51.5,19,1,1
C17792,6.4,6,4,4
C17793,16.1,1,5,4
C17794,36.2,14,2,2
C17795,69.5,24,1,0
C17796,17.9,10,4,3
C17797,77.3,27,1,0
C17798,34.0,8,3,1
C17799,22.0,10,5,3
C17800,63.6,29,1,1
C17801,18.1,5,4,2
C17802,6.5,3,5,5
C17803,41.9,14,3,1
C17804,50.8,19,2,1
C17805,50.8,16,4,2
C17806,60.3,27,1,0
C17807,42.2,19,2,2
C17808,49.3,16,2,1
C17809,42.2,25,4,3
C17810,37.1,9,3,2
C17811,39.4,16,3,1
C17812,14.8,4,4,3
C17813,13.5,9,4,3
C17814,67.8,27,1,1
C17815,22.9,12,5,5
C17816,43.7,21,2,2
C17817,44.4,14,2,0
C17818,42.7,14,3,2
C17819,11.0,11,6,6
C17820,76.1,20,1,1
C17821,44.1,14,2,1
C17822,14.2,11,5,4
C17823,25.9,8,4,4
C17824,9.2,10,5,4
C17825,68.0,26,1,1
C17826,56.7,21,1,0
C17827,63.3,23,1,0
C17828,64.9,23,1,1
C17829,52.9,22,3,3
C17830,51.7,18,2,1
C17831,37.7,10,3,1
C17832,67.9,25,1,1
C17833,17.5,13,5,5
C17834,14.1,4,5,3
C17835,41.1,20,2,2
C17836,57.8,19,2,0
C17837,44.2,16,2,0
C17838,71.2,28,1,1
C17839,39.6,13,3,1
C17840,36.0,13,5,3
C17841,16.0,5,4,4
C17842,24.9,11,4,4
C17843,27.9,20,3,3
C17844,39.1,11,4,3
C17845,57.5,26,2,0
C17846,39.8,20,4,3
C17847,28.6,10,3,1
C17848,28.3,12,4,3
C17849,11.4,1,4,3
C17850,18.8,1,4,2
C17851,50.0,20,4,3
C17852,48.0,20,2,0
C17853,45.3,22,2,0
C17854,51.1,17,2,2
C17855,62.4,22,1,1
C17856,57.0,21,2,1
C17857,71.2,27,1,1
C17858,50.4,20,2,0
C17859,21.8,17,3,3
C17860,85.9,34,2,1
C17861,30.9,13,5,4
C17862,76.1,30,1,1
C17863,66.5,27,1,1
C17864,60.2,19,3,3
C17865,44.3,10,2,1
C17866,60.6,27,3,2
C17867,56.7,19,2,1
C17868,53.8,20,2,2
C17869,57.9,24,1,0
C17870,47.1,16,3,2
C17871,0.0,6,5,4
C17872,19.5,1,5,5
C17873,53.8,22,1,0
C17874,38.6,9,3,3
C17875,33.3,16,4,2
C17876,21.0,5,4,4
C17877,59.8,18,3,1
C17878,31.3,11,4,3
C17879,70.5,28,1,0
C17880,31.2,15,3,1
C17881,34.5,12,5,4
C17882,32.2,13,3,2
C17883,63.6,23,1,1
C17884,34.2,15,3,2
C17885,47.2,23,1,0
C17886,59.1,19,1,0
C17887,39.1,20,2,2
C17888,40.1,19,3,3
C17889,21.0,4,5,3
C17890,68.5,26,1,0
C17891,77.3,23,0,0
C17892,40.8,13,4,4
C17893,28.9,12,4,4
C17894,62.6,20,2,2
C17895,76.1,27,0,0
C17896,9.8,8,5,5
C17897,22.8,11,3,2
C17898,38.9,20,2,0
C17899,57.8,28,2,2
C17900,9.5,10,5,3
C17901,69.2,30,1,1
C17902,47.7,14,2,0
C17903,35.1,14,4,4
C17904,52.7,18,2,1
C17905,22.8,5,3,2
C17906,40.8,20,2,1
C17907,19.8,6,5,5
C17908,8.0,6,6,6
C17909,58.0,16,1,1
C17910,23.1,7,4,2
C17911,3.7,5,6,5
C17912,41.1,15,2,2
C17913,30.7,10,4,3
C17914,69.0,27,2,1
C17915,53.7,22,1,1
C17916,31.5,7,4,4
C17917,40.1,17,2,2
C17918,61.6,17,5,5
C17919,1.1,5,5,5
C17920,55.9,22,2,2
C17921,43.7,20,2,2
C17922,50.1,18,2,2
C17923,30.1,15,4,3
C17924,35.8,11,4,2
C17925,37.1,17,3,3
C17926,17.7,5,4,4
C17927,66.7,27,2,0
C17928,33.4,12,3,1
C17929,31.8,12,3,1
C17930,29.9,0,4,4
C17931,41.3,14,2,1
C17932,77.9,27,1,0
C17933,48.4,19,2,0
C17934,28.4,10,4,4
C17935,16.7,7,5,5
C17936,29.7,10,3,1
C17937,49.4,20,1,1
C17938,39.1,15,3,1
C17939,43.1,16,2,2
C17940,35.7,13,3,2
C17941,58.1,24,1,1
C17942,9.3,8,4,4
C17943,35.7,18,2,2
C17944,21.9,9,5,5
C17945,18.5,8,4,4
C17946,37.7,14,4,4
C17947,15.0,9,4,2
C17948,25.3,11,3,1
C17949,9.9,3,6,6
C17950,25.1,8,5,3
C17951,27.7,12,3,1
C17952,41.7,19,4,4
C17953,31.1,11,3,2
C17954,16.5,6,4,2
C17955,36.4,12,4,2
C17956,72.7,29,1,0
C17957,33.5,9,3,3
C17958,26.7,10,4,3
C17959,70.5,28,0,0
C17960,66.0,20,2,2
C17961,17.1,11,4,2
C17962,53.9,23,3,3
C17963,27.2,7,5,4
C17964,32.4,12,5,5
C17965,52.8,16,2,0
C17966,50.5,18,6,6
C17967,18.9,9,6,6
C17968,57.3,26,1,1
C17969,55.3,19,1,1
C17970,56.0,30,2,2
C17971,16.1,3,5,5
C17972,38.2,7,2,1
C17973,64.9,26,1,0
C17974,42.1,20,3,3
C17975,39.5,15,4,2
C17976,49.8,13,2,2
C17977,36.9,17,3,2
C17978,17.5,6,4,2
C17979,50.2,18,3,3
C17980,65.0,23,3,1
C17981,33.4,16,3,1
C17982,52.6,20,2,1
C17983,51.4,20,1,0
C17984,58.5,20,2,0
C17985,61.8,25,4,4
C17986,34.4,9,4,3
C17987,40.4,18,3,2
C17988,38.2,19,2,2
C17989,34.0,16,4,3
C17990,55.6,22,4,2
C17991,10.7,3,5,5
C17992,26.5,9,4,3
C17993,73.8,27,0,0
C17994,53.1,22,2,2
C17995,31.0,8,3,3
C17996,16.9,9,6,4
C17997,13.0,7,4,4
C17998,32.1,1,3,2
C17999,56.0,22,4,3
C18000,38.4,13,5,5
C18001,31.8,12,3,2
C18002,52.4,15,3,3
C18003,30.5,11,4,3
C18004,12.7,10,5,3
C18005,55.2,18,4,4
C18006,56.2,18,3,1
C18007,42.4,14,2,2
C18008,36.9,12,3,2
C18009,6.2,2,6,5
C18010,46.0,16,2,2
C18011,57.6,20,4,2
C18012,55.6,21,3,3
C18013,30.4,14,5,5
C18014,57.5,24,2,0
C18015,15.2,2,5,3
C18016,29.1,7,4,4
C18017,68.9,22,1,1
C18018,61.0,23,1,1
C18019,36.8,18,2,0
C18020,39.1,18,3,3
C18021,4.2,3,7,5
C18022,66.6,22,1,0
C18023,49.1,18,3,3
C18024,39.8,17,3,1
C18025,1.5,0,4,2
C18026,0.0,3,6,6
C18027,74.8,26,2,0
C18028,51.6,20,2,1
C18029,21.5,9,4,4
C18030,29.4,10,3,2
C18031,58.0,18,4,2
C18032,67.7,23,1,0
C18033,51.0,18,3,2
C18034,11.1,0,7,6
C18035,31.8,8,3,1
C18036,30.9,12,4,4
C18037,34.6,17,3,1
C18038,26.2,9,5,4
C18039,24.5,10,3,3
C18040,28.2,11,3,3
C18041,32.9,10,4,2
C18042,49.8,23,2,2
C18043,50.9,19,2,1
C18044,74.9,27,3,2
C18045,39.2,13,3,2
C18046,4.4,1,5,3
C18047,45.7,22,4,4
C18048,18.4,7,5,3
C18049,73.5,32,2,2
C18050,67.9,28,1,0
C18051,15.3,5,4,2
C18052,34.3,13,4,3
C18053,39.7,14,2,1
C18054,28.7,5,5,4
C18055,24.5,4,4,4
C18056,57.2,20,3,1
C18057,66.2,19,2,2
C18058,51.6,18,3,3
C18059,62.5,24,4,2
C18060,13.4,12,4,4
C18061,31.1,11,4,4
C18062,66.0,27,1,0
C18063,27.2,10,5,5
C18064,53.5,22,3,2
C18065,45.0,21,2,0
C18066,17.7,4,4,3
C18067,47.1,21,2,2
C18068,3.6,0,4,3
C18069,79.6,26,0,0
C18070,42.9,16,2,2
C18071,4.4,3,5,3
C18072,42.1,12,2,1
C18073,32.0,4,4,3
C18074,59.4,17,2,1
C18075,15.2,3,4,2
C18076,17.4,6,4,4
C18077,75.9,24,2,1
C18078,57.4,20,3,2
C18079,42.6,19,3,1
C18080,47.7,17,2,0
C18081,68.3,22,1,1
C18082,28.4,13,4,4
C18083,60.6,24,3,2
C18084,67.9,29,1,0
C18085,34.8,13,5,5
C18086,42.3,19,3,2
C18087,16.4,2,4,3
C18088,30.7,12,3,2
C18089,21.4,15,3,1
C18090,17.8,10,4,3
C18091,58.9,23,2,1
C18092,80.1,28,1,0
C18093,23.9,7,4,3
C18094,26.6,5,4,3
C18095,36.8,9,3,1
C18096,64.8,29,1,0
C18097,30.5,8,3,3
C18098,48.3,19,3,1
C18099,23.9,9,3,1
C18100,46.1,23,4,2
C18101,35.0,15,3,2
C18102,25.6,16,4,2
C18103,49.0,16,2,2
C18104,59.3,19,1,0
C18105,12.6,4,6,4
C18106,28.3,13,3,1
C18107,18.3,15,5,3
C18108,41.7,15,2,0
C18109,51.1,22,1,0
C18110,9.9,10,6,4
C18111,50.5,18,3,1
C18112,17.1,6,6,6
C18113,29.2,7,4,2
C18114,18.5,4,4,2
C18115,11.7,4,4,2
C18116,51.4,18,2,0
C18117,48.1,18,2,2
C18118,15.1,8,6,5
C18119,41.3,16,3,2
C18120,58.5,26,1,0
C18121,38.3,16,4,3
C18122,65.5,24,2,2
C18123,60.4,24,1,1
C18124,35.3,7,4,2
C18125,49.9,10,4,2
C18126,69.0,23,1,0
C18127,44.7,22,2,0
C18128,42.4,19,3,3
C18129,24.7,15,5,3
C18130,16.8,5,4,2
C18131,23.4,11,3,1
C18132,44.4,14,2,1
C18133,62.7,24,2,0
C18134,38.9,14,4,4
C18135,59.0,21,2,1
C18136,6.3,10,6,5
C18137,74.2,30,0,0
C18138,0.0,0,6,6
C18139,36.1,17,2,0
C18140,16.2,2,4,3
C18141,48.3,16,2,0
C18142,16.5,5,6,6
C18143,62.9,19,2,0
C18144,56.2,20,2,1
C18145,11.5,10,4,4
C18146,46.1,13,4,3
C18147,17.7,3,5,4
C18148,44.5,25,3,3
C18149,38.5,14,2,2
C18150,75.2,25,2,1
C18151,14.5,1,5,3
C18152,57.1,16,1,0
C18153,29.4,13,5,5
C18154,33.3,14,3,3
C18155,46.3,22,3,2
C18156,15.9,8,3,2
C18157,1.8,0,7,7
C18158,0.0,1,5,5
C18159,52.7,21,3,2
C18160,41.7,11,2,1
C18161,55.6,21,2,0
C18162,12.5,8,4,3
C18163,59.6,24,1,1
C18164,54.7,22,1,0
C18165,24.4,13,3,2
C18166,50.6,19,2,0
C18167,48.4,22,2,0
C18168,17.1,10,4,4
C18169,43.5,13,2,1
C18170,30.5,13,3,3
C18171,76.5,29,1,0
C18172,38.5,10,3,2
C18173,23.5,10,3,1
C18174,77.4,22,3,3
C18175,19.5,14,3,1
C18176,47.2,23,3,3
C18177,9.8,4,4,2
C18178,48.1,20,2,2
C18179,27.4,12,4,2
C18180,12.8,2,6,5
C18181,39.4,17,6,6
C18182,45.1,21,2,1
C18183,38.0,9,5,5
C18184,75.0,31,0,0
C18185,31.3,9,3,1
C18186,43.0,22,2,1
C18187,48.8,17,2,0
C18188,57.9,17,2,0
C18189,53.0,18,3,3
C18190,59.9,23,1,0
C18191,60.2,28,3,1
C18192,44.6,16,2,0
C18193,68.6,20,1,0
C18194,47.6,18,2,1
C18195,38.0,10,3,2
C18196,31.0,3,5,5
C18197,68.2,30,1,0
C18198,46.1,18,4,2
C18199,33.0,10,4,2
C18200,51.2,18,2,0
C18201,45.9,14,3,3
C18202,71.7,31,3,3
C18203,41.5,17,4,2
C18204,32.6,14,4,4
C18205,58.0,22,2,0
C18206,37.1,13,4,2
C18207,26.0,7,4,4
C18208,74.5,28,1,0
C18209,11.9,2,4,4
C18210,22.8,8,5,4
C18211,30.2,15,3,3
C18212,63.5,22,1,0
C18213,43.1,17,4,4
C18214,44.2,17,3,1
C18215,38.5,7,3,3
C18216,40.7,17,3,3
C18217,31.5,9,3,2
C18218,38.8,12,2,0
C18219,13.9,6,6,5
C18220,34.0,12,4,3
C18221,37.9,12,3,1
C18222,76.0,24,1,1
C18223,35.3,8,3,3
C18224,25.3,10,6,5
C18225,35.2,11,3,2
C18226,36.8,16,3,2
C18227,28.5,13,4,3
C18228,37.7,14,2,1
C18229,54.5,23,3,2
C18230,43.5,21,2,1
C18231,16.7,6,4,2
C18232,19.8,4,4,4
C18233,32.1,13,3,3
C18234,0.1,6,5,3
C18235,66.5,28,1,0
C18236,14.3,2,4,4
C18237,56.8,20,2,2
C18238,30.7,17,3,2
C18239,0.1,4,4,3
C18240,12.0,10,5,3
C18241,34.6,16,3,2
C18242,34.6,12,4,4
C18243,52.4,25,2,1
C18244,26.9,11,4,4
C18245,70.0,23,1,0
C18246,60.3,20,3,1
C18247,30.8,20,3,3
C18248,14.4,3,4,3
C18249,26.8,13,3,2
C18250,56.9,20,3,3
C18251,24.0,16,3,2
C18252,50.9,18,3,2
C18253,56.6,22,3,1
C18254,29.1,15,3,2
C18255,46.0,18,2,1
C18256,38.5,14,4,3
C18257,24.5,0,5,5
C18258,45.0,14,2,2
C18259,15.2,8,5,5
C18260,45.4,21,2,1
C18261,23.1,14,5,5
C18262,38.5,8,3,1
C18263,27.9,12,3,3
C18264,39.8,15,2,1
C18265,48.6,19,2,1
C18266,27.0,7,5,5
C18267,23.7,7,6,4
C18268,48.9,18,3,2
C18269,57.3,13,3,2
C18270,60.9,17,2,1
C18271,47.7,20,3,2
C18272,40.3,21,3,1
C18273,55.7,23,2,2
C18274,19.5,10,5,3
C18275,31.8,15,3,3
C18276,26.1,4,3,2
C18277,23.4,1,6,6
C18278,40.2,17,3,3
C18279,56.6,22,1,0
C18280,39.2,15,3,3
C18281,63.0,25,3,1
C18282,39.8,16,5,3
C18283,62.0,20,1,1
C18284,27.1,10,3,2
C18285,15.1,0,4,4
C18286,43.2,18,2,2
C18287,34.0,7,4,3
C18288,75.8,26,0,0
C18289,49.1,15,2,0
C18290,42.2,15,2,1
C18291,51.5,24,3,2
C18292,57.0,23,1,0
C18293,50.1,14,2,1
C18294,39.9,11,3,1
C18295,18.0,9,4,4
C18296,22.7,14,5,4
C18297,72.0,28,1,0
C18298,29.5,8,4,4
C18299,30.6,14,3,3
C18300,59.2,27,2,2
C18301,9.3,4,6,4
C18302,49.3,21,2,1
C18303,33.4,10,3,2
C18304,30.3,16,3,3
C18305,47.3,17,2,0
C18306,10.5,6,4,2
C18307,25.5,7,3,2
C18308,14.5,2,4,4
C18309,69.7,29,0,0
C18310,29.1,13,3,3
C18311,40.6,19,2,0
C18312,31.8,11,3,3
C18313,44.5,19,2,0
C18314,29.0,9,4,4
C18315,49.2,25,2,0
C18316,66.1,27,3,1
C18317,24.6,14,5,3
C18318,23.2,10,4,3
C18319,43.5,20,3,3
C18320,38.1,14,2,2
C18321,21.2,12,4,3
C18322,42.9,14,3,2
C18323,14.5,7,5,5
C18324,11.1,3,4,4
C18325,51.2,26,2,2
C18326,29.3,9,3,2
C18327,22.5,13,3,2
C18328,32.4,15,3,3
C18329,19.2,7,4,2
C18330,67.7,25,1,0
C18331,79.2,28,1,0
C18332,45.7,14,5,4
C18333,13.3,2,4,2
C18334,23.1,11,6,6
C18335,41.7,18,3,3
C18336,78.6,28,0,0
C18337,73.9,31,0,0
C18338,45.5,9,4,4
C18339,50.5,14,2,1
C18340,44.2,17,3,1
C18341,28.9,16,4,2
C18342,26.3,13,6,5
C18343,72.3,28,1,1
C18344,56.8,19,2,2
C18345,11.0,2,6,6
C18346,48.7,23,3,1
C18347,32.3,10,5,5
C18348,15.3,9,6,6
C18349,3.6,2,5,4
C18350,59.3,27,1,0
C18351,50.0,10,4,4
C18352,21.1,9,4,4
C18353,55.0,18,2,2
C18354,66.9,28,1,0
C18355,31.0,8,3,2
C18356,62.6,19,1,0
C18357,29.9,9,3,1
C18358,52.1,19,3,3
C18359,68.3,29,0,0
C18360,56.7,21,4,2
C18361,51.2,20,2,2
C18362,45.5,11,3,2
C18363,48.6,14,3,3
C18364,73.5,25,1,1
C18365,74.2,26,1,1
C18366,72.2,26,1,1
C18367,55.6,24,2,2
C18368,51.8,15,3,3
C18369,41.7,10,4,3
C18370,38.2,13,3,2
C18371,41.8,22,2,1
C18372,51.2,22,3,2
C18373,26.3,11,7,6
C18374,50.5,15,2,2
C18375,57.6,20,1,0
C18376,17.8,3,6,5
C18377,48.2,20,2,0
C18378,52.6,23,1,0
C18379,8.0,9,4,3
C18380,16.4,4,4,4
C18381,49.4,20,5,5
C18382,64.1,25,1,0
C18383,52.1,22,1,1
C18384,21.2,11,4,3
C18385,7.2,0,4,2
C18386,79.1,26,3,3
C18387,63.9,21,1,1
C18388,52.0,14,2,1
C18389,62.1,24,1,1
C18390,67.9,30,1,0
C18391,62.6,21,1,0
C18392,47.0,15,2,1
C18393,36.7,16,3,1
C18394,65.4,35,1,0
C18395,11.9,6,5,3
C18396,63.8,23,1,0
C18397,29.2,7,4,3
C18398,70.7,23,1,1
C18399,64.1,17,3,3
C18400,42.3,16,3,1
C18401,52.9,17,2,2
C18402,2.1,1,6,5
C18403,43.5,22,4,4
C18404,0.0,0,5,4
C18405,49.7,23,3,3
C18406,51.1,16,2,2
C18407,14.8,6,4,4
C18408,13.1,0,6,5
C18409,63.5,24,1,0
C18410,37.8,10,3,2
C18411,70.8,24,2,1
C18412,37.5,18,2,2
C18413,46.1,20,2,2
C18414,62.2,24,1,1
C18415,58.2,23,2,1
C18416,24.9,10,4,4
C18417,46.4,15,2,1
C18418,67.5,23,1,0
C18419,51.7,23,4,4
C18420,35.8,7,3,1
C18421,75.2,27,2,1
C18422,28.4,8,4,2
C18423,35.3,12,3,3
C18424,15.3,7,5,3
C18425,40.0,12,2,2
C18426,52.7,20,2,1
C18427,29.4,7,3,3
C18428,64.0,22,1,0
C18429,12.0,3,4,2
C18430,34.9,17,4,2
C18431,34.9,13,3,3
C18432,29.9,10,3,3
C18433,39.1,19,2,1
C18434,63.9,27,2,0
C18435,28.0,10,4,3
C18436,34.0,20,3,3
C18437,10.7,0,5,5
C18438,62.3,23,1,1
C18439,34.5,13,2,0
C18440,66.4,28,3,2
C18441,53.5,17,2,1
C18442,54.1,23,4,4
C18443,48.4,18,2,0
C18444,44.1,14,2,0
C18445,13.7,15,4,4
C18446,61.3,23,2,1
C18447,59.9,27,1,0
C18448,44.6,14,2,0
C18449,76.6,20,2,0
C18450,21.5,9,4,3
C18451,64.8,20,3,2
C18452,18.9,3,5,4
C18453,52.2,21,2,0
C18454,48.8,22,3,2
C18455,41.2,14,3,2
C18456,22.4,15,4,3
C18457,36.6,9,4,2
C18458,0.0,0,5,5
C18459,72.2,18,1,1
C18460,33.8,9,3,2
C18461,33.6,8,3,3
C18462,57.7,22,2,2
C18463,20.1,6,4,3
C18464,51.5,25,4,4
C18465,51.2,22,3,2
C18466,37.9,21,3,1
C18467,58.0,21,1,0
C18468,49.4,23,3,2
C18469,27.8,8,4,3
C18470,55.4,18,2,1
C18471,15.1,5,4,4
C18472,9.8,0,6,4
C18473,59.2,23,1,0
C18474,54.8,23,2,0
C18475,56.7,20,2,0
C18476,14.9,8,5,5
C18477,63.2,26,2,1
C18478,73.4,23,0,0
C18479,53.3,18,2,1
C18480,44.7,20,2,1
C18481,15.0,9,4,3
C18482,49.4,18,2,1
C18483,46.0,16,4,4
C18484,7.1,0,4,2
C18485,39.2,12,3,2
C18486,51.3,14,3,2
C18487,2.6,1,5,3
C18488,52.5,21,2,2
C18489,8.2,9,5,3
C18490,38.1,13,3,3
C18491,18.7,8,4,4
C18492,40.4,14,4,4
C18493,35.9,13,3,3
C18494,15.8,4,5,3
C18495,69.8,28,1,1
C18496,50.2,17,2,0
C18497,13.7,8,4,2
C18498,44.4,14,5,4
C18499,22.3,12,5,4
C18500,60.0,25,2,2
C18501,42.5,20,4,2
C18502,29.4,11,3,2
C18503,31.4,8,4,2
C18504,62.7,26,1,0
C18505,27.9,10,3,2
C18506,36.6,12,3,2
C18507,48.5,17,3,1
C18508,40.0,25,2,1
C18509,22.3,10,4,2
C18510,42.4,12,3,3
C18511,16.2,6,4,3
C18512,33.8,13,3,3
C18513,73.6,32,1,1
C18514,44.9,12,2,2
C18515,46.3,14,3,3
C18516,67.7,23,1,0
C18517,54.2,26,3,3
C18518,64.0,26,1,1
C18519,75.3,27,2,0
C18520,30.6,14,5,5
C18521,77.5,29,0,0
C18522,50.8,21,2,0
C18523,69.3,25,2,2
C18524,20.2,13,4,4
C18525,17.2,7,4,2
C18526,47.0,20,2,2
C18527,49.9,15,3,2
C18528,60.0,23,2,1
C18529,15.3,8,4,3
C18530,24.7,4,4,4
C18531,30.6,10,4,4
C18532,36.9,14,3,3
C18533,30.6,7,3,2
C18534,63.6,23,4,2
C18535,37.6,17,4,2
C18536,41.1,19,3,3
C18537,19.9,9,4,3
C18538,22.3,10,6,5
C18539,38.4,14,3,1
C18540,62.5,26,1,0
C18541,27.7,7,3,2
C18542,60.9,23,1,0
C18543,53.0,17,2,0
C18544,61.8,23,3,2
C18545,52.4,25,1,1
C18546,18.4,6,7,5
C18547,40.8,16,2,0
C18548,74.3,27,2,0
C18549,15.1,10,4,3
C18550,51.5,24,3,3
C18551,55.7,16,2,2
C18552,67.1,22,2,0
C18553,22.0,13,4,4
C18554,39.7,14,3,3
C18555,40.7,17,3,1
C18556,45.8,17,2,0
C18557,4.9,8,4,4
C18558,37.3,13,3,2
C18559,62.3,20,1,1
C18560,32.4,12,3,3
C18561,25.2,11,3,2
C18562,47.6,20,2,0
C18563,37.8,22,3,3
C18564,28.3,6,4,3
C18565,34.6,6,3,2
C18566,21.6,6,4,4
C18567,34.7,13,4,3
C18568,56.9,21,1,1
C18569,15.2,4,4,2
C18570,44.7,21,5,4
C18571,63.2,23,2,0
C18572,13.4,6,6,5
C18573,56.6,18,3,2
C18574,5.4,0,6,5
C18575,58.2,24,2,2
C18576,15.4,7,4,2
C18577,26.6,16,3,3
C18578,57.8,19,1,0
C18579,25.9,5,5,5
C18580,24.7,12,3,1
C18581,13.8,6,4,2
C18582,51.4,17,2,1
C18583,39.9,14,3,3
C18584,24.8,6,5,4
C18585,54.5,27,2,1
C18586,40.6,9,3,3
C18587,36.5,20,3,2
C18588,20.4,14,6,4
C18589,26.4,10,4,2
C18590,77.5,28,1,1
C18591,64.2,25,2,2
C18592,19.1,10,4,4
C18593,45.8,18,3,1
C18594,17.4,6,4,2
C18595,57.0,26,1,0
C18596,20.3,5,6,6
C18597,38.6,16,3,3
C18598,16.3,2,5,4
C18599,43.3,15,2,0
C18600,33.0,19,3,2
C18601,32.9,6,5,3
C18602,37.1,13,4,2
C18603,38.1,13,3,1
C18604,33.9,13,3,1
C18605,32.6,13,4,2
C18606,37.6,16,3,3
C18607,34.1,17,3,2
C18608,42.1,19,2,0
C18609,32.1,12,3,2
C18610,7.5,11,4,4
C18611,73.5,28,0,0
C18612,43.8,22,4,4
C18613,26.9,8,4,3
C18614,0.0,8,6,5
C18615,48.1,18,4,4
C18616,37.6,11,3,2
C18617,71.0,31,1,0
C18618,30.7,17,3,1
C18619,45.7,12,4,4
C18620,34.8,12,4,2
C18621,41.3,9,4,2
C18622,50.0,14,2,1
C18623,54.6,24,2,2
C18624,61.7,27,3,3
C18625,39.0,16,3,3
C18626,22.8,16,4,3
C18627,36.8,10,4,3
C18628,51.6,20,2,1
C18629,61.3,29,1,1
C18630,66.8,29,2,2
C18631,18.1,5,4,3
C18632,18.5,9,5,3
C18633,81.5,34,0,0
C18634,15.8,0,4,2
C18635,29.3,18,3,3
C18636,65.5,25,1,0
C18637,34.2,8,4,2
C18638,34.2,13,3,1
C18639,68.5,28,1,0
C18640,60.0,21,1,0
C18641,35.2,11,3,2
C18642,53.0,29,2,0
C18643,58.3,16,3,3
C18644,75.0,29,0,0
C18645,66.1,20,1,1
C18646,67.1,26,2,2
C18647,45.2,16,3,1
C18648,59.7,22,3,3
C18649,41.1,21,2,0
C18650,39.7,11,4,4
C18651,12.5,0,5,3
C18652,41.9,12,2,1
C18653,39.8,18,3,1
C18654,14.7,3,4,4
C18655,42.4,23,3,1
C18656,58.6,21,3,2
C18657,35.9,15,3,2
C18658,34.5,13,3,1
C18659,44.8,14,2,1
C18660,39.3,14,3,3
C18661,75.7,34,0,0
C18662,75.2,30,1,1
C18663,43.9,16,3,3
C18664,49.7,13,3,2
C18665,52.8,20,2,0
C18666,54.9,23,1,0
C18667,20.3,12,5,3
C18668,40.9,14,3,1
C18669,61.5,24,1,0
C18670,45.6,14,2,0
C18671,25.5,11,3,3
C18672,39.0,16,3,1
C18673,26.3,11,4,3
C18674,19.1,7,6,4
C18675,18.1,4,7,5
C18676,37.2,13,5,4
C18677,18.2,9,4,4
C18678,41.0,12,3,1
C18679,21.0,9,4,2
C18680,29.0,6,3,1
C18681,54.3,26,2,2
C18682,20.2,11,4,2
C18683,16.7,10,5,5
C18684,73.3,25,2,1
C18685,79.6,28,1,0
C18686,70.8,24,1,1
C18687,36.8,8,3,2
C18688,39.5,15,2,2
C18689,52.9,23,3,3
C18690,35.3,13,5,4
C18691,48.7,22,2,0
C18692,37.6,12,5,5
C18693,57.0,22,4,2
C18694,52.8,22,2,1
C18695,44.1,17,3,1
C18696,31.8,14,3,1
C18697,9.1,8,4,3
C18698,73.9,27,1,0
C18699,58.0,24,1,0
C18700,60.1,26,1,1
C18701,22.0,6,5,5
C18702,52.0,11,2,0
C18703,72.3,26,2,0
C18704,32.3,18,2,0
C18705,28.7,12,3,1
C18706,30.4,13,5,4
C18707,30.8,4,5,3
C18708,40.9,19,2,1
C18709,3.8,0,5,4
C18710,15.8,10,4,4
C18711,75.0,31,1,0
C18712,19.7,6,5,4
C18713,24.6,8,5,5
C18714,42.7,22,3,3
C18715,58.5,24,4,2
C18716,36.0,18,4,2
C18717,45.7,14,3,1
C18718,19.9,7,4,3
C18719,41.5,13,3,3
C18720,45.1,20,4,4
C18721,27.4,11,3,2
C18722,21.9,8,4,4
C18723,10.4,0,4,2
C18724,45.7,19,3,2
C18725,37.0,16,3,2
C18726,37.1,15,3,1
C18727,42.4,16,4,4
C18728,43.0,17,2,1
C18729,54.6,30,2,0
C18730,52.9,21,2,0
C18731,26.9,13,3,2
C18732,33.5,12,3,1
C18733,46.1,15,2,0
C18734,45.5,16,3,1
C18735,38.2,14,3,3
C18736,37.7,15,3,2
C18737,44.5,22,3,1
C18738,53.3,21,2,1
C18739,70.1,31,1,0
C18740,43.3,16,3,2
C18741,40.0,11,3,3
C18742,55.6,21,1,0
C18743,33.5,10,4,3
C18744,58.8,20,2,2
C18745,50.7,21,2,0
C18746,15.7,10,4,2
C18747,30.4,15,5,5
C18748,41.0,19,2,2
C18749,53.5,19,2,0
C18750,16.7,8,4,2
C18751,26.5,9,4,3
C18752,54.2,19,3,2
C18753,51.7,24,2,0
C18754,66.2,18,1,0
C18755,35.2,11,4,4
C18756,41.4,16,3,1
C18757,16.4,3,5,5
C18758,69.4,26,0,0
C18759,51.3,18,4,4
C18760,26.9,11,3,1
C18761,64.4,23,2,1
C18762,31.3,8,3,3
C18763,64.4,25,2,1
C18764,1.3,2,6,4
C18765,23.1,6,4,3
C18766,54.6,22,2,2
C18767,42.7,27,3,2
C18768,22.9,3,5,5
C18769,69.2,19,2,2
C18770,25.9,8,6,4
C18771,42.0,22,3,3
C18772,9.9,5,7,5
C18773,64.4,16,3,2
C18774,52.5,16,3,1
C18775,27.8,19,3,1
C18776,25.4,17,5,4
C18777,44.7,16,2,0
C18778,28.1,14,4,3
C18779,32.6,13,3,3
C18780,20.0,10,4,3
C18781,51.5,14,2,0
C18782,85.6,32,2,0
C18783,75.3,25,2,1
C18784,43.4,21,2,1
C18785,68.7,23,1,0
C18786,34.8,16,3,3
C18787,35.1,13,3,3
C18788,69.6,20,1,0
C18789,18.9,5,4,4
C18790,63.6,25,2,1
C18791,31.8,14,4,2
C18792,26.3,16,3,2
C18793,19.4,10,3,1
C18794,11.6,3,5,4
C18795,41.7,14,3,1
C18796,54.3,23,3,1
C18797,51.9,19,2,2
C18798,28.1,6,3,1
C18799,11.3,4,6,6
C18800,44.9,21,2,2
C18801,50.0,21,2,1
C18802,38.3,16,2,2
C18803,21.9,9,5,5
C18804,18.3,3,4,2
C18805,23.6,10,4,2
C18806,34.5,17,3,3
C18807,32.4,9,3,3
C18808,40.2,8,4,4
C18809,70.2,28,0,0
C18810,25.3,14,5,5
C18811,13.3,4,7,6
C18812,11.9,5,4,3
C18813,42.6,17,2,2
C18814,47.0,15,3,3
C18815,69.7,23,2,1
C18816,63.0,19,1,0
C18817,44.0,20,2,0
C18818,68.2,25,3,3
C18819,21.2,8,5,4
C18820,32.1,10,6,6
C18821,49.4,14,3,2
C18822,50.3,27,2,0
C18823,36.9,16,3,3
C18824,32.0,11,3,3
C18825,60.3,20,1,1
C18826,69.3,18,2,1
C18827,68.4,24,2,2
C18828,31.6,18,2,1
C18829,31.1,11,3,3
C18830,23.1,8,3,2
C18831,74.4,20,1,1
C18832,43.0,21,5,5
C18833,14.4,7,4,2
C18834,63.3,25,2,2
C18835,21.9,5,4,4
C18836,51.5,14,2,0
C18837,28.1,11,3,3
C18838,19.7,7,3,1
C18839,4.9,2,5,4
C18840,37.7,18,2,1
C18841,29.8,13,4,3
C18842,40.2,14,5,3
C18843,43.0,17,2,1
C18844,67.0,28,2,1
C18845,84.3,27,3,3
C18846,48.6,20,3,1
C18847,5.1,10,6,4
C18848,60.4,19,2,2
C18849,46.7,18,3,2
C18850,5.8,4,6,5
C18851,50.4,19,4,2
C18852,26.8,14,3,2
C18853,27.7,15,4,2
C18854,32.8,13,4,2
C18855,58.3,21,2,1
C18856,49.1,17,2,1
C18857,50.3,21,2,0
C18858,41.9,21,4,3
C18859,9.4,8,5,5
C18860,21.5,12,3,2
C18861,43.9,14,2,0
C18862,48.3,20,2,0
C18863,52.1,12,4,2
C18864,44.9,14,3,1
C18865,10.2,9,4,4
C18866,29.2,12,3,3
C18867,53.0,21,2,2
C18868,33.0,13,2,2
C18869,47.8,13,2,1
C18870,14.2,0,4,4
C18871,43.9,13,3,1
C18872,51.6,23,2,1
C18873,29.7,10,4,2
C18874,22.7,5,4,3
C18875,21.9,10,3,3
C18876,19.1,4,4,4
C18877,33.5,13,4,4
C18878,39.4,5,5,4
C18879,45.5,18,2,2
C18880,84.4,30,0,0
C18881,29.9,15,4,2
C18882,20.8,10,4,3
C18883,45.2,17,2,2
C18884,14.2,9,5,4
C18885,24.2,6,4,2
C18886,55.8,21,2,2
C18887,27.9,4,4,4
C18888,57.6,29,4,4
C18889,55.6,20,2,1
C18890,54.5,18,1,0
C18891,28.5,12,5,3
C18892,53.2,24,2,2
C18893,30.0,14,3,1
C18894,50.2,16,2,1
C18895,23.2,12,3,3
C18896,54.5,22,2,1
C18897,52.5,20,1,0
C18898,62.6,23,2,1
C18899,29.9,18,3,1
C18900,7.9,5,4,3
C18901,3.4,0,6,5
C18902,21.3,11,3,2
C18903,45.5,18,3,2
C18904,16.7,2,5,3
C18905,42.5,18,4,2
C18906,32.0,12,5,3
C18907,40.1,12,2,1
C18908,39.0,16,3,3
C18909,37.5,14,2,0
C18910,62.1,29,3,2
C18911,18.5,11,4,4
C18912,42.5,20,2,1
C18913,48.9,23,2,2
C18914,61.1,23,1,0
C18915,64.7,26,1,0
C18916,62.7,25,1,1
C18917,47.4,17,2,2
C18918,33.6,15,2,1
C18919,32.0,12,4,4
C18920,32.1,10,3,3
C18921,14.7,6,4,2
C18922,58.3,22,2,2
C18923,34.6,7,3,2
C18924,36.2,14,4,3
C18925,41.0,17,3,2
C18926,28.2,12,4,3
C18927,35.1,17,2,2
C18928,26.4,16,3,1
C18929,48.9,18,2,1
C18930,30.2,12,4,2
C18931,43.3,20,2,0
C18932,32.2,14,4,4
C18933,28.2,11,3,3
C18934,40.9,23,2,2
C18935,43.8,13,3,1
C18936,22.9,12,3,2
C18937,44.3,22,2,1
C18938,30.0,16,5,4
C18939,31.5,13,3,2
C18940,14.8,6,5,4
C18941,2.5,0,6,4
C18942,70.1,28,0,0
C18943,53.4,21,3,1
C18944,73.1,28,2,2
C18945,37.2,10,4,3
C18946,58.4,25,1,0
C18947,26.3,8,6,5
C18948,58.7,26,1,0
C18949,38.1,11,4,2
C18950,31.9,15,2,2
C18951,62.4,29,3,2
C18952,25.5,8,4,2
C18953,22.3,13,3,1
C18954,42.0,15,3,1
C18955,32.1,14,3,2
C18956,59.3,33,1,1
C18957,30.1,15,3,3
C18958,57.9,20,2,0
C18959,20.4,6,3,3
C18960,69.7,28,1,0
C18961,34.8,14,3,1
C18962,48.7,15,2,2
C18963,35.8,15,2,0
C18964,19.6,10,5,3
C18965,17.1,16,3,1
C18966,62.2,19,1,0
C18967,49.2,24,4,4
C18968,38.9,16,3,3
C18969,27.3,12,3,1
C18970,35.8,10,3,1
C18971,73.9,22,1,0
C18972,31.3,13,4,4
C18973,56.0,20,1,0
C18974,57.5,22,3,3
C18975,62.0,28,1,0
C18976,33.2,16,3,1
C18977,53.6,29,4,4
C18978,25.5,11,4,2
C18979,39.6,16,3,3
C18980,54.2,23,3,1
C18981,34.1,12,3,2
C18982,16.6,4,4,4
C18983,48.6,23,2,1
C18984,30.1,8,3,1
C18985,79.9,27,0,0
C18986,37.2,11,5,4
C18987,67.8,23,1,0
C18988,67.6,23,1,1
C18989,28.2,18,2,1
C18990,66.9,32,1,0
C18991,0.6,1,4,2
C18992,57.8,19,2,0
C18993,41.1,11,4,3
C18994,75.9,32,0,0
C18995,36.9,11,5,4
C18996,36.9,13,4,2
C18997,41.3,14,5,3
C18998,57.9,16,2,2
C18999,40.2,14,3,2
C19000,27.9,8,3,2
C19001,60.2,22,1,0
C19002,5.0,2,7,6
C19003,14.5,7,4,4
C19004,70.5,29,1,1
C19005,67.9,19,1,0
C19006,33.1,20,3,2
C19007,56.8,27,1,0
C19008,45.9,13,2,1
C19009,52.5,19,1,0
C19010,17.0,0,6,4
C19011,39.6,12,3,2
C19012,20.0,5,4,2
C19013,24.9,9,5,5
C19014,21.2,14,6,5
C19015,67.6,28,1,1
C19016,8.9,7,5,4
C19017,36.0,18,5,4
C19018,58.2,17,3,1
C19019,44.0,19,2,1
C19020,71.0,33,0,0
C19021,39.5,16,2,0
C19022,55.3,15,2,2
C19023,26.9,16,3,3
C19024,12.2,2,4,3
C19025,25.7,10,4,4
C19026,3.9,1,5,3
C19027,35.0,21,3,3
C19028,15.0,8,4,2
C19029,65.8,25,1,1
C19030,22.4,4,4,4
C19031,38.4,14,5,5
C19032,36.9,18,3,1
C19033,55.4,24,1,0
C19034,19.4,9,3,2
C19035,19.4,7,5,4
C19036,18.1,5,4,4
C19037,34.3,18,3,3
C19038,20.8,3,4,3
C19039,60.9,21,1,1
C19040,61.5,21,1,1
C19041,64.7,26,1,1
C19042,12.0,1,5,5
C19043,41.3,11,3,2
C19044,71.1,27,1,1
C19045,20.3,6,5,4
C19046,35.0,11,3,2
C19047,60.3,24,1,0
C19048,38.9,16,4,2
C19049,14.4,8,7,6
C19050,21.1,10,4,2
C19051,37.0,12,4,4
C19052,30.2,7,3,3
C19053,39.0,11,4,3
C19054,16.0,4,4,3
C19055,15.3,3,4,4
C19056,32.2,11,4,4
C19057,56.1,18,3,3
C19058,52.5,23,3,3
C19059,68.4,23,1,0
C19060,64.7,21,3,3
C19061,12.7,3,4,4
C19062,26.1,14,3,2
C19063,18.1,4,5,5
C19064,47.7,16,2,1
C19065,53.4,20,2,1
C19066,47.0,15,2,2
C19067,19.4,7,5,5
C19068,38.9,7,3,2
C19069,59.9,17,2,0
C19070,35.7,10,4,2
C19071,47.6,12,3,3
C19072,29.6,11,3,1
C19073,25.7,9,3,1
C19074,34.0,11,3,2
C19075,19.7,10,5,5
C19076,16.5,6,4,2
C19077,67.9,24,3,3
C19078,18.3,7,5,4
C19079,17.2,7,4,3
C19080,25.4,9,4,2
C19081,67.7,28,1,0
C19082,15.7,0,4,3
C19083,51.9,15,2,2
C19084,53.1,17,2,1
C19085,48.5,20,3,3
C19086,55.3,24,2,1
C19087,77.3,29,0,0
C19088,46.4,18,3,2
C19089,51.9,21,2,1
C19090,31.8,20,3,2
C19091,36.0,12,3,2
C19092,48.1,19,2,1
C19093,34.7,14,4,2
C19094,52.6,22,2,1
C19095,80.4,29,1,0
C19096,51.8,22,2,1
C19097,18.1,3,4,4
C19098,4.0,9,4,4
C19099,16.5,7,4,4
C19100,55.3,18,2,1
C19101,46.7,19,2,1
C19102,10.5,9,4,2
C19103,37.7,24,2,0
C19104,50.3,15,2,0
C19105,30.2,10,3,3
C19106,35.9,15,2,1
C19107,53.9,17,3,2
C19108,36.9,19,2,1
C19109,15.4,4,3,1
C19110,28.6,14,3,3
C19111,73.4,28,2,0
C19112,25.8,9,4,4
C19113,29.7,9,3,1
C19114,12.3,1,4,3
C19115,56.8,18,2,2
C19116,32.5,14,4,3
C19117,71.8,25,1,0
C19118,44.8,22,2,2
C19119,66.0,21,1,0
C19120,7.9,7,4,2
C19121,20.1,9,4,2
C19122,51.6,17,2,1
C19123,12.0,1,5,3
C19124,52.1,28,2,1
C19125,69.8,25,2,0
C19126,55.0,15,3,3
C19127,70.4,28,3,3
C19128,24.9,7,4,3
C19129,7.0,8,4,2
C19130,14.8,11,4,4
C19131,55.1,21,3,3
C19132,59.3,23,2,2
C19133,15.4,7,4,4
C19134,40.6,9,4,4
C19135,48.8,16,2,2
C19136,47.1,17,4,3
C19137,20.7,7,4,3
C19138,38.8,9,4,2
C19139,51.1,17,2,2
C19140,51.7,15,2,2
C19141,12.8,7,4,3
C19142,57.5,17,3,3
C19143,71.3,23,2,1
C19144,25.2,10,4,2
C19145,58.6,24,1,0
C19146,34.4,14,5,5
C19147,44.4,20,2,1
C19148,78.4,29,1,0
C19149,61.4,17,1,0
C19150,31.2,17,3,3
C19151,13.0,2,5,3
C19152,25.2,10,3,3
C19153,43.6,18,2,0
C19154,62.7,20,1,0
C19155,36.7,14,3,2
C19156,11.6,4,5,3
C19157,61.3,24,3,3
C19158,55.6,32,2,0
C19159,44.0,21,2,2
C19160,52.6,19,2,1
C19161,30.7,13,4,2
C19162,55.3,19,2,2
C19163,45.7,15,2,0
C19164,25.2,6,3,2
C19165,58.0,24,1,0
C19166,65.3,21,1,1
C19167,53.6,20,2,2
C19168,53.5,23,2,0
C19169,22.8,12,4,3
C19170,36.2,18,5,5
C19171,55.7,14,2,2
C19172,41.2,11,3,3
C19173,15.4,5,4,4
C19174,45.8,22,6,6
C19175,18.2,5,5,5
C19176,46.3,13,3,3
C19177,51.3,12,3,1
C19178,50.2,21,2,0
C19179,32.5,6,4,4
C19180,16.9,6,4,4
C19181,31.2,12,4,4
C19182,49.2,17,3,3
C19183,37.7,22,1,0
C19184,24.2,11,3,3
C19185,32.1,7,3,2
C19186,69.9,28,0,0
C19187,3.5,6,5,5
C19188,17.1,3,6,5
C19189,42.2,25,3,1
C19190,51.3,23,1,1
C19191,17.6,3,4,2
C19192,12.5,9,5,4
C19193,57.9,18,2,0
C19194,60.9,23,2,1
C19195,19.4,6,4,4
C19196,1.1,7,4,4
C19197,13.6,7,5,4
C19198,40.0,21,2,1
C19199,22.7,7,4,4
C19200,21.3,10,6,4
C19201,34.0,14,3,1
C19202,22.7,7,3,1
C19203,30.9,12,3,1
C19204,25.1,2,3,2
C19205,25.5,7,5,5
C19206,59.3,24,1,0
C19207,53.4,24,3,1
C19208,42.3,11,3,3
C19209,43.6,15,2,2
C19210,50.1,16,2,2
C19211,12.6,6,6,6
C19212,35.1,11,3,3
C19213,53.4,22,3,1
C19214,50.6,16,2,1
C19215,36.1,14,3,2
C19216,35.8,12,3,2
C19217,6.6,1,5,4
C19218,6.4,7,4,4
C19219,21.9,6,5,3
C19220,12.1,4,4,4
C19221,53.1,11,2,0
C19222,71.8,26,1,0
C19223,53.9,18,2,2
C19224,6.5,3,4,3
C19225,55.7,21,2,1
C19226,24.9,12,3,3
C19227,5.3,4,5,5
C19228,6.3,0,5,4
C19229,38.1,11,3,1
C19230,56.1,13,3,1
C19231,66.0,17,2,2
C19232,42.6,20,3,1
C19233,47.8,20,2,1
C19234,11.2,3,5,3
C19235,41.4,13,4,4
C19236,38.0,14,3,2
C19237,42.0,11,3,1
C19238,51.3,19,2,0
C19239,26.9,11,6,6
C19240,32.4,11,3,1
C19241,53.5,25,2,0
C19242,72.3,25,0,0
C19243,20.2,13,3,2
C19244,37.9,14,3,1
C19245,45.4,17,2,1
C19246,20.2,6,4,3
C19247,54.9,17,3,3
C19248,77.3,27,1,0
C19249,44.7,18,4,3
C19250,56.6,22,4,3
C19251,46.8,16,2,2
C19252,58.9,17,1,0
C19253,27.0,12,3,3
C19254,30.2,17,4,3
C19255,9.6,9,5,3
C19256,52.1,15,2,0
C19257,24.7,10,5,3
C19258,10.6,4,5,4
C19259,21.2,5,5,3
C19260,28.3,13,3,1
C19261,30.8,9,4,2
C19262,40.5,18,2,2
C19263,27.2,12,4,4
C19264,61.7,22,1,0
C19265,62.9,23,1,0
C19266,38.8,17,5,3
C19267,65.2,30,2,1
C19268,21.9,15,5,4
C19269,33.7,10,5,5
C19270,32.4,9,3,1
C19271,36.6,5,3,2
C19272,36.9,14,4,2
C19273,52.9,19,2,2
C19274,45.7,17,3,1
C19275,51.2,25,2,2
C19276,62.9,23,1,0
C19277,46.9,17,2,1
C19278,25.5,11,4,2
C19279,17.8,1,4,4
C19280,32.2,15,4,4
C19281,36.8,16,3,3
C19282,28.7,7,3,3
C19283,26.1,10,3,2
C19284,13.9,11,7,5
C19285,0.0,0,5,5
C19286,67.3,26,2,1
C19287,22.8,1,4,4
C19288,29.1,11,3,3
C19289,55.0,24,2,2
C19290,56.9,22,3,3
C19291,57.9,20,2,0
C19292,24.8,11,4,4
C19293,0.7,5,4,3
C19294,63.3,22,1,1
C19295,55.0,25,1,0
C19296,14.6,2,5,5
C19297,60.9,16,1,0
C19298,61.6,19,2,0
C19299,10.0,5,4,4
C19300,60.5,17,3,2
C19301,45.2,9,2,1
C19302,39.8,15,2,2
C19303,5.8,3,4,2
C19304,67.5,27,2,2
C19305,5.9,2,4,4
C19306,60.3,23,2,1
C19307,46.6,18,3,3
C19308,33.9,17,4,3
C19309,30.9,14,4,3
C19310,21.2,7,5,4
C19311,47.8,19,2,0
C19312,41.9,18,2,2
C19313,20.0,7,5,3
C19314,47.0,17,3,3
C19315,65.5,19,2,0
C19316,77.8,25,0,0
C19317,52.9,22,3,3
C19318,49.8,22,4,3
C19319,0.7,4,4,2
C19320,52.1,23,2,2
C19321,77.2,31,1,0
C19322,50.4,28,3,2
C19323,42.9,14,3,1
C19324,40.7,18,3,3
C19325,29.1,8,3,2
C19326,37.6,16,4,2
C19327,13.8,4,4,3
C19328,60.7,20,2,2
C19329,33.9,12,5,5
C19330,53.6,9,2,0
C19331,66.1,25,1,1
C19332,28.4,10,3,1
C19333,53.5,21,2,0
C19334,54.5,20,1,1
C19335,11.5,5,4,4
C19336,24.9,11,3,2
C19337,22.5,9,3,2
C19338,30.8,13,3,3
C19339,11.0,13,4,3
C19340,65.4,24,1,1
C19341,40.5,15,3,2
C19342,56.3,21,1,1
C19343,46.5,10,3,3
C19344,21.1,10,4,2
C19345,57.0,25,2,0
C19346,51.5,20,3,2
C19347,21.1,10,3,3
C19348,22.6,10,4,2
C19349,52.1,19,3,1
C19350,0.6,0,5,5
C19351,20.9,1,4,4
C19352,20.5,10,4,3
C19353,37.0,12,3,1
C19354,54.4,21,1,0
C19355,31.2,10,4,3
C19356,55.9,17,2,0
C19357,25.8,9,3,1
C19358,48.0,21,2,0
C19359,7.9,6,4,3
C19360,16.2,6,4,2
C19361,29.5,15,4,3
C19362,52.8,22,2,0
C19363,71.4,31,1,0
C19364,68.9,19,1,0
C19365,28.5,12,4,3
C19366,37.7,16,5,4
C19367,73.4,26,1,0
C19368,6.7,3,4,4
C19369,40.0,11,2,1
C19370,27.3,14,3,3
C19371,47.4,12,2,1
C19372,39.9,17,3,3
C19373,23.7,10,3,3
C19374,71.9,26,1,0
C19375,30.6,12,3,2
C19376,68.9,22,1,0
C19377,58.2,22,3,3
C19378,3.9,5,5,3
C19379,34.9,18,4,2
C19380,23.3,13,4,4
C19381,9.8,6,4,2
C19382,60.9,21,2,1
C19383,35.9,15,3,1
C19384,49.8,14,2,1
C19385,59.3,20,1,0
C19386,22.6,9,5,4
C19387,45.7,18,3,3
C19388,12.7,3,5,5
C19389,66.4,21,1,0
C19390,31.7,20,2,1
C19391,31.5,7,3,1
C19392,42.6,15,2,1
C19393,66.8,31,2,1
C19394,30.5,13,4,2
C19395,32.8,12,3,2
C19396,49.7,18,2,0
C19397,12.5,0,7,7
C19398,28.2,11,3,2
C19399,22.2,6,5,5
C19400,61.0,24,2,2
C19401,20.9,4,4,2
C19402,42.0,13,2,2
C19403,18.6,6,4,4
C19404,39.9,10,3,2
C19405,51.8,22,1,1
C19406,42.3,19,4,2
C19407,26.3,8,4,4
C19408,44.3,18,3,1
C19409,24.2,17,3,3
C19410,48.6,17,3,1
C19411,48.5,18,2,1
C19412,54.6,12,2,1
C19413,34.2,18,3,3
C19414,27.9,16,4,4
C19415,43.2,17,2,2
C19416,38.2,16,3,3
C19417,40.4,20,4,4
C19418,25.0,15,3,3
C19419,67.6,17,1,1
C19420,51.8,17,3,2
C19421,68.6,23,2,1
C19422,58.2,25,4,4
C19423,71.8,27,2,1
C19424,50.6,22,2,1
C19425,50.3,18,4,2
C19426,39.6,11,3,2
C19427,49.5,16,4,4
C19428,40.0,12,5,3
C19429,57.7,16,2,0
C19430,10.5,4,4,4
C19431,32.2,8,4,3
C19432,79.2,26,0,0
C19433,45.2,12,3,2
C19434,30.4,13,4,2
C19435,28.0,13,4,3
C19436,57.6,25,3,2
C19437,42.9,14,4,3
C19438,54.1,21,2,0
C19439,57.9,23,3,2
C19440,30.5,9,5,4
C19441,39.7,18,5,3
C19442,64.4,24,5,3
C19443,36.0,12,4,4
C19444,38.6,23,3,3
C19445,56.4,16,4,3
C19446,70.6,30,2,2
C19447,9.0,6,4,3
C19448,23.7,10,3,1
C19449,44.2,18,3,3
C19450,36.0,17,3,3
C19451,27.5,13,3,2
C19452,54.4,23,3,3
C19453,24.5,14,5,4
C19454,36.5,5,4,3
C19455,26.8,12,4,2
C19456,28.8,13,3,3
C19457,41.3,19,3,1
C19458,44.7,15,3,3
C19459,32.0,11,3,3
C19460,41.5,23,3,1
C19461,30.9,15,4,2
C19462,54.8,19,3,3
C19463,65.3,27,0,0
C19464,68.8,26,1,1
C19465,55.4,21,2,1
C19466,27.1,14,4,3
C19467,7.3,1,5,5
C19468,44.3,7,3,3
C19469,45.4,18,2,0
C19470,69.5,25,1,0
C19471,54.3,21,1,0
C19472,68.2,31,1,0
C19473,37.4,12,3,2
C19474,59.9,23,1,0
C19475,47.7,21,3,1
C19476,41.8,22,4,4
C19477,51.9,19,2,0
C19478,60.1,17,2,2
C19479,36.5,8,3,3
C19480,33.5,19,3,2
C19481,51.0,22,3,1
C19482,23.6,15,4,4
C19483,39.3,11,3,1
C19484,16.3,6,5,3
C19485,44.2,15,4,4
C19486,29.7,12,3,1
C19487,18.2,11,4,3
C19488,11.4,4,4,3
C19489,56.4,23,1,0
C19490,61.0,23,1,0
C19491,37.7,12,4,2
C19492,26.5,17,3,3
C19493,29.6,10,4,3
C19494,59.9,26,2,1
C19495,69.7,26,1,0
C19496,62.1,22,1,0
C19497,6.6,5,5,3
C19498,61.4,24,2,2
C19499,18.1,5,5,5
C19500,63.4,19,2,1
C19501,26.6,10,3,3
C19502,25.5,10,4,4
C19503,4.2,7,4,2
C19504,72.1,24,1,0
C19505,21.0,1,4,3
C19506,14.9,5,5,3
C19507,49.6,19,2,0
C19508,75.8,29,3,1
C19509,25.1,6,8,8
C19510,65.6,22,1,0
C19511,62.9,18,5,5
C19512,14.1,2,4,4
C19513,37.4,15,4,4
C19514,14.7,8,4,3
C19515,31.9,11,3,2
C19516,4.4,3,6,6
C19517,25.8,8,3,2
C19518,20.2,3,4,2
C19519,58.4,16,1,1
C19520,73.2,27,1,0
C19521,38.2,11,3,2
C19522,32.3,12,3,2
C19523,58.9,21,1,1
C19524,16.4,9,6,5
C19525,1.3,0,6,5
C19526,45.9,13,2,2
C19527,50.9,20,2,0
C19528,51.9,20,3,3
C19529,25.4,13,3,3
C19530,63.2,22,1,1
C19531,48.0,11,3,3
C19532,9.0,1,4,3
C19533,34.5,13,3,1
C19534,30.1,14,3,1
C19535,34.9,10,3,3
C19536,52.4,18,2,0
C19537,21.9,6,3,1
C19538,36.8,17,3,1
C19539,60.4,18,3,1
C19540,41.4,17,2,1
C19541,33.2,15,3,3
C19542,26.7,15,3,2
C19543,55.2,25,2,0
C19544,32.7,8,4,4
C19545,72.6,26,0,0
C19546,33.4,10,3,1
C19547,56.8,17,3,1
C19548,66.7,28,2,2
C19549,9.5,0,5,3
C19550,42.6,18,3,2
C19551,57.6,25,1,0
C19552,51.2,15,2,2
C19553,16.6,4,6,5
C19554,45.9,22,3,1
C19555,13.8,4,4,4
C19556,40.9,13,3,1
C19557,35.6,7,4,2
C19558,66.0,21,1,1
C19559,56.2,23,1,1
C19560,58.6,24,2,2
C19561,26.5,4,4,3
C19562,36.0,18,5,3
C19563,62.3,30,2,2
C19564,58.3,22,1,1
C19565,39.5,18,3,2
C19566,28.5,8,4,3
C19567,20.7,8,4,2
C19568,57.9,28,2,0
C19569,71.3,27,1,1
C19570,47.4,17,2,2
C19571,41.5,13,4,3
C19572,28.4,11,4,4
C19573,59.3,12,2,0
C19574,19.2,9,4,2
C19575,47.6,20,1,0
C19576,35.3,14,6,6
C19577,56.1,22,1,0
C19578,28.4,19,3,3
C19579,10.2,7,4,3
C19580,49.9,18,2,2
C19581,49.6,14,4,2
C19582,57.7,14,3,1
C19583,21.6,7,3,1
C19584,24.7,11,4,3
C19585,50.2,18,2,0
C19586,49.7,19,2,0
C19587,64.9,19,1,0
C19588,52.9,16,3,1
C19589,49.8,23,4,3
C19590,51.4,20,2,0
C19591,68.9,28,1,0
C19592,29.0,7,5,3
C19593,49.6,17,3,3
C19594,40.3,17,4,2
C19595,44.8,14,3,3
C19596,61.5,27,1,0
C19597,56.7,18,2,1
C19598,33.9,12,3,1
C19599,52.1,20,2,2
C19600,44.2,15,2,2
C19601,56.4,18,1,0
C19602,34.2,5,4,2
C19603,61.2,15,3,3
C19604,22.2,9,3,1
C19605,70.7,16,1,1
C19606,60.6,24,1,0
C19607,13.2,2,4,4
C19608,50.5,23,3,1
C19609,0.0,0,5,4
C19610,68.6,22,1,0
C19611,58.9,23,2,0
C19612,26.5,10,3,1
C19613,67.1,29,2,1
C19614,12.4,9,5,3
C19615,47.9,15,2,2
C19616,45.0,11,2,0
C19617,46.7,20,2,1
C19618,48.0,22,2,0
C19619,4.5,6,5,3
C19620,37.8,9,3,1
C19621,32.7,19,4,2
C19622,28.2,14,4,2
C19623,18.8,9,3,2
C19624,36.9,10,4,3
C19625,47.6,7,2,2
C19626,59.3,24,1,0
C19627,27.9,16,3,2
C19628,49.2,22,1,0
C19629,28.5,9,3,1
C19630,78.8,26,1,0
C19631,43.9,21,2,2
C19632,44.4,15,2,2
C19633,28.2,10,3,2
C19634,0.0,2,7,7
C19635,65.3,25,1,0
C19636,32.4,9,4,2
C19637,38.1,20,3,3
C19638,27.4,12,5,3
C19639,59.9,17,1,0
C19640,49.5,21,4,2
C19641,51.3,16,3,1
C19642,57.2,19,2,1
C19643,56.4,20,3,2
C19644,46.7,21,3,3
C19645,23.4,1,4,4
C19646,58.0,25,2,0
C19647,56.2,18,1,0
C19648,57.0,14,1,1
C19649,44.4,13,2,0
C19650,82.6,30,1,0
C19651,21.5,7,4,2
C19652,55.2,20,2,1
C19653,50.2,21,4,4
C19654,18.0,6,5,3
C19655,24.6,11,3,3
C19656,11.3,12,4,2
C19657,53.9,14,4,3
C19658,3.0,3,4,2
C19659,59.8,20,1,0
C19660,16.9,7,4,3
C19661,30.6,10,4,2
C19662,59.0,21,2,1
C19663,25.9,11,3,1
C19664,38.9,17,2,0
C19665,35.4,19,3,1
C19666,15.4,3,4,3
C19667,53.3,19,2,2
C19668,21.8,7,6,6
C19669,48.0,15,3,1
C19670,19.7,10,4,3
C19671,31.1,5,3,3
C19672,30.9,17,3,3
C19673,36.7,11,3,1
C19674,47.6,16,2,1
C19675,74.0,28,1,0
C19676,29.2,17,3,2
C19677,53.0,16,2,1
C19678,17.9,0,6,5
C19679,19.1,8,4,2
C19680,63.0,23,1,1
C19681,23.3,8,5,3
C19682,70.4,19,2,0
C19683,30.9,12,3,2
C19684,3.1,8,4,3
C19685,40.1,15,2,0
C19686,30.3,10,3,3
C19687,27.2,13,3,3
C19688,56.0,20,2,0
C19689,37.0,11,3,3
C19690,27.3,9,3,3
C19691,17.2,14,5,4
C19692,12.9,5,4,3
C19693,47.7,17,2,2
C19694,64.7,24,1,0
C19695,29.4,8,3,1
C19696,18.3,9,4,3
C19697,73.1,23,0,0
C19698,54.4,20,2,2
C19699,10.9,0,4,2
C19700,30.1,12,3,3
C19701,46.6,16,3,1
C19702,36.7,13,3,1
C19703,64.7,20,1,0
C19704,37.5,14,4,4
C19705,46.2,21,3,3
C19706,76.2,32,2,1
C19707,26.0,7,4,4
C19708,8.8,8,4,3
C19709,68.1,23,2,0
C19710,31.1,7,5,4
C19711,59.5,25,1,1
C19712,73.8,28,1,0
C19713,18.7,8,4,3
C19714,70.5,25,2,1
C19715,16.0,6,5,3
C19716,63.7,25,2,1
C19717,65.5,21,1,0
C19718,48.9,25,3,3
C19719,59.7,26,2,0
C19720,50.6,22,4,4
C19721,29.4,9,4,3
C19722,8.7,0,6,4
C19723,25.7,8,4,2
C19724,36.2,12,3,3
C19725,59.8,22,2,2
C19726,20.1,12,4,3
C19727,31.2,13,4,4
C19728,68.0,27,1,0
C19729,31.2,13,4,3
C19730,55.4,18,3,1
C19731,23.5,11,5,5
C19732,23.7,5,4,4
C19733,49.1,14,2,2
C19734,48.1,21,2,0
C19735,49.8,17,2,0
C19736,51.8,14,2,0
C19737,64.9,27,1,1
C19738,50.9,23,2,2
C19739,66.1,22,1,0
C19740,24.0,12,4,4
C19741,60.0,25,4,4
C19742,49.6,18,4,3
C19743,54.2,17,1,1
C19744,8.5,5,4,2
C19745,51.1,23,2,1
C19746,34.1,19,3,2
C19747,5.5,8,4,4
C19748,33.0,5,3,3
C19749,55.0,19,2,0
C19750,33.0,11,4,3
C19751,60.1,23,2,2
C19752,27.9,8,3,2
C19753,40.5,18,2,2
C19754,20.9,17,3,2
C19755,27.1,6,6,6
C19756,50.6,20,2,1
C19757,66.3,27,1,0
C19758,19.3,5,4,4
C19759,40.1,11,3,2
C19760,65.2,18,1,1
C19761,29.4,10,4,2
C19762,7.9,0,4,4
C19763,24.3,12,3,1
C19764,39.5,11,3,1
C19765,73.0,29,0,0
C19766,49.2,14,2,2
C19767,58.4,22,1,1
C19768,32.9,18,3,1
C19769,14.9,8,4,3
C19770,19.4,8,4,4
C19771,42.7,21,4,3
C19772,53.1,19,2,2
C19773,17.5,10,3,3
C19774,24.4,4,5,3
C19775,35.5,21,2,1
C19776,12.0,0,4,3
C19777,67.6,23,1,1
C19778,36.4,16,3,1
C19779,51.8,18,3,2
C19780,61.9,23,2,1
C19781,48.5,22,2,1
C19782,44.3,16,3,3
C19783,30.8,13,3,2
C19784,34.8,12,3,2
C19785,11.0,6,4,3
C19786,0.0,3,5,3
C19787,42.1,19,3,1
C19788,62.0,32,1,1
C19789,72.1,29,0,0
C19790,4.0,0,5,5
C19791,36.5,17,5,3
C19792,71.3,31,2,0
C19793,13.4,11,5,4
C19794,22.0,12,4,3
C19795,42.2,11,3,1
C19796,40.3,21,3,3
C19797,37.1,19,3,1
C19798,44.5,20,3,3
C19799,1.5,0,5,4
C19800,78.1,27,1,0
C19801,46.6,21,3,2
C19802,41.4,14,4,4
C19803,61.8,25,3,2
C19804,74.1,25,0,0
C19805,69.4,29,1,0
C19806,33.8,7,4,4
C19807,61.8,23,1,1
C19808,43.0,16,3,2
C19809,0.0,0,8,7
C19810,44.4,10,4,4
C19811,68.6,31,1,0
C19812,75.4,25,1,0
C19813,57.8,25,2,1
C19814,29.8,7,3,3
C19815,46.3,20,2,2
C19816,2.1,3,6,4
C19817,53.4,19,2,1
C19818,31.5,9,4,2
C19819,32.0,12,4,3
C19820,48.2,19,2,2
C19821,57.0,19,2,1
C19822,59.6,23,3,3
C19823,5.9,0,4,3
C19824,15.5,5,5,5
C19825,29.5,11,3,3
C19826,82.6,22,2,1
C19827,22.1,10,4,4
C19828,43.2,11,4,4
C19829,37.4,10,3,2
C19830,30.5,13,4,3
C19831,65.8,20,1,0
C19832,30.1,9,4,2
C19833,25.9,10,4,2
C19834,31.5,9,4,2
C19835,43.6,17,2,0
C19836,22.8,10,4,4
C19837,11.8,7,4,3
C19838,22.7,11,4,2
C19839,27.0,12,3,2
C19840,41.6,18,5,4
C19841,27.2,12,4,4
C19842,65.2,17,3,1
C19843,56.5,29,3,1
C19844,73.8,29,2,2
C19845,83.6,26,1,0
C19846,36.3,12,4,3
C19847,38.3,15,5,3
C19848,61.3,24,2,2
C19849,64.2,22,2,0
C19850,21.7,8,4,2
C19851,33.8,7,4,2
C19852,63.4,26,4,3
C19853,75.6,32,1,0
C19854,54.3,27,3,2
C19855,11.3,2,6,5
C19856,56.3,19,2,2
C19857,59.9,21,2,1
C19858,19.8,12,3,1
C19859,40.6,12,3,2
C19860,28.1,16,3,3
C19861,50.8,17,2,2
C19862,12.4,5,5,4
C19863,51.9,25,2,2
C19864,45.4,18,2,0
C19865,34.4,11,3,1
C19866,29.2,12,4,4
C19867,21.7,12,4,2
C19868,56.4,19,2,1
C19869,9.2,8,4,4
C19870,32.9,7,3,2
C19871,21.6,11,4,4
C19872,63.6,26,2,2
C19873,27.9,7,3,2
C19874,15.0,0,5,4
C19875,27.7,7,4,2
C19876,72.3,26,2,2
C19877,65.8,25,1,1
C19878,10.4,1,8,6
C19879,49.2,19,4,4
C19880,43.4,12,4,4
C19881,72.1,21,2,2
C19882,63.4,25,1,0
C19883,73.6,35,0,0
C19884,53.2,19,6,6
C19885,21.8,10,4,3
C19886,72.3,26,1,0
C19887,58.1,25,2,0
C19888,66.2,25,1,0
C19889,24.6,13,6,6
C19890,43.2,17,2,0
C19891,13.0,4,6,4
C19892,44.8,16,2,2
C19893,64.7,18,1,0
C19894,14.4,3,5,3
C19895,77.6,24,1,0
C19896,57.1,23,1,1
C19897,57.2,21,1,0
C19898,36.9,16,4,4
C19899,41.0,13,2,2
C19900,68.8,29,0,0
C19901,61.4,24,1,1
C19902,0.0,1,6,4
C19903,8.5,5,5,3
C19904,31.4,12,3,2
C19905,42.4,18,2,0
C19906,39.7,18,3,2
C19907,24.9,13,3,3
C19908,15.9,7,5,4
C19909,58.3,19,5,3
C19910,47.1,21,4,3
C19911,31.6,14,3,1
C19912,2.9,6,8,7
C19913,46.2,11,2,1
C19914,16.7,9,5,4
C19915,23.9,14,3,3
C19916,59.7,24,3,3
C19917,17.4,8,5,5
C19918,38.2,12,4,2
C19919,62.7,26,2,1
C19920,48.0,26,2,2
C19921,32.3,9,3,2
C19922,0.1,4,4,4
C19923,57.7,20,2,1
C19924,9.0,8,6,6
C19925,17.0,8,5,3
C19926,18.4,4,4,2
C19927,5.9,4,5,5
C19928,80.8,23,0,0
C19929,37.2,14,3,3
C19930,35.8,12,4,2
C19931,52.9,22,2,1
C19932,7.3,6,4,4
C19933,50.3,19,2,1
C19934,42.4,17,5,3
C19935,71.5,29,2,2
C19936,20.2,11,4,3
C19937,66.2,27,2,2
C19938,27.5,14,3,1
C19939,60.5,24,2,0
C19940,16.7,6,4,2
C19941,0.2,0,5,4
C19942,2.3,4,5,4
C19943,34.1,9,3,1
C19944,46.3,17,3,2
C19945,33.9,13,3,1
C19946,27.5,9,4,4
C19947,58.8,21,2,1
C19948,71.3,29,2,1
C19949,10.8,5,5,5
C19950,5.5,5,4,2
C19951,58.2,19,2,2
C19952,42.1,19,3,1
C19953,10.6,3,4,2
C19954,51.4,18,4,2
C19955,39.4,13,2,1
C19956,62.5,24,1,1
C19957,48.9,24,2,0
C19958,73.0,28,1,0
C19959,52.1,23,2,0
C19960,40.5,15,3,3
C19961,38.3,16,2,0
C19962,13.2,0,4,3
C19963,17.4,4,4,2
C19964,43.8,9,3,3
C19965,53.0,19,3,3
C19966,22.2,7,5,3
C19967,45.0,16,3,3
C19968,3.8,0,6,6
C19969,14.3,7,4,3
C19970,13.5,2,4,2
C19971,56.3,20,2,2
C19972,49.1,19,4,3
C19973,60.0,18,2,2
C19974,66.6,21,1,1
C19975,24.8,7,7,7
C19976,44.5,18,2,0
C19977,58.1,26,2,0
C19978,26.1,9,3,2
C19979,29.6,13,4,2
C19980,58.8,21,2,0
C19981,31.4,9,4,4
C19982,66.9,25,2,0
C19983,17.5,6,5,3
C19984,49.5,21,2,1
C19985,34.7,18,3,1
C19986,56.8,19,2,1
C19987,55.0,20,4,2
C19988,26.3,0,4,2
C19989,67.5,28,3,2
C19990,28.1,11,5,3
C19991,15.9,7,4,2
C19992,23.3,10,3,3
C19993,31.4,12,4,2
C19994,50.6,22,2,2
C19995,56.5,21,2,0
C19996,51.6,18,3,3
C19997,31.6,15,3,2
C19998,23.7,5,4,3
C19999,27.0,9,4,3
C20000,48.7,14,2,1
C20001,25.7,2,4,2
C20002,59.9,23,3,2
C20003,28.2,9,4,4
C20004,35.8,4,3,1
C20005,20.5,16,4,3
C20006,38.6,10,3,2
C20007,38.5,19,2,2
C20008,23.0,11,4,2
C20009,24.9,7,4,3
C20010,12.7,4,4,3
C20011,65.7,21,1,1
C20012,45.1,12,4,2
C20013,47.1,18,2,0
C20014,48.7,20,2,0
C20015,26.7,10,3,1
C20016,45.6,21,2,2
C20017,21.7,10,3,2
C20018,17.1,6,4,3
C20019,29.9,14,3,2
C20020,32.4,14,4,4
C20021,54.6,23,2,0
C20022,57.3,24,3,2
C20023,9.8,2,6,5
C20024,42.1,11,3,1
C20025,47.6,18,2,2
C20026,47.8,19,3,1
C20027,56.2,20,2,2
C20028,69.3,22,1,1
C20029,29.3,7,4,2
C20030,28.4,10,3,3
C20031,61.7,21,2,1
C20032,37.5,15,4,3
C20033,82.7,30,0,0
C20034,49.8,23,3,1
C20035,31.5,9,3,3
C20036,35.2,14,4,2
C20037,8.3,3,7,5
C20038,32.8,17,5,5
C20039,28.4,13,4,3
C20040,57.8,19,2,0
C20041,50.3,17,3,2
C20042,38.0,19,3,2
C20043,63.3,24,3,1
C20044,21.2,13,4,4
C20045,63.3,23,2,1
C20046,78.5,30,1,0
C20047,63.6,25,2,1
C20048,20.2,7,4,2
C20049,47.7,14,2,0
C20050,26.3,8,3,2
C20051,35.4,11,3,1
C20052,15.8,0,4,3
C20053,46.8,14,2,2
C20054,40.5,12,3,2
C20055,51.8,19,2,1
C20056,42.4,14,5,4
C20057,41.3,16,2,0
C20058,54.3,23,4,3
C20059,22.1,7,6,6
C20060,30.4,12,3,2
C20061,14.1,4,5,4
C20062,56.1,18,2,1
C20063,27.7,11,3,1
C20064,10.6,5,7,6
C20065,15.2,7,5,3
C20066,71.8,23,1,0
C20067,28.8,8,4,3
C20068,40.9,17,2,0
C20069,59.0,19,2,1
C20070,24.6,10,3,2
C20071,62.3,23,2,2
C20072,39.7,12,3,1
C20073,43.5,19,2,2
C20074,40.4,18,2,1
C20075,73.8,28,2,1
C20076,41.3,18,3,2
C20077,54.7,22,2,0
C20078,23.1,4,4,4
C20079,46.5,19,2,2
C20080,29.2,13,5,3
C20081,19.0,6,4,3
C20082,30.5,6,3,3
C20083,66.4,26,1,1
C20084,6.0,5,6,4
C20085,59.7,18,3,2
C20086,35.9,16,3,3
C20087,51.6,15,2,1
C20088,20.7,10,4,4
C20089,48.2,20,3,2
C20090,29.3,13,3,2
C20091,81.8,30,0,0
C20092,52.7,18,3,2
C20093,22.9,12,4,3
C20094,34.2,16,2,2
C20095,42.8,17,3,3
C20096,14.7,14,4,2
C20097,26.9,11,3,2
C20098,42.6,18,3,2
C20099,27.7,19,4,2
C20100,60.5,19,2,1
C20101,68.6,22,1,0
C20102,23.1,12,4,4
C20103,49.6,21,3,3
C20104,68.6,28,1,0
C20105,36.1,9,3,3
C20106,37.8,15,3,2
C20107,55.3,18,4,2
C20108,41.8,14,4,3
C20109,41.6,11,4,2
C20110,31.8,11,4,3
C20111,45.2,20,3,2
C20112,37.6,14,4,4
C20113,24.1,8,3,2
C20114,54.5,31,1,0
C20115,65.6,29,1,0
C20116,44.6,21,3,2
C20117,41.2,14,4,2
C20118,27.8,15,4,3
C20119,41.8,15,2,1
C20120,18.9,6,5,4
C20121,19.0,10,5,5
C20122,46.4,17,2,2
C20123,23.9,11,3,2
C20124,35.9,10,4,3
C20125,41.9,13,2,2
C20126,27.5,5,4,3
C20127,66.0,25,2,0
C20128,66.0,23,2,0
C20129,45.7,12,2,2
C20130,51.5,17,2,2
C20131,32.5,12,4,3
C20132,36.2,17,3,2
C20133,49.5,21,2,2
C20134,53.8,15,3,3
C20135,35.0,12,4,2
C20136,43.4,9,3,3
C20137,75.2,24,2,1
C20138,49.3,16,2,1
C20139,48.7,11,3,2
C20140,13.0,1,5,4
C20141,49.4,20,2,0
C20142,5.1,5,4,4
C20143,21.6,10,3,2
C20144,51.6,16,4,3
C20145,45.4,17,3,1
C20146,48.3,21,2,0
C20147,57.6,20,3,3
C20148,55.4,18,2,1
C20149,27.5,8,3,1
C20150,15.5,16,6,5
C20151,21.6,11,3,3
C20152,47.1,20,2,0
C20153,75.5,26,0,0
C20154,19.2,5,5,5
C20155,32.9,11,4,3
C20156,70.1,17,1,0
C20157,47.1,24,6,6
C20158,45.1,16,3,2
C20159,45.8,18,2,1
C20160,2.6,6,5,5
C20161,40.8,13,5,4
C20162,47.6,23,2,1
C20163,37.9,19,3,1
C20164,55.1,22,2,2
C20165,30.0,10,3,1
C20166,33.3,13,3,3
C20167,4.3,0,5,4
C20168,58.2,16,1,1
C20169,68.6,29,1,1
C20170,17.7,11,4,3
C20171,38.8,16,3,3
C20172,40.6,16,3,3
C20173,7.3,3,4,2
C20174,32.2,14,5,5
C20175,71.9,27,1,0
C20176,50.8,21,1,0
C20177,1.3,1,5,4
C20178,61.3,16,2,0
C20179,13.7,2,4,2
C20180,61.8,21,2,2
C20181,64.6,20,2,0
C20182,58.8,28,2,2
C20183,18.6,8,4,3
C20184,39.7,18,2,2
C20185,8.8,11,4,3
C20186,13.4,2,5,3
C20187,64.2,23,2,2
C20188,68.3,24,1,0
C20189,40.4,21,3,1
C20190,12.6,3,6,4
C20191,45.6,15,2,1
C20192,30.2,12,4,4
C20193,49.3,16,3,3
C20194,42.6,20,3,2
C20195,15.4,4,6,5
C20196,56.8,20,1,0
C20197,27.6,10,3,1
C20198,25.2,6,4,2
C20199,53.4,24,2,1
C20200,27.9,10,3,3
C20201,39.5,12,4,4
C20202,14.9,10,4,2
C20203,2.1,0,5,4
C20204,58.1,21,1,0
C20205,42.7,16,3,2
C20206,52.3,12,3,3
C20207,51.0,16,2,0
C20208,32.8,8,3,3
C20209,51.6,24,2,1
C20210,4.5,1,5,4
C20211,21.1,11,4,3
C20212,36.1,15,2,2
C20213,63.1,25,2,2
C20214,59.9,26,1,0
C20215,57.3,23,1,0
C20216,20.4,0,6,6
C20217,21.7,8,4,4
C20218,56.1,17,4,2
C20219,61.2,16,1,0
C20220,41.3,16,3,3
C20221,37.6,18,3,3
C20222,72.9,19,2,0
C20223,46.1,17,4,2
C20224,22.8,7,6,5
C20225,41.0,17,3,3
C20226,33.4,19,3,1
C20227,15.9,8,5,3
C20228,34.7,8,3,1
C20229,41.2,19,2,1
C20230,26.2,17,3,2
C20231,60.7,17,2,0
C20232,35.5,15,5,3
C20233,73.1,32,0,0
C20234,52.8,20,3,1
C20235,27.9,7,4,4
C20236,18.3,4,6,5
C20237,23.6,3,4,3
C20238,64.3,29,2,0
C20239,51.8,24,4,3
C20240,14.3,3,4,2
C20241,19.0,11,4,3
C20242,2.8,4,5,5
C20243,58.5,22,1,1
C20244,26.2,12,4,3
C20245,40.6,15,3,3
C20246,38.9,7,3,1
C20247,24.5,11,4,3
C20248,80.9,25,0,0
C20249,47.5,20,3,2
C20250,6.2,7,4,3
C20251,23.8,16,3,3
C20252,0.0,0,5,4
C20253,47.2,22,5,5
C20254,61.8,19,2,2
C20255,40.9,14,4,4
C20256,32.1,9,4,2
C20257,17.3,3,4,4
C20258,58.3,23,2,2
C20259,29.8,12,3,3
C20260,52.4,20,3,1
C20261,44.6,12,3,2
C20262,39.0,17,3,1
C20263,59.7,18,3,1
C20264,37.6,11,3,3
C20265,48.5,14,3,2
C20266,37.8,14,3,3
C20267,71.5,22,1,0
C20268,14.4,3,5,3
C20269,23.3,2,4,2
C20270,38.1,11,3,1
C20271,23.9,10,4,4
C20272,52.6,17,2,0
C20273,59.7,21,2,0
C20274,52.3,17,2,0
C20275,40.9,12,2,2
C20276,13.9,0,6,5
C20277,27.6,6,3,2
C20278,58.0,22,2,2
C20279,42.8,15,2,0
C20280,35.1,12,4,4
C20281,72.6,29,2,0
C20282,57.3,17,2,0
C20283,45.0,15,3,3
C20284,24.0,8,3,2
C20285,31.6,10,3,2
C20286,38.1,9,4,2
C20287,49.2,20,2,0
C20288,34.8,7,3,1
C20289,62.3,17,1,0
C20290,34.8,12,4,2
C20291,28.1,14,5,3
C20292,54.0,25,4,4
C20293,37.3,13,4,2
C20294,34.6,13,3,2
C20295,41.3,17,5,5
C20296,27.0,10,3,1
C20297,20.4,12,4,2
C20298,56.3,25,1,0
C20299,63.6,17,1,0
C20300,52.2,17,4,2
C20301,48.7,14,2,0
C20302,32.1,11,3,3
C20303,30.8,5,4,4
C20304,28.8,14,4,3
C20305,57.5,17,3,3
C20306,70.1,26,0,0
C20307,23.7,11,3,1
C20308,47.0,20,3,2
C20309,53.1,28,1,0
C20310,13.6,7,5,4
C20311,21.8,6,4,4
C20312,71.9,30,0,0
C20313,24.8,7,3,3
C20314,29.9,11,4,4
C20315,40.2,15,3,3
C20316,10.2,3,5,3
C20317,11.1,4,6,4
C20318,41.2,19,3,1
C20319,65.6,22,2,0
C20320,15.6,5,5,3
C20321,61.7,22,1,1
C20322,55.5,24,1,0
C20323,34.4,11,3,3
C20324,74.3,27,0,0
C20325,25.8,5,4,3
C20326,31.1,13,3,3
C20327,22.5,8,4,3
C20328,41.9,16,2,0
C20329,16.4,9,4,3
C20330,12.0,5,5,4
C20331,42.7,17,4,3
C20332,40.1,18,3,3
C20333,3.0,9,5,4
C20334,22.9,12,6,4
C20335,50.6,15,2,1
C20336,41.9,19,3,2
C20337,20.2,5,5,4
C20338,40.2,15,4,4
C20339,0.8,12,4,4
C20340,26.7,12,3,1
C20341,53.5,22,1,1
C20342,45.4,17,2,2
C20343,22.0,5,3,3
C20344,34.1,9,3,3
C20345,24.3,19,3,3
C20346,53.7,21,2,0
C20347,60.7,24,1,1
C20348,80.5,25,1,0
C20349,34.0,8,3,3
C20350,53.0,22,2,1
C20351,10.1,8,4,4
C20352,22.9,9,4,2
C20353,46.2,13,2,1
C20354,19.4,8,4,3
C20355,46.6,20,2,2
C20356,43.7,23,3,3
C20357,31.9,9,6,4
C20358,28.6,13,5,3
C20359,23.8,8,4,4
C20360,42.3,15,4,4
C20361,22.6,9,3,2
C20362,47.8,23,3,1
C20363,55.7,21,3,3
C20364,9.6,5,5,5
C20365,43.2,12,4,2
C20366,81.6,27,0,0
C20367,11.1,10,6,4
C20368,27.1,8,3,3
C20369,22.8,8,4,3
C20370,22.2,8,4,2
C20371,24.4,11,4,2
C20372,73.6,27,1,0
C20373,20.7,0,5,3
C20374,15.2,7,4,2
C20375,62.2,29,1,0
C20376,38.5,18,2,2
C20377,0.0,0,5,4
C20378,46.8,16,3,1
C20379,60.1,22,0,0
C20380,12.7,6,4,2
C20381,30.8,10,5,5
C20382,44.5,24,2,2
C20383,8.2,7,5,3
C20384,71.8,31,3,1
C20385,43.6,15,2,2
C20386,39.9,9,4,3
C20387,24.6,16,3,1
C20388,36.0,13,3,1
C20389,52.3,15,4,3
C20390,52.0,17,2,0
C20391,23.1,8,4,3
C20392,41.4,15,3,1
C20393,21.4,7,5,4
C20394,37.9,15,2,2
C20395,36.9,11,5,5
C20396,65.1,18,1,0
C20397,42.3,21,2,0
C20398,7.6,0,5,5
C20399,24.9,10,3,1
C20400,17.9,3,5,4
C20401,35.9,15,4,3
C20402,31.8,5,4,3
C20403,55.9,21,2,0
C20404,57.4,18,4,3
C20405,36.3,9,4,2
C20406,39.9,15,3,2
C20407,41.0,13,3,3
C20408,68.1,23,4,3
C20409,43.9,18,2,1
C20410,58.5,21,2,1
C20411,65.2,23,4,2
C20412,52.2,20,2,0
C20413,54.3,15,2,1
C20414,45.9,17,2,2
C20415,27.1,14,4,4
C20416,47.7,18,3,3
C20417,41.0,23,4,2
C20418,39.5,19,3,1
C20419,29.4,9,4,4
C20420,21.3,14,4,3
C20421,40.5,16,3,3
C20422,29.3,7,4,2
C20423,28.0,16,7,5
C20424,34.0,12,3,2
C20425,30.2,12,3,3
C20426,48.6,17,2,0
C20427,28.3,15,2,0
C20428,52.6,21,1,0
C20429,27.2,13,3,2
C20430,59.4,23,4,2
C20431,17.8,6,4,3
C20432,4.3,2,5,3
C20433,42.5,15,3,1
C20434,74.8,28,1,0
C20435,9.3,4,5,4
C20436,47.8,18,3,1
C20437,60.6,22,1,0
C20438,40.6,12,4,3
C20439,33.1,11,4,2
C20440,30.1,11,4,4
C20441,9.7,0,4,3
C20442,41.8,17,2,0
C20443,18.3,0,5,3
C20444,38.4,12,3,1
C20445,9.1,3,4,2
C20446,32.7,7,4,3
C20447,51.2,25,3,2
C20448,46.4,18,3,2
C20449,17.8,9,4,3
C20450,45.9,15,3,2
C20451,68.7,30,1,0
C20452,33.9,8,3,3
C20453,43.3,14,3,2
C20454,40.5,14,3,1
C20455,16.5,3,4,2
C20456,55.4,23,4,2
C20457,14.6,1,5,4
C20458,44.5,17,4,3
C20459,44.7,16,2,0
C20460,15.1,10,3,2
C20461,30.8,8,4,4
C20462,14.9,9,4,4
C20463,34.1,4,4,3
C20464,47.9,18,2,1
C20465,39.5,10,3,2
C20466,54.0,19,3,1
C20467,43.8,20,2,0
C20468,60.1,21,2,2
C20469,34.1,15,3,2
C20470,53.4,18,3,3
C20471,43.5,17,3,2
C20472,4.3,2,8,7
C20473,45.7,16,2,1
C20474,22.3,11,5,5
C20475,37.9,10,4,3
C20476,39.3,14,5,3
C20477,66.3,14,1,0
C20478,41.1,20,3,3
C20479,31.4,13,2,1
C20480,44.9,14,3,3
C20481,72.8,22,2,0
C20482,38.8,14,2,0
C20483,12.0,7,4,2
C20484,59.9,17,3,2
C20485,28.0,13,4,3
C20486,29.3,11,3,2
C20487,36.1,13,3,1
C20488,28.8,15,3,2
C20489,57.9,19,2,1
C20490,34.2,18,3,2
C20491,46.3,19,3,2
C20492,11.1,1,4,3
C20493,36.3,13,4,2
C20494,44.6,16,2,2
C20495,8.1,12,4,3
C20496,41.3,20,3,3
C20497,59.0,22,3,1
C20498,21.0,6,4,4
C20499,51.9,17,2,2
C20500,22.1,12,6,4
C20501,50.7,15,3,3
C20502,65.1,28,1,0
C20503,39.5,8,4,4
C20504,65.0,22,1,0
C20505,3.3,0,6,5
C20506,55.3,19,3,2
C20507,45.0,18,2,2
C20508,23.6,9,5,4
C20509,45.6,21,2,1
C20510,18.1,11,4,4
C20511,23.5,15,4,2
C20512,43.1,21,3,1
C20513,23.4,11,4,4
C20514,24.8,11,5,3
C20515,67.9,27,3,1
C20516,57.5,29,1,0
C20517,63.9,25,1,0
C20518,5.4,1,5,4
C20519,71.9,28,3,3
C20520,31.8,20,2,1
C20521,46.5,18,2,0
C20522,69.1,26,1,0
C20523,32.8,11,3,2
C20524,63.1,26,1,0
C20525,32.3,13,3,3
C20526,5.2,0,6,4
C20527,49.6,21,3,2
C20528,20.1,6,4,4
C20529,70.5,26,2,2
C20530,41.1,16,2,2
C20531,37.0,10,3,3
C20532,26.7,8,3,2
C20533,60.5,24,1,0
C20534,16.0,10,4,4
C20535,56.5,20,3,1
C20536,14.2,11,4,4
C20537,59.2,19,1,0
C20538,49.3,18,2,0
C20539,51.0,16,3,2
C20540,23.7,11,4,2
C20541,46.3,16,3,2
C20542,10.4,5,5,3
C20543,21.9,6,4,4
C20544,20.8,7,4,2
C20545,38.7,15,4,2
C20546,32.9,14,3,3
C20547,57.2,29,1,0
C20548,56.9,22,2,0
C20549,38.4,16,5,4
C20550,58.2,26,1,0
C20551,59.6,22,2,0
C20552,58.2,21,3,3
C20553,41.9,14,5,5
C20554,29.3,8,4,2
C20555,31.8,11,3,2
C20556,46.1,20,2,2
C20557,33.0,13,4,3
C20558,46.7,18,3,1
C20559,38.7,11,4,4
C20560,28.8,20,4,3
C20561,62.3,20,2,0
C20562,34.6,21,2,1
C20563,70.7,24,1,0
C20564,78.4,32,0,0
C20565,51.9,25,1,0
C20566,25.0,13,3,3
C20567,44.4,8,4,2
C20568,26.4,5,4,2
C20569,77.1,21,0,0
C20570,17.1,5,5,5
C20571,45.3,21,2,0
C20572,23.9,3,4,4
C20573,74.6,18,2,0
C20574,50.3,13,3,2
C20575,26.8,15,4,3
C20576,60.7,22,1,0
C20577,2.1,2,7,6
C20578,47.6,17,2,2
C20579,59.9,27,1,0
C20580,33.5,12,6,6
C20581,53.0,16,2,1
C20582,11.4,4,4,2
C20583,50.3,21,4,4
C20584,37.7,15,3,1
C20585,37.8,11,3,2
C20586,36.7,13,6,5
C20587,65.5,19,1,0
C20588,17.5,5,4,3
C20589,64.0,26,1,0
C20590,43.5,14,3,2
C20591,37.8,24,2,0
C20592,30.6,11,4,2
C20593,2.5,4,6,4
C20594,51.2,19,2,2
C20595,37.3,13,4,2
C20596,40.7,20,2,0
C20597,67.1,23,1,1
C20598,60.1,24,1,0
C20599,44.6,17,2,1
C20600,46.3,18,2,1
C20601,35.2,18,4,4
C20602,14.3,6,4,4
C20603,20.7,5,4,4
C20604,65.1,23,1,0
C20605,72.0,24,2,2
C20606,32.1,11,4,4
C20607,35.8,13,5,5
C20608,41.4,20,3,2
C20609,29.2,10,4,4
C20610,43.2,17,2,0
C20611,9.6,2,5,4
C20612,60.3,22,2,0
C20613,31.2,13,3,1
C20614,41.6,7,3,2
C20615,24.2,11,3,2
C20616,24.9,11,3,3
C20617,59.8,29,1,1
C20618,55.7,16,2,2
C20619,37.2,16,3,3
C20620,29.3,5,4,4
C20621,18.2,10,4,4
C20622,40.1,16,3,1
C20623,28.1,18,3,3
C20624,42.0,12,3,3
C20625,28.2,14,3,2
C20626,8.6,0,5,3
C20627,67.1,24,1,1
C20628,23.0,4,4,4
C20629,72.7,28,1,1
C20630,42.1,20,4,2
C20631,43.3,13,4,4
C20632,3.9,5,5,4
C20633,27.0,8,3,2
C20634,1.9,4,5,3
C20635,55.5,22,1,1
C20636,47.5,21,4,4
C20637,49.9,18,2,1
C20638,58.1,29,2,0
C20639,53.3,25,2,2
C20640,34.3,13,3,2
C20641,55.1,22,3,3
C20642,11.2,2,5,3
C20643,12.1,3,5,3
C20644,45.4,17,3,3
C20645,37.7,18,3,2
C20646,54.9,24,1,1
C20647,52.4,13,3,2
C20648,42.5,18,3,3
C20649,36.1,19,4,4
C20650,26.5,13,4,4
C20651,9.8,5,4,2
C20652,77.6,28,0,0
C20653,75.6,23,1,1
C20654,42.0,19,2,1
C20655,27.4,10,4,4
C20656,33.3,14,4,2
C20657,19.7,5,4,2
C20658,18.6,4,5,3
C20659,40.5,20,3,2
C20660,10.9,11,4,3
C20661,62.9,26,1,1
C20662,38.7,20,3,1
C20663,46.1,10,4,4
C20664,24.8,13,5,5
C20665,52.1,24,1,1
C20666,36.6,9,4,4
C20667,38.8,14,2,1
C20668,17.7,15,6,6
C20669,42.8,14,2,2
C20670,57.0,22,1,0
C20671,23.0,7,6,4
C20672,49.3,17,3,2
C20673,42.3,17,3,3
C20674,46.1,19,2,0
C20675,38.0,16,3,1
C20676,65.1,21,2,2
C20677,65.7,26,2,0
C20678,46.3,24,2,1
C20679,69.5,28,1,1
C20680,51.0,16,3,2
C20681,23.5,10,4,3
C20682,56.2,23,2,0
C20683,49.0,21,2,0
C20684,23.0,10,4,2
C20685,66.4,25,1,0
C20686,57.6,16,3,3
C20687,42.1,15,3,2
C20688,35.6,9,4,4
C20689,48.7,18,3,2
C20690,40.5,12,4,2
C20691,71.4,28,1,0
C20692,55.1,18,1,1
C20693,50.8,19,3,3
C20694,41.9,11,3,1
C20695,64.8,24,2,1
C20696,54.9,22,1,0
C20697,45.5,16,3,3
C20698,53.8,28,3,1
C20699,48.2,21,3,1
C20700,67.3,26,1,0
C20701,57.1,19,3,3
C20702,40.4,16,4,4
C20703,68.1,17,1,0
C20704,65.7,18,3,2
C20705,28.6,10,4,3
C20706,19.6,9,4,4
C20707,72.5,34,1,0
C20708,2.9,5,5,4
C20709,53.0,17,2,0
C20710,35.1,14,5,5
C20711,88.5,27,0,0
C20712,53.3,20,2,1
C20713,49.1,21,2,2
C20714,47.0,19,2,2
C20715,29.3,17,3,2
C20716,23.2,5,3,2
C20717,55.8,21,2,1
C20718,31.5,7,3,1
C20719,37.7,11,3,1
C20720,29.0,13,3,2
C20721,16.4,5,4,2
C20722,39.3,14,3,1
C20723,46.1,16,2,1
C20724,55.4,21,2,0
C20725,45.4,15,2,0
C20726,37.2,13,4,3
C20727,64.9,26,2,1
C20728,38.3,17,2,0
C20729,55.0,19,2,2
C20730,4.7,0,4,3
C20731,41.7,22,3,3
C20732,15.8,6,3,3
C20733,34.6,15,3,2
C20734,5.3,8,4,3
C20735,48.4,17,2,2
C20736,31.8,16,4,3
C20737,30.5,15,3,3
C20738,61.7,30,1,0
C20739,15.1,2,5,4
C20740,43.9,8,3,3
C20741,39.6,14,3,3
C20742,39.2,20,3,1
C20743,41.7,10,2,0
C20744,31.5,11,3,2
C20745,18.6,6,5,5
C20746,31.8,12,3,3
C20747,59.4,20,2,0
C20748,10.5,3,5,4
C20749,14.2,3,4,3
C20750,56.7,23,1,1
C20751,52.1,26,3,1
C20752,7.7,0,5,4
C20753,28.4,13,3,1
C20754,24.9,15,4,2
C20755,29.0,10,3,3
C20756,19.6,12,4,3
C20757,7.9,7,5,3
C20758,48.0,18,2,2
C20759,41.6,16,3,1
C20760,41.1,13,3,2
C20761,30.4,12,3,2
C20762,35.6,14,3,1
C20763,50.3,17,2,0
C20764,59.0,18,2,1
C20765,41.5,14,2,1
C20766,53.0,17,3,1
C20767,30.3,12,3,2
C20768,27.9,13,4,3
C20769,57.9,21,1,0
C20770,40.2,16,3,2
C20771,34.0,14,3,3
C20772,30.6,16,3,2
C20773,23.5,3,4,4
C20774,23.5,7,5,5
C20775,61.2,17,3,3
C20776,41.5,20,3,3
C20777,36.0,19,3,2
C20778,37.6,19,3,3
C20779,65.3,21,2,2
C20780,25.8,7,5,5
C20781,40.6,11,4,2
C20782,57.1,20,3,3
C20783,60.0,22,1,0
C20784,79.1,35,1,0
C20785,15.7,4,4,3
C20786,27.9,12,4,4
C20787,49.8,11,3,3
C20788,27.4,12,3,3
C20789,55.3,22,2,2
C20790,21.8,7,4,3
C20791,27.6,8,4,3
C20792,62.8,30,1,0
C20793,25.6,7,3,2
C20794,50.4,16,4,4
C20795,0.0,0,5,4
C20796,27.6,9,3,1
C20797,67.8,26,1,1
C20798,50.9,24,1,0
C20799,41.5,15,4,4
C20800,40.8,19,2,1
C20801,3.6,7,4,4
C20802,25.2,15,5,5
C20803,65.1,21,2,0
C20804,41.9,21,2,2
C20805,42.1,15,3,2
C20806,56.3,26,1,1
C20807,59.2,14,4,4
C20808,23.4,10,5,3
C20809,60.2,24,2,2
C20810,73.3,28,1,0
C20811,45.0,17,2,0
C20812,41.1,18,5,3
C20813,28.3,9,4,2
C20814,47.5,20,2,2
C20815,34.1,7,4,2
C20816,14.7,7,4,3
C20817,11.7,8,4,2
C20818,41.1,10,4,2
C20819,14.9,11,4,2
C20820,25.2,11,3,3
C20821,72.9,24,1,1
C20822,55.8,25,3,3
C20823,17.5,3,5,5
C20824,14.1,9,4,2
C20825,28.4,14,3,2
C20826,50.6,19,2,1
C20827,29.4,12,4,4
C20828,16.3,9,5,3
C20829,46.0,10,3,1
C20830,44.8,16,3,2
C20831,14.5,15,5,5
C20832,47.3,22,3,2
C20833,56.8,17,2,0
C20834,18.0,10,4,3
C20835,59.0,28,2,0
C20836,48.0,22,2,0
C20837,69.1,27,1,0
C20838,14.8,6,7,6
C20839,54.8,16,1,1
C20840,50.1,11,2,1
C20841,31.3,13,3,3
C20842,41.4,17,3,1
C20843,32.1,15,4,2
C20844,61.5,17,3,2
C20845,58.4,16,2,1
C20846,15.6,7,4,3
C20847,42.8,17,2,2
C20848,16.9,9,4,2
C20849,61.5,21,3,2
C20850,48.0,16,4,4
C20851,26.0,12,5,4
C20852,47.5,17,2,0
C20853,40.2,17,5,3
C20854,10.4,5,6,4
C20855,41.7,15,3,1
C20856,59.5,18,2,0
C20857,37.0,13,4,2
C20858,20.8,8,3,3
C20859,28.4,10,5,4
C20860,27.8,20,4,3
C20861,47.8,15,2,2
C20862,57.3,22,2,0
C20863,65.9,28,0,0
C20864,57.8,28,1,0
C20865,9.1,5,6,4
C20866,32.2,18,4,2
C20867,52.3,15,2,0
C20868,65.2,23,1,0
C20869,44.9,19,2,2
C20870,18.9,1,6,6
C20871,70.7,27,3,2
C20872,6.0,0,5,3
C20873,45.1,13,4,3
C20874,15.9,0,5,4
C20875,23.3,11,3,3
C20876,17.9,14,5,3
C20877,57.1,24,1,1
C20878,43.9,16,2,0
C20879,37.1,18,4,2
C20880,30.6,11,3,2
C20881,18.6,10,3,1
C20882,40.4,12,3,3
C20883,44.6,16,3,3
C20884,64.4,22,1,0
C20885,47.0,17,2,0
C20886,50.3,12,2,0
C20887,35.3,21,2,0
C20888,37.5,15,3,3
C20889,60.1,11,2,1
C20890,57.9,25,3,1
C20891,16.2,5,6,4
C20892,38.3,16,3,1
C20893,63.9,25,2,2
C20894,41.6,17,3,1
C20895,15.6,4,5,3
C20896,59.4,17,1,0
C20897,67.8,23,1,0
C20898,4.9,2,5,5
C20899,24.3,8,3,3
C20900,69.2,23,1,0
C20901,35.1,16,4,4
C20902,18.6,7,5,4
C20903,8.5,7,6,5
C20904,47.4,21,2,2
C20905,31.1,13,3,3
C20906,49.8,22,2,1
C20907,70.1,27,1,0
C20908,67.3,25,1,0
C20909,8.1,0,5,4
C20910,68.4,27,1,0
C20911,54.2,18,3,1
C20912,51.0,18,3,3
C20913,56.8,23,1,0
C20914,56.4,20,1,0
C20915,21.6,12,3,3
C20916,68.7,23,3,2
C20917,50.2,22,3,2
C20918,8.9,1,4,3
C20919,34.9,9,3,2
C20920,15.6,4,6,4
C20921,39.7,13,3,2
C20922,23.1,7,5,3
C20923,53.8,21,3,1
C20924,58.1,23,2,0
C20925,56.1,23,1,1
C20926,55.6,21,2,0
C20927,55.6,20,2,0
C20928,44.0,16,2,1
C20929,27.1,12,3,2
C20930,22.8,7,4,3
C20931,45.7,23,1,0
C20932,54.3,12,2,0
C20933,39.9,12,3,3
C20934,49.9,15,2,1
C20935,64.3,21,1,0
C20936,37.9,14,3,1
C20937,27.9,7,3,2
C20938,24.6,11,3,1
C20939,66.2,29,1,1
C20940,41.7,17,3,1
C20941,58.2,22,1,0
C20942,33.2,17,4,2
C20943,13.0,3,4,2
C20944,37.1,9,3,1
C20945,21.4,12,3,3
C20946,15.7,0,5,3
C20947,0.9,3,5,3
C20948,2.5,0,6,6
C20949,26.4,6,4,3
C20950,43.7,21,3,3
C20951,58.0,16,1,0
C20952,75.9,30,1,1
C20953,16.8,9,5,5
C20954,16.3,3,4,3
C20955,67.7,23,1,1
C20956,10.7,5,5,4
C20957,56.2,26,3,2
C20958,34.3,6,3,3
C20959,49.4,22,5,3
C20960,42.8,19,3,1
C20961,11.0,9,5,3
C20962,67.0,29,2,1
C20963,58.7,29,1,0
C20964,51.3,19,2,1
C20965,23.5,5,4,2
C20966,40.4,16,4,4
C20967,21.3,13,4,2
C20968,52.3,17,1,1
C20969,27.6,16,3,1
C20970,30.8,12,3,1
C20971,51.8,10,4,4
C20972,40.1,17,4,2
C20973,1.4,0,5,3
C20974,40.6,15,2,2
C20975,60.6,17,1,0
C20976,14.1,4,4,4
C20977,41.6,19,3,3
C20978,58.6,26,1,1
C20979,30.9,14,5,4
C20980,36.4,13,3,3
C20981,48.5,16,2,2
C20982,20.0,5,4,4
C20983,56.6,15,3,1
C20984,18.6,3,5,4
C20985,3.5,1,5,5
C20986,31.5,15,3,3
C20987,16.1,6,5,4
C20988,42.0,20,3,1
C20989,35.4,11,4,2
C20990,42.2,20,4,2
C20991,23.6,8,3,2
C20992,34.8,12,3,3
C20993,0.0,1,4,2
C20994,72.9,30,0,0
C20995,27.7,10,3,3
C20996,43.3,11,4,2
C20997,70.3,22,1,0
C20998,68.1,26,1,0
C20999,54.0,21,2,0
C21000,56.5,22,4,3
C21001,17.2,12,4,2
C21002,20.0,6,4,2
C21003,70.7,29,2,1
C21004,19.6,10,3,3
C21005,33.7,20,3,2
C21006,24.0,19,5,5
C21007,14.1,7,3,3
C21008,48.4,23,3,3
C21009,18.1,11,4,3
C21010,52.8,22,3,3
C21011,39.6,12,3,3
C21012,55.1,14,2,0
C21013,31.0,11,4,4
C21014,46.5,17,3,2
C21015,28.8,15,3,2
C21016,17.5,7,4,3
C21017,75.4,26,0,0
C21018,8.3,0,5,3
C21019,42.1,19,4,4
C21020,69.2,21,1,0
C21021,42.1,15,4,4
C21022,26.5,8,4,3
C21023,20.6,8,4,4
C21024,31.5,15,4,4
C21025,34.4,8,4,3
C21026,21.8,7,4,3
C21027,64.7,21,2,2
C21028,64.6,23,2,0
C21029,58.0,20,2,1
C21030,24.3,8,3,2
C21031,10.3,5,4,3
C21032,58.8,21,1,0
C21033,38.7,13,4,2
C21034,57.4,21,3,3
C21035,54.7,19,2,1
C21036,32.5,12,4,3
C21037,20.4,10,5,3
C21038,15.8,10,3,1
C21039,75.0,30,1,0
C21040,17.6,2,4,3
C21041,20.2,12,5,4
C21042,26.2,15,4,3
C21043,21.8,12,5,5
C21044,61.0,20,2,2
C21045,24.4,6,5,4
C21046,60.5,30,2,2
C21047,29.3,6,4,3
C21048,67.7,27,2,0
C21049,45.3,22,2,0
C21050,54.7,26,2,1
C21051,37.4,10,3,3
C21052,38.6,19,4,4
C21053,28.0,9,3,3
C21054,42.0,14,4,4
C21055,68.7,29,1,0
C21056,34.9,10,3,3
C21057,38.5,20,3,2
C21058,33.5,15,7,6
C21059,60.5,28,1,0
C21060,45.4,10,5,3
C21061,34.9,13,4,2
C21062,35.0,14,3,3
C21063,43.7,19,4,2
C21064,45.7,15,2,0
C21065,59.7,21,1,0
C21066,66.3,33,1,0
C21067,37.5,13,5,4
C21068,59.9,17,2,0
C21069,44.8,19,3,1
C21070,34.6,12,4,4
C21071,33.0,7,3,1
C21072,55.6,22,1,0
C21073,42.8,17,2,0
C21074,32.3,11,3,1
C21075,61.1,17,1,1
C21076,46.1,16,4,4
C21077,58.0,20,2,2
C21078,23.2,9,5,3
C21079,50.6,14,2,2
C21080,18.6,12,5,5
C21081,51.6,17,2,1
C21082,74.1,26,0,0
C21083,64.6,23,1,1
C21084,9.9,2,5,5
C21085,17.2,12,4,2
C21086,54.1,16,3,1
C21087,16.9,9,4,4
C21088,58.0,28,4,3
C21089,20.2,8,5,4
C21090,7.1,4,5,4
C21091,24.0,13,3,3
C21092,25.7,9,4,3
C21093,59.3,28,1,1
C21094,37.2,16,3,2
C21095,36.0,15,5,4
C21096,48.0,11,2,2
C21097,38.1,16,3,3
C21098,46.5,18,4,4
C21099,23.0,12,3,3
C21100,61.2,15,2,2
C21101,31.4,12,4,3
C21102,34.6,12,3,2
C21103,33.5,12,3,3
C21104,61.9,28,1,0
C21105,36.3,9,3,1
C21106,51.9,19,5,4
C21107,38.3,11,3,3
C21108,37.1,14,4,2
C21109,79.6,29,1,0
C21110,56.9,23,1,0
C21111,40.9,21,2,1
C21112,36.0,14,3,3
C21113,26.6,9,3,2
C21114,26.5,16,3,3
C21115,37.5,12,2,2
C21116,43.9,16,2,0
C21117,54.8,26,1,0
C21118,63.1,25,1,1
C21119,32.1,11,4,4
C21120,36.4,16,3,3
C21121,64.9,29,1,1
C21122,68.7,25,2,1
C21123,29.7,12,3,3
C21124,50.0,12,4,3
C21125,29.7,15,3,1
C21126,69.4,27,1,0
C21127,49.2,18,2,1
C21128,57.3,27,2,1
C21129,69.1,34,0,0
C21130,40.0,16,2,2
C21131,38.1,5,4,4
C21132,10.0,7,7,6
C21133,62.5,21,2,1
C21134,11.0,3,5,4
C21135,69.9,30,0,0
C21136,31.4,11,4,4
C21137,40.7,10,3,1
C21138,48.0,16,3,3
C21139,55.1,18,3,2
C21140,12.5,8,5,3
C21141,45.4,13,2,2
C21142,52.0,20,2,1
C21143,55.0,22,3,2
C21144,11.8,8,5,5
C21145,59.7,23,1,1
C21146,38.0,15,4,3
C21147,36.7,11,4,4
C21148,64.0,27,2,2
C21149,48.7,22,2,2
C21150,46.3,15,2,0
C21151,22.7,8,3,1
C21152,51.0,17,2,0
C21153,67.6,24,1,0
C21154,70.0,25,1,0
C21155,71.9,27,1,0
C21156,52.6,19,2,2
C21157,27.4,3,3,3
C21158,52.1,21,2,1
C21159,32.7,12,3,1
C21160,27.9,10,3,2
C21161,40.0,6,4,4
C21162,9.3,1,4,3
C21163,23.2,6,5,4
C21164,62.9,29,1,0
C21165,23.6,9,4,3
C21166,45.6,23,3,3
C21167,64.7,23,1,0
C21168,49.6,16,2,1
C21169,30.9,16,3,1
C21170,41.5,16,3,2
C21171,47.0,14,2,0
C21172,16.5,8,4,3
C21173,49.3,14,3,3
C21174,43.1,16,2,2
C21175,40.8,12,3,1
C21176,70.0,23,1,1
C21177,46.6,18,2,1
C21178,40.2,17,2,1
C21179,67.6,17,1,1
C21180,39.9,12,2,0
C21181,59.8,23,2,0
C21182,32.7,8,3,2
C21183,67.2,26,1,0
C21184,21.6,13,5,5
C21185,52.8,24,3,1
C21186,51.1,29,2,0
C21187,28.2,13,4,3
C21188,53.7,18,2,1
C21189,62.5,21,2,1
C21190,49.4,11,2,0
C21191,56.6,19,4,2
C21192,0.5,6,5,5
C21193,17.2,7,4,4
C21194,55.6,22,1,0
C21195,20.5,8,4,3
C21196,0.9,1,5,4
C21197,27.8,11,5,4
C21198,9.4,1,5,3
C21199,47.0,13,2,1
C21200,21.6,8,3,1
C21201,52.7,22,3,3
C21202,86.5,26,0,0
C21203,17.0,7,3,3
C21204,50.9,21,2,2
C21205,60.3,19,1,1
C21206,69.9,28,2,2
C21207,65.1,25,1,1
C21208,18.9,11,3,3
C21209,40.2,18,2,0
C21210,22.0,4,4,4
C21211,57.7,23,1,1
C21212,31.0,6,3,1
C21213,55.3,22,2,1
C21214,10.1,0,6,5
C21215,65.2,16,1,1
C21216,44.6,21,2,1
C21217,56.1,17,2,0
C21218,26.0,8,3,1
C21219,56.7,16,2,0
C21220,25.5,12,4,4
C21221,46.5,14,2,1
C21222,56.9,19,1,0
C21223,24.4,15,3,2
C21224,29.5,16,3,3
C21225,16.9,0,4,4
C21226,53.9,22,1,1
C21227,48.9,21,3,2
C21228,3.2,0,5,3
C21229,31.1,18,3,1
C21230,40.4,15,2,0
C21231,47.4,18,2,0
C21232,13.3,13,4,4
C21233,23.0,11,3,2
C21234,33.8,13,4,2
C21235,18.0,13,5,3
C21236,48.7,18,3,3
C21237,35.0,16,3,2
C21238,65.3,27,1,1
C21239,57.7,19,2,1
C21240,31.7,15,3,1
C21241,41.4,21,2,1
C21242,40.7,25,2,2
C21243,52.8,14,2,0
C21244,19.0,9,4,2
C21245,47.9,19,2,0
C21246,47.4,17,2,1
C21247,21.9,8,4,4
C21248,27.5,10,4,4
C21249,61.6,25,1,0
C21250,56.7,17,1,0
C21251,10.2,8,4,4
C21252,65.8,25,1,0
C21253,57.6,25,1,1
C21254,14.3,12,4,2
C21255,24.0,9,3,3
C21256,23.4,3,4,2
C21257,25.9,5,3,1
C21258,17.4,9,5,4
C21259,46.0,16,2,2
C21260,15.1,0,5,5
C21261,56.3,19,2,0
C21262,19.2,11,4,4
C21263,64.6,19,1,0
C21264,30.1,12,3,3
C21265,53.7,22,2,0
C21266,35.5,16,3,2
C21267,58.2,21,3,2
C21268,24.6,10,3,2
C21269,14.7,6,6,4
C21270,72.4,26,2,2
C21271,23.5,10,4,4
C21272,61.5,26,2,2
C21273,11.8,4,4,3
C21274,23.6,8,3,2
C21275,25.8,12,4,4
C21276,10.3,0,4,4
C21277,38.8,10,3,1
C21278,40.0,22,2,0
C21279,1.2,0,6,4
C21280,54.5,18,4,4
C21281,56.5,22,1,0
C21282,30.7,10,6,5
C21283,45.4,19,2,1
C21284,65.9,28,1,0
C21285,68.9,23,1,0
C21286,51.6,29,2,0
C21287,49.2,17,4,4
C21288,47.8,16,2,1
C21289,36.6,15,3,2
C21290,40.7,11,3,3
C21291,76.2,27,0,0
C21292,39.8,13,3,1
C21293,39.6,14,3,2
C21294,39.6,19,3,1
C21295,25.8,9,3,1
C21296,62.6,22,2,0
C21297,23.8,7,4,2
C21298,8.3,5,4,2
C21299,36.6,18,2,1
C21300,56.0,12,2,0
C21301,38.2,16,3,1
C21302,4.4,9,4,2
C21303,16.1,2,4,2
C21304,25.5,13,3,3
C21305,17.3,2,8,8
C21306,6.3,1,4,4
C21307,11.9,6,5,3
C21308,45.8,18,2,1
C21309,41.4,10,3,1
C21310,32.3,8,3,3
C21311,50.7,16,3,3
C21312,58.8,27,4,2
C21313,20.7,10,4,4
C21314,67.8,23,1,0
C21315,23.5,14,4,3
C21316,40.9,11,3,2
C21317,59.1,19,2,2
C21318,11.8,5,4,3
C21319,55.7,25,2,0
C21320,37.9,14,5,4
C21321,73.5,34,0,0
C21322,28.7,13,3,2
C21323,32.5,10,3,1
C21324,37.1,12,4,3
C21325,71.2,27,1,0
C21326,32.9,11,3,2
C21327,49.8,23,1,0
C21328,11.6,5,5,4
C21329,20.7,5,4,3
C21330,40.6,11,2,1
C21331,47.3,15,2,2
C21332,34.9,12,3,2
C21333,64.5,24,3,1
C21334,53.0,19,3,1
C21335,14.6,4,5,4
C21336,45.3,22,2,1
C21337,62.7,23,1,0
C21338,37.0,19,3,2
C21339,24.0,14,4,2
C21340,9.2,10,4,2
C21341,32.6,13,3,3
C21342,43.8,22,2,0
C21343,35.6,9,3,2
C21344,63.0,25,1,1
C21345,64.3,25,2,2
C21346,21.6,1,4,3
C21347,46.3,21,2,0
C21348,31.1,12,3,1
C21349,23.6,5,3,2
C21350,46.6,22,3,2
C21351,15.9,8,4,2
C21352,50.5,17,2,0
C21353,19.5,4,4,4
C21354,51.2,17,2,1
C21355,50.0,23,2,0
C21356,73.4,29,1,1
C21357,20.0,5,7,6
C21358,46.0,17,2,1
C21359,73.3,25,4,2
C21360,24.7,11,4,3
C21361,72.3,27,0,0
C21362,45.8,16,2,0
C21363,43.7,21,3,2
C21364,31.7,8,3,2
C21365,18.8,4,4,2
C21366,54.8,23,2,1
C21367,61.5,20,2,0
C21368,38.8,18,3,2
C21369,33.0,18,3,2
C21370,40.3,15,3,2
C21371,51.7,19,1,0
C21372,26.4,3,6,6
C21373,25.5,15,3,3
C21374,42.3,13,5,4
C21375,65.2,22,2,1
C21376,24.5,10,3,1
C21377,51.1,21,5,5
C21378,49.1,16,3,2
C21379,59.3,21,2,0
C21380,41.8,16,4,2
C21381,49.1,25,2,0
C21382,47.6,20,3,1
C21383,39.5,18,3,2
C21384,14.1,0,5,5
C21385,67.1,29,3,1
C21386,45.4,19,3,2
C21387,48.5,17,2,1
C21388,65.9,29,1,1
C21389,21.6,9,3,1
C21390,35.1,20,3,1
C21391,34.2,8,4,3
C21392,34.3,9,3,1
C21393,28.0,12,4,3
C21394,46.7,16,3,2
C21395,53.4,23,3,3
C21396,52.2,22,2,1
C21397,39.6,14,4,4
C21398,5.8,3,5,4
C21399,50.7,22,3,3
C21400,55.0,17,1,1
C21401,46.2,20,4,3
C21402,64.4,26,1,1
C21403,7.5,4,4,2
C21404,12.1,0,6,5
C21405,55.5,23,2,0
C21406,54.9,21,3,1
C21407,8.8,6,6,5
C21408,17.7,5,4,4
C21409,24.6,14,3,3
C21410,29.9,17,3,1
C21411,35.1,8,3,3
C21412,36.0,13,3,1
C21413,43.9,13,3,2
C21414,25.4,10,4,3
C21415,37.8,15,3,1
C21416,43.5,16,2,0
C21417,58.0,26,3,2
C21418,7.6,0,5,3
C21419,76.6,29,0,0
C21420,56.2,18,2,0
C21421,13.9,9,4,3
C21422,77.7,20,2,0
C21423,65.8,31,2,0
C21424,16.3,14,4,3
C21425,64.1,31,2,1
C21426,59.3,26,4,2
C21427,24.9,6,6,6
C21428,53.7,17,2,0
C21429,36.4,15,3,1
C21430,21.8,10,3,1
C21431,40.7,15,4,3
C21432,43.7,8,4,4
C21433,63.6,20,1,1
C21434,41.0,16,2,1
C21435,15.4,6,5,5
C21436,56.9,20,2,2
C21437,24.6,14,4,2
C21438,56.0,30,2,0
C21439,70.8,30,0,0
C21440,58.5,18,2,2
C21441,69.1,26,2,1
C21442,9.1,7,4,3
C21443,53.1,21,2,0
C21444,0.0,0,5,4
C21445,65.7,26,2,2
C21446,29.6,18,3,1
C21447,42.7,14,4,2
C21448,34.9,16,4,4
C21449,30.5,17,2,0
C21450,16.8,13,5,4
C21451,33.5,16,5,3
C21452,56.3,17,2,2
C21453,14.4,5,4,4
C21454,13.5,6,6,6
C21455,66.8,28,1,0
C21456,0.0,1,5,5
C21457,24.6,9,4,4
C21458,29.4,13,3,2
C21459,43.3,15,3,2
C21460,35.6,17,2,2
C21461,69.8,31,0,0
C21462,58.9,28,2,0
C21463,70.2,24,4,2
C21464,68.7,24,1,1
C21465,66.0,24,2,0
C21466,17.7,8,4,4
C21467,18.3,7,3,1
C21468,46.5,20,3,2
C21469,30.0,16,3,1
C21470,32.1,15,3,3
C21471,56.2,21,1,0
C21472,51.3,15,2,2
C21473,64.2,25,3,1
C21474,38.1,8,5,5
C21475,23.7,10,3,2
C21476,49.1,17,4,4
C21477,46.7,19,2,2
C21478,55.7,14,2,2
C21479,71.8,29,2,1
C21480,34.3,16,3,1
C21481,51.6,23,2,2
C21482,51.6,17,3,2
C21483,58.4,17,3,1
C21484,31.7,14,3,1
C21485,50.9,20,3,2
C21486,63.6,20,1,1
C21487,72.3,27,1,0
C21488,53.9,28,1,1
C21489,40.4,18,3,2
C21490,69.5,23,2,0
C21491,31.7,11,3,2
C21492,53.7,23,2,0
C21493,37.0,12,3,1
C21494,25.1,11,3,2
C21495,62.1,22,1,0
C21496,67.8,20,1,0
C21497,26.8,9,4,2
C21498,41.0,23,2,1
C21499,35.3,10,4,4
C21500,69.7,31,1,1
C21501,40.9,9,3,3
C21502,3.6,8,4,2
C21503,20.4,7,3,2
C21504,13.0,1,4,4
C21505,39.6,17,3,1
C21506,46.5,18,3,1
C21507,61.1,21,2,0
C21508,47.6,18,2,1
C21509,31.7,16,3,1
C21510,37.3,15,3,1
C21511,44.1,23,3,2
C21512,34.1,11,4,4
C21513,21.8,10,8,7
C21514,64.5,28,1,0
C21515,58.2,20,2,0
C21516,35.9,12,4,2
C21517,8.5,0,4,2
C21518,41.7,10,3,3
C21519,37.8,14,2,1
C21520,45.4,20,2,2
C21521,54.9,22,2,1
C21522,17.2,9,3,1
C21523,39.6,11,3,3
C21524,35.5,12,5,3
C21525,25.1,6,3,2
C21526,65.3,28,1,0
C21527,46.9,20,2,0
C21528,12.7,3,5,5
C21529,25.2,5,4,2
C21530,11.4,1,4,3
C21531,52.7,20,3,3
C21532,19.5,7,4,2
C21533,63.7,20,2,0
C21534,65.7,19,2,2
C21535,63.0,25,1,0
C21536,35.5,18,3,2
C21537,45.0,19,2,0
C21538,46.1,23,2,2
C21539,41.9,8,4,4
C21540,53.8,23,1,0
C21541,18.0,13,4,4
C21542,20.9,11,3,1
C21543,44.8,22,3,1
C21544,57.4,29,2,1
C21545,61.8,23,1,0
C21546,45.7,13,2,1
C21547,25.1,6,3,1
C21548,24.4,11,5,3
C21549,36.6,13,3,1
C21550,23.7,5,4,2
C21551,47.0,14,3,3
C21552,59.7,28,2,1
C21553,34.6,16,5,5
C21554,18.2,11,5,5
C21555,54.3,16,2,0
C21556,65.6,24,2,0
C21557,56.3,19,3,1
C21558,21.2,9,5,4
C21559,24.4,12,3,2
C21560,53.9,18,1,1
C21561,34.2,9,3,3
C21562,30.6,9,3,3
C21563,40.5,17,3,2
C21564,31.7,10,3,2
C21565,44.7,16,2,0
C21566,54.3,20,2,1
C21567,62.8,30,3,3
C21568,31.8,3,4,2
C21569,48.1,16,2,2
C21570,0.0,3,5,5
C21571,41.3,9,5,5
C21572,13.7,12,8,7
C21573,19.7,12,5,4
C21574,25.9,10,4,3
C21575,21.3,9,3,3
C21576,55.3,16,2,2
C21577,60.0,17,2,0
C21578,34.2,12,3,1
C21579,19.7,3,4,3
C21580,50.5,25,3,3
C21581,20.2,10,3,2
C21582,56.2,21,2,2
C21583,42.2,14,2,1
C21584,26.6,12,4,4
C21585,36.9,16,4,3
C21586,46.6,14,4,3
C21587,24.1,8,4,2
C21588,46.4,17,2,1
C21589,54.0,21,3,2
C21590,25.6,7,4,3
C21591,34.9,15,4,3
C21592,49.1,19,3,1
C21593,34.7,16,4,4
C21594,29.4,9,3,1
C21595,49.7,18,2,0
C21596,35.5,12,3,1
C21597,55.7,18,3,3
C21598,11.7,4,4,4
C21599,50.1,21,2,1
C21600,25.9,3,5,4
C21601,67.8,18,1,0
C21602,2.7,4,6,4
C21603,56.5,19,4,4
C21604,13.1,5,5,3
C21605,59.3,22,1,0
C21606,61.9,22,2,0
C21607,14.9,7,5,3
C21608,31.7,13,3,1
C21609,28.8,15,3,2
C21610,58.4,18,3,2
C21611,20.0,10,4,4
C21612,55.1,16,2,1
C21613,32.8,15,3,3
C21614,32.7,10,3,3
C21615,14.4,10,4,4
C21616,59.3,28,1,0
C21617,25.6,9,3,3
C21618,82.3,33,1,0
C21619,30.4,17,3,2
C21620,2.1,4,5,3
C21621,73.4,28,2,2
C21622,62.7,22,1,1
C21623,38.9,10,4,2
C21624,30.7,15,4,4
C21625,16.8,14,4,4
C21626,45.8,20,2,1
C21627,33.1,17,3,3
C21628,21.4,12,5,4
C21629,59.4,22,2,0
C21630,18.9,10,4,4
C21631,25.3,11,4,2
C21632,21.2,8,4,4
C21633,34.2,13,3,2
C21634,44.8,17,2,0
C21635,27.9,9,5,4
C21636,63.4,21,2,2
C21637,45.6,19,2,1
C21638,41.5,19,2,0
C21639,63.4,22,2,2
C21640,29.2,13,4,3
C21641,27.8,8,3,3
C21642,16.7,5,4,2
C21643,61.2,28,1,0
C21644,10.5,0,5,5
C21645,13.3,0,6,6
C21646,47.4,19,2,2
C21647,23.8,11,4,2
C21648,20.3,12,3,1
C21649,62.8,22,3,3
C21650,24.1,10,3,1
C21651,13.7,10,3,3
C21652,57.5,19,1,0
C21653,55.6,13,2,1
C21654,11.9,4,4,4
C21655,51.3,19,2,1
C21656,59.5,24,3,3
C21657,73.2,25,1,0
C21658,32.5,15,5,4
C21659,13.3,3,4,3
C21660,33.9,15,3,1
C21661,31.7,12,3,2
C21662,46.4,24,2,1
C21663,40.3,11,4,2
C21664,67.3,26,1,0
C21665,33.1,19,3,2
C21666,34.8,8,3,3
C21667,37.8,16,3,3
C21668,30.2,19,4,2
C21669,24.9,10,3,3
C21670,33.0,12,4,4
C21671,60.8,24,1,0
C21672,39.2,14,4,3
C21673,56.6,25,1,1
C21674,65.8,26,2,1
C21675,0.0,4,5,4
C21676,43.2,16,2,2
C21677,28.7,17,4,2
C21678,36.7,10,4,4
C21679,52.6,20,2,0
C21680,57.3,18,2,1
C21681,57.0,17,3,2
C21682,44.1,19,2,2
C21683,16.7,6,4,2
C21684,23.2,10,5,4
C21685,53.1,19,2,1
C21686,63.4,26,2,0
C21687,62.7,23,3,3
C21688,33.6,13,3,1
C21689,56.3,23,3,1
C21690,70.5,26,1,1
C21691,54.7,25,3,3
C21692,77.1,22,1,0
C21693,39.6,16,3,2
C21694,1.5,3,4,3
C21695,48.2,19,2,2
C21696,33.9,10,3,2
C21697,7.4,10,5,5
C21698,36.1,12,3,3
C21699,10.3,8,4,4
C21700,27.1,6,4,4
C21701,68.4,23,2,1
C21702,58.9,23,2,1
C21703,54.9,24,1,1
C21704,19.5,4,4,2
C21705,22.5,8,4,3
C21706,58.6,17,3,2
C21707,19.1,6,4,2
C21708,51.7,21,2,2
C21709,28.6,9,3,3
C21710,78.6,30,0,0
C21711,33.9,17,3,1
C21712,47.4,8,3,2
C21713,28.1,3,4,4
C21714,22.9,12,4,4
C21715,30.2,8,3,2
C21716,46.6,17,2,2
C21717,7.0,1,4,2
C21718,50.4,24,1,1
C21719,40.6,12,4,4
C21720,26.5,8,3,2
C21721,16.2,6,4,3
C21722,30.3,9,3,1
C21723,72.2,25,0,0
C21724,62.1,25,1,0
C21725,5.6,4,5,4
C21726,66.0,16,1,0
C21727,55.2,22,1,1
C21728,28.4,7,5,3
C21729,35.8,15,3,1
C21730,66.7,21,1,1
C21731,54.4,20,1,0
C21732,7.4,3,4,2
C21733,55.4,19,2,1
C21734,35.9,13,4,2
C21735,33.1,9,3,2
C21736,73.5,29,0,0
C21737,10.5,4,7,6
C21738,39.2,19,5,3
C21739,30.7,11,4,4
C21740,23.8,8,3,1
C21741,31.7,4,4,2
C21742,63.9,24,4,2
C21743,31.6,9,5,3
C21744,35.5,17,3,1
C21745,28.3,11,3,2
C21746,41.0,9,4,3
C21747,81.2,29,1,1
C21748,32.7,5,4,2
C21749,43.0,16,2,2
C21750,17.9,8,4,4
C21751,19.6,8,4,4
C21752,55.5,15,3,3
C21753,48.7,12,2,1
C21754,76.5,26,0,0
C21755,60.6,14,1,0
C21756,31.1,11,3,2
C21757,78.1,24,1,1
C21758,35.5,13,4,2
C21759,71.9,22,4,3
C21760,46.8,17,3,3
C21761,35.9,10,3,3
C21762,33.1,13,3,3
C21763,48.4,14,3,1
C21764,22.2,7,4,4
C21765,63.5,23,2,2
C21766,10.5,4,5,4
C21767,33.9,13,3,1
C21768,25.9,4,5,3
C21769,45.1,22,2,1
C21770,62.2,23,1,1
C21771,20.2,5,5,4
C21772,77.5,32,0,0
C21773,34.7,14,3,3
C21774,49.8,18,2,0
C21775,20.6,2,4,3
C21776,39.8,16,3,3
C21777,10.6,7,4,2
C21778,65.7,26,1,0
C21779,70.5,24,1,1
C21780,49.3,15,2,0
C21781,23.8,8,5,3
C21782,50.6,17,2,1
C21783,24.5,11,4,3
C21784,59.8,18,1,1
C21785,40.9,17,2,2
C21786,20.6,7,4,3
C21787,29.8,5,4,2
C21788,37.5,14,4,4
C21789,41.2,13,3,1
C21790,21.3,0,4,2
C21791,53.0,25,1,0
C21792,59.9,24,1,0
C21793,23.9,2,4,3
C21794,34.5,12,3,2
C21795,20.4,8,4,2
C21796,34.9,12,4,2
C21797,59.1,19,1,0
C21798,37.4,20,3,2
C21799,38.2,20,3,2
C21800,65.5,23,1,1
C21801,11.3,1,5,4
C21802,18.5,5,5,3
C21803,28.4,4,5,4
C21804,46.7,19,2,1
C21805,33.7,6,5,4
C21806,41.1,17,2,1
C21807,40.5,17,2,2
C21808,6.3,2,6,4
C21809,43.3,15,3,1
C21810,14.5,7,5,5
C21811,25.5,5,4,2
C21812,40.5,12,3,3
C21813,40.6,21,2,1
C21814,26.6,6,4,4
C21815,29.0,13,3,3
C21816,2.5,2,7,5
C21817,0.0,1,5,5
C21818,44.6,17,4,3
C21819,27.2,12,3,1
C21820,59.0,22,3,3
C21821,9.4,2,4,4
C21822,18.3,11,3,2
C21823,47.2,16,2,0
C21824,59.2,18,1,1
C21825,21.7,14,4,2
C21826,38.5,13,5,4
C21827,17.9,7,4,2
C21828,44.9,20,3,2
C21829,40.8,13,4,2
C21830,11.4,10,7,7
C21831,41.9,16,3,1
C21832,25.0,7,5,3
C21833,25.1,12,5,4
C21834,66.0,25,1,1
C21835,11.5,5,4,3
C21836,37.4,21,2,1
C21837,22.8,5,5,3
C21838,19.3,6,4,2
C21839,53.9,27,1,0
C21840,26.5,11,4,3
C21841,20.0,7,4,4
C21842,36.8,16,2,2
C21843,35.5,17,4,2
C21844,48.5,19,2,2
C21845,59.6,15,2,1
C21846,34.9,14,3,1
C21847,76.6,29,0,0
C21848,45.6,19,3,1
C21849,56.1,18,3,3
C21850,68.3,26,1,0
C21851,33.9,14,3,1
C21852,40.0,17,2,0
C21853,0.0,4,7,5
C21854,45.8,25,4,2
C21855,73.3,25,0,0
C21856,31.2,11,3,1
C21857,49.3,23,3,2
C21858,11.9,4,5,3
C21859,26.5,13,4,2
C21860,69.2,23,1,0
C21861,51.2,16,2,2
C21862,32.0,12,4,3
C21863,50.0,18,2,1
C21864,51.5,16,2,1
C21865,39.2,13,3,3
C21866,78.1,34,0,0
C21867,7.7,7,5,5
C21868,60.4,21,1,0
C21869,31.1,13,5,5
C21870,51.3,18,2,2
C21871,13.3,11,5,5
C21872,79.5,30,1,0
C21873,12.4,13,4,3
C21874,53.2,20,2,1
C21875,0.0,9,6,4
C21876,63.7,15,1,1
C21877,40.6,15,3,1
C21878,29.7,15,3,3
C21879,50.5,17,2,1
C21880,35.3,11,4,4
C21881,5.8,0,5,4
C21882,41.4,18,4,3
C21883,11.3,6,5,3
C21884,52.5,18,1,0
C21885,33.8,12,2,2
C21886,34.9,13,5,4
C21887,66.9,27,1,0
C21888,68.5,23,1,0
C21889,38.5,10,3,1
C21890,36.8,23,4,2
C21891,32.2,10,4,2
C21892,63.2,20,1,0
C21893,21.8,9,5,3
C21894,52.6,17,2,2
C21895,58.6,29,1,1
C21896,16.0,6,4,4
C21897,57.3,21,3,1
C21898,32.6,4,4,4
C21899,42.2,12,3,2
C21900,62.9,23,2,2
C21901,50.7,18,3,3
C21902,23.9,16,5,4
C21903,70.0,25,2,1
C21904,38.0,10,4,3
C21905,36.7,10,4,2
C21906,77.3,27,3,3
C21907,62.7,15,1,1
C21908,61.1,23,4,2
C21909,0.0,2,6,6
C21910,61.4,18,2,1
C21911,21.9,10,4,3
C21912,51.4,20,2,2
C21913,11.3,6,4,2
C21914,44.2,17,2,1
C21915,47.9,21,3,1
C21916,62.5,26,2,2
C21917,37.5,15,5,4
C21918,25.1,7,4,3
C21919,29.8,8,5,3
C21920,77.7,31,0,0
C21921,39.7,17,4,2
C21922,71.2,27,2,1
C21923,11.8,2,5,3
C21924,22.3,11,4,3
C21925,22.8,9,4,3
C21926,63.6,26,2,0
C21927,57.2,21,1,0
C21928,69.7,21,3,2
C21929,44.8,17,3,1
C21930,41.4,18,3,2
C21931,7.0,7,5,3
C21932,23.7,9,3,1
C21933,19.1,12,3,3
C21934,61.2,27,1,1
C21935,14.1,6,4,4
C21936,69.0,24,1,1
C21937,56.8,22,3,3
C21938,29.7,12,4,3
C21939,23.5,11,4,3
C21940,48.0,21,3,2
C21941,65.2,28,2,1
C21942,61.6,22,1,0
C21943,26.1,12,6,6
C21944,2.4,1,5,4
C21945,58.1,21,2,1
C21946,27.0,6,4,4
C21947,33.7,19,3,1
C21948,46.4,15,2,2
C21949,36.9,11,3,3
C21950,33.6,23,2,1
C21951,75.1,29,0,0
C21952,82.7,28,0,0
C21953,40.8,10,3,2
C21954,28.5,16,3,2
C21955,82.0,31,0,0
C21956,10.5,9,5,5
C21957,74.0,24,0,0
C21958,12.7,3,5,5
C21959,44.1,19,3,3
C21960,23.1,13,3,1
C21961,69.4,22,2,1
C21962,8.7,5,6,5
C21963,62.0,26,1,1
C21964,51.6,23,3,1
C21965,39.3,10,3,3
C21966,37.4,17,3,2
C21967,14.8,3,5,3
C21968,6.1,0,6,5
C21969,36.8,15,3,3
C21970,26.0,13,3,1
C21971,25.7,14,3,1
C21972,24.6,12,4,3
C21973,39.3,15,3,2
C21974,74.9,25,2,0
C21975,34.5,13,3,3
C21976,37.0,18,2,1
C21977,29.4,10,3,2
C21978,56.3,21,2,1
C21979,54.2,22,2,1
C21980,13.7,7,4,4
C21981,10.8,0,4,3
C21982,36.9,9,2,0
C21983,58.6,17,5,5
C21984,43.3,17,2,1
C21985,48.1,22,3,3
C21986,20.0,17,4,3
C21987,63.5,19,1,0
C21988,20.3,9,3,3
C21989,70.5,21,2,1
C21990,56.7,20,2,0
C21991,67.5,29,2,1
C21992,32.5,14,3,2
C21993,23.3,13,4,2
C21994,69.9,24,2,1
C21995,54.2,21,2,2
C21996,58.6,19,2,0
C21997,43.6,10,3,3
C21998,58.9,25,3,3
C21999,41.1,18,2,2
C22000,51.9,19,3,2
C22001,50.6,22,2,2
C22002,52.6,21,3,1
C22003,49.6,19,4,3
C22004,68.2,33,2,2
C22005,55.6,20,3,1
C22006,44.5,15,2,0
C22007,15.3,11,4,4
C22008,68.4,25,1,0
C22009,31.8,14,4,3
C22010,20.4,14,4,4
C22011,27.8,6,3,2
C22012,32.5,12,3,3
C22013,18.0,8,5,3
C22014,11.9,9,4,3
C22015,65.0,27,2,2
C22016,47.3,21,2,0
C22017,27.9,9,4,4
C22018,41.8,17,2,1
C22019,37.5,19,4,4
C22020,64.0,19,2,0
C22021,55.1,26,1,0
C22022,22.1,8,4,2
C22023,43.0,14,3,2
C22024,63.3,24,1,1
C22025,45.1,20,3,3
C22026,44.7,20,2,1
C22027,65.1,29,1,0
C22028,22.2,12,4,3
C22029,72.3,16,1,0
C22030,58.9,24,2,2
C22031,58.2,26,1,0
C22032,52.0,20,3,1
C22033,37.3,13,2,1
C22034,21.3,7,4,4
C22035,70.9,26,2,2
C22036,8.4,3,5,3
C22037,63.6,24,2,2
C22038,15.9,0,4,3
C22039,26.5,11,5,4
C22040,25.0,10,3,3
C22041,67.3,25,1,1
C22042,36.4,11,4,3
C22043,49.6,20,2,2
C22044,22.9,8,4,3
C22045,30.2,12,3,3
C22046,58.2,30,1,1
C22047,63.8,24,1,0
C22048,56.0,19,2,2
C22049,47.0,20,3,1
C22050,40.7,15,3,1
C22051,38.7,19,2,0
C22052,60.4,22,2,1
C22053,40.9,22,2,1
C22054,34.7,10,4,2
C22055,39.3,13,3,3
C22056,37.8,15,3,1
C22057,50.2,13,2,1
C22058,57.4,19,2,0
C22059,48.1,19,3,3
C22060,23.8,6,5,3
C22061,23.1,8,4,4
C22062,57.2,24,3,2
C22063,27.8,14,4,3
C22064,62.6,24,2,2
C22065,54.5,24,3,1
C22066,50.4,18,3,3
C22067,51.4,15,3,3
C22068,64.9,23,3,3
C22069,25.6,9,3,3
C22070,27.6,7,3,1
C22071,12.8,15,4,2
C22072,6.9,2,6,6
C22073,41.3,19,2,1
C22074,54.1,22,1,1
C22075,62.6,24,1,0
C22076,59.7,22,1,1
C22077,24.3,5,4,4
C22078,57.0,24,1,0
C22079,28.6,16,3,3
C22080,9.1,8,4,3
C22081,33.6,15,3,3
C22082,38.1,14,3,1
C22083,33.5,14,4,3
C22084,33.9,18,3,1
C22085,2.3,3,4,3
C22086,65.9,20,1,0
C22087,44.0,12,4,4
C22088,12.3,0,4,4
C22089,62.7,18,2,1
C22090,31.4,13,3,2
C22091,48.6,19,2,0
C22092,62.3,26,2,1
C22093,6.6,8,4,2
C22094,46.0,16,2,2
C22095,44.4,19,2,0
C22096,60.2,20,1,0
C22097,57.9,17,3,3
C22098,25.9,7,5,3
C22099,24.0,12,3,1
C22100,34.2,11,3,1
C22101,31.5,13,3,3
C22102,61.5,28,1,0
C22103,10.5,0,7,7
C22104,65.8,20,1,0
C22105,48.1,19,4,4
C22106,27.4,18,4,4
C22107,49.5,21,2,2
C22108,21.1,14,4,3
C22109,31.7,12,4,2
C22110,26.1,12,4,2
C22111,27.4,13,6,6
C22112,66.0,24,3,1
C22113,60.7,22,1,0
C22114,42.7,15,4,4
C22115,59.7,24,1,0
C22116,58.3,18,2,1
C22117,49.8,19,2,0
C22118,48.6,17,2,0
C22119,25.5,9,4,2
C22120,66.4,22,1,1
C22121,21.4,10,3,2
C22122,20.7,8,3,1
C22123,32.1,7,3,3
C22124,46.8,17,3,3
C22125,57.4,21,1,1
C22126,56.3,20,1,0
C22127,59.3,23,1,1
C22128,42.7,18,3,3
C22129,23.5,10,3,2
C22130,26.4,9,4,2
C22131,67.0,24,1,0
C22132,33.5,13,3,2
C22133,21.0,7,3,2
C22134,47.7,16,2,0
C22135,63.0,18,2,0
C22136,30.7,6,3,3
C22137,56.2,21,2,2
C22138,22.2,10,4,2
C22139,52.4,19,2,2
C22140,37.5,17,3,3
C22141,34.8,10,4,4
C22142,51.4,24,4,4
C22143,20.7,12,3,1
C22144,44.2,19,2,0
C22145,35.2,13,4,3
C22146,28.7,7,5,3
C22147,39.8,18,4,2
C22148,58.9,22,3,2
C22149,52.9,12,2,0
C22150,22.3,18,4,4
C22151,60.1,18,1,0
C22152,33.4,11,4,4
C22153,33.2,12,3,1
C22154,25.7,13,3,1
C22155,61.7,21,2,2
C22156,14.0,2,4,3
C22157,54.7,19,2,0
C22158,74.0,31,0,0
C22159,46.6,23,2,1
C22160,21.7,6,4,2
C22161,66.0,26,1,0
C22162,16.7,4,4,4
C22163,55.5,20,3,3
C22164,45.9,15,3,2
C22165,34.0,16,3,1
C22166,67.8,17,2,1
C22167,53.6,17,2,0
C22168,8.3,7,6,4
C22169,36.1,15,3,2
C22170,45.7,15,2,0
C22171,30.4,15,4,3
C22172,64.5,27,1,0
C22173,28.7,15,5,5
C22174,61.3,26,3,2
C22175,31.3,13,4,3
C22176,29.5,12,3,3
C22177,53.3,19,2,1
C22178,38.0,17,5,5
C22179,12.2,10,4,4
C22180,54.1,19,2,0
C22181,31.5,12,4,4
C22182,29.4,11,3,2
C22183,49.9,16,3,1
C22184,36.5,13,3,2
C22185,22.5,8,4,3
C22186,43.1,8,3,3
C22187,14.7,4,5,4
C22188,19.6,3,4,4
C22189,62.2,23,1,0
C22190,70.9,28,1,0
C22191,53.3,15,3,3
C22192,55.2,21,2,1
C22193,25.0,14,4,4
C22194,72.8,29,1,0
C22195,67.1,22,2,2
C22196,45.9,18,4,2
C22197,18.6,10,5,4
C22198,62.9,22,2,2
C22199,23.1,9,5,5
C22200,59.4,20,1,1
C22201,68.9,24,1,1
C22202,25.6,7,6,6
C22203,82.6,31,0,0
C22204,11.4,10,4,3
C22205,18.5,7,4,2
C22206,37.0,19,2,0
C22207,16.2,11,5,5
C22208,23.5,11,5,4
C22209,57.2,22,2,2
C22210,57.5,19,2,2
C22211,19.0,15,6,5
C22212,41.4,14,3,3
C22213,55.5,18,2,1
C22214,32.8,11,5,4
C22215,4.0,5,6,4
C22216,41.7,14,2,0
C22217,30.4,10,3,1
C22218,9.0,3,4,3
C22219,38.0,14,5,4
C22220,4.6,2,5,5
C22221,27.4,4,5,4
C22222,45.6,14,2,2
C22223,10.3,2,4,2
C22224,42.4,9,3,3
C22225,57.4,23,3,3
C22226,19.6,8,3,1
C22227,52.4,18,2,2
C22228,29.7,16,3,3
C22229,33.9,13,4,3
C22230,28.4,8,4,4
C22231,60.8,25,1,0
C22232,23.0,11,3,1
C22233,47.2,17,2,2
C22234,28.1,15,3,2
C22235,33.3,13,2,1
C22236,49.2,19,2,0
C22237,22.1,2,4,4
C22238,30.7,9,3,2
C22239,54.7,17,2,1
C22240,44.0,12,2,1
C22241,48.0,12,2,1
C22242,9.5,2,5,4
C22243,48.8,21,2,0
C22244,34.3,7,3,3
C22245,53.8,19,2,1
C22246,63.3,23,2,2
C22247,27.1,7,4,4
C22248,51.9,19,2,1
C22249,54.2,21,2,1
C22250,18.1,3,4,3
C22251,34.3,16,3,1
C22252,59.8,21,2,2
C22253,0.9,0,5,3
C22254,21.9,10,6,6
C22255,30.1,8,3,3
C22256,59.6,23,1,1
C22257,43.3,16,3,2
C22258,26.9,14,3,3
C22259,46.5,12,3,3
C22260,18.8,3,4,3
C22261,69.1,32,1,1
C22262,20.9,11,5,4
C22263,34.5,16,4,2
C22264,52.8,23,2,0
C22265,0.0,0,4,2
C22266,57.7,16,2,0
C22267,17.1,7,4,3
C22268,39.4,16,3,2
C22269,16.2,9,3,2
C22270,25.4,9,4,4
C22271,67.7,19,3,1
C22272,21.9,10,5,5
C22273,45.3,13,4,3
C22274,50.3,19,2,0
C22275,24.6,12,5,4
C22276,20.1,8,4,4
C22277,42.5,13,3,1
C22278,29.2,14,5,3
C22279,4.4,3,5,5
C22280,69.0,26,1,1
C22281,65.2,24,1,0
C22282,21.0,6,5,4
C22283,43.1,13,4,2
C22284,31.6,11,3,3
C22285,28.7,7,5,5
C22286,26.5,12,5,5
C22287,22.6,8,3,1
C22288,8.3,6,4,4
C22289,34.2,10,3,2
C22290,72.5,23,1,0
C22291,45.9,11,4,3
C22292,7.0,5,4,2
C22293,11.6,8,5,3
C22294,38.0,10,2,2
C22295,63.8,25,1,0
C22296,38.7,18,3,3
C22297,26.5,9,4,2
C22298,56.5,24,1,1
C22299,35.4,16,2,1
C22300,53.7,21,1,1
C22301,58.5,24,1,0
C22302,44.4,19,3,1
C22303,32.1,15,3,3
C22304,44.8,19,4,2
C22305,23.6,7,4,2
C22306,3.3,0,5,5
C22307,39.8,13,2,2
C22308,31.2,15,4,2
C22309,0.4,0,5,4
C22310,23.6,6,3,1
C22311,35.8,13,7,6
C22312,19.0,8,4,4
C22313,10.6,10,4,4
C22314,70.5,29,1,0
C22315,39.1,10,3,1
C22316,15.7,9,3,3
C22317,18.1,6,4,2
C22318,50.2,26,1,0
C22319,22.2,9,6,4
C22320,39.5,16,2,1
C22321,41.3,13,3,2
C22322,45.8,18,2,1
C22323,14.5,8,4,4
C22324,45.7,15,3,1
C22325,59.6,24,2,2
C22326,58.6,26,1,1
C22327,31.5,9,3,3
C22328,66.1,23,1,0
C22329,47.0,26,2,0
C22330,14.0,1,5,4
C22331,60.9,23,3,1
C22332,68.9,21,1,0
C22333,69.6,20,1,0
C22334,40.6,14,2,2
C22335,22.3,9,3,1
C22336,4.9,8,7,5
C22337,72.1,25,1,1
C22338,68.7,28,1,0
C22339,42.7,16,3,1
C22340,64.4,29,1,0
C22341,24.6,4,4,2
C22342,55.1,18,2,0
C22343,37.7,15,2,0
C22344,78.8,32,0,0
C22345,57.2,26,2,2
C22346,26.2,3,5,5
C22347,81.7,27,0,0
C22348,53.7,17,3,2
C22349,57.5,20,1,0
C22350,15.3,9,4,4
C22351,47.9,13,2,2
C22352,28.7,13,3,1
C22353,74.1,33,1,0
C22354,22.3,12,4,4
C22355,38.8,17,3,2
C22356,73.3,19,1,0
C22357,20.3,2,5,4
C22358,0.0,7,7,7
C22359,43.6,19,2,2
C22360,74.3,29,1,0
C22361,56.8,22,2,1
C22362,53.5,23,1,0
C22363,45.4,17,2,2
C22364,35.9,11,4,3
C22365,39.5,16,4,2
C22366,41.6,15,3,2
C22367,17.3,9,4,3
C22368,66.3,23,2,1
C22369,64.5,25,2,2
C22370,29.9,6,4,2
C22371,53.3,16,1,0
C22372,22.3,5,3,2
C22373,29.2,14,3,1
C22374,41.0,13,4,3
C22375,15.1,12,4,2
C22376,48.1,20,3,2
C22377,24.1,8,4,2
C22378,36.6,11,4,2
C22379,40.3,15,4,4
C22380,59.0,24,1,0
C22381,43.9,20,3,2
C22382,32.8,11,3,1
C22383,42.6,22,2,0
C22384,29.4,10,4,3
C22385,43.3,15,4,2
C22386,44.4,17,2,0
C22387,17.6,6,4,3
C22388,67.0,24,1,0
C22389,27.7,6,5,4
C22390,34.5,10,3,3
C22391,59.5,29,1,0
C22392,34.6,17,3,2
C22393,6.0,3,4,2
C22394,62.4,25,2,1
C22395,31.2,9,3,3
C22396,53.2,17,2,0
C22397,21.3,9,4,3
C22398,68.8,20,1,1
C22399,40.3,12,3,2
C22400,51.4,24,1,0
C22401,4.0,3,6,6
C22402,45.0,22,2,0
C22403,41.4,18,4,3
C22404,37.2,14,3,1
C22405,46.5,23,2,1
C22406,0.0,5,6,4
C22407,26.4,9,4,3
C22408,17.1,3,4,2
C22409,41.7,14,4,2
C22410,45.9,17,2,0
C22411,53.2,19,3,2
C22412,51.7,25,1,0
C22413,49.6,15,3,2
C22414,43.7,17,3,1
C22415,48.8,21,2,1
C22416,55.7,24,3,2
C22417,22.5,6,4,2
C22418,62.0,19,3,1
C22419,25.1,7,4,2
C22420,67.6,30,1,0
C22421,57.7,22,2,0
C22422,69.4,27,0,0
C22423,61.3,29,1,0
C22424,53.6,20,2,2
C22425,77.9,26,0,0
C22426,27.8,10,3,3
C22427,59.2,19,2,0
C22428,51.1,23,3,3
C22429,14.9,8,6,6
C22430,52.4,19,3,3
C22431,54.2,21,4,2
C22432,12.0,4,5,4
C22433,9.3,2,6,5
C22434,52.8,27,2,1
C22435,53.4,19,2,1
C22436,37.6,14,4,3
C22437,75.6,30,0,0
C22438,24.0,9,4,3
C22439,58.2,21,3,2
C22440,45.4,24,2,1
C22441,34.0,11,3,3
C22442,32.9,17,3,2
C22443,37.5,14,4,2
C22444,22.6,7,4,4
C22445,3.2,2,4,3
C22446,45.8,18,2,0
C22447,47.1,12,3,1
C22448,20.1,11,4,4
C22449,25.1,8,5,3
C22450,54.3,18,1,0
C22451,15.9,12,4,2
C22452,33.3,10,3,3
C22453,58.7,23,4,4
C22454,15.5,8,4,3
C22455,20.5,14,3,2
C22456,48.7,18,2,0
C22457,8.5,8,4,3
C22458,8.6,7,5,5
C22459,44.5,16,3,3
C22460,77.6,25,1,0
C22461,14.2,5,4,2
C22462,22.7,7,4,2
C22463,18.9,12,3,1
C22464,11.0,4,5,4
C22465,33.0,15,4,2
C22466,57.5,22,2,2
C22467,54.0,17,3,2
C22468,60.2,30,2,0
C22469,40.2,19,2,0
C22470,65.6,21,2,2
C22471,41.4,17,3,2
C22472,64.8,25,3,2
C22473,47.7,21,3,1
C22474,78.3,27,1,0
C22475,40.5,18,3,1
C22476,59.2,20,3,2
C22477,40.8,18,4,4
C22478,12.1,7,4,4
C22479,44.1,17,3,3
C22480,25.8,9,5,5
C22481,31.0,13,5,4
C22482,18.5,11,4,3
C22483,15.7,0,8,8
C22484,22.0,3,4,4
C22485,35.2,8,4,4
C22486,27.9,12,5,3
C22487,42.9,14,2,0
C22488,16.4,12,3,1
C22489,17.4,13,3,2
C22490,46.0,14,2,1
C22491,47.4,15,2,2
C22492,27.9,6,5,5
C22493,16.6,4,4,3
C22494,32.2,13,3,1
C22495,56.2,13,1,1
C22496,60.4,15,3,1
C22497,25.6,8,3,2
C22498,41.6,22,3,3
C22499,18.9,14,4,2
C22500,69.1,26,2,0
C22501,13.9,1,6,4
C22502,64.5,29,1,0
C22503,14.5,10,4,2
C22504,32.3,9,3,1
C22505,60.6,25,1,0
C22506,28.8,10,3,2
C22507,80.3,27,0,0
C22508,53.7,18,2,0
C22509,7.5,3,4,4
C22510,30.3,7,3,1
C22511,21.6,6,3,2
C22512,26.2,14,3,2
C22513,49.5,26,1,1
C22514,14.5,13,6,4
C22515,42.3,13,2,2
C22516,27.0,13,3,3
C22517,41.5,15,3,2
C22518,33.5,14,3,2
C22519,30.8,12,3,3
C22520,39.5,15,2,2
C22521,17.2,4,6,6
C22522,63.6,19,3,1
C22523,5.8,5,4,2
C22524,67.9,29,1,1
C22525,43.3,15,2,1
C22526,40.7,14,2,0
C22527,10.7,3,4,3
C22528,68.7,22,2,2
C22529,44.6,15,2,2
C22530,32.7,14,2,0
C22531,26.4,14,4,4
C22532,31.0,8,3,1
C22533,49.5,10,3,2
C22534,53.2,22,3,3
C22535,41.9,15,3,2
C22536,15.8,7,4,4
C22537,24.2,7,4,2
C22538,61.9,26,1,0
C22539,30.2,12,3,1
C22540,29.2,9,3,1
C22541,47.2,17,3,1
C22542,38.6,13,3,1
C22543,60.9,22,1,0
C22544,69.8,24,1,1
C22545,67.3,23,1,0
C22546,50.3,19,2,0
C22547,64.3,21,2,1
C22548,52.9,20,2,2
C22549,16.1,2,6,4
C22550,28.0,7,4,2
C22551,20.1,1,4,2
C22552,32.4,11,3,3
C22553,59.5,18,2,1
C22554,84.6,35,1,0
C22555,13.7,6,4,3
C22556,75.2,34,1,0
C22557,24.9,16,3,1
C22558,24.0,11,3,1
C22559,0.8,2,6,5
C22560,4.7,10,6,6
C22561,0.0,0,7,6
C22562,58.5,17,2,1
C22563,53.6,17,2,2
C22564,32.3,13,3,1
C22565,59.9,24,1,1
C22566,39.2,17,3,1
C22567,45.1,24,2,1
C22568,44.3,15,3,2
C22569,25.9,14,3,1
C22570,26.8,8,4,2
C22571,74.8,22,1,1
C22572,70.1,24,1,0
C22573,27.0,9,3,2
C22574,22.7,11,4,3
C22575,60.6,15,3,3
C22576,59.8,21,2,0
C22577,43.0,10,3,3
C22578,38.8,14,4,4
C22579,1.8,1,6,6
C22580,79.2,18,1,0
C22581,15.6,7,4,3
C22582,23.0,9,5,5
C22583,76.1,27,1,0
C22584,62.3,26,1,0
C22585,25.1,4,4,3
C22586,18.5,8,4,3
C22587,43.4,14,3,2
C22588,36.3,18,3,2
C22589,57.5,18,2,0
C22590,70.1,25,2,0
C22591,23.1,9,5,3
C22592,32.4,12,5,4
C22593,27.1,9,3,1
C22594,43.6,20,2,0
C22595,40.6,6,4,2
C22596,23.9,7,4,4
C22597,34.3,12,6,5
C22598,21.9,10,3,2
C22599,27.1,8,4,3
C22600,34.8,12,3,1
C22601,26.9,8,4,4
C22602,38.4,16,3,3
C22603,46.1,18,3,3
C22604,44.7,13,2,0
C22605,39.8,10,4,3
C22606,35.2,10,3,3
C22607,59.6,23,1,0
C22608,36.4,13,3,1
C22609,63.2,24,1,0
C22610,35.8,10,6,6
C22611,39.7,22,2,0
C22612,28.0,6,3,1
C22613,39.2,12,2,2
C22614,10.8,5,4,2
C22615,1.2,4,4,4
C22616,50.2,15,2,2
C22617,47.7,17,2,1
C22618,11.0,10,4,2
C22619,64.5,33,0,0
C22620,52.7,27,2,2
C22621,0.0,1,5,4
C22622,62.7,24,2,2
C22623,45.0,15,3,3
C22624,70.5,24,1,0
C22625,68.9,28,2,1
C22626,78.7,26,3,3
C22627,45.9,12,2,2
C22628,37.4,17,3,2
C22629,54.3,17,1,1
C22630,39.7,14,4,3
C22631,39.6,20,3,3
C22632,42.9,18,2,1
C22633,33.5,10,5,3
C22634,23.6,8,4,4
C22635,18.5,3,4,3
C22636,16.0,5,5,5
C22637,50.4,23,2,2
C22638,36.8,22,2,2
C22639,63.3,28,2,1
C22640,0.6,2,5,4
C22641,39.6,17,4,2
C22642,3.3,2,5,4
C22643,37.5,14,3,1
C22644,69.8,25,1,0
C22645,40.2,20,2,2
C22646,70.4,19,3,2
C22647,21.7,6,4,3
C22648,37.1,9,3,1
C22649,15.8,4,5,3
C22650,31.2,10,4,3
C22651,43.8,21,2,2
C22652,25.5,9,4,3
C22653,20.1,7,4,2
C22654,29.2,9,5,3
C22655,56.6,22,2,1
C22656,71.1,25,1,1
C22657,34.1,10,3,2
C22658,26.5,11,4,3
C22659,58.8,20,1,1
C22660,22.1,7,6,6
C22661,49.7,13,2,1
C22662,45.2,15,4,3
C22663,79.0,34,0,0
C22664,26.0,15,3,1
C22665,47.9,22,3,1
C22666,50.7,15,2,2
C22667,46.1,14,2,2
C22668,62.8,27,1,0
C22669,21.2,12,5,4
C22670,49.1,25,3,1
C22671,35.6,8,3,3
C22672,42.6,17,3,3
C22673,63.3,19,3,1
C22674,46.5,15,2,2
C22675,35.5,14,5,5
C22676,31.3,14,4,2
C22677,13.3,7,4,3
C22678,26.1,8,5,5
C22679,38.6,10,4,3
C22680,8.6,0,4,3
C22681,59.7,20,2,1
C22682,26.8,17,7,7
C22683,38.2,13,4,3
C22684,72.4,27,0,0
C22685,65.2,25,1,0
C22686,16.8,4,6,4
C22687,31.1,9,4,4
C22688,52.7,22,2,2
C22689,53.1,18,2,1
C22690,39.9,6,5,5
C22691,40.9,12,2,2
C22692,21.1,8,3,3
C22693,29.1,12,3,3
C22694,21.4,14,3,3
C22695,20.5,11,3,1
C22696,18.3,9,5,5
C22697,46.7,15,3,1
C22698,25.7,5,4,4
C22699,36.9,12,5,5
C22700,23.3,14,4,2
C22701,61.8,24,2,0
C22702,64.5,24,1,0
C22703,59.3,25,1,0
C22704,38.0,17,3,1
C22705,18.9,6,4,2
C22706,47.8,17,3,3
C22707,15.8,8,5,3
C22708,29.5,14,3,1
C22709,66.9,26,1,0
C22710,68.2,31,0,0
C22711,37.3,17,3,3
C22712,19.8,5,5,4
C22713,56.3,26,1,0
C22714,23.4,10,4,3
C22715,2.7,6,5,4
C22716,64.2,20,1,1
C22717,67.5,28,2,2
C22718,18.5,8,5,3
C22719,11.2,4,5,3
C22720,39.3,14,3,1
C22721,61.6,28,2,2
C22722,6.6,8,5,3
C22723,76.4,24,0,0
C22724,49.6,17,2,0
C22725,47.7,19,3,1
C22726,70.5,33,2,0
C22727,21.7,11,3,2
C22728,34.6,16,3,3
C22729,41.8,14,3,3
C22730,41.1,11,4,4
C22731,47.1,20,2,0
C22732,64.6,27,2,0
C22733,19.2,9,4,4
C22734,32.9,10,4,2
C22735,29.9,6,4,4
C22736,19.8,8,4,3
C22737,36.0,14,4,4
C22738,39.4,23,2,1
C22739,35.9,13,4,4
C22740,41.8,13,2,0
C22741,35.6,13,3,3
C22742,25.9,4,4,3
C22743,45.1,19,3,3
C22744,47.4,19,2,0
C22745,26.2,10,3,2
C22746,32.9,13,4,2
C22747,22.7,8,3,3
C22748,38.0,9,3,3
C22749,53.4,21,2,1
C22750,49.0,21,3,1
C22751,41.1,14,3,3
C22752,19.9,4,4,4
C22753,27.3,14,3,3
C22754,47.5,11,3,1
C22755,60.0,29,2,2
C22756,23.4,12,4,3
C22757,32.7,12,3,1
C22758,24.1,11,3,2
C22759,35.5,5,4,3
C22760,38.3,17,4,3
C22761,45.9,16,2,1
C22762,6.3,6,4,2
C22763,36.7,17,2,1
C22764,70.1,23,4,4
C22765,10.8,1,4,4
C22766,57.3,19,2,2
C22767,28.5,18,4,3
C22768,39.1,14,3,2
C22769,10.3,6,6,6
C22770,34.8,16,3,3
C22771,18.4,5,3,3
C22772,30.0,19,3,3
C22773,53.1,19,2,1
C22774,19.9,4,4,3
C22775,38.4,14,4,3
C22776,65.7,21,1,0
C22777,34.9,17,4,3
C22778,22.0,0,5,3
C22779,68.4,26,2,0
C22780,50.4,21,2,2
C22781,24.7,15,4,3
C22782,19.6,5,5,3
C22783,51.5,19,2,2
C22784,76.6,31,2,2
C22785,42.2,18,2,0
C22786,56.5,23,2,2
C22787,59.1,21,1,0
C22788,64.3,27,1,0
C22789,15.6,7,4,4
C22790,67.1,23,3,2
C22791,26.4,13,3,2
C22792,24.0,4,4,4
C22793,80.9,28,1,0
C22794,61.1,31,1,0
C22795,67.0,22,1,0
C22796,46.3,13,2,2
C22797,41.6,15,3,3
C22798,25.2,8,4,3
C22799,75.6,27,0,0
C22800,21.9,7,4,3
C22801,73.1,27,1,1
C22802,55.9,24,2,2
C22803,15.2,7,5,5
C22804,53.4,26,1,0
C22805,31.5,15,3,3
C22806,62.3,23,2,0
C22807,46.4,12,2,1
C22808,22.7,5,3,1
C22809,43.3,13,2,2
C22810,57.5,19,3,1
C22811,10.1,9,4,3
C22812,31.8,10,4,2
C22813,17.4,7,4,4
C22814,26.0,13,3,2
C22815,75.5,29,1,1
C22816,18.5,3,4,2
C22817,75.3,29,0,0
C22818,25.6,10,5,5
C22819,12.3,3,5,4
C22820,59.9,23,2,2
C22821,34.5,22,2,1
C22822,49.4,12,3,3
C22823,40.4,14,3,3
C22824,7.6,4,6,5
C22825,78.9,26,2,1
C22826,25.0,19,3,3
C22827,56.4,19,3,1
C22828,60.5,22,3,2
C22829,33.1,7,4,4
C22830,33.1,12,3,2
C22831,53.0,18,5,3
C22832,42.6,15,2,2
C22833,46.5,16,2,0
C22834,34.4,13,4,3
C22835,41.5,16,2,2
C22836,48.9,17,4,3
C22837,29.4,12,3,3
C22838,47.4,21,2,0
C22839,53.9,18,2,2
C22840,14.0,3,5,5
C22841,39.5,9,4,3
C22842,60.4,26,1,0
C22843,54.3,19,3,2
C22844,41.2,17,2,0
C22845,39.5,22,3,2
C22846,25.7,2,5,3
C22847,59.8,26,2,2
C22848,24.3,4,3,1
C22849,42.9,13,3,3
C22850,27.5,7,4,3
C22851,15.7,9,3,1
C22852,59.4,22,1,0
C22853,59.6,32,3,1
C22854,36.8,10,2,0
C22855,69.7,34,1,0
C22856,59.8,24,2,0
C22857,19.1,4,5,4
C22858,77.3,26,0,0
C22859,42.7,17,2,2
C22860,9.6,4,4,2
C22861,60.0,17,4,2
C22862,30.1,19,3,3
C22863,41.0,11,3,3
C22864,39.4,21,3,1
C22865,22.6,8,4,4
C22866,18.6,7,4,3
C22867,49.4,18,2,0
C22868,40.9,13,2,2
C22869,41.1,24,2,2
C22870,9.6,6,5,4
C22871,33.6,17,2,2
C22872,22.1,5,4,4
C22873,22.7,10,3,1
C22874,20.5,3,5,5
C22875,62.9,25,1,0
C22876,16.3,12,4,3
C22877,68.1,32,1,1
C22878,52.6,15,2,0
C22879,47.3,17,2,1
C22880,24.5,10,4,2
C22881,9.5,2,4,3
C22882,57.6,22,1,0
C22883,51.0,14,3,1
C22884,56.7,21,1,0
C22885,19.3,9,4,2
C22886,16.3,6,4,4
C22887,57.6,26,1,1
C22888,40.6,12,2,1
C22889,36.9,11,3,1
C22890,16.9,16,4,2
C22891,65.2,26,1,0
C22892,25.0,9,4,2
C22893,44.2,16,4,4
C22894,47.0,17,3,1
C22895,15.6,8,4,3
C22896,29.0,6,4,3
C22897,16.0,6,4,4
C22898,47.4,16,4,4
C22899,26.6,12,4,4
C22900,33.1,7,4,4
C22901,56.2,21,2,0
C22902,17.8,9,5,4
C22903,58.9,24,1,0
C22904,46.4,20,2,2
C22905,62.2,26,2,2
C22906,41.6,17,5,5
C22907,54.9,17,2,1
C22908,18.8,5,5,5
C22909,73.6,29,0,0
C22910,48.1,16,3,3
C22911,74.0,30,1,1
C22912,29.1,12,5,4
C22913,1.8,3,7,7
C22914,22.8,9,3,2
C22915,34.2,13,4,4
C22916,65.6,26,2,1
C22917,20.5,11,5,3
C22918,48.9,21,3,2
C22919,36.8,13,3,3
C22920,78.7,21,0,0
C22921,18.7,10,4,2
C22922,49.7,25,3,1
C22923,66.5,13,2,0
C22924,57.5,25,1,0
C22925,28.8,4,4,3
C22926,38.6,15,3,1
C22927,56.0,24,1,0
C22928,16.2,9,5,4
C22929,48.5,20,2,2
C22930,32.7,7,4,4
C22931,26.2,6,3,2
C22932,52.3,15,3,1
C22933,17.3,13,3,2
C22934,27.5,15,3,3
C22935,39.5,16,2,0
C22936,50.5,13,2,1
C22937,4.6,2,5,3
C22938,57.4,18,2,1
C22939,37.6,15,3,1
C22940,42.4,19,3,2
C22941,55.4,30,1,0
C22942,32.5,11,3,3
C22943,23.9,11,3,2
C22944,37.6,11,4,4
C22945,55.5,18,2,0
C22946,10.2,2,4,4
C22947,17.6,12,5,4
C22948,22.0,9,5,3
C22949,50.5,18,3,2
C22950,36.8,16,3,2
C22951,61.5,22,2,0
C22952,36.5,10,4,4
C22953,17.0,11,4,2
C22954,56.2,22,4,4
C22955,45.6,17,2,0
C22956,10.5,2,5,3
C22957,33.7,17,2,0
C22958,27.6,14,3,1
C22959,40.0,13,3,3
C22960,18.9,10,4,3
C22961,32.0,15,3,2
C22962,31.4,15,6,4
C22963,55.3,21,3,1
C22964,17.9,10,4,4
C22965,55.5,18,2,1
C22966,72.8,26,0,0
C22967,28.9,6,3,1
C22968,18.1,14,4,3
C22969,35.7,13,2,0
C22970,55.6,22,1,0
C22971,66.2,30,1,0
C22972,61.8,26,1,0
C22973,21.6,14,5,3
C22974,42.2,15,2,0
C22975,71.4,30,2,0
C22976,62.1,23,2,2
C22977,76.7,25,2,2
C22978,34.9,8,3,1
C22979,76.5,28,0,0
C22980,45.0,20,4,4
C22981,62.5,21,2,1
C22982,27.1,6,4,2
C22983,58.7,17,2,0
C22984,39.9,15,2,0
C22985,54.6,23,3,3
C22986,45.3,18,2,0
C22987,53.4,17,2,0
C22988,67.9,24,1,0
C22989,36.5,17,3,1
C22990,55.0,17,2,1
C22991,50.5,16,3,2
C22992,57.2,22,1,1
C22993,60.7,24,3,2
C22994,16.9,6,4,4
C22995,71.2,22,0,0
C22996,10.8,4,6,4
C22997,68.4,31,1,0
C22998,70.6,23,1,0
C22999,65.2,17,1,0
C23000,31.1,10,4,2
C23001,46.4,14,2,1
C23002,76.4,27,2,1
C23003,48.5,12,2,2
C23004,52.8,21,2,0
C23005,29.1,17,3,2
C23006,32.6,11,3,2
C23007,23.5,12,4,2
C23008,59.1,26,2,2
C23009,23.9,10,3,1
C23010,32.4,12,3,1
C23011,20.5,6,3,3
C23012,41.3,19,2,0
C23013,60.3,25,1,0
C23014,40.9,13,3,1
C23015,48.1,16,2,0
C23016,26.1,13,4,3
C23017,56.7,23,2,1
C23018,26.1,17,3,1
C23019,46.0,12,4,3
C23020,37.1,17,3,2
C23021,45.3,20,3,3
C23022,61.0,16,3,1
C23023,71.3,27,2,0
C23024,0.8,1,6,4
C23025,38.6,14,2,2
C23026,36.6,12,3,1
C23027,37.1,18,4,2
C23028,6.2,4,6,6
C23029,38.3,15,3,2
C23030,18.4,10,4,4
C23031,11.4,7,4,2
C23032,55.6,25,1,1
C23033,48.8,16,2,2
C23034,32.5,12,3,1
C23035,44.3,12,3,2
C23036,40.9,17,2,2
C23037,20.6,11,4,4
C23038,14.5,0,4,3
C23039,29.1,11,3,1
C23040,34.7,14,3,3
C23041,24.2,14,3,2
C23042,26.2,9,3,2
C23043,46.6,15,2,2
C23044,20.8,5,4,3
C23045,47.8,15,3,3
C23046,6.1,3,5,4
C23047,39.1,12,2,1
C23048,33.0,15,5,3
C23049,49.2,20,1,1
C23050,35.0,14,3,2
C23051,33.5,12,3,3
C23052,31.1,14,3,2
C23053,11.9,7,4,3
C23054,44.4,11,4,4
C23055,48.5,23,3,1
C23056,51.4,16,2,0
C23057,50.7,13,2,1
C23058,43.3,17,2,2
C23059,78.4,25,0,0
C23060,21.6,9,3,1
C23061,33.2,14,3,2
C23062,30.9,14,4,2
C23063,15.5,3,4,3
C23064,1.8,3,5,3
C23065,39.4,13,2,0
C23066,45.2,20,2,1
C23067,35.2,9,4,3
C23068,18.0,8,4,2
C23069,59.2,20,2,1
C23070,60.2,25,2,0
C23071,61.6,28,2,2
C23072,51.2,19,2,1
C23073,35.5,12,3,3
C23074,46.1,17,2,1
C23075,46.6,18,3,2
C23076,18.8,15,3,3
C23077,31.1,7,4,4
C23078,53.9,29,1,1
C23079,34.8,13,4,2
C23080,39.3,17,2,2
C23081,65.7,24,1,0
C23082,22.4,18,5,4
C23083,40.5,15,4,4
C23084,31.8,12,2,1
C23085,55.3,24,1,0
C23086,60.1,20,2,0
C23087,45.5,20,2,0
C23088,33.3,16,3,2
C23089,14.8,4,4,3
C23090,27.0,12,3,3
C23091,0.0,4,6,6
C23092,12.4,7,6,5
C23093,27.1,5,4,3
C23094,26.3,13,5,5
C23095,45.4,19,2,0
C23096,54.9,21,3,2
C23097,69.2,26,1,1
C23098,49.6,22,2,2
C23099,55.6,25,1,0
C23100,56.4,25,1,1
C23101,11.7,2,5,4
C23102,0.0,2,5,5
C23103,66.1,27,2,1
C23104,56.8,25,1,0
C23105,64.8,28,1,1
C23106,18.9,8,3,2
C23107,56.4,19,2,2
C23108,37.7,8,6,6
C23109,15.7,12,4,3
C23110,25.0,10,6,6
C23111,49.2,20,2,0
C23112,34.6,10,4,2
C23113,33.6,16,3,2
C23114,59.8,24,2,1
C23115,63.9,20,2,0
C23116,48.5,23,4,4
C23117,17.2,6,6,6
C23118,54.2,16,3,3
C23119,31.3,14,4,2
C23120,14.8,8,4,4
C23121,44.5,21,4,2
C23122,53.9,27,1,0
C23123,43.8,13,2,0
C23124,56.0,14,2,2
C23125,8.3,4,4,4
C23126,3.6,3,6,6
C23127,19.4,2,5,5
C23128,37.2,15,4,4
C23129,10.4,0,6,4
C23130,16.1,5,5,5
C23131,25.1,11,4,4
C23132,25.6,6,5,4
C23133,61.3,24,1,1
C23134,28.3,12,3,2
C23135,39.3,14,2,1
C23136,37.0,14,3,3
C23137,23.9,11,4,4
C23138,31.4,15,3,2
C23139,34.5,15,3,2
C23140,14.0,3,6,5
C23141,59.4,25,2,0
C23142,34.6,11,3,2
C23143,53.6,18,3,3
C23144,48.3,24,2,0
C23145,29.4,14,4,3
C23146,55.1,20,3,3
C23147,50.3,20,3,3
C23148,28.9,16,4,3
C23149,51.6,25,2,2
C23150,51.7,20,3,2
C23151,53.9,14,3,3
C23152,38.2,13,3,1
C23153,49.1,17,3,2
C23154,22.4,11,3,2
C23155,32.3,15,4,2
C23156,27.4,8,5,3
C23157,5.7,0,6,5
C23158,51.9,19,3,2
C23159,51.7,14,2,0
C23160,65.5,21,1,0
C23161,54.3,19,2,0
C23162,22.8,14,4,3
C23163,29.8,7,3,2
C23164,48.8,17,2,1
C23165,48.8,23,2,1
C23166,19.7,6,4,3
C23167,64.4,27,1,0
C23168,70.0,29,1,0
C23169,50.0,14,2,2
C23170,26.6,9,4,4
C23171,35.0,10,3,2
C23172,49.5,19,3,2
C23173,62.3,30,1,0
C23174,46.7,16,3,2
C23175,52.9,22,3,2
C23176,46.8,15,3,3
C23177,17.8,16,3,2
C23178,54.6,16,1,1
C23179,21.7,11,3,3
C23180,58.3,25,1,0
C23181,67.5,23,3,2
C23182,27.0,11,5,4
C23183,56.6,15,2,1
C23184,46.3,17,2,2
C23185,11.1,8,4,4
C23186,52.9,22,3,2
C23187,29.5,13,3,1
C23188,52.0,20,4,3
C23189,35.2,15,3,3
C23190,14.3,9,5,4
C23191,14.9,6,4,4
C23192,44.7,11,2,0
C23193,67.3,19,1,0
C23194,49.8,16,5,5
C23195,51.2,19,1,0
C23196,13.0,7,4,2
C23197,26.1,15,4,4
C23198,16.6,4,4,4
C23199,47.7,16,2,2
C23200,54.9,19,2,1
C23201,43.0,12,4,3
C23202,66.9,27,2,0
C23203,52.6,23,2,1
C23204,21.7,4,5,3
C23205,63.6,16,2,0
C23206,42.4,15,2,1
C23207,46.0,19,2,1
C23208,12.3,8,5,5
C23209,39.1,14,2,0
C23210,18.6,4,5,4
C23211,46.4,13,3,2
C23212,24.5,6,3,2
C23213,47.7,20,2,2
C23214,49.4,13,3,3
C23215,17.9,9,4,4
C23216,80.3,28,1,0
C23217,68.0,24,2,2
C23218,65.0,23,1,0
C23219,69.3,24,1,0
C23220,49.7,16,2,0
C23221,34.0,8,3,3
C23222,11.7,3,5,3
C23223,48.3,26,2,1
C23224,39.2,23,2,0
C23225,41.6,19,2,1
C23226,36.0,17,2,1
C23227,26.1,13,4,4
C23228,62.8,17,3,2
C23229,10.1,8,6,4
C23230,16.5,2,4,4
C23231,64.1,29,2,0
C23232,14.0,15,4,2
C23233,61.2,18,1,0
C23234,66.5,22,3,2
C23235,46.4,14,2,2
C23236,48.2,19,3,1
C23237,29.6,13,3,3
C23238,26.1,12,4,3
C23239,9.2,4,5,5
C23240,62.5,25,1,0
C23241,42.8,16,2,2
C23242,21.7,8,5,4
C23243,10.9,7,6,4
C23244,70.5,27,1,0
C23245,17.8,11,5,4
C23246,32.4,14,3,2
C23247,51.0,20,2,1
C23248,49.3,20,2,1
C23249,41.5,20,2,1
C23250,36.2,10,3,2
C23251,38.0,18,4,2
C23252,22.1,2,4,3
C23253,4.0,0,5,5
C23254,38.0,16,3,1
C23255,20.6,0,3,2
C23256,63.3,29,1,0
C23257,68.2,27,1,1
C23258,47.4,20,3,1
C23259,61.7,23,4,4
C23260,57.7,24,3,1
C23261,62.2,27,2,1
C23262,45.4,16,2,0
C23263,16.9,9,6,6
C23264,64.0,22,2,1
C23265,16.3,10,6,5
C23266,66.0,22,2,1
C23267,25.8,13,3,1
C23268,25.2,8,4,3
C23269,39.7,9,4,3
C23270,50.7,20,1,1
C23271,4.8,2,6,4
C23272,61.6,20,1,0
C23273,27.6,16,3,3
C23274,35.3,7,4,3
C23275,56.6,24,1,1
C23276,45.5,16,2,0
C23277,6.6,11,4,3
C23278,35.6,14,2,1
C23279,23.8,8,4,3
C23280,66.7,22,1,0
C23281,66.8,26,1,0
C23282,51.8,21,2,2
C23283,67.3,25,1,0
C23284,54.1,16,2,0
C23285,28.0,7,5,4
C23286,21.6,15,3,1
C23287,43.1,17,2,1
C23288,29.7,9,3,2
C23289,21.8,3,4,4
C23290,24.4,0,4,2
C23291,35.7,11,3,1
C23292,36.8,17,2,0
C23293,16.2,5,6,6
C23294,58.2,23,2,0
C23295,41.9,23,2,1
C23296,31.8,11,3,3
C23297,40.4,14,4,3
C23298,19.6,8,5,3
C23299,54.5,22,2,1
C23300,43.3,15,2,0
C23301,52.1,14,2,2
C23302,60.9,26,1,1
C23303,30.9,10,3,3
C23304,39.1,19,2,0
C23305,36.1,21,3,3
C23306,28.3,3,4,3
C23307,27.8,10,5,3
C23308,75.0,30,3,3
C23309,50.2,18,3,1
C23310,22.9,3,4,2
C23311,28.2,12,3,2
C23312,30.5,15,3,1
C23313,53.4,20,2,2
C23314,50.9,25,2,1
C23315,18.0,9,4,3
C23316,51.1,18,2,2
C23317,45.7,13,3,3
C23318,64.1,20,1,0
C23319,13.9,0,5,4
C23320,24.8,10,4,2
C23321,32.8,10,3,2
C23322,37.4,16,2,1
C23323,72.8,26,2,0
C23324,30.6,11,3,1
C23325,51.7,21,2,1
C23326,13.6,5,4,2
C23327,48.8,14,3,2
C23328,25.4,7,6,6
C23329,22.6,12,4,2
C23330,59.9,21,1,1
C23331,36.4,11,3,3
C23332,18.4,13,5,3
C23333,63.4,18,3,3
C23334,35.3,12,3,2
C23335,52.1,14,3,3
C23336,67.6,20,3,2
C23337,42.6,20,2,0
C23338,46.1,18,3,1
C23339,54.5,19,1,1
C23340,55.7,22,1,1
C23341,21.1,9,4,4
C23342,25.2,14,4,3
C23343,40.5,15,4,2
C23344,42.0,8,4,3
C23345,62.7,24,1,0
C23346,16.1,7,5,5
C23347,53.2,19,3,2
C23348,57.6,22,2,0
C23349,7.0,8,4,4
C23350,31.0,11,3,2
C23351,52.3,20,2,1
C23352,33.5,15,4,2
C23353,47.4,16,2,0
C23354,60.6,20,2,2
C23355,30.8,12,4,4
C23356,47.0,14,2,2
C23357,8.0,5,5,5
C23358,55.2,25,3,1
C23359,35.1,16,3,1
C23360,5.0,2,5,5
C23361,49.2,14,2,1
C23362,70.5,26,1,1
C23363,43.5,16,3,1
C23364,75.2,23,0,0
C23365,50.6,12,2,2
C23366,14.4,0,6,5
C23367,8.0,5,6,5
C23368,57.1,16,2,0
C23369,18.1,5,7,6
C23370,51.5,26,3,1
C23371,17.9,6,5,3
C23372,37.3,17,2,0
C23373,44.5,17,2,2
C23374,36.9,18,4,3
C23375,49.4,22,5,5
C23376,68.7,25,1,0
C23377,25.3,13,3,1
C23378,21.7,6,4,4
C23379,25.2,14,4,3
C23380,12.7,0,6,5
C23381,42.7,15,2,2
C23382,67.6,22,1,0
C23383,44.0,19,4,2
C23384,19.9,5,3,1
C23385,66.6,20,1,1
C23386,39.8,17,4,3
C23387,44.1,24,2,2
C23388,13.1,2,5,5
C23389,6.7,6,5,4
C23390,67.6,29,1,0
C23391,31.3,18,3,1
C23392,57.5,19,2,2
C23393,14.7,6,4,3
C23394,64.9,17,2,0
C23395,19.7,15,4,4
C23396,32.3,9,5,3
C23397,55.0,15,3,3
C23398,36.9,16,3,3
C23399,9.3,4,6,6
C23400,72.1,27,2,0
C23401,14.8,12,4,4
C23402,60.7,18,1,0
C23403,8.3,3,5,3
C23404,25.9,8,4,3
C23405,76.9,22,1,0
C23406,18.8,10,4,4
C23407,13.9,7,4,4
C23408,30.2,14,3,2
C23409,61.5,22,2,2
C23410,25.6,9,4,3
C23411,62.8,22,1,0
C23412,77.4,27,2,0
C23413,20.8,12,3,2
C23414,16.8,8,4,2
C23415,54.8,17,2,0
C23416,34.2,10,4,4
C23417,81.2,24,0,0
C23418,32.2,6,3,2
C23419,47.5,12,2,2
C23420,58.4,24,4,4
C23421,44.4,19,2,0
C23422,42.9,13,2,1
C23423,63.0,23,2,0
C23424,76.6,26,1,1
C23425,51.2,26,2,1
C23426,60.6,22,2,1
C23427,37.6,9,3,2
C23428,58.1,19,3,3
C23429,34.0,8,5,4
C23430,38.3,11,2,0
C23431,23.6,14,3,2
C23432,61.7,22,3,3
C23433,42.6,10,3,3
C23434,8.4,0,5,4
C23435,23.0,18,3,2
C23436,57.1,22,2,0
C23437,35.7,15,3,1
C23438,5.9,8,4,2
C23439,28.3,10,3,3
C23440,36.6,22,4,3
C23441,52.8,17,2,2
C23442,31.8,11,4,3
C23443,48.5,18,2,2
C23444,37.3,16,4,2
C23445,41.5,19,2,0
C23446,9.7,7,4,3
C23447,55.3,27,1,1
C23448,55.6,19,2,2
C23449,50.2,17,3,1
C23450,43.3,14,4,2
C23451,66.8,23,3,3
C23452,10.2,3,5,4
C23453,53.8,17,5,4
C23454,50.6,19,2,2
C23455,35.7,9,4,3
C23456,68.2,27,1,1
C23457,60.5,21,3,1
C23458,59.7,25,2,0
C23459,38.7,15,2,2
C23460,25.2,9,4,2
C23461,64.9,24,4,2
C23462,63.7,25,2,2
C23463,31.8,15,3,3
C23464,14.6,4,4,2
C23465,67.0,23,1,0
C23466,28.5,14,4,3
C23467,26.1,13,4,3
C23468,51.2,20,3,1
C23469,52.8,24,2,1
C23470,48.8,23,2,1
C23471,31.0,19,6,5
C23472,24.2,12,4,2
C23473,29.5,10,5,5
C23474,13.2,0,5,3
C23475,9.3,10,4,2
C23476,31.9,17,3,3
C23477,1.9,1,5,4
C23478,28.8,14,3,1
C23479,68.9,25,1,0
C23480,58.4,21,1,1
C23481,76.2,32,1,1
C23482,21.0,4,4,3
C23483,36.9,10,4,3
C23484,29.4,8,4,2
C23485,0.0,3,5,5
C23486,45.4,17,3,3
C23487,36.7,19,2,2
C23488,25.7,7,6,5
C23489,18.9,4,6,5
C23490,38.2,14,5,3
C23491,60.3,23,3,3
C23492,52.4,18,2,2
C23493,39.4,14,3,3
C23494,45.2,12,2,0
C23495,70.1,28,2,0
C23496,38.0,20,5,5
C23497,26.0,8,4,2
C23498,55.9,22,3,1
C23499,45.5,18,2,0
C23500,13.4,7,4,3
C23501,66.5,20,1,0
C23502,67.6,24,1,1
C23503,60.1,20,2,2
C23504,10.0,3,6,4
C23505,23.4,8,5,5
C23506,32.3,14,3,1
C23507,40.6,16,3,3
C23508,69.7,26,1,1
C23509,41.3,17,2,2
C23510,30.1,13,3,3
C23511,42.9,28,2,0
C23512,28.3,19,3,2
C23513,38.7,14,3,2
C23514,7.1,5,4,2
C23515,54.7,29,1,0
C23516,20.7,4,5,4
C23517,28.6,16,3,3
C23518,43.4,12,4,2
C23519,42.7,11,3,1
C23520,45.6,16,2,0
C23521,73.2,31,1,0
C23522,57.2,21,1,0
C23523,56.1,18,1,1
C23524,6.9,3,6,5
C23525,3.1,3,6,4
C23526,58.6,20,2,0
C23527,27.4,7,3,3
C23528,45.8,13,5,5
C23529,64.1,20,1,1
C23530,60.7,18,2,0
C23531,30.2,8,4,3
C23532,61.0,20,1,0
C23533,43.1,12,2,2
C23534,38.6,6,3,1
C23535,23.5,10,5,3
C23536,68.1,26,1,0
C23537,20.6,4,5,5
C23538,47.0,13,2,2
C23539,52.3,25,3,1
C23540,50.2,12,4,2
C23541,21.1,7,4,4
C23542,65.5,24,1,1
C23543,37.7,19,3,3
C23544,49.1,19,3,2
C23545,48.0,18,2,1
C23546,29.4,3,4,2
C23547,27.6,7,4,3
C23548,52.3,15,3,1
C23549,13.1,6,4,3
C23550,37.4,11,3,3
C23551,33.3,10,4,2
C23552,45.1,12,3,3
C23553,59.8,24,1,0
C23554,47.1,18,2,2
C23555,26.7,11,3,3
C23556,45.7,12,4,3
C23557,52.2,20,1,1
C23558,46.8,18,2,2
C23559,69.4,25,1,0
C23560,36.3,14,3,1
C23561,40.8,13,3,1
C23562,51.6,23,2,2
C23563,38.8,18,3,2
C23564,56.9,23,4,4
C23565,18.4,16,4,3
C23566,37.2,11,4,3
C23567,34.0,16,4,3
C23568,62.2,23,2,0
C23569,22.1,7,5,5
C23570,47.9,18,3,3
C23571,80.9,27,1,0
C23572,32.0,9,3,3
C23573,21.9,5,4,4
C23574,11.4,11,4,3
C23575,57.3,21,3,3
C23576,27.3,8,5,3
C23577,18.1,10,5,3
C23578,69.9,23,1,0
C23579,70.6,26,1,0
C23580,34.1,10,3,1
C23581,50.8,18,3,3
C23582,45.6,22,4,2
C23583,57.9,21,3,2
C23584,67.3,27,1,0
C23585,21.3,8,7,6
C23586,23.1,1,5,3
C23587,29.9,9,3,2
C23588,45.7,18,3,3
C23589,8.8,3,5,4
C23590,40.5,21,2,2
C23591,15.7,2,5,5
C23592,46.9,21,3,3
C23593,45.4,20,3,2
C23594,26.4,12,3,2
C23595,49.4,20,2,0
C23596,14.3,5,5,4
C23597,35.7,19,4,2
C23598,36.1,16,3,3
C23599,16.4,9,4,3
C23600,39.4,15,4,3
C23601,56.6,25,1,1
C23602,19.3,9,3,3
C23603,9.6,6,6,5
C23604,44.8,14,2,1
C23605,61.5,29,3,1
C23606,24.5,6,4,3
C23607,18.6,11,4,3
C23608,51.5,23,2,0
C23609,55.9,21,3,3
C23610,58.3,22,2,2
C23611,71.2,25,1,0
C23612,50.4,17,2,2
C23613,31.9,8,4,4
C23614,62.0,20,3,2
C23615,64.8,24,1,0
C23616,36.2,15,4,3
C23617,26.0,14,3,2
C23618,44.8,11,2,1
C23619,30.5,10,3,1
C23620,9.1,11,4,2
C23621,50.3,13,3,1
C23622,54.4,19,2,2
C23623,11.7,9,5,3
C23624,12.1,1,4,3
C23625,33.6,7,4,3
C23626,20.8,7,4,3
C23627,10.1,3,6,4
C23628,8.8,6,5,4
C23629,42.3,14,3,1
C23630,56.0,19,2,2
C23631,38.8,16,2,0
C23632,30.0,18,3,2
C23633,36.7,16,3,1
C23634,16.2,8,4,3
C23635,4.4,11,5,4
C23636,14.5,14,5,3
C23637,31.6,15,3,1
C23638,41.8,13,3,1
C23639,58.0,26,2,0
C23640,34.5,8,5,4
C23641,1.8,0,6,5
C23642,30.4,11,3,3
C23643,31.5,12,3,2
C23644,28.3,7,3,1
C23645,81.6,24,0,0
C23646,47.8,19,2,2
C23647,51.2,20,2,1
C23648,56.9,21,2,0
C23649,33.7,10,3,3
C23650,40.5,20,2,1
C23651,44.3,14,3,1
C23652,15.2,5,5,4
C23653,43.1,10,4,2
C23654,75.2,28,0,0
C23655,35.0,14,4,3
C23656,50.0,16,2,0
C23657,7.4,5,5,3
C23658,10.6,7,4,4
C23659,25.2,9,5,3
C23660,18.2,3,5,5
C23661,58.6,21,2,0
C23662,35.6,14,3,1
C23663,23.7,2,4,3
C23664,32.6,10,3,3
C23665,17.0,8,4,4
C23666,33.7,7,3,2
C23667,53.0,16,3,2
C23668,71.8,21,1,0
C23669,23.3,11,3,1
C23670,17.0,12,3,2
C23671,33.3,14,3,3
C23672,29.3,7,4,4
C23673,70.9,32,0,0
C23674,18.6,12,3,2
C23675,43.6,13,4,4
C23676,18.9,3,4,2
C23677,66.2,30,0,0
C23678,40.0,12,4,3
C23679,16.1,11,3,1
C23680,53.0,15,3,1
C23681,55.2,26,1,0
C23682,42.6,20,3,3
C23683,15.3,7,4,4
C23684,40.5,13,4,2
C23685,55.0,24,2,0
C23686,38.3,8,3,2
C23687,41.6,15,2,0
C23688,58.6,24,1,0
C23689,48.8,23,3,3
C23690,80.6,29,1,0
C23691,65.8,24,2,0
C23692,49.7,19,2,2
C23693,12.1,10,4,3
C23694,44.7,18,2,0
C23695,23.2,14,4,3
C23696,30.4,4,3,1
C23697,21.5,9,4,3
C23698,44.3,20,3,2
C23699,66.8,31,1,0
C23700,70.0,25,3,2
C23701,61.0,26,2,2
C23702,61.8,26,2,1
C23703,30.9,15,3,3
C23704,53.4,19,2,2
C23705,69.5,31,2,1
C23706,18.3,5,4,3
C23707,71.1,28,0,0
C23708,70.0,26,1,1
C23709,44.9,14,2,2
C23710,59.3,19,1,0
C23711,12.1,2,5,4
C23712,21.1,15,3,1
C23713,84.1,26,0,0
C23714,32.4,11,4,4
C23715,48.1,21,2,2
C23716,33.1,14,4,3
C23717,31.3,8,3,2
C23718,30.6,5,3,2
C23719,22.8,9,5,4
C23720,4.5,0,6,5
C23721,33.4,8,3,3
C23722,21.2,5,4,4
C23723,18.4,5,4,3
C23724,72.3,25,1,1
C23725,43.4,13,2,1
C23726,44.7,12,2,0
C23727,67.6,28,0,0
C23728,55.6,18,1,1
C23729,55.5,25,5,5
C23730,55.6,21,2,1
C23731,82.2,34,1,0
C23732,13.1,4,4,3
C23733,58.3,19,1,0
C23734,48.6,18,4,3
C23735,41.2,11,2,0
C23736,23.1,7,5,3
C23737,46.2,21,2,2
C23738,52.9,20,2,2
C23739,4.2,4,6,6
C23740,53.9,18,2,0
C23741,13.3,7,4,2
C23742,43.6,7,3,1
C23743,17.4,14,4,4
C23744,12.4,1,5,4
C23745,17.6,18,3,2
C23746,66.0,23,1,0
C23747,27.5,11,4,4
C23748,46.2,20,2,1
C23749,35.6,15,3,3
C23750,66.7,25,1,0
C23751,48.1,19,2,2
C23752,19.1,4,4,2
C23753,34.4,13,2,2
C23754,14.7,8,5,5
C23755,35.9,14,4,4
C23756,19.3,13,4,4
C23757,46.2,19,2,2
C23758,48.1,16,2,1
C23759,29.0,11,4,4
C23760,13.2,3,4,4
C23761,30.9,9,4,4
C23762,15.8,12,5,3
C23763,47.0,14,3,3
C23764,41.4,12,3,1
C23765,8.6,0,5,5
C23766,4.2,5,5,3
C23767,31.5,11,4,3
C23768,26.2,12,3,2
C23769,52.6,19,1,1
C23770,22.9,10,4,3
C23771,50.0,21,2,2
C23772,27.4,13,3,3
C23773,34.8,15,4,4
C23774,6.4,0,6,5
C23775,17.3,3,4,4
C23776,47.9,16,2,0
C23777,57.9,22,3,1
C23778,58.0,23,3,3
C23779,27.8,11,3,2
C23780,31.5,11,3,3
C23781,20.5,7,5,5
C23782,2.6,6,5,5
C23783,32.2,6,3,3
C23784,0.0,0,6,5
C23785,37.8,11,3,3
C23786,37.7,11,2,2
C23787,30.2,1,5,4
C23788,68.3,29,1,0
C23789,9.7,8,4,3
C23790,53.3,20,1,1
C23791,17.5,4,4,2
C23792,28.2,4,4,2
C23793,58.0,26,1,0
C23794,42.1,21,4,2
C23795,23.0,8,3,3
C23796,13.1,4,5,5
C23797,50.7,21,2,2
C23798,60.5,21,1,0
C23799,34.1,11,3,3
C23800,16.4,10,3,2
C23801,64.7,27,1,0
C23802,4.6,0,5,5
C23803,58.4,21,1,0
C23804,37.0,21,2,2
C23805,10.8,8,4,3
C23806,19.9,10,3,2
C23807,20.1,11,3,1
C23808,40.8,13,5,4
C23809,49.4,14,3,3
C23810,56.2,19,1,0
C23811,47.4,19,4,4
C23812,7.5,4,4,4
C23813,33.7,13,4,4
C23814,32.3,13,3,1
C23815,43.9,23,2,2
C23816,57.1,22,2,1
C23817,62.6,25,1,1
C23818,32.8,10,3,1
C23819,5.1,4,4,3
C23820,57.1,22,1,0
C23821,6.4,3,6,4
C23822,15.7,6,5,3
C23823,9.3,5,4,4
C23824,38.8,16,3,3
C23825,47.9,20,2,0
C23826,19.5,6,4,2
C23827,56.5,24,2,0
C23828,44.2,14,3,2
C23829,23.4,7,3,1
C23830,62.7,21,3,3
C23831,78.2,27,0,0
C23832,29.1,6,3,1
C23833,64.5,20,1,1
C23834,63.5,22,1,0
C23835,32.2,10,3,2
C23836,5.1,2,5,3
C23837,42.6,16,2,1
C23838,35.0,10,3,2
C23839,12.3,7,4,2
C23840,64.7,24,3,3
C23841,46.5,16,3,2
C23842,22.2,4,3,2
C23843,55.5,19,2,0
C23844,31.0,15,4,4
C23845,19.7,0,4,3
C23846,55.0,18,2,0
C23847,38.5,16,4,3
C23848,56.6,23,2,0
C23849,35.3,13,3,2
C23850,40.9,13,3,2
C23851,13.9,7,5,3
C23852,37.0,7,3,2
C23853,36.3,11,3,1
C23854,20.2,5,4,4
C23855,43.9,12,3,1
C23856,9.5,0,4,4
C23857,67.8,25,1,0
C23858,52.9,22,2,2
C23859,53.5,28,2,2
C23860,55.2,17,3,2
C23861,42.8,21,5,4
C23862,59.2,20,2,2
C23863,55.9,22,3,2
C23864,58.1,19,1,1
C23865,29.7,8,4,3
C23866,16.3,10,5,3
C23867,59.8,24,2,0
C23868,33.2,10,3,1
C23869,75.4,26,0,0
C23870,21.8,9,3,1
C23871,67.4,24,2,2
C23872,67.4,24,2,1
C23873,69.7,18,2,1
C23874,29.7,10,3,3
C23875,34.4,13,4,3
C23876,43.3,17,3,3
C23877,39.1,17,3,1
C23878,64.9,27,1,1
C23879,24.4,7,4,4
C23880,47.3,14,2,0
C23881,67.5,27,2,1
C23882,66.1,20,1,0
C23883,30.8,5,4,2
C23884,17.1,8,4,4
C23885,42.5,18,2,1
C23886,62.3,24,2,1
C23887,18.7,12,4,4
C23888,63.3,21,4,4
C23889,31.2,15,3,2
C23890,37.1,19,3,3
C23891,50.0,17,3,1
C23892,43.3,21,4,2
C23893,39.3,13,2,2
C23894,39.5,15,3,3
C23895,38.8,12,6,4
C23896,56.9,19,3,2
C23897,23.8,8,4,3
C23898,25.6,11,4,3
C23899,56.6,20,1,0
C23900,21.2,9,4,3
C23901,30.9,15,3,2
C23902,34.5,8,4,3
C23903,21.1,11,4,3
C23904,49.1,16,2,1
C23905,55.0,22,2,2
C23906,61.3,26,1,1
C23907,34.9,14,4,3
C23908,66.1,22,3,2
C23909,51.6,23,2,0
C23910,66.3,23,2,2
C23911,18.1,7,5,3
C23912,27.1,9,4,4
C23913,50.1,19,2,1
C23914,60.5,27,2,1
C23915,36.4,12,3,2
C23916,46.6,22,2,0
C23917,40.0,17,3,3
C23918,23.4,3,5,4
C23919,24.0,13,4,3
C23920,77.3,29,1,0
C23921,37.7,21,3,2
C23922,9.6,8,4,3
C23923,55.2,19,2,0
C23924,35.5,19,4,4
C23925,11.6,2,5,4
C23926,14.8,14,3,1
C23927,46.0,20,2,1
C23928,11.5,6,4,4
C23929,69.5,27,1,0
C23930,74.4,35,0,0
C23931,74.9,32,1,0
C23932,22.8,8,5,4
C23933,3.8,0,5,4
C23934,44.4,14,2,1
C23935,35.9,14,3,3
C23936,37.4,26,3,1
C23937,75.1,30,2,1
C23938,64.0,24,1,0
C23939,69.0,29,3,3
C23940,62.4,20,3,1
C23941,55.6,23,1,1
C23942,32.5,9,3,1
C23943,9.8,0,6,4
C23944,62.1,22,2,1
C23945,67.8,24,1,0
C23946,10.5,8,5,5
C23947,39.4,20,2,2
C23948,23.0,8,3,2
C23949,52.6,13,2,2
C23950,28.6,9,4,3
C23951,55.8,19,4,2
C23952,51.7,18,3,2
C23953,53.6,18,2,2
C23954,15.3,2,4,3
C23955,58.9,20,2,0
C23956,30.4,9,3,2
C23957,52.3,10,2,0
C23958,44.6,20,3,1
C23959,8.4,4,4,2
C23960,10.1,7,5,5
C23961,24.1,9,4,2
C23962,20.4,11,4,2
C23963,51.2,14,4,3
C23964,63.9,26,2,1
C23965,37.1,20,4,4
C23966,25.6,11,4,4
C23967,44.5,16,2,1
C23968,41.8,12,4,3
C23969,61.9,15,2,1
C23970,60.9,20,2,1
C23971,38.7,8,4,4
C23972,15.5,13,4,2
C23973,54.3,22,3,3
C23974,34.0,15,5,4
C23975,48.2,19,2,2
C23976,31.9,8,4,4
C23977,58.5,25,1,0
C23978,79.6,21,2,1
C23979,51.0,18,3,3
C23980,48.1,15,5,4
C23981,48.5,14,4,3
C23982,17.0,6,4,2
C23983,55.7,26,1,0
C23984,14.6,1,5,4
C23985,28.0,10,4,2
C23986,33.7,14,3,1
C23987,48.0,12,2,1
C23988,66.9,25,2,2
C23989,49.6,20,2,2
C23990,43.0,15,3,1
C23991,64.6,20,1,0
C23992,74.7,21,1,1
C23993,33.7,7,5,5
C23994,46.2,18,3,1
C23995,60.2,22,1,0
C23996,61.1,19,1,1
C23997,77.8,30,0,0
C23998,65.7,23,1,0
C23999,51.6,22,2,1
C24000,28.2,10,5,3
C24001,56.1,18,3,1
C24002,46.1,19,2,0
C24003,58.2,26,2,2
C24004,53.3,23,2,2
C24005,27.8,11,3,2
C24006,51.9,19,2,1
C24007,31.9,14,5,5
C24008,55.1,22,1,1
C24009,40.2,9,2,0
C24010,6.6,0,5,4
C24011,39.7,18,3,3
C24012,17.9,5,7,7
C24013,57.1,19,2,2
C24014,55.8,25,4,2
C24015,71.6,30,0,0
C24016,16.8,6,6,4
C24017,50.4,21,2,2
C24018,63.6,22,2,2
C24019,74.5,26,0,0
C24020,24.7,11,4,2
C24021,29.2,7,4,2
C24022,44.4,18,2,2
C24023,33.7,13,3,3
C24024,60.0,18,2,1
C24025,40.5,10,5,4
C24026,53.4,21,3,1
C24027,66.7,21,1,1
C24028,18.2,11,5,3
C24029,36.4,16,3,1
C24030,55.2,29,1,0
C24031,41.3,14,4,2
C24032,73.3,20,1,1
C24033,14.5,9,5,4
C24034,30.9,11,3,3
C24035,34.7,15,3,1
C24036,15.4,8,5,4
C24037,37.8,10,4,2
C24038,55.4,23,1,0
C24039,69.5,25,1,0
C24040,39.1,16,3,1
C24041,49.3,21,2,0
C24042,58.2,24,3,1
C24043,34.5,18,2,2
C24044,21.7,18,4,2
C24045,43.7,15,3,3
C24046,27.1,9,3,1
C24047,8.8,6,4,2
C24048,42.5,9,4,4
C24049,34.8,19,3,3
C24050,28.3,4,4,2
C24051,37.9,12,4,4
C24052,59.6,20,1,1
C24053,25.3,14,3,3
C24054,73.6,31,1,0
C24055,16.3,10,6,4
C24056,20.9,0,4,3
C24057,31.1,8,3,2
C24058,34.4,12,4,2
C24059,42.0,14,3,2
C24060,32.9,10,4,2
C24061,50.8,21,1,1
C24062,60.3,29,1,0
C24063,14.9,10,4,2
C24064,45.5,18,3,1
C24065,47.4,15,3,3
C24066,20.1,11,3,1
C24067,39.3,2,4,2
C24068,39.3,10,3,1
C24069,40.4,15,2,1
C24070,69.6,23,3,3
C24071,27.9,14,4,2
C24072,53.8,24,1,0
C24073,15.1,7,4,2
C24074,80.0,33,1,0
C24075,33.3,14,3,3
C24076,34.5,4,4,2
C24077,67.2,19,1,0
C24078,42.6,19,3,2
C24079,41.6,16,3,1
C24080,30.8,13,3,2
C24081,48.6,24,4,3
C24082,52.7,21,2,0
C24083,53.4,20,3,3
C24084,33.0,13,3,3
C24085,21.6,1,4,3
C24086,50.3,16,3,3
C24087,47.5,24,2,2
C24088,66.4,28,0,0
C24089,59.5,18,3,1
C24090,47.0,16,3,2
C24091,56.3,18,2,1
C24092,88.7,30,3,2
C24093,43.0,12,4,3
C24094,32.4,16,4,4
C24095,9.5,3,4,4
C24096,44.5,19,2,2
C24097,59.1,17,2,1
C24098,52.5,18,2,2
C24099,40.8,13,3,3
C24100,22.1,5,3,1
C24101,60.4,20,4,4
C24102,36.9,13,3,3
C24103,14.4,7,5,5
C24104,31.9,16,3,1
C24105,49.7,17,2,2
C24106,4.3,7,5,3
C24107,19.5,8,5,5
C24108,61.2,25,2,0
C24109,28.6,10,4,2
C24110,49.7,21,2,0
C24111,26.4,6,5,5
C24112,14.4,7,4,4
C24113,41.2,19,2,0
C24114,15.1,0,4,4
C24115,58.0,25,1,0
C24116,33.4,9,3,2
C24117,46.2,17,3,3
C24118,71.6,21,1,0
C24119,50.0,21,2,0
C24120,50.2,16,2,2
C24121,40.7,11,5,3
C24122,15.0,5,4,3
C24123,56.1,19,2,1
C24124,23.1,14,3,1
C24125,5.8,0,5,3
C24126,47.0,27,3,2
C24127,58.1,23,2,0
C24128,69.0,25,1,0
C24129,66.2,28,2,1
C24130,43.5,15,2,0
C24131,44.1,10,2,0
C24132,53.4,15,2,2
C24133,42.9,21,3,3
C24134,25.3,10,6,5
C24135,7.6,3,5,3
C24136,40.0,14,3,2
C24137,22.8,6,5,3
C24138,30.9,14,3,2
C24139,38.6,15,3,3
C24140,26.9,12,3,1
C24141,44.2,22,2,1
C24142,18.0,12,4,2
C24143,3.9,3,5,3
C24144,31.1,13,6,6
C24145,57.9,19,1,0
C24146,75.7,22,1,0
C24147,68.0,22,2,1
C24148,60.5,19,3,2
C24149,43.5,18,2,1
C24150,14.5,5,4,3
C24151,68.1,26,0,0
C24152,4.2,0,6,6
C24153,27.9,9,5,3
C24154,10.5,4,6,5
C24155,9.0,8,4,3
C24156,35.4,20,2,0
C24157,25.9,6,4,4
C24158,30.4,12,5,5
C24159,26.7,4,3,3
C24160,38.6,10,3,3
C24161,47.3,14,4,3
C24162,41.8,17,3,3
C24163,39.3,16,3,1
C24164,56.3,21,1,0
C24165,60.6,20,1,0
C24166,65.7,21,1,1
C24167,31.6,11,3,2
C24168,32.7,5,3,2
C24169,49.8,20,2,0
C24170,0.0,1,6,4
C24171,29.9,14,3,3
C24172,72.3,26,3,2
C24173,19.7,3,4,4
C24174,32.2,8,3,1
C24175,46.2,13,3,1
C24176,0.0,1,5,4
C24177,16.0,3,5,4
C24178,26.8,14,4,4
C24179,23.6,11,4,4
C24180,29.2,17,3,2
C24181,75.0,31,2,2
C24182,80.9,32,0,0
C24183,71.3,25,2,0
C24184,57.9,22,3,3
C24185,47.6,17,3,3
C24186,47.9,14,2,1
C24187,55.5,21,2,1
C24188,33.9,15,3,2
C24189,52.3,21,2,2
C24190,66.1,22,1,0
C24191,49.5,19,2,1
C24192,37.5,23,2,2
C24193,51.5,22,2,2
C24194,29.1,10,4,4
C24195,63.3,20,2,2
C24196,72.8,24,1,0
C24197,73.3,26,2,2
C24198,54.3,18,2,0
C24199,19.4,2,4,3
C24200,49.5,27,2,1
C24201,53.3,16,2,0
C24202,68.8,26,1,0
C24203,51.5,21,2,0
C24204,41.4,19,3,2
C24205,40.8,18,6,6
C24206,52.8,15,2,1
C24207,65.1,23,1,0
C24208,21.1,7,4,2
C24209,24.4,9,6,4
C24210,18.3,4,4,3
C24211,50.1,17,5,4
C24212,50.8,20,2,0
C24213,42.4,12,5,5
C24214,33.5,11,3,1
C24215,57.3,22,2,1
C24216,54.3,20,3,3
C24217,9.2,7,4,4
C24218,25.6,12,5,5
C24219,71.6,21,2,1
C24220,18.4,10,4,3
C24221,38.4,17,3,1
C24222,66.1,18,1,0
C24223,53.9,22,3,2
C24224,73.6,29,1,0
C24225,4.3,6,5,4
C24226,13.1,4,4,3
C24227,48.5,24,2,1
C24228,25.5,9,4,4
C24229,59.1,23,1,0
C24230,70.8,21,1,1
C24231,43.0,17,3,3
C24232,57.9,13,2,1
C24233,35.8,15,3,3
C24234,60.4,27,1,0
C24235,55.2,19,2,0
C24236,79.9,32,0,0
C24237,56.1,21,3,1
C24238,36.1,13,5,3
C24239,34.4,12,4,4
C24240,24.2,12,3,2
C24241,22.2,6,4,2
C24242,15.9,3,4,4
C24243,39.9,16,3,2
C24244,59.7,21,2,0
C24245,19.7,5,3,2
C24246,51.0,23,3,2
C24247,61.8,22,1,0
C24248,38.1,17,4,4
C24249,43.4,20,2,2
C24250,64.5,28,1,1
C24251,13.1,10,4,4
C24252,47.3,22,2,0
C24253,5.5,4,5,3
C24254,19.7,8,4,2
C24255,65.4,19,1,0
C24256,28.8,14,3,3
C24257,9.3,8,4,3
C24258,48.5,21,2,2
C24259,71.4,31,0,0
C24260,29.6,15,4,3
C24261,15.4,11,4,2
C24262,27.0,7,4,3
C24263,54.8,22,2,0
C24264,26.3,15,3,3
C24265,51.8,19,1,0
C24266,71.0,27,0,0
C24267,36.7,15,3,3
C24268,32.4,9,3,1
C24269,36.9,21,3,2
C24270,59.2,16,2,2
C24271,52.0,17,2,1
C24272,34.4,16,3,2
C24273,49.0,14,2,2
C24274,26.8,9,4,2
C24275,14.6,3,4,3
C24276,68.1,30,1,0
C24277,25.3,9,4,4
C24278,34.2,13,6,6
C24279,43.4,7,3,1
C24280,62.4,16,1,0
C24281,54.8,19,2,0
C24282,40.0,12,5,5
C24283,42.8,16,2,1
C24284,4.1,3,4,2
C24285,38.7,14,3,2
C24286,53.4,22,1,0
C24287,51.7,19,2,2
C24288,54.8,20,2,0
C24289,33.7,12,3,3
C24290,42.4,26,2,2
C24291,40.0,21,3,1
C24292,28.3,10,5,3
C24293,32.0,9,3,3
C24294,86.4,28,0,0
C24295,22.1,11,4,3
C24296,41.0,16,3,3
C24297,21.3,4,4,2
C24298,55.5,25,1,0
C24299,17.6,6,3,2
C24300,44.7,15,5,4
C24301,43.5,18,2,1
C24302,2.3,7,6,6
C24303,59.6,20,3,1
C24304,55.4,20,2,0
C24305,61.6,26,1,0
C24306,31.6,8,3,3
C24307,13.2,1,5,4
C24308,75.9,30,0,0
C24309,37.4,12,3,2
C24310,29.5,10,4,2
C24311,29.6,17,3,2
C24312,63.8,19,1,0
C24313,38.3,18,4,4
C24314,55.1,20,3,1
C24315,33.1,11,4,2
C24316,7.2,2,4,4
C24317,48.4,13,4,2
C24318,64.4,20,1,1
C24319,20.3,7,4,3
C24320,43.1,12,4,4
C24321,28.4,11,3,2
C24322,44.7,18,2,2
C24323,37.7,9,3,1
C24324,59.0,16,2,2
C24325,3.5,2,6,4
C24326,47.4,13,3,3
C24327,42.7,17,3,3
C24328,51.6,23,2,0
C24329,13.5,4,4,3
C24330,41.4,21,3,1
C24331,69.7,25,2,2
C24332,40.1,17,2,2
C24333,52.4,18,2,1
C24334,37.6,16,2,1
C24335,71.0,27,1,0
C24336,44.5,12,4,2
C24337,38.7,13,3,2
C24338,62.0,22,3,2
C24339,53.7,15,2,1
C24340,22.9,11,5,5
C24341,36.5,13,2,0
C24342,13.6,6,6,5
C24343,46.7,19,2,0
C24344,62.3,23,1,1
C24345,32.1,12,3,1
C24346,47.6,17,2,2
C24347,15.9,4,4,3
C24348,27.9,12,3,1
C24349,54.7,18,2,0
C24350,31.1,10,3,2
C24351,60.0,17,2,2
C24352,73.6,33,0,0
C24353,49.9,16,2,2
C24354,35.9,20,2,0
C24355,24.9,9,3,2
C24356,36.5,13,3,1
C24357,18.5,9,4,2
C24358,58.0,20,1,1
C24359,55.0,13,1,1
C24360,33.3,14,5,4
C24361,45.4,11,3,1
C24362,49.4,20,2,0
C24363,44.1,16,3,3
C24364,23.7,5,4,3
C24365,71.1,29,3,3
C24366,66.8,27,1,1
C24367,29.9,7,3,3
C24368,14.5,1,4,2
C24369,51.1,16,3,3
C24370,17.5,5,4,4
C24371,58.2,27,2,0
C24372,33.9,12,3,3
C24373,40.9,14,2,1
C24374,24.3,1,5,5
C24375,40.7,18,2,0
C24376,59.6,20,3,3
C24377,22.6,8,4,3
C24378,43.9,21,2,2
C24379,56.0,22,2,2
C24380,0.0,2,5,3
C24381,56.6,20,1,0
C24382,29.5,18,5,5
C24383,19.2,8,5,4
C24384,16.8,11,4,4
C24385,35.9,5,4,4
C24386,71.4,20,2,0
C24387,20.2,9,3,2
C24388,54.4,14,3,1
C24389,42.1,8,3,3
C24390,53.7,16,2,2
C24391,67.9,26,1,0
C24392,35.2,13,3,3
C24393,35.8,10,3,1
C24394,42.7,18,2,2
C24395,34.2,10,4,4
C24396,69.3,30,1,0
C24397,36.4,13,4,2
C24398,54.3,22,2,1
C24399,29.1,10,4,2
C24400,23.0,10,3,3
C24401,42.5,22,2,1
C24402,35.1,14,3,1
C24403,55.2,19,2,0
C24404,49.9,23,3,3
C24405,11.5,0,5,4
C24406,21.5,7,5,5
C24407,63.8,23,2,2
C24408,25.6,14,3,1
C24409,38.1,14,3,3
C24410,25.5,12,4,3
C24411,53.0,12,2,1
C24412,32.8,15,2,1
C24413,12.5,7,4,4
C24414,58.4,23,1,0
C24415,51.6,20,2,2
C24416,77.4,31,0,0
C24417,39.1,13,3,1
C24418,9.0,2,6,5
C24419,45.3,20,2,0
C24420,19.2,13,6,5
C24421,33.5,10,4,4
C24422,41.0,12,4,3
C24423,36.4,11,3,1
C24424,52.6,25,5,5
C24425,43.2,13,2,2
C24426,51.1,19,3,3
C24427,57.8,23,1,0
C24428,31.7,21,6,5
C24429,38.0,14,4,2
C24430,17.3,11,4,2
C24431,35.9,10,4,2
C24432,77.6,24,0,0
C24433,41.2,18,3,1
C24434,58.5,23,1,0
C24435,33.7,16,3,1
C24436,57.5,27,2,0
C24437,58.3,23,2,0
C24438,23.9,12,3,3
C24439,62.5,23,2,2
C24440,65.6,27,1,0
C24441,46.6,16,2,0
C24442,70.8,29,2,2
C24443,30.7,17,2,2
C24444,33.4,12,3,3
C24445,16.1,7,4,4
C24446,64.2,21,2,0
C24447,40.7,18,2,0
C24448,32.6,17,3,1
C24449,66.9,30,2,0
C24450,23.8,1,4,3
C24451,43.9,16,2,1
C24452,49.0,19,2,1
C24453,70.7,29,2,2
C24454,34.2,9,3,3
C24455,71.8,29,0,0
C24456,32.8,15,4,3
C24457,49.5,19,2,2
C24458,56.7,24,2,1
C24459,15.2,6,4,4
C24460,44.3,15,2,0
C24461,52.2,19,3,1
C24462,26.3,12,3,3
C24463,69.7,23,2,1
C24464,47.5,23,3,1
C24465,37.8,16,4,4
C24466,46.5,21,2,2
C24467,49.2,18,2,1
C24468,45.6,16,3,2
C24469,43.1,20,3,1
C24470,36.4,12,3,2
C24471,66.7,24,1,0
C24472,43.8,17,4,2
C24473,49.4,11,2,0
C24474,62.5,22,1,0
C24475,34.2,8,6,5
C24476,84.6,29,0,0
C24477,56.7,21,1,0
C24478,56.2,15,3,1
C24479,30.9,15,5,3
C24480,49.3,19,3,3
C24481,22.9,8,3,1
C24482,60.5,19,3,1
C24483,68.9,21,1,0
C24484,61.0,26,2,1
C24485,40.5,15,3,2
C24486,24.6,12,3,3
C24487,34.7,16,2,1
C24488,18.1,8,4,4
C24489,43.9,25,2,0
C24490,33.3,15,4,3
C24491,30.1,17,2,2
C24492,36.2,14,4,4
C24493,55.0,17,3,1
C24494,62.3,25,2,2
C24495,57.2,21,2,1
C24496,48.3,17,2,1
C24497,30.1,11,3,1
C24498,11.8,7,5,4
C24499,66.7,22,1,0
C24500,23.2,6,4,3
C24501,47.9,19,3,2
C24502,33.1,10,3,1
C24503,38.0,14,3,3
C24504,18.9,0,5,5
C24505,70.5,28,1,1
C24506,28.6,11,4,2
C24507,59.3,18,1,0
C24508,65.4,26,1,1
C24509,72.4,26,1,1
C24510,24.4,6,4,3
C24511,39.9,14,2,1
C24512,18.6,2,5,4
C24513,69.1,19,1,0
C24514,57.0,24,1,1
C24515,22.5,12,7,5
C24516,21.6,14,6,4
C24517,55.3,27,1,0
C24518,51.4,23,3,3
C24519,59.9,16,2,0
C24520,22.1,8,3,2
C24521,46.7,16,3,2
C24522,54.6,19,3,2
C24523,54.2,20,3,3
C24524,29.8,9,3,1
C24525,31.9,11,3,1
C24526,39.4,18,2,2
C24527,38.4,16,4,4
C24528,51.4,18,2,2
C24529,64.5,23,1,0
C24530,43.5,21,2,2
C24531,70.3,25,2,1
C24532,37.0,15,3,1
C24533,50.4,20,3,3
C24534,71.3,23,4,2
C24535,66.1,26,3,3
C24536,31.3,9,4,4
C24537,27.0,12,3,3
C24538,48.0,13,4,2
C24539,71.2,17,2,0
C24540,45.8,23,2,0
C24541,46.4,18,3,1
C24542,44.0,22,2,0
C24543,15.1,5,4,2
C24544,43.1,16,2,1
C24545,39.8,11,3,2
C24546,17.6,4,6,5
C24547,42.5,17,2,0
C24548,24.7,13,3,1
C24549,38.5,14,3,3
C24550,33.1,12,3,1
C24551,19.8,4,4,2
C24552,32.0,7,6,4
C24553,48.1,17,2,1
C24554,37.2,9,2,0
C24555,8.6,4,6,6
C24556,39.3,15,3,1
C24557,58.5,25,3,2
C24558,36.3,16,3,3
C24559,57.3,27,4,2
C24560,48.7,9,3,2
C24561,60.3,28,1,0
C24562,55.7,20,1,1
C24563,10.6,0,5,3
C24564,11.5,6,5,4
C24565,3.5,2,6,6
C24566,8.9,1,6,6
C24567,86.5,32,0,0
C24568,40.1,21,2,2
C24569,33.0,14,4,2
C24570,70.8,31,1,0
C24571,55.5,19,2,2
C24572,63.6,24,2,1
C24573,30.3,11,4,4
C24574,64.6,21,1,0
C24575,55.2,20,1,1
C24576,21.0,8,3,2
C24577,40.4,19,2,0
C24578,19.9,12,4,4
C24579,60.8,20,1,0
C24580,33.8,16,3,3
C24581,50.0,18,2,0
C24582,54.3,15,3,3
C24583,42.7,16,5,3
C24584,47.2,21,2,0
C24585,73.4,29,1,0
C24586,53.7,23,1,1
C24587,72.6,20,1,0
C24588,56.5,30,1,0
C24589,67.2,27,1,0
C24590,26.3,12,5,3
C24591,37.7,13,3,1
C24592,63.0,22,1,1
C24593,30.0,6,4,3
C24594,54.2,17,1,0
C24595,51.7,17,2,0
C24596,23.3,3,4,2
C24597,49.2,17,2,1
C24598,55.1,18,2,2
C24599,14.7,10,4,3
C24600,62.4,22,4,2
C24601,24.8,10,4,4
C24602,41.0,14,2,1
C24603,36.9,10,3,2
C24604,51.4,22,2,0
C24605,43.8,18,3,1
C24606,37.4,13,3,2
C24607,31.1,14,3,2
C24608,27.6,11,4,2
C24609,60.2,27,1,0
C24610,68.8,27,2,1
C24611,81.7,32,0,0
C24612,47.4,17,3,1
C24613,16.4,6,5,5
C24614,40.3,12,3,2
C24615,9.5,8,5,5
C24616,71.2,23,0,0
C24617,31.3,19,3,1
C24618,61.8,28,1,0
C24619,15.0,0,5,4
C24620,-0.0,2,5,4
C24621,32.8,16,2,0
C24622,74.2,28,2,2
C24623,58.9,22,2,0
C24624,22.6,12,3,1
C24625,55.5,23,2,1
C24626,41.6,14,3,2
C24627,42.4,17,2,0
C24628,55.3,22,2,1
C24629,10.0,3,4,3
C24630,23.4,6,5,3
C24631,63.4,21,1,1
C24632,59.8,22,2,0
C24633,58.1,26,3,1
C24634,55.4,18,4,2
C24635,4.9,3,7,5
C24636,48.4,14,2,1
C24637,55.5,22,2,0
C24638,59.8,23,1,0
C24639,83.3,29,1,0
C24640,83.1,31,0,0
C24641,49.3,15,2,1
C24642,30.3,16,3,3
C24643,31.6,8,3,1
C24644,26.7,9,4,3
C24645,36.2,17,4,2
C24646,51.3,16,3,3
C24647,26.2,20,3,2
C24648,18.3,6,6,6
C24649,32.3,13,3,2
C24650,15.3,8,4,4
C24651,57.7,21,3,2
C24652,67.6,28,1,0
C24653,26.5,15,4,3
C24654,37.2,13,3,2
C24655,39.0,12,3,3
C24656,58.8,21,3,2
C24657,18.8,9,4,2
C24658,46.9,18,2,0
C24659,78.4,30,0,0
C24660,56.6,23,2,1
C24661,11.7,6,4,3
C24662,38.1,14,2,2
C24663,34.3,10,4,2
C24664,79.0,19,2,0
C24665,60.1,17,4,2
C24666,32.9,11,3,1
C24667,18.1,9,4,2
C24668,42.2,13,4,3
C24669,41.8,16,3,3
C24670,16.5,0,5,3
C24671,52.5,17,3,3
C24672,56.0,22,2,1
C24673,31.8,11,3,1
C24674,44.5,20,3,2
C24675,25.8,15,3,2
C24676,52.7,15,4,2
C24677,43.1,20,3,1
C24678,28.9,11,4,2
C24679,26.5,10,3,3
C24680,22.9,6,4,3
C24681,66.0,24,2,1
C24682,11.7,11,4,3
C24683,29.4,2,4,4
C24684,21.0,6,6,5
C24685,39.3,12,3,2
C24686,49.5,16,3,1
C24687,1.9,3,5,5
C24688,37.5,12,4,2
C24689,31.4,9,4,3
C24690,51.5,14,4,3
C24691,20.0,5,5,5
C24692,48.5,18,2,2
C24693,70.2,26,2,2
C24694,78.4,31,0,0
C24695,30.5,10,3,2
C24696,73.4,26,0,0
C24697,31.2,13,3,3
C24698,13.4,6,5,4
C24699,15.7,5,4,3
C24700,58.6,17,2,0
C24701,63.8,22,2,1
C24702,52.7,17,4,2
C24703,29.9,13,3,1
C24704,31.8,10,4,2
C24705,36.1,9,3,1
C24706,68.1,32,1,0
C24707,38.4,13,3,2
C24708,61.3,27,2,0
C24709,60.7,16,1,1
C24710,45.2,22,3,2
C24711,52.9,21,1,0
C24712,22.3,14,4,3
C24713,76.8,25,1,0
C24714,66.1,24,3,1
C24715,48.7,21,2,1
C24716,5.4,1,5,5
C24717,52.0,24,2,0
C24718,58.1,24,1,1
C24719,42.6,13,4,2
C24720,72.5,20,1,0
C24721,64.0,21,1,0
C24722,40.0,13,2,2
C24723,52.3,18,2,1
C24724,44.0,14,2,0
C24725,4.3,0,5,4
C24726,66.2,24,2,0
C24727,58.9,24,1,0
C24728,73.6,24,0,0
C24729,42.9,18,2,0
C24730,14.4,5,4,2
C24731,79.9,26,1,0
C24732,25.3,9,4,2
C24733,25.0,8,3,2
C24734,53.5,27,1,0
C24735,67.0,24,1,1
C24736,65.9,24,1,0
C24737,54.2,24,1,0
C24738,9.8,6,5,5
C24739,48.8,14,2,2
C24740,65.6,26,2,2
C24741,43.7,17,3,3
C24742,73.3,22,1,0
C24743,34.7,21,3,1
C24744,19.3,10,4,2
C24745,24.1,8,5,4
C24746,61.0,25,3,3
C24747,31.6,14,3,1
C24748,57.1,16,2,0
C24749,21.2,3,5,4
C24750,12.5,9,4,2
C24751,16.6,12,3,2
C24752,24.6,14,3,3
C24753,55.9,22,3,2
C24754,35.7,11,3,2
C24755,23.9,6,4,2
C24756,30.6,11,3,3
C24757,48.6,15,3,2
C24758,52.2,15,2,1
C24759,28.6,19,3,1
C24760,54.0,18,1,0
C24761,31.4,6,3,2
C24762,17.0,11,3,1
C24763,6.5,4,4,4
C24764,8.6,3,6,6
C24765,38.6,14,5,5
C24766,50.4,13,5,3
C24767,42.4,16,2,1
C24768,73.1,22,2,2
C24769,34.8,12,2,0
C24770,21.1,2,4,4
C24771,59.5,21,1,0
C24772,34.0,9,3,1
C24773,38.5,13,2,1
C24774,28.7,15,4,2
C24775,29.0,6,4,2
C24776,61.6,22,1,0
C24777,9.1,0,4,2
C24778,22.8,6,6,6
C24779,58.4,22,3,2
C24780,58.4,26,2,0
C24781,48.0,15,3,1
C24782,52.6,21,2,1
C24783,56.6,25,1,0
C24784,46.8,17,2,2
C24785,28.5,12,3,3
C24786,44.5,15,2,0
C24787,32.7,9,3,1
C24788,53.7,16,4,4
C24789,37.1,15,2,1
C24790,29.7,5,5,4
C24791,56.3,21,3,3
C24792,33.7,14,3,1
C24793,24.6,12,6,4
C24794,1.1,3,6,4
C24795,33.0,19,3,3
C24796,59.5,21,2,0
C24797,41.0,15,2,0
C24798,47.8,13,3,2
C24799,9.3,4,6,4
C24800,29.0,14,5,3
C24801,10.4,2,5,5
C24802,1.4,7,5,4
C24803,68.4,27,2,0
C24804,46.1,15,4,4
C24805,62.2,22,2,1
C24806,18.3,8,5,4
C24807,60.9,22,4,4
C24808,78.3,25,1,0
C24809,47.6,20,3,1
C24810,45.1,12,5,5
C24811,10.3,6,5,5
C24812,64.5,30,1,1
C24813,15.5,3,5,3
C24814,37.1,19,3,2
C24815,75.2,24,2,1
C24816,39.2,19,2,1
C24817,41.5,14,3,1
C24818,48.2,22,2,0
C24819,55.7,22,2,0
C24820,33.0,13,3,2
C24821,26.7,12,4,3
C24822,30.5,15,4,2
C24823,33.3,12,2,0
C24824,44.8,15,3,1
C24825,62.6,27,1,0
C24826,36.7,18,4,3
C24827,24.6,7,3,3
C24828,26.5,11,4,2
C24829,55.6,18,2,0
C24830,3.0,6,5,5
C24831,64.7,21,1,1
C24832,56.8,21,2,2
C24833,35.9,16,3,1
C24834,57.7,19,1,1
C24835,80.9,31,1,0
C24836,38.3,11,3,2
C24837,53.8,20,3,3
C24838,47.2,19,3,3
C24839,46.0,15,2,1
C24840,63.2,18,1,1
C24841,67.7,25,1,1
C24842,61.6,17,3,1
C24843,27.8,10,4,4
C24844,48.5,20,2,2
C24845,49.1,19,2,2
C24846,55.2,20,2,2
C24847,29.4,4,5,5
C24848,70.7,23,1,1
C24849,56.1,16,2,0
C24850,19.9,8,6,4
C24851,33.9,12,4,2
C24852,48.7,19,3,2
C24853,38.7,12,2,2
C24854,61.7,23,2,0
C24855,44.5,12,3,3
C24856,52.2,16,4,3
C24857,63.4,26,2,1
C24858,25.3,9,3,1
C24859,12.8,5,5,5
C24860,69.3,32,1,1
C24861,67.0,23,2,1
C24862,31.6,11,4,4
C24863,31.3,16,3,3
C24864,25.1,18,3,3
C24865,73.3,26,1,0
C24866,17.9,17,4,2
C24867,12.0,0,5,3
C24868,56.4,22,1,0
C24869,19.1,2,4,3
C24870,68.5,28,2,2
C24871,42.1,21,4,4
C24872,59.6,14,2,1
C24873,46.6,25,2,2
C24874,35.6,12,4,3
C24875,50.0,21,2,0
C24876,46.5,14,2,2
C24877,40.6,15,3,2
C24878,30.4,14,4,4
C24879,26.7,12,4,2
C24880,66.0,23,2,2
C24881,13.4,4,5,3
C24882,46.2,10,3,1
C24883,45.3,20,2,0
C24884,44.8,12,4,3
C24885,9.1,7,5,4
C24886,21.9,12,3,3
C24887,25.0,11,5,5
C24888,54.0,33,1,0
C24889,51.9,18,2,2
C24890,2.3,8,5,3
C24891,26.1,13,3,1
C24892,71.3,26,1,1
C24893,33.7,13,3,2
C24894,55.5,23,2,1
C24895,9.5,3,4,4
C24896,40.6,8,2,2
C24897,35.6,11,3,3
C24898,70.0,29,1,0
C24899,13.3,10,4,4
C24900,21.5,8,4,4
C24901,74.8,22,3,3
C24902,62.1,21,2,2
C24903,43.6,13,2,0
C24904,39.2,11,3,2
C24905,20.0,3,4,3
C24906,21.1,5,5,5
C24907,55.2,23,2,1
C24908,22.3,3,4,2
C24909,17.8,5,5,5
C24910,58.6,16,2,0
C24911,44.0,16,2,2
C24912,33.3,14,4,2
C24913,34.0,15,2,1
C24914,29.8,5,3,1
C24915,54.0,18,2,2
C24916,11.8,0,4,2
C24917,56.7,23,3,1
C24918,26.5,8,5,4
C24919,28.8,13,3,2
C24920,40.3,14,2,1
C24921,10.4,6,4,3
C24922,18.5,6,4,3
C24923,53.3,23,3,3
C24924,63.1,24,2,2
C24925,31.7,11,4,2
C24926,19.1,5,6,5
C24927,3.4,3,5,5
C24928,60.7,19,1,1
C24929,59.7,20,2,0
C24930,40.4,14,3,1
C24931,26.8,5,4,3
C24932,78.0,28,1,1
C24933,35.2,7,3,1
C24934,10.9,2,4,2
C24935,43.8,10,3,1
C24936,70.5,28,1,1
C24937,75.7,27,1,0
C24938,63.2,24,1,0
C24939,15.2,5,6,4
C24940,68.0,33,0,0
C24941,26.0,13,3,2
C24942,46.9,16,2,1
C24943,18.1,11,4,3
C24944,43.9,15,2,2
C24945,64.6,24,1,0
C24946,23.3,9,3,2
C24947,56.9,19,2,2
C24948,54.1,17,2,2
C24949,0.0,0,5,5
C24950,29.5,14,4,2
C24951,31.4,8,3,1
C24952,37.3,15,3,2
C24953,31.4,16,4,4
C24954,29.8,10,4,3
C24955,59.7,26,1,0
C24956,46.0,17,2,2
C24957,47.0,12,3,1
C24958,50.1,18,3,3
C24959,49.3,19,4,4
C24960,31.0,11,4,3
C24961,22.1,12,5,3
C24962,74.6,31,1,1
C24963,57.2,19,2,0
C24964,24.9,12,3,3
C24965,20.9,7,4,3
C24966,34.3,14,5,4
C24967,55.8,15,3,2
C24968,10.6,10,6,5
C24969,10.2,4,6,4
C24970,50.7,14,2,0
C24971,42.3,15,2,1
C24972,49.6,18,3,1
C24973,46.0,14,3,1
C24974,20.0,7,5,5
C24975,25.1,15,4,3
C24976,27.1,14,4,2
C24977,4.2,2,5,3
C24978,15.1,4,4,3
C24979,44.1,15,2,1
C24980,27.9,11,5,4
C24981,23.5,5,4,4
C24982,62.1,23,2,1
C24983,24.9,11,3,2
C24984,41.8,15,2,1
C24985,54.3,16,2,2
C24986,9.9,0,4,3
C24987,31.7,17,3,2
C24988,42.0,12,4,3
C24989,15.3,8,5,4
C24990,21.8,7,4,4
C24991,49.8,26,1,0
C24992,59.4,22,2,1
C24993,35.2,12,4,4
C24994,22.5,14,3,2
C24995,46.1,21,2,1
C24996,30.4,15,5,4
C24997,24.9,11,4,4
C24998,27.1,13,3,2
C24999,28.7,10,3,3
C25000,26.7,8,4,4
